"tier","scenario_family","scenario_name","layer","world","condition","task","model","feature","n_jobs_selected"
"tier1_main","single_condition","single_condition","P0_derivative_amplitude_deciles","RAW_DECILES","ds004504__EC","AD_vs_FTD","kTSP_k9_disjoint","C3_alpha_D20",2
"tier1_main","single_condition","single_condition","P0_derivative_amplitude_deciles","RAW_DECILES","ds004504__EC","AD_vs_CN","kTSP_k9_disjoint","C3_alpha_D90",1
"tier1_main","single_condition","single_condition","P1_psd_bandpower_from_derivatives","PSD_ABSOLUTE_CHANNEL_BAND","ds004504__EC","AD_vs_FTD","kTSP_CV_disjoint","C3_alpha_psd_abs",3
"tier1_main","single_condition","single_condition","P0_derivative_amplitude_deciles","DERIVED_DECILES_ALL","ds006036__EO_or_photomark","AD_vs_FTD","kTSP_k9_disjoint","C3_alpha_shape_asymmetry",14
"tier1_main","single_condition","single_condition","P0_derivative_amplitude_deciles","DERIVED_DECILES_ALL","ds006036__EO_or_photomark","AD_vs_FTD","kTSP_k9_disjoint","C3_alpha_spread_80_20",2
"tier4_pooled","pooled_condition","POOLED_EC_EO_subject_grouped","P0_derivative_amplitude_deciles","DERIVED_DECILES_ALL","POOLED_EC_EO_subject_grouped","AD_vs_FTD","kTSP_k9_disjoint","C3_alpha_spread_80_20",2
"tier1_main","single_condition","single_condition","P0_derivative_amplitude_deciles","DERIVED_DECILES_ALL","ds004504__EC","AD_vs_FTD","kTSP_CV_nondisjoint","C3_alpha_spread_90_10",2
"tier1_main","single_condition","single_condition","P0_derivative_amplitude_deciles","DERIVED_DECILES_ALL","ds004504__EC","AD_FTD_vs_CN","kTSP_k9_disjoint","C3_alpha_spread_90_10",1
"tier1_main","single_condition","single_condition","P0_derivative_amplitude_deciles","DERIVED_DECILES_ALL","ds004504__EC","AD_vs_CN","kTSP_k9_disjoint","C3_alpha_spread_90_10",4
"tier1_main","single_condition","single_condition","P0_derivative_amplitude_deciles","DERIVED_DECILES_ALL","ds006036__EO_or_photomark","AD_vs_CN","kTSP_k9_disjoint","C3_alpha_spread_90_10",1
"tier4_pooled","pooled_condition","POOLED_EC_EO_subject_grouped","P0_derivative_amplitude_deciles","DERIVED_DECILES_ALL","POOLED_EC_EO_subject_grouped","AD_vs_CN","kTSP_k9_disjoint","C3_alpha_spread_90_10",2
"tier1_main","single_condition","single_condition","P0_derivative_amplitude_deciles","DERIVED_DECILES_ALL","ds004504__EC","AD_vs_FTD","kTSP_CV_nondisjoint","C3_beta_center",1
"tier1_main","single_condition","single_condition","P0_derivative_amplitude_deciles","RAW_DECILES","ds004504__EC","AD_vs_FTD","kTSP_k9_disjoint","C3_beta_D10",3
"tier1_main","single_condition","single_condition","P0_derivative_amplitude_deciles","RAW_DECILES","ds004504__EC","CN_vs_FTD","kTSP_k9_disjoint","C3_beta_D60",1
"tier4_pooled","pooled_condition","POOLED_EC_EO_subject_grouped","P0_derivative_amplitude_deciles","DERIVED_DECILES_ALL","POOLED_EC_EO_subject_grouped","AD_vs_FTD","kTSP_k9_disjoint","C3_beta_lower_tail",1
"tier1_main","single_condition","single_condition","P1_psd_bandpower_from_derivatives","PSD_ABSOLUTE_CHANNEL_BAND","ds006036__EO_or_photomark","AD_vs_FTD","kTSP_k9_disjoint","C3_beta_psd_abs",6
"tier1_main","single_condition","single_condition","P0_derivative_amplitude_deciles","DERIVED_DECILES_ALL","ds004504__EC","AD_vs_FTD","kTSP_CV_nondisjoint","C3_beta_shape_asymmetry",4
"tier1_main","single_condition","single_condition","P0_derivative_amplitude_deciles","DERIVED_DECILES_ALL","ds006036__EO_or_photomark","AD_vs_FTD","kTSP_k9_disjoint","C3_beta_shape_asymmetry",25
"tier2_cross_condition","cross_condition_transfer","EO_photo_train__EC_test","P0_derivative_amplitude_deciles","DERIVED_DECILES_ALL","EO_photo_train__EC_test","AD_vs_FTD","kTSP_k9_disjoint","C3_beta_shape_asymmetry",1
"tier1_main","single_condition","single_condition","P0_derivative_amplitude_deciles","DERIVED_DECILES_ALL","ds006036__EO_or_photomark","CN_vs_FTD","kTSP_k9_disjoint","C3_beta_shape_asymmetry",6
"tier1_main","single_condition","single_condition","P0_derivative_amplitude_deciles","DERIVED_DECILES_ALL","ds006036__EO_or_photomark","AD_vs_FTD","kTSP_k9_disjoint","C3_beta_upper_tail",1
"tier4_pooled","pooled_condition","POOLED_EC_EO_subject_grouped","P0_derivative_amplitude_deciles","DERIVED_DECILES_ALL","POOLED_EC_EO_subject_grouped","AD_vs_FTD","kTSP_k9_disjoint","C3_beta_upper_tail",1
"tier1_main","single_condition","single_condition","P0_derivative_amplitude_deciles","DERIVED_DECILES_ALL","ds004504__EC","AD_vs_FTD","kTSP_CV_nondisjoint","C3_delta_center",2
"tier1_main","single_condition","single_condition","P0_derivative_amplitude_deciles","DERIVED_DECILES_ALL","ds006036__EO_or_photomark","AD_vs_FTD","kTSP_k9_disjoint","C3_delta_center",1
"tier1_main","single_condition","single_condition","P0_derivative_amplitude_deciles","RAW_DECILES","ds006036__EO_or_photomark","AD_vs_FTD","kTSP_k9_nondisjoint","C3_delta_D50",1
"tier1_main","single_condition","single_condition","P0_derivative_amplitude_deciles","DERIVED_DECILES_ALL","ds004504__EC","AD_vs_FTD","kTSP_CV_nondisjoint","C3_delta_lower_tail",2
"tier1_main","single_condition","single_condition","P1_psd_bandpower_from_derivatives","PSD_ABSOLUTE_CHANNEL_BAND","ds006036__EO_or_photomark","AD_vs_FTD","kTSP_k9_disjoint","C3_delta_psd_abs",1
"tier1_main","single_condition","single_condition","P0_derivative_amplitude_deciles","DERIVED_DECILES_ALL","ds004504__EC","AD_vs_FTD","kTSP_CV_nondisjoint","C3_delta_spread_90_10",1
"tier1_main","single_condition","single_condition","P0_derivative_amplitude_deciles","RAW_DECILES","ds006036__EO_or_photomark","CN_vs_FTD","kTSP_k5_disjoint","C3_gamma_D10",24
"tier1_main","single_condition","single_condition","P0_derivative_amplitude_deciles","RAW_DECILES","ds006036__EO_or_photomark","AD_FTD_vs_CN","kTSP_k9_disjoint","C3_gamma_D10",4
"tier1_main","single_condition","single_condition","P0_derivative_amplitude_deciles","RAW_DECILES","ds004504__EC","CN_vs_FTD","kTSP_k9_disjoint","C3_gamma_D10",2
"tier1_main","single_condition","single_condition","P0_derivative_amplitude_deciles","RAW_DECILES","ds006036__EO_or_photomark","CN_vs_FTD","kTSP_k5_disjoint","C3_gamma_D30",17
"tier1_main","single_condition","single_condition","P0_derivative_amplitude_deciles","RAW_DECILES","ds006036__EO_or_photomark","AD_FTD_vs_CN","kTSP_k9_disjoint","C3_gamma_D30",4
"tier1_main","single_condition","single_condition","P0_derivative_amplitude_deciles","RAW_DECILES","ds006036__EO_or_photomark","CN_vs_FTD","kTSP_k5_disjoint","C3_gamma_D70",1
"tier1_main","single_condition","single_condition","P0_derivative_amplitude_deciles","RAW_DECILES","ds004504__EC","CN_vs_FTD","kTSP_k9_disjoint","C3_gamma_D70",2
"tier1_main","single_condition","single_condition","P0_derivative_amplitude_deciles","RAW_DECILES","ds006036__EO_or_photomark","CN_vs_FTD","kTSP_k5_disjoint","C3_gamma_D90",13
"tier1_main","single_condition","single_condition","P0_derivative_amplitude_deciles","RAW_DECILES","ds006036__EO_or_photomark","AD_FTD_vs_CN","kTSP_k9_disjoint","C3_gamma_D90",1
"tier1_main","single_condition","single_condition","P0_derivative_amplitude_deciles","RAW_DECILES","ds004504__EC","CN_vs_FTD","kTSP_k9_disjoint","C3_gamma_D90",6
"tier1_main","single_condition","single_condition","P0_derivative_amplitude_deciles","RAW_DECILES","ds006036__EO_or_photomark","AD_vs_FTD","kTSP_k9_nondisjoint","C3_gamma_D90",1
"tier1_main","single_condition","single_condition","P0_derivative_amplitude_deciles","DERIVED_DECILES_ALL","ds006036__EO_or_photomark","AD_vs_FTD","kTSP_k9_disjoint","C3_gamma_lower_tail",1
"tier1_main","single_condition","single_condition","P1_psd_bandpower_from_derivatives","PSD_ABSOLUTE_CHANNEL_BAND","ds004504__EC","AD_vs_FTD","kTSP_CV_disjoint","C3_gamma_psd_abs",2
"tier1_main","single_condition","single_condition","P1_psd_bandpower_from_derivatives","PSD_ABSOLUTE_CHANNEL_BAND","ds006036__EO_or_photomark","AD_FTD_vs_CN","kTSP_k9_disjoint","C3_gamma_psd_abs",1
"tier1_main","single_condition","single_condition","P1_psd_bandpower_from_derivatives","PSD_ABSOLUTE_CHANNEL_BAND","ds006036__EO_or_photomark","AD_vs_FTD","kTSP_k9_disjoint","C3_gamma_psd_abs",1
"tier1_main","single_condition","single_condition","P1_psd_bandpower_from_derivatives","PSD_ABSOLUTE_CHANNEL_BAND","ds004504__EC","CN_vs_FTD","kTSP_k9_disjoint","C3_gamma_psd_abs",8
"tier1_main","single_condition","single_condition","P0_derivative_amplitude_deciles","DERIVED_DECILES_ALL","ds006036__EO_or_photomark","AD_FTD_vs_CN","kTSP_k9_disjoint","C3_gamma_spread_90_10",1
"tier1_main","single_condition","single_condition","P0_derivative_amplitude_deciles","DERIVED_DECILES_ALL","ds006036__EO_or_photomark","AD_vs_FTD","kTSP_k9_disjoint","C3_gamma_spread_90_10",1
"tier1_main","single_condition","single_condition","P0_derivative_amplitude_deciles","DERIVED_DECILES_ALL","ds006036__EO_or_photomark","CN_vs_FTD","kTSP_k9_disjoint","C3_gamma_spread_90_10",23
"tier4_pooled","pooled_condition","POOLED_EC_EO_subject_grouped","P0_derivative_amplitude_deciles","DERIVED_DECILES_ALL","POOLED_EC_EO_subject_grouped","CN_vs_FTD","kTSP_k9_disjoint","C3_gamma_spread_90_10",3
"tier1_main","single_condition","single_condition","P0_derivative_amplitude_deciles","DERIVED_DECILES_ALL","ds006036__EO_or_photomark","AD_vs_FTD","kTSP_k9_disjoint","C3_theta_center",4
"tier4_pooled","pooled_condition","POOLED_EC_EO_subject_grouped","P0_derivative_amplitude_deciles","DERIVED_DECILES_ALL","POOLED_EC_EO_subject_grouped","AD_vs_FTD","kTSP_k9_disjoint","C3_theta_center",2
"tier1_main","single_condition","single_condition","P0_derivative_amplitude_deciles","DERIVED_DECILES_ALL","ds006036__EO_or_photomark","CN_vs_FTD","kTSP_k9_disjoint","C3_theta_center",5
"tier1_main","single_condition","single_condition","P0_derivative_amplitude_deciles","RAW_DECILES","ds006036__EO_or_photomark","AD_FTD_vs_CN","kTSP_k9_disjoint","C3_theta_D10",12
"tier1_main","single_condition","single_condition","P0_derivative_amplitude_deciles","RAW_DECILES","ds004504__EC","AD_vs_CN","kTSP_k9_disjoint","C3_theta_D10",1
"tier1_main","single_condition","single_condition","P0_derivative_amplitude_deciles","RAW_DECILES","ds006036__EO_or_photomark","AD_vs_CN","kTSP_k9_disjoint","C3_theta_D10",6
"tier1_main","single_condition","single_condition","P0_derivative_amplitude_deciles","RAW_DECILES","ds006036__EO_or_photomark","AD_vs_FTD","kTSP_k9_nondisjoint","C3_theta_D30",5
"tier1_main","single_condition","single_condition","P0_derivative_amplitude_deciles","RAW_DECILES","ds006036__EO_or_photomark","CN_vs_FTD","kTSP_k5_disjoint","C3_theta_D90",1
"tier1_main","single_condition","single_condition","P0_derivative_amplitude_deciles","RAW_DECILES","ds006036__EO_or_photomark","AD_FTD_vs_CN","kTSP_k9_disjoint","C3_theta_D90",8
"tier1_main","single_condition","single_condition","P0_derivative_amplitude_deciles","RAW_DECILES","ds006036__EO_or_photomark","AD_vs_CN","kTSP_k9_disjoint","C3_theta_D90",7
"tier1_main","single_condition","single_condition","P0_derivative_amplitude_deciles","DERIVED_DECILES_ALL","ds006036__EO_or_photomark","AD_FTD_vs_CN","kTSP_k9_disjoint","C3_theta_lower_tail",3
"tier1_main","single_condition","single_condition","P0_derivative_amplitude_deciles","DERIVED_DECILES_ALL","ds006036__EO_or_photomark","CN_vs_FTD","kTSP_k9_disjoint","C3_theta_lower_tail",2
"tier1_main","single_condition","single_condition","P1_psd_bandpower_from_derivatives","PSD_ABSOLUTE_CHANNEL_BAND","ds006036__EO_or_photomark","AD_vs_CN","kTSP_k9_disjoint","C3_theta_psd_abs",1
"tier1_main","single_condition","single_condition","P0_derivative_amplitude_deciles","DERIVED_DECILES_ALL","ds006036__EO_or_photomark","AD_vs_CN","kTSP_k9_disjoint","C3_theta_spread_80_20",1
"tier1_main","single_condition","single_condition","P0_derivative_amplitude_deciles","DERIVED_DECILES_ALL","ds006036__EO_or_photomark","AD_FTD_vs_CN","kTSP_k9_disjoint","C3_theta_spread_90_10",1
"tier4_pooled","pooled_condition","POOLED_EC_EO_subject_grouped","P0_derivative_amplitude_deciles","DERIVED_DECILES_ALL","POOLED_EC_EO_subject_grouped","AD_FTD_vs_CN","kTSP_k9_disjoint","C3_theta_spread_90_10",1
"tier1_main","single_condition","single_condition","P0_derivative_amplitude_deciles","DERIVED_DECILES_ALL","ds006036__EO_or_photomark","AD_vs_CN","kTSP_k9_disjoint","C3_theta_spread_90_10",2
"tier1_main","single_condition","single_condition","P0_derivative_amplitude_deciles","DERIVED_DECILES_ALL","ds006036__EO_or_photomark","AD_FTD_vs_CN","kTSP_k9_disjoint","C3_theta_upper_tail",1
"tier1_main","single_condition","single_condition","P0_derivative_amplitude_deciles","DERIVED_DECILES_ALL","ds006036__EO_or_photomark","AD_vs_CN","kTSP_k9_disjoint","C3_theta_upper_tail",1
"tier1_main","single_condition","single_condition","P0_derivative_amplitude_deciles","DERIVED_DECILES_ALL","ds004504__EC","AD_vs_FTD","kTSP_CV_nondisjoint","C4_alpha_center",5
"tier1_main","single_condition","single_condition","P0_derivative_amplitude_deciles","DERIVED_DECILES_ALL","ds004504__EC","CN_vs_FTD","kTSP_k9_disjoint","C4_alpha_center",15
"tier1_main","single_condition","single_condition","P0_derivative_amplitude_deciles","RAW_DECILES","ds006036__EO_or_photomark","CN_vs_FTD","kTSP_k5_disjoint","C4_alpha_D20",3
"tier1_main","single_condition","single_condition","P0_derivative_amplitude_deciles","RAW_DECILES","ds004504__EC","AD_vs_FTD","kTSP_k9_disjoint","C4_alpha_D20",2
"tier1_main","single_condition","single_condition","P0_derivative_amplitude_deciles","RAW_DECILES","ds006036__EO_or_photomark","AD_vs_FTD","kTSP_k9_nondisjoint","C4_alpha_D20",2
"tier1_main","single_condition","single_condition","P0_derivative_amplitude_deciles","RAW_DECILES","ds004504__EC","CN_vs_FTD","kTSP_k9_disjoint","C4_alpha_D50",1
"tier1_main","single_condition","single_condition","P0_derivative_amplitude_deciles","RAW_DECILES","ds004504__EC","AD_vs_FTD","kTSP_k9_disjoint","C4_alpha_D80",3
"tier1_main","single_condition","single_condition","P1_psd_bandpower_from_derivatives","PSD_ABSOLUTE_CHANNEL_BAND","ds006036__EO_or_photomark","AD_vs_FTD","kTSP_k9_disjoint","C4_alpha_psd_abs",3
"tier1_main","single_condition","single_condition","P0_derivative_amplitude_deciles","DERIVED_DECILES_ALL","ds004504__EC","AD_vs_FTD","kTSP_CV_nondisjoint","C4_alpha_shape_asymmetry",36
"tier1_main","single_condition","single_condition","P0_derivative_amplitude_deciles","DERIVED_DECILES_ALL","ds006036__EO_or_photomark","AD_vs_FTD","kTSP_k9_disjoint","C4_alpha_shape_asymmetry",2
"tier4_pooled","pooled_condition","POOLED_EC_EO_subject_grouped","P0_derivative_amplitude_deciles","DERIVED_DECILES_ALL","POOLED_EC_EO_subject_grouped","AD_vs_FTD","kTSP_k9_disjoint","C4_alpha_shape_asymmetry",1
"tier1_main","single_condition","single_condition","P0_derivative_amplitude_deciles","DERIVED_DECILES_ALL","ds004504__EC","CN_vs_FTD","kTSP_k9_disjoint","C4_alpha_shape_asymmetry",1
"tier1_main","single_condition","single_condition","P0_derivative_amplitude_deciles","DERIVED_DECILES_ALL","ds006036__EO_or_photomark","CN_vs_FTD","kTSP_k9_disjoint","C4_alpha_shape_asymmetry",8
"tier1_main","single_condition","single_condition","P0_derivative_amplitude_deciles","DERIVED_DECILES_ALL","ds004504__EC","AD_vs_CN","kTSP_k9_disjoint","C4_alpha_spread_80_20",1
"tier1_main","single_condition","single_condition","P0_derivative_amplitude_deciles","DERIVED_DECILES_ALL","ds006036__EO_or_photomark","AD_vs_FTD","kTSP_k9_disjoint","C4_alpha_spread_80_20",10
"tier4_pooled","pooled_condition","POOLED_EC_EO_subject_grouped","P0_derivative_amplitude_deciles","DERIVED_DECILES_ALL","POOLED_EC_EO_subject_grouped","AD_vs_FTD","kTSP_k9_disjoint","C4_alpha_spread_80_20",9
"tier1_main","single_condition","single_condition","P0_derivative_amplitude_deciles","DERIVED_DECILES_ALL","ds006036__EO_or_photomark","AD_FTD_vs_CN","kTSP_k9_disjoint","C4_alpha_spread_90_10",1
"tier1_main","single_condition","single_condition","P0_derivative_amplitude_deciles","DERIVED_DECILES_ALL","ds004504__EC","AD_vs_CN","kTSP_k9_disjoint","C4_alpha_spread_90_10",2
"tier1_main","single_condition","single_condition","P0_derivative_amplitude_deciles","DERIVED_DECILES_ALL","ds006036__EO_or_photomark","CN_vs_FTD","kTSP_k9_disjoint","C4_alpha_spread_90_10",1
"tier1_main","single_condition","single_condition","P0_derivative_amplitude_deciles","DERIVED_DECILES_ALL","ds006036__EO_or_photomark","AD_vs_FTD","kTSP_k9_disjoint","C4_alpha_upper_tail",1
"tier1_main","single_condition","single_condition","P0_derivative_amplitude_deciles","DERIVED_DECILES_ALL","ds006036__EO_or_photomark","AD_vs_FTD","kTSP_k9_disjoint","C4_beta_center",3
"tier1_main","single_condition","single_condition","P0_derivative_amplitude_deciles","DERIVED_DECILES_ALL","ds006036__EO_or_photomark","AD_FTD_vs_CN","kTSP_k9_disjoint","C4_beta_lower_tail",1
"tier1_main","single_condition","single_condition","P0_derivative_amplitude_deciles","DERIVED_DECILES_ALL","ds006036__EO_or_photomark","AD_vs_FTD","kTSP_k9_disjoint","C4_beta_lower_tail",2
"tier1_main","single_condition","single_condition","P0_derivative_amplitude_deciles","DERIVED_DECILES_ALL","ds006036__EO_or_photomark","CN_vs_FTD","kTSP_k9_disjoint","C4_beta_lower_tail",19
"tier4_pooled","pooled_condition","POOLED_EC_EO_subject_grouped","P0_derivative_amplitude_deciles","DERIVED_DECILES_ALL","POOLED_EC_EO_subject_grouped","CN_vs_FTD","kTSP_k9_disjoint","C4_beta_lower_tail",3
"tier1_main","single_condition","single_condition","P1_psd_bandpower_from_derivatives","PSD_ABSOLUTE_CHANNEL_BAND","ds006036__EO_or_photomark","AD_vs_FTD","kTSP_k9_disjoint","C4_beta_psd_abs",1
"tier1_main","single_condition","single_condition","P0_derivative_amplitude_deciles","DERIVED_DECILES_ALL","ds004504__EC","AD_vs_FTD","kTSP_CV_nondisjoint","C4_beta_shape_asymmetry",2
"tier1_main","single_condition","single_condition","P0_derivative_amplitude_deciles","DERIVED_DECILES_ALL","ds006036__EO_or_photomark","AD_vs_FTD","kTSP_k9_disjoint","C4_beta_upper_tail",9
"tier4_pooled","pooled_condition","POOLED_EC_EO_subject_grouped","P0_derivative_amplitude_deciles","DERIVED_DECILES_ALL","POOLED_EC_EO_subject_grouped","AD_vs_FTD","kTSP_k9_disjoint","C4_beta_upper_tail",1
"tier1_main","single_condition","single_condition","P0_derivative_amplitude_deciles","DERIVED_DECILES_ALL","ds006036__EO_or_photomark","CN_vs_FTD","kTSP_k9_disjoint","C4_beta_upper_tail",2
"tier1_main","single_condition","single_condition","P0_derivative_amplitude_deciles","RAW_DECILES","ds004504__EC","AD_vs_FTD","kTSP_k9_disjoint","C4_delta_D90",1
"tier1_main","single_condition","single_condition","P1_psd_bandpower_from_derivatives","PSD_ABSOLUTE_CHANNEL_BAND","ds004504__EC","AD_vs_FTD","kTSP_CV_disjoint","C4_delta_psd_abs",8
"tier1_main","single_condition","single_condition","P1_psd_bandpower_from_derivatives","PSD_ABSOLUTE_CHANNEL_BAND","ds006036__EO_or_photomark","AD_vs_FTD","kTSP_k9_disjoint","C4_delta_psd_abs",11
"tier1_main","single_condition","single_condition","P0_derivative_amplitude_deciles","DERIVED_DECILES_ALL","ds004504__EC","AD_vs_FTD","kTSP_CV_nondisjoint","C4_delta_shape_asymmetry",1
"tier1_main","single_condition","single_condition","P0_derivative_amplitude_deciles","DERIVED_DECILES_ALL","ds004504__EC","AD_vs_FTD","kTSP_CV_nondisjoint","C4_delta_spread_90_10",1
"tier1_main","single_condition","single_condition","P0_derivative_amplitude_deciles","RAW_DECILES","ds004504__EC","CN_vs_FTD","kTSP_k9_disjoint","C4_gamma_D10",7
"tier1_main","single_condition","single_condition","P0_derivative_amplitude_deciles","RAW_DECILES","ds004504__EC","CN_vs_FTD","kTSP_k9_disjoint","C4_gamma_D70",2
"tier1_main","single_condition","single_condition","P0_derivative_amplitude_deciles","RAW_DECILES","ds004504__EC","CN_vs_FTD","kTSP_k9_disjoint","C4_gamma_D80",1
"tier1_main","single_condition","single_condition","P0_derivative_amplitude_deciles","RAW_DECILES","ds004504__EC","AD_vs_FTD","kTSP_k9_disjoint","C4_gamma_D90",1
"tier1_main","single_condition","single_condition","P0_derivative_amplitude_deciles","RAW_DECILES","ds004504__EC","CN_vs_FTD","kTSP_k9_disjoint","C4_gamma_D90",7
"tier1_main","single_condition","single_condition","P1_psd_bandpower_from_derivatives","PSD_ABSOLUTE_CHANNEL_BAND","ds004504__EC","AD_vs_FTD","kTSP_CV_disjoint","C4_gamma_psd_abs",10
"tier1_main","single_condition","single_condition","P1_psd_bandpower_from_derivatives","PSD_ABSOLUTE_CHANNEL_BAND","ds004504__EC","CN_vs_FTD","kTSP_k9_disjoint","C4_gamma_psd_abs",1
"tier1_main","single_condition","single_condition","P0_derivative_amplitude_deciles","DERIVED_DECILES_ALL","ds006036__EO_or_photomark","CN_vs_FTD","kTSP_k9_disjoint","C4_gamma_spread_80_20",1
"tier1_main","single_condition","single_condition","P0_derivative_amplitude_deciles","DERIVED_DECILES_ALL","ds006036__EO_or_photomark","AD_vs_FTD","kTSP_k9_disjoint","C4_theta_center",1
"tier1_main","single_condition","single_condition","P0_derivative_amplitude_deciles","RAW_DECILES","ds006036__EO_or_photomark","CN_vs_FTD","kTSP_k5_disjoint","C4_theta_D10",1
"tier1_main","single_condition","single_condition","P0_derivative_amplitude_deciles","RAW_DECILES","ds004504__EC","AD_vs_FTD","kTSP_k9_disjoint","C4_theta_D30",2
"tier1_main","single_condition","single_condition","P0_derivative_amplitude_deciles","RAW_DECILES","ds006036__EO_or_photomark","AD_vs_CN","kTSP_k9_disjoint","C4_theta_D80",1
"tier1_main","single_condition","single_condition","P0_derivative_amplitude_deciles","RAW_DECILES","ds006036__EO_or_photomark","AD_FTD_vs_CN","kTSP_k9_disjoint","C4_theta_D90",1
"tier1_main","single_condition","single_condition","P0_derivative_amplitude_deciles","RAW_DECILES","ds004504__EC","AD_vs_CN","kTSP_k9_disjoint","C4_theta_D90",1
"tier1_main","single_condition","single_condition","P0_derivative_amplitude_deciles","DERIVED_DECILES_ALL","ds006036__EO_or_photomark","CN_vs_FTD","kTSP_k9_disjoint","C4_theta_lower_tail",1
"tier1_main","single_condition","single_condition","P1_psd_bandpower_from_derivatives","PSD_ABSOLUTE_CHANNEL_BAND","ds004504__EC","AD_vs_CN","kTSP_k9_disjoint","C4_theta_psd_abs",1
"tier1_main","single_condition","single_condition","P0_derivative_amplitude_deciles","DERIVED_DECILES_ALL","ds006036__EO_or_photomark","AD_FTD_vs_CN","kTSP_k9_disjoint","C4_theta_spread_80_20",1
"tier1_main","single_condition","single_condition","P0_derivative_amplitude_deciles","DERIVED_DECILES_ALL","ds006036__EO_or_photomark","AD_vs_CN","kTSP_k9_disjoint","C4_theta_spread_80_20",1
"tier1_main","single_condition","single_condition","P0_derivative_amplitude_deciles","DERIVED_DECILES_ALL","ds006036__EO_or_photomark","AD_FTD_vs_CN","kTSP_k9_disjoint","C4_theta_upper_tail",1
"tier1_main","single_condition","single_condition","P0_derivative_amplitude_deciles","DERIVED_DECILES_ALL","ds006036__EO_or_photomark","AD_vs_FTD","kTSP_k9_disjoint","C4_theta_upper_tail",1
"tier4_pooled","pooled_condition","POOLED_EC_EO_subject_grouped","P0_derivative_amplitude_deciles","REGION_AGGREGATES_ALL","POOLED_EC_EO_subject_grouped","AD_vs_FTD","kTSP_k5_nondisjoint","central_alpha_center",1
"tier1_main","single_condition","single_condition","P0_derivative_amplitude_deciles","REGION_AGGREGATES_ALL","ds004504__EC","AD_vs_FTD","kTSP_k9_disjoint","central_alpha_center",3
"tier1_main","single_condition","single_condition","P0_derivative_amplitude_deciles","REGION_AGGREGATES_ALL","ds004504__EC","AD_FTD_vs_CN","kTSP_k9_disjoint","central_alpha_D10",1
"tier1_main","single_condition","single_condition","P0_derivative_amplitude_deciles","REGION_AGGREGATES_ALL","ds006036__EO_or_photomark","AD_vs_FTD","kTSP_k9_disjoint","central_alpha_D40",7
"tier4_pooled","pooled_condition","POOLED_EC_EO_subject_grouped","P0_derivative_amplitude_deciles","REGION_AGGREGATES_ALL","POOLED_EC_EO_subject_grouped","AD_vs_FTD","kTSP_k5_nondisjoint","central_alpha_D50",1
"tier1_main","single_condition","single_condition","P0_derivative_amplitude_deciles","REGION_AGGREGATES_ALL","ds004504__EC","AD_vs_FTD","kTSP_k9_disjoint","central_alpha_D50",5
"tier1_main","single_condition","single_condition","P0_derivative_amplitude_deciles","REGION_AGGREGATES_ALL","ds006036__EO_or_photomark","AD_vs_FTD","kTSP_k9_disjoint","central_alpha_D60",14
"tier2_cross_condition","cross_condition_transfer","EC_train__EO_photo_test","P1_psd_bandpower_from_derivatives","PSD_REGION_ABSOLUTE","EC_train__EO_photo_test","AD_vs_FTD","kTSP_CV_nondisjoint","central_alpha_psd_abs",1
"tier1_main","single_condition","single_condition","P1_psd_bandpower_from_derivatives","PSD_REGION_ABSOLUTE","ds004504__EC","AD_vs_FTD","kTSP_k9_disjoint","central_alpha_psd_abs",81
"tier4_pooled","pooled_condition","POOLED_EC_EO_subject_grouped","P1_psd_bandpower_from_derivatives","PSD_REGION_ABSOLUTE","POOLED_EC_EO_subject_grouped","AD_vs_FTD","kTSP_k9_nondisjoint","central_alpha_psd_abs",37
"tier4_pooled","pooled_condition","POOLED_EC_EO_subject_grouped","P0_derivative_amplitude_deciles","REGION_AGGREGATES_ALL","POOLED_EC_EO_subject_grouped","AD_vs_FTD","kTSP_k5_nondisjoint","central_alpha_shape_asymmetry",3
"tier1_main","single_condition","single_condition","P0_derivative_amplitude_deciles","REGION_AGGREGATES_ALL","ds004504__EC","AD_vs_FTD","kTSP_k9_disjoint","central_alpha_shape_asymmetry",7
"tier1_main","single_condition","single_condition","P0_derivative_amplitude_deciles","REGION_AGGREGATES_ALL","ds006036__EO_or_photomark","AD_vs_FTD","kTSP_k9_disjoint","central_alpha_shape_asymmetry",1
"tier1_main","single_condition","single_condition","P0_derivative_amplitude_deciles","REGION_AGGREGATES_ALL","ds004504__EC","AD_vs_FTD","kTSP_k9_disjoint","central_alpha_spread_80_20",2
"tier1_main","single_condition","single_condition","P0_derivative_amplitude_deciles","REGION_AGGREGATES_ALL","ds006036__EO_or_photomark","AD_vs_CN","kTSP_k9_disjoint","central_alpha_spread_90_10",11
"tier4_pooled","pooled_condition","POOLED_EC_EO_subject_grouped","P0_derivative_amplitude_deciles","REGION_AGGREGATES_ALL","POOLED_EC_EO_subject_grouped","AD_vs_CN","kTSP_k9_disjoint","central_alpha_spread_90_10",2
"tier1_main","single_condition","single_condition","P0_derivative_amplitude_deciles","REGION_AGGREGATES_ALL","ds004504__EC","AD_vs_FTD","kTSP_k9_disjoint","central_alpha_spread_90_10",10
"tier1_main","single_condition","single_condition","P0_derivative_amplitude_deciles","REGION_AGGREGATES_ALL","ds006036__EO_or_photomark","AD_vs_FTD","kTSP_k9_disjoint","central_alpha_spread_90_10",1
"tier1_main","single_condition","single_condition","P0_derivative_amplitude_deciles","REGION_AGGREGATES_ALL","ds006036__EO_or_photomark","AD_vs_FTD","kTSP_k9_disjoint","central_alpha_upper_tail",2
"tier1_main","single_condition","single_condition","P0_derivative_amplitude_deciles","REGION_AGGREGATES_ALL","ds004504__EC","AD_vs_FTD","kTSP_k9_disjoint","central_beta_D10",2
"tier1_main","single_condition","single_condition","P0_derivative_amplitude_deciles","REGION_AGGREGATES_ALL","ds004504__EC","AD_vs_CN","kTSP_k5_nondisjoint","central_beta_D20",1
"tier1_main","single_condition","single_condition","P0_derivative_amplitude_deciles","REGION_AGGREGATES_ALL","ds006036__EO_or_photomark","AD_vs_FTD","kTSP_k9_disjoint","central_beta_D50",1
"tier1_main","single_condition","single_condition","P0_derivative_amplitude_deciles","REGION_AGGREGATES_ALL","ds004504__EC","AD_vs_FTD","kTSP_k9_disjoint","central_beta_D80",3
"tier1_main","single_condition","single_condition","P1_psd_bandpower_from_derivatives","PSD_REGION_ABSOLUTE","ds006036__EO_or_photomark","AD_vs_FTD","kTSP_k3_nondisjoint","central_beta_psd_abs",1
"tier1_main","single_condition","single_condition","P1_psd_bandpower_from_derivatives","PSD_REGION_ABSOLUTE","ds004504__EC","AD_vs_FTD","kTSP_k9_disjoint","central_beta_psd_abs",7
"tier4_pooled","pooled_condition","POOLED_EC_EO_subject_grouped","P1_psd_bandpower_from_derivatives","PSD_REGION_ABSOLUTE","POOLED_EC_EO_subject_grouped","AD_vs_FTD","kTSP_k9_nondisjoint","central_beta_psd_abs",23
"tier1_main","single_condition","single_condition","P0_derivative_amplitude_deciles","REGION_AGGREGATES_ALL","ds004504__EC","AD_vs_FTD","kTSP_k9_disjoint","central_beta_shape_asymmetry",2
"tier1_main","single_condition","single_condition","P0_derivative_amplitude_deciles","REGION_AGGREGATES_ALL","ds004504__EC","AD_vs_FTD","kTSP_k9_disjoint","central_beta_spread_80_20",1
"tier1_main","single_condition","single_condition","P0_derivative_amplitude_deciles","REGION_AGGREGATES_ALL","ds004504__EC","AD_vs_FTD","kTSP_k9_disjoint","central_delta_center",1
"tier1_main","single_condition","single_condition","P0_derivative_amplitude_deciles","REGION_AGGREGATES_ALL","ds006036__EO_or_photomark","AD_vs_FTD","kTSP_k9_disjoint","central_delta_center",2
"tier1_main","single_condition","single_condition","P0_derivative_amplitude_deciles","REGION_AGGREGATES_ALL","ds004504__EC","AD_vs_FTD","kTSP_k9_disjoint","central_delta_D40",1
"tier1_main","single_condition","single_condition","P0_derivative_amplitude_deciles","REGION_AGGREGATES_ALL","ds004504__EC","AD_vs_FTD","kTSP_k9_disjoint","central_delta_D50",7
"tier1_main","single_condition","single_condition","P0_derivative_amplitude_deciles","REGION_AGGREGATES_ALL","ds006036__EO_or_photomark","AD_vs_FTD","kTSP_k9_disjoint","central_delta_D50",2
"tier4_pooled","pooled_condition","POOLED_EC_EO_subject_grouped","P0_derivative_amplitude_deciles","REGION_AGGREGATES_ALL","POOLED_EC_EO_subject_grouped","AD_vs_FTD","kTSP_k5_nondisjoint","central_delta_D60",1
"tier1_main","single_condition","single_condition","P0_derivative_amplitude_deciles","REGION_AGGREGATES_ALL","ds006036__EO_or_photomark","AD_vs_FTD","kTSP_k9_disjoint","central_delta_D60",1
"tier1_main","single_condition","single_condition","P0_derivative_amplitude_deciles","REGION_AGGREGATES_ALL","ds004504__EC","AD_vs_FTD","kTSP_k9_disjoint","central_delta_shape_asymmetry",2
"tier1_main","single_condition","single_condition","P0_derivative_amplitude_deciles","REGION_AGGREGATES_ALL","ds006036__EO_or_photomark","AD_vs_FTD","kTSP_k9_disjoint","central_delta_shape_asymmetry",3
"tier2_cross_condition","cross_condition_transfer","EO_photo_train__EC_test","P0_derivative_amplitude_deciles","REGION_AGGREGATES_ALL","EO_photo_train__EC_test","AD_FTD_vs_CN","kTSP_CV_disjoint","central_gamma_D10",1
"tier1_main","single_condition","single_condition","P0_derivative_amplitude_deciles","REGION_AGGREGATES_ALL","ds004504__EC","CN_vs_FTD","kTSP_CV_disjoint","central_gamma_D10",60
"tier4_pooled","pooled_condition","POOLED_EC_EO_subject_grouped","P0_derivative_amplitude_deciles","REGION_AGGREGATES_ALL","POOLED_EC_EO_subject_grouped","CN_vs_FTD","kTSP_k5_disjoint","central_gamma_D10",70
"tier1_main","single_condition","single_condition","P0_derivative_amplitude_deciles","REGION_AGGREGATES_ALL","ds004504__EC","AD_FTD_vs_CN","kTSP_k9_disjoint","central_gamma_D10",13
"tier1_main","single_condition","single_condition","P0_derivative_amplitude_deciles","REGION_AGGREGATES_ALL","ds006036__EO_or_photomark","AD_FTD_vs_CN","kTSP_k9_disjoint","central_gamma_D10",62
"tier4_pooled","pooled_condition","POOLED_EC_EO_subject_grouped","P0_derivative_amplitude_deciles","REGION_AGGREGATES_ALL","POOLED_EC_EO_subject_grouped","AD_FTD_vs_CN","kTSP_k9_disjoint","central_gamma_D10",46
"tier1_main","single_condition","single_condition","P0_derivative_amplitude_deciles","REGION_AGGREGATES_ALL","ds006036__EO_or_photomark","AD_vs_CN","kTSP_k9_disjoint","central_gamma_D10",30
"tier4_pooled","pooled_condition","POOLED_EC_EO_subject_grouped","P0_derivative_amplitude_deciles","REGION_AGGREGATES_ALL","POOLED_EC_EO_subject_grouped","AD_vs_CN","kTSP_k9_disjoint","central_gamma_D10",3
"tier1_main","single_condition","single_condition","P0_derivative_amplitude_deciles","REGION_AGGREGATES_ALL","ds004504__EC","AD_vs_FTD","kTSP_k9_disjoint","central_gamma_D10",1
"tier1_main","single_condition","single_condition","P0_derivative_amplitude_deciles","REGION_AGGREGATES_ALL","ds006036__EO_or_photomark","AD_vs_FTD","kTSP_k9_disjoint","central_gamma_D30",7
"tier1_main","single_condition","single_condition","P0_derivative_amplitude_deciles","REGION_AGGREGATES_ALL","ds006036__EO_or_photomark","AD_vs_FTD","kTSP_k9_disjoint","central_gamma_D70",14
"tier1_main","single_condition","single_condition","P0_derivative_amplitude_deciles","REGION_AGGREGATES_ALL","ds004504__EC","CN_vs_FTD","kTSP_CV_disjoint","central_gamma_D90",7
"tier2_cross_condition","cross_condition_transfer","EC_train__EO_photo_test","P0_derivative_amplitude_deciles","REGION_AGGREGATES_ALL","EC_train__EO_photo_test","CN_vs_FTD","kTSP_CV_nondisjoint","central_gamma_D90",1
"tier4_pooled","pooled_condition","POOLED_EC_EO_subject_grouped","P0_derivative_amplitude_deciles","REGION_AGGREGATES_ALL","POOLED_EC_EO_subject_grouped","AD_vs_FTD","kTSP_k5_nondisjoint","central_gamma_D90",1
"tier1_main","single_condition","single_condition","P0_derivative_amplitude_deciles","REGION_AGGREGATES_ALL","ds004504__EC","AD_FTD_vs_CN","kTSP_k9_disjoint","central_gamma_D90",2
"tier2_cross_condition","cross_condition_transfer","EO_photo_train__EC_test","P0_derivative_amplitude_deciles","REGION_AGGREGATES_ALL","EO_photo_train__EC_test","AD_FTD_vs_CN","kTSP_CV_disjoint","central_gamma_lower_tail",1
"tier1_main","single_condition","single_condition","P0_derivative_amplitude_deciles","REGION_AGGREGATES_ALL","ds004504__EC","CN_vs_FTD","kTSP_CV_disjoint","central_gamma_lower_tail",94
"tier2_cross_condition","cross_condition_transfer","EO_photo_train__EC_test","P0_derivative_amplitude_deciles","REGION_AGGREGATES_ALL","EO_photo_train__EC_test","CN_vs_FTD","kTSP_CV_disjoint","central_gamma_lower_tail",1
"tier2_cross_condition","cross_condition_transfer","EC_train__EO_photo_test","P0_derivative_amplitude_deciles","REGION_AGGREGATES_ALL","EC_train__EO_photo_test","CN_vs_FTD","kTSP_CV_nondisjoint","central_gamma_lower_tail",1
"tier4_pooled","pooled_condition","POOLED_EC_EO_subject_grouped","P0_derivative_amplitude_deciles","REGION_AGGREGATES_ALL","POOLED_EC_EO_subject_grouped","CN_vs_FTD","kTSP_k5_disjoint","central_gamma_lower_tail",97
"tier4_pooled","pooled_condition","POOLED_EC_EO_subject_grouped","P0_derivative_amplitude_deciles","REGION_AGGREGATES_ALL","POOLED_EC_EO_subject_grouped","AD_vs_FTD","kTSP_k5_nondisjoint","central_gamma_lower_tail",1
"tier1_main","single_condition","single_condition","P0_derivative_amplitude_deciles","REGION_AGGREGATES_ALL","ds004504__EC","AD_FTD_vs_CN","kTSP_k9_disjoint","central_gamma_lower_tail",13
"tier1_main","single_condition","single_condition","P0_derivative_amplitude_deciles","REGION_AGGREGATES_ALL","ds006036__EO_or_photomark","AD_FTD_vs_CN","kTSP_k9_disjoint","central_gamma_lower_tail",54
"tier4_pooled","pooled_condition","POOLED_EC_EO_subject_grouped","P0_derivative_amplitude_deciles","REGION_AGGREGATES_ALL","POOLED_EC_EO_subject_grouped","AD_FTD_vs_CN","kTSP_k9_disjoint","central_gamma_lower_tail",31
"tier1_main","single_condition","single_condition","P0_derivative_amplitude_deciles","REGION_AGGREGATES_ALL","ds006036__EO_or_photomark","AD_vs_CN","kTSP_k9_disjoint","central_gamma_lower_tail",19
"tier1_main","single_condition","single_condition","P0_derivative_amplitude_deciles","REGION_AGGREGATES_ALL","ds004504__EC","AD_vs_FTD","kTSP_k9_disjoint","central_gamma_lower_tail",3
"tier1_main","single_condition","single_condition","P0_derivative_amplitude_deciles","REGION_AGGREGATES_ALL","ds006036__EO_or_photomark","CN_vs_FTD","TSP_k1","central_gamma_lower_tail",2
"tier4_pooled","pooled_condition","POOLED_EC_EO_subject_grouped","P1_psd_bandpower_from_derivatives","PSD_REGION_ABSOLUTE","POOLED_EC_EO_subject_grouped","AD_FTD_vs_CN","kTSP_k5_disjoint","central_gamma_psd_abs",3
"tier1_main","single_condition","single_condition","P1_psd_bandpower_from_derivatives","PSD_REGION_ABSOLUTE","ds006036__EO_or_photomark","AD_FTD_vs_CN","kTSP_k9_disjoint","central_gamma_psd_abs",12
"tier1_main","single_condition","single_condition","P1_psd_bandpower_from_derivatives","PSD_REGION_ABSOLUTE","ds006036__EO_or_photomark","AD_vs_CN","kTSP_k9_disjoint","central_gamma_psd_abs",10
"tier1_main","single_condition","single_condition","P1_psd_bandpower_from_derivatives","PSD_REGION_ABSOLUTE","ds004504__EC","AD_vs_FTD","kTSP_k9_disjoint","central_gamma_psd_abs",6
"tier4_pooled","pooled_condition","POOLED_EC_EO_subject_grouped","P0_derivative_amplitude_deciles","REGION_AGGREGATES_ALL","POOLED_EC_EO_subject_grouped","AD_vs_FTD","kTSP_k5_nondisjoint","central_gamma_shape_asymmetry",2
"tier1_main","single_condition","single_condition","P0_derivative_amplitude_deciles","REGION_AGGREGATES_ALL","ds004504__EC","AD_vs_FTD","kTSP_k9_disjoint","central_gamma_shape_asymmetry",3
"tier1_main","single_condition","single_condition","P0_derivative_amplitude_deciles","REGION_AGGREGATES_ALL","ds006036__EO_or_photomark","AD_vs_FTD","kTSP_k9_disjoint","central_gamma_shape_asymmetry",6
"tier1_main","single_condition","single_condition","P0_derivative_amplitude_deciles","REGION_AGGREGATES_ALL","ds006036__EO_or_photomark","CN_vs_FTD","TSP_k1","central_gamma_shape_asymmetry",1
"tier1_main","single_condition","single_condition","P0_derivative_amplitude_deciles","REGION_AGGREGATES_ALL","ds004504__EC","AD_vs_FTD","kTSP_k9_disjoint","central_gamma_spread_80_20",4
"tier1_main","single_condition","single_condition","P0_derivative_amplitude_deciles","REGION_AGGREGATES_ALL","ds006036__EO_or_photomark","AD_FTD_vs_CN","kTSP_k9_disjoint","central_gamma_spread_90_10",2
"tier1_main","single_condition","single_condition","P0_derivative_amplitude_deciles","REGION_AGGREGATES_ALL","ds006036__EO_or_photomark","AD_vs_FTD","kTSP_k9_disjoint","central_gamma_spread_90_10",8
"tier1_main","single_condition","single_condition","P0_derivative_amplitude_deciles","REGION_AGGREGATES_ALL","ds004504__EC","AD_vs_FTD","kTSP_k9_disjoint","central_theta_center",8
"tier1_main","single_condition","single_condition","P0_derivative_amplitude_deciles","REGION_AGGREGATES_ALL","ds006036__EO_or_photomark","AD_vs_CN","kTSP_k9_disjoint","central_theta_D10",1
"tier1_main","single_condition","single_condition","P0_derivative_amplitude_deciles","REGION_AGGREGATES_ALL","ds004504__EC","AD_vs_FTD","kTSP_k9_disjoint","central_theta_D50",11
"tier1_main","single_condition","single_condition","P0_derivative_amplitude_deciles","REGION_AGGREGATES_ALL","ds006036__EO_or_photomark","AD_vs_FTD","kTSP_k9_disjoint","central_theta_D50",4
"tier1_main","single_condition","single_condition","P0_derivative_amplitude_deciles","REGION_AGGREGATES_ALL","ds006036__EO_or_photomark","CN_vs_FTD","TSP_k1","central_theta_D50",1
"smoke","single_condition","single_condition","P0_derivative_amplitude_deciles","REGION_AGGREGATES_ALL","ds004504__EC","AD_vs_CN","kTSP_CV_nondisjoint","central_theta_D90",1
"tier1_main","single_condition","single_condition","P0_derivative_amplitude_deciles","REGION_AGGREGATES_ALL","ds004504__EC","AD_vs_CN","kTSP_k5_nondisjoint","central_theta_D90",19
"tier1_main","single_condition","single_condition","P0_derivative_amplitude_deciles","REGION_AGGREGATES_ALL","ds004504__EC","AD_FTD_vs_CN","kTSP_k9_disjoint","central_theta_D90",1
"tier1_main","single_condition","single_condition","P0_derivative_amplitude_deciles","REGION_AGGREGATES_ALL","ds006036__EO_or_photomark","AD_vs_FTD","kTSP_k9_disjoint","central_theta_D90",1
"tier2_cross_condition","cross_condition_transfer","EC_train__EO_photo_test","P0_derivative_amplitude_deciles","REGION_AGGREGATES_ALL","EC_train__EO_photo_test","AD_vs_CN","kTSP_CV_disjoint","central_theta_lower_tail",2
"smoke","single_condition","single_condition","P0_derivative_amplitude_deciles","REGION_AGGREGATES_ALL","ds004504__EC","AD_vs_CN","kTSP_CV_nondisjoint","central_theta_lower_tail",1
"tier1_main","single_condition","single_condition","P0_derivative_amplitude_deciles","REGION_AGGREGATES_ALL","ds004504__EC","AD_vs_CN","kTSP_k5_nondisjoint","central_theta_lower_tail",35
"tier1_main","single_condition","single_condition","P0_derivative_amplitude_deciles","REGION_AGGREGATES_ALL","ds006036__EO_or_photomark","AD_FTD_vs_CN","kTSP_k9_disjoint","central_theta_lower_tail",2
"tier4_pooled","pooled_condition","POOLED_EC_EO_subject_grouped","P0_derivative_amplitude_deciles","REGION_AGGREGATES_ALL","POOLED_EC_EO_subject_grouped","AD_FTD_vs_CN","kTSP_k9_disjoint","central_theta_lower_tail",1
"tier1_main","single_condition","single_condition","P0_derivative_amplitude_deciles","REGION_AGGREGATES_ALL","ds006036__EO_or_photomark","AD_vs_CN","kTSP_k9_disjoint","central_theta_lower_tail",2
"tier4_pooled","pooled_condition","POOLED_EC_EO_subject_grouped","P0_derivative_amplitude_deciles","REGION_AGGREGATES_ALL","POOLED_EC_EO_subject_grouped","AD_vs_CN","kTSP_k9_disjoint","central_theta_lower_tail",12
"tier1_main","single_condition","single_condition","P0_derivative_amplitude_deciles","REGION_AGGREGATES_ALL","ds006036__EO_or_photomark","AD_vs_FTD","kTSP_k9_disjoint","central_theta_lower_tail",1
"tier1_main","single_condition","single_condition","P0_derivative_amplitude_deciles","REGION_AGGREGATES_ALL","ds006036__EO_or_photomark","CN_vs_FTD","TSP_k1","central_theta_lower_tail",1
"tier2_cross_condition","cross_condition_transfer","EO_photo_train__EC_test","P1_psd_bandpower_from_derivatives","PSD_REGION_ABSOLUTE","EO_photo_train__EC_test","AD_FTD_vs_CN","kTSP_CV_nondisjoint","central_theta_psd_abs",1
"smoke","single_condition","single_condition","P1_psd_bandpower_from_derivatives","PSD_REGION_ABSOLUTE","ds004504__EC","AD_vs_CN","kTSP_CV_nondisjoint","central_theta_psd_abs",1
"smoke","single_condition","single_condition","P1_psd_bandpower_from_derivatives","PSD_REGION_ABSOLUTE","ds006036__EO_or_photomark","AD_vs_CN","kTSP_CV_nondisjoint","central_theta_psd_abs",2
"tier2_cross_condition","cross_condition_transfer","EO_photo_train__EC_test","P1_psd_bandpower_from_derivatives","PSD_REGION_ABSOLUTE","EO_photo_train__EC_test","AD_vs_CN","kTSP_CV_nondisjoint","central_theta_psd_abs",2
"tier2_cross_condition","cross_condition_transfer","EO_photo_train__EC_test","P1_psd_bandpower_from_derivatives","PSD_REGION_ABSOLUTE","EO_photo_train__EC_test","CN_vs_FTD","kTSP_CV_nondisjoint","central_theta_psd_abs",1
"tier4_pooled","pooled_condition","POOLED_EC_EO_subject_grouped","P1_psd_bandpower_from_derivatives","PSD_REGION_ABSOLUTE","POOLED_EC_EO_subject_grouped","AD_FTD_vs_CN","kTSP_k5_disjoint","central_theta_psd_abs",13
"tier1_main","single_condition","single_condition","P1_psd_bandpower_from_derivatives","PSD_REGION_ABSOLUTE","ds004504__EC","AD_vs_CN","kTSP_k5_disjoint","central_theta_psd_abs",40
"tier4_pooled","pooled_condition","POOLED_EC_EO_subject_grouped","P1_psd_bandpower_from_derivatives","PSD_REGION_ABSOLUTE","POOLED_EC_EO_subject_grouped","AD_vs_CN","kTSP_k5_disjoint","central_theta_psd_abs",69
"tier1_main","single_condition","single_condition","P1_psd_bandpower_from_derivatives","PSD_REGION_ABSOLUTE","ds004504__EC","CN_vs_FTD","kTSP_k5_nondisjoint","central_theta_psd_abs",79
"tier1_main","single_condition","single_condition","P1_psd_bandpower_from_derivatives","PSD_REGION_ABSOLUTE","ds006036__EO_or_photomark","AD_FTD_vs_CN","kTSP_k9_disjoint","central_theta_psd_abs",19
"tier1_main","single_condition","single_condition","P1_psd_bandpower_from_derivatives","PSD_REGION_ABSOLUTE","ds006036__EO_or_photomark","AD_vs_CN","kTSP_k9_disjoint","central_theta_psd_abs",73
"tier1_main","single_condition","single_condition","P1_psd_bandpower_from_derivatives","PSD_REGION_ABSOLUTE","ds004504__EC","AD_vs_FTD","kTSP_k9_disjoint","central_theta_psd_abs",28
"tier1_main","single_condition","single_condition","P1_psd_bandpower_from_derivatives","PSD_REGION_ABSOLUTE","ds004504__EC","AD_FTD_vs_CN","kTSP_k9_nondisjoint","central_theta_psd_abs",77
"tier1_main","single_condition","single_condition","P1_psd_bandpower_from_derivatives","PSD_REGION_ABSOLUTE","ds006036__EO_or_photomark","CN_vs_FTD","kTSP_k9_nondisjoint","central_theta_psd_abs",96
"tier2_cross_condition","cross_condition_transfer","EC_train__EO_photo_test","P1_psd_bandpower_from_derivatives","PSD_REGION_ABSOLUTE","EC_train__EO_photo_test","CN_vs_FTD","kTSP_k9_nondisjoint","central_theta_psd_abs",1
"tier4_pooled","pooled_condition","POOLED_EC_EO_subject_grouped","P1_psd_bandpower_from_derivatives","PSD_REGION_ABSOLUTE","POOLED_EC_EO_subject_grouped","CN_vs_FTD","kTSP_k9_nondisjoint","central_theta_psd_abs",98
"tier1_main","single_condition","single_condition","P0_derivative_amplitude_deciles","REGION_AGGREGATES_ALL","ds004504__EC","AD_vs_FTD","kTSP_k9_disjoint","central_theta_shape_asymmetry",2
"tier1_main","single_condition","single_condition","P0_derivative_amplitude_deciles","REGION_AGGREGATES_ALL","ds006036__EO_or_photomark","AD_vs_FTD","kTSP_k9_disjoint","central_theta_shape_asymmetry",19
"smoke","single_condition","single_condition","P0_derivative_amplitude_deciles","REGION_AGGREGATES_ALL","ds004504__EC","AD_vs_CN","kTSP_CV_nondisjoint","central_theta_upper_tail",1
"tier1_main","single_condition","single_condition","P0_derivative_amplitude_deciles","REGION_AGGREGATES_ALL","ds004504__EC","AD_vs_CN","kTSP_k5_nondisjoint","central_theta_upper_tail",15
"tier1_main","single_condition","single_condition","P0_derivative_amplitude_deciles","REGION_AGGREGATES_ALL","ds004504__EC","AD_FTD_vs_CN","kTSP_k9_disjoint","central_theta_upper_tail",1
"tier1_main","single_condition","single_condition","P0_derivative_amplitude_deciles","REGION_AGGREGATES_ALL","ds006036__EO_or_photomark","AD_vs_FTD","kTSP_k9_disjoint","central_theta_upper_tail",2
"tier4_pooled","pooled_condition","POOLED_EC_EO_subject_grouped","P0_derivative_amplitude_deciles","DERIVED_DECILES_ALL","POOLED_EC_EO_subject_grouped","AD_vs_FTD","kTSP_k9_disjoint","Cz_alpha_center",1
"tier1_main","single_condition","single_condition","P0_derivative_amplitude_deciles","RAW_DECILES","ds004504__EC","AD_vs_FTD","kTSP_k9_disjoint","Cz_alpha_D20",1
"tier1_main","single_condition","single_condition","P1_psd_bandpower_from_derivatives","PSD_ABSOLUTE_CHANNEL_BAND","ds004504__EC","AD_vs_FTD","kTSP_CV_disjoint","Cz_alpha_psd_abs",3
"tier1_main","single_condition","single_condition","P0_derivative_amplitude_deciles","DERIVED_DECILES_ALL","ds004504__EC","AD_vs_FTD","kTSP_CV_nondisjoint","Cz_alpha_spread_90_10",1
"tier1_main","single_condition","single_condition","P0_derivative_amplitude_deciles","DERIVED_DECILES_ALL","ds006036__EO_or_photomark","AD_vs_FTD","kTSP_k9_disjoint","Cz_alpha_upper_tail",10
"tier1_main","single_condition","single_condition","P0_derivative_amplitude_deciles","DERIVED_DECILES_ALL","ds006036__EO_or_photomark","AD_FTD_vs_CN","kTSP_k9_disjoint","Cz_beta_spread_90_10",1
"tier4_pooled","pooled_condition","POOLED_EC_EO_subject_grouped","P0_derivative_amplitude_deciles","DERIVED_DECILES_ALL","POOLED_EC_EO_subject_grouped","AD_FTD_vs_CN","kTSP_k9_disjoint","Cz_beta_spread_90_10",1
"tier4_pooled","pooled_condition","POOLED_EC_EO_subject_grouped","P0_derivative_amplitude_deciles","DERIVED_DECILES_ALL","POOLED_EC_EO_subject_grouped","AD_vs_CN","kTSP_k9_disjoint","Cz_beta_spread_90_10",1
"tier1_main","single_condition","single_condition","P0_derivative_amplitude_deciles","DERIVED_DECILES_ALL","ds004504__EC","AD_vs_FTD","kTSP_CV_nondisjoint","Cz_beta_upper_tail",1
"tier1_main","single_condition","single_condition","P0_derivative_amplitude_deciles","DERIVED_DECILES_ALL","ds006036__EO_or_photomark","AD_vs_FTD","kTSP_k9_disjoint","Cz_beta_upper_tail",1
"tier1_main","single_condition","single_condition","P0_derivative_amplitude_deciles","DERIVED_DECILES_ALL","ds004504__EC","AD_vs_FTD","kTSP_CV_nondisjoint","Cz_delta_center",1
"tier1_main","single_condition","single_condition","P0_derivative_amplitude_deciles","RAW_DECILES","ds004504__EC","AD_vs_FTD","kTSP_k9_disjoint","Cz_delta_D90",1
"tier1_main","single_condition","single_condition","P0_derivative_amplitude_deciles","DERIVED_DECILES_ALL","ds004504__EC","AD_vs_FTD","kTSP_CV_nondisjoint","Cz_delta_lower_tail",2
"tier1_main","single_condition","single_condition","P1_psd_bandpower_from_derivatives","PSD_ABSOLUTE_CHANNEL_BAND","ds004504__EC","AD_vs_FTD","kTSP_CV_disjoint","Cz_delta_psd_abs",15
"tier1_main","single_condition","single_condition","P1_psd_bandpower_from_derivatives","PSD_ABSOLUTE_CHANNEL_BAND","ds006036__EO_or_photomark","AD_vs_FTD","kTSP_k9_disjoint","Cz_delta_psd_abs",3
"tier1_main","single_condition","single_condition","P0_derivative_amplitude_deciles","DERIVED_DECILES_ALL","ds004504__EC","AD_vs_FTD","kTSP_CV_nondisjoint","Cz_gamma_center",1
"tier1_main","single_condition","single_condition","P0_derivative_amplitude_deciles","RAW_DECILES","ds006036__EO_or_photomark","CN_vs_FTD","kTSP_k5_disjoint","Cz_gamma_D10",1
"tier1_main","single_condition","single_condition","P0_derivative_amplitude_deciles","RAW_DECILES","ds006036__EO_or_photomark","AD_vs_CN","kTSP_k9_disjoint","Cz_gamma_D30",2
"tier1_main","single_condition","single_condition","P0_derivative_amplitude_deciles","RAW_DECILES","ds006036__EO_or_photomark","AD_FTD_vs_CN","kTSP_k9_disjoint","Cz_gamma_D70",1
"tier1_main","single_condition","single_condition","P0_derivative_amplitude_deciles","RAW_DECILES","ds006036__EO_or_photomark","AD_vs_CN","kTSP_k9_disjoint","Cz_gamma_D70",1
"tier1_main","single_condition","single_condition","P0_derivative_amplitude_deciles","DERIVED_DECILES_ALL","ds006036__EO_or_photomark","AD_vs_FTD","kTSP_k9_disjoint","Cz_gamma_spread_80_20",1
"tier1_main","single_condition","single_condition","P0_derivative_amplitude_deciles","DERIVED_DECILES_ALL","ds004504__EC","AD_vs_FTD","kTSP_CV_nondisjoint","Cz_theta_center",2
"tier1_main","single_condition","single_condition","P0_derivative_amplitude_deciles","DERIVED_DECILES_ALL","ds006036__EO_or_photomark","AD_vs_FTD","kTSP_k9_disjoint","Cz_theta_center",1
"tier1_main","single_condition","single_condition","P0_derivative_amplitude_deciles","DERIVED_DECILES_ALL","ds004504__EC","CN_vs_FTD","kTSP_k9_disjoint","Cz_theta_center",7
"tier1_main","single_condition","single_condition","P0_derivative_amplitude_deciles","RAW_DECILES","ds004504__EC","AD_vs_FTD","kTSP_k9_disjoint","Cz_theta_D50",4
"tier1_main","single_condition","single_condition","P0_derivative_amplitude_deciles","RAW_DECILES","ds004504__EC","CN_vs_FTD","kTSP_k9_disjoint","Cz_theta_D50",7
"tier1_main","single_condition","single_condition","P0_derivative_amplitude_deciles","DERIVED_DECILES_ALL","ds004504__EC","CN_vs_FTD","kTSP_k9_disjoint","Cz_theta_lower_tail",1
"tier1_main","single_condition","single_condition","P0_derivative_amplitude_deciles","DERIVED_DECILES_ALL","ds006036__EO_or_photomark","CN_vs_FTD","kTSP_k9_disjoint","Cz_theta_lower_tail",3
"tier1_main","single_condition","single_condition","P1_psd_bandpower_from_derivatives","PSD_ABSOLUTE_CHANNEL_BAND","ds004504__EC","AD_vs_FTD","kTSP_CV_disjoint","Cz_theta_psd_abs",62
"tier1_main","single_condition","single_condition","P1_psd_bandpower_from_derivatives","PSD_ABSOLUTE_CHANNEL_BAND","ds006036__EO_or_photomark","CN_vs_FTD","kTSP_k3_disjoint","Cz_theta_psd_abs",8
"tier1_main","single_condition","single_condition","P1_psd_bandpower_from_derivatives","PSD_ABSOLUTE_CHANNEL_BAND","ds006036__EO_or_photomark","AD_vs_FTD","kTSP_k9_disjoint","Cz_theta_psd_abs",4
"tier1_main","single_condition","single_condition","P1_psd_bandpower_from_derivatives","PSD_ABSOLUTE_CHANNEL_BAND","ds004504__EC","CN_vs_FTD","kTSP_k9_disjoint","Cz_theta_psd_abs",5
"tier1_main","single_condition","single_condition","P0_derivative_amplitude_deciles","DERIVED_DECILES_ALL","ds004504__EC","CN_vs_FTD","kTSP_k9_disjoint","Cz_theta_shape_asymmetry",2
"tier1_main","single_condition","single_condition","P0_derivative_amplitude_deciles","DERIVED_DECILES_ALL","ds004504__EC","CN_vs_FTD","kTSP_k9_disjoint","Cz_theta_spread_80_20",1
"tier1_main","single_condition","single_condition","P0_derivative_amplitude_deciles","DERIVED_DECILES_ALL","ds004504__EC","CN_vs_FTD","kTSP_k9_disjoint","Cz_theta_spread_90_10",1
"tier1_main","single_condition","single_condition","P0_derivative_amplitude_deciles","DERIVED_DECILES_ALL","ds006036__EO_or_photomark","CN_vs_FTD","kTSP_k9_disjoint","Cz_theta_spread_90_10",1
"tier4_pooled","pooled_condition","POOLED_EC_EO_subject_grouped","P0_derivative_amplitude_deciles","DERIVED_DECILES_ALL","POOLED_EC_EO_subject_grouped","CN_vs_FTD","kTSP_k9_disjoint","Cz_theta_spread_90_10",1
"tier1_main","single_condition","single_condition","P0_derivative_amplitude_deciles","DERIVED_DECILES_ALL","ds004504__EC","AD_FTD_vs_CN","kTSP_k9_disjoint","Cz_theta_upper_tail",1
"tier1_main","single_condition","single_condition","P0_derivative_amplitude_deciles","DERIVED_DECILES_ALL","ds004504__EC","CN_vs_FTD","kTSP_k9_disjoint","Cz_theta_upper_tail",3
"tier1_main","single_condition","single_condition","P0_derivative_amplitude_deciles","DERIVED_DECILES_ALL","ds004504__EC","AD_vs_FTD","kTSP_CV_nondisjoint","F3_alpha_center",2
"tier1_main","single_condition","single_condition","P0_derivative_amplitude_deciles","RAW_DECILES","ds006036__EO_or_photomark","AD_vs_FTD","kTSP_k9_nondisjoint","F3_alpha_D30",36
"tier1_main","single_condition","single_condition","P0_derivative_amplitude_deciles","RAW_DECILES","ds004504__EC","AD_vs_FTD","kTSP_k9_disjoint","F3_alpha_D60",1
"tier1_main","single_condition","single_condition","P0_derivative_amplitude_deciles","RAW_DECILES","ds006036__EO_or_photomark","AD_vs_FTD","kTSP_k9_nondisjoint","F3_alpha_D60",2
"tier1_main","single_condition","single_condition","P0_derivative_amplitude_deciles","RAW_DECILES","ds006036__EO_or_photomark","AD_vs_FTD","kTSP_k9_nondisjoint","F3_alpha_D70",28
"tier1_main","single_condition","single_condition","P0_derivative_amplitude_deciles","DERIVED_DECILES_ALL","ds006036__EO_or_photomark","AD_vs_FTD","kTSP_k9_disjoint","F3_alpha_lower_tail",2
"tier1_main","single_condition","single_condition","P1_psd_bandpower_from_derivatives","PSD_ABSOLUTE_CHANNEL_BAND","ds004504__EC","AD_vs_FTD","kTSP_CV_disjoint","F3_alpha_psd_abs",1
"tier1_main","single_condition","single_condition","P1_psd_bandpower_from_derivatives","PSD_ABSOLUTE_CHANNEL_BAND","ds006036__EO_or_photomark","AD_FTD_vs_CN","kTSP_k9_disjoint","F3_alpha_psd_abs",1
"tier1_main","single_condition","single_condition","P1_psd_bandpower_from_derivatives","PSD_ABSOLUTE_CHANNEL_BAND","ds006036__EO_or_photomark","AD_vs_FTD","kTSP_k9_disjoint","F3_alpha_psd_abs",7
"tier1_main","single_condition","single_condition","P0_derivative_amplitude_deciles","DERIVED_DECILES_ALL","ds004504__EC","AD_vs_CN","kTSP_k9_disjoint","F3_alpha_spread_80_20",11
"tier1_main","single_condition","single_condition","P0_derivative_amplitude_deciles","DERIVED_DECILES_ALL","ds006036__EO_or_photomark","AD_vs_CN","kTSP_k9_disjoint","F3_alpha_spread_80_20",2
"tier4_pooled","pooled_condition","POOLED_EC_EO_subject_grouped","P0_derivative_amplitude_deciles","DERIVED_DECILES_ALL","POOLED_EC_EO_subject_grouped","AD_vs_CN","kTSP_k9_disjoint","F3_alpha_spread_80_20",12
"tier4_pooled","pooled_condition","POOLED_EC_EO_subject_grouped","P0_derivative_amplitude_deciles","DERIVED_DECILES_ALL","POOLED_EC_EO_subject_grouped","AD_vs_FTD","kTSP_k9_disjoint","F3_alpha_spread_80_20",3
"tier1_main","single_condition","single_condition","P0_derivative_amplitude_deciles","DERIVED_DECILES_ALL","ds006036__EO_or_photomark","AD_vs_FTD","kTSP_k9_disjoint","F3_alpha_upper_tail",3
"tier1_main","single_condition","single_condition","P0_derivative_amplitude_deciles","RAW_DECILES","ds004504__EC","AD_FTD_vs_CN","kTSP_k9_disjoint","F3_beta_D20",1
"tier1_main","single_condition","single_condition","P0_derivative_amplitude_deciles","RAW_DECILES","ds004504__EC","AD_vs_CN","kTSP_k9_disjoint","F3_beta_D20",1
"tier1_main","single_condition","single_condition","P0_derivative_amplitude_deciles","RAW_DECILES","ds006036__EO_or_photomark","AD_vs_CN","kTSP_k9_disjoint","F3_beta_D20",1
"tier1_main","single_condition","single_condition","P0_derivative_amplitude_deciles","RAW_DECILES","ds004504__EC","CN_vs_FTD","kTSP_k9_disjoint","F3_beta_D20",4
"tier1_main","single_condition","single_condition","P0_derivative_amplitude_deciles","RAW_DECILES","ds006036__EO_or_photomark","CN_vs_FTD","kTSP_k5_disjoint","F3_beta_D40",1
"tier1_main","single_condition","single_condition","P0_derivative_amplitude_deciles","RAW_DECILES","ds004504__EC","CN_vs_FTD","kTSP_k9_disjoint","F3_beta_D60",2
"tier1_main","single_condition","single_condition","P0_derivative_amplitude_deciles","RAW_DECILES","ds004504__EC","AD_FTD_vs_CN","kTSP_k9_disjoint","F3_beta_D80",2
"tier1_main","single_condition","single_condition","P0_derivative_amplitude_deciles","RAW_DECILES","ds006036__EO_or_photomark","AD_vs_CN","kTSP_k9_disjoint","F3_beta_D80",1
"tier1_main","single_condition","single_condition","P0_derivative_amplitude_deciles","RAW_DECILES","ds004504__EC","CN_vs_FTD","kTSP_k9_disjoint","F3_beta_D80",4
"tier1_main","single_condition","single_condition","P0_derivative_amplitude_deciles","RAW_DECILES","ds004504__EC","AD_FTD_vs_CN","kTSP_k9_disjoint","F3_beta_D90",1
"tier1_main","single_condition","single_condition","P0_derivative_amplitude_deciles","DERIVED_DECILES_ALL","ds004504__EC","CN_vs_FTD","kTSP_k9_disjoint","F3_beta_lower_tail",3
"tier1_main","single_condition","single_condition","P0_derivative_amplitude_deciles","DERIVED_DECILES_ALL","ds006036__EO_or_photomark","CN_vs_FTD","kTSP_k9_disjoint","F3_beta_lower_tail",2
"tier4_pooled","pooled_condition","POOLED_EC_EO_subject_grouped","P0_derivative_amplitude_deciles","DERIVED_DECILES_ALL","POOLED_EC_EO_subject_grouped","CN_vs_FTD","kTSP_k9_disjoint","F3_beta_lower_tail",2
"tier1_main","single_condition","single_condition","P1_psd_bandpower_from_derivatives","PSD_ABSOLUTE_CHANNEL_BAND","ds004504__EC","AD_vs_FTD","kTSP_CV_disjoint","F3_beta_psd_abs",1
"tier1_main","single_condition","single_condition","P1_psd_bandpower_from_derivatives","PSD_ABSOLUTE_CHANNEL_BAND","ds006036__EO_or_photomark","CN_vs_FTD","kTSP_k3_disjoint","F3_beta_psd_abs",4
"tier1_main","single_condition","single_condition","P1_psd_bandpower_from_derivatives","PSD_ABSOLUTE_CHANNEL_BAND","ds004504__EC","AD_FTD_vs_CN","kTSP_k9_disjoint","F3_beta_psd_abs",3
"tier1_main","single_condition","single_condition","P1_psd_bandpower_from_derivatives","PSD_ABSOLUTE_CHANNEL_BAND","ds006036__EO_or_photomark","AD_FTD_vs_CN","kTSP_k9_disjoint","F3_beta_psd_abs",4
"tier1_main","single_condition","single_condition","P1_psd_bandpower_from_derivatives","PSD_ABSOLUTE_CHANNEL_BAND","ds004504__EC","AD_vs_CN","kTSP_k9_disjoint","F3_beta_psd_abs",1
"tier1_main","single_condition","single_condition","P1_psd_bandpower_from_derivatives","PSD_ABSOLUTE_CHANNEL_BAND","ds006036__EO_or_photomark","AD_vs_CN","kTSP_k9_disjoint","F3_beta_psd_abs",3
"tier1_main","single_condition","single_condition","P1_psd_bandpower_from_derivatives","PSD_ABSOLUTE_CHANNEL_BAND","ds006036__EO_or_photomark","AD_vs_FTD","kTSP_k9_disjoint","F3_beta_psd_abs",7
"tier1_main","single_condition","single_condition","P1_psd_bandpower_from_derivatives","PSD_ABSOLUTE_CHANNEL_BAND","ds004504__EC","CN_vs_FTD","kTSP_k9_disjoint","F3_beta_psd_abs",19
"tier1_main","single_condition","single_condition","P0_derivative_amplitude_deciles","DERIVED_DECILES_ALL","ds006036__EO_or_photomark","AD_vs_CN","kTSP_k9_disjoint","F3_beta_shape_asymmetry",1
"tier1_main","single_condition","single_condition","P0_derivative_amplitude_deciles","DERIVED_DECILES_ALL","ds006036__EO_or_photomark","AD_vs_FTD","kTSP_k9_disjoint","F3_beta_shape_asymmetry",26
"tier2_cross_condition","cross_condition_transfer","EO_photo_train__EC_test","P0_derivative_amplitude_deciles","DERIVED_DECILES_ALL","EO_photo_train__EC_test","AD_vs_FTD","kTSP_k9_disjoint","F3_beta_shape_asymmetry",1
"tier4_pooled","pooled_condition","POOLED_EC_EO_subject_grouped","P0_derivative_amplitude_deciles","DERIVED_DECILES_ALL","POOLED_EC_EO_subject_grouped","AD_vs_FTD","kTSP_k9_disjoint","F3_beta_shape_asymmetry",1
"tier1_main","single_condition","single_condition","P0_derivative_amplitude_deciles","DERIVED_DECILES_ALL","ds004504__EC","AD_FTD_vs_CN","kTSP_k9_disjoint","F3_beta_spread_80_20",5
"tier1_main","single_condition","single_condition","P0_derivative_amplitude_deciles","DERIVED_DECILES_ALL","ds006036__EO_or_photomark","AD_FTD_vs_CN","kTSP_k9_disjoint","F3_beta_spread_80_20",2
"tier4_pooled","pooled_condition","POOLED_EC_EO_subject_grouped","P0_derivative_amplitude_deciles","DERIVED_DECILES_ALL","POOLED_EC_EO_subject_grouped","AD_FTD_vs_CN","kTSP_k9_disjoint","F3_beta_spread_80_20",2
"tier1_main","single_condition","single_condition","P0_derivative_amplitude_deciles","DERIVED_DECILES_ALL","ds004504__EC","AD_vs_CN","kTSP_k9_disjoint","F3_beta_spread_80_20",2
"tier1_main","single_condition","single_condition","P0_derivative_amplitude_deciles","DERIVED_DECILES_ALL","ds006036__EO_or_photomark","AD_vs_CN","kTSP_k9_disjoint","F3_beta_spread_80_20",6
"tier4_pooled","pooled_condition","POOLED_EC_EO_subject_grouped","P0_derivative_amplitude_deciles","DERIVED_DECILES_ALL","POOLED_EC_EO_subject_grouped","AD_vs_CN","kTSP_k9_disjoint","F3_beta_spread_80_20",6
"tier1_main","single_condition","single_condition","P0_derivative_amplitude_deciles","DERIVED_DECILES_ALL","ds004504__EC","CN_vs_FTD","kTSP_k9_disjoint","F3_beta_spread_80_20",2
"tier1_main","single_condition","single_condition","P0_derivative_amplitude_deciles","DERIVED_DECILES_ALL","ds006036__EO_or_photomark","AD_vs_FTD","kTSP_k9_disjoint","F3_beta_spread_90_10",4
"tier4_pooled","pooled_condition","POOLED_EC_EO_subject_grouped","P0_derivative_amplitude_deciles","DERIVED_DECILES_ALL","POOLED_EC_EO_subject_grouped","AD_vs_FTD","kTSP_k9_disjoint","F3_beta_spread_90_10",16
"tier1_main","single_condition","single_condition","P0_derivative_amplitude_deciles","DERIVED_DECILES_ALL","ds004504__EC","CN_vs_FTD","kTSP_k9_disjoint","F3_beta_spread_90_10",1
"tier1_main","single_condition","single_condition","P0_derivative_amplitude_deciles","DERIVED_DECILES_ALL","ds004504__EC","CN_vs_FTD","kTSP_k9_disjoint","F3_beta_upper_tail",3
"tier1_main","single_condition","single_condition","P0_derivative_amplitude_deciles","DERIVED_DECILES_ALL","ds006036__EO_or_photomark","CN_vs_FTD","kTSP_k9_disjoint","F3_beta_upper_tail",1
"tier4_pooled","pooled_condition","POOLED_EC_EO_subject_grouped","P0_derivative_amplitude_deciles","DERIVED_DECILES_ALL","POOLED_EC_EO_subject_grouped","CN_vs_FTD","kTSP_k9_disjoint","F3_beta_upper_tail",5
"tier1_main","single_condition","single_condition","P0_derivative_amplitude_deciles","DERIVED_DECILES_ALL","ds004504__EC","AD_vs_FTD","kTSP_CV_nondisjoint","F3_delta_center",1
"tier1_main","single_condition","single_condition","P0_derivative_amplitude_deciles","DERIVED_DECILES_ALL","ds006036__EO_or_photomark","AD_vs_FTD","kTSP_k9_disjoint","F3_delta_center",3
"tier1_main","single_condition","single_condition","P0_derivative_amplitude_deciles","RAW_DECILES","ds004504__EC","AD_vs_FTD","kTSP_k9_disjoint","F3_delta_D10",14
"tier1_main","single_condition","single_condition","P0_derivative_amplitude_deciles","RAW_DECILES","ds004504__EC","AD_vs_FTD","kTSP_k9_disjoint","F3_delta_D80",2
"tier1_main","single_condition","single_condition","P0_derivative_amplitude_deciles","DERIVED_DECILES_ALL","ds004504__EC","AD_vs_FTD","kTSP_CV_nondisjoint","F3_delta_lower_tail",7
"tier1_main","single_condition","single_condition","P1_psd_bandpower_from_derivatives","PSD_ABSOLUTE_CHANNEL_BAND","ds004504__EC","AD_vs_FTD","kTSP_CV_disjoint","F3_delta_psd_abs",22
"tier1_main","single_condition","single_condition","P1_psd_bandpower_from_derivatives","PSD_ABSOLUTE_CHANNEL_BAND","ds006036__EO_or_photomark","AD_vs_FTD","kTSP_k9_disjoint","F3_delta_psd_abs",1
"tier1_main","single_condition","single_condition","P0_derivative_amplitude_deciles","DERIVED_DECILES_ALL","ds004504__EC","AD_vs_FTD","kTSP_CV_nondisjoint","F3_delta_spread_90_10",3
"tier1_main","single_condition","single_condition","P0_derivative_amplitude_deciles","DERIVED_DECILES_ALL","ds004504__EC","AD_vs_FTD","kTSP_CV_nondisjoint","F3_delta_upper_tail",2
"tier1_main","single_condition","single_condition","P0_derivative_amplitude_deciles","DERIVED_DECILES_ALL","ds006036__EO_or_photomark","AD_vs_FTD","kTSP_k9_disjoint","F3_delta_upper_tail",1
"tier4_pooled","pooled_condition","POOLED_EC_EO_subject_grouped","P0_derivative_amplitude_deciles","DERIVED_DECILES_ALL","POOLED_EC_EO_subject_grouped","AD_vs_FTD","kTSP_k9_disjoint","F3_gamma_center",1
"tier1_main","single_condition","single_condition","P0_derivative_amplitude_deciles","RAW_DECILES","ds006036__EO_or_photomark","CN_vs_FTD","kTSP_k5_disjoint","F3_gamma_D10",8
"tier1_main","single_condition","single_condition","P0_derivative_amplitude_deciles","RAW_DECILES","ds004504__EC","AD_FTD_vs_CN","kTSP_k9_disjoint","F3_gamma_D10",4
"tier1_main","single_condition","single_condition","P0_derivative_amplitude_deciles","RAW_DECILES","ds006036__EO_or_photomark","AD_FTD_vs_CN","kTSP_k9_disjoint","F3_gamma_D10",5
"tier1_main","single_condition","single_condition","P0_derivative_amplitude_deciles","RAW_DECILES","ds006036__EO_or_photomark","AD_vs_CN","kTSP_k9_disjoint","F3_gamma_D10",1
"tier1_main","single_condition","single_condition","P0_derivative_amplitude_deciles","RAW_DECILES","ds004504__EC","CN_vs_FTD","kTSP_k9_disjoint","F3_gamma_D10",5
"tier1_main","single_condition","single_condition","P0_derivative_amplitude_deciles","RAW_DECILES","ds006036__EO_or_photomark","CN_vs_FTD","kTSP_k5_disjoint","F3_gamma_D20",18
"tier1_main","single_condition","single_condition","P0_derivative_amplitude_deciles","RAW_DECILES","ds006036__EO_or_photomark","AD_FTD_vs_CN","kTSP_k9_disjoint","F3_gamma_D20",6
"tier1_main","single_condition","single_condition","P0_derivative_amplitude_deciles","RAW_DECILES","ds006036__EO_or_photomark","AD_vs_FTD","kTSP_k9_nondisjoint","F3_gamma_D20",7
"tier1_main","single_condition","single_condition","P0_derivative_amplitude_deciles","RAW_DECILES","ds006036__EO_or_photomark","CN_vs_FTD","kTSP_k5_disjoint","F3_gamma_D30",25
"tier1_main","single_condition","single_condition","P0_derivative_amplitude_deciles","RAW_DECILES","ds006036__EO_or_photomark","AD_FTD_vs_CN","kTSP_k9_disjoint","F3_gamma_D30",4
"tier1_main","single_condition","single_condition","P0_derivative_amplitude_deciles","RAW_DECILES","ds004504__EC","CN_vs_FTD","kTSP_k9_disjoint","F3_gamma_D30",2
"tier1_main","single_condition","single_condition","P0_derivative_amplitude_deciles","RAW_DECILES","ds004504__EC","CN_vs_FTD","kTSP_k9_disjoint","F3_gamma_D40",1
"tier1_main","single_condition","single_condition","P0_derivative_amplitude_deciles","RAW_DECILES","ds006036__EO_or_photomark","CN_vs_FTD","kTSP_k5_disjoint","F3_gamma_D60",5
"tier1_main","single_condition","single_condition","P0_derivative_amplitude_deciles","RAW_DECILES","ds006036__EO_or_photomark","CN_vs_FTD","kTSP_k5_disjoint","F3_gamma_D70",44
"tier1_main","single_condition","single_condition","P0_derivative_amplitude_deciles","RAW_DECILES","ds006036__EO_or_photomark","AD_FTD_vs_CN","kTSP_k9_disjoint","F3_gamma_D70",8
"tier1_main","single_condition","single_condition","P0_derivative_amplitude_deciles","RAW_DECILES","ds004504__EC","AD_vs_FTD","kTSP_k9_disjoint","F3_gamma_D70",1
"tier1_main","single_condition","single_condition","P0_derivative_amplitude_deciles","RAW_DECILES","ds004504__EC","CN_vs_FTD","kTSP_k9_disjoint","F3_gamma_D70",2
"tier1_main","single_condition","single_condition","P0_derivative_amplitude_deciles","RAW_DECILES","ds006036__EO_or_photomark","CN_vs_FTD","kTSP_k5_disjoint","F3_gamma_D80",12
"tier1_main","single_condition","single_condition","P0_derivative_amplitude_deciles","RAW_DECILES","ds006036__EO_or_photomark","AD_FTD_vs_CN","kTSP_k9_disjoint","F3_gamma_D80",2
"tier1_main","single_condition","single_condition","P0_derivative_amplitude_deciles","RAW_DECILES","ds006036__EO_or_photomark","AD_vs_FTD","kTSP_k9_nondisjoint","F3_gamma_D80",8
"tier1_main","single_condition","single_condition","P0_derivative_amplitude_deciles","RAW_DECILES","ds006036__EO_or_photomark","CN_vs_FTD","kTSP_k5_disjoint","F3_gamma_D90",4
"tier1_main","single_condition","single_condition","P0_derivative_amplitude_deciles","RAW_DECILES","ds004504__EC","AD_FTD_vs_CN","kTSP_k9_disjoint","F3_gamma_D90",1
"tier1_main","single_condition","single_condition","P0_derivative_amplitude_deciles","RAW_DECILES","ds006036__EO_or_photomark","AD_FTD_vs_CN","kTSP_k9_disjoint","F3_gamma_D90",3
"tier1_main","single_condition","single_condition","P0_derivative_amplitude_deciles","RAW_DECILES","ds004504__EC","CN_vs_FTD","kTSP_k9_disjoint","F3_gamma_D90",7
"tier1_main","single_condition","single_condition","P0_derivative_amplitude_deciles","DERIVED_DECILES_ALL","ds006036__EO_or_photomark","CN_vs_FTD","kTSP_k9_disjoint","F3_gamma_lower_tail",13
"tier4_pooled","pooled_condition","POOLED_EC_EO_subject_grouped","P0_derivative_amplitude_deciles","DERIVED_DECILES_ALL","POOLED_EC_EO_subject_grouped","CN_vs_FTD","kTSP_k9_disjoint","F3_gamma_lower_tail",1
"tier1_main","single_condition","single_condition","P1_psd_bandpower_from_derivatives","PSD_ABSOLUTE_CHANNEL_BAND","ds006036__EO_or_photomark","AD_vs_FTD","kTSP_k9_disjoint","F3_gamma_psd_abs",1
"tier1_main","single_condition","single_condition","P1_psd_bandpower_from_derivatives","PSD_ABSOLUTE_CHANNEL_BAND","ds004504__EC","CN_vs_FTD","kTSP_k9_disjoint","F3_gamma_psd_abs",2
"tier1_main","single_condition","single_condition","P0_derivative_amplitude_deciles","DERIVED_DECILES_ALL","ds004504__EC","AD_vs_FTD","kTSP_CV_nondisjoint","F3_gamma_shape_asymmetry",16
"tier2_cross_condition","cross_condition_transfer","EC_train__EO_photo_test","P0_derivative_amplitude_deciles","DERIVED_DECILES_ALL","EC_train__EO_photo_test","AD_vs_FTD","kTSP_k3_nondisjoint","F3_gamma_shape_asymmetry",1
"tier1_main","single_condition","single_condition","P0_derivative_amplitude_deciles","DERIVED_DECILES_ALL","ds006036__EO_or_photomark","AD_vs_FTD","kTSP_k9_disjoint","F3_gamma_shape_asymmetry",1
"tier1_main","single_condition","single_condition","P0_derivative_amplitude_deciles","DERIVED_DECILES_ALL","ds004504__EC","CN_vs_FTD","kTSP_k9_disjoint","F3_gamma_spread_80_20",2
"tier1_main","single_condition","single_condition","P0_derivative_amplitude_deciles","DERIVED_DECILES_ALL","ds006036__EO_or_photomark","CN_vs_FTD","kTSP_k9_disjoint","F3_gamma_spread_80_20",14
"tier4_pooled","pooled_condition","POOLED_EC_EO_subject_grouped","P0_derivative_amplitude_deciles","DERIVED_DECILES_ALL","POOLED_EC_EO_subject_grouped","CN_vs_FTD","kTSP_k9_disjoint","F3_gamma_spread_80_20",8
"tier2_cross_condition","cross_condition_transfer","EO_photo_train__EC_test","P0_derivative_amplitude_deciles","DERIVED_DECILES_ALL","EO_photo_train__EC_test","CN_vs_FTD","kTSP_k3_disjoint","F3_gamma_spread_90_10",1
"tier1_main","single_condition","single_condition","P0_derivative_amplitude_deciles","DERIVED_DECILES_ALL","ds006036__EO_or_photomark","AD_FTD_vs_CN","kTSP_k9_disjoint","F3_gamma_spread_90_10",7
"tier1_main","single_condition","single_condition","P0_derivative_amplitude_deciles","DERIVED_DECILES_ALL","ds006036__EO_or_photomark","AD_vs_FTD","kTSP_k9_disjoint","F3_gamma_spread_90_10",4
"tier1_main","single_condition","single_condition","P0_derivative_amplitude_deciles","DERIVED_DECILES_ALL","ds004504__EC","CN_vs_FTD","kTSP_k9_disjoint","F3_gamma_spread_90_10",9
"tier1_main","single_condition","single_condition","P0_derivative_amplitude_deciles","DERIVED_DECILES_ALL","ds006036__EO_or_photomark","CN_vs_FTD","kTSP_k9_disjoint","F3_gamma_spread_90_10",59
"tier4_pooled","pooled_condition","POOLED_EC_EO_subject_grouped","P0_derivative_amplitude_deciles","DERIVED_DECILES_ALL","POOLED_EC_EO_subject_grouped","CN_vs_FTD","kTSP_k9_disjoint","F3_gamma_spread_90_10",14
"tier1_main","single_condition","single_condition","P0_derivative_amplitude_deciles","DERIVED_DECILES_ALL","ds006036__EO_or_photomark","CN_vs_FTD","kTSP_k9_disjoint","F3_gamma_upper_tail",8
"tier4_pooled","pooled_condition","POOLED_EC_EO_subject_grouped","P0_derivative_amplitude_deciles","DERIVED_DECILES_ALL","POOLED_EC_EO_subject_grouped","CN_vs_FTD","kTSP_k9_disjoint","F3_gamma_upper_tail",1
"tier1_main","single_condition","single_condition","P0_derivative_amplitude_deciles","RAW_DECILES","ds004504__EC","AD_FTD_vs_CN","kTSP_k9_disjoint","F3_theta_D10",6
"tier1_main","single_condition","single_condition","P0_derivative_amplitude_deciles","RAW_DECILES","ds004504__EC","AD_vs_CN","kTSP_k9_disjoint","F3_theta_D10",1
"tier1_main","single_condition","single_condition","P0_derivative_amplitude_deciles","RAW_DECILES","ds006036__EO_or_photomark","AD_vs_CN","kTSP_k9_disjoint","F3_theta_D10",5
"tier1_main","single_condition","single_condition","P0_derivative_amplitude_deciles","RAW_DECILES","ds006036__EO_or_photomark","CN_vs_FTD","kTSP_k5_disjoint","F3_theta_D20",1
"tier1_main","single_condition","single_condition","P0_derivative_amplitude_deciles","RAW_DECILES","ds004504__EC","AD_FTD_vs_CN","kTSP_k9_disjoint","F3_theta_D20",5
"tier1_main","single_condition","single_condition","P0_derivative_amplitude_deciles","RAW_DECILES","ds006036__EO_or_photomark","AD_FTD_vs_CN","kTSP_k9_disjoint","F3_theta_D20",1
"tier1_main","single_condition","single_condition","P0_derivative_amplitude_deciles","RAW_DECILES","ds004504__EC","AD_vs_CN","kTSP_k9_disjoint","F3_theta_D20",26
"tier1_main","single_condition","single_condition","P0_derivative_amplitude_deciles","RAW_DECILES","ds006036__EO_or_photomark","AD_vs_CN","kTSP_k9_disjoint","F3_theta_D20",10
"tier1_main","single_condition","single_condition","P0_derivative_amplitude_deciles","RAW_DECILES","ds004504__EC","AD_FTD_vs_CN","kTSP_k9_disjoint","F3_theta_D30",1
"tier1_main","single_condition","single_condition","P0_derivative_amplitude_deciles","RAW_DECILES","ds004504__EC","AD_vs_CN","kTSP_k9_disjoint","F3_theta_D30",5
"tier1_main","single_condition","single_condition","P0_derivative_amplitude_deciles","RAW_DECILES","ds006036__EO_or_photomark","AD_vs_CN","kTSP_k9_disjoint","F3_theta_D30",7
"tier1_main","single_condition","single_condition","P0_derivative_amplitude_deciles","RAW_DECILES","ds004504__EC","AD_vs_FTD","kTSP_k9_disjoint","F3_theta_D30",5
"tier1_main","single_condition","single_condition","P0_derivative_amplitude_deciles","RAW_DECILES","ds006036__EO_or_photomark","AD_vs_FTD","kTSP_k9_nondisjoint","F3_theta_D30",20
"tier1_main","single_condition","single_condition","P0_derivative_amplitude_deciles","RAW_DECILES","ds006036__EO_or_photomark","AD_vs_CN","kTSP_k9_disjoint","F3_theta_D40",1
"tier1_main","single_condition","single_condition","P0_derivative_amplitude_deciles","RAW_DECILES","ds004504__EC","AD_vs_FTD","kTSP_k9_disjoint","F3_theta_D40",1
"tier1_main","single_condition","single_condition","P0_derivative_amplitude_deciles","RAW_DECILES","ds006036__EO_or_photomark","AD_vs_FTD","kTSP_k9_nondisjoint","F3_theta_D40",1
"tier1_main","single_condition","single_condition","P0_derivative_amplitude_deciles","RAW_DECILES","ds004504__EC","AD_vs_CN","kTSP_k9_disjoint","F3_theta_D70",1
"tier1_main","single_condition","single_condition","P0_derivative_amplitude_deciles","RAW_DECILES","ds004504__EC","AD_vs_FTD","kTSP_k9_disjoint","F3_theta_D70",2
"tier1_main","single_condition","single_condition","P0_derivative_amplitude_deciles","RAW_DECILES","ds006036__EO_or_photomark","AD_vs_FTD","kTSP_k9_nondisjoint","F3_theta_D70",14
"tier1_main","single_condition","single_condition","P0_derivative_amplitude_deciles","RAW_DECILES","ds004504__EC","AD_FTD_vs_CN","kTSP_k9_disjoint","F3_theta_D80",2
"tier1_main","single_condition","single_condition","P0_derivative_amplitude_deciles","RAW_DECILES","ds004504__EC","AD_vs_CN","kTSP_k9_disjoint","F3_theta_D80",2
"tier1_main","single_condition","single_condition","P0_derivative_amplitude_deciles","RAW_DECILES","ds006036__EO_or_photomark","AD_vs_CN","kTSP_k9_disjoint","F3_theta_D80",5
"tier1_main","single_condition","single_condition","P0_derivative_amplitude_deciles","RAW_DECILES","ds004504__EC","AD_FTD_vs_CN","kTSP_k9_disjoint","F3_theta_D90",1
"tier1_main","single_condition","single_condition","P0_derivative_amplitude_deciles","RAW_DECILES","ds004504__EC","AD_vs_CN","kTSP_k9_disjoint","F3_theta_D90",1
"tier1_main","single_condition","single_condition","P0_derivative_amplitude_deciles","RAW_DECILES","ds006036__EO_or_photomark","AD_vs_CN","kTSP_k9_disjoint","F3_theta_D90",4
"tier1_main","single_condition","single_condition","P0_derivative_amplitude_deciles","RAW_DECILES","ds004504__EC","CN_vs_FTD","kTSP_k9_disjoint","F3_theta_D90",3
"tier1_main","single_condition","single_condition","P0_derivative_amplitude_deciles","DERIVED_DECILES_ALL","ds004504__EC","AD_vs_FTD","kTSP_CV_nondisjoint","F3_theta_lower_tail",1
"tier1_main","single_condition","single_condition","P0_derivative_amplitude_deciles","DERIVED_DECILES_ALL","ds004504__EC","AD_FTD_vs_CN","kTSP_k9_disjoint","F3_theta_lower_tail",3
"tier4_pooled","pooled_condition","POOLED_EC_EO_subject_grouped","P0_derivative_amplitude_deciles","DERIVED_DECILES_ALL","POOLED_EC_EO_subject_grouped","AD_FTD_vs_CN","kTSP_k9_disjoint","F3_theta_lower_tail",3
"tier1_main","single_condition","single_condition","P0_derivative_amplitude_deciles","DERIVED_DECILES_ALL","ds004504__EC","AD_vs_CN","kTSP_k9_disjoint","F3_theta_lower_tail",1
"tier4_pooled","pooled_condition","POOLED_EC_EO_subject_grouped","P0_derivative_amplitude_deciles","DERIVED_DECILES_ALL","POOLED_EC_EO_subject_grouped","AD_vs_CN","kTSP_k9_disjoint","F3_theta_lower_tail",1
"tier1_main","single_condition","single_condition","P0_derivative_amplitude_deciles","DERIVED_DECILES_ALL","ds004504__EC","CN_vs_FTD","kTSP_k9_disjoint","F3_theta_lower_tail",1
"tier4_pooled","pooled_condition","POOLED_EC_EO_subject_grouped","P0_derivative_amplitude_deciles","DERIVED_DECILES_ALL","POOLED_EC_EO_subject_grouped","CN_vs_FTD","kTSP_k9_disjoint","F3_theta_lower_tail",1
"tier1_main","single_condition","single_condition","P1_psd_bandpower_from_derivatives","PSD_ABSOLUTE_CHANNEL_BAND","ds004504__EC","AD_vs_FTD","kTSP_CV_disjoint","F3_theta_psd_abs",2
"tier1_main","single_condition","single_condition","P1_psd_bandpower_from_derivatives","PSD_ABSOLUTE_CHANNEL_BAND","ds004504__EC","AD_FTD_vs_CN","kTSP_k9_disjoint","F3_theta_psd_abs",1
"tier1_main","single_condition","single_condition","P1_psd_bandpower_from_derivatives","PSD_ABSOLUTE_CHANNEL_BAND","ds004504__EC","AD_vs_CN","kTSP_k9_disjoint","F3_theta_psd_abs",17
"tier1_main","single_condition","single_condition","P1_psd_bandpower_from_derivatives","PSD_ABSOLUTE_CHANNEL_BAND","ds006036__EO_or_photomark","AD_vs_CN","kTSP_k9_disjoint","F3_theta_psd_abs",3
"tier4_pooled","pooled_condition","POOLED_EC_EO_subject_grouped","P0_derivative_amplitude_deciles","DERIVED_DECILES_ALL","POOLED_EC_EO_subject_grouped","AD_FTD_vs_CN","kTSP_k9_disjoint","F3_theta_spread_80_20",1
"tier1_main","single_condition","single_condition","P0_derivative_amplitude_deciles","DERIVED_DECILES_ALL","ds004504__EC","AD_vs_CN","kTSP_k9_disjoint","F3_theta_spread_80_20",1
"tier4_pooled","pooled_condition","POOLED_EC_EO_subject_grouped","P0_derivative_amplitude_deciles","DERIVED_DECILES_ALL","POOLED_EC_EO_subject_grouped","AD_vs_CN","kTSP_k9_disjoint","F3_theta_spread_80_20",4
"tier4_pooled","pooled_condition","POOLED_EC_EO_subject_grouped","P0_derivative_amplitude_deciles","DERIVED_DECILES_ALL","POOLED_EC_EO_subject_grouped","AD_vs_FTD","kTSP_k9_disjoint","F3_theta_spread_80_20",3
"tier1_main","single_condition","single_condition","P0_derivative_amplitude_deciles","DERIVED_DECILES_ALL","ds006036__EO_or_photomark","CN_vs_FTD","kTSP_k9_disjoint","F3_theta_spread_80_20",2
"tier1_main","single_condition","single_condition","P0_derivative_amplitude_deciles","DERIVED_DECILES_ALL","ds006036__EO_or_photomark","AD_vs_CN","kTSP_k9_disjoint","F3_theta_spread_90_10",1
"tier1_main","single_condition","single_condition","P0_derivative_amplitude_deciles","DERIVED_DECILES_ALL","ds004504__EC","CN_vs_FTD","kTSP_k9_disjoint","F3_theta_spread_90_10",2
"tier1_main","single_condition","single_condition","P0_derivative_amplitude_deciles","DERIVED_DECILES_ALL","ds004504__EC","AD_vs_CN","kTSP_k9_disjoint","F3_theta_upper_tail",2
"tier1_main","single_condition","single_condition","P0_derivative_amplitude_deciles","DERIVED_DECILES_ALL","ds006036__EO_or_photomark","AD_vs_CN","kTSP_k9_disjoint","F3_theta_upper_tail",1
"tier4_pooled","pooled_condition","POOLED_EC_EO_subject_grouped","P0_derivative_amplitude_deciles","DERIVED_DECILES_ALL","POOLED_EC_EO_subject_grouped","AD_vs_CN","kTSP_k9_disjoint","F3_theta_upper_tail",2
"tier1_main","single_condition","single_condition","P0_derivative_amplitude_deciles","DERIVED_DECILES_ALL","ds006036__EO_or_photomark","AD_vs_FTD","kTSP_k9_disjoint","F3_theta_upper_tail",3
"tier4_pooled","pooled_condition","POOLED_EC_EO_subject_grouped","P0_derivative_amplitude_deciles","DERIVED_DECILES_ALL","POOLED_EC_EO_subject_grouped","AD_vs_FTD","kTSP_k9_disjoint","F3_theta_upper_tail",6
"tier1_main","single_condition","single_condition","P0_derivative_amplitude_deciles","DERIVED_DECILES_ALL","ds004504__EC","CN_vs_FTD","kTSP_k9_disjoint","F3_theta_upper_tail",2
"tier1_main","single_condition","single_condition","P0_derivative_amplitude_deciles","RAW_DECILES","ds006036__EO_or_photomark","AD_vs_FTD","kTSP_k9_nondisjoint","F4_alpha_D20",2
"tier1_main","single_condition","single_condition","P0_derivative_amplitude_deciles","RAW_DECILES","ds006036__EO_or_photomark","CN_vs_FTD","kTSP_k5_disjoint","F4_alpha_D30",1
"tier1_main","single_condition","single_condition","P0_derivative_amplitude_deciles","RAW_DECILES","ds006036__EO_or_photomark","AD_vs_FTD","kTSP_k9_nondisjoint","F4_alpha_D30",1
"tier1_main","single_condition","single_condition","P0_derivative_amplitude_deciles","RAW_DECILES","ds004504__EC","AD_vs_FTD","kTSP_k9_disjoint","F4_alpha_D40",6
"tier1_main","single_condition","single_condition","P0_derivative_amplitude_deciles","RAW_DECILES","ds006036__EO_or_photomark","AD_vs_FTD","kTSP_k9_nondisjoint","F4_alpha_D70",12
"tier1_main","single_condition","single_condition","P0_derivative_amplitude_deciles","DERIVED_DECILES_ALL","ds006036__EO_or_photomark","AD_vs_FTD","kTSP_k9_disjoint","F4_alpha_lower_tail",1
"tier1_main","single_condition","single_condition","P0_derivative_amplitude_deciles","DERIVED_DECILES_ALL","ds006036__EO_or_photomark","CN_vs_FTD","kTSP_k9_disjoint","F4_alpha_lower_tail",1
"tier1_main","single_condition","single_condition","P1_psd_bandpower_from_derivatives","PSD_ABSOLUTE_CHANNEL_BAND","ds004504__EC","AD_vs_FTD","kTSP_CV_disjoint","F4_alpha_psd_abs",39
"tier1_main","single_condition","single_condition","P1_psd_bandpower_from_derivatives","PSD_ABSOLUTE_CHANNEL_BAND","ds006036__EO_or_photomark","AD_vs_FTD","kTSP_k9_disjoint","F4_alpha_psd_abs",3
"tier4_pooled","pooled_condition","POOLED_EC_EO_subject_grouped","P0_derivative_amplitude_deciles","DERIVED_DECILES_ALL","POOLED_EC_EO_subject_grouped","AD_vs_FTD","kTSP_k9_disjoint","F4_alpha_spread_80_20",1
"tier1_main","single_condition","single_condition","P0_derivative_amplitude_deciles","DERIVED_DECILES_ALL","ds006036__EO_or_photomark","AD_vs_FTD","kTSP_k9_disjoint","F4_alpha_upper_tail",8
"tier1_main","single_condition","single_condition","P0_derivative_amplitude_deciles","DERIVED_DECILES_ALL","ds004504__EC","CN_vs_FTD","kTSP_k9_disjoint","F4_beta_center",1
"tier1_main","single_condition","single_condition","P0_derivative_amplitude_deciles","RAW_DECILES","ds006036__EO_or_photomark","AD_FTD_vs_CN","kTSP_k9_disjoint","F4_beta_D10",2
"tier1_main","single_condition","single_condition","P0_derivative_amplitude_deciles","RAW_DECILES","ds004504__EC","AD_FTD_vs_CN","kTSP_k9_disjoint","F4_beta_D20",1
"tier1_main","single_condition","single_condition","P0_derivative_amplitude_deciles","RAW_DECILES","ds006036__EO_or_photomark","AD_FTD_vs_CN","kTSP_k9_disjoint","F4_beta_D20",1
"tier1_main","single_condition","single_condition","P0_derivative_amplitude_deciles","RAW_DECILES","ds006036__EO_or_photomark","AD_vs_CN","kTSP_k9_disjoint","F4_beta_D20",1
"tier1_main","single_condition","single_condition","P0_derivative_amplitude_deciles","RAW_DECILES","ds006036__EO_or_photomark","AD_FTD_vs_CN","kTSP_k9_disjoint","F4_beta_D60",1
"tier1_main","single_condition","single_condition","P0_derivative_amplitude_deciles","RAW_DECILES","ds004504__EC","AD_FTD_vs_CN","kTSP_k9_disjoint","F4_beta_D80",1
"tier1_main","single_condition","single_condition","P0_derivative_amplitude_deciles","RAW_DECILES","ds006036__EO_or_photomark","AD_FTD_vs_CN","kTSP_k9_disjoint","F4_beta_D90",1
"tier1_main","single_condition","single_condition","P0_derivative_amplitude_deciles","DERIVED_DECILES_ALL","ds006036__EO_or_photomark","AD_FTD_vs_CN","kTSP_k9_disjoint","F4_beta_lower_tail",3
"tier1_main","single_condition","single_condition","P0_derivative_amplitude_deciles","DERIVED_DECILES_ALL","ds006036__EO_or_photomark","CN_vs_FTD","kTSP_k9_disjoint","F4_beta_lower_tail",4
"tier1_main","single_condition","single_condition","P1_psd_bandpower_from_derivatives","PSD_ABSOLUTE_CHANNEL_BAND","ds006036__EO_or_photomark","CN_vs_FTD","kTSP_k3_disjoint","F4_beta_psd_abs",54
"tier1_main","single_condition","single_condition","P1_psd_bandpower_from_derivatives","PSD_ABSOLUTE_CHANNEL_BAND","ds004504__EC","AD_FTD_vs_CN","kTSP_k9_disjoint","F4_beta_psd_abs",25
"tier1_main","single_condition","single_condition","P1_psd_bandpower_from_derivatives","PSD_ABSOLUTE_CHANNEL_BAND","ds006036__EO_or_photomark","AD_FTD_vs_CN","kTSP_k9_disjoint","F4_beta_psd_abs",8
"tier1_main","single_condition","single_condition","P1_psd_bandpower_from_derivatives","PSD_ABSOLUTE_CHANNEL_BAND","ds004504__EC","AD_vs_CN","kTSP_k9_disjoint","F4_beta_psd_abs",14
"tier1_main","single_condition","single_condition","P1_psd_bandpower_from_derivatives","PSD_ABSOLUTE_CHANNEL_BAND","ds006036__EO_or_photomark","AD_vs_CN","kTSP_k9_disjoint","F4_beta_psd_abs",3
"tier1_main","single_condition","single_condition","P1_psd_bandpower_from_derivatives","PSD_ABSOLUTE_CHANNEL_BAND","ds006036__EO_or_photomark","AD_vs_FTD","kTSP_k9_disjoint","F4_beta_psd_abs",10
"tier1_main","single_condition","single_condition","P1_psd_bandpower_from_derivatives","PSD_ABSOLUTE_CHANNEL_BAND","ds004504__EC","CN_vs_FTD","kTSP_k9_disjoint","F4_beta_psd_abs",69
"tier1_main","single_condition","single_condition","P0_derivative_amplitude_deciles","DERIVED_DECILES_ALL","ds006036__EO_or_photomark","AD_vs_FTD","kTSP_k9_disjoint","F4_beta_shape_asymmetry",15
"tier4_pooled","pooled_condition","POOLED_EC_EO_subject_grouped","P0_derivative_amplitude_deciles","DERIVED_DECILES_ALL","POOLED_EC_EO_subject_grouped","AD_vs_FTD","kTSP_k9_disjoint","F4_beta_shape_asymmetry",2
"tier1_main","single_condition","single_condition","P0_derivative_amplitude_deciles","DERIVED_DECILES_ALL","ds004504__EC","AD_FTD_vs_CN","kTSP_k9_disjoint","F4_beta_spread_80_20",4
"tier1_main","single_condition","single_condition","P0_derivative_amplitude_deciles","DERIVED_DECILES_ALL","ds006036__EO_or_photomark","AD_FTD_vs_CN","kTSP_k9_disjoint","F4_beta_spread_80_20",1
"tier4_pooled","pooled_condition","POOLED_EC_EO_subject_grouped","P0_derivative_amplitude_deciles","DERIVED_DECILES_ALL","POOLED_EC_EO_subject_grouped","AD_FTD_vs_CN","kTSP_k9_disjoint","F4_beta_spread_80_20",1
"tier1_main","single_condition","single_condition","P0_derivative_amplitude_deciles","DERIVED_DECILES_ALL","ds004504__EC","AD_vs_CN","kTSP_k9_disjoint","F4_beta_spread_80_20",3
"tier1_main","single_condition","single_condition","P0_derivative_amplitude_deciles","DERIVED_DECILES_ALL","ds006036__EO_or_photomark","AD_vs_CN","kTSP_k9_disjoint","F4_beta_spread_80_20",2
"tier4_pooled","pooled_condition","POOLED_EC_EO_subject_grouped","P0_derivative_amplitude_deciles","DERIVED_DECILES_ALL","POOLED_EC_EO_subject_grouped","AD_vs_CN","kTSP_k9_disjoint","F4_beta_spread_80_20",6
"tier1_main","single_condition","single_condition","P0_derivative_amplitude_deciles","DERIVED_DECILES_ALL","ds006036__EO_or_photomark","CN_vs_FTD","kTSP_k9_disjoint","F4_beta_spread_80_20",1
"tier1_main","single_condition","single_condition","P0_derivative_amplitude_deciles","DERIVED_DECILES_ALL","ds004504__EC","AD_FTD_vs_CN","kTSP_k9_disjoint","F4_beta_spread_90_10",3
"tier1_main","single_condition","single_condition","P0_derivative_amplitude_deciles","DERIVED_DECILES_ALL","ds006036__EO_or_photomark","AD_FTD_vs_CN","kTSP_k9_disjoint","F4_beta_spread_90_10",1
"tier4_pooled","pooled_condition","POOLED_EC_EO_subject_grouped","P0_derivative_amplitude_deciles","DERIVED_DECILES_ALL","POOLED_EC_EO_subject_grouped","AD_FTD_vs_CN","kTSP_k9_disjoint","F4_beta_spread_90_10",1
"tier1_main","single_condition","single_condition","P0_derivative_amplitude_deciles","DERIVED_DECILES_ALL","ds004504__EC","AD_vs_CN","kTSP_k9_disjoint","F4_beta_spread_90_10",3
"tier1_main","single_condition","single_condition","P0_derivative_amplitude_deciles","DERIVED_DECILES_ALL","ds006036__EO_or_photomark","AD_vs_FTD","kTSP_k9_disjoint","F4_beta_spread_90_10",2
"tier1_main","single_condition","single_condition","P0_derivative_amplitude_deciles","DERIVED_DECILES_ALL","ds004504__EC","CN_vs_FTD","kTSP_k9_disjoint","F4_beta_spread_90_10",7
"tier4_pooled","pooled_condition","POOLED_EC_EO_subject_grouped","P0_derivative_amplitude_deciles","DERIVED_DECILES_ALL","POOLED_EC_EO_subject_grouped","CN_vs_FTD","kTSP_k9_disjoint","F4_beta_spread_90_10",1
"tier1_main","single_condition","single_condition","P0_derivative_amplitude_deciles","DERIVED_DECILES_ALL","ds006036__EO_or_photomark","AD_FTD_vs_CN","kTSP_k9_disjoint","F4_beta_upper_tail",1
"tier1_main","single_condition","single_condition","P0_derivative_amplitude_deciles","DERIVED_DECILES_ALL","ds006036__EO_or_photomark","AD_vs_FTD","kTSP_k9_disjoint","F4_delta_center",35
"tier2_cross_condition","cross_condition_transfer","EO_photo_train__EC_test","P0_derivative_amplitude_deciles","DERIVED_DECILES_ALL","EO_photo_train__EC_test","AD_vs_FTD","kTSP_k9_disjoint","F4_delta_center",1
"tier1_main","single_condition","single_condition","P0_derivative_amplitude_deciles","RAW_DECILES","ds006036__EO_or_photomark","AD_vs_FTD","kTSP_k9_nondisjoint","F4_delta_D50",4
"tier1_main","single_condition","single_condition","P0_derivative_amplitude_deciles","RAW_DECILES","ds006036__EO_or_photomark","CN_vs_FTD","kTSP_k5_disjoint","F4_delta_D90",1
"tier1_main","single_condition","single_condition","P1_psd_bandpower_from_derivatives","PSD_ABSOLUTE_CHANNEL_BAND","ds004504__EC","AD_vs_FTD","kTSP_CV_disjoint","F4_delta_psd_abs",5
"tier4_pooled","pooled_condition","POOLED_EC_EO_subject_grouped","P0_derivative_amplitude_deciles","DERIVED_DECILES_ALL","POOLED_EC_EO_subject_grouped","AD_vs_FTD","kTSP_k9_disjoint","F4_delta_upper_tail",1
"tier1_main","single_condition","single_condition","P0_derivative_amplitude_deciles","RAW_DECILES","ds006036__EO_or_photomark","CN_vs_FTD","kTSP_k5_disjoint","F4_gamma_D10",5
"tier1_main","single_condition","single_condition","P0_derivative_amplitude_deciles","RAW_DECILES","ds004504__EC","AD_FTD_vs_CN","kTSP_k9_disjoint","F4_gamma_D10",1
"tier1_main","single_condition","single_condition","P0_derivative_amplitude_deciles","RAW_DECILES","ds006036__EO_or_photomark","AD_FTD_vs_CN","kTSP_k9_disjoint","F4_gamma_D10",25
"tier1_main","single_condition","single_condition","P0_derivative_amplitude_deciles","RAW_DECILES","ds006036__EO_or_photomark","AD_vs_CN","kTSP_k9_disjoint","F4_gamma_D10",10
"tier1_main","single_condition","single_condition","P0_derivative_amplitude_deciles","RAW_DECILES","ds006036__EO_or_photomark","CN_vs_FTD","kTSP_k5_disjoint","F4_gamma_D20",3
"tier1_main","single_condition","single_condition","P0_derivative_amplitude_deciles","RAW_DECILES","ds006036__EO_or_photomark","AD_vs_FTD","kTSP_k9_nondisjoint","F4_gamma_D20",2
"tier1_main","single_condition","single_condition","P0_derivative_amplitude_deciles","RAW_DECILES","ds006036__EO_or_photomark","CN_vs_FTD","kTSP_k5_disjoint","F4_gamma_D30",3
"tier1_main","single_condition","single_condition","P0_derivative_amplitude_deciles","RAW_DECILES","ds004504__EC","AD_FTD_vs_CN","kTSP_k9_disjoint","F4_gamma_D30",6
"tier1_main","single_condition","single_condition","P0_derivative_amplitude_deciles","RAW_DECILES","ds006036__EO_or_photomark","AD_FTD_vs_CN","kTSP_k9_disjoint","F4_gamma_D30",7
"tier1_main","single_condition","single_condition","P0_derivative_amplitude_deciles","RAW_DECILES","ds004504__EC","AD_vs_CN","kTSP_k9_disjoint","F4_gamma_D30",1
"tier1_main","single_condition","single_condition","P0_derivative_amplitude_deciles","RAW_DECILES","ds004504__EC","CN_vs_FTD","kTSP_k9_disjoint","F4_gamma_D30",21
"tier1_main","single_condition","single_condition","P0_derivative_amplitude_deciles","RAW_DECILES","ds006036__EO_or_photomark","CN_vs_FTD","kTSP_k5_disjoint","F4_gamma_D60",2
"tier1_main","single_condition","single_condition","P0_derivative_amplitude_deciles","RAW_DECILES","ds006036__EO_or_photomark","AD_vs_FTD","kTSP_k9_nondisjoint","F4_gamma_D60",1
"tier1_main","single_condition","single_condition","P0_derivative_amplitude_deciles","RAW_DECILES","ds006036__EO_or_photomark","CN_vs_FTD","kTSP_k5_disjoint","F4_gamma_D70",18
"tier1_main","single_condition","single_condition","P0_derivative_amplitude_deciles","RAW_DECILES","ds004504__EC","AD_FTD_vs_CN","kTSP_k9_disjoint","F4_gamma_D70",3
"tier1_main","single_condition","single_condition","P0_derivative_amplitude_deciles","RAW_DECILES","ds006036__EO_or_photomark","AD_FTD_vs_CN","kTSP_k9_disjoint","F4_gamma_D70",11
"tier1_main","single_condition","single_condition","P0_derivative_amplitude_deciles","RAW_DECILES","ds004504__EC","AD_vs_CN","kTSP_k9_disjoint","F4_gamma_D70",1
"tier1_main","single_condition","single_condition","P0_derivative_amplitude_deciles","RAW_DECILES","ds004504__EC","CN_vs_FTD","kTSP_k9_disjoint","F4_gamma_D70",23
"tier1_main","single_condition","single_condition","P0_derivative_amplitude_deciles","RAW_DECILES","ds006036__EO_or_photomark","CN_vs_FTD","kTSP_k5_disjoint","F4_gamma_D80",1
"tier1_main","single_condition","single_condition","P0_derivative_amplitude_deciles","RAW_DECILES","ds006036__EO_or_photomark","CN_vs_FTD","kTSP_k5_disjoint","F4_gamma_D90",11
"tier1_main","single_condition","single_condition","P0_derivative_amplitude_deciles","RAW_DECILES","ds004504__EC","AD_FTD_vs_CN","kTSP_k9_disjoint","F4_gamma_D90",1
"tier1_main","single_condition","single_condition","P0_derivative_amplitude_deciles","RAW_DECILES","ds006036__EO_or_photomark","AD_FTD_vs_CN","kTSP_k9_disjoint","F4_gamma_D90",34
"tier1_main","single_condition","single_condition","P0_derivative_amplitude_deciles","RAW_DECILES","ds006036__EO_or_photomark","AD_vs_CN","kTSP_k9_disjoint","F4_gamma_D90",8
"tier1_main","single_condition","single_condition","P0_derivative_amplitude_deciles","DERIVED_DECILES_ALL","ds006036__EO_or_photomark","CN_vs_FTD","kTSP_k9_disjoint","F4_gamma_lower_tail",12
"tier4_pooled","pooled_condition","POOLED_EC_EO_subject_grouped","P0_derivative_amplitude_deciles","DERIVED_DECILES_ALL","POOLED_EC_EO_subject_grouped","CN_vs_FTD","kTSP_k9_disjoint","F4_gamma_lower_tail",1
"tier1_main","single_condition","single_condition","P1_psd_bandpower_from_derivatives","PSD_ABSOLUTE_CHANNEL_BAND","ds004504__EC","AD_vs_FTD","kTSP_CV_disjoint","F4_gamma_psd_abs",1
"tier1_main","single_condition","single_condition","P1_psd_bandpower_from_derivatives","PSD_ABSOLUTE_CHANNEL_BAND","ds006036__EO_or_photomark","AD_vs_FTD","kTSP_k9_disjoint","F4_gamma_psd_abs",1
"tier1_main","single_condition","single_condition","P0_derivative_amplitude_deciles","DERIVED_DECILES_ALL","ds006036__EO_or_photomark","AD_vs_FTD","kTSP_k9_disjoint","F4_gamma_shape_asymmetry",4
"tier4_pooled","pooled_condition","POOLED_EC_EO_subject_grouped","P0_derivative_amplitude_deciles","DERIVED_DECILES_ALL","POOLED_EC_EO_subject_grouped","AD_vs_FTD","kTSP_k9_disjoint","F4_gamma_shape_asymmetry",13
"tier1_main","single_condition","single_condition","P0_derivative_amplitude_deciles","DERIVED_DECILES_ALL","ds006036__EO_or_photomark","AD_vs_FTD","kTSP_k9_disjoint","F4_gamma_spread_80_20",1
"tier1_main","single_condition","single_condition","P0_derivative_amplitude_deciles","DERIVED_DECILES_ALL","ds006036__EO_or_photomark","CN_vs_FTD","kTSP_k9_disjoint","F4_gamma_spread_80_20",2
"tier1_main","single_condition","single_condition","P0_derivative_amplitude_deciles","DERIVED_DECILES_ALL","ds004504__EC","AD_FTD_vs_CN","kTSP_k9_disjoint","F4_gamma_spread_90_10",2
"tier1_main","single_condition","single_condition","P0_derivative_amplitude_deciles","DERIVED_DECILES_ALL","ds006036__EO_or_photomark","AD_FTD_vs_CN","kTSP_k9_disjoint","F4_gamma_spread_90_10",16
"tier4_pooled","pooled_condition","POOLED_EC_EO_subject_grouped","P0_derivative_amplitude_deciles","DERIVED_DECILES_ALL","POOLED_EC_EO_subject_grouped","AD_FTD_vs_CN","kTSP_k9_disjoint","F4_gamma_spread_90_10",1
"tier1_main","single_condition","single_condition","P0_derivative_amplitude_deciles","DERIVED_DECILES_ALL","ds004504__EC","AD_vs_CN","kTSP_k9_disjoint","F4_gamma_spread_90_10",1
"tier1_main","single_condition","single_condition","P0_derivative_amplitude_deciles","DERIVED_DECILES_ALL","ds006036__EO_or_photomark","AD_vs_CN","kTSP_k9_disjoint","F4_gamma_spread_90_10",3
"tier1_main","single_condition","single_condition","P0_derivative_amplitude_deciles","DERIVED_DECILES_ALL","ds004504__EC","CN_vs_FTD","kTSP_k9_disjoint","F4_gamma_spread_90_10",15
"tier1_main","single_condition","single_condition","P0_derivative_amplitude_deciles","DERIVED_DECILES_ALL","ds006036__EO_or_photomark","CN_vs_FTD","kTSP_k9_disjoint","F4_gamma_spread_90_10",14
"tier4_pooled","pooled_condition","POOLED_EC_EO_subject_grouped","P0_derivative_amplitude_deciles","DERIVED_DECILES_ALL","POOLED_EC_EO_subject_grouped","CN_vs_FTD","kTSP_k9_disjoint","F4_gamma_spread_90_10",1
"tier1_main","single_condition","single_condition","P0_derivative_amplitude_deciles","DERIVED_DECILES_ALL","ds006036__EO_or_photomark","CN_vs_FTD","kTSP_k9_disjoint","F4_gamma_upper_tail",1
"tier1_main","single_condition","single_condition","P0_derivative_amplitude_deciles","DERIVED_DECILES_ALL","ds004504__EC","AD_vs_FTD","kTSP_CV_nondisjoint","F4_theta_center",4
"tier4_pooled","pooled_condition","POOLED_EC_EO_subject_grouped","P0_derivative_amplitude_deciles","DERIVED_DECILES_ALL","POOLED_EC_EO_subject_grouped","AD_vs_FTD","kTSP_k9_disjoint","F4_theta_center",7
"tier1_main","single_condition","single_condition","P0_derivative_amplitude_deciles","RAW_DECILES","ds006036__EO_or_photomark","AD_FTD_vs_CN","kTSP_k9_disjoint","F4_theta_D10",3
"tier1_main","single_condition","single_condition","P0_derivative_amplitude_deciles","RAW_DECILES","ds004504__EC","AD_vs_CN","kTSP_k9_disjoint","F4_theta_D10",1
"tier1_main","single_condition","single_condition","P0_derivative_amplitude_deciles","RAW_DECILES","ds006036__EO_or_photomark","AD_vs_CN","kTSP_k9_disjoint","F4_theta_D10",3
"tier1_main","single_condition","single_condition","P0_derivative_amplitude_deciles","RAW_DECILES","ds006036__EO_or_photomark","CN_vs_FTD","kTSP_k5_disjoint","F4_theta_D20",2
"tier1_main","single_condition","single_condition","P0_derivative_amplitude_deciles","RAW_DECILES","ds004504__EC","AD_FTD_vs_CN","kTSP_k9_disjoint","F4_theta_D20",3
"tier1_main","single_condition","single_condition","P0_derivative_amplitude_deciles","RAW_DECILES","ds004504__EC","AD_vs_CN","kTSP_k9_disjoint","F4_theta_D20",1
"tier1_main","single_condition","single_condition","P0_derivative_amplitude_deciles","RAW_DECILES","ds006036__EO_or_photomark","AD_vs_CN","kTSP_k9_disjoint","F4_theta_D20",2
"tier1_main","single_condition","single_condition","P0_derivative_amplitude_deciles","RAW_DECILES","ds004504__EC","AD_vs_CN","kTSP_k9_disjoint","F4_theta_D30",1
"tier1_main","single_condition","single_condition","P0_derivative_amplitude_deciles","RAW_DECILES","ds004504__EC","AD_vs_FTD","kTSP_k9_disjoint","F4_theta_D30",7
"tier1_main","single_condition","single_condition","P0_derivative_amplitude_deciles","RAW_DECILES","ds006036__EO_or_photomark","AD_vs_FTD","kTSP_k9_nondisjoint","F4_theta_D30",4
"tier1_main","single_condition","single_condition","P0_derivative_amplitude_deciles","RAW_DECILES","ds004504__EC","AD_vs_FTD","kTSP_k9_disjoint","F4_theta_D40",5
"tier1_main","single_condition","single_condition","P0_derivative_amplitude_deciles","RAW_DECILES","ds004504__EC","AD_FTD_vs_CN","kTSP_k9_disjoint","F4_theta_D60",1
"tier1_main","single_condition","single_condition","P0_derivative_amplitude_deciles","RAW_DECILES","ds004504__EC","AD_vs_CN","kTSP_k9_disjoint","F4_theta_D60",2
"tier1_main","single_condition","single_condition","P0_derivative_amplitude_deciles","RAW_DECILES","ds004504__EC","AD_vs_FTD","kTSP_k9_disjoint","F4_theta_D70",2
"tier1_main","single_condition","single_condition","P0_derivative_amplitude_deciles","RAW_DECILES","ds006036__EO_or_photomark","AD_vs_FTD","kTSP_k9_nondisjoint","F4_theta_D70",1
"tier1_main","single_condition","single_condition","P0_derivative_amplitude_deciles","RAW_DECILES","ds004504__EC","AD_FTD_vs_CN","kTSP_k9_disjoint","F4_theta_D90",1
"tier1_main","single_condition","single_condition","P0_derivative_amplitude_deciles","RAW_DECILES","ds006036__EO_or_photomark","AD_FTD_vs_CN","kTSP_k9_disjoint","F4_theta_D90",11
"tier1_main","single_condition","single_condition","P0_derivative_amplitude_deciles","RAW_DECILES","ds006036__EO_or_photomark","AD_vs_CN","kTSP_k9_disjoint","F4_theta_D90",10
"tier1_main","single_condition","single_condition","P1_psd_bandpower_from_derivatives","PSD_ABSOLUTE_CHANNEL_BAND","ds004504__EC","AD_vs_FTD","kTSP_CV_disjoint","F4_theta_psd_abs",16
"tier1_main","single_condition","single_condition","P1_psd_bandpower_from_derivatives","PSD_ABSOLUTE_CHANNEL_BAND","ds006036__EO_or_photomark","CN_vs_FTD","kTSP_k3_disjoint","F4_theta_psd_abs",2
"tier1_main","single_condition","single_condition","P1_psd_bandpower_from_derivatives","PSD_ABSOLUTE_CHANNEL_BAND","ds004504__EC","AD_FTD_vs_CN","kTSP_k9_disjoint","F4_theta_psd_abs",63
"tier1_main","single_condition","single_condition","P1_psd_bandpower_from_derivatives","PSD_ABSOLUTE_CHANNEL_BAND","ds004504__EC","AD_vs_CN","kTSP_k9_disjoint","F4_theta_psd_abs",3
"tier1_main","single_condition","single_condition","P1_psd_bandpower_from_derivatives","PSD_ABSOLUTE_CHANNEL_BAND","ds006036__EO_or_photomark","AD_vs_CN","kTSP_k9_disjoint","F4_theta_psd_abs",1
"tier1_main","single_condition","single_condition","P1_psd_bandpower_from_derivatives","PSD_ABSOLUTE_CHANNEL_BAND","ds004504__EC","CN_vs_FTD","kTSP_k9_disjoint","F4_theta_psd_abs",80
"tier1_main","single_condition","single_condition","P0_derivative_amplitude_deciles","DERIVED_DECILES_ALL","ds004504__EC","AD_vs_FTD","kTSP_CV_nondisjoint","F4_theta_shape_asymmetry",1
"tier1_main","single_condition","single_condition","P0_derivative_amplitude_deciles","DERIVED_DECILES_ALL","ds006036__EO_or_photomark","AD_vs_CN","kTSP_k9_disjoint","F4_theta_spread_80_20",1
"tier4_pooled","pooled_condition","POOLED_EC_EO_subject_grouped","P0_derivative_amplitude_deciles","DERIVED_DECILES_ALL","POOLED_EC_EO_subject_grouped","AD_vs_CN","kTSP_k9_disjoint","F4_theta_spread_90_10",2
"tier1_main","single_condition","single_condition","P0_derivative_amplitude_deciles","DERIVED_DECILES_ALL","ds004504__EC","AD_vs_CN","kTSP_k9_disjoint","F4_theta_upper_tail",2
"tier1_main","single_condition","single_condition","P0_derivative_amplitude_deciles","DERIVED_DECILES_ALL","ds006036__EO_or_photomark","AD_vs_CN","kTSP_k9_disjoint","F4_theta_upper_tail",1
"tier4_pooled","pooled_condition","POOLED_EC_EO_subject_grouped","P0_derivative_amplitude_deciles","DERIVED_DECILES_ALL","POOLED_EC_EO_subject_grouped","AD_vs_CN","kTSP_k9_disjoint","F4_theta_upper_tail",2
"tier1_main","single_condition","single_condition","P0_derivative_amplitude_deciles","DERIVED_DECILES_ALL","ds006036__EO_or_photomark","AD_vs_FTD","kTSP_k9_disjoint","F4_theta_upper_tail",1
"tier4_pooled","pooled_condition","POOLED_EC_EO_subject_grouped","P0_derivative_amplitude_deciles","DERIVED_DECILES_ALL","POOLED_EC_EO_subject_grouped","AD_vs_FTD","kTSP_k9_disjoint","F4_theta_upper_tail",5
"tier1_main","single_condition","single_condition","P0_derivative_amplitude_deciles","DERIVED_DECILES_ALL","ds004504__EC","AD_vs_FTD","kTSP_CV_nondisjoint","F7_alpha_center",2
"tier1_main","single_condition","single_condition","P0_derivative_amplitude_deciles","RAW_DECILES","ds006036__EO_or_photomark","AD_vs_FTD","kTSP_k9_nondisjoint","F7_alpha_D10",1
"tier1_main","single_condition","single_condition","P0_derivative_amplitude_deciles","RAW_DECILES","ds006036__EO_or_photomark","AD_vs_FTD","kTSP_k9_nondisjoint","F7_alpha_D20",9
"tier1_main","single_condition","single_condition","P0_derivative_amplitude_deciles","RAW_DECILES","ds004504__EC","AD_vs_FTD","kTSP_k9_disjoint","F7_alpha_D30",1
"tier1_main","single_condition","single_condition","P0_derivative_amplitude_deciles","RAW_DECILES","ds006036__EO_or_photomark","AD_vs_FTD","kTSP_k9_nondisjoint","F7_alpha_D30",34
"tier1_main","single_condition","single_condition","P0_derivative_amplitude_deciles","RAW_DECILES","ds006036__EO_or_photomark","AD_vs_FTD","kTSP_k9_nondisjoint","F7_alpha_D40",3
"tier1_main","single_condition","single_condition","P0_derivative_amplitude_deciles","RAW_DECILES","ds004504__EC","AD_vs_FTD","kTSP_k9_disjoint","F7_alpha_D60",1
"tier1_main","single_condition","single_condition","P0_derivative_amplitude_deciles","RAW_DECILES","ds006036__EO_or_photomark","AD_vs_FTD","kTSP_k9_nondisjoint","F7_alpha_D60",13
"tier1_main","single_condition","single_condition","P0_derivative_amplitude_deciles","RAW_DECILES","ds004504__EC","AD_vs_FTD","kTSP_k9_disjoint","F7_alpha_D70",1
"tier1_main","single_condition","single_condition","P0_derivative_amplitude_deciles","RAW_DECILES","ds006036__EO_or_photomark","AD_vs_FTD","kTSP_k9_nondisjoint","F7_alpha_D70",30
"tier1_main","single_condition","single_condition","P0_derivative_amplitude_deciles","RAW_DECILES","ds004504__EC","AD_vs_FTD","kTSP_k9_disjoint","F7_alpha_D80",1
"tier1_main","single_condition","single_condition","P0_derivative_amplitude_deciles","RAW_DECILES","ds006036__EO_or_photomark","AD_vs_FTD","kTSP_k9_nondisjoint","F7_alpha_D80",2
"tier1_main","single_condition","single_condition","P0_derivative_amplitude_deciles","DERIVED_DECILES_ALL","ds004504__EC","AD_vs_FTD","kTSP_CV_nondisjoint","F7_alpha_lower_tail",1
"tier1_main","single_condition","single_condition","P0_derivative_amplitude_deciles","DERIVED_DECILES_ALL","ds004504__EC","AD_vs_CN","kTSP_k9_disjoint","F7_alpha_lower_tail",8
"tier1_main","single_condition","single_condition","P0_derivative_amplitude_deciles","DERIVED_DECILES_ALL","ds006036__EO_or_photomark","AD_vs_CN","kTSP_k9_disjoint","F7_alpha_lower_tail",1
"tier4_pooled","pooled_condition","POOLED_EC_EO_subject_grouped","P0_derivative_amplitude_deciles","DERIVED_DECILES_ALL","POOLED_EC_EO_subject_grouped","AD_vs_CN","kTSP_k9_disjoint","F7_alpha_lower_tail",2
"tier1_main","single_condition","single_condition","P0_derivative_amplitude_deciles","DERIVED_DECILES_ALL","ds006036__EO_or_photomark","AD_vs_FTD","kTSP_k9_disjoint","F7_alpha_lower_tail",13
"tier4_pooled","pooled_condition","POOLED_EC_EO_subject_grouped","P0_derivative_amplitude_deciles","DERIVED_DECILES_ALL","POOLED_EC_EO_subject_grouped","AD_vs_FTD","kTSP_k9_disjoint","F7_alpha_lower_tail",44
"tier1_main","single_condition","single_condition","P1_psd_bandpower_from_derivatives","PSD_ABSOLUTE_CHANNEL_BAND","ds004504__EC","AD_vs_FTD","kTSP_CV_disjoint","F7_alpha_psd_abs",37
"tier1_main","single_condition","single_condition","P1_psd_bandpower_from_derivatives","PSD_ABSOLUTE_CHANNEL_BAND","ds006036__EO_or_photomark","CN_vs_FTD","kTSP_k3_disjoint","F7_alpha_psd_abs",5
"tier1_main","single_condition","single_condition","P1_psd_bandpower_from_derivatives","PSD_ABSOLUTE_CHANNEL_BAND","ds004504__EC","AD_FTD_vs_CN","kTSP_k9_disjoint","F7_alpha_psd_abs",34
"tier1_main","single_condition","single_condition","P1_psd_bandpower_from_derivatives","PSD_ABSOLUTE_CHANNEL_BAND","ds006036__EO_or_photomark","AD_FTD_vs_CN","kTSP_k9_disjoint","F7_alpha_psd_abs",65
"tier1_main","single_condition","single_condition","P1_psd_bandpower_from_derivatives","PSD_ABSOLUTE_CHANNEL_BAND","ds004504__EC","AD_vs_CN","kTSP_k9_disjoint","F7_alpha_psd_abs",44
"tier1_main","single_condition","single_condition","P1_psd_bandpower_from_derivatives","PSD_ABSOLUTE_CHANNEL_BAND","ds006036__EO_or_photomark","AD_vs_CN","kTSP_k9_disjoint","F7_alpha_psd_abs",74
"tier1_main","single_condition","single_condition","P1_psd_bandpower_from_derivatives","PSD_ABSOLUTE_CHANNEL_BAND","ds006036__EO_or_photomark","AD_vs_FTD","kTSP_k9_disjoint","F7_alpha_psd_abs",69
"tier1_main","single_condition","single_condition","P1_psd_bandpower_from_derivatives","PSD_ABSOLUTE_CHANNEL_BAND","ds004504__EC","CN_vs_FTD","kTSP_k9_disjoint","F7_alpha_psd_abs",10
"tier1_main","single_condition","single_condition","P0_derivative_amplitude_deciles","DERIVED_DECILES_ALL","ds004504__EC","AD_vs_FTD","kTSP_CV_nondisjoint","F7_alpha_shape_asymmetry",20
"tier4_pooled","pooled_condition","POOLED_EC_EO_subject_grouped","P0_derivative_amplitude_deciles","DERIVED_DECILES_ALL","POOLED_EC_EO_subject_grouped","AD_vs_FTD","kTSP_k9_disjoint","F7_alpha_shape_asymmetry",2
"tier1_main","single_condition","single_condition","P0_derivative_amplitude_deciles","DERIVED_DECILES_ALL","ds004504__EC","AD_FTD_vs_CN","kTSP_k9_disjoint","F7_alpha_spread_80_20",1
"tier1_main","single_condition","single_condition","P0_derivative_amplitude_deciles","DERIVED_DECILES_ALL","ds004504__EC","AD_vs_CN","kTSP_k9_disjoint","F7_alpha_spread_80_20",10
"tier1_main","single_condition","single_condition","P0_derivative_amplitude_deciles","DERIVED_DECILES_ALL","ds006036__EO_or_photomark","AD_vs_CN","kTSP_k9_disjoint","F7_alpha_spread_80_20",3
"tier4_pooled","pooled_condition","POOLED_EC_EO_subject_grouped","P0_derivative_amplitude_deciles","DERIVED_DECILES_ALL","POOLED_EC_EO_subject_grouped","AD_vs_CN","kTSP_k9_disjoint","F7_alpha_spread_80_20",1
"tier1_main","single_condition","single_condition","P0_derivative_amplitude_deciles","DERIVED_DECILES_ALL","ds006036__EO_or_photomark","AD_vs_FTD","kTSP_k9_disjoint","F7_alpha_spread_80_20",5
"tier4_pooled","pooled_condition","POOLED_EC_EO_subject_grouped","P0_derivative_amplitude_deciles","DERIVED_DECILES_ALL","POOLED_EC_EO_subject_grouped","AD_vs_FTD","kTSP_k9_disjoint","F7_alpha_spread_80_20",7
"tier1_main","single_condition","single_condition","P0_derivative_amplitude_deciles","DERIVED_DECILES_ALL","ds006036__EO_or_photomark","AD_vs_FTD","kTSP_k9_disjoint","F7_alpha_spread_90_10",6
"tier4_pooled","pooled_condition","POOLED_EC_EO_subject_grouped","P0_derivative_amplitude_deciles","DERIVED_DECILES_ALL","POOLED_EC_EO_subject_grouped","AD_vs_FTD","kTSP_k9_disjoint","F7_alpha_spread_90_10",33
"tier1_main","single_condition","single_condition","P0_derivative_amplitude_deciles","DERIVED_DECILES_ALL","ds004504__EC","AD_vs_CN","kTSP_k9_disjoint","F7_alpha_upper_tail",6
"tier1_main","single_condition","single_condition","P0_derivative_amplitude_deciles","DERIVED_DECILES_ALL","ds006036__EO_or_photomark","AD_vs_CN","kTSP_k9_disjoint","F7_alpha_upper_tail",3
"tier4_pooled","pooled_condition","POOLED_EC_EO_subject_grouped","P0_derivative_amplitude_deciles","DERIVED_DECILES_ALL","POOLED_EC_EO_subject_grouped","AD_vs_CN","kTSP_k9_disjoint","F7_alpha_upper_tail",1
"tier1_main","single_condition","single_condition","P0_derivative_amplitude_deciles","DERIVED_DECILES_ALL","ds006036__EO_or_photomark","AD_vs_FTD","kTSP_k9_disjoint","F7_alpha_upper_tail",18
"tier4_pooled","pooled_condition","POOLED_EC_EO_subject_grouped","P0_derivative_amplitude_deciles","DERIVED_DECILES_ALL","POOLED_EC_EO_subject_grouped","AD_vs_FTD","kTSP_k9_disjoint","F7_alpha_upper_tail",13
"tier1_main","single_condition","single_condition","P0_derivative_amplitude_deciles","DERIVED_DECILES_ALL","ds004504__EC","CN_vs_FTD","kTSP_k9_disjoint","F7_beta_center",5
"tier1_main","single_condition","single_condition","P0_derivative_amplitude_deciles","RAW_DECILES","ds006036__EO_or_photomark","AD_vs_FTD","kTSP_k9_nondisjoint","F7_beta_D10",1
"tier1_main","single_condition","single_condition","P0_derivative_amplitude_deciles","RAW_DECILES","ds006036__EO_or_photomark","AD_vs_FTD","kTSP_k9_nondisjoint","F7_beta_D40",3
"tier1_main","single_condition","single_condition","P0_derivative_amplitude_deciles","RAW_DECILES","ds004504__EC","CN_vs_FTD","kTSP_k9_disjoint","F7_beta_D50",3
"tier1_main","single_condition","single_condition","P0_derivative_amplitude_deciles","RAW_DECILES","ds006036__EO_or_photomark","CN_vs_FTD","kTSP_k5_disjoint","F7_beta_D60",1
"tier1_main","single_condition","single_condition","P0_derivative_amplitude_deciles","RAW_DECILES","ds006036__EO_or_photomark","AD_vs_FTD","kTSP_k9_nondisjoint","F7_beta_D60",1
"tier1_main","single_condition","single_condition","P0_derivative_amplitude_deciles","RAW_DECILES","ds006036__EO_or_photomark","CN_vs_FTD","kTSP_k5_disjoint","F7_beta_D80",1
"tier1_main","single_condition","single_condition","P0_derivative_amplitude_deciles","RAW_DECILES","ds006036__EO_or_photomark","AD_FTD_vs_CN","kTSP_k9_disjoint","F7_beta_D80",1
"tier1_main","single_condition","single_condition","P0_derivative_amplitude_deciles","RAW_DECILES","ds006036__EO_or_photomark","AD_vs_FTD","kTSP_k9_nondisjoint","F7_beta_D90",12
"tier1_main","single_condition","single_condition","P0_derivative_amplitude_deciles","DERIVED_DECILES_ALL","ds006036__EO_or_photomark","AD_vs_FTD","kTSP_k9_disjoint","F7_beta_lower_tail",1
"tier4_pooled","pooled_condition","POOLED_EC_EO_subject_grouped","P0_derivative_amplitude_deciles","DERIVED_DECILES_ALL","POOLED_EC_EO_subject_grouped","CN_vs_FTD","kTSP_k9_disjoint","F7_beta_lower_tail",1
"tier1_main","single_condition","single_condition","P1_psd_bandpower_from_derivatives","PSD_ABSOLUTE_CHANNEL_BAND","ds006036__EO_or_photomark","CN_vs_FTD","kTSP_k3_disjoint","F7_beta_psd_abs",2
"tier1_main","single_condition","single_condition","P1_psd_bandpower_from_derivatives","PSD_ABSOLUTE_CHANNEL_BAND","ds004504__EC","AD_FTD_vs_CN","kTSP_k9_disjoint","F7_beta_psd_abs",7
"tier1_main","single_condition","single_condition","P1_psd_bandpower_from_derivatives","PSD_ABSOLUTE_CHANNEL_BAND","ds006036__EO_or_photomark","AD_FTD_vs_CN","kTSP_k9_disjoint","F7_beta_psd_abs",2
"tier1_main","single_condition","single_condition","P1_psd_bandpower_from_derivatives","PSD_ABSOLUTE_CHANNEL_BAND","ds004504__EC","AD_vs_CN","kTSP_k9_disjoint","F7_beta_psd_abs",4
"tier1_main","single_condition","single_condition","P1_psd_bandpower_from_derivatives","PSD_ABSOLUTE_CHANNEL_BAND","ds006036__EO_or_photomark","AD_vs_CN","kTSP_k9_disjoint","F7_beta_psd_abs",2
"tier1_main","single_condition","single_condition","P1_psd_bandpower_from_derivatives","PSD_ABSOLUTE_CHANNEL_BAND","ds006036__EO_or_photomark","AD_vs_FTD","kTSP_k9_disjoint","F7_beta_psd_abs",2
"tier1_main","single_condition","single_condition","P1_psd_bandpower_from_derivatives","PSD_ABSOLUTE_CHANNEL_BAND","ds004504__EC","CN_vs_FTD","kTSP_k9_disjoint","F7_beta_psd_abs",3
"tier1_main","single_condition","single_condition","P0_derivative_amplitude_deciles","DERIVED_DECILES_ALL","ds004504__EC","AD_FTD_vs_CN","kTSP_k9_disjoint","F7_beta_spread_80_20",7
"tier1_main","single_condition","single_condition","P0_derivative_amplitude_deciles","DERIVED_DECILES_ALL","ds006036__EO_or_photomark","AD_FTD_vs_CN","kTSP_k9_disjoint","F7_beta_spread_80_20",25
"tier4_pooled","pooled_condition","POOLED_EC_EO_subject_grouped","P0_derivative_amplitude_deciles","DERIVED_DECILES_ALL","POOLED_EC_EO_subject_grouped","AD_FTD_vs_CN","kTSP_k9_disjoint","F7_beta_spread_80_20",20
"tier1_main","single_condition","single_condition","P0_derivative_amplitude_deciles","DERIVED_DECILES_ALL","ds004504__EC","AD_vs_CN","kTSP_k9_disjoint","F7_beta_spread_80_20",1
"tier1_main","single_condition","single_condition","P0_derivative_amplitude_deciles","DERIVED_DECILES_ALL","ds006036__EO_or_photomark","AD_vs_CN","kTSP_k9_disjoint","F7_beta_spread_80_20",9
"tier4_pooled","pooled_condition","POOLED_EC_EO_subject_grouped","P0_derivative_amplitude_deciles","DERIVED_DECILES_ALL","POOLED_EC_EO_subject_grouped","AD_vs_CN","kTSP_k9_disjoint","F7_beta_spread_80_20",13
"tier1_main","single_condition","single_condition","P0_derivative_amplitude_deciles","DERIVED_DECILES_ALL","ds004504__EC","CN_vs_FTD","kTSP_k9_disjoint","F7_beta_spread_80_20",2
"tier1_main","single_condition","single_condition","P0_derivative_amplitude_deciles","DERIVED_DECILES_ALL","ds006036__EO_or_photomark","CN_vs_FTD","kTSP_k9_disjoint","F7_beta_spread_80_20",5
"tier4_pooled","pooled_condition","POOLED_EC_EO_subject_grouped","P0_derivative_amplitude_deciles","DERIVED_DECILES_ALL","POOLED_EC_EO_subject_grouped","CN_vs_FTD","kTSP_k9_disjoint","F7_beta_spread_80_20",2
"tier4_pooled","pooled_condition","POOLED_EC_EO_subject_grouped","P0_derivative_amplitude_deciles","DERIVED_DECILES_ALL","POOLED_EC_EO_subject_grouped","CN_vs_FTD","kTSP_k9_disjoint","F7_beta_upper_tail",1
"tier1_main","single_condition","single_condition","P0_derivative_amplitude_deciles","RAW_DECILES","ds006036__EO_or_photomark","AD_FTD_vs_CN","kTSP_k9_disjoint","F7_delta_D40",1
"tier1_main","single_condition","single_condition","P0_derivative_amplitude_deciles","RAW_DECILES","ds004504__EC","AD_vs_CN","kTSP_k9_disjoint","F7_delta_D40",2
"tier1_main","single_condition","single_condition","P0_derivative_amplitude_deciles","RAW_DECILES","ds006036__EO_or_photomark","AD_vs_CN","kTSP_k9_disjoint","F7_delta_D40",2
"tier1_main","single_condition","single_condition","P0_derivative_amplitude_deciles","RAW_DECILES","ds004504__EC","AD_vs_FTD","kTSP_k9_disjoint","F7_delta_D40",3
"tier1_main","single_condition","single_condition","P0_derivative_amplitude_deciles","RAW_DECILES","ds004504__EC","AD_FTD_vs_CN","kTSP_k9_disjoint","F7_delta_D60",1
"tier1_main","single_condition","single_condition","P0_derivative_amplitude_deciles","RAW_DECILES","ds004504__EC","AD_vs_CN","kTSP_k9_disjoint","F7_delta_D60",7
"tier1_main","single_condition","single_condition","P0_derivative_amplitude_deciles","DERIVED_DECILES_ALL","ds006036__EO_or_photomark","AD_vs_FTD","kTSP_k9_disjoint","F7_delta_lower_tail",1
"tier1_main","single_condition","single_condition","P1_psd_bandpower_from_derivatives","PSD_ABSOLUTE_CHANNEL_BAND","ds004504__EC","AD_vs_FTD","kTSP_CV_disjoint","F7_delta_psd_abs",5
"tier1_main","single_condition","single_condition","P0_derivative_amplitude_deciles","DERIVED_DECILES_ALL","ds006036__EO_or_photomark","AD_vs_FTD","kTSP_k9_disjoint","F7_delta_shape_asymmetry",1
"tier1_main","single_condition","single_condition","P0_derivative_amplitude_deciles","DERIVED_DECILES_ALL","ds004504__EC","AD_FTD_vs_CN","kTSP_k9_disjoint","F7_delta_spread_90_10",1
"tier1_main","single_condition","single_condition","P0_derivative_amplitude_deciles","DERIVED_DECILES_ALL","ds004504__EC","AD_vs_FTD","kTSP_CV_nondisjoint","F7_gamma_center",5
"tier1_main","single_condition","single_condition","P0_derivative_amplitude_deciles","RAW_DECILES","ds004504__EC","CN_vs_FTD","kTSP_k9_disjoint","F7_gamma_D20",1
"tier1_main","single_condition","single_condition","P0_derivative_amplitude_deciles","RAW_DECILES","ds004504__EC","AD_vs_FTD","kTSP_k9_disjoint","F7_gamma_D50",1
"tier1_main","single_condition","single_condition","P0_derivative_amplitude_deciles","RAW_DECILES","ds006036__EO_or_photomark","CN_vs_FTD","kTSP_k5_disjoint","F7_gamma_D70",1
"tier1_main","single_condition","single_condition","P0_derivative_amplitude_deciles","RAW_DECILES","ds004504__EC","CN_vs_FTD","kTSP_k9_disjoint","F7_gamma_D80",2
"tier1_main","single_condition","single_condition","P1_psd_bandpower_from_derivatives","PSD_ABSOLUTE_CHANNEL_BAND","ds004504__EC","AD_vs_FTD","kTSP_CV_disjoint","F7_gamma_psd_abs",2
"tier1_main","single_condition","single_condition","P1_psd_bandpower_from_derivatives","PSD_ABSOLUTE_CHANNEL_BAND","ds006036__EO_or_photomark","AD_vs_FTD","kTSP_k9_disjoint","F7_gamma_psd_abs",1
"tier1_main","single_condition","single_condition","P0_derivative_amplitude_deciles","DERIVED_DECILES_ALL","ds006036__EO_or_photomark","AD_vs_FTD","kTSP_k9_disjoint","F7_gamma_spread_80_20",3
"tier1_main","single_condition","single_condition","P0_derivative_amplitude_deciles","DERIVED_DECILES_ALL","ds006036__EO_or_photomark","AD_FTD_vs_CN","kTSP_k9_disjoint","F7_gamma_spread_90_10",1
"tier1_main","single_condition","single_condition","P0_derivative_amplitude_deciles","DERIVED_DECILES_ALL","ds006036__EO_or_photomark","AD_vs_CN","kTSP_k9_disjoint","F7_gamma_spread_90_10",1
"tier4_pooled","pooled_condition","POOLED_EC_EO_subject_grouped","P0_derivative_amplitude_deciles","DERIVED_DECILES_ALL","POOLED_EC_EO_subject_grouped","AD_vs_FTD","kTSP_k9_disjoint","F7_gamma_spread_90_10",1
"tier1_main","single_condition","single_condition","P0_derivative_amplitude_deciles","DERIVED_DECILES_ALL","ds006036__EO_or_photomark","CN_vs_FTD","kTSP_k9_disjoint","F7_gamma_spread_90_10",6
"tier1_main","single_condition","single_condition","P0_derivative_amplitude_deciles","DERIVED_DECILES_ALL","ds006036__EO_or_photomark","AD_vs_FTD","kTSP_k9_disjoint","F7_theta_center",9
"tier1_main","single_condition","single_condition","P0_derivative_amplitude_deciles","RAW_DECILES","ds004504__EC","AD_FTD_vs_CN","kTSP_k9_disjoint","F7_theta_D10",57
"tier1_main","single_condition","single_condition","P0_derivative_amplitude_deciles","RAW_DECILES","ds006036__EO_or_photomark","AD_FTD_vs_CN","kTSP_k9_disjoint","F7_theta_D10",14
"tier1_main","single_condition","single_condition","P0_derivative_amplitude_deciles","RAW_DECILES","ds004504__EC","AD_vs_CN","kTSP_k9_disjoint","F7_theta_D10",49
"tier1_main","single_condition","single_condition","P0_derivative_amplitude_deciles","RAW_DECILES","ds006036__EO_or_photomark","AD_vs_CN","kTSP_k9_disjoint","F7_theta_D10",42
"tier1_main","single_condition","single_condition","P0_derivative_amplitude_deciles","RAW_DECILES","ds004504__EC","CN_vs_FTD","kTSP_k9_disjoint","F7_theta_D10",2
"tier1_main","single_condition","single_condition","P0_derivative_amplitude_deciles","RAW_DECILES","ds004504__EC","AD_FTD_vs_CN","kTSP_k9_disjoint","F7_theta_D20",35
"tier1_main","single_condition","single_condition","P0_derivative_amplitude_deciles","RAW_DECILES","ds006036__EO_or_photomark","AD_FTD_vs_CN","kTSP_k9_disjoint","F7_theta_D20",7
"tier1_main","single_condition","single_condition","P0_derivative_amplitude_deciles","RAW_DECILES","ds004504__EC","AD_vs_CN","kTSP_k9_disjoint","F7_theta_D20",23
"tier1_main","single_condition","single_condition","P0_derivative_amplitude_deciles","RAW_DECILES","ds006036__EO_or_photomark","AD_vs_CN","kTSP_k9_disjoint","F7_theta_D20",13
"tier1_main","single_condition","single_condition","P0_derivative_amplitude_deciles","RAW_DECILES","ds004504__EC","CN_vs_FTD","kTSP_k9_disjoint","F7_theta_D20",2
"tier1_main","single_condition","single_condition","P0_derivative_amplitude_deciles","RAW_DECILES","ds006036__EO_or_photomark","AD_vs_FTD","kTSP_k9_nondisjoint","F7_theta_D20",1
"tier1_main","single_condition","single_condition","P0_derivative_amplitude_deciles","RAW_DECILES","ds004504__EC","AD_FTD_vs_CN","kTSP_k9_disjoint","F7_theta_D30",2
"tier1_main","single_condition","single_condition","P0_derivative_amplitude_deciles","RAW_DECILES","ds004504__EC","AD_vs_CN","kTSP_k9_disjoint","F7_theta_D30",6
"tier1_main","single_condition","single_condition","P0_derivative_amplitude_deciles","RAW_DECILES","ds006036__EO_or_photomark","AD_vs_CN","kTSP_k9_disjoint","F7_theta_D30",7
"tier1_main","single_condition","single_condition","P0_derivative_amplitude_deciles","RAW_DECILES","ds004504__EC","AD_vs_FTD","kTSP_k9_disjoint","F7_theta_D30",15
"tier1_main","single_condition","single_condition","P0_derivative_amplitude_deciles","RAW_DECILES","ds006036__EO_or_photomark","AD_vs_FTD","kTSP_k9_nondisjoint","F7_theta_D30",8
"tier1_main","single_condition","single_condition","P0_derivative_amplitude_deciles","RAW_DECILES","ds004504__EC","AD_FTD_vs_CN","kTSP_k9_disjoint","F7_theta_D40",22
"tier1_main","single_condition","single_condition","P0_derivative_amplitude_deciles","RAW_DECILES","ds004504__EC","AD_vs_CN","kTSP_k9_disjoint","F7_theta_D40",41
"tier1_main","single_condition","single_condition","P0_derivative_amplitude_deciles","RAW_DECILES","ds006036__EO_or_photomark","AD_vs_CN","kTSP_k9_disjoint","F7_theta_D40",1
"tier1_main","single_condition","single_condition","P0_derivative_amplitude_deciles","RAW_DECILES","ds004504__EC","AD_vs_FTD","kTSP_k9_disjoint","F7_theta_D40",10
"tier1_main","single_condition","single_condition","P0_derivative_amplitude_deciles","RAW_DECILES","ds004504__EC","AD_vs_FTD","kTSP_k9_disjoint","F7_theta_D50",1
"tier1_main","single_condition","single_condition","P0_derivative_amplitude_deciles","RAW_DECILES","ds006036__EO_or_photomark","AD_vs_FTD","kTSP_k9_nondisjoint","F7_theta_D50",1
"tier1_main","single_condition","single_condition","P0_derivative_amplitude_deciles","RAW_DECILES","ds004504__EC","AD_FTD_vs_CN","kTSP_k9_disjoint","F7_theta_D60",26
"tier1_main","single_condition","single_condition","P0_derivative_amplitude_deciles","RAW_DECILES","ds004504__EC","AD_vs_CN","kTSP_k9_disjoint","F7_theta_D60",33
"tier1_main","single_condition","single_condition","P0_derivative_amplitude_deciles","RAW_DECILES","ds006036__EO_or_photomark","AD_vs_CN","kTSP_k9_disjoint","F7_theta_D60",3
"tier1_main","single_condition","single_condition","P0_derivative_amplitude_deciles","RAW_DECILES","ds004504__EC","AD_vs_FTD","kTSP_k9_disjoint","F7_theta_D60",23
"tier1_main","single_condition","single_condition","P0_derivative_amplitude_deciles","RAW_DECILES","ds004504__EC","CN_vs_FTD","kTSP_k9_disjoint","F7_theta_D60",2
"tier1_main","single_condition","single_condition","P0_derivative_amplitude_deciles","RAW_DECILES","ds004504__EC","AD_FTD_vs_CN","kTSP_k9_disjoint","F7_theta_D70",4
"tier1_main","single_condition","single_condition","P0_derivative_amplitude_deciles","RAW_DECILES","ds006036__EO_or_photomark","AD_FTD_vs_CN","kTSP_k9_disjoint","F7_theta_D70",2
"tier1_main","single_condition","single_condition","P0_derivative_amplitude_deciles","RAW_DECILES","ds004504__EC","AD_vs_CN","kTSP_k9_disjoint","F7_theta_D70",7
"tier1_main","single_condition","single_condition","P0_derivative_amplitude_deciles","RAW_DECILES","ds006036__EO_or_photomark","AD_vs_CN","kTSP_k9_disjoint","F7_theta_D70",11
"tier1_main","single_condition","single_condition","P0_derivative_amplitude_deciles","RAW_DECILES","ds004504__EC","AD_vs_FTD","kTSP_k9_disjoint","F7_theta_D70",5
"tier1_main","single_condition","single_condition","P0_derivative_amplitude_deciles","RAW_DECILES","ds006036__EO_or_photomark","AD_vs_FTD","kTSP_k9_nondisjoint","F7_theta_D70",1
"tier1_main","single_condition","single_condition","P0_derivative_amplitude_deciles","RAW_DECILES","ds004504__EC","AD_FTD_vs_CN","kTSP_k9_disjoint","F7_theta_D80",65
"tier1_main","single_condition","single_condition","P0_derivative_amplitude_deciles","RAW_DECILES","ds006036__EO_or_photomark","AD_FTD_vs_CN","kTSP_k9_disjoint","F7_theta_D80",4
"tier1_main","single_condition","single_condition","P0_derivative_amplitude_deciles","RAW_DECILES","ds004504__EC","AD_vs_CN","kTSP_k9_disjoint","F7_theta_D80",59
"tier1_main","single_condition","single_condition","P0_derivative_amplitude_deciles","RAW_DECILES","ds006036__EO_or_photomark","AD_vs_CN","kTSP_k9_disjoint","F7_theta_D80",18
"tier1_main","single_condition","single_condition","P0_derivative_amplitude_deciles","RAW_DECILES","ds004504__EC","CN_vs_FTD","kTSP_k9_disjoint","F7_theta_D80",3
"tier1_main","single_condition","single_condition","P0_derivative_amplitude_deciles","RAW_DECILES","ds006036__EO_or_photomark","AD_vs_FTD","kTSP_k9_nondisjoint","F7_theta_D80",1
"tier1_main","single_condition","single_condition","P0_derivative_amplitude_deciles","RAW_DECILES","ds004504__EC","AD_FTD_vs_CN","kTSP_k9_disjoint","F7_theta_D90",70
"tier1_main","single_condition","single_condition","P0_derivative_amplitude_deciles","RAW_DECILES","ds006036__EO_or_photomark","AD_FTD_vs_CN","kTSP_k9_disjoint","F7_theta_D90",19
"tier1_main","single_condition","single_condition","P0_derivative_amplitude_deciles","RAW_DECILES","ds004504__EC","AD_vs_CN","kTSP_k9_disjoint","F7_theta_D90",58
"tier1_main","single_condition","single_condition","P0_derivative_amplitude_deciles","RAW_DECILES","ds006036__EO_or_photomark","AD_vs_CN","kTSP_k9_disjoint","F7_theta_D90",14
"tier1_main","single_condition","single_condition","P0_derivative_amplitude_deciles","RAW_DECILES","ds004504__EC","CN_vs_FTD","kTSP_k9_disjoint","F7_theta_D90",6
"tier2_cross_condition","cross_condition_transfer","EC_train__EO_photo_test","P0_derivative_amplitude_deciles","DERIVED_DECILES_ALL","EC_train__EO_photo_test","AD_FTD_vs_CN","kTSP_CV_disjoint","F7_theta_lower_tail",1
"tier1_main","single_condition","single_condition","P0_derivative_amplitude_deciles","DERIVED_DECILES_ALL","ds004504__EC","AD_vs_FTD","kTSP_CV_nondisjoint","F7_theta_lower_tail",1
"tier1_main","single_condition","single_condition","P0_derivative_amplitude_deciles","DERIVED_DECILES_ALL","ds004504__EC","AD_FTD_vs_CN","kTSP_k9_disjoint","F7_theta_lower_tail",39
"tier1_main","single_condition","single_condition","P0_derivative_amplitude_deciles","DERIVED_DECILES_ALL","ds006036__EO_or_photomark","AD_FTD_vs_CN","kTSP_k9_disjoint","F7_theta_lower_tail",11
"tier4_pooled","pooled_condition","POOLED_EC_EO_subject_grouped","P0_derivative_amplitude_deciles","DERIVED_DECILES_ALL","POOLED_EC_EO_subject_grouped","AD_FTD_vs_CN","kTSP_k9_disjoint","F7_theta_lower_tail",14
"tier1_main","single_condition","single_condition","P0_derivative_amplitude_deciles","DERIVED_DECILES_ALL","ds004504__EC","AD_vs_CN","kTSP_k9_disjoint","F7_theta_lower_tail",30
"tier1_main","single_condition","single_condition","P0_derivative_amplitude_deciles","DERIVED_DECILES_ALL","ds006036__EO_or_photomark","AD_vs_CN","kTSP_k9_disjoint","F7_theta_lower_tail",20
"tier4_pooled","pooled_condition","POOLED_EC_EO_subject_grouped","P0_derivative_amplitude_deciles","DERIVED_DECILES_ALL","POOLED_EC_EO_subject_grouped","AD_vs_CN","kTSP_k9_disjoint","F7_theta_lower_tail",46
"tier1_main","single_condition","single_condition","P0_derivative_amplitude_deciles","DERIVED_DECILES_ALL","ds006036__EO_or_photomark","AD_vs_FTD","kTSP_k9_disjoint","F7_theta_lower_tail",1
"tier4_pooled","pooled_condition","POOLED_EC_EO_subject_grouped","P0_derivative_amplitude_deciles","DERIVED_DECILES_ALL","POOLED_EC_EO_subject_grouped","AD_vs_FTD","kTSP_k9_disjoint","F7_theta_lower_tail",4
"tier1_main","single_condition","single_condition","P0_derivative_amplitude_deciles","DERIVED_DECILES_ALL","ds004504__EC","CN_vs_FTD","kTSP_k9_disjoint","F7_theta_lower_tail",7
"tier1_main","single_condition","single_condition","P0_derivative_amplitude_deciles","DERIVED_DECILES_ALL","ds006036__EO_or_photomark","CN_vs_FTD","kTSP_k9_disjoint","F7_theta_lower_tail",2
"tier4_pooled","pooled_condition","POOLED_EC_EO_subject_grouped","P0_derivative_amplitude_deciles","DERIVED_DECILES_ALL","POOLED_EC_EO_subject_grouped","CN_vs_FTD","kTSP_k9_disjoint","F7_theta_lower_tail",1
"tier1_main","single_condition","single_condition","P1_psd_bandpower_from_derivatives","PSD_ABSOLUTE_CHANNEL_BAND","ds006036__EO_or_photomark","CN_vs_FTD","kTSP_k3_disjoint","F7_theta_psd_abs",4
"tier1_main","single_condition","single_condition","P1_psd_bandpower_from_derivatives","PSD_ABSOLUTE_CHANNEL_BAND","ds004504__EC","AD_FTD_vs_CN","kTSP_k9_disjoint","F7_theta_psd_abs",3
"tier1_main","single_condition","single_condition","P1_psd_bandpower_from_derivatives","PSD_ABSOLUTE_CHANNEL_BAND","ds006036__EO_or_photomark","AD_FTD_vs_CN","kTSP_k9_disjoint","F7_theta_psd_abs",40
"tier1_main","single_condition","single_condition","P1_psd_bandpower_from_derivatives","PSD_ABSOLUTE_CHANNEL_BAND","ds004504__EC","AD_vs_CN","kTSP_k9_disjoint","F7_theta_psd_abs",13
"tier1_main","single_condition","single_condition","P1_psd_bandpower_from_derivatives","PSD_ABSOLUTE_CHANNEL_BAND","ds006036__EO_or_photomark","AD_vs_CN","kTSP_k9_disjoint","F7_theta_psd_abs",71
"tier1_main","single_condition","single_condition","P1_psd_bandpower_from_derivatives","PSD_ABSOLUTE_CHANNEL_BAND","ds006036__EO_or_photomark","AD_vs_FTD","kTSP_k9_disjoint","F7_theta_psd_abs",23
"tier1_main","single_condition","single_condition","P1_psd_bandpower_from_derivatives","PSD_ABSOLUTE_CHANNEL_BAND","ds004504__EC","CN_vs_FTD","kTSP_k9_disjoint","F7_theta_psd_abs",1
"tier1_main","single_condition","single_condition","P0_derivative_amplitude_deciles","DERIVED_DECILES_ALL","ds006036__EO_or_photomark","AD_vs_FTD","kTSP_k9_disjoint","F7_theta_shape_asymmetry",12
"tier1_main","single_condition","single_condition","P0_derivative_amplitude_deciles","DERIVED_DECILES_ALL","ds004504__EC","AD_FTD_vs_CN","kTSP_k9_disjoint","F7_theta_spread_80_20",29
"tier1_main","single_condition","single_condition","P0_derivative_amplitude_deciles","DERIVED_DECILES_ALL","ds006036__EO_or_photomark","AD_FTD_vs_CN","kTSP_k9_disjoint","F7_theta_spread_80_20",1
"tier4_pooled","pooled_condition","POOLED_EC_EO_subject_grouped","P0_derivative_amplitude_deciles","DERIVED_DECILES_ALL","POOLED_EC_EO_subject_grouped","AD_FTD_vs_CN","kTSP_k9_disjoint","F7_theta_spread_80_20",1
"tier1_main","single_condition","single_condition","P0_derivative_amplitude_deciles","DERIVED_DECILES_ALL","ds004504__EC","AD_vs_CN","kTSP_k9_disjoint","F7_theta_spread_80_20",10
"tier1_main","single_condition","single_condition","P0_derivative_amplitude_deciles","DERIVED_DECILES_ALL","ds006036__EO_or_photomark","AD_vs_CN","kTSP_k9_disjoint","F7_theta_spread_80_20",8
"tier1_main","single_condition","single_condition","P0_derivative_amplitude_deciles","DERIVED_DECILES_ALL","ds006036__EO_or_photomark","AD_vs_FTD","kTSP_k9_disjoint","F7_theta_spread_80_20",5
"tier4_pooled","pooled_condition","POOLED_EC_EO_subject_grouped","P0_derivative_amplitude_deciles","DERIVED_DECILES_ALL","POOLED_EC_EO_subject_grouped","AD_vs_FTD","kTSP_k9_disjoint","F7_theta_spread_80_20",3
"tier2_cross_condition","cross_condition_transfer","EC_train__EO_photo_test","P0_derivative_amplitude_deciles","DERIVED_DECILES_ALL","EC_train__EO_photo_test","AD_FTD_vs_CN","kTSP_CV_disjoint","F7_theta_spread_90_10",1
"tier1_main","single_condition","single_condition","P0_derivative_amplitude_deciles","DERIVED_DECILES_ALL","ds004504__EC","AD_FTD_vs_CN","kTSP_k9_disjoint","F7_theta_spread_90_10",38
"tier1_main","single_condition","single_condition","P0_derivative_amplitude_deciles","DERIVED_DECILES_ALL","ds006036__EO_or_photomark","AD_FTD_vs_CN","kTSP_k9_disjoint","F7_theta_spread_90_10",10
"tier4_pooled","pooled_condition","POOLED_EC_EO_subject_grouped","P0_derivative_amplitude_deciles","DERIVED_DECILES_ALL","POOLED_EC_EO_subject_grouped","AD_FTD_vs_CN","kTSP_k9_disjoint","F7_theta_spread_90_10",31
"tier1_main","single_condition","single_condition","P0_derivative_amplitude_deciles","DERIVED_DECILES_ALL","ds004504__EC","AD_vs_CN","kTSP_k9_disjoint","F7_theta_spread_90_10",18
"tier1_main","single_condition","single_condition","P0_derivative_amplitude_deciles","DERIVED_DECILES_ALL","ds006036__EO_or_photomark","AD_vs_CN","kTSP_k9_disjoint","F7_theta_spread_90_10",31
"tier4_pooled","pooled_condition","POOLED_EC_EO_subject_grouped","P0_derivative_amplitude_deciles","DERIVED_DECILES_ALL","POOLED_EC_EO_subject_grouped","AD_vs_CN","kTSP_k9_disjoint","F7_theta_spread_90_10",48
"tier1_main","single_condition","single_condition","P0_derivative_amplitude_deciles","DERIVED_DECILES_ALL","ds004504__EC","CN_vs_FTD","kTSP_k9_disjoint","F7_theta_spread_90_10",6
"tier2_cross_condition","cross_condition_transfer","EC_train__EO_photo_test","P0_derivative_amplitude_deciles","DERIVED_DECILES_ALL","EC_train__EO_photo_test","AD_FTD_vs_CN","kTSP_CV_disjoint","F7_theta_upper_tail",1
"tier2_cross_condition","cross_condition_transfer","EC_train__EO_photo_test","P0_derivative_amplitude_deciles","DERIVED_DECILES_ALL","EC_train__EO_photo_test","AD_vs_CN","kTSP_CV_disjoint","F7_theta_upper_tail",1
"tier1_main","single_condition","single_condition","P0_derivative_amplitude_deciles","DERIVED_DECILES_ALL","ds004504__EC","AD_vs_FTD","kTSP_CV_nondisjoint","F7_theta_upper_tail",3
"tier2_cross_condition","cross_condition_transfer","EO_photo_train__EC_test","P0_derivative_amplitude_deciles","DERIVED_DECILES_ALL","EO_photo_train__EC_test","AD_FTD_vs_CN","kTSP_k5_disjoint","F7_theta_upper_tail",1
"tier1_main","single_condition","single_condition","P0_derivative_amplitude_deciles","DERIVED_DECILES_ALL","ds004504__EC","AD_FTD_vs_CN","kTSP_k9_disjoint","F7_theta_upper_tail",78
"tier1_main","single_condition","single_condition","P0_derivative_amplitude_deciles","DERIVED_DECILES_ALL","ds006036__EO_or_photomark","AD_FTD_vs_CN","kTSP_k9_disjoint","F7_theta_upper_tail",47
"tier4_pooled","pooled_condition","POOLED_EC_EO_subject_grouped","P0_derivative_amplitude_deciles","DERIVED_DECILES_ALL","POOLED_EC_EO_subject_grouped","AD_FTD_vs_CN","kTSP_k9_disjoint","F7_theta_upper_tail",20
"tier1_main","single_condition","single_condition","P0_derivative_amplitude_deciles","DERIVED_DECILES_ALL","ds004504__EC","AD_vs_CN","kTSP_k9_disjoint","F7_theta_upper_tail",73
"tier1_main","single_condition","single_condition","P0_derivative_amplitude_deciles","DERIVED_DECILES_ALL","ds006036__EO_or_photomark","AD_vs_CN","kTSP_k9_disjoint","F7_theta_upper_tail",48
"tier4_pooled","pooled_condition","POOLED_EC_EO_subject_grouped","P0_derivative_amplitude_deciles","DERIVED_DECILES_ALL","POOLED_EC_EO_subject_grouped","AD_vs_CN","kTSP_k9_disjoint","F7_theta_upper_tail",55
"tier1_main","single_condition","single_condition","P0_derivative_amplitude_deciles","DERIVED_DECILES_ALL","ds006036__EO_or_photomark","AD_vs_FTD","kTSP_k9_disjoint","F7_theta_upper_tail",1
"tier4_pooled","pooled_condition","POOLED_EC_EO_subject_grouped","P0_derivative_amplitude_deciles","DERIVED_DECILES_ALL","POOLED_EC_EO_subject_grouped","AD_vs_FTD","kTSP_k9_disjoint","F7_theta_upper_tail",26
"tier1_main","single_condition","single_condition","P0_derivative_amplitude_deciles","DERIVED_DECILES_ALL","ds004504__EC","CN_vs_FTD","kTSP_k9_disjoint","F7_theta_upper_tail",6
"tier1_main","single_condition","single_condition","P0_derivative_amplitude_deciles","DERIVED_DECILES_ALL","ds004504__EC","AD_vs_FTD","kTSP_CV_nondisjoint","F8_alpha_center",38
"tier2_cross_condition","cross_condition_transfer","EC_train__EO_photo_test","P0_derivative_amplitude_deciles","DERIVED_DECILES_ALL","EC_train__EO_photo_test","AD_vs_FTD","kTSP_k3_nondisjoint","F8_alpha_center",1
"tier4_pooled","pooled_condition","POOLED_EC_EO_subject_grouped","P0_derivative_amplitude_deciles","DERIVED_DECILES_ALL","POOLED_EC_EO_subject_grouped","AD_vs_FTD","kTSP_k9_disjoint","F8_alpha_center",22
"tier1_main","single_condition","single_condition","P0_derivative_amplitude_deciles","RAW_DECILES","ds004504__EC","AD_vs_FTD","kTSP_k9_disjoint","F8_alpha_D20",1
"tier1_main","single_condition","single_condition","P0_derivative_amplitude_deciles","RAW_DECILES","ds004504__EC","CN_vs_FTD","kTSP_k9_disjoint","F8_alpha_D20",1
"tier1_main","single_condition","single_condition","P0_derivative_amplitude_deciles","RAW_DECILES","ds006036__EO_or_photomark","AD_vs_FTD","kTSP_k9_nondisjoint","F8_alpha_D20",5
"tier1_main","single_condition","single_condition","P0_derivative_amplitude_deciles","RAW_DECILES","ds004504__EC","AD_vs_FTD","kTSP_k9_disjoint","F8_alpha_D30",3
"tier1_main","single_condition","single_condition","P0_derivative_amplitude_deciles","RAW_DECILES","ds006036__EO_or_photomark","AD_vs_FTD","kTSP_k9_nondisjoint","F8_alpha_D30",1
"tier1_main","single_condition","single_condition","P0_derivative_amplitude_deciles","RAW_DECILES","ds004504__EC","AD_vs_FTD","kTSP_k9_disjoint","F8_alpha_D40",17
"tier1_main","single_condition","single_condition","P0_derivative_amplitude_deciles","RAW_DECILES","ds004504__EC","CN_vs_FTD","kTSP_k9_disjoint","F8_alpha_D40",2
"tier1_main","single_condition","single_condition","P0_derivative_amplitude_deciles","RAW_DECILES","ds004504__EC","AD_vs_FTD","kTSP_k9_disjoint","F8_alpha_D50",10
"tier1_main","single_condition","single_condition","P0_derivative_amplitude_deciles","RAW_DECILES","ds004504__EC","AD_vs_FTD","kTSP_k9_disjoint","F8_alpha_D60",10
"tier1_main","single_condition","single_condition","P0_derivative_amplitude_deciles","RAW_DECILES","ds004504__EC","CN_vs_FTD","kTSP_k9_disjoint","F8_alpha_D60",1
"tier1_main","single_condition","single_condition","P0_derivative_amplitude_deciles","RAW_DECILES","ds006036__EO_or_photomark","AD_vs_FTD","kTSP_k9_nondisjoint","F8_alpha_D60",9
"tier1_main","single_condition","single_condition","P0_derivative_amplitude_deciles","RAW_DECILES","ds004504__EC","AD_vs_FTD","kTSP_k9_disjoint","F8_alpha_D70",2
"tier1_main","single_condition","single_condition","P0_derivative_amplitude_deciles","RAW_DECILES","ds006036__EO_or_photomark","AD_vs_FTD","kTSP_k9_nondisjoint","F8_alpha_D70",1
"tier1_main","single_condition","single_condition","P0_derivative_amplitude_deciles","RAW_DECILES","ds004504__EC","CN_vs_FTD","kTSP_k9_disjoint","F8_alpha_D80",3
"tier1_main","single_condition","single_condition","P0_derivative_amplitude_deciles","RAW_DECILES","ds006036__EO_or_photomark","AD_vs_FTD","kTSP_k9_nondisjoint","F8_alpha_D80",5
"tier1_main","single_condition","single_condition","P0_derivative_amplitude_deciles","RAW_DECILES","ds006036__EO_or_photomark","CN_vs_FTD","kTSP_k5_disjoint","F8_alpha_D90",1
"tier1_main","single_condition","single_condition","P0_derivative_amplitude_deciles","RAW_DECILES","ds006036__EO_or_photomark","AD_vs_FTD","kTSP_k9_nondisjoint","F8_alpha_D90",1
"tier1_main","single_condition","single_condition","P0_derivative_amplitude_deciles","DERIVED_DECILES_ALL","ds006036__EO_or_photomark","AD_vs_FTD","kTSP_k9_disjoint","F8_alpha_lower_tail",1
"tier1_main","single_condition","single_condition","P1_psd_bandpower_from_derivatives","PSD_ABSOLUTE_CHANNEL_BAND","ds004504__EC","AD_vs_FTD","kTSP_CV_disjoint","F8_alpha_psd_abs",5
"tier1_main","single_condition","single_condition","P1_psd_bandpower_from_derivatives","PSD_ABSOLUTE_CHANNEL_BAND","ds004504__EC","AD_FTD_vs_CN","kTSP_k9_disjoint","F8_alpha_psd_abs",26
"tier1_main","single_condition","single_condition","P1_psd_bandpower_from_derivatives","PSD_ABSOLUTE_CHANNEL_BAND","ds006036__EO_or_photomark","AD_FTD_vs_CN","kTSP_k9_disjoint","F8_alpha_psd_abs",2
"tier1_main","single_condition","single_condition","P1_psd_bandpower_from_derivatives","PSD_ABSOLUTE_CHANNEL_BAND","ds004504__EC","AD_vs_CN","kTSP_k9_disjoint","F8_alpha_psd_abs",17
"tier1_main","single_condition","single_condition","P1_psd_bandpower_from_derivatives","PSD_ABSOLUTE_CHANNEL_BAND","ds006036__EO_or_photomark","AD_vs_CN","kTSP_k9_disjoint","F8_alpha_psd_abs",7
"tier1_main","single_condition","single_condition","P1_psd_bandpower_from_derivatives","PSD_ABSOLUTE_CHANNEL_BAND","ds006036__EO_or_photomark","AD_vs_FTD","kTSP_k9_disjoint","F8_alpha_psd_abs",16
"tier1_main","single_condition","single_condition","P1_psd_bandpower_from_derivatives","PSD_ABSOLUTE_CHANNEL_BAND","ds004504__EC","CN_vs_FTD","kTSP_k9_disjoint","F8_alpha_psd_abs",3
"tier1_main","single_condition","single_condition","P0_derivative_amplitude_deciles","DERIVED_DECILES_ALL","ds006036__EO_or_photomark","AD_vs_FTD","kTSP_k9_disjoint","F8_alpha_shape_asymmetry",7
"tier1_main","single_condition","single_condition","P0_derivative_amplitude_deciles","DERIVED_DECILES_ALL","ds006036__EO_or_photomark","CN_vs_FTD","kTSP_k9_disjoint","F8_alpha_shape_asymmetry",1
"tier1_main","single_condition","single_condition","P0_derivative_amplitude_deciles","DERIVED_DECILES_ALL","ds006036__EO_or_photomark","AD_vs_FTD","kTSP_k9_disjoint","F8_alpha_spread_80_20",15
"tier2_cross_condition","cross_condition_transfer","EO_photo_train__EC_test","P0_derivative_amplitude_deciles","DERIVED_DECILES_ALL","EO_photo_train__EC_test","AD_vs_FTD","kTSP_k9_disjoint","F8_alpha_spread_80_20",1
"tier4_pooled","pooled_condition","POOLED_EC_EO_subject_grouped","P0_derivative_amplitude_deciles","DERIVED_DECILES_ALL","POOLED_EC_EO_subject_grouped","AD_vs_FTD","kTSP_k9_disjoint","F8_alpha_spread_80_20",33
"tier1_main","single_condition","single_condition","P0_derivative_amplitude_deciles","DERIVED_DECILES_ALL","ds006036__EO_or_photomark","CN_vs_FTD","kTSP_k9_disjoint","F8_alpha_spread_80_20",1
"tier4_pooled","pooled_condition","POOLED_EC_EO_subject_grouped","P0_derivative_amplitude_deciles","DERIVED_DECILES_ALL","POOLED_EC_EO_subject_grouped","CN_vs_FTD","kTSP_k9_disjoint","F8_alpha_spread_80_20",1
"tier1_main","single_condition","single_condition","P0_derivative_amplitude_deciles","DERIVED_DECILES_ALL","ds006036__EO_or_photomark","AD_vs_FTD","kTSP_k9_disjoint","F8_alpha_spread_90_10",1
"tier1_main","single_condition","single_condition","P0_derivative_amplitude_deciles","DERIVED_DECILES_ALL","ds006036__EO_or_photomark","AD_vs_FTD","kTSP_k9_disjoint","F8_alpha_upper_tail",3
"tier4_pooled","pooled_condition","POOLED_EC_EO_subject_grouped","P0_derivative_amplitude_deciles","DERIVED_DECILES_ALL","POOLED_EC_EO_subject_grouped","AD_vs_FTD","kTSP_k9_disjoint","F8_alpha_upper_tail",5
"tier1_main","single_condition","single_condition","P0_derivative_amplitude_deciles","DERIVED_DECILES_ALL","ds004504__EC","AD_FTD_vs_CN","kTSP_k9_disjoint","F8_beta_center",1
"tier1_main","single_condition","single_condition","P0_derivative_amplitude_deciles","DERIVED_DECILES_ALL","ds004504__EC","AD_vs_CN","kTSP_k9_disjoint","F8_beta_center",4
"tier1_main","single_condition","single_condition","P0_derivative_amplitude_deciles","DERIVED_DECILES_ALL","ds004504__EC","CN_vs_FTD","kTSP_k9_disjoint","F8_beta_center",5
"tier1_main","single_condition","single_condition","P0_derivative_amplitude_deciles","RAW_DECILES","ds004504__EC","CN_vs_FTD","kTSP_k9_disjoint","F8_beta_D20",1
"tier1_main","single_condition","single_condition","P0_derivative_amplitude_deciles","RAW_DECILES","ds004504__EC","AD_vs_CN","kTSP_k9_disjoint","F8_beta_D50",1
"tier1_main","single_condition","single_condition","P0_derivative_amplitude_deciles","RAW_DECILES","ds004504__EC","CN_vs_FTD","kTSP_k9_disjoint","F8_beta_D50",2
"tier1_main","single_condition","single_condition","P0_derivative_amplitude_deciles","RAW_DECILES","ds004504__EC","CN_vs_FTD","kTSP_k9_disjoint","F8_beta_D60",1
"tier1_main","single_condition","single_condition","P0_derivative_amplitude_deciles","RAW_DECILES","ds004504__EC","CN_vs_FTD","kTSP_k9_disjoint","F8_beta_D80",1
"tier1_main","single_condition","single_condition","P0_derivative_amplitude_deciles","DERIVED_DECILES_ALL","ds004504__EC","AD_FTD_vs_CN","kTSP_k9_disjoint","F8_beta_lower_tail",5
"tier1_main","single_condition","single_condition","P0_derivative_amplitude_deciles","DERIVED_DECILES_ALL","ds004504__EC","CN_vs_FTD","kTSP_k9_disjoint","F8_beta_lower_tail",6
"tier1_main","single_condition","single_condition","P1_psd_bandpower_from_derivatives","PSD_ABSOLUTE_CHANNEL_BAND","ds004504__EC","AD_FTD_vs_CN","kTSP_k9_disjoint","F8_beta_psd_abs",9
"tier1_main","single_condition","single_condition","P1_psd_bandpower_from_derivatives","PSD_ABSOLUTE_CHANNEL_BAND","ds006036__EO_or_photomark","AD_FTD_vs_CN","kTSP_k9_disjoint","F8_beta_psd_abs",1
"tier1_main","single_condition","single_condition","P1_psd_bandpower_from_derivatives","PSD_ABSOLUTE_CHANNEL_BAND","ds004504__EC","AD_vs_CN","kTSP_k9_disjoint","F8_beta_psd_abs",3
"tier1_main","single_condition","single_condition","P1_psd_bandpower_from_derivatives","PSD_ABSOLUTE_CHANNEL_BAND","ds006036__EO_or_photomark","AD_vs_FTD","kTSP_k9_disjoint","F8_beta_psd_abs",3
"tier1_main","single_condition","single_condition","P1_psd_bandpower_from_derivatives","PSD_ABSOLUTE_CHANNEL_BAND","ds004504__EC","CN_vs_FTD","kTSP_k9_disjoint","F8_beta_psd_abs",14
"tier1_main","single_condition","single_condition","P0_derivative_amplitude_deciles","DERIVED_DECILES_ALL","ds004504__EC","AD_vs_FTD","kTSP_CV_nondisjoint","F8_beta_shape_asymmetry",1
"tier2_cross_condition","cross_condition_transfer","EC_train__EO_photo_test","P0_derivative_amplitude_deciles","DERIVED_DECILES_ALL","EC_train__EO_photo_test","AD_vs_CN","kTSP_CV_disjoint","F8_beta_spread_80_20",1
"tier1_main","single_condition","single_condition","P0_derivative_amplitude_deciles","DERIVED_DECILES_ALL","ds004504__EC","AD_FTD_vs_CN","kTSP_k9_disjoint","F8_beta_spread_80_20",28
"tier1_main","single_condition","single_condition","P0_derivative_amplitude_deciles","DERIVED_DECILES_ALL","ds004504__EC","AD_vs_CN","kTSP_k9_disjoint","F8_beta_spread_80_20",62
"tier4_pooled","pooled_condition","POOLED_EC_EO_subject_grouped","P0_derivative_amplitude_deciles","DERIVED_DECILES_ALL","POOLED_EC_EO_subject_grouped","AD_vs_CN","kTSP_k9_disjoint","F8_beta_spread_80_20",6
"tier1_main","single_condition","single_condition","P0_derivative_amplitude_deciles","DERIVED_DECILES_ALL","ds004504__EC","CN_vs_FTD","kTSP_k9_disjoint","F8_beta_spread_80_20",14
"tier4_pooled","pooled_condition","POOLED_EC_EO_subject_grouped","P0_derivative_amplitude_deciles","DERIVED_DECILES_ALL","POOLED_EC_EO_subject_grouped","CN_vs_FTD","kTSP_k9_disjoint","F8_beta_spread_80_20",2
"tier1_main","single_condition","single_condition","P0_derivative_amplitude_deciles","DERIVED_DECILES_ALL","ds004504__EC","AD_FTD_vs_CN","kTSP_k9_disjoint","F8_beta_upper_tail",3
"tier1_main","single_condition","single_condition","P0_derivative_amplitude_deciles","DERIVED_DECILES_ALL","ds004504__EC","AD_vs_CN","kTSP_k9_disjoint","F8_beta_upper_tail",1
"tier1_main","single_condition","single_condition","P0_derivative_amplitude_deciles","DERIVED_DECILES_ALL","ds004504__EC","CN_vs_FTD","kTSP_k9_disjoint","F8_beta_upper_tail",1
"tier1_main","single_condition","single_condition","P0_derivative_amplitude_deciles","RAW_DECILES","ds004504__EC","AD_vs_FTD","kTSP_k9_disjoint","F8_delta_D10",1
"tier1_main","single_condition","single_condition","P0_derivative_amplitude_deciles","RAW_DECILES","ds004504__EC","AD_vs_FTD","kTSP_k9_disjoint","F8_delta_D20",1
"tier1_main","single_condition","single_condition","P0_derivative_amplitude_deciles","RAW_DECILES","ds004504__EC","AD_vs_FTD","kTSP_k9_disjoint","F8_delta_D30",1
"tier1_main","single_condition","single_condition","P0_derivative_amplitude_deciles","RAW_DECILES","ds004504__EC","AD_vs_FTD","kTSP_k9_disjoint","F8_delta_D40",1
"tier1_main","single_condition","single_condition","P0_derivative_amplitude_deciles","RAW_DECILES","ds004504__EC","AD_vs_FTD","kTSP_k9_disjoint","F8_delta_D80",4
"tier1_main","single_condition","single_condition","P0_derivative_amplitude_deciles","RAW_DECILES","ds004504__EC","AD_vs_FTD","kTSP_k9_disjoint","F8_delta_D90",15
"tier1_main","single_condition","single_condition","P1_psd_bandpower_from_derivatives","PSD_ABSOLUTE_CHANNEL_BAND","ds004504__EC","AD_vs_FTD","kTSP_CV_disjoint","F8_delta_psd_abs",2
"tier1_main","single_condition","single_condition","P0_derivative_amplitude_deciles","DERIVED_DECILES_ALL","ds006036__EO_or_photomark","AD_vs_FTD","kTSP_k9_disjoint","F8_delta_shape_asymmetry",1
"tier1_main","single_condition","single_condition","P0_derivative_amplitude_deciles","DERIVED_DECILES_ALL","ds004504__EC","AD_vs_FTD","kTSP_CV_nondisjoint","F8_delta_spread_80_20",1
"tier1_main","single_condition","single_condition","P0_derivative_amplitude_deciles","DERIVED_DECILES_ALL","ds004504__EC","AD_vs_FTD","kTSP_CV_nondisjoint","F8_delta_upper_tail",3
"tier1_main","single_condition","single_condition","P0_derivative_amplitude_deciles","RAW_DECILES","ds004504__EC","AD_FTD_vs_CN","kTSP_k9_disjoint","F8_gamma_D10",1
"tier1_main","single_condition","single_condition","P0_derivative_amplitude_deciles","RAW_DECILES","ds004504__EC","CN_vs_FTD","kTSP_k9_disjoint","F8_gamma_D10",1
"tier1_main","single_condition","single_condition","P0_derivative_amplitude_deciles","RAW_DECILES","ds004504__EC","AD_FTD_vs_CN","kTSP_k9_disjoint","F8_gamma_D20",7
"tier1_main","single_condition","single_condition","P0_derivative_amplitude_deciles","RAW_DECILES","ds004504__EC","AD_vs_CN","kTSP_k9_disjoint","F8_gamma_D20",3
"tier1_main","single_condition","single_condition","P0_derivative_amplitude_deciles","RAW_DECILES","ds004504__EC","CN_vs_FTD","kTSP_k9_disjoint","F8_gamma_D20",1
"tier1_main","single_condition","single_condition","P0_derivative_amplitude_deciles","RAW_DECILES","ds004504__EC","AD_FTD_vs_CN","kTSP_k9_disjoint","F8_gamma_D30",6
"tier1_main","single_condition","single_condition","P0_derivative_amplitude_deciles","RAW_DECILES","ds004504__EC","CN_vs_FTD","kTSP_k9_disjoint","F8_gamma_D30",16
"tier1_main","single_condition","single_condition","P0_derivative_amplitude_deciles","RAW_DECILES","ds004504__EC","AD_vs_FTD","kTSP_k9_disjoint","F8_gamma_D50",2
"tier1_main","single_condition","single_condition","P0_derivative_amplitude_deciles","RAW_DECILES","ds004504__EC","AD_FTD_vs_CN","kTSP_k9_disjoint","F8_gamma_D70",2
"tier1_main","single_condition","single_condition","P0_derivative_amplitude_deciles","RAW_DECILES","ds004504__EC","AD_vs_CN","kTSP_k9_disjoint","F8_gamma_D70",1
"tier1_main","single_condition","single_condition","P0_derivative_amplitude_deciles","RAW_DECILES","ds004504__EC","CN_vs_FTD","kTSP_k9_disjoint","F8_gamma_D70",7
"tier1_main","single_condition","single_condition","P0_derivative_amplitude_deciles","RAW_DECILES","ds004504__EC","AD_FTD_vs_CN","kTSP_k9_disjoint","F8_gamma_D80",3
"tier1_main","single_condition","single_condition","P0_derivative_amplitude_deciles","RAW_DECILES","ds004504__EC","AD_vs_CN","kTSP_k9_disjoint","F8_gamma_D80",1
"tier1_main","single_condition","single_condition","P0_derivative_amplitude_deciles","RAW_DECILES","ds004504__EC","CN_vs_FTD","kTSP_k9_disjoint","F8_gamma_D80",1
"tier1_main","single_condition","single_condition","P0_derivative_amplitude_deciles","RAW_DECILES","ds006036__EO_or_photomark","CN_vs_FTD","kTSP_k5_disjoint","F8_gamma_D90",1
"tier1_main","single_condition","single_condition","P1_psd_bandpower_from_derivatives","PSD_ABSOLUTE_CHANNEL_BAND","ds004504__EC","AD_vs_FTD","kTSP_CV_disjoint","F8_gamma_psd_abs",1
"tier1_main","single_condition","single_condition","P0_derivative_amplitude_deciles","DERIVED_DECILES_ALL","ds004504__EC","AD_FTD_vs_CN","kTSP_k9_disjoint","F8_gamma_spread_90_10",5
"tier1_main","single_condition","single_condition","P0_derivative_amplitude_deciles","DERIVED_DECILES_ALL","ds006036__EO_or_photomark","AD_vs_CN","kTSP_k9_disjoint","F8_gamma_spread_90_10",1
"tier1_main","single_condition","single_condition","P0_derivative_amplitude_deciles","DERIVED_DECILES_ALL","ds004504__EC","CN_vs_FTD","kTSP_k9_disjoint","F8_gamma_spread_90_10",27
"tier1_main","single_condition","single_condition","P0_derivative_amplitude_deciles","DERIVED_DECILES_ALL","ds004504__EC","AD_vs_FTD","kTSP_CV_nondisjoint","F8_theta_center",8
"tier1_main","single_condition","single_condition","P0_derivative_amplitude_deciles","DERIVED_DECILES_ALL","ds006036__EO_or_photomark","AD_vs_FTD","kTSP_k9_disjoint","F8_theta_center",4
"tier1_main","single_condition","single_condition","P0_derivative_amplitude_deciles","DERIVED_DECILES_ALL","ds006036__EO_or_photomark","CN_vs_FTD","kTSP_k9_disjoint","F8_theta_center",4
"tier1_main","single_condition","single_condition","P0_derivative_amplitude_deciles","RAW_DECILES","ds006036__EO_or_photomark","AD_vs_FTD","kTSP_k9_nondisjoint","F8_theta_D20",1
"tier1_main","single_condition","single_condition","P0_derivative_amplitude_deciles","RAW_DECILES","ds004504__EC","AD_vs_FTD","kTSP_k9_disjoint","F8_theta_D30",6
"tier1_main","single_condition","single_condition","P0_derivative_amplitude_deciles","RAW_DECILES","ds006036__EO_or_photomark","AD_vs_FTD","kTSP_k9_nondisjoint","F8_theta_D30",2
"tier1_main","single_condition","single_condition","P0_derivative_amplitude_deciles","RAW_DECILES","ds004504__EC","AD_vs_FTD","kTSP_k9_disjoint","F8_theta_D40",22
"tier1_main","single_condition","single_condition","P0_derivative_amplitude_deciles","RAW_DECILES","ds004504__EC","AD_vs_FTD","kTSP_k9_disjoint","F8_theta_D50",12
"tier1_main","single_condition","single_condition","P0_derivative_amplitude_deciles","RAW_DECILES","ds006036__EO_or_photomark","AD_vs_FTD","kTSP_k9_nondisjoint","F8_theta_D50",1
"tier1_main","single_condition","single_condition","P0_derivative_amplitude_deciles","RAW_DECILES","ds004504__EC","AD_vs_CN","kTSP_k9_disjoint","F8_theta_D60",1
"tier1_main","single_condition","single_condition","P0_derivative_amplitude_deciles","RAW_DECILES","ds004504__EC","AD_vs_FTD","kTSP_k9_disjoint","F8_theta_D60",11
"tier1_main","single_condition","single_condition","P0_derivative_amplitude_deciles","RAW_DECILES","ds004504__EC","AD_vs_FTD","kTSP_k9_disjoint","F8_theta_D70",3
"tier1_main","single_condition","single_condition","P0_derivative_amplitude_deciles","RAW_DECILES","ds006036__EO_or_photomark","AD_vs_FTD","kTSP_k9_nondisjoint","F8_theta_D80",1
"tier2_cross_condition","cross_condition_transfer","EO_photo_train__EC_test","P0_derivative_amplitude_deciles","DERIVED_DECILES_ALL","EO_photo_train__EC_test","AD_vs_CN","kTSP_CV_disjoint","F8_theta_lower_tail",1
"tier1_main","single_condition","single_condition","P0_derivative_amplitude_deciles","DERIVED_DECILES_ALL","ds006036__EO_or_photomark","AD_FTD_vs_CN","kTSP_k9_disjoint","F8_theta_lower_tail",11
"tier4_pooled","pooled_condition","POOLED_EC_EO_subject_grouped","P0_derivative_amplitude_deciles","DERIVED_DECILES_ALL","POOLED_EC_EO_subject_grouped","AD_FTD_vs_CN","kTSP_k9_disjoint","F8_theta_lower_tail",2
"tier1_main","single_condition","single_condition","P0_derivative_amplitude_deciles","DERIVED_DECILES_ALL","ds006036__EO_or_photomark","AD_vs_CN","kTSP_k9_disjoint","F8_theta_lower_tail",36
"tier4_pooled","pooled_condition","POOLED_EC_EO_subject_grouped","P0_derivative_amplitude_deciles","DERIVED_DECILES_ALL","POOLED_EC_EO_subject_grouped","AD_vs_CN","kTSP_k9_disjoint","F8_theta_lower_tail",5
"tier1_main","single_condition","single_condition","P0_derivative_amplitude_deciles","DERIVED_DECILES_ALL","ds006036__EO_or_photomark","CN_vs_FTD","kTSP_k9_disjoint","F8_theta_lower_tail",1
"tier1_main","single_condition","single_condition","P1_psd_bandpower_from_derivatives","PSD_ABSOLUTE_CHANNEL_BAND","ds006036__EO_or_photomark","CN_vs_FTD","kTSP_k3_disjoint","F8_theta_psd_abs",11
"tier1_main","single_condition","single_condition","P1_psd_bandpower_from_derivatives","PSD_ABSOLUTE_CHANNEL_BAND","ds004504__EC","AD_FTD_vs_CN","kTSP_k9_disjoint","F8_theta_psd_abs",5
"tier1_main","single_condition","single_condition","P1_psd_bandpower_from_derivatives","PSD_ABSOLUTE_CHANNEL_BAND","ds006036__EO_or_photomark","AD_FTD_vs_CN","kTSP_k9_disjoint","F8_theta_psd_abs",17
"tier1_main","single_condition","single_condition","P1_psd_bandpower_from_derivatives","PSD_ABSOLUTE_CHANNEL_BAND","ds004504__EC","AD_vs_CN","kTSP_k9_disjoint","F8_theta_psd_abs",2
"tier1_main","single_condition","single_condition","P1_psd_bandpower_from_derivatives","PSD_ABSOLUTE_CHANNEL_BAND","ds006036__EO_or_photomark","AD_vs_CN","kTSP_k9_disjoint","F8_theta_psd_abs",12
"tier1_main","single_condition","single_condition","P1_psd_bandpower_from_derivatives","PSD_ABSOLUTE_CHANNEL_BAND","ds004504__EC","CN_vs_FTD","kTSP_k9_disjoint","F8_theta_psd_abs",11
"tier1_main","single_condition","single_condition","P0_derivative_amplitude_deciles","DERIVED_DECILES_ALL","ds006036__EO_or_photomark","AD_FTD_vs_CN","kTSP_k9_disjoint","F8_theta_spread_90_10",1
"tier4_pooled","pooled_condition","POOLED_EC_EO_subject_grouped","P0_derivative_amplitude_deciles","DERIVED_DECILES_ALL","POOLED_EC_EO_subject_grouped","AD_FTD_vs_CN","kTSP_k9_disjoint","F8_theta_spread_90_10",1
"tier1_main","single_condition","single_condition","P0_derivative_amplitude_deciles","DERIVED_DECILES_ALL","ds006036__EO_or_photomark","AD_vs_CN","kTSP_k9_disjoint","F8_theta_spread_90_10",3
"tier4_pooled","pooled_condition","POOLED_EC_EO_subject_grouped","P0_derivative_amplitude_deciles","DERIVED_DECILES_ALL","POOLED_EC_EO_subject_grouped","AD_vs_CN","kTSP_k9_disjoint","F8_theta_spread_90_10",7
"tier1_main","single_condition","single_condition","P0_derivative_amplitude_deciles","DERIVED_DECILES_ALL","ds006036__EO_or_photomark","AD_FTD_vs_CN","kTSP_k9_disjoint","F8_theta_upper_tail",6
"tier4_pooled","pooled_condition","POOLED_EC_EO_subject_grouped","P0_derivative_amplitude_deciles","DERIVED_DECILES_ALL","POOLED_EC_EO_subject_grouped","AD_FTD_vs_CN","kTSP_k9_disjoint","F8_theta_upper_tail",16
"tier1_main","single_condition","single_condition","P0_derivative_amplitude_deciles","DERIVED_DECILES_ALL","ds006036__EO_or_photomark","AD_vs_CN","kTSP_k9_disjoint","F8_theta_upper_tail",16
"tier4_pooled","pooled_condition","POOLED_EC_EO_subject_grouped","P0_derivative_amplitude_deciles","DERIVED_DECILES_ALL","POOLED_EC_EO_subject_grouped","AD_vs_CN","kTSP_k9_disjoint","F8_theta_upper_tail",15
"tier1_main","single_condition","single_condition","P0_derivative_amplitude_deciles","RAW_DECILES","ds006036__EO_or_photomark","AD_vs_FTD","kTSP_k9_nondisjoint","Fp1_alpha_D30",2
"tier1_main","single_condition","single_condition","P0_derivative_amplitude_deciles","RAW_DECILES","ds004504__EC","AD_vs_FTD","kTSP_k9_disjoint","Fp1_alpha_D50",2
"tier1_main","single_condition","single_condition","P0_derivative_amplitude_deciles","RAW_DECILES","ds006036__EO_or_photomark","AD_vs_FTD","kTSP_k9_nondisjoint","Fp1_alpha_D70",2
"tier1_main","single_condition","single_condition","P1_psd_bandpower_from_derivatives","PSD_ABSOLUTE_CHANNEL_BAND","ds004504__EC","AD_vs_FTD","kTSP_CV_disjoint","Fp1_alpha_psd_abs",2
"tier1_main","single_condition","single_condition","P1_psd_bandpower_from_derivatives","PSD_ABSOLUTE_CHANNEL_BAND","ds006036__EO_or_photomark","AD_vs_FTD","kTSP_k9_disjoint","Fp1_alpha_psd_abs",3
"tier1_main","single_condition","single_condition","P0_derivative_amplitude_deciles","DERIVED_DECILES_ALL","ds004504__EC","AD_vs_FTD","kTSP_CV_nondisjoint","Fp1_alpha_shape_asymmetry",1
"tier1_main","single_condition","single_condition","P0_derivative_amplitude_deciles","DERIVED_DECILES_ALL","ds006036__EO_or_photomark","AD_vs_FTD","kTSP_k9_disjoint","Fp1_alpha_shape_asymmetry",8
"tier1_main","single_condition","single_condition","P0_derivative_amplitude_deciles","DERIVED_DECILES_ALL","ds006036__EO_or_photomark","AD_vs_FTD","kTSP_k9_disjoint","Fp1_alpha_spread_80_20",2
"tier1_main","single_condition","single_condition","P0_derivative_amplitude_deciles","DERIVED_DECILES_ALL","ds004504__EC","AD_vs_FTD","kTSP_CV_nondisjoint","Fp1_beta_center",3
"tier4_pooled","pooled_condition","POOLED_EC_EO_subject_grouped","P0_derivative_amplitude_deciles","DERIVED_DECILES_ALL","POOLED_EC_EO_subject_grouped","AD_vs_FTD","kTSP_k9_disjoint","Fp1_beta_center",3
"tier1_main","single_condition","single_condition","P0_derivative_amplitude_deciles","DERIVED_DECILES_ALL","ds004504__EC","CN_vs_FTD","kTSP_k9_disjoint","Fp1_beta_center",9
"tier1_main","single_condition","single_condition","P0_derivative_amplitude_deciles","RAW_DECILES","ds006036__EO_or_photomark","CN_vs_FTD","kTSP_k5_disjoint","Fp1_beta_D10",2
"tier1_main","single_condition","single_condition","P0_derivative_amplitude_deciles","RAW_DECILES","ds006036__EO_or_photomark","AD_FTD_vs_CN","kTSP_k9_disjoint","Fp1_beta_D10",1
"tier1_main","single_condition","single_condition","P0_derivative_amplitude_deciles","RAW_DECILES","ds006036__EO_or_photomark","CN_vs_FTD","kTSP_k5_disjoint","Fp1_beta_D20",1
"tier1_main","single_condition","single_condition","P0_derivative_amplitude_deciles","RAW_DECILES","ds006036__EO_or_photomark","AD_FTD_vs_CN","kTSP_k9_disjoint","Fp1_beta_D20",1
"tier1_main","single_condition","single_condition","P0_derivative_amplitude_deciles","RAW_DECILES","ds004504__EC","CN_vs_FTD","kTSP_k9_disjoint","Fp1_beta_D20",2
"tier1_main","single_condition","single_condition","P0_derivative_amplitude_deciles","RAW_DECILES","ds004504__EC","AD_vs_FTD","kTSP_k9_disjoint","Fp1_beta_D50",18
"tier1_main","single_condition","single_condition","P0_derivative_amplitude_deciles","RAW_DECILES","ds004504__EC","CN_vs_FTD","kTSP_k9_disjoint","Fp1_beta_D50",10
"tier1_main","single_condition","single_condition","P0_derivative_amplitude_deciles","RAW_DECILES","ds006036__EO_or_photomark","CN_vs_FTD","kTSP_k5_disjoint","Fp1_beta_D60",1
"tier1_main","single_condition","single_condition","P0_derivative_amplitude_deciles","RAW_DECILES","ds006036__EO_or_photomark","CN_vs_FTD","kTSP_k5_disjoint","Fp1_beta_D70",1
"tier1_main","single_condition","single_condition","P0_derivative_amplitude_deciles","RAW_DECILES","ds006036__EO_or_photomark","CN_vs_FTD","kTSP_k5_disjoint","Fp1_beta_D80",1
"tier1_main","single_condition","single_condition","P0_derivative_amplitude_deciles","RAW_DECILES","ds006036__EO_or_photomark","AD_FTD_vs_CN","kTSP_k9_disjoint","Fp1_beta_D80",1
"tier1_main","single_condition","single_condition","P0_derivative_amplitude_deciles","RAW_DECILES","ds004504__EC","CN_vs_FTD","kTSP_k9_disjoint","Fp1_beta_D80",3
"tier1_main","single_condition","single_condition","P0_derivative_amplitude_deciles","RAW_DECILES","ds006036__EO_or_photomark","CN_vs_FTD","kTSP_k5_disjoint","Fp1_beta_D90",8
"tier1_main","single_condition","single_condition","P0_derivative_amplitude_deciles","RAW_DECILES","ds006036__EO_or_photomark","AD_FTD_vs_CN","kTSP_k9_disjoint","Fp1_beta_D90",1
"tier1_main","single_condition","single_condition","P0_derivative_amplitude_deciles","RAW_DECILES","ds006036__EO_or_photomark","AD_vs_FTD","kTSP_k9_nondisjoint","Fp1_beta_D90",1
"tier1_main","single_condition","single_condition","P0_derivative_amplitude_deciles","DERIVED_DECILES_ALL","ds006036__EO_or_photomark","AD_FTD_vs_CN","kTSP_k9_disjoint","Fp1_beta_lower_tail",5
"tier1_main","single_condition","single_condition","P0_derivative_amplitude_deciles","DERIVED_DECILES_ALL","ds006036__EO_or_photomark","AD_vs_FTD","kTSP_k9_disjoint","Fp1_beta_lower_tail",1
"tier4_pooled","pooled_condition","POOLED_EC_EO_subject_grouped","P0_derivative_amplitude_deciles","DERIVED_DECILES_ALL","POOLED_EC_EO_subject_grouped","AD_vs_FTD","kTSP_k9_disjoint","Fp1_beta_lower_tail",1
"tier1_main","single_condition","single_condition","P0_derivative_amplitude_deciles","DERIVED_DECILES_ALL","ds004504__EC","CN_vs_FTD","kTSP_k9_disjoint","Fp1_beta_lower_tail",1
"tier1_main","single_condition","single_condition","P0_derivative_amplitude_deciles","DERIVED_DECILES_ALL","ds006036__EO_or_photomark","CN_vs_FTD","kTSP_k9_disjoint","Fp1_beta_lower_tail",6
"tier4_pooled","pooled_condition","POOLED_EC_EO_subject_grouped","P0_derivative_amplitude_deciles","DERIVED_DECILES_ALL","POOLED_EC_EO_subject_grouped","CN_vs_FTD","kTSP_k9_disjoint","Fp1_beta_lower_tail",1
"tier1_main","single_condition","single_condition","P1_psd_bandpower_from_derivatives","PSD_ABSOLUTE_CHANNEL_BAND","ds006036__EO_or_photomark","CN_vs_FTD","kTSP_k3_disjoint","Fp1_beta_psd_abs",1
"tier1_main","single_condition","single_condition","P1_psd_bandpower_from_derivatives","PSD_ABSOLUTE_CHANNEL_BAND","ds004504__EC","AD_FTD_vs_CN","kTSP_k9_disjoint","Fp1_beta_psd_abs",3
"tier1_main","single_condition","single_condition","P1_psd_bandpower_from_derivatives","PSD_ABSOLUTE_CHANNEL_BAND","ds004504__EC","AD_vs_CN","kTSP_k9_disjoint","Fp1_beta_psd_abs",1
"tier1_main","single_condition","single_condition","P1_psd_bandpower_from_derivatives","PSD_ABSOLUTE_CHANNEL_BAND","ds006036__EO_or_photomark","AD_vs_FTD","kTSP_k9_disjoint","Fp1_beta_psd_abs",20
"tier1_main","single_condition","single_condition","P1_psd_bandpower_from_derivatives","PSD_ABSOLUTE_CHANNEL_BAND","ds004504__EC","CN_vs_FTD","kTSP_k9_disjoint","Fp1_beta_psd_abs",1
"tier1_main","single_condition","single_condition","P0_derivative_amplitude_deciles","DERIVED_DECILES_ALL","ds004504__EC","AD_vs_FTD","kTSP_CV_nondisjoint","Fp1_beta_shape_asymmetry",9
"tier1_main","single_condition","single_condition","P0_derivative_amplitude_deciles","DERIVED_DECILES_ALL","ds006036__EO_or_photomark","AD_vs_FTD","kTSP_k9_disjoint","Fp1_beta_shape_asymmetry",18
"tier4_pooled","pooled_condition","POOLED_EC_EO_subject_grouped","P0_derivative_amplitude_deciles","DERIVED_DECILES_ALL","POOLED_EC_EO_subject_grouped","AD_vs_FTD","kTSP_k9_disjoint","Fp1_beta_shape_asymmetry",5
"tier1_main","single_condition","single_condition","P0_derivative_amplitude_deciles","DERIVED_DECILES_ALL","ds006036__EO_or_photomark","CN_vs_FTD","kTSP_k9_disjoint","Fp1_beta_shape_asymmetry",3
"tier1_main","single_condition","single_condition","P0_derivative_amplitude_deciles","DERIVED_DECILES_ALL","ds004504__EC","AD_FTD_vs_CN","kTSP_k9_disjoint","Fp1_beta_spread_80_20",5
"tier1_main","single_condition","single_condition","P0_derivative_amplitude_deciles","DERIVED_DECILES_ALL","ds006036__EO_or_photomark","AD_FTD_vs_CN","kTSP_k9_disjoint","Fp1_beta_spread_80_20",22
"tier4_pooled","pooled_condition","POOLED_EC_EO_subject_grouped","P0_derivative_amplitude_deciles","DERIVED_DECILES_ALL","POOLED_EC_EO_subject_grouped","AD_FTD_vs_CN","kTSP_k9_disjoint","Fp1_beta_spread_80_20",14
"tier1_main","single_condition","single_condition","P0_derivative_amplitude_deciles","DERIVED_DECILES_ALL","ds004504__EC","AD_vs_CN","kTSP_k9_disjoint","Fp1_beta_spread_80_20",6
"tier1_main","single_condition","single_condition","P0_derivative_amplitude_deciles","DERIVED_DECILES_ALL","ds006036__EO_or_photomark","AD_vs_CN","kTSP_k9_disjoint","Fp1_beta_spread_80_20",29
"tier4_pooled","pooled_condition","POOLED_EC_EO_subject_grouped","P0_derivative_amplitude_deciles","DERIVED_DECILES_ALL","POOLED_EC_EO_subject_grouped","AD_vs_CN","kTSP_k9_disjoint","Fp1_beta_spread_80_20",8
"tier1_main","single_condition","single_condition","P0_derivative_amplitude_deciles","DERIVED_DECILES_ALL","ds004504__EC","CN_vs_FTD","kTSP_k9_disjoint","Fp1_beta_spread_80_20",10
"tier4_pooled","pooled_condition","POOLED_EC_EO_subject_grouped","P0_derivative_amplitude_deciles","DERIVED_DECILES_ALL","POOLED_EC_EO_subject_grouped","CN_vs_FTD","kTSP_k9_disjoint","Fp1_beta_spread_80_20",10
"tier1_main","single_condition","single_condition","P0_derivative_amplitude_deciles","DERIVED_DECILES_ALL","ds006036__EO_or_photomark","AD_FTD_vs_CN","kTSP_k9_disjoint","Fp1_beta_spread_90_10",1
"tier1_main","single_condition","single_condition","P0_derivative_amplitude_deciles","DERIVED_DECILES_ALL","ds006036__EO_or_photomark","AD_vs_FTD","kTSP_k9_disjoint","Fp1_beta_spread_90_10",1
"tier1_main","single_condition","single_condition","P0_derivative_amplitude_deciles","DERIVED_DECILES_ALL","ds006036__EO_or_photomark","CN_vs_FTD","kTSP_k9_disjoint","Fp1_beta_spread_90_10",10
"tier4_pooled","pooled_condition","POOLED_EC_EO_subject_grouped","P0_derivative_amplitude_deciles","DERIVED_DECILES_ALL","POOLED_EC_EO_subject_grouped","CN_vs_FTD","kTSP_k9_disjoint","Fp1_beta_spread_90_10",1
"tier1_main","single_condition","single_condition","P0_derivative_amplitude_deciles","DERIVED_DECILES_ALL","ds006036__EO_or_photomark","AD_FTD_vs_CN","kTSP_k9_disjoint","Fp1_beta_upper_tail",1
"tier1_main","single_condition","single_condition","P0_derivative_amplitude_deciles","DERIVED_DECILES_ALL","ds006036__EO_or_photomark","AD_vs_FTD","kTSP_k9_disjoint","Fp1_beta_upper_tail",1
"tier1_main","single_condition","single_condition","P0_derivative_amplitude_deciles","DERIVED_DECILES_ALL","ds006036__EO_or_photomark","CN_vs_FTD","kTSP_k9_disjoint","Fp1_beta_upper_tail",4
"tier1_main","single_condition","single_condition","P0_derivative_amplitude_deciles","DERIVED_DECILES_ALL","ds006036__EO_or_photomark","AD_vs_FTD","kTSP_k9_disjoint","Fp1_delta_center",1
"tier1_main","single_condition","single_condition","P0_derivative_amplitude_deciles","RAW_DECILES","ds004504__EC","AD_vs_FTD","kTSP_k9_disjoint","Fp1_delta_D10",1
"tier1_main","single_condition","single_condition","P0_derivative_amplitude_deciles","RAW_DECILES","ds006036__EO_or_photomark","CN_vs_FTD","kTSP_k5_disjoint","Fp1_delta_D40",5
"tier1_main","single_condition","single_condition","P0_derivative_amplitude_deciles","RAW_DECILES","ds004504__EC","AD_FTD_vs_CN","kTSP_k9_disjoint","Fp1_delta_D60",1
"tier1_main","single_condition","single_condition","P0_derivative_amplitude_deciles","RAW_DECILES","ds006036__EO_or_photomark","AD_FTD_vs_CN","kTSP_k9_disjoint","Fp1_delta_D60",1
"tier1_main","single_condition","single_condition","P0_derivative_amplitude_deciles","RAW_DECILES","ds006036__EO_or_photomark","AD_vs_FTD","kTSP_k9_nondisjoint","Fp1_delta_D60",1
"tier1_main","single_condition","single_condition","P0_derivative_amplitude_deciles","RAW_DECILES","ds004504__EC","AD_vs_FTD","kTSP_k9_disjoint","Fp1_delta_D80",2
"tier1_main","single_condition","single_condition","P0_derivative_amplitude_deciles","RAW_DECILES","ds004504__EC","AD_vs_FTD","kTSP_k9_disjoint","Fp1_delta_D90",13
"tier1_main","single_condition","single_condition","P0_derivative_amplitude_deciles","DERIVED_DECILES_ALL","ds004504__EC","AD_vs_FTD","kTSP_CV_nondisjoint","Fp1_delta_lower_tail",1
"tier1_main","single_condition","single_condition","P1_psd_bandpower_from_derivatives","PSD_ABSOLUTE_CHANNEL_BAND","ds004504__EC","AD_vs_FTD","kTSP_CV_disjoint","Fp1_delta_psd_abs",45
"tier1_main","single_condition","single_condition","P1_psd_bandpower_from_derivatives","PSD_ABSOLUTE_CHANNEL_BAND","ds004504__EC","CN_vs_FTD","kTSP_k9_disjoint","Fp1_delta_psd_abs",1
"tier1_main","single_condition","single_condition","P0_derivative_amplitude_deciles","DERIVED_DECILES_ALL","ds006036__EO_or_photomark","AD_vs_FTD","kTSP_k9_disjoint","Fp1_delta_shape_asymmetry",3
"tier1_main","single_condition","single_condition","P0_derivative_amplitude_deciles","DERIVED_DECILES_ALL","ds004504__EC","AD_vs_FTD","kTSP_CV_nondisjoint","Fp1_gamma_center",1
"tier4_pooled","pooled_condition","POOLED_EC_EO_subject_grouped","P0_derivative_amplitude_deciles","DERIVED_DECILES_ALL","POOLED_EC_EO_subject_grouped","AD_vs_FTD","kTSP_k9_disjoint","Fp1_gamma_center",1
"tier1_main","single_condition","single_condition","P0_derivative_amplitude_deciles","RAW_DECILES","ds006036__EO_or_photomark","CN_vs_FTD","kTSP_k5_disjoint","Fp1_gamma_D10",1
"tier1_main","single_condition","single_condition","P0_derivative_amplitude_deciles","RAW_DECILES","ds006036__EO_or_photomark","CN_vs_FTD","kTSP_k5_disjoint","Fp1_gamma_D30",8
"tier1_main","single_condition","single_condition","P0_derivative_amplitude_deciles","RAW_DECILES","ds004504__EC","AD_FTD_vs_CN","kTSP_k9_disjoint","Fp1_gamma_D30",1
"tier1_main","single_condition","single_condition","P0_derivative_amplitude_deciles","RAW_DECILES","ds006036__EO_or_photomark","AD_FTD_vs_CN","kTSP_k9_disjoint","Fp1_gamma_D30",9
"tier1_main","single_condition","single_condition","P0_derivative_amplitude_deciles","RAW_DECILES","ds006036__EO_or_photomark","AD_vs_CN","kTSP_k9_disjoint","Fp1_gamma_D30",3
"tier1_main","single_condition","single_condition","P0_derivative_amplitude_deciles","RAW_DECILES","ds006036__EO_or_photomark","AD_vs_FTD","kTSP_k9_nondisjoint","Fp1_gamma_D30",1
"tier1_main","single_condition","single_condition","P0_derivative_amplitude_deciles","RAW_DECILES","ds004504__EC","CN_vs_FTD","kTSP_k9_disjoint","Fp1_gamma_D40",1
"tier1_main","single_condition","single_condition","P0_derivative_amplitude_deciles","RAW_DECILES","ds004504__EC","CN_vs_FTD","kTSP_k9_disjoint","Fp1_gamma_D60",1
"tier1_main","single_condition","single_condition","P0_derivative_amplitude_deciles","RAW_DECILES","ds006036__EO_or_photomark","CN_vs_FTD","kTSP_k5_disjoint","Fp1_gamma_D70",9
"tier1_main","single_condition","single_condition","P0_derivative_amplitude_deciles","RAW_DECILES","ds006036__EO_or_photomark","AD_FTD_vs_CN","kTSP_k9_disjoint","Fp1_gamma_D70",8
"tier1_main","single_condition","single_condition","P0_derivative_amplitude_deciles","RAW_DECILES","ds006036__EO_or_photomark","AD_vs_CN","kTSP_k9_disjoint","Fp1_gamma_D70",3
"tier1_main","single_condition","single_condition","P0_derivative_amplitude_deciles","RAW_DECILES","ds006036__EO_or_photomark","CN_vs_FTD","kTSP_k5_disjoint","Fp1_gamma_D90",4
"tier1_main","single_condition","single_condition","P0_derivative_amplitude_deciles","RAW_DECILES","ds004504__EC","AD_FTD_vs_CN","kTSP_k9_disjoint","Fp1_gamma_D90",1
"tier1_main","single_condition","single_condition","P1_psd_bandpower_from_derivatives","PSD_ABSOLUTE_CHANNEL_BAND","ds004504__EC","AD_vs_FTD","kTSP_CV_disjoint","Fp1_gamma_psd_abs",13
"tier1_main","single_condition","single_condition","P1_psd_bandpower_from_derivatives","PSD_ABSOLUTE_CHANNEL_BAND","ds006036__EO_or_photomark","AD_vs_FTD","kTSP_k9_disjoint","Fp1_gamma_psd_abs",1
"tier1_main","single_condition","single_condition","P0_derivative_amplitude_deciles","DERIVED_DECILES_ALL","ds006036__EO_or_photomark","AD_FTD_vs_CN","kTSP_k9_disjoint","Fp1_gamma_spread_80_20",1
"tier4_pooled","pooled_condition","POOLED_EC_EO_subject_grouped","P0_derivative_amplitude_deciles","DERIVED_DECILES_ALL","POOLED_EC_EO_subject_grouped","AD_vs_FTD","kTSP_k9_disjoint","Fp1_gamma_spread_80_20",1
"tier1_main","single_condition","single_condition","P0_derivative_amplitude_deciles","DERIVED_DECILES_ALL","ds006036__EO_or_photomark","CN_vs_FTD","kTSP_k9_disjoint","Fp1_gamma_spread_80_20",13
"tier1_main","single_condition","single_condition","P0_derivative_amplitude_deciles","DERIVED_DECILES_ALL","ds006036__EO_or_photomark","AD_FTD_vs_CN","kTSP_k9_disjoint","Fp1_gamma_spread_90_10",3
"tier4_pooled","pooled_condition","POOLED_EC_EO_subject_grouped","P0_derivative_amplitude_deciles","DERIVED_DECILES_ALL","POOLED_EC_EO_subject_grouped","AD_vs_FTD","kTSP_k9_disjoint","Fp1_gamma_spread_90_10",4
"tier1_main","single_condition","single_condition","P0_derivative_amplitude_deciles","DERIVED_DECILES_ALL","ds006036__EO_or_photomark","CN_vs_FTD","kTSP_k9_disjoint","Fp1_gamma_spread_90_10",22
"tier1_main","single_condition","single_condition","P0_derivative_amplitude_deciles","RAW_DECILES","ds006036__EO_or_photomark","CN_vs_FTD","kTSP_k5_disjoint","Fp1_theta_D10",1
"tier1_main","single_condition","single_condition","P0_derivative_amplitude_deciles","RAW_DECILES","ds006036__EO_or_photomark","AD_FTD_vs_CN","kTSP_k9_disjoint","Fp1_theta_D10",27
"tier1_main","single_condition","single_condition","P0_derivative_amplitude_deciles","RAW_DECILES","ds006036__EO_or_photomark","AD_vs_CN","kTSP_k9_disjoint","Fp1_theta_D10",21
"tier1_main","single_condition","single_condition","P0_derivative_amplitude_deciles","RAW_DECILES","ds004504__EC","CN_vs_FTD","kTSP_k9_disjoint","Fp1_theta_D10",29
"tier1_main","single_condition","single_condition","P0_derivative_amplitude_deciles","RAW_DECILES","ds004504__EC","AD_FTD_vs_CN","kTSP_k9_disjoint","Fp1_theta_D20",15
"tier1_main","single_condition","single_condition","P0_derivative_amplitude_deciles","RAW_DECILES","ds006036__EO_or_photomark","AD_vs_CN","kTSP_k9_disjoint","Fp1_theta_D20",1
"tier1_main","single_condition","single_condition","P0_derivative_amplitude_deciles","RAW_DECILES","ds004504__EC","CN_vs_FTD","kTSP_k9_disjoint","Fp1_theta_D20",4
"tier1_main","single_condition","single_condition","P0_derivative_amplitude_deciles","RAW_DECILES","ds006036__EO_or_photomark","CN_vs_FTD","kTSP_k5_disjoint","Fp1_theta_D30",2
"tier1_main","single_condition","single_condition","P0_derivative_amplitude_deciles","RAW_DECILES","ds004504__EC","AD_FTD_vs_CN","kTSP_k9_disjoint","Fp1_theta_D30",1
"tier1_main","single_condition","single_condition","P0_derivative_amplitude_deciles","RAW_DECILES","ds006036__EO_or_photomark","AD_FTD_vs_CN","kTSP_k9_disjoint","Fp1_theta_D30",7
"tier1_main","single_condition","single_condition","P0_derivative_amplitude_deciles","RAW_DECILES","ds004504__EC","AD_vs_CN","kTSP_k9_disjoint","Fp1_theta_D30",2
"tier1_main","single_condition","single_condition","P0_derivative_amplitude_deciles","RAW_DECILES","ds006036__EO_or_photomark","AD_vs_CN","kTSP_k9_disjoint","Fp1_theta_D30",2
"tier1_main","single_condition","single_condition","P0_derivative_amplitude_deciles","RAW_DECILES","ds004504__EC","CN_vs_FTD","kTSP_k9_disjoint","Fp1_theta_D30",1
"tier1_main","single_condition","single_condition","P0_derivative_amplitude_deciles","RAW_DECILES","ds006036__EO_or_photomark","AD_vs_FTD","kTSP_k9_nondisjoint","Fp1_theta_D30",1
"tier1_main","single_condition","single_condition","P0_derivative_amplitude_deciles","RAW_DECILES","ds004504__EC","AD_FTD_vs_CN","kTSP_k9_disjoint","Fp1_theta_D40",1
"tier1_main","single_condition","single_condition","P0_derivative_amplitude_deciles","RAW_DECILES","ds006036__EO_or_photomark","AD_vs_FTD","kTSP_k9_nondisjoint","Fp1_theta_D40",3
"tier1_main","single_condition","single_condition","P0_derivative_amplitude_deciles","RAW_DECILES","ds006036__EO_or_photomark","AD_vs_FTD","kTSP_k9_nondisjoint","Fp1_theta_D50",1
"tier1_main","single_condition","single_condition","P0_derivative_amplitude_deciles","RAW_DECILES","ds004504__EC","AD_FTD_vs_CN","kTSP_k9_disjoint","Fp1_theta_D70",1
"tier1_main","single_condition","single_condition","P0_derivative_amplitude_deciles","RAW_DECILES","ds006036__EO_or_photomark","AD_FTD_vs_CN","kTSP_k9_disjoint","Fp1_theta_D70",1
"tier1_main","single_condition","single_condition","P0_derivative_amplitude_deciles","RAW_DECILES","ds004504__EC","AD_vs_CN","kTSP_k9_disjoint","Fp1_theta_D70",2
"tier1_main","single_condition","single_condition","P0_derivative_amplitude_deciles","RAW_DECILES","ds006036__EO_or_photomark","AD_vs_CN","kTSP_k9_disjoint","Fp1_theta_D70",1
"tier1_main","single_condition","single_condition","P0_derivative_amplitude_deciles","RAW_DECILES","ds004504__EC","CN_vs_FTD","kTSP_k9_disjoint","Fp1_theta_D70",1
"tier1_main","single_condition","single_condition","P0_derivative_amplitude_deciles","RAW_DECILES","ds006036__EO_or_photomark","AD_vs_FTD","kTSP_k9_nondisjoint","Fp1_theta_D70",1
"tier1_main","single_condition","single_condition","P0_derivative_amplitude_deciles","RAW_DECILES","ds006036__EO_or_photomark","AD_FTD_vs_CN","kTSP_k9_disjoint","Fp1_theta_D80",15
"tier1_main","single_condition","single_condition","P0_derivative_amplitude_deciles","RAW_DECILES","ds006036__EO_or_photomark","AD_vs_CN","kTSP_k9_disjoint","Fp1_theta_D80",9
"tier1_main","single_condition","single_condition","P0_derivative_amplitude_deciles","RAW_DECILES","ds004504__EC","CN_vs_FTD","kTSP_k9_disjoint","Fp1_theta_D80",3
"tier1_main","single_condition","single_condition","P0_derivative_amplitude_deciles","RAW_DECILES","ds006036__EO_or_photomark","CN_vs_FTD","kTSP_k5_disjoint","Fp1_theta_D90",1
"tier1_main","single_condition","single_condition","P0_derivative_amplitude_deciles","RAW_DECILES","ds006036__EO_or_photomark","AD_FTD_vs_CN","kTSP_k9_disjoint","Fp1_theta_D90",35
"tier1_main","single_condition","single_condition","P0_derivative_amplitude_deciles","RAW_DECILES","ds006036__EO_or_photomark","AD_vs_CN","kTSP_k9_disjoint","Fp1_theta_D90",28
"tier1_main","single_condition","single_condition","P0_derivative_amplitude_deciles","RAW_DECILES","ds004504__EC","CN_vs_FTD","kTSP_k9_disjoint","Fp1_theta_D90",10
"tier2_cross_condition","cross_condition_transfer","EC_train__EO_photo_test","P0_derivative_amplitude_deciles","DERIVED_DECILES_ALL","EC_train__EO_photo_test","CN_vs_FTD","kTSP_CV_disjoint","Fp1_theta_lower_tail",1
"tier2_cross_condition","cross_condition_transfer","EO_photo_train__EC_test","P0_derivative_amplitude_deciles","DERIVED_DECILES_ALL","EO_photo_train__EC_test","AD_FTD_vs_CN","kTSP_k5_disjoint","Fp1_theta_lower_tail",1
"tier1_main","single_condition","single_condition","P0_derivative_amplitude_deciles","DERIVED_DECILES_ALL","ds006036__EO_or_photomark","AD_FTD_vs_CN","kTSP_k9_disjoint","Fp1_theta_lower_tail",40
"tier4_pooled","pooled_condition","POOLED_EC_EO_subject_grouped","P0_derivative_amplitude_deciles","DERIVED_DECILES_ALL","POOLED_EC_EO_subject_grouped","AD_FTD_vs_CN","kTSP_k9_disjoint","Fp1_theta_lower_tail",51
"tier1_main","single_condition","single_condition","P0_derivative_amplitude_deciles","DERIVED_DECILES_ALL","ds006036__EO_or_photomark","AD_vs_CN","kTSP_k9_disjoint","Fp1_theta_lower_tail",13
"tier1_main","single_condition","single_condition","P0_derivative_amplitude_deciles","DERIVED_DECILES_ALL","ds004504__EC","CN_vs_FTD","kTSP_k9_disjoint","Fp1_theta_lower_tail",43
"tier1_main","single_condition","single_condition","P0_derivative_amplitude_deciles","DERIVED_DECILES_ALL","ds006036__EO_or_photomark","CN_vs_FTD","kTSP_k9_disjoint","Fp1_theta_lower_tail",9
"tier4_pooled","pooled_condition","POOLED_EC_EO_subject_grouped","P0_derivative_amplitude_deciles","DERIVED_DECILES_ALL","POOLED_EC_EO_subject_grouped","CN_vs_FTD","kTSP_k9_disjoint","Fp1_theta_lower_tail",77
"tier1_main","single_condition","single_condition","P1_psd_bandpower_from_derivatives","PSD_ABSOLUTE_CHANNEL_BAND","ds004504__EC","AD_vs_FTD","kTSP_CV_disjoint","Fp1_theta_psd_abs",21
"tier1_main","single_condition","single_condition","P1_psd_bandpower_from_derivatives","PSD_ABSOLUTE_CHANNEL_BAND","ds006036__EO_or_photomark","CN_vs_FTD","kTSP_k3_disjoint","Fp1_theta_psd_abs",93
"tier1_main","single_condition","single_condition","P1_psd_bandpower_from_derivatives","PSD_ABSOLUTE_CHANNEL_BAND","ds004504__EC","AD_FTD_vs_CN","kTSP_k9_disjoint","Fp1_theta_psd_abs",3
"tier1_main","single_condition","single_condition","P1_psd_bandpower_from_derivatives","PSD_ABSOLUTE_CHANNEL_BAND","ds006036__EO_or_photomark","AD_FTD_vs_CN","kTSP_k9_disjoint","Fp1_theta_psd_abs",66
"tier1_main","single_condition","single_condition","P1_psd_bandpower_from_derivatives","PSD_ABSOLUTE_CHANNEL_BAND","ds004504__EC","AD_vs_CN","kTSP_k9_disjoint","Fp1_theta_psd_abs",2
"tier1_main","single_condition","single_condition","P1_psd_bandpower_from_derivatives","PSD_ABSOLUTE_CHANNEL_BAND","ds006036__EO_or_photomark","AD_vs_CN","kTSP_k9_disjoint","Fp1_theta_psd_abs",13
"tier1_main","single_condition","single_condition","P1_psd_bandpower_from_derivatives","PSD_ABSOLUTE_CHANNEL_BAND","ds004504__EC","CN_vs_FTD","kTSP_k9_disjoint","Fp1_theta_psd_abs",9
"tier1_main","single_condition","single_condition","P0_derivative_amplitude_deciles","DERIVED_DECILES_ALL","ds006036__EO_or_photomark","AD_vs_FTD","kTSP_k9_disjoint","Fp1_theta_shape_asymmetry",1
"tier1_main","single_condition","single_condition","P0_derivative_amplitude_deciles","DERIVED_DECILES_ALL","ds006036__EO_or_photomark","AD_FTD_vs_CN","kTSP_k9_disjoint","Fp1_theta_spread_80_20",1
"tier4_pooled","pooled_condition","POOLED_EC_EO_subject_grouped","P0_derivative_amplitude_deciles","DERIVED_DECILES_ALL","POOLED_EC_EO_subject_grouped","AD_FTD_vs_CN","kTSP_k9_disjoint","Fp1_theta_spread_80_20",3
"tier1_main","single_condition","single_condition","P0_derivative_amplitude_deciles","DERIVED_DECILES_ALL","ds006036__EO_or_photomark","AD_vs_CN","kTSP_k9_disjoint","Fp1_theta_spread_80_20",1
"tier4_pooled","pooled_condition","POOLED_EC_EO_subject_grouped","P0_derivative_amplitude_deciles","DERIVED_DECILES_ALL","POOLED_EC_EO_subject_grouped","AD_vs_CN","kTSP_k9_disjoint","Fp1_theta_spread_80_20",1
"tier1_main","single_condition","single_condition","P0_derivative_amplitude_deciles","DERIVED_DECILES_ALL","ds004504__EC","CN_vs_FTD","kTSP_k9_disjoint","Fp1_theta_spread_80_20",1
"tier1_main","single_condition","single_condition","P0_derivative_amplitude_deciles","DERIVED_DECILES_ALL","ds006036__EO_or_photomark","CN_vs_FTD","kTSP_k9_disjoint","Fp1_theta_spread_80_20",2
"tier1_main","single_condition","single_condition","P0_derivative_amplitude_deciles","DERIVED_DECILES_ALL","ds004504__EC","AD_FTD_vs_CN","kTSP_k9_disjoint","Fp1_theta_spread_90_10",8
"tier1_main","single_condition","single_condition","P0_derivative_amplitude_deciles","DERIVED_DECILES_ALL","ds006036__EO_or_photomark","AD_FTD_vs_CN","kTSP_k9_disjoint","Fp1_theta_spread_90_10",19
"tier4_pooled","pooled_condition","POOLED_EC_EO_subject_grouped","P0_derivative_amplitude_deciles","DERIVED_DECILES_ALL","POOLED_EC_EO_subject_grouped","AD_FTD_vs_CN","kTSP_k9_disjoint","Fp1_theta_spread_90_10",35
"tier1_main","single_condition","single_condition","P0_derivative_amplitude_deciles","DERIVED_DECILES_ALL","ds006036__EO_or_photomark","AD_vs_CN","kTSP_k9_disjoint","Fp1_theta_spread_90_10",6
"tier4_pooled","pooled_condition","POOLED_EC_EO_subject_grouped","P0_derivative_amplitude_deciles","DERIVED_DECILES_ALL","POOLED_EC_EO_subject_grouped","AD_vs_CN","kTSP_k9_disjoint","Fp1_theta_spread_90_10",3
"tier1_main","single_condition","single_condition","P0_derivative_amplitude_deciles","DERIVED_DECILES_ALL","ds004504__EC","CN_vs_FTD","kTSP_k9_disjoint","Fp1_theta_spread_90_10",10
"tier4_pooled","pooled_condition","POOLED_EC_EO_subject_grouped","P0_derivative_amplitude_deciles","DERIVED_DECILES_ALL","POOLED_EC_EO_subject_grouped","CN_vs_FTD","kTSP_k9_disjoint","Fp1_theta_spread_90_10",32
"tier2_cross_condition","cross_condition_transfer","EC_train__EO_photo_test","P0_derivative_amplitude_deciles","DERIVED_DECILES_ALL","EC_train__EO_photo_test","AD_FTD_vs_CN","kTSP_CV_disjoint","Fp1_theta_upper_tail",1
"tier2_cross_condition","cross_condition_transfer","EO_photo_train__EC_test","P0_derivative_amplitude_deciles","DERIVED_DECILES_ALL","EO_photo_train__EC_test","AD_vs_CN","kTSP_CV_disjoint","Fp1_theta_upper_tail",1
"tier2_cross_condition","cross_condition_transfer","EC_train__EO_photo_test","P0_derivative_amplitude_deciles","DERIVED_DECILES_ALL","EC_train__EO_photo_test","CN_vs_FTD","kTSP_CV_disjoint","Fp1_theta_upper_tail",1
"tier2_cross_condition","cross_condition_transfer","EO_photo_train__EC_test","P0_derivative_amplitude_deciles","DERIVED_DECILES_ALL","EO_photo_train__EC_test","AD_FTD_vs_CN","kTSP_k5_disjoint","Fp1_theta_upper_tail",1
"tier1_main","single_condition","single_condition","P0_derivative_amplitude_deciles","DERIVED_DECILES_ALL","ds004504__EC","AD_FTD_vs_CN","kTSP_k9_disjoint","Fp1_theta_upper_tail",40
"tier1_main","single_condition","single_condition","P0_derivative_amplitude_deciles","DERIVED_DECILES_ALL","ds006036__EO_or_photomark","AD_FTD_vs_CN","kTSP_k9_disjoint","Fp1_theta_upper_tail",62
"tier4_pooled","pooled_condition","POOLED_EC_EO_subject_grouped","P0_derivative_amplitude_deciles","DERIVED_DECILES_ALL","POOLED_EC_EO_subject_grouped","AD_FTD_vs_CN","kTSP_k9_disjoint","Fp1_theta_upper_tail",80
"tier1_main","single_condition","single_condition","P0_derivative_amplitude_deciles","DERIVED_DECILES_ALL","ds004504__EC","AD_vs_CN","kTSP_k9_disjoint","Fp1_theta_upper_tail",1
"tier1_main","single_condition","single_condition","P0_derivative_amplitude_deciles","DERIVED_DECILES_ALL","ds006036__EO_or_photomark","AD_vs_CN","kTSP_k9_disjoint","Fp1_theta_upper_tail",29
"tier4_pooled","pooled_condition","POOLED_EC_EO_subject_grouped","P0_derivative_amplitude_deciles","DERIVED_DECILES_ALL","POOLED_EC_EO_subject_grouped","AD_vs_CN","kTSP_k9_disjoint","Fp1_theta_upper_tail",23
"tier1_main","single_condition","single_condition","P0_derivative_amplitude_deciles","DERIVED_DECILES_ALL","ds004504__EC","CN_vs_FTD","kTSP_k9_disjoint","Fp1_theta_upper_tail",38
"tier1_main","single_condition","single_condition","P0_derivative_amplitude_deciles","DERIVED_DECILES_ALL","ds006036__EO_or_photomark","CN_vs_FTD","kTSP_k9_disjoint","Fp1_theta_upper_tail",2
"tier4_pooled","pooled_condition","POOLED_EC_EO_subject_grouped","P0_derivative_amplitude_deciles","DERIVED_DECILES_ALL","POOLED_EC_EO_subject_grouped","CN_vs_FTD","kTSP_k9_disjoint","Fp1_theta_upper_tail",64
"tier1_main","single_condition","single_condition","P0_derivative_amplitude_deciles","DERIVED_DECILES_ALL","ds004504__EC","AD_vs_FTD","kTSP_CV_nondisjoint","Fp2_alpha_center",1
"tier1_main","single_condition","single_condition","P0_derivative_amplitude_deciles","RAW_DECILES","ds006036__EO_or_photomark","AD_vs_FTD","kTSP_k9_nondisjoint","Fp2_alpha_D30",1
"tier1_main","single_condition","single_condition","P0_derivative_amplitude_deciles","RAW_DECILES","ds004504__EC","AD_vs_FTD","kTSP_k9_disjoint","Fp2_alpha_D40",1
"tier1_main","single_condition","single_condition","P1_psd_bandpower_from_derivatives","PSD_ABSOLUTE_CHANNEL_BAND","ds006036__EO_or_photomark","AD_vs_FTD","kTSP_k9_disjoint","Fp2_alpha_psd_abs",7
"tier1_main","single_condition","single_condition","P0_derivative_amplitude_deciles","DERIVED_DECILES_ALL","ds006036__EO_or_photomark","AD_vs_FTD","kTSP_k9_disjoint","Fp2_alpha_upper_tail",1
"tier1_main","single_condition","single_condition","P0_derivative_amplitude_deciles","DERIVED_DECILES_ALL","ds006036__EO_or_photomark","AD_vs_FTD","kTSP_k9_disjoint","Fp2_beta_center",1
"tier1_main","single_condition","single_condition","P0_derivative_amplitude_deciles","DERIVED_DECILES_ALL","ds004504__EC","CN_vs_FTD","kTSP_k9_disjoint","Fp2_beta_center",1
"tier1_main","single_condition","single_condition","P0_derivative_amplitude_deciles","RAW_DECILES","ds004504__EC","AD_FTD_vs_CN","kTSP_k9_disjoint","Fp2_beta_D20",3
"tier1_main","single_condition","single_condition","P0_derivative_amplitude_deciles","RAW_DECILES","ds004504__EC","AD_vs_CN","kTSP_k9_disjoint","Fp2_beta_D20",4
"tier1_main","single_condition","single_condition","P0_derivative_amplitude_deciles","RAW_DECILES","ds004504__EC","AD_vs_FTD","kTSP_k9_disjoint","Fp2_beta_D30",2
"tier1_main","single_condition","single_condition","P0_derivative_amplitude_deciles","RAW_DECILES","ds004504__EC","AD_vs_FTD","kTSP_k9_disjoint","Fp2_beta_D40",1
"tier1_main","single_condition","single_condition","P0_derivative_amplitude_deciles","RAW_DECILES","ds004504__EC","AD_vs_FTD","kTSP_k9_disjoint","Fp2_beta_D60",1
"tier1_main","single_condition","single_condition","P0_derivative_amplitude_deciles","RAW_DECILES","ds004504__EC","AD_vs_FTD","kTSP_k9_disjoint","Fp2_beta_D70",2
"tier1_main","single_condition","single_condition","P0_derivative_amplitude_deciles","RAW_DECILES","ds004504__EC","AD_FTD_vs_CN","kTSP_k9_disjoint","Fp2_beta_D80",2
"tier1_main","single_condition","single_condition","P0_derivative_amplitude_deciles","RAW_DECILES","ds004504__EC","AD_vs_CN","kTSP_k9_disjoint","Fp2_beta_D80",3
"tier1_main","single_condition","single_condition","P1_psd_bandpower_from_derivatives","PSD_ABSOLUTE_CHANNEL_BAND","ds004504__EC","AD_vs_FTD","kTSP_CV_disjoint","Fp2_beta_psd_abs",1
"tier1_main","single_condition","single_condition","P1_psd_bandpower_from_derivatives","PSD_ABSOLUTE_CHANNEL_BAND","ds004504__EC","AD_FTD_vs_CN","kTSP_k9_disjoint","Fp2_beta_psd_abs",2
"tier1_main","single_condition","single_condition","P1_psd_bandpower_from_derivatives","PSD_ABSOLUTE_CHANNEL_BAND","ds004504__EC","AD_vs_CN","kTSP_k9_disjoint","Fp2_beta_psd_abs",5
"tier1_main","single_condition","single_condition","P1_psd_bandpower_from_derivatives","PSD_ABSOLUTE_CHANNEL_BAND","ds006036__EO_or_photomark","AD_vs_FTD","kTSP_k9_disjoint","Fp2_beta_psd_abs",3
"tier1_main","single_condition","single_condition","P0_derivative_amplitude_deciles","DERIVED_DECILES_ALL","ds004504__EC","CN_vs_FTD","kTSP_k9_disjoint","Fp2_beta_shape_asymmetry",3
"tier1_main","single_condition","single_condition","P0_derivative_amplitude_deciles","DERIVED_DECILES_ALL","ds004504__EC","AD_FTD_vs_CN","kTSP_k9_disjoint","Fp2_beta_spread_80_20",3
"tier1_main","single_condition","single_condition","P0_derivative_amplitude_deciles","DERIVED_DECILES_ALL","ds006036__EO_or_photomark","AD_FTD_vs_CN","kTSP_k9_disjoint","Fp2_beta_spread_80_20",3
"tier1_main","single_condition","single_condition","P0_derivative_amplitude_deciles","DERIVED_DECILES_ALL","ds006036__EO_or_photomark","AD_vs_CN","kTSP_k9_disjoint","Fp2_beta_spread_80_20",2
"tier4_pooled","pooled_condition","POOLED_EC_EO_subject_grouped","P0_derivative_amplitude_deciles","DERIVED_DECILES_ALL","POOLED_EC_EO_subject_grouped","CN_vs_FTD","kTSP_k9_disjoint","Fp2_beta_spread_80_20",1
"tier1_main","single_condition","single_condition","P0_derivative_amplitude_deciles","DERIVED_DECILES_ALL","ds006036__EO_or_photomark","AD_FTD_vs_CN","kTSP_k9_disjoint","Fp2_beta_spread_90_10",1
"tier4_pooled","pooled_condition","POOLED_EC_EO_subject_grouped","P0_derivative_amplitude_deciles","DERIVED_DECILES_ALL","POOLED_EC_EO_subject_grouped","CN_vs_FTD","kTSP_k9_disjoint","Fp2_beta_spread_90_10",1
"tier1_main","single_condition","single_condition","P0_derivative_amplitude_deciles","DERIVED_DECILES_ALL","ds006036__EO_or_photomark","AD_vs_FTD","kTSP_k9_disjoint","Fp2_delta_center",1
"tier1_main","single_condition","single_condition","P0_derivative_amplitude_deciles","RAW_DECILES","ds004504__EC","AD_vs_FTD","kTSP_k9_disjoint","Fp2_delta_D50",1
"tier1_main","single_condition","single_condition","P1_psd_bandpower_from_derivatives","PSD_ABSOLUTE_CHANNEL_BAND","ds004504__EC","AD_vs_FTD","kTSP_CV_disjoint","Fp2_delta_psd_abs",32
"tier1_main","single_condition","single_condition","P1_psd_bandpower_from_derivatives","PSD_ABSOLUTE_CHANNEL_BAND","ds006036__EO_or_photomark","AD_vs_FTD","kTSP_k9_disjoint","Fp2_delta_psd_abs",1
"tier4_pooled","pooled_condition","POOLED_EC_EO_subject_grouped","P0_derivative_amplitude_deciles","DERIVED_DECILES_ALL","POOLED_EC_EO_subject_grouped","AD_vs_FTD","kTSP_k9_disjoint","Fp2_gamma_center",1
"tier1_main","single_condition","single_condition","P0_derivative_amplitude_deciles","RAW_DECILES","ds006036__EO_or_photomark","AD_FTD_vs_CN","kTSP_k9_disjoint","Fp2_gamma_D10",4
"tier1_main","single_condition","single_condition","P0_derivative_amplitude_deciles","RAW_DECILES","ds006036__EO_or_photomark","CN_vs_FTD","kTSP_k5_disjoint","Fp2_gamma_D30",3
"tier1_main","single_condition","single_condition","P0_derivative_amplitude_deciles","RAW_DECILES","ds004504__EC","AD_FTD_vs_CN","kTSP_k9_disjoint","Fp2_gamma_D30",2
"tier1_main","single_condition","single_condition","P0_derivative_amplitude_deciles","RAW_DECILES","ds006036__EO_or_photomark","AD_FTD_vs_CN","kTSP_k9_disjoint","Fp2_gamma_D30",4
"tier1_main","single_condition","single_condition","P0_derivative_amplitude_deciles","RAW_DECILES","ds006036__EO_or_photomark","CN_vs_FTD","kTSP_k5_disjoint","Fp2_gamma_D70",1
"tier1_main","single_condition","single_condition","P0_derivative_amplitude_deciles","RAW_DECILES","ds004504__EC","AD_FTD_vs_CN","kTSP_k9_disjoint","Fp2_gamma_D70",1
"tier1_main","single_condition","single_condition","P0_derivative_amplitude_deciles","RAW_DECILES","ds006036__EO_or_photomark","AD_FTD_vs_CN","kTSP_k9_disjoint","Fp2_gamma_D70",2
"tier1_main","single_condition","single_condition","P0_derivative_amplitude_deciles","RAW_DECILES","ds006036__EO_or_photomark","AD_FTD_vs_CN","kTSP_k9_disjoint","Fp2_gamma_D90",4
"tier1_main","single_condition","single_condition","P0_derivative_amplitude_deciles","RAW_DECILES","ds006036__EO_or_photomark","AD_vs_CN","kTSP_k9_disjoint","Fp2_gamma_D90",2
"tier1_main","single_condition","single_condition","P1_psd_bandpower_from_derivatives","PSD_ABSOLUTE_CHANNEL_BAND","ds004504__EC","AD_vs_FTD","kTSP_CV_disjoint","Fp2_gamma_psd_abs",3
"tier1_main","single_condition","single_condition","P0_derivative_amplitude_deciles","DERIVED_DECILES_ALL","ds006036__EO_or_photomark","AD_FTD_vs_CN","kTSP_k9_disjoint","Fp2_gamma_spread_90_10",1
"tier1_main","single_condition","single_condition","P0_derivative_amplitude_deciles","DERIVED_DECILES_ALL","ds004504__EC","AD_vs_CN","kTSP_k9_disjoint","Fp2_gamma_spread_90_10",1
"tier1_main","single_condition","single_condition","P0_derivative_amplitude_deciles","DERIVED_DECILES_ALL","ds006036__EO_or_photomark","CN_vs_FTD","kTSP_k9_disjoint","Fp2_gamma_spread_90_10",8
"tier1_main","single_condition","single_condition","P0_derivative_amplitude_deciles","RAW_DECILES","ds006036__EO_or_photomark","AD_vs_CN","kTSP_k9_disjoint","Fp2_theta_D10",5
"tier1_main","single_condition","single_condition","P0_derivative_amplitude_deciles","RAW_DECILES","ds004504__EC","AD_FTD_vs_CN","kTSP_k9_disjoint","Fp2_theta_D20",7
"tier1_main","single_condition","single_condition","P0_derivative_amplitude_deciles","RAW_DECILES","ds004504__EC","AD_vs_CN","kTSP_k9_disjoint","Fp2_theta_D20",11
"tier1_main","single_condition","single_condition","P0_derivative_amplitude_deciles","RAW_DECILES","ds006036__EO_or_photomark","AD_vs_CN","kTSP_k9_disjoint","Fp2_theta_D20",1
"tier1_main","single_condition","single_condition","P0_derivative_amplitude_deciles","RAW_DECILES","ds006036__EO_or_photomark","AD_vs_CN","kTSP_k9_disjoint","Fp2_theta_D40",1
"tier1_main","single_condition","single_condition","P0_derivative_amplitude_deciles","RAW_DECILES","ds004504__EC","AD_vs_FTD","kTSP_k9_disjoint","Fp2_theta_D40",1
"tier1_main","single_condition","single_condition","P0_derivative_amplitude_deciles","RAW_DECILES","ds006036__EO_or_photomark","AD_vs_FTD","kTSP_k9_nondisjoint","Fp2_theta_D40",3
"tier1_main","single_condition","single_condition","P0_derivative_amplitude_deciles","RAW_DECILES","ds004504__EC","AD_vs_CN","kTSP_k9_disjoint","Fp2_theta_D60",1
"tier1_main","single_condition","single_condition","P0_derivative_amplitude_deciles","RAW_DECILES","ds004504__EC","AD_vs_FTD","kTSP_k9_disjoint","Fp2_theta_D60",1
"tier1_main","single_condition","single_condition","P0_derivative_amplitude_deciles","RAW_DECILES","ds004504__EC","CN_vs_FTD","kTSP_k9_disjoint","Fp2_theta_D60",1
"tier1_main","single_condition","single_condition","P0_derivative_amplitude_deciles","RAW_DECILES","ds006036__EO_or_photomark","AD_vs_FTD","kTSP_k9_nondisjoint","Fp2_theta_D60",2
"tier1_main","single_condition","single_condition","P0_derivative_amplitude_deciles","RAW_DECILES","ds004504__EC","AD_FTD_vs_CN","kTSP_k9_disjoint","Fp2_theta_D80",2
"tier1_main","single_condition","single_condition","P0_derivative_amplitude_deciles","RAW_DECILES","ds006036__EO_or_photomark","AD_vs_CN","kTSP_k9_disjoint","Fp2_theta_D80",1
"tier1_main","single_condition","single_condition","P0_derivative_amplitude_deciles","RAW_DECILES","ds006036__EO_or_photomark","AD_vs_CN","kTSP_k9_disjoint","Fp2_theta_D90",4
"tier2_cross_condition","cross_condition_transfer","EO_photo_train__EC_test","P0_derivative_amplitude_deciles","DERIVED_DECILES_ALL","EO_photo_train__EC_test","AD_vs_CN","kTSP_CV_disjoint","Fp2_theta_lower_tail",1
"tier2_cross_condition","cross_condition_transfer","EO_photo_train__EC_test","P0_derivative_amplitude_deciles","DERIVED_DECILES_ALL","EO_photo_train__EC_test","AD_FTD_vs_CN","kTSP_k5_disjoint","Fp2_theta_lower_tail",1
"tier1_main","single_condition","single_condition","P0_derivative_amplitude_deciles","DERIVED_DECILES_ALL","ds006036__EO_or_photomark","AD_FTD_vs_CN","kTSP_k9_disjoint","Fp2_theta_lower_tail",29
"tier4_pooled","pooled_condition","POOLED_EC_EO_subject_grouped","P0_derivative_amplitude_deciles","DERIVED_DECILES_ALL","POOLED_EC_EO_subject_grouped","AD_FTD_vs_CN","kTSP_k9_disjoint","Fp2_theta_lower_tail",43
"tier1_main","single_condition","single_condition","P0_derivative_amplitude_deciles","DERIVED_DECILES_ALL","ds006036__EO_or_photomark","AD_vs_CN","kTSP_k9_disjoint","Fp2_theta_lower_tail",49
"tier4_pooled","pooled_condition","POOLED_EC_EO_subject_grouped","P0_derivative_amplitude_deciles","DERIVED_DECILES_ALL","POOLED_EC_EO_subject_grouped","AD_vs_CN","kTSP_k9_disjoint","Fp2_theta_lower_tail",46
"tier4_pooled","pooled_condition","POOLED_EC_EO_subject_grouped","P0_derivative_amplitude_deciles","DERIVED_DECILES_ALL","POOLED_EC_EO_subject_grouped","AD_vs_FTD","kTSP_k9_disjoint","Fp2_theta_lower_tail",6
"tier4_pooled","pooled_condition","POOLED_EC_EO_subject_grouped","P0_derivative_amplitude_deciles","DERIVED_DECILES_ALL","POOLED_EC_EO_subject_grouped","CN_vs_FTD","kTSP_k9_disjoint","Fp2_theta_lower_tail",2
"tier1_main","single_condition","single_condition","P1_psd_bandpower_from_derivatives","PSD_ABSOLUTE_CHANNEL_BAND","ds004504__EC","AD_vs_FTD","kTSP_CV_disjoint","Fp2_theta_psd_abs",13
"tier1_main","single_condition","single_condition","P1_psd_bandpower_from_derivatives","PSD_ABSOLUTE_CHANNEL_BAND","ds006036__EO_or_photomark","CN_vs_FTD","kTSP_k3_disjoint","Fp2_theta_psd_abs",2
"tier1_main","single_condition","single_condition","P1_psd_bandpower_from_derivatives","PSD_ABSOLUTE_CHANNEL_BAND","ds004504__EC","AD_FTD_vs_CN","kTSP_k9_disjoint","Fp2_theta_psd_abs",6
"tier1_main","single_condition","single_condition","P1_psd_bandpower_from_derivatives","PSD_ABSOLUTE_CHANNEL_BAND","ds006036__EO_or_photomark","AD_FTD_vs_CN","kTSP_k9_disjoint","Fp2_theta_psd_abs",20
"tier1_main","single_condition","single_condition","P1_psd_bandpower_from_derivatives","PSD_ABSOLUTE_CHANNEL_BAND","ds004504__EC","AD_vs_CN","kTSP_k9_disjoint","Fp2_theta_psd_abs",17
"tier1_main","single_condition","single_condition","P1_psd_bandpower_from_derivatives","PSD_ABSOLUTE_CHANNEL_BAND","ds006036__EO_or_photomark","AD_vs_CN","kTSP_k9_disjoint","Fp2_theta_psd_abs",68
"tier1_main","single_condition","single_condition","P1_psd_bandpower_from_derivatives","PSD_ABSOLUTE_CHANNEL_BAND","ds006036__EO_or_photomark","AD_vs_FTD","kTSP_k9_disjoint","Fp2_theta_psd_abs",1
"tier1_main","single_condition","single_condition","P0_derivative_amplitude_deciles","DERIVED_DECILES_ALL","ds006036__EO_or_photomark","AD_vs_FTD","kTSP_k9_disjoint","Fp2_theta_shape_asymmetry",2
"tier1_main","single_condition","single_condition","P0_derivative_amplitude_deciles","DERIVED_DECILES_ALL","ds006036__EO_or_photomark","CN_vs_FTD","kTSP_k9_disjoint","Fp2_theta_shape_asymmetry",1
"tier4_pooled","pooled_condition","POOLED_EC_EO_subject_grouped","P0_derivative_amplitude_deciles","DERIVED_DECILES_ALL","POOLED_EC_EO_subject_grouped","AD_FTD_vs_CN","kTSP_k9_disjoint","Fp2_theta_spread_80_20",1
"tier1_main","single_condition","single_condition","P0_derivative_amplitude_deciles","DERIVED_DECILES_ALL","ds004504__EC","CN_vs_FTD","kTSP_k9_disjoint","Fp2_theta_spread_80_20",2
"tier1_main","single_condition","single_condition","P0_derivative_amplitude_deciles","DERIVED_DECILES_ALL","ds004504__EC","AD_FTD_vs_CN","kTSP_k9_disjoint","Fp2_theta_spread_90_10",5
"tier1_main","single_condition","single_condition","P0_derivative_amplitude_deciles","DERIVED_DECILES_ALL","ds006036__EO_or_photomark","AD_vs_CN","kTSP_k9_disjoint","Fp2_theta_spread_90_10",2
"tier4_pooled","pooled_condition","POOLED_EC_EO_subject_grouped","P0_derivative_amplitude_deciles","DERIVED_DECILES_ALL","POOLED_EC_EO_subject_grouped","AD_vs_CN","kTSP_k9_disjoint","Fp2_theta_spread_90_10",3
"tier1_main","single_condition","single_condition","P0_derivative_amplitude_deciles","DERIVED_DECILES_ALL","ds004504__EC","AD_FTD_vs_CN","kTSP_k9_disjoint","Fp2_theta_upper_tail",5
"tier4_pooled","pooled_condition","POOLED_EC_EO_subject_grouped","P0_derivative_amplitude_deciles","DERIVED_DECILES_ALL","POOLED_EC_EO_subject_grouped","AD_FTD_vs_CN","kTSP_k9_disjoint","Fp2_theta_upper_tail",3
"tier1_main","single_condition","single_condition","P0_derivative_amplitude_deciles","DERIVED_DECILES_ALL","ds004504__EC","AD_vs_CN","kTSP_k9_disjoint","Fp2_theta_upper_tail",3
"tier1_main","single_condition","single_condition","P0_derivative_amplitude_deciles","DERIVED_DECILES_ALL","ds006036__EO_or_photomark","AD_vs_CN","kTSP_k9_disjoint","Fp2_theta_upper_tail",5
"tier4_pooled","pooled_condition","POOLED_EC_EO_subject_grouped","P0_derivative_amplitude_deciles","DERIVED_DECILES_ALL","POOLED_EC_EO_subject_grouped","AD_vs_CN","kTSP_k9_disjoint","Fp2_theta_upper_tail",11
"tier1_main","single_condition","single_condition","P0_derivative_amplitude_deciles","DERIVED_DECILES_ALL","ds006036__EO_or_photomark","AD_vs_FTD","kTSP_k9_disjoint","Fp2_theta_upper_tail",1
"tier4_pooled","pooled_condition","POOLED_EC_EO_subject_grouped","P0_derivative_amplitude_deciles","DERIVED_DECILES_ALL","POOLED_EC_EO_subject_grouped","AD_vs_FTD","kTSP_k9_disjoint","Fp2_theta_upper_tail",11
"tier1_main","single_condition","single_condition","P0_derivative_amplitude_deciles","DERIVED_DECILES_ALL","ds004504__EC","CN_vs_FTD","kTSP_k9_disjoint","Fp2_theta_upper_tail",10
"tier1_main","single_condition","single_condition","P0_derivative_amplitude_deciles","REGION_AGGREGATES_ALL","ds006036__EO_or_photomark","AD_vs_FTD","kTSP_k9_disjoint","frontal_alpha_D20",3
"tier1_main","single_condition","single_condition","P0_derivative_amplitude_deciles","REGION_AGGREGATES_ALL","ds006036__EO_or_photomark","AD_vs_FTD","kTSP_k9_disjoint","frontal_alpha_D30",2
"tier1_main","single_condition","single_condition","P0_derivative_amplitude_deciles","REGION_AGGREGATES_ALL","ds004504__EC","AD_vs_FTD","kTSP_k9_disjoint","frontal_alpha_D40",2
"tier1_main","single_condition","single_condition","P0_derivative_amplitude_deciles","REGION_AGGREGATES_ALL","ds006036__EO_or_photomark","AD_vs_FTD","kTSP_k9_disjoint","frontal_alpha_D40",10
"tier1_main","single_condition","single_condition","P0_derivative_amplitude_deciles","REGION_AGGREGATES_ALL","ds004504__EC","AD_vs_FTD","kTSP_k9_disjoint","frontal_alpha_D50",1
"tier1_main","single_condition","single_condition","P0_derivative_amplitude_deciles","REGION_AGGREGATES_ALL","ds006036__EO_or_photomark","AD_vs_FTD","kTSP_k9_disjoint","frontal_alpha_D60",1
"tier2_cross_condition","cross_condition_transfer","EC_train__EO_photo_test","P0_derivative_amplitude_deciles","REGION_AGGREGATES_ALL","EC_train__EO_photo_test","AD_vs_FTD","kTSP_k3_disjoint","frontal_alpha_D80",1
"tier4_pooled","pooled_condition","POOLED_EC_EO_subject_grouped","P0_derivative_amplitude_deciles","REGION_AGGREGATES_ALL","POOLED_EC_EO_subject_grouped","AD_vs_FTD","kTSP_k5_nondisjoint","frontal_alpha_D80",35
"tier1_main","single_condition","single_condition","P0_derivative_amplitude_deciles","REGION_AGGREGATES_ALL","ds004504__EC","AD_vs_FTD","kTSP_k9_disjoint","frontal_alpha_D80",17
"tier1_main","single_condition","single_condition","P0_derivative_amplitude_deciles","REGION_AGGREGATES_ALL","ds006036__EO_or_photomark","AD_vs_FTD","kTSP_k9_disjoint","frontal_alpha_D80",7
"tier4_pooled","pooled_condition","POOLED_EC_EO_subject_grouped","P0_derivative_amplitude_deciles","REGION_AGGREGATES_ALL","POOLED_EC_EO_subject_grouped","AD_vs_FTD","kTSP_k5_nondisjoint","frontal_alpha_D90",48
"tier1_main","single_condition","single_condition","P0_derivative_amplitude_deciles","REGION_AGGREGATES_ALL","ds006036__EO_or_photomark","AD_vs_FTD","kTSP_k9_disjoint","frontal_alpha_D90",3
"tier2_cross_condition","cross_condition_transfer","EC_train__EO_photo_test","P0_derivative_amplitude_deciles","REGION_AGGREGATES_ALL","EC_train__EO_photo_test","AD_vs_FTD","kTSP_k3_disjoint","frontal_alpha_lower_tail",1
"tier4_pooled","pooled_condition","POOLED_EC_EO_subject_grouped","P0_derivative_amplitude_deciles","REGION_AGGREGATES_ALL","POOLED_EC_EO_subject_grouped","AD_vs_FTD","kTSP_k5_nondisjoint","frontal_alpha_lower_tail",63
"tier1_main","single_condition","single_condition","P0_derivative_amplitude_deciles","REGION_AGGREGATES_ALL","ds004504__EC","AD_vs_FTD","kTSP_k9_disjoint","frontal_alpha_lower_tail",17
"tier1_main","single_condition","single_condition","P0_derivative_amplitude_deciles","REGION_AGGREGATES_ALL","ds006036__EO_or_photomark","AD_vs_FTD","kTSP_k9_disjoint","frontal_alpha_lower_tail",1
"tier2_cross_condition","cross_condition_transfer","EC_train__EO_photo_test","P1_psd_bandpower_from_derivatives","PSD_REGION_ABSOLUTE","EC_train__EO_photo_test","AD_vs_FTD","kTSP_CV_nondisjoint","frontal_alpha_psd_abs",1
"tier2_cross_condition","cross_condition_transfer","EO_photo_train__EC_test","P1_psd_bandpower_from_derivatives","PSD_REGION_ABSOLUTE","EO_photo_train__EC_test","AD_vs_FTD","kTSP_k3_disjoint","frontal_alpha_psd_abs",1
"tier1_main","single_condition","single_condition","P1_psd_bandpower_from_derivatives","PSD_REGION_ABSOLUTE","ds006036__EO_or_photomark","AD_vs_FTD","kTSP_k3_nondisjoint","frontal_alpha_psd_abs",94
"tier2_cross_condition","cross_condition_transfer","EC_train__EO_photo_test","P1_psd_bandpower_from_derivatives","PSD_REGION_ABSOLUTE","EC_train__EO_photo_test","AD_FTD_vs_CN","kTSP_k5_disjoint","frontal_alpha_psd_abs",1
"tier4_pooled","pooled_condition","POOLED_EC_EO_subject_grouped","P1_psd_bandpower_from_derivatives","PSD_REGION_ABSOLUTE","POOLED_EC_EO_subject_grouped","AD_FTD_vs_CN","kTSP_k5_disjoint","frontal_alpha_psd_abs",86
"tier1_main","single_condition","single_condition","P1_psd_bandpower_from_derivatives","PSD_REGION_ABSOLUTE","ds004504__EC","AD_vs_CN","kTSP_k5_disjoint","frontal_alpha_psd_abs",92
"tier2_cross_condition","cross_condition_transfer","EC_train__EO_photo_test","P1_psd_bandpower_from_derivatives","PSD_REGION_ABSOLUTE","EC_train__EO_photo_test","AD_vs_CN","kTSP_k5_disjoint","frontal_alpha_psd_abs",2
"tier4_pooled","pooled_condition","POOLED_EC_EO_subject_grouped","P1_psd_bandpower_from_derivatives","PSD_REGION_ABSOLUTE","POOLED_EC_EO_subject_grouped","AD_vs_CN","kTSP_k5_disjoint","frontal_alpha_psd_abs",95
"tier1_main","single_condition","single_condition","P1_psd_bandpower_from_derivatives","PSD_REGION_ABSOLUTE","ds006036__EO_or_photomark","AD_FTD_vs_CN","kTSP_k9_disjoint","frontal_alpha_psd_abs",51
"tier1_main","single_condition","single_condition","P1_psd_bandpower_from_derivatives","PSD_REGION_ABSOLUTE","ds006036__EO_or_photomark","AD_vs_CN","kTSP_k9_disjoint","frontal_alpha_psd_abs",77
"tier1_main","single_condition","single_condition","P1_psd_bandpower_from_derivatives","PSD_REGION_ABSOLUTE","ds004504__EC","AD_vs_FTD","kTSP_k9_disjoint","frontal_alpha_psd_abs",83
"tier4_pooled","pooled_condition","POOLED_EC_EO_subject_grouped","P1_psd_bandpower_from_derivatives","PSD_REGION_ABSOLUTE","POOLED_EC_EO_subject_grouped","AD_vs_FTD","kTSP_k9_nondisjoint","frontal_alpha_psd_abs",96
"tier1_main","single_condition","single_condition","P1_psd_bandpower_from_derivatives","PSD_REGION_ABSOLUTE","ds006036__EO_or_photomark","CN_vs_FTD","kTSP_k9_nondisjoint","frontal_alpha_psd_abs",14
"tier1_main","single_condition","single_condition","P0_derivative_amplitude_deciles","REGION_AGGREGATES_ALL","ds004504__EC","AD_vs_FTD","kTSP_k9_disjoint","frontal_alpha_shape_asymmetry",4
"tier1_main","single_condition","single_condition","P0_derivative_amplitude_deciles","REGION_AGGREGATES_ALL","ds006036__EO_or_photomark","AD_vs_FTD","kTSP_k9_disjoint","frontal_alpha_shape_asymmetry",1
"tier2_cross_condition","cross_condition_transfer","EC_train__EO_photo_test","P0_derivative_amplitude_deciles","REGION_AGGREGATES_ALL","EC_train__EO_photo_test","AD_vs_CN","kTSP_CV_disjoint","frontal_alpha_spread_80_20",2
"smoke","single_condition","single_condition","P0_derivative_amplitude_deciles","REGION_AGGREGATES_ALL","ds004504__EC","AD_vs_CN","kTSP_CV_nondisjoint","frontal_alpha_spread_80_20",1
"tier1_main","single_condition","single_condition","P0_derivative_amplitude_deciles","REGION_AGGREGATES_ALL","ds004504__EC","AD_vs_CN","kTSP_k5_nondisjoint","frontal_alpha_spread_80_20",47
"tier4_pooled","pooled_condition","POOLED_EC_EO_subject_grouped","P0_derivative_amplitude_deciles","REGION_AGGREGATES_ALL","POOLED_EC_EO_subject_grouped","AD_vs_FTD","kTSP_k5_nondisjoint","frontal_alpha_spread_80_20",2
"tier1_main","single_condition","single_condition","P0_derivative_amplitude_deciles","REGION_AGGREGATES_ALL","ds004504__EC","AD_FTD_vs_CN","kTSP_k9_disjoint","frontal_alpha_spread_80_20",13
"tier1_main","single_condition","single_condition","P0_derivative_amplitude_deciles","REGION_AGGREGATES_ALL","ds006036__EO_or_photomark","AD_vs_CN","kTSP_k9_disjoint","frontal_alpha_spread_80_20",9
"tier4_pooled","pooled_condition","POOLED_EC_EO_subject_grouped","P0_derivative_amplitude_deciles","REGION_AGGREGATES_ALL","POOLED_EC_EO_subject_grouped","AD_vs_CN","kTSP_k9_disjoint","frontal_alpha_spread_80_20",21
"tier1_main","single_condition","single_condition","P0_derivative_amplitude_deciles","REGION_AGGREGATES_ALL","ds004504__EC","AD_vs_FTD","kTSP_k9_disjoint","frontal_alpha_spread_80_20",4
"tier1_main","single_condition","single_condition","P0_derivative_amplitude_deciles","REGION_AGGREGATES_ALL","ds006036__EO_or_photomark","AD_vs_FTD","kTSP_k9_disjoint","frontal_alpha_spread_80_20",11
"tier1_main","single_condition","single_condition","P0_derivative_amplitude_deciles","REGION_AGGREGATES_ALL","ds004504__EC","AD_vs_FTD","kTSP_k9_disjoint","frontal_alpha_spread_90_10",2
"tier4_pooled","pooled_condition","POOLED_EC_EO_subject_grouped","P0_derivative_amplitude_deciles","REGION_AGGREGATES_ALL","POOLED_EC_EO_subject_grouped","AD_vs_FTD","kTSP_k5_nondisjoint","frontal_alpha_upper_tail",55
"tier1_main","single_condition","single_condition","P0_derivative_amplitude_deciles","REGION_AGGREGATES_ALL","ds004504__EC","AD_vs_FTD","kTSP_k9_disjoint","frontal_alpha_upper_tail",3
"tier1_main","single_condition","single_condition","P0_derivative_amplitude_deciles","REGION_AGGREGATES_ALL","ds006036__EO_or_photomark","AD_vs_FTD","kTSP_k9_disjoint","frontal_alpha_upper_tail",7
"tier1_main","single_condition","single_condition","P0_derivative_amplitude_deciles","REGION_AGGREGATES_ALL","ds004504__EC","CN_vs_FTD","kTSP_CV_disjoint","frontal_beta_center",4
"tier4_pooled","pooled_condition","POOLED_EC_EO_subject_grouped","P0_derivative_amplitude_deciles","REGION_AGGREGATES_ALL","POOLED_EC_EO_subject_grouped","AD_vs_FTD","kTSP_k5_nondisjoint","frontal_beta_center",1
"tier1_main","single_condition","single_condition","P0_derivative_amplitude_deciles","REGION_AGGREGATES_ALL","ds004504__EC","AD_vs_FTD","kTSP_k9_disjoint","frontal_beta_center",2
"tier1_main","single_condition","single_condition","P0_derivative_amplitude_deciles","REGION_AGGREGATES_ALL","ds004504__EC","AD_vs_CN","kTSP_k5_nondisjoint","frontal_beta_D10",7
"tier1_main","single_condition","single_condition","P0_derivative_amplitude_deciles","REGION_AGGREGATES_ALL","ds004504__EC","AD_FTD_vs_CN","kTSP_k9_disjoint","frontal_beta_D10",7
"tier1_main","single_condition","single_condition","P0_derivative_amplitude_deciles","REGION_AGGREGATES_ALL","ds006036__EO_or_photomark","AD_FTD_vs_CN","kTSP_k9_disjoint","frontal_beta_D10",1
"tier4_pooled","pooled_condition","POOLED_EC_EO_subject_grouped","P0_derivative_amplitude_deciles","REGION_AGGREGATES_ALL","POOLED_EC_EO_subject_grouped","AD_FTD_vs_CN","kTSP_k9_disjoint","frontal_beta_D10",2
"tier1_main","single_condition","single_condition","P0_derivative_amplitude_deciles","REGION_AGGREGATES_ALL","ds006036__EO_or_photomark","AD_vs_CN","kTSP_k9_disjoint","frontal_beta_D10",1
"tier4_pooled","pooled_condition","POOLED_EC_EO_subject_grouped","P0_derivative_amplitude_deciles","REGION_AGGREGATES_ALL","POOLED_EC_EO_subject_grouped","AD_vs_CN","kTSP_k9_disjoint","frontal_beta_D10",17
"tier1_main","single_condition","single_condition","P0_derivative_amplitude_deciles","REGION_AGGREGATES_ALL","ds004504__EC","AD_vs_CN","kTSP_k5_nondisjoint","frontal_beta_D20",4
"tier1_main","single_condition","single_condition","P0_derivative_amplitude_deciles","REGION_AGGREGATES_ALL","ds004504__EC","AD_FTD_vs_CN","kTSP_k9_disjoint","frontal_beta_D20",3
"tier1_main","single_condition","single_condition","P0_derivative_amplitude_deciles","REGION_AGGREGATES_ALL","ds006036__EO_or_photomark","AD_vs_FTD","kTSP_k9_disjoint","frontal_beta_D30",7
"tier1_main","single_condition","single_condition","P0_derivative_amplitude_deciles","REGION_AGGREGATES_ALL","ds004504__EC","CN_vs_FTD","kTSP_CV_disjoint","frontal_beta_D50",8
"tier4_pooled","pooled_condition","POOLED_EC_EO_subject_grouped","P0_derivative_amplitude_deciles","REGION_AGGREGATES_ALL","POOLED_EC_EO_subject_grouped","AD_vs_FTD","kTSP_k5_nondisjoint","frontal_beta_D50",1
"tier1_main","single_condition","single_condition","P0_derivative_amplitude_deciles","REGION_AGGREGATES_ALL","ds004504__EC","AD_vs_FTD","kTSP_k9_disjoint","frontal_beta_D50",3
"tier1_main","single_condition","single_condition","P0_derivative_amplitude_deciles","REGION_AGGREGATES_ALL","ds004504__EC","CN_vs_FTD","kTSP_CV_disjoint","frontal_beta_D80",1
"tier4_pooled","pooled_condition","POOLED_EC_EO_subject_grouped","P0_derivative_amplitude_deciles","REGION_AGGREGATES_ALL","POOLED_EC_EO_subject_grouped","CN_vs_FTD","kTSP_k5_disjoint","frontal_beta_D80",1
"tier1_main","single_condition","single_condition","P0_derivative_amplitude_deciles","REGION_AGGREGATES_ALL","ds004504__EC","CN_vs_FTD","kTSP_CV_disjoint","frontal_beta_D90",2
"tier2_cross_condition","cross_condition_transfer","EO_photo_train__EC_test","P0_derivative_amplitude_deciles","REGION_AGGREGATES_ALL","EO_photo_train__EC_test","AD_vs_FTD","kTSP_CV_nondisjoint","frontal_beta_D90",1
"tier1_main","single_condition","single_condition","P0_derivative_amplitude_deciles","REGION_AGGREGATES_ALL","ds004504__EC","AD_vs_CN","kTSP_k5_nondisjoint","frontal_beta_D90",3
"tier4_pooled","pooled_condition","POOLED_EC_EO_subject_grouped","P0_derivative_amplitude_deciles","REGION_AGGREGATES_ALL","POOLED_EC_EO_subject_grouped","AD_vs_FTD","kTSP_k5_nondisjoint","frontal_beta_D90",9
"tier1_main","single_condition","single_condition","P0_derivative_amplitude_deciles","REGION_AGGREGATES_ALL","ds006036__EO_or_photomark","AD_FTD_vs_CN","kTSP_k9_disjoint","frontal_beta_D90",1
"tier1_main","single_condition","single_condition","P0_derivative_amplitude_deciles","REGION_AGGREGATES_ALL","ds006036__EO_or_photomark","AD_vs_FTD","kTSP_k9_disjoint","frontal_beta_D90",51
"tier1_main","single_condition","single_condition","P0_derivative_amplitude_deciles","REGION_AGGREGATES_ALL","ds004504__EC","CN_vs_FTD","kTSP_CV_disjoint","frontal_beta_lower_tail",3
"smoke","single_condition","single_condition","P0_derivative_amplitude_deciles","REGION_AGGREGATES_ALL","ds004504__EC","AD_vs_CN","kTSP_CV_nondisjoint","frontal_beta_lower_tail",1
"tier2_cross_condition","cross_condition_transfer","EO_photo_train__EC_test","P0_derivative_amplitude_deciles","REGION_AGGREGATES_ALL","EO_photo_train__EC_test","AD_vs_FTD","kTSP_CV_nondisjoint","frontal_beta_lower_tail",1
"tier4_pooled","pooled_condition","POOLED_EC_EO_subject_grouped","P0_derivative_amplitude_deciles","REGION_AGGREGATES_ALL","POOLED_EC_EO_subject_grouped","CN_vs_FTD","kTSP_k5_disjoint","frontal_beta_lower_tail",2
"tier1_main","single_condition","single_condition","P0_derivative_amplitude_deciles","REGION_AGGREGATES_ALL","ds004504__EC","AD_vs_CN","kTSP_k5_nondisjoint","frontal_beta_lower_tail",20
"tier4_pooled","pooled_condition","POOLED_EC_EO_subject_grouped","P0_derivative_amplitude_deciles","REGION_AGGREGATES_ALL","POOLED_EC_EO_subject_grouped","AD_vs_FTD","kTSP_k5_nondisjoint","frontal_beta_lower_tail",8
"tier1_main","single_condition","single_condition","P0_derivative_amplitude_deciles","REGION_AGGREGATES_ALL","ds004504__EC","AD_FTD_vs_CN","kTSP_k9_disjoint","frontal_beta_lower_tail",23
"tier4_pooled","pooled_condition","POOLED_EC_EO_subject_grouped","P0_derivative_amplitude_deciles","REGION_AGGREGATES_ALL","POOLED_EC_EO_subject_grouped","AD_FTD_vs_CN","kTSP_k9_disjoint","frontal_beta_lower_tail",3
"tier1_main","single_condition","single_condition","P0_derivative_amplitude_deciles","REGION_AGGREGATES_ALL","ds006036__EO_or_photomark","AD_vs_CN","kTSP_k9_disjoint","frontal_beta_lower_tail",1
"tier4_pooled","pooled_condition","POOLED_EC_EO_subject_grouped","P0_derivative_amplitude_deciles","REGION_AGGREGATES_ALL","POOLED_EC_EO_subject_grouped","AD_vs_CN","kTSP_k9_disjoint","frontal_beta_lower_tail",15
"tier1_main","single_condition","single_condition","P0_derivative_amplitude_deciles","REGION_AGGREGATES_ALL","ds006036__EO_or_photomark","AD_vs_FTD","kTSP_k9_disjoint","frontal_beta_lower_tail",33
"smoke","single_condition","single_condition","P1_psd_bandpower_from_derivatives","PSD_REGION_ABSOLUTE","ds004504__EC","AD_vs_CN","kTSP_CV_nondisjoint","frontal_beta_psd_abs",2
"tier2_cross_condition","cross_condition_transfer","EC_train__EO_photo_test","P1_psd_bandpower_from_derivatives","PSD_REGION_ABSOLUTE","EC_train__EO_photo_test","AD_vs_FTD","kTSP_CV_nondisjoint","frontal_beta_psd_abs",1
"tier2_cross_condition","cross_condition_transfer","EO_photo_train__EC_test","P1_psd_bandpower_from_derivatives","PSD_REGION_ABSOLUTE","EO_photo_train__EC_test","AD_vs_FTD","kTSP_k3_disjoint","frontal_beta_psd_abs",1
"tier1_main","single_condition","single_condition","P1_psd_bandpower_from_derivatives","PSD_REGION_ABSOLUTE","ds006036__EO_or_photomark","AD_vs_FTD","kTSP_k3_nondisjoint","frontal_beta_psd_abs",82
"tier2_cross_condition","cross_condition_transfer","EC_train__EO_photo_test","P1_psd_bandpower_from_derivatives","PSD_REGION_ABSOLUTE","EC_train__EO_photo_test","AD_FTD_vs_CN","kTSP_k5_disjoint","frontal_beta_psd_abs",1
"tier4_pooled","pooled_condition","POOLED_EC_EO_subject_grouped","P1_psd_bandpower_from_derivatives","PSD_REGION_ABSOLUTE","POOLED_EC_EO_subject_grouped","AD_FTD_vs_CN","kTSP_k5_disjoint","frontal_beta_psd_abs",91
"tier1_main","single_condition","single_condition","P1_psd_bandpower_from_derivatives","PSD_REGION_ABSOLUTE","ds004504__EC","AD_vs_CN","kTSP_k5_disjoint","frontal_beta_psd_abs",100
"tier2_cross_condition","cross_condition_transfer","EC_train__EO_photo_test","P1_psd_bandpower_from_derivatives","PSD_REGION_ABSOLUTE","EC_train__EO_photo_test","AD_vs_CN","kTSP_k5_disjoint","frontal_beta_psd_abs",2
"tier4_pooled","pooled_condition","POOLED_EC_EO_subject_grouped","P1_psd_bandpower_from_derivatives","PSD_REGION_ABSOLUTE","POOLED_EC_EO_subject_grouped","AD_vs_CN","kTSP_k5_disjoint","frontal_beta_psd_abs",76
"tier1_main","single_condition","single_condition","P1_psd_bandpower_from_derivatives","PSD_REGION_ABSOLUTE","ds004504__EC","CN_vs_FTD","kTSP_k5_nondisjoint","frontal_beta_psd_abs",81
"tier1_main","single_condition","single_condition","P1_psd_bandpower_from_derivatives","PSD_REGION_ABSOLUTE","ds006036__EO_or_photomark","AD_FTD_vs_CN","kTSP_k9_disjoint","frontal_beta_psd_abs",16
"tier1_main","single_condition","single_condition","P1_psd_bandpower_from_derivatives","PSD_REGION_ABSOLUTE","ds006036__EO_or_photomark","AD_vs_CN","kTSP_k9_disjoint","frontal_beta_psd_abs",2
"tier1_main","single_condition","single_condition","P1_psd_bandpower_from_derivatives","PSD_REGION_ABSOLUTE","ds004504__EC","AD_vs_FTD","kTSP_k9_disjoint","frontal_beta_psd_abs",64
"tier1_main","single_condition","single_condition","P1_psd_bandpower_from_derivatives","PSD_REGION_ABSOLUTE","ds004504__EC","AD_FTD_vs_CN","kTSP_k9_nondisjoint","frontal_beta_psd_abs",48
"tier4_pooled","pooled_condition","POOLED_EC_EO_subject_grouped","P1_psd_bandpower_from_derivatives","PSD_REGION_ABSOLUTE","POOLED_EC_EO_subject_grouped","AD_vs_FTD","kTSP_k9_nondisjoint","frontal_beta_psd_abs",66
"tier1_main","single_condition","single_condition","P1_psd_bandpower_from_derivatives","PSD_REGION_ABSOLUTE","ds006036__EO_or_photomark","CN_vs_FTD","kTSP_k9_nondisjoint","frontal_beta_psd_abs",42
"tier2_cross_condition","cross_condition_transfer","EC_train__EO_photo_test","P1_psd_bandpower_from_derivatives","PSD_REGION_ABSOLUTE","EC_train__EO_photo_test","CN_vs_FTD","kTSP_k9_nondisjoint","frontal_beta_psd_abs",1
"tier4_pooled","pooled_condition","POOLED_EC_EO_subject_grouped","P1_psd_bandpower_from_derivatives","PSD_REGION_ABSOLUTE","POOLED_EC_EO_subject_grouped","CN_vs_FTD","kTSP_k9_nondisjoint","frontal_beta_psd_abs",62
"tier1_main","single_condition","single_condition","P0_derivative_amplitude_deciles","REGION_AGGREGATES_ALL","ds004504__EC","CN_vs_FTD","kTSP_CV_disjoint","frontal_beta_shape_asymmetry",1
"tier1_main","single_condition","single_condition","P0_derivative_amplitude_deciles","REGION_AGGREGATES_ALL","ds004504__EC","AD_vs_FTD","kTSP_k9_disjoint","frontal_beta_shape_asymmetry",6
"tier1_main","single_condition","single_condition","P0_derivative_amplitude_deciles","REGION_AGGREGATES_ALL","ds006036__EO_or_photomark","AD_vs_FTD","kTSP_k9_disjoint","frontal_beta_shape_asymmetry",1
"tier1_main","single_condition","single_condition","P0_derivative_amplitude_deciles","REGION_AGGREGATES_ALL","ds004504__EC","AD_vs_CN","kTSP_k5_nondisjoint","frontal_beta_spread_80_20",1
"tier1_main","single_condition","single_condition","P0_derivative_amplitude_deciles","REGION_AGGREGATES_ALL","ds006036__EO_or_photomark","AD_FTD_vs_CN","kTSP_k9_disjoint","frontal_beta_spread_80_20",11
"tier1_main","single_condition","single_condition","P0_derivative_amplitude_deciles","REGION_AGGREGATES_ALL","ds006036__EO_or_photomark","AD_vs_CN","kTSP_k9_disjoint","frontal_beta_spread_80_20",1
"tier1_main","single_condition","single_condition","P0_derivative_amplitude_deciles","REGION_AGGREGATES_ALL","ds006036__EO_or_photomark","CN_vs_FTD","TSP_k1","frontal_beta_spread_80_20",2
"tier4_pooled","pooled_condition","POOLED_EC_EO_subject_grouped","P0_derivative_amplitude_deciles","REGION_AGGREGATES_ALL","POOLED_EC_EO_subject_grouped","AD_vs_FTD","kTSP_k5_nondisjoint","frontal_beta_spread_90_10",7
"tier1_main","single_condition","single_condition","P0_derivative_amplitude_deciles","REGION_AGGREGATES_ALL","ds006036__EO_or_photomark","AD_vs_FTD","kTSP_k9_disjoint","frontal_beta_spread_90_10",13
"tier2_cross_condition","cross_condition_transfer","EO_photo_train__EC_test","P0_derivative_amplitude_deciles","REGION_AGGREGATES_ALL","EO_photo_train__EC_test","AD_vs_FTD","kTSP_CV_nondisjoint","frontal_beta_upper_tail",1
"tier4_pooled","pooled_condition","POOLED_EC_EO_subject_grouped","P0_derivative_amplitude_deciles","REGION_AGGREGATES_ALL","POOLED_EC_EO_subject_grouped","AD_vs_FTD","kTSP_k5_nondisjoint","frontal_beta_upper_tail",7
"tier1_main","single_condition","single_condition","P0_derivative_amplitude_deciles","REGION_AGGREGATES_ALL","ds006036__EO_or_photomark","AD_vs_FTD","kTSP_k9_disjoint","frontal_beta_upper_tail",14
"tier1_main","single_condition","single_condition","P0_derivative_amplitude_deciles","REGION_AGGREGATES_ALL","ds004504__EC","AD_vs_FTD","kTSP_k9_disjoint","frontal_delta_center",3
"tier1_main","single_condition","single_condition","P0_derivative_amplitude_deciles","REGION_AGGREGATES_ALL","ds006036__EO_or_photomark","AD_vs_FTD","kTSP_k9_disjoint","frontal_delta_center",7
"tier1_main","single_condition","single_condition","P0_derivative_amplitude_deciles","REGION_AGGREGATES_ALL","ds004504__EC","AD_vs_FTD","kTSP_k9_disjoint","frontal_delta_D10",1
"tier1_main","single_condition","single_condition","P0_derivative_amplitude_deciles","REGION_AGGREGATES_ALL","ds006036__EO_or_photomark","AD_vs_FTD","kTSP_k9_disjoint","frontal_delta_D10",1
"tier4_pooled","pooled_condition","POOLED_EC_EO_subject_grouped","P0_derivative_amplitude_deciles","REGION_AGGREGATES_ALL","POOLED_EC_EO_subject_grouped","CN_vs_FTD","kTSP_k5_disjoint","frontal_delta_D40",1
"tier1_main","single_condition","single_condition","P0_derivative_amplitude_deciles","REGION_AGGREGATES_ALL","ds004504__EC","AD_vs_CN","kTSP_k5_nondisjoint","frontal_delta_D40",2
"tier1_main","single_condition","single_condition","P0_derivative_amplitude_deciles","REGION_AGGREGATES_ALL","ds004504__EC","AD_FTD_vs_CN","kTSP_k9_disjoint","frontal_delta_D40",1
"tier1_main","single_condition","single_condition","P0_derivative_amplitude_deciles","REGION_AGGREGATES_ALL","ds004504__EC","AD_vs_FTD","kTSP_k9_disjoint","frontal_delta_D50",14
"tier1_main","single_condition","single_condition","P0_derivative_amplitude_deciles","REGION_AGGREGATES_ALL","ds006036__EO_or_photomark","AD_vs_FTD","kTSP_k9_disjoint","frontal_delta_D50",25
"tier4_pooled","pooled_condition","POOLED_EC_EO_subject_grouped","P0_derivative_amplitude_deciles","REGION_AGGREGATES_ALL","POOLED_EC_EO_subject_grouped","AD_vs_FTD","kTSP_k5_nondisjoint","frontal_delta_D60",8
"tier1_main","single_condition","single_condition","P0_derivative_amplitude_deciles","REGION_AGGREGATES_ALL","ds006036__EO_or_photomark","AD_vs_FTD","kTSP_k9_disjoint","frontal_delta_D60",25
"tier1_main","single_condition","single_condition","P0_derivative_amplitude_deciles","REGION_AGGREGATES_ALL","ds004504__EC","CN_vs_FTD","kTSP_CV_disjoint","frontal_delta_D70",1
"tier1_main","single_condition","single_condition","P0_derivative_amplitude_deciles","REGION_AGGREGATES_ALL","ds004504__EC","AD_FTD_vs_CN","kTSP_k9_disjoint","frontal_delta_D70",1
"tier1_main","single_condition","single_condition","P0_derivative_amplitude_deciles","REGION_AGGREGATES_ALL","ds006036__EO_or_photomark","AD_vs_CN","kTSP_k9_disjoint","frontal_delta_D70",1
"tier1_main","single_condition","single_condition","P0_derivative_amplitude_deciles","REGION_AGGREGATES_ALL","ds004504__EC","AD_vs_FTD","kTSP_k9_disjoint","frontal_delta_D90",16
"tier1_main","single_condition","single_condition","P0_derivative_amplitude_deciles","REGION_AGGREGATES_ALL","ds004504__EC","AD_vs_FTD","kTSP_k9_disjoint","frontal_delta_lower_tail",7
"tier1_main","single_condition","single_condition","P1_psd_bandpower_from_derivatives","PSD_REGION_ABSOLUTE","ds006036__EO_or_photomark","AD_vs_FTD","kTSP_k3_nondisjoint","frontal_delta_psd_abs",7
"tier1_main","single_condition","single_condition","P1_psd_bandpower_from_derivatives","PSD_REGION_ABSOLUTE","ds006036__EO_or_photomark","AD_FTD_vs_CN","kTSP_k9_disjoint","frontal_delta_psd_abs",23
"tier1_main","single_condition","single_condition","P1_psd_bandpower_from_derivatives","PSD_REGION_ABSOLUTE","ds006036__EO_or_photomark","AD_vs_CN","kTSP_k9_disjoint","frontal_delta_psd_abs",23
"tier1_main","single_condition","single_condition","P1_psd_bandpower_from_derivatives","PSD_REGION_ABSOLUTE","ds004504__EC","AD_vs_FTD","kTSP_k9_disjoint","frontal_delta_psd_abs",28
"tier1_main","single_condition","single_condition","P0_derivative_amplitude_deciles","REGION_AGGREGATES_ALL","ds006036__EO_or_photomark","AD_vs_FTD","kTSP_k9_disjoint","frontal_delta_shape_asymmetry",1
"tier1_main","single_condition","single_condition","P0_derivative_amplitude_deciles","REGION_AGGREGATES_ALL","ds004504__EC","CN_vs_FTD","kTSP_CV_disjoint","frontal_gamma_D10",1
"tier4_pooled","pooled_condition","POOLED_EC_EO_subject_grouped","P0_derivative_amplitude_deciles","REGION_AGGREGATES_ALL","POOLED_EC_EO_subject_grouped","AD_vs_FTD","kTSP_k5_nondisjoint","frontal_gamma_D10",1
"tier1_main","single_condition","single_condition","P0_derivative_amplitude_deciles","REGION_AGGREGATES_ALL","ds004504__EC","AD_FTD_vs_CN","kTSP_k9_disjoint","frontal_gamma_D10",2
"tier4_pooled","pooled_condition","POOLED_EC_EO_subject_grouped","P0_derivative_amplitude_deciles","REGION_AGGREGATES_ALL","POOLED_EC_EO_subject_grouped","AD_FTD_vs_CN","kTSP_k9_disjoint","frontal_gamma_D10",1
"tier4_pooled","pooled_condition","POOLED_EC_EO_subject_grouped","P0_derivative_amplitude_deciles","REGION_AGGREGATES_ALL","POOLED_EC_EO_subject_grouped","AD_vs_CN","kTSP_k9_disjoint","frontal_gamma_D10",1
"tier1_main","single_condition","single_condition","P0_derivative_amplitude_deciles","REGION_AGGREGATES_ALL","ds006036__EO_or_photomark","AD_vs_FTD","kTSP_k9_disjoint","frontal_gamma_D10",3
"tier1_main","single_condition","single_condition","P0_derivative_amplitude_deciles","REGION_AGGREGATES_ALL","ds006036__EO_or_photomark","AD_FTD_vs_CN","kTSP_k9_disjoint","frontal_gamma_D20",1
"tier1_main","single_condition","single_condition","P0_derivative_amplitude_deciles","REGION_AGGREGATES_ALL","ds006036__EO_or_photomark","AD_vs_CN","kTSP_k9_disjoint","frontal_gamma_D20",1
"tier2_cross_condition","cross_condition_transfer","EO_photo_train__EC_test","P0_derivative_amplitude_deciles","REGION_AGGREGATES_ALL","EO_photo_train__EC_test","AD_FTD_vs_CN","kTSP_CV_disjoint","frontal_gamma_D30",1
"tier2_cross_condition","cross_condition_transfer","EO_photo_train__EC_test","P0_derivative_amplitude_deciles","REGION_AGGREGATES_ALL","EO_photo_train__EC_test","CN_vs_FTD","kTSP_CV_disjoint","frontal_gamma_D30",1
"tier4_pooled","pooled_condition","POOLED_EC_EO_subject_grouped","P0_derivative_amplitude_deciles","REGION_AGGREGATES_ALL","POOLED_EC_EO_subject_grouped","CN_vs_FTD","kTSP_k5_disjoint","frontal_gamma_D30",3
"tier1_main","single_condition","single_condition","P0_derivative_amplitude_deciles","REGION_AGGREGATES_ALL","ds006036__EO_or_photomark","AD_FTD_vs_CN","kTSP_k9_disjoint","frontal_gamma_D30",56
"tier4_pooled","pooled_condition","POOLED_EC_EO_subject_grouped","P0_derivative_amplitude_deciles","REGION_AGGREGATES_ALL","POOLED_EC_EO_subject_grouped","AD_FTD_vs_CN","kTSP_k9_disjoint","frontal_gamma_D30",2
"tier1_main","single_condition","single_condition","P0_derivative_amplitude_deciles","REGION_AGGREGATES_ALL","ds006036__EO_or_photomark","AD_vs_CN","kTSP_k9_disjoint","frontal_gamma_D30",14
"tier4_pooled","pooled_condition","POOLED_EC_EO_subject_grouped","P0_derivative_amplitude_deciles","REGION_AGGREGATES_ALL","POOLED_EC_EO_subject_grouped","AD_vs_CN","kTSP_k9_disjoint","frontal_gamma_D30",1
"tier1_main","single_condition","single_condition","P0_derivative_amplitude_deciles","REGION_AGGREGATES_ALL","ds006036__EO_or_photomark","CN_vs_FTD","TSP_k1","frontal_gamma_D30",4
"tier1_main","single_condition","single_condition","P0_derivative_amplitude_deciles","REGION_AGGREGATES_ALL","ds004504__EC","AD_vs_FTD","kTSP_k9_disjoint","frontal_gamma_D50",2
"tier1_main","single_condition","single_condition","P0_derivative_amplitude_deciles","REGION_AGGREGATES_ALL","ds004504__EC","CN_vs_FTD","kTSP_CV_disjoint","frontal_gamma_D70",10
"tier4_pooled","pooled_condition","POOLED_EC_EO_subject_grouped","P0_derivative_amplitude_deciles","REGION_AGGREGATES_ALL","POOLED_EC_EO_subject_grouped","CN_vs_FTD","kTSP_k5_disjoint","frontal_gamma_D70",23
"tier1_main","single_condition","single_condition","P0_derivative_amplitude_deciles","REGION_AGGREGATES_ALL","ds004504__EC","AD_FTD_vs_CN","kTSP_k9_disjoint","frontal_gamma_D70",5
"tier1_main","single_condition","single_condition","P0_derivative_amplitude_deciles","REGION_AGGREGATES_ALL","ds006036__EO_or_photomark","AD_FTD_vs_CN","kTSP_k9_disjoint","frontal_gamma_D70",24
"tier4_pooled","pooled_condition","POOLED_EC_EO_subject_grouped","P0_derivative_amplitude_deciles","REGION_AGGREGATES_ALL","POOLED_EC_EO_subject_grouped","AD_FTD_vs_CN","kTSP_k9_disjoint","frontal_gamma_D70",12
"tier1_main","single_condition","single_condition","P0_derivative_amplitude_deciles","REGION_AGGREGATES_ALL","ds006036__EO_or_photomark","AD_vs_CN","kTSP_k9_disjoint","frontal_gamma_D70",4
"tier4_pooled","pooled_condition","POOLED_EC_EO_subject_grouped","P0_derivative_amplitude_deciles","REGION_AGGREGATES_ALL","POOLED_EC_EO_subject_grouped","AD_vs_CN","kTSP_k9_disjoint","frontal_gamma_D70",4
"tier1_main","single_condition","single_condition","P0_derivative_amplitude_deciles","REGION_AGGREGATES_ALL","ds006036__EO_or_photomark","CN_vs_FTD","TSP_k1","frontal_gamma_D70",1
"tier1_main","single_condition","single_condition","P0_derivative_amplitude_deciles","REGION_AGGREGATES_ALL","ds006036__EO_or_photomark","AD_FTD_vs_CN","kTSP_k9_disjoint","frontal_gamma_D80",2
"tier1_main","single_condition","single_condition","P0_derivative_amplitude_deciles","REGION_AGGREGATES_ALL","ds004504__EC","AD_vs_FTD","kTSP_k9_disjoint","frontal_gamma_D80",1
"tier1_main","single_condition","single_condition","P0_derivative_amplitude_deciles","REGION_AGGREGATES_ALL","ds006036__EO_or_photomark","CN_vs_FTD","TSP_k1","frontal_gamma_D80",1
"tier4_pooled","pooled_condition","POOLED_EC_EO_subject_grouped","P0_derivative_amplitude_deciles","REGION_AGGREGATES_ALL","POOLED_EC_EO_subject_grouped","AD_vs_FTD","kTSP_k5_nondisjoint","frontal_gamma_D90",3
"tier4_pooled","pooled_condition","POOLED_EC_EO_subject_grouped","P0_derivative_amplitude_deciles","REGION_AGGREGATES_ALL","POOLED_EC_EO_subject_grouped","AD_vs_FTD","kTSP_k5_nondisjoint","frontal_gamma_lower_tail",2
"tier1_main","single_condition","single_condition","P0_derivative_amplitude_deciles","REGION_AGGREGATES_ALL","ds004504__EC","AD_FTD_vs_CN","kTSP_k9_disjoint","frontal_gamma_lower_tail",1
"tier1_main","single_condition","single_condition","P0_derivative_amplitude_deciles","REGION_AGGREGATES_ALL","ds006036__EO_or_photomark","AD_vs_FTD","kTSP_k9_disjoint","frontal_gamma_lower_tail",5
"tier1_main","single_condition","single_condition","P0_derivative_amplitude_deciles","REGION_AGGREGATES_ALL","ds006036__EO_or_photomark","CN_vs_FTD","TSP_k1","frontal_gamma_lower_tail",1
"tier2_cross_condition","cross_condition_transfer","EC_train__EO_photo_test","P1_psd_bandpower_from_derivatives","PSD_REGION_ABSOLUTE","EC_train__EO_photo_test","AD_vs_FTD","kTSP_CV_nondisjoint","frontal_gamma_psd_abs",1
"tier1_main","single_condition","single_condition","P1_psd_bandpower_from_derivatives","PSD_REGION_ABSOLUTE","ds006036__EO_or_photomark","AD_vs_FTD","kTSP_k3_nondisjoint","frontal_gamma_psd_abs",1
"tier1_main","single_condition","single_condition","P1_psd_bandpower_from_derivatives","PSD_REGION_ABSOLUTE","ds004504__EC","AD_vs_FTD","kTSP_k9_disjoint","frontal_gamma_psd_abs",69
"tier4_pooled","pooled_condition","POOLED_EC_EO_subject_grouped","P1_psd_bandpower_from_derivatives","PSD_REGION_ABSOLUTE","POOLED_EC_EO_subject_grouped","AD_vs_FTD","kTSP_k9_nondisjoint","frontal_gamma_psd_abs",27
"tier1_main","single_condition","single_condition","P0_derivative_amplitude_deciles","REGION_AGGREGATES_ALL","ds006036__EO_or_photomark","AD_vs_FTD","kTSP_k9_disjoint","frontal_gamma_shape_asymmetry",1
"tier1_main","single_condition","single_condition","P0_derivative_amplitude_deciles","REGION_AGGREGATES_ALL","ds004504__EC","CN_vs_FTD","kTSP_CV_disjoint","frontal_gamma_spread_80_20",77
"tier2_cross_condition","cross_condition_transfer","EC_train__EO_photo_test","P0_derivative_amplitude_deciles","REGION_AGGREGATES_ALL","EC_train__EO_photo_test","CN_vs_FTD","kTSP_CV_nondisjoint","frontal_gamma_spread_80_20",1
"tier4_pooled","pooled_condition","POOLED_EC_EO_subject_grouped","P0_derivative_amplitude_deciles","REGION_AGGREGATES_ALL","POOLED_EC_EO_subject_grouped","CN_vs_FTD","kTSP_k5_disjoint","frontal_gamma_spread_80_20",7
"tier1_main","single_condition","single_condition","P0_derivative_amplitude_deciles","REGION_AGGREGATES_ALL","ds004504__EC","AD_vs_CN","kTSP_k5_nondisjoint","frontal_gamma_spread_80_20",5
"tier4_pooled","pooled_condition","POOLED_EC_EO_subject_grouped","P0_derivative_amplitude_deciles","REGION_AGGREGATES_ALL","POOLED_EC_EO_subject_grouped","AD_vs_FTD","kTSP_k5_nondisjoint","frontal_gamma_spread_80_20",6
"tier1_main","single_condition","single_condition","P0_derivative_amplitude_deciles","REGION_AGGREGATES_ALL","ds004504__EC","AD_FTD_vs_CN","kTSP_k9_disjoint","frontal_gamma_spread_80_20",45
"tier4_pooled","pooled_condition","POOLED_EC_EO_subject_grouped","P0_derivative_amplitude_deciles","REGION_AGGREGATES_ALL","POOLED_EC_EO_subject_grouped","AD_FTD_vs_CN","kTSP_k9_disjoint","frontal_gamma_spread_80_20",6
"tier4_pooled","pooled_condition","POOLED_EC_EO_subject_grouped","P0_derivative_amplitude_deciles","REGION_AGGREGATES_ALL","POOLED_EC_EO_subject_grouped","AD_vs_CN","kTSP_k9_disjoint","frontal_gamma_spread_80_20",1
"tier1_main","single_condition","single_condition","P0_derivative_amplitude_deciles","REGION_AGGREGATES_ALL","ds006036__EO_or_photomark","AD_vs_FTD","kTSP_k9_disjoint","frontal_gamma_spread_80_20",4
"tier1_main","single_condition","single_condition","P0_derivative_amplitude_deciles","REGION_AGGREGATES_ALL","ds006036__EO_or_photomark","CN_vs_FTD","TSP_k1","frontal_gamma_spread_80_20",3
"tier1_main","single_condition","single_condition","P0_derivative_amplitude_deciles","REGION_AGGREGATES_ALL","ds004504__EC","CN_vs_FTD","kTSP_CV_disjoint","frontal_gamma_spread_90_10",50
"tier4_pooled","pooled_condition","POOLED_EC_EO_subject_grouped","P0_derivative_amplitude_deciles","REGION_AGGREGATES_ALL","POOLED_EC_EO_subject_grouped","CN_vs_FTD","kTSP_k5_disjoint","frontal_gamma_spread_90_10",19
"tier1_main","single_condition","single_condition","P0_derivative_amplitude_deciles","REGION_AGGREGATES_ALL","ds004504__EC","AD_vs_CN","kTSP_k5_nondisjoint","frontal_gamma_spread_90_10",3
"tier1_main","single_condition","single_condition","P0_derivative_amplitude_deciles","REGION_AGGREGATES_ALL","ds004504__EC","AD_FTD_vs_CN","kTSP_k9_disjoint","frontal_gamma_spread_90_10",22
"tier1_main","single_condition","single_condition","P0_derivative_amplitude_deciles","REGION_AGGREGATES_ALL","ds006036__EO_or_photomark","AD_FTD_vs_CN","kTSP_k9_disjoint","frontal_gamma_spread_90_10",2
"tier4_pooled","pooled_condition","POOLED_EC_EO_subject_grouped","P0_derivative_amplitude_deciles","REGION_AGGREGATES_ALL","POOLED_EC_EO_subject_grouped","AD_FTD_vs_CN","kTSP_k9_disjoint","frontal_gamma_spread_90_10",4
"tier4_pooled","pooled_condition","POOLED_EC_EO_subject_grouped","P0_derivative_amplitude_deciles","REGION_AGGREGATES_ALL","POOLED_EC_EO_subject_grouped","AD_vs_CN","kTSP_k9_disjoint","frontal_gamma_spread_90_10",1
"tier1_main","single_condition","single_condition","P0_derivative_amplitude_deciles","REGION_AGGREGATES_ALL","ds004504__EC","CN_vs_FTD","kTSP_CV_disjoint","frontal_gamma_upper_tail",1
"tier1_main","single_condition","single_condition","P0_derivative_amplitude_deciles","REGION_AGGREGATES_ALL","ds004504__EC","AD_vs_CN","kTSP_k5_nondisjoint","frontal_gamma_upper_tail",2
"tier4_pooled","pooled_condition","POOLED_EC_EO_subject_grouped","P0_derivative_amplitude_deciles","REGION_AGGREGATES_ALL","POOLED_EC_EO_subject_grouped","AD_vs_FTD","kTSP_k5_nondisjoint","frontal_gamma_upper_tail",4
"tier1_main","single_condition","single_condition","P0_derivative_amplitude_deciles","REGION_AGGREGATES_ALL","ds004504__EC","AD_FTD_vs_CN","kTSP_k9_disjoint","frontal_gamma_upper_tail",3
"tier1_main","single_condition","single_condition","P0_derivative_amplitude_deciles","REGION_AGGREGATES_ALL","ds004504__EC","AD_vs_FTD","kTSP_k9_disjoint","frontal_gamma_upper_tail",1
"tier1_main","single_condition","single_condition","P0_derivative_amplitude_deciles","REGION_AGGREGATES_ALL","ds006036__EO_or_photomark","AD_vs_FTD","kTSP_k9_disjoint","frontal_gamma_upper_tail",1
"tier1_main","single_condition","single_condition","P0_derivative_amplitude_deciles","REGION_AGGREGATES_ALL","ds004504__EC","AD_FTD_vs_CN","kTSP_k9_disjoint","frontal_theta_D10",2
"tier1_main","single_condition","single_condition","P0_derivative_amplitude_deciles","REGION_AGGREGATES_ALL","ds006036__EO_or_photomark","AD_FTD_vs_CN","kTSP_k9_disjoint","frontal_theta_D10",4
"tier4_pooled","pooled_condition","POOLED_EC_EO_subject_grouped","P0_derivative_amplitude_deciles","REGION_AGGREGATES_ALL","POOLED_EC_EO_subject_grouped","AD_FTD_vs_CN","kTSP_k9_disjoint","frontal_theta_D10",8
"tier1_main","single_condition","single_condition","P0_derivative_amplitude_deciles","REGION_AGGREGATES_ALL","ds006036__EO_or_photomark","AD_vs_CN","kTSP_k9_disjoint","frontal_theta_D10",3
"tier4_pooled","pooled_condition","POOLED_EC_EO_subject_grouped","P0_derivative_amplitude_deciles","REGION_AGGREGATES_ALL","POOLED_EC_EO_subject_grouped","AD_vs_CN","kTSP_k9_disjoint","frontal_theta_D10",2
"tier4_pooled","pooled_condition","POOLED_EC_EO_subject_grouped","P0_derivative_amplitude_deciles","REGION_AGGREGATES_ALL","POOLED_EC_EO_subject_grouped","AD_vs_FTD","kTSP_k5_nondisjoint","frontal_theta_D30",2
"tier1_main","single_condition","single_condition","P0_derivative_amplitude_deciles","REGION_AGGREGATES_ALL","ds004504__EC","AD_vs_FTD","kTSP_k9_disjoint","frontal_theta_D30",6
"tier2_cross_condition","cross_condition_transfer","EC_train__EO_photo_test","P0_derivative_amplitude_deciles","REGION_AGGREGATES_ALL","EC_train__EO_photo_test","AD_vs_FTD","kTSP_k3_disjoint","frontal_theta_D40",1
"tier1_main","single_condition","single_condition","P0_derivative_amplitude_deciles","REGION_AGGREGATES_ALL","ds004504__EC","AD_vs_CN","kTSP_k5_nondisjoint","frontal_theta_D40",1
"tier4_pooled","pooled_condition","POOLED_EC_EO_subject_grouped","P0_derivative_amplitude_deciles","REGION_AGGREGATES_ALL","POOLED_EC_EO_subject_grouped","AD_vs_FTD","kTSP_k5_nondisjoint","frontal_theta_D40",3
"tier1_main","single_condition","single_condition","P0_derivative_amplitude_deciles","REGION_AGGREGATES_ALL","ds004504__EC","AD_vs_FTD","kTSP_k9_disjoint","frontal_theta_D40",29
"tier1_main","single_condition","single_condition","P0_derivative_amplitude_deciles","REGION_AGGREGATES_ALL","ds006036__EO_or_photomark","AD_vs_FTD","kTSP_k9_disjoint","frontal_theta_D40",3
"tier2_cross_condition","cross_condition_transfer","EO_photo_train__EC_test","P0_derivative_amplitude_deciles","REGION_AGGREGATES_ALL","EO_photo_train__EC_test","AD_vs_FTD","kTSP_CV_nondisjoint","frontal_theta_D60",1
"tier1_main","single_condition","single_condition","P0_derivative_amplitude_deciles","REGION_AGGREGATES_ALL","ds004504__EC","AD_vs_FTD","kTSP_k9_disjoint","frontal_theta_D60",14
"tier1_main","single_condition","single_condition","P0_derivative_amplitude_deciles","REGION_AGGREGATES_ALL","ds006036__EO_or_photomark","AD_vs_FTD","kTSP_k9_disjoint","frontal_theta_D60",49
"tier4_pooled","pooled_condition","POOLED_EC_EO_subject_grouped","P0_derivative_amplitude_deciles","REGION_AGGREGATES_ALL","POOLED_EC_EO_subject_grouped","AD_vs_FTD","kTSP_k5_nondisjoint","frontal_theta_D70",6
"tier1_main","single_condition","single_condition","P0_derivative_amplitude_deciles","REGION_AGGREGATES_ALL","ds004504__EC","AD_vs_FTD","kTSP_k9_disjoint","frontal_theta_D70",4
"tier1_main","single_condition","single_condition","P0_derivative_amplitude_deciles","REGION_AGGREGATES_ALL","ds006036__EO_or_photomark","AD_vs_FTD","kTSP_k9_disjoint","frontal_theta_D70",2
"tier4_pooled","pooled_condition","POOLED_EC_EO_subject_grouped","P0_derivative_amplitude_deciles","REGION_AGGREGATES_ALL","POOLED_EC_EO_subject_grouped","AD_vs_FTD","kTSP_k5_nondisjoint","frontal_theta_D80",1
"tier1_main","single_condition","single_condition","P0_derivative_amplitude_deciles","REGION_AGGREGATES_ALL","ds004504__EC","AD_FTD_vs_CN","kTSP_k9_disjoint","frontal_theta_D80",5
"tier1_main","single_condition","single_condition","P0_derivative_amplitude_deciles","REGION_AGGREGATES_ALL","ds006036__EO_or_photomark","AD_FTD_vs_CN","kTSP_k9_disjoint","frontal_theta_D80",4
"tier4_pooled","pooled_condition","POOLED_EC_EO_subject_grouped","P0_derivative_amplitude_deciles","REGION_AGGREGATES_ALL","POOLED_EC_EO_subject_grouped","AD_FTD_vs_CN","kTSP_k9_disjoint","frontal_theta_D80",2
"tier1_main","single_condition","single_condition","P0_derivative_amplitude_deciles","REGION_AGGREGATES_ALL","ds006036__EO_or_photomark","AD_vs_CN","kTSP_k9_disjoint","frontal_theta_D80",8
"tier4_pooled","pooled_condition","POOLED_EC_EO_subject_grouped","P0_derivative_amplitude_deciles","REGION_AGGREGATES_ALL","POOLED_EC_EO_subject_grouped","AD_vs_CN","kTSP_k9_disjoint","frontal_theta_D80",1
"tier1_main","single_condition","single_condition","P0_derivative_amplitude_deciles","REGION_AGGREGATES_ALL","ds006036__EO_or_photomark","AD_vs_FTD","kTSP_k9_disjoint","frontal_theta_D80",1
"smoke","single_condition","single_condition","P0_derivative_amplitude_deciles","REGION_AGGREGATES_ALL","ds006036__EO_or_photomark","AD_vs_CN","kTSP_CV_disjoint","frontal_theta_D90",2
"tier1_main","single_condition","single_condition","P0_derivative_amplitude_deciles","REGION_AGGREGATES_ALL","ds004504__EC","CN_vs_FTD","kTSP_CV_disjoint","frontal_theta_D90",21
"tier2_cross_condition","cross_condition_transfer","EO_photo_train__EC_test","P0_derivative_amplitude_deciles","REGION_AGGREGATES_ALL","EO_photo_train__EC_test","AD_vs_CN","kTSP_k3_nondisjoint","frontal_theta_D90",2
"tier4_pooled","pooled_condition","POOLED_EC_EO_subject_grouped","P0_derivative_amplitude_deciles","REGION_AGGREGATES_ALL","POOLED_EC_EO_subject_grouped","CN_vs_FTD","kTSP_k5_disjoint","frontal_theta_D90",1
"tier2_cross_condition","cross_condition_transfer","EC_train__EO_photo_test","P0_derivative_amplitude_deciles","REGION_AGGREGATES_ALL","EC_train__EO_photo_test","AD_FTD_vs_CN","kTSP_k5_nondisjoint","frontal_theta_D90",1
"tier1_main","single_condition","single_condition","P0_derivative_amplitude_deciles","REGION_AGGREGATES_ALL","ds004504__EC","AD_vs_CN","kTSP_k5_nondisjoint","frontal_theta_D90",48
"tier4_pooled","pooled_condition","POOLED_EC_EO_subject_grouped","P0_derivative_amplitude_deciles","REGION_AGGREGATES_ALL","POOLED_EC_EO_subject_grouped","AD_vs_FTD","kTSP_k5_nondisjoint","frontal_theta_D90",13
"tier1_main","single_condition","single_condition","P0_derivative_amplitude_deciles","REGION_AGGREGATES_ALL","ds004504__EC","AD_FTD_vs_CN","kTSP_k9_disjoint","frontal_theta_D90",61
"tier1_main","single_condition","single_condition","P0_derivative_amplitude_deciles","REGION_AGGREGATES_ALL","ds006036__EO_or_photomark","AD_FTD_vs_CN","kTSP_k9_disjoint","frontal_theta_D90",34
"tier4_pooled","pooled_condition","POOLED_EC_EO_subject_grouped","P0_derivative_amplitude_deciles","REGION_AGGREGATES_ALL","POOLED_EC_EO_subject_grouped","AD_FTD_vs_CN","kTSP_k9_disjoint","frontal_theta_D90",80
"tier1_main","single_condition","single_condition","P0_derivative_amplitude_deciles","REGION_AGGREGATES_ALL","ds006036__EO_or_photomark","AD_vs_CN","kTSP_k9_disjoint","frontal_theta_D90",83
"tier4_pooled","pooled_condition","POOLED_EC_EO_subject_grouped","P0_derivative_amplitude_deciles","REGION_AGGREGATES_ALL","POOLED_EC_EO_subject_grouped","AD_vs_CN","kTSP_k9_disjoint","frontal_theta_D90",92
"tier1_main","single_condition","single_condition","P0_derivative_amplitude_deciles","REGION_AGGREGATES_ALL","ds004504__EC","AD_vs_FTD","kTSP_k9_disjoint","frontal_theta_D90",1
"tier1_main","single_condition","single_condition","P0_derivative_amplitude_deciles","REGION_AGGREGATES_ALL","ds006036__EO_or_photomark","AD_vs_FTD","kTSP_k9_disjoint","frontal_theta_D90",7
"tier1_main","single_condition","single_condition","P0_derivative_amplitude_deciles","REGION_AGGREGATES_ALL","ds006036__EO_or_photomark","CN_vs_FTD","TSP_k1","frontal_theta_D90",1
"tier2_cross_condition","cross_condition_transfer","EO_photo_train__EC_test","P0_derivative_amplitude_deciles","REGION_AGGREGATES_ALL","EO_photo_train__EC_test","AD_FTD_vs_CN","kTSP_CV_disjoint","frontal_theta_lower_tail",1
"smoke","single_condition","single_condition","P0_derivative_amplitude_deciles","REGION_AGGREGATES_ALL","ds006036__EO_or_photomark","AD_vs_CN","kTSP_CV_disjoint","frontal_theta_lower_tail",1
"tier1_main","single_condition","single_condition","P0_derivative_amplitude_deciles","REGION_AGGREGATES_ALL","ds004504__EC","CN_vs_FTD","kTSP_CV_disjoint","frontal_theta_lower_tail",1
"tier4_pooled","pooled_condition","POOLED_EC_EO_subject_grouped","P0_derivative_amplitude_deciles","REGION_AGGREGATES_ALL","POOLED_EC_EO_subject_grouped","CN_vs_FTD","kTSP_k5_disjoint","frontal_theta_lower_tail",2
"tier1_main","single_condition","single_condition","P0_derivative_amplitude_deciles","REGION_AGGREGATES_ALL","ds004504__EC","AD_vs_CN","kTSP_k5_nondisjoint","frontal_theta_lower_tail",11
"tier4_pooled","pooled_condition","POOLED_EC_EO_subject_grouped","P0_derivative_amplitude_deciles","REGION_AGGREGATES_ALL","POOLED_EC_EO_subject_grouped","AD_vs_FTD","kTSP_k5_nondisjoint","frontal_theta_lower_tail",13
"tier1_main","single_condition","single_condition","P0_derivative_amplitude_deciles","REGION_AGGREGATES_ALL","ds004504__EC","AD_FTD_vs_CN","kTSP_k9_disjoint","frontal_theta_lower_tail",26
"tier1_main","single_condition","single_condition","P0_derivative_amplitude_deciles","REGION_AGGREGATES_ALL","ds006036__EO_or_photomark","AD_FTD_vs_CN","kTSP_k9_disjoint","frontal_theta_lower_tail",52
"tier4_pooled","pooled_condition","POOLED_EC_EO_subject_grouped","P0_derivative_amplitude_deciles","REGION_AGGREGATES_ALL","POOLED_EC_EO_subject_grouped","AD_FTD_vs_CN","kTSP_k9_disjoint","frontal_theta_lower_tail",42
"tier1_main","single_condition","single_condition","P0_derivative_amplitude_deciles","REGION_AGGREGATES_ALL","ds006036__EO_or_photomark","AD_vs_CN","kTSP_k9_disjoint","frontal_theta_lower_tail",67
"tier4_pooled","pooled_condition","POOLED_EC_EO_subject_grouped","P0_derivative_amplitude_deciles","REGION_AGGREGATES_ALL","POOLED_EC_EO_subject_grouped","AD_vs_CN","kTSP_k9_disjoint","frontal_theta_lower_tail",67
"tier1_main","single_condition","single_condition","P0_derivative_amplitude_deciles","REGION_AGGREGATES_ALL","ds004504__EC","AD_vs_FTD","kTSP_k9_disjoint","frontal_theta_lower_tail",4
"tier2_cross_condition","cross_condition_transfer","EO_photo_train__EC_test","P1_psd_bandpower_from_derivatives","PSD_REGION_ABSOLUTE","EO_photo_train__EC_test","AD_FTD_vs_CN","kTSP_CV_nondisjoint","frontal_theta_psd_abs",1
"smoke","single_condition","single_condition","P1_psd_bandpower_from_derivatives","PSD_REGION_ABSOLUTE","ds004504__EC","AD_vs_CN","kTSP_CV_nondisjoint","frontal_theta_psd_abs",2
"smoke","single_condition","single_condition","P1_psd_bandpower_from_derivatives","PSD_REGION_ABSOLUTE","ds006036__EO_or_photomark","AD_vs_CN","kTSP_CV_nondisjoint","frontal_theta_psd_abs",2
"tier2_cross_condition","cross_condition_transfer","EO_photo_train__EC_test","P1_psd_bandpower_from_derivatives","PSD_REGION_ABSOLUTE","EO_photo_train__EC_test","AD_vs_CN","kTSP_CV_nondisjoint","frontal_theta_psd_abs",2
"tier2_cross_condition","cross_condition_transfer","EO_photo_train__EC_test","P1_psd_bandpower_from_derivatives","PSD_REGION_ABSOLUTE","EO_photo_train__EC_test","CN_vs_FTD","kTSP_CV_nondisjoint","frontal_theta_psd_abs",1
"tier2_cross_condition","cross_condition_transfer","EC_train__EO_photo_test","P1_psd_bandpower_from_derivatives","PSD_REGION_ABSOLUTE","EC_train__EO_photo_test","AD_FTD_vs_CN","kTSP_k5_disjoint","frontal_theta_psd_abs",1
"tier4_pooled","pooled_condition","POOLED_EC_EO_subject_grouped","P1_psd_bandpower_from_derivatives","PSD_REGION_ABSOLUTE","POOLED_EC_EO_subject_grouped","AD_FTD_vs_CN","kTSP_k5_disjoint","frontal_theta_psd_abs",63
"tier1_main","single_condition","single_condition","P1_psd_bandpower_from_derivatives","PSD_REGION_ABSOLUTE","ds004504__EC","AD_vs_CN","kTSP_k5_disjoint","frontal_theta_psd_abs",92
"tier2_cross_condition","cross_condition_transfer","EC_train__EO_photo_test","P1_psd_bandpower_from_derivatives","PSD_REGION_ABSOLUTE","EC_train__EO_photo_test","AD_vs_CN","kTSP_k5_disjoint","frontal_theta_psd_abs",2
"tier4_pooled","pooled_condition","POOLED_EC_EO_subject_grouped","P1_psd_bandpower_from_derivatives","PSD_REGION_ABSOLUTE","POOLED_EC_EO_subject_grouped","AD_vs_CN","kTSP_k5_disjoint","frontal_theta_psd_abs",35
"tier1_main","single_condition","single_condition","P1_psd_bandpower_from_derivatives","PSD_REGION_ABSOLUTE","ds004504__EC","CN_vs_FTD","kTSP_k5_nondisjoint","frontal_theta_psd_abs",100
"tier1_main","single_condition","single_condition","P1_psd_bandpower_from_derivatives","PSD_REGION_ABSOLUTE","ds006036__EO_or_photomark","AD_FTD_vs_CN","kTSP_k9_disjoint","frontal_theta_psd_abs",52
"tier1_main","single_condition","single_condition","P1_psd_bandpower_from_derivatives","PSD_REGION_ABSOLUTE","ds006036__EO_or_photomark","AD_vs_CN","kTSP_k9_disjoint","frontal_theta_psd_abs",43
"tier1_main","single_condition","single_condition","P1_psd_bandpower_from_derivatives","PSD_REGION_ABSOLUTE","ds004504__EC","AD_vs_FTD","kTSP_k9_disjoint","frontal_theta_psd_abs",12
"tier1_main","single_condition","single_condition","P1_psd_bandpower_from_derivatives","PSD_REGION_ABSOLUTE","ds004504__EC","AD_FTD_vs_CN","kTSP_k9_nondisjoint","frontal_theta_psd_abs",100
"tier4_pooled","pooled_condition","POOLED_EC_EO_subject_grouped","P1_psd_bandpower_from_derivatives","PSD_REGION_ABSOLUTE","POOLED_EC_EO_subject_grouped","AD_vs_FTD","kTSP_k9_nondisjoint","frontal_theta_psd_abs",1
"tier1_main","single_condition","single_condition","P1_psd_bandpower_from_derivatives","PSD_REGION_ABSOLUTE","ds006036__EO_or_photomark","CN_vs_FTD","kTSP_k9_nondisjoint","frontal_theta_psd_abs",94
"tier2_cross_condition","cross_condition_transfer","EC_train__EO_photo_test","P1_psd_bandpower_from_derivatives","PSD_REGION_ABSOLUTE","EC_train__EO_photo_test","CN_vs_FTD","kTSP_k9_nondisjoint","frontal_theta_psd_abs",1
"tier4_pooled","pooled_condition","POOLED_EC_EO_subject_grouped","P1_psd_bandpower_from_derivatives","PSD_REGION_ABSOLUTE","POOLED_EC_EO_subject_grouped","CN_vs_FTD","kTSP_k9_nondisjoint","frontal_theta_psd_abs",85
"tier1_main","single_condition","single_condition","P0_derivative_amplitude_deciles","REGION_AGGREGATES_ALL","ds004504__EC","AD_vs_FTD","kTSP_k9_disjoint","frontal_theta_shape_asymmetry",13
"tier1_main","single_condition","single_condition","P0_derivative_amplitude_deciles","REGION_AGGREGATES_ALL","ds006036__EO_or_photomark","AD_vs_FTD","kTSP_k9_disjoint","frontal_theta_shape_asymmetry",2
"tier4_pooled","pooled_condition","POOLED_EC_EO_subject_grouped","P0_derivative_amplitude_deciles","REGION_AGGREGATES_ALL","POOLED_EC_EO_subject_grouped","AD_FTD_vs_CN","kTSP_k9_disjoint","frontal_theta_spread_80_20",1
"tier1_main","single_condition","single_condition","P0_derivative_amplitude_deciles","REGION_AGGREGATES_ALL","ds006036__EO_or_photomark","AD_vs_CN","kTSP_k9_disjoint","frontal_theta_spread_80_20",1
"tier4_pooled","pooled_condition","POOLED_EC_EO_subject_grouped","P0_derivative_amplitude_deciles","REGION_AGGREGATES_ALL","POOLED_EC_EO_subject_grouped","AD_vs_CN","kTSP_k9_disjoint","frontal_theta_spread_80_20",1
"smoke","single_condition","single_condition","P0_derivative_amplitude_deciles","REGION_AGGREGATES_ALL","ds006036__EO_or_photomark","AD_vs_CN","kTSP_CV_disjoint","frontal_theta_spread_90_10",1
"tier1_main","single_condition","single_condition","P0_derivative_amplitude_deciles","REGION_AGGREGATES_ALL","ds004504__EC","CN_vs_FTD","kTSP_CV_disjoint","frontal_theta_spread_90_10",1
"tier1_main","single_condition","single_condition","P0_derivative_amplitude_deciles","REGION_AGGREGATES_ALL","ds004504__EC","AD_FTD_vs_CN","kTSP_k9_disjoint","frontal_theta_spread_90_10",6
"tier1_main","single_condition","single_condition","P0_derivative_amplitude_deciles","REGION_AGGREGATES_ALL","ds006036__EO_or_photomark","AD_FTD_vs_CN","kTSP_k9_disjoint","frontal_theta_spread_90_10",1
"tier4_pooled","pooled_condition","POOLED_EC_EO_subject_grouped","P0_derivative_amplitude_deciles","REGION_AGGREGATES_ALL","POOLED_EC_EO_subject_grouped","AD_FTD_vs_CN","kTSP_k9_disjoint","frontal_theta_spread_90_10",7
"tier1_main","single_condition","single_condition","P0_derivative_amplitude_deciles","REGION_AGGREGATES_ALL","ds006036__EO_or_photomark","AD_vs_CN","kTSP_k9_disjoint","frontal_theta_spread_90_10",30
"tier4_pooled","pooled_condition","POOLED_EC_EO_subject_grouped","P0_derivative_amplitude_deciles","REGION_AGGREGATES_ALL","POOLED_EC_EO_subject_grouped","AD_vs_CN","kTSP_k9_disjoint","frontal_theta_spread_90_10",42
"smoke","single_condition","single_condition","P0_derivative_amplitude_deciles","REGION_AGGREGATES_ALL","ds006036__EO_or_photomark","AD_vs_CN","kTSP_CV_disjoint","frontal_theta_upper_tail",1
"tier2_cross_condition","cross_condition_transfer","EC_train__EO_photo_test","P0_derivative_amplitude_deciles","REGION_AGGREGATES_ALL","EC_train__EO_photo_test","AD_vs_CN","kTSP_CV_disjoint","frontal_theta_upper_tail",2
"tier1_main","single_condition","single_condition","P0_derivative_amplitude_deciles","REGION_AGGREGATES_ALL","ds004504__EC","CN_vs_FTD","kTSP_CV_disjoint","frontal_theta_upper_tail",8
"tier2_cross_condition","cross_condition_transfer","EO_photo_train__EC_test","P0_derivative_amplitude_deciles","REGION_AGGREGATES_ALL","EO_photo_train__EC_test","AD_vs_CN","kTSP_k3_nondisjoint","frontal_theta_upper_tail",2
"tier1_main","single_condition","single_condition","P0_derivative_amplitude_deciles","REGION_AGGREGATES_ALL","ds004504__EC","AD_vs_CN","kTSP_k5_nondisjoint","frontal_theta_upper_tail",30
"tier4_pooled","pooled_condition","POOLED_EC_EO_subject_grouped","P0_derivative_amplitude_deciles","REGION_AGGREGATES_ALL","POOLED_EC_EO_subject_grouped","AD_vs_FTD","kTSP_k5_nondisjoint","frontal_theta_upper_tail",12
"tier1_main","single_condition","single_condition","P0_derivative_amplitude_deciles","REGION_AGGREGATES_ALL","ds004504__EC","AD_FTD_vs_CN","kTSP_k9_disjoint","frontal_theta_upper_tail",60
"tier1_main","single_condition","single_condition","P0_derivative_amplitude_deciles","REGION_AGGREGATES_ALL","ds006036__EO_or_photomark","AD_FTD_vs_CN","kTSP_k9_disjoint","frontal_theta_upper_tail",23
"tier4_pooled","pooled_condition","POOLED_EC_EO_subject_grouped","P0_derivative_amplitude_deciles","REGION_AGGREGATES_ALL","POOLED_EC_EO_subject_grouped","AD_FTD_vs_CN","kTSP_k9_disjoint","frontal_theta_upper_tail",70
"tier1_main","single_condition","single_condition","P0_derivative_amplitude_deciles","REGION_AGGREGATES_ALL","ds006036__EO_or_photomark","AD_vs_CN","kTSP_k9_disjoint","frontal_theta_upper_tail",77
"tier4_pooled","pooled_condition","POOLED_EC_EO_subject_grouped","P0_derivative_amplitude_deciles","REGION_AGGREGATES_ALL","POOLED_EC_EO_subject_grouped","AD_vs_CN","kTSP_k9_disjoint","frontal_theta_upper_tail",88
"tier1_main","single_condition","single_condition","P0_derivative_amplitude_deciles","REGION_AGGREGATES_ALL","ds006036__EO_or_photomark","AD_vs_FTD","kTSP_k9_disjoint","frontal_theta_upper_tail",7
"tier1_main","single_condition","single_condition","P0_derivative_amplitude_deciles","DERIVED_DECILES_ALL","ds006036__EO_or_photomark","AD_vs_FTD","kTSP_k9_disjoint","Fz_alpha_center",1
"tier1_main","single_condition","single_condition","P0_derivative_amplitude_deciles","RAW_DECILES","ds006036__EO_or_photomark","AD_vs_FTD","kTSP_k9_nondisjoint","Fz_alpha_D30",1
"tier1_main","single_condition","single_condition","P0_derivative_amplitude_deciles","RAW_DECILES","ds006036__EO_or_photomark","AD_vs_FTD","kTSP_k9_nondisjoint","Fz_alpha_D80",2
"tier1_main","single_condition","single_condition","P1_psd_bandpower_from_derivatives","PSD_ABSOLUTE_CHANNEL_BAND","ds004504__EC","AD_vs_FTD","kTSP_CV_disjoint","Fz_alpha_psd_abs",5
"tier1_main","single_condition","single_condition","P1_psd_bandpower_from_derivatives","PSD_ABSOLUTE_CHANNEL_BAND","ds006036__EO_or_photomark","AD_vs_FTD","kTSP_k9_disjoint","Fz_alpha_psd_abs",4
"tier1_main","single_condition","single_condition","P0_derivative_amplitude_deciles","DERIVED_DECILES_ALL","ds006036__EO_or_photomark","AD_vs_FTD","kTSP_k9_disjoint","Fz_alpha_shape_asymmetry",29
"tier2_cross_condition","cross_condition_transfer","EO_photo_train__EC_test","P0_derivative_amplitude_deciles","DERIVED_DECILES_ALL","EO_photo_train__EC_test","AD_vs_FTD","kTSP_k9_disjoint","Fz_alpha_shape_asymmetry",1
"tier1_main","single_condition","single_condition","P0_derivative_amplitude_deciles","DERIVED_DECILES_ALL","ds006036__EO_or_photomark","AD_vs_FTD","kTSP_k9_disjoint","Fz_alpha_spread_80_20",3
"tier4_pooled","pooled_condition","POOLED_EC_EO_subject_grouped","P0_derivative_amplitude_deciles","DERIVED_DECILES_ALL","POOLED_EC_EO_subject_grouped","AD_vs_FTD","kTSP_k9_disjoint","Fz_alpha_spread_80_20",6
"tier1_main","single_condition","single_condition","P0_derivative_amplitude_deciles","DERIVED_DECILES_ALL","ds006036__EO_or_photomark","AD_vs_FTD","kTSP_k9_disjoint","Fz_alpha_upper_tail",9
"tier1_main","single_condition","single_condition","P0_derivative_amplitude_deciles","RAW_DECILES","ds004504__EC","AD_vs_FTD","kTSP_k9_disjoint","Fz_beta_D20",20
"tier1_main","single_condition","single_condition","P0_derivative_amplitude_deciles","RAW_DECILES","ds004504__EC","AD_vs_FTD","kTSP_k9_disjoint","Fz_beta_D30",1
"tier1_main","single_condition","single_condition","P0_derivative_amplitude_deciles","RAW_DECILES","ds004504__EC","AD_vs_FTD","kTSP_k9_disjoint","Fz_beta_D70",1
"tier1_main","single_condition","single_condition","P0_derivative_amplitude_deciles","RAW_DECILES","ds004504__EC","AD_vs_FTD","kTSP_k9_disjoint","Fz_beta_D80",14
"tier1_main","single_condition","single_condition","P0_derivative_amplitude_deciles","DERIVED_DECILES_ALL","ds006036__EO_or_photomark","AD_vs_FTD","kTSP_k9_disjoint","Fz_beta_shape_asymmetry",1
"tier1_main","single_condition","single_condition","P0_derivative_amplitude_deciles","DERIVED_DECILES_ALL","ds006036__EO_or_photomark","CN_vs_FTD","kTSP_k9_disjoint","Fz_beta_shape_asymmetry",8
"tier1_main","single_condition","single_condition","P0_derivative_amplitude_deciles","DERIVED_DECILES_ALL","ds004504__EC","AD_vs_FTD","kTSP_CV_nondisjoint","Fz_beta_spread_80_20",2
"tier4_pooled","pooled_condition","POOLED_EC_EO_subject_grouped","P0_derivative_amplitude_deciles","DERIVED_DECILES_ALL","POOLED_EC_EO_subject_grouped","AD_vs_FTD","kTSP_k9_disjoint","Fz_beta_spread_80_20",1
"tier1_main","single_condition","single_condition","P0_derivative_amplitude_deciles","DERIVED_DECILES_ALL","ds006036__EO_or_photomark","AD_vs_FTD","kTSP_k9_disjoint","Fz_beta_upper_tail",1
"tier1_main","single_condition","single_condition","P0_derivative_amplitude_deciles","DERIVED_DECILES_ALL","ds004504__EC","AD_vs_FTD","kTSP_CV_nondisjoint","Fz_delta_center",1
"tier1_main","single_condition","single_condition","P0_derivative_amplitude_deciles","RAW_DECILES","ds006036__EO_or_photomark","AD_vs_FTD","kTSP_k9_nondisjoint","Fz_delta_D60",2
"tier1_main","single_condition","single_condition","P1_psd_bandpower_from_derivatives","PSD_ABSOLUTE_CHANNEL_BAND","ds006036__EO_or_photomark","AD_vs_FTD","kTSP_k9_disjoint","Fz_delta_psd_abs",12
"tier1_main","single_condition","single_condition","P0_derivative_amplitude_deciles","DERIVED_DECILES_ALL","ds004504__EC","AD_vs_FTD","kTSP_CV_nondisjoint","Fz_gamma_center",5
"tier1_main","single_condition","single_condition","P0_derivative_amplitude_deciles","RAW_DECILES","ds004504__EC","AD_vs_FTD","kTSP_k9_disjoint","Fz_gamma_D50",8
"tier1_main","single_condition","single_condition","P1_psd_bandpower_from_derivatives","PSD_ABSOLUTE_CHANNEL_BAND","ds004504__EC","AD_vs_FTD","kTSP_CV_disjoint","Fz_gamma_psd_abs",2
"tier1_main","single_condition","single_condition","P0_derivative_amplitude_deciles","DERIVED_DECILES_ALL","ds004504__EC","AD_vs_FTD","kTSP_CV_nondisjoint","Fz_theta_center",5
"tier1_main","single_condition","single_condition","P0_derivative_amplitude_deciles","RAW_DECILES","ds004504__EC","AD_FTD_vs_CN","kTSP_k9_disjoint","Fz_theta_D10",5
"tier1_main","single_condition","single_condition","P0_derivative_amplitude_deciles","RAW_DECILES","ds006036__EO_or_photomark","AD_FTD_vs_CN","kTSP_k9_disjoint","Fz_theta_D10",10
"tier1_main","single_condition","single_condition","P0_derivative_amplitude_deciles","RAW_DECILES","ds004504__EC","AD_vs_CN","kTSP_k9_disjoint","Fz_theta_D10",1
"tier1_main","single_condition","single_condition","P0_derivative_amplitude_deciles","RAW_DECILES","ds006036__EO_or_photomark","AD_vs_CN","kTSP_k9_disjoint","Fz_theta_D10",33
"tier1_main","single_condition","single_condition","P0_derivative_amplitude_deciles","RAW_DECILES","ds004504__EC","CN_vs_FTD","kTSP_k9_disjoint","Fz_theta_D10",3
"tier1_main","single_condition","single_condition","P0_derivative_amplitude_deciles","RAW_DECILES","ds006036__EO_or_photomark","AD_FTD_vs_CN","kTSP_k9_disjoint","Fz_theta_D20",10
"tier1_main","single_condition","single_condition","P0_derivative_amplitude_deciles","RAW_DECILES","ds006036__EO_or_photomark","AD_vs_CN","kTSP_k9_disjoint","Fz_theta_D20",8
"tier1_main","single_condition","single_condition","P0_derivative_amplitude_deciles","RAW_DECILES","ds006036__EO_or_photomark","AD_FTD_vs_CN","kTSP_k9_disjoint","Fz_theta_D30",10
"tier1_main","single_condition","single_condition","P0_derivative_amplitude_deciles","RAW_DECILES","ds006036__EO_or_photomark","AD_vs_CN","kTSP_k9_disjoint","Fz_theta_D30",4
"tier1_main","single_condition","single_condition","P0_derivative_amplitude_deciles","RAW_DECILES","ds004504__EC","AD_vs_FTD","kTSP_k9_disjoint","Fz_theta_D30",1
"tier1_main","single_condition","single_condition","P0_derivative_amplitude_deciles","RAW_DECILES","ds004504__EC","AD_vs_FTD","kTSP_k9_disjoint","Fz_theta_D40",1
"tier1_main","single_condition","single_condition","P0_derivative_amplitude_deciles","RAW_DECILES","ds006036__EO_or_photomark","AD_vs_FTD","kTSP_k9_nondisjoint","Fz_theta_D60",6
"tier1_main","single_condition","single_condition","P0_derivative_amplitude_deciles","RAW_DECILES","ds006036__EO_or_photomark","AD_FTD_vs_CN","kTSP_k9_disjoint","Fz_theta_D70",1
"tier1_main","single_condition","single_condition","P0_derivative_amplitude_deciles","RAW_DECILES","ds006036__EO_or_photomark","AD_vs_CN","kTSP_k9_disjoint","Fz_theta_D70",4
"tier1_main","single_condition","single_condition","P0_derivative_amplitude_deciles","RAW_DECILES","ds004504__EC","AD_FTD_vs_CN","kTSP_k9_disjoint","Fz_theta_D80",2
"tier1_main","single_condition","single_condition","P0_derivative_amplitude_deciles","RAW_DECILES","ds006036__EO_or_photomark","AD_FTD_vs_CN","kTSP_k9_disjoint","Fz_theta_D80",3
"tier1_main","single_condition","single_condition","P0_derivative_amplitude_deciles","RAW_DECILES","ds006036__EO_or_photomark","AD_vs_CN","kTSP_k9_disjoint","Fz_theta_D80",9
"tier1_main","single_condition","single_condition","P0_derivative_amplitude_deciles","RAW_DECILES","ds004504__EC","AD_FTD_vs_CN","kTSP_k9_disjoint","Fz_theta_D90",1
"tier1_main","single_condition","single_condition","P0_derivative_amplitude_deciles","RAW_DECILES","ds006036__EO_or_photomark","AD_FTD_vs_CN","kTSP_k9_disjoint","Fz_theta_D90",16
"tier1_main","single_condition","single_condition","P0_derivative_amplitude_deciles","RAW_DECILES","ds004504__EC","AD_vs_CN","kTSP_k9_disjoint","Fz_theta_D90",1
"tier1_main","single_condition","single_condition","P0_derivative_amplitude_deciles","RAW_DECILES","ds006036__EO_or_photomark","AD_vs_CN","kTSP_k9_disjoint","Fz_theta_D90",41
"tier1_main","single_condition","single_condition","P0_derivative_amplitude_deciles","RAW_DECILES","ds004504__EC","CN_vs_FTD","kTSP_k9_disjoint","Fz_theta_D90",2
"tier1_main","single_condition","single_condition","P0_derivative_amplitude_deciles","DERIVED_DECILES_ALL","ds004504__EC","AD_vs_FTD","kTSP_CV_nondisjoint","Fz_theta_lower_tail",1
"tier1_main","single_condition","single_condition","P0_derivative_amplitude_deciles","DERIVED_DECILES_ALL","ds004504__EC","AD_FTD_vs_CN","kTSP_k9_disjoint","Fz_theta_lower_tail",1
"tier1_main","single_condition","single_condition","P0_derivative_amplitude_deciles","DERIVED_DECILES_ALL","ds004504__EC","AD_vs_CN","kTSP_k9_disjoint","Fz_theta_lower_tail",1
"tier1_main","single_condition","single_condition","P0_derivative_amplitude_deciles","DERIVED_DECILES_ALL","ds006036__EO_or_photomark","AD_vs_CN","kTSP_k9_disjoint","Fz_theta_lower_tail",4
"tier4_pooled","pooled_condition","POOLED_EC_EO_subject_grouped","P0_derivative_amplitude_deciles","DERIVED_DECILES_ALL","POOLED_EC_EO_subject_grouped","AD_vs_CN","kTSP_k9_disjoint","Fz_theta_lower_tail",2
"tier4_pooled","pooled_condition","POOLED_EC_EO_subject_grouped","P0_derivative_amplitude_deciles","DERIVED_DECILES_ALL","POOLED_EC_EO_subject_grouped","AD_vs_FTD","kTSP_k9_disjoint","Fz_theta_lower_tail",1
"tier1_main","single_condition","single_condition","P1_psd_bandpower_from_derivatives","PSD_ABSOLUTE_CHANNEL_BAND","ds004504__EC","AD_vs_FTD","kTSP_CV_disjoint","Fz_theta_psd_abs",64
"tier1_main","single_condition","single_condition","P1_psd_bandpower_from_derivatives","PSD_ABSOLUTE_CHANNEL_BAND","ds006036__EO_or_photomark","CN_vs_FTD","kTSP_k3_disjoint","Fz_theta_psd_abs",3
"tier1_main","single_condition","single_condition","P1_psd_bandpower_from_derivatives","PSD_ABSOLUTE_CHANNEL_BAND","ds004504__EC","AD_FTD_vs_CN","kTSP_k9_disjoint","Fz_theta_psd_abs",13
"tier1_main","single_condition","single_condition","P1_psd_bandpower_from_derivatives","PSD_ABSOLUTE_CHANNEL_BAND","ds006036__EO_or_photomark","AD_FTD_vs_CN","kTSP_k9_disjoint","Fz_theta_psd_abs",56
"tier1_main","single_condition","single_condition","P1_psd_bandpower_from_derivatives","PSD_ABSOLUTE_CHANNEL_BAND","ds004504__EC","AD_vs_CN","kTSP_k9_disjoint","Fz_theta_psd_abs",51
"tier1_main","single_condition","single_condition","P1_psd_bandpower_from_derivatives","PSD_ABSOLUTE_CHANNEL_BAND","ds006036__EO_or_photomark","AD_vs_CN","kTSP_k9_disjoint","Fz_theta_psd_abs",76
"tier1_main","single_condition","single_condition","P1_psd_bandpower_from_derivatives","PSD_ABSOLUTE_CHANNEL_BAND","ds006036__EO_or_photomark","AD_vs_FTD","kTSP_k9_disjoint","Fz_theta_psd_abs",19
"tier1_main","single_condition","single_condition","P1_psd_bandpower_from_derivatives","PSD_ABSOLUTE_CHANNEL_BAND","ds004504__EC","CN_vs_FTD","kTSP_k9_disjoint","Fz_theta_psd_abs",5
"tier4_pooled","pooled_condition","POOLED_EC_EO_subject_grouped","P0_derivative_amplitude_deciles","DERIVED_DECILES_ALL","POOLED_EC_EO_subject_grouped","AD_FTD_vs_CN","kTSP_k9_disjoint","Fz_theta_spread_80_20",1
"tier1_main","single_condition","single_condition","P0_derivative_amplitude_deciles","DERIVED_DECILES_ALL","ds006036__EO_or_photomark","AD_FTD_vs_CN","kTSP_k9_disjoint","Fz_theta_spread_90_10",3
"tier4_pooled","pooled_condition","POOLED_EC_EO_subject_grouped","P0_derivative_amplitude_deciles","DERIVED_DECILES_ALL","POOLED_EC_EO_subject_grouped","AD_FTD_vs_CN","kTSP_k9_disjoint","Fz_theta_spread_90_10",1
"tier1_main","single_condition","single_condition","P0_derivative_amplitude_deciles","DERIVED_DECILES_ALL","ds004504__EC","AD_vs_CN","kTSP_k9_disjoint","Fz_theta_spread_90_10",3
"tier1_main","single_condition","single_condition","P0_derivative_amplitude_deciles","DERIVED_DECILES_ALL","ds006036__EO_or_photomark","AD_vs_CN","kTSP_k9_disjoint","Fz_theta_spread_90_10",6
"tier4_pooled","pooled_condition","POOLED_EC_EO_subject_grouped","P0_derivative_amplitude_deciles","DERIVED_DECILES_ALL","POOLED_EC_EO_subject_grouped","AD_vs_CN","kTSP_k9_disjoint","Fz_theta_spread_90_10",4
"tier1_main","single_condition","single_condition","P0_derivative_amplitude_deciles","DERIVED_DECILES_ALL","ds004504__EC","CN_vs_FTD","kTSP_k9_disjoint","Fz_theta_spread_90_10",1
"tier2_cross_condition","cross_condition_transfer","EO_photo_train__EC_test","P0_derivative_amplitude_deciles","DERIVED_DECILES_ALL","EO_photo_train__EC_test","AD_vs_CN","kTSP_CV_disjoint","Fz_theta_upper_tail",1
"tier1_main","single_condition","single_condition","P0_derivative_amplitude_deciles","DERIVED_DECILES_ALL","ds004504__EC","AD_vs_FTD","kTSP_CV_nondisjoint","Fz_theta_upper_tail",1
"tier1_main","single_condition","single_condition","P0_derivative_amplitude_deciles","DERIVED_DECILES_ALL","ds004504__EC","AD_FTD_vs_CN","kTSP_k9_disjoint","Fz_theta_upper_tail",1
"tier1_main","single_condition","single_condition","P0_derivative_amplitude_deciles","DERIVED_DECILES_ALL","ds006036__EO_or_photomark","AD_FTD_vs_CN","kTSP_k9_disjoint","Fz_theta_upper_tail",3
"tier4_pooled","pooled_condition","POOLED_EC_EO_subject_grouped","P0_derivative_amplitude_deciles","DERIVED_DECILES_ALL","POOLED_EC_EO_subject_grouped","AD_FTD_vs_CN","kTSP_k9_disjoint","Fz_theta_upper_tail",10
"tier1_main","single_condition","single_condition","P0_derivative_amplitude_deciles","DERIVED_DECILES_ALL","ds004504__EC","AD_vs_CN","kTSP_k9_disjoint","Fz_theta_upper_tail",14
"tier1_main","single_condition","single_condition","P0_derivative_amplitude_deciles","DERIVED_DECILES_ALL","ds006036__EO_or_photomark","AD_vs_CN","kTSP_k9_disjoint","Fz_theta_upper_tail",27
"tier4_pooled","pooled_condition","POOLED_EC_EO_subject_grouped","P0_derivative_amplitude_deciles","DERIVED_DECILES_ALL","POOLED_EC_EO_subject_grouped","AD_vs_CN","kTSP_k9_disjoint","Fz_theta_upper_tail",23
"tier1_main","single_condition","single_condition","P0_derivative_amplitude_deciles","RAW_DECILES","ds004504__EC","AD_FTD_vs_CN","kTSP_k9_disjoint","O1_alpha_D10",21
"tier1_main","single_condition","single_condition","P0_derivative_amplitude_deciles","RAW_DECILES","ds006036__EO_or_photomark","AD_FTD_vs_CN","kTSP_k9_disjoint","O1_alpha_D10",14
"tier1_main","single_condition","single_condition","P0_derivative_amplitude_deciles","RAW_DECILES","ds004504__EC","AD_vs_CN","kTSP_k9_disjoint","O1_alpha_D10",14
"tier1_main","single_condition","single_condition","P0_derivative_amplitude_deciles","RAW_DECILES","ds006036__EO_or_photomark","AD_vs_CN","kTSP_k9_disjoint","O1_alpha_D10",59
"tier1_main","single_condition","single_condition","P0_derivative_amplitude_deciles","RAW_DECILES","ds004504__EC","CN_vs_FTD","kTSP_k9_disjoint","O1_alpha_D10",6
"tier1_main","single_condition","single_condition","P0_derivative_amplitude_deciles","RAW_DECILES","ds006036__EO_or_photomark","CN_vs_FTD","kTSP_k5_disjoint","O1_alpha_D20",3
"tier1_main","single_condition","single_condition","P0_derivative_amplitude_deciles","RAW_DECILES","ds004504__EC","AD_FTD_vs_CN","kTSP_k9_disjoint","O1_alpha_D20",35
"tier1_main","single_condition","single_condition","P0_derivative_amplitude_deciles","RAW_DECILES","ds006036__EO_or_photomark","AD_FTD_vs_CN","kTSP_k9_disjoint","O1_alpha_D20",3
"tier1_main","single_condition","single_condition","P0_derivative_amplitude_deciles","RAW_DECILES","ds004504__EC","AD_vs_CN","kTSP_k9_disjoint","O1_alpha_D20",33
"tier1_main","single_condition","single_condition","P0_derivative_amplitude_deciles","RAW_DECILES","ds006036__EO_or_photomark","AD_vs_CN","kTSP_k9_disjoint","O1_alpha_D20",9
"tier1_main","single_condition","single_condition","P0_derivative_amplitude_deciles","RAW_DECILES","ds004504__EC","CN_vs_FTD","kTSP_k9_disjoint","O1_alpha_D20",3
"tier1_main","single_condition","single_condition","P0_derivative_amplitude_deciles","RAW_DECILES","ds006036__EO_or_photomark","CN_vs_FTD","kTSP_k5_disjoint","O1_alpha_D30",7
"tier1_main","single_condition","single_condition","P0_derivative_amplitude_deciles","RAW_DECILES","ds004504__EC","AD_FTD_vs_CN","kTSP_k9_disjoint","O1_alpha_D30",2
"tier1_main","single_condition","single_condition","P0_derivative_amplitude_deciles","RAW_DECILES","ds006036__EO_or_photomark","AD_FTD_vs_CN","kTSP_k9_disjoint","O1_alpha_D30",21
"tier1_main","single_condition","single_condition","P0_derivative_amplitude_deciles","RAW_DECILES","ds004504__EC","CN_vs_FTD","kTSP_k9_disjoint","O1_alpha_D30",2
"tier1_main","single_condition","single_condition","P0_derivative_amplitude_deciles","RAW_DECILES","ds006036__EO_or_photomark","CN_vs_FTD","kTSP_k5_disjoint","O1_alpha_D40",3
"tier1_main","single_condition","single_condition","P0_derivative_amplitude_deciles","RAW_DECILES","ds006036__EO_or_photomark","AD_FTD_vs_CN","kTSP_k9_disjoint","O1_alpha_D40",14
"tier1_main","single_condition","single_condition","P0_derivative_amplitude_deciles","RAW_DECILES","ds004504__EC","AD_vs_FTD","kTSP_k9_disjoint","O1_alpha_D50",1
"tier1_main","single_condition","single_condition","P0_derivative_amplitude_deciles","RAW_DECILES","ds006036__EO_or_photomark","AD_vs_FTD","kTSP_k9_nondisjoint","O1_alpha_D50",1
"tier1_main","single_condition","single_condition","P0_derivative_amplitude_deciles","RAW_DECILES","ds006036__EO_or_photomark","CN_vs_FTD","kTSP_k5_disjoint","O1_alpha_D60",25
"tier1_main","single_condition","single_condition","P0_derivative_amplitude_deciles","RAW_DECILES","ds006036__EO_or_photomark","AD_FTD_vs_CN","kTSP_k9_disjoint","O1_alpha_D60",17
"tier1_main","single_condition","single_condition","P0_derivative_amplitude_deciles","RAW_DECILES","ds006036__EO_or_photomark","AD_vs_CN","kTSP_k9_disjoint","O1_alpha_D60",2
"tier1_main","single_condition","single_condition","P0_derivative_amplitude_deciles","RAW_DECILES","ds004504__EC","CN_vs_FTD","kTSP_k9_disjoint","O1_alpha_D60",1
"tier1_main","single_condition","single_condition","P0_derivative_amplitude_deciles","RAW_DECILES","ds006036__EO_or_photomark","CN_vs_FTD","kTSP_k5_disjoint","O1_alpha_D70",11
"tier1_main","single_condition","single_condition","P0_derivative_amplitude_deciles","RAW_DECILES","ds004504__EC","AD_FTD_vs_CN","kTSP_k9_disjoint","O1_alpha_D70",2
"tier1_main","single_condition","single_condition","P0_derivative_amplitude_deciles","RAW_DECILES","ds006036__EO_or_photomark","AD_FTD_vs_CN","kTSP_k9_disjoint","O1_alpha_D70",36
"tier1_main","single_condition","single_condition","P0_derivative_amplitude_deciles","RAW_DECILES","ds004504__EC","AD_vs_CN","kTSP_k9_disjoint","O1_alpha_D70",1
"tier1_main","single_condition","single_condition","P0_derivative_amplitude_deciles","RAW_DECILES","ds006036__EO_or_photomark","AD_vs_CN","kTSP_k9_disjoint","O1_alpha_D70",2
"tier1_main","single_condition","single_condition","P0_derivative_amplitude_deciles","RAW_DECILES","ds004504__EC","CN_vs_FTD","kTSP_k9_disjoint","O1_alpha_D70",1
"tier1_main","single_condition","single_condition","P0_derivative_amplitude_deciles","RAW_DECILES","ds004504__EC","AD_FTD_vs_CN","kTSP_k9_disjoint","O1_alpha_D80",51
"tier1_main","single_condition","single_condition","P0_derivative_amplitude_deciles","RAW_DECILES","ds006036__EO_or_photomark","AD_FTD_vs_CN","kTSP_k9_disjoint","O1_alpha_D80",3
"tier1_main","single_condition","single_condition","P0_derivative_amplitude_deciles","RAW_DECILES","ds004504__EC","AD_vs_CN","kTSP_k9_disjoint","O1_alpha_D80",38
"tier1_main","single_condition","single_condition","P0_derivative_amplitude_deciles","RAW_DECILES","ds006036__EO_or_photomark","AD_vs_CN","kTSP_k9_disjoint","O1_alpha_D80",12
"tier1_main","single_condition","single_condition","P0_derivative_amplitude_deciles","RAW_DECILES","ds004504__EC","CN_vs_FTD","kTSP_k9_disjoint","O1_alpha_D80",4
"tier1_main","single_condition","single_condition","P0_derivative_amplitude_deciles","RAW_DECILES","ds004504__EC","AD_FTD_vs_CN","kTSP_k9_disjoint","O1_alpha_D90",24
"tier1_main","single_condition","single_condition","P0_derivative_amplitude_deciles","RAW_DECILES","ds006036__EO_or_photomark","AD_FTD_vs_CN","kTSP_k9_disjoint","O1_alpha_D90",26
"tier1_main","single_condition","single_condition","P0_derivative_amplitude_deciles","RAW_DECILES","ds004504__EC","AD_vs_CN","kTSP_k9_disjoint","O1_alpha_D90",15
"tier1_main","single_condition","single_condition","P0_derivative_amplitude_deciles","RAW_DECILES","ds006036__EO_or_photomark","AD_vs_CN","kTSP_k9_disjoint","O1_alpha_D90",65
"tier1_main","single_condition","single_condition","P0_derivative_amplitude_deciles","RAW_DECILES","ds004504__EC","CN_vs_FTD","kTSP_k9_disjoint","O1_alpha_D90",8
"tier2_cross_condition","cross_condition_transfer","EO_photo_train__EC_test","P0_derivative_amplitude_deciles","DERIVED_DECILES_ALL","EO_photo_train__EC_test","AD_vs_CN","kTSP_CV_disjoint","O1_alpha_lower_tail",1
"tier1_main","single_condition","single_condition","P0_derivative_amplitude_deciles","DERIVED_DECILES_ALL","ds004504__EC","AD_FTD_vs_CN","kTSP_k9_disjoint","O1_alpha_lower_tail",17
"tier1_main","single_condition","single_condition","P0_derivative_amplitude_deciles","DERIVED_DECILES_ALL","ds006036__EO_or_photomark","AD_FTD_vs_CN","kTSP_k9_disjoint","O1_alpha_lower_tail",49
"tier4_pooled","pooled_condition","POOLED_EC_EO_subject_grouped","P0_derivative_amplitude_deciles","DERIVED_DECILES_ALL","POOLED_EC_EO_subject_grouped","AD_FTD_vs_CN","kTSP_k9_disjoint","O1_alpha_lower_tail",36
"tier1_main","single_condition","single_condition","P0_derivative_amplitude_deciles","DERIVED_DECILES_ALL","ds004504__EC","AD_vs_CN","kTSP_k9_disjoint","O1_alpha_lower_tail",9
"tier1_main","single_condition","single_condition","P0_derivative_amplitude_deciles","DERIVED_DECILES_ALL","ds006036__EO_or_photomark","AD_vs_CN","kTSP_k9_disjoint","O1_alpha_lower_tail",38
"tier4_pooled","pooled_condition","POOLED_EC_EO_subject_grouped","P0_derivative_amplitude_deciles","DERIVED_DECILES_ALL","POOLED_EC_EO_subject_grouped","AD_vs_CN","kTSP_k9_disjoint","O1_alpha_lower_tail",26
"tier1_main","single_condition","single_condition","P0_derivative_amplitude_deciles","DERIVED_DECILES_ALL","ds004504__EC","CN_vs_FTD","kTSP_k9_disjoint","O1_alpha_lower_tail",17
"tier1_main","single_condition","single_condition","P0_derivative_amplitude_deciles","DERIVED_DECILES_ALL","ds006036__EO_or_photomark","CN_vs_FTD","kTSP_k9_disjoint","O1_alpha_lower_tail",37
"tier4_pooled","pooled_condition","POOLED_EC_EO_subject_grouped","P0_derivative_amplitude_deciles","DERIVED_DECILES_ALL","POOLED_EC_EO_subject_grouped","CN_vs_FTD","kTSP_k9_disjoint","O1_alpha_lower_tail",18
"tier1_main","single_condition","single_condition","P1_psd_bandpower_from_derivatives","PSD_ABSOLUTE_CHANNEL_BAND","ds004504__EC","AD_vs_FTD","kTSP_CV_disjoint","O1_alpha_psd_abs",5
"tier1_main","single_condition","single_condition","P1_psd_bandpower_from_derivatives","PSD_ABSOLUTE_CHANNEL_BAND","ds006036__EO_or_photomark","CN_vs_FTD","kTSP_k3_disjoint","O1_alpha_psd_abs",40
"tier1_main","single_condition","single_condition","P1_psd_bandpower_from_derivatives","PSD_ABSOLUTE_CHANNEL_BAND","ds004504__EC","AD_FTD_vs_CN","kTSP_k9_disjoint","O1_alpha_psd_abs",94
"tier1_main","single_condition","single_condition","P1_psd_bandpower_from_derivatives","PSD_ABSOLUTE_CHANNEL_BAND","ds006036__EO_or_photomark","AD_FTD_vs_CN","kTSP_k9_disjoint","O1_alpha_psd_abs",89
"tier1_main","single_condition","single_condition","P1_psd_bandpower_from_derivatives","PSD_ABSOLUTE_CHANNEL_BAND","ds004504__EC","AD_vs_CN","kTSP_k9_disjoint","O1_alpha_psd_abs",74
"tier1_main","single_condition","single_condition","P1_psd_bandpower_from_derivatives","PSD_ABSOLUTE_CHANNEL_BAND","ds006036__EO_or_photomark","AD_vs_CN","kTSP_k9_disjoint","O1_alpha_psd_abs",90
"tier1_main","single_condition","single_condition","P1_psd_bandpower_from_derivatives","PSD_ABSOLUTE_CHANNEL_BAND","ds006036__EO_or_photomark","AD_vs_FTD","kTSP_k9_disjoint","O1_alpha_psd_abs",20
"tier1_main","single_condition","single_condition","P1_psd_bandpower_from_derivatives","PSD_ABSOLUTE_CHANNEL_BAND","ds004504__EC","CN_vs_FTD","kTSP_k9_disjoint","O1_alpha_psd_abs",95
"tier1_main","single_condition","single_condition","P0_derivative_amplitude_deciles","DERIVED_DECILES_ALL","ds004504__EC","AD_vs_FTD","kTSP_CV_nondisjoint","O1_alpha_shape_asymmetry",1
"tier2_cross_condition","cross_condition_transfer","EO_photo_train__EC_test","P0_derivative_amplitude_deciles","DERIVED_DECILES_ALL","EO_photo_train__EC_test","AD_FTD_vs_CN","kTSP_k5_disjoint","O1_alpha_spread_80_20",1
"tier1_main","single_condition","single_condition","P0_derivative_amplitude_deciles","DERIVED_DECILES_ALL","ds004504__EC","AD_FTD_vs_CN","kTSP_k9_disjoint","O1_alpha_spread_80_20",25
"tier1_main","single_condition","single_condition","P0_derivative_amplitude_deciles","DERIVED_DECILES_ALL","ds006036__EO_or_photomark","AD_FTD_vs_CN","kTSP_k9_disjoint","O1_alpha_spread_80_20",35
"tier4_pooled","pooled_condition","POOLED_EC_EO_subject_grouped","P0_derivative_amplitude_deciles","DERIVED_DECILES_ALL","POOLED_EC_EO_subject_grouped","AD_FTD_vs_CN","kTSP_k9_disjoint","O1_alpha_spread_80_20",11
"tier1_main","single_condition","single_condition","P0_derivative_amplitude_deciles","DERIVED_DECILES_ALL","ds004504__EC","AD_vs_CN","kTSP_k9_disjoint","O1_alpha_spread_80_20",16
"tier1_main","single_condition","single_condition","P0_derivative_amplitude_deciles","DERIVED_DECILES_ALL","ds006036__EO_or_photomark","AD_vs_CN","kTSP_k9_disjoint","O1_alpha_spread_80_20",5
"tier4_pooled","pooled_condition","POOLED_EC_EO_subject_grouped","P0_derivative_amplitude_deciles","DERIVED_DECILES_ALL","POOLED_EC_EO_subject_grouped","AD_vs_CN","kTSP_k9_disjoint","O1_alpha_spread_80_20",9
"tier1_main","single_condition","single_condition","P0_derivative_amplitude_deciles","DERIVED_DECILES_ALL","ds004504__EC","CN_vs_FTD","kTSP_k9_disjoint","O1_alpha_spread_80_20",2
"tier1_main","single_condition","single_condition","P0_derivative_amplitude_deciles","DERIVED_DECILES_ALL","ds006036__EO_or_photomark","CN_vs_FTD","kTSP_k9_disjoint","O1_alpha_spread_80_20",5
"tier4_pooled","pooled_condition","POOLED_EC_EO_subject_grouped","P0_derivative_amplitude_deciles","DERIVED_DECILES_ALL","POOLED_EC_EO_subject_grouped","CN_vs_FTD","kTSP_k9_disjoint","O1_alpha_spread_80_20",1
"tier1_main","single_condition","single_condition","P0_derivative_amplitude_deciles","DERIVED_DECILES_ALL","ds004504__EC","AD_FTD_vs_CN","kTSP_k9_disjoint","O1_alpha_spread_90_10",11
"tier1_main","single_condition","single_condition","P0_derivative_amplitude_deciles","DERIVED_DECILES_ALL","ds006036__EO_or_photomark","AD_FTD_vs_CN","kTSP_k9_disjoint","O1_alpha_spread_90_10",4
"tier4_pooled","pooled_condition","POOLED_EC_EO_subject_grouped","P0_derivative_amplitude_deciles","DERIVED_DECILES_ALL","POOLED_EC_EO_subject_grouped","AD_FTD_vs_CN","kTSP_k9_disjoint","O1_alpha_spread_90_10",3
"tier1_main","single_condition","single_condition","P0_derivative_amplitude_deciles","DERIVED_DECILES_ALL","ds004504__EC","AD_vs_CN","kTSP_k9_disjoint","O1_alpha_spread_90_10",1
"tier1_main","single_condition","single_condition","P0_derivative_amplitude_deciles","DERIVED_DECILES_ALL","ds006036__EO_or_photomark","AD_vs_CN","kTSP_k9_disjoint","O1_alpha_spread_90_10",10
"tier4_pooled","pooled_condition","POOLED_EC_EO_subject_grouped","P0_derivative_amplitude_deciles","DERIVED_DECILES_ALL","POOLED_EC_EO_subject_grouped","AD_vs_CN","kTSP_k9_disjoint","O1_alpha_spread_90_10",5
"tier2_cross_condition","cross_condition_transfer","EC_train__EO_photo_test","P0_derivative_amplitude_deciles","DERIVED_DECILES_ALL","EC_train__EO_photo_test","AD_FTD_vs_CN","kTSP_CV_disjoint","O1_alpha_upper_tail",1
"tier2_cross_condition","cross_condition_transfer","EO_photo_train__EC_test","P0_derivative_amplitude_deciles","DERIVED_DECILES_ALL","EO_photo_train__EC_test","AD_vs_CN","kTSP_CV_disjoint","O1_alpha_upper_tail",1
"tier1_main","single_condition","single_condition","P0_derivative_amplitude_deciles","DERIVED_DECILES_ALL","ds004504__EC","AD_FTD_vs_CN","kTSP_k9_disjoint","O1_alpha_upper_tail",45
"tier1_main","single_condition","single_condition","P0_derivative_amplitude_deciles","DERIVED_DECILES_ALL","ds006036__EO_or_photomark","AD_FTD_vs_CN","kTSP_k9_disjoint","O1_alpha_upper_tail",33
"tier4_pooled","pooled_condition","POOLED_EC_EO_subject_grouped","P0_derivative_amplitude_deciles","DERIVED_DECILES_ALL","POOLED_EC_EO_subject_grouped","AD_FTD_vs_CN","kTSP_k9_disjoint","O1_alpha_upper_tail",41
"tier1_main","single_condition","single_condition","P0_derivative_amplitude_deciles","DERIVED_DECILES_ALL","ds004504__EC","AD_vs_CN","kTSP_k9_disjoint","O1_alpha_upper_tail",19
"tier1_main","single_condition","single_condition","P0_derivative_amplitude_deciles","DERIVED_DECILES_ALL","ds006036__EO_or_photomark","AD_vs_CN","kTSP_k9_disjoint","O1_alpha_upper_tail",56
"tier4_pooled","pooled_condition","POOLED_EC_EO_subject_grouped","P0_derivative_amplitude_deciles","DERIVED_DECILES_ALL","POOLED_EC_EO_subject_grouped","AD_vs_CN","kTSP_k9_disjoint","O1_alpha_upper_tail",38
"tier1_main","single_condition","single_condition","P0_derivative_amplitude_deciles","DERIVED_DECILES_ALL","ds004504__EC","CN_vs_FTD","kTSP_k9_disjoint","O1_alpha_upper_tail",5
"tier1_main","single_condition","single_condition","P0_derivative_amplitude_deciles","DERIVED_DECILES_ALL","ds006036__EO_or_photomark","CN_vs_FTD","kTSP_k9_disjoint","O1_alpha_upper_tail",16
"tier4_pooled","pooled_condition","POOLED_EC_EO_subject_grouped","P0_derivative_amplitude_deciles","DERIVED_DECILES_ALL","POOLED_EC_EO_subject_grouped","CN_vs_FTD","kTSP_k9_disjoint","O1_alpha_upper_tail",5
"tier1_main","single_condition","single_condition","P0_derivative_amplitude_deciles","DERIVED_DECILES_ALL","ds004504__EC","AD_vs_FTD","kTSP_CV_nondisjoint","O1_beta_center",19
"tier4_pooled","pooled_condition","POOLED_EC_EO_subject_grouped","P0_derivative_amplitude_deciles","DERIVED_DECILES_ALL","POOLED_EC_EO_subject_grouped","AD_vs_FTD","kTSP_k9_disjoint","O1_beta_center",1
"tier1_main","single_condition","single_condition","P0_derivative_amplitude_deciles","RAW_DECILES","ds006036__EO_or_photomark","AD_vs_CN","kTSP_k9_disjoint","O1_beta_D20",2
"tier1_main","single_condition","single_condition","P0_derivative_amplitude_deciles","RAW_DECILES","ds004504__EC","AD_vs_FTD","kTSP_k9_disjoint","O1_beta_D20",1
"tier1_main","single_condition","single_condition","P0_derivative_amplitude_deciles","RAW_DECILES","ds006036__EO_or_photomark","CN_vs_FTD","kTSP_k5_disjoint","O1_beta_D30",8
"tier1_main","single_condition","single_condition","P0_derivative_amplitude_deciles","RAW_DECILES","ds004504__EC","AD_vs_CN","kTSP_k9_disjoint","O1_beta_D30",2
"tier1_main","single_condition","single_condition","P0_derivative_amplitude_deciles","RAW_DECILES","ds004504__EC","AD_vs_FTD","kTSP_k9_disjoint","O1_beta_D30",1
"tier1_main","single_condition","single_condition","P0_derivative_amplitude_deciles","RAW_DECILES","ds004504__EC","AD_vs_FTD","kTSP_k9_disjoint","O1_beta_D50",1
"tier1_main","single_condition","single_condition","P0_derivative_amplitude_deciles","RAW_DECILES","ds006036__EO_or_photomark","AD_vs_FTD","kTSP_k9_nondisjoint","O1_beta_D50",1
"tier1_main","single_condition","single_condition","P0_derivative_amplitude_deciles","RAW_DECILES","ds006036__EO_or_photomark","CN_vs_FTD","kTSP_k5_disjoint","O1_beta_D60",28
"tier1_main","single_condition","single_condition","P0_derivative_amplitude_deciles","RAW_DECILES","ds006036__EO_or_photomark","AD_FTD_vs_CN","kTSP_k9_disjoint","O1_beta_D60",8
"tier1_main","single_condition","single_condition","P0_derivative_amplitude_deciles","RAW_DECILES","ds004504__EC","CN_vs_FTD","kTSP_k9_disjoint","O1_beta_D60",1
"tier1_main","single_condition","single_condition","P0_derivative_amplitude_deciles","RAW_DECILES","ds006036__EO_or_photomark","CN_vs_FTD","kTSP_k5_disjoint","O1_beta_D70",1
"tier1_main","single_condition","single_condition","P0_derivative_amplitude_deciles","RAW_DECILES","ds004504__EC","CN_vs_FTD","kTSP_k9_disjoint","O1_beta_D70",1
"tier1_main","single_condition","single_condition","P0_derivative_amplitude_deciles","RAW_DECILES","ds006036__EO_or_photomark","AD_vs_FTD","kTSP_k9_nondisjoint","O1_beta_D70",1
"tier1_main","single_condition","single_condition","P0_derivative_amplitude_deciles","RAW_DECILES","ds006036__EO_or_photomark","CN_vs_FTD","kTSP_k5_disjoint","O1_beta_D80",1
"tier1_main","single_condition","single_condition","P0_derivative_amplitude_deciles","RAW_DECILES","ds006036__EO_or_photomark","AD_vs_CN","kTSP_k9_disjoint","O1_beta_D80",1
"tier1_main","single_condition","single_condition","P0_derivative_amplitude_deciles","RAW_DECILES","ds004504__EC","CN_vs_FTD","kTSP_k9_disjoint","O1_beta_D80",3
"tier2_cross_condition","cross_condition_transfer","EO_photo_train__EC_test","P0_derivative_amplitude_deciles","DERIVED_DECILES_ALL","EO_photo_train__EC_test","CN_vs_FTD","kTSP_k3_disjoint","O1_beta_lower_tail",1
"tier1_main","single_condition","single_condition","P0_derivative_amplitude_deciles","DERIVED_DECILES_ALL","ds006036__EO_or_photomark","AD_FTD_vs_CN","kTSP_k9_disjoint","O1_beta_lower_tail",4
"tier1_main","single_condition","single_condition","P0_derivative_amplitude_deciles","DERIVED_DECILES_ALL","ds004504__EC","CN_vs_FTD","kTSP_k9_disjoint","O1_beta_lower_tail",1
"tier1_main","single_condition","single_condition","P0_derivative_amplitude_deciles","DERIVED_DECILES_ALL","ds006036__EO_or_photomark","CN_vs_FTD","kTSP_k9_disjoint","O1_beta_lower_tail",30
"tier4_pooled","pooled_condition","POOLED_EC_EO_subject_grouped","P0_derivative_amplitude_deciles","DERIVED_DECILES_ALL","POOLED_EC_EO_subject_grouped","CN_vs_FTD","kTSP_k9_disjoint","O1_beta_lower_tail",2
"tier1_main","single_condition","single_condition","P1_psd_bandpower_from_derivatives","PSD_ABSOLUTE_CHANNEL_BAND","ds004504__EC","AD_vs_FTD","kTSP_CV_disjoint","O1_beta_psd_abs",1
"tier1_main","single_condition","single_condition","P1_psd_bandpower_from_derivatives","PSD_ABSOLUTE_CHANNEL_BAND","ds006036__EO_or_photomark","CN_vs_FTD","kTSP_k3_disjoint","O1_beta_psd_abs",33
"tier1_main","single_condition","single_condition","P1_psd_bandpower_from_derivatives","PSD_ABSOLUTE_CHANNEL_BAND","ds004504__EC","AD_FTD_vs_CN","kTSP_k9_disjoint","O1_beta_psd_abs",10
"tier1_main","single_condition","single_condition","P1_psd_bandpower_from_derivatives","PSD_ABSOLUTE_CHANNEL_BAND","ds006036__EO_or_photomark","AD_vs_FTD","kTSP_k9_disjoint","O1_beta_psd_abs",36
"tier1_main","single_condition","single_condition","P1_psd_bandpower_from_derivatives","PSD_ABSOLUTE_CHANNEL_BAND","ds004504__EC","CN_vs_FTD","kTSP_k9_disjoint","O1_beta_psd_abs",73
"tier1_main","single_condition","single_condition","P0_derivative_amplitude_deciles","DERIVED_DECILES_ALL","ds004504__EC","AD_vs_FTD","kTSP_CV_nondisjoint","O1_beta_shape_asymmetry",1
"tier4_pooled","pooled_condition","POOLED_EC_EO_subject_grouped","P0_derivative_amplitude_deciles","DERIVED_DECILES_ALL","POOLED_EC_EO_subject_grouped","AD_vs_FTD","kTSP_k9_disjoint","O1_beta_shape_asymmetry",1
"tier1_main","single_condition","single_condition","P0_derivative_amplitude_deciles","DERIVED_DECILES_ALL","ds006036__EO_or_photomark","CN_vs_FTD","kTSP_k9_disjoint","O1_beta_shape_asymmetry",3
"tier1_main","single_condition","single_condition","P0_derivative_amplitude_deciles","DERIVED_DECILES_ALL","ds004504__EC","AD_FTD_vs_CN","kTSP_k9_disjoint","O1_beta_spread_90_10",3
"tier1_main","single_condition","single_condition","P0_derivative_amplitude_deciles","DERIVED_DECILES_ALL","ds004504__EC","AD_vs_CN","kTSP_k9_disjoint","O1_beta_spread_90_10",2
"tier1_main","single_condition","single_condition","P0_derivative_amplitude_deciles","DERIVED_DECILES_ALL","ds004504__EC","CN_vs_FTD","kTSP_k9_disjoint","O1_beta_spread_90_10",1
"tier1_main","single_condition","single_condition","P0_derivative_amplitude_deciles","DERIVED_DECILES_ALL","ds004504__EC","AD_FTD_vs_CN","kTSP_k9_disjoint","O1_beta_upper_tail",1
"tier1_main","single_condition","single_condition","P0_derivative_amplitude_deciles","DERIVED_DECILES_ALL","ds004504__EC","CN_vs_FTD","kTSP_k9_disjoint","O1_beta_upper_tail",23
"tier1_main","single_condition","single_condition","P0_derivative_amplitude_deciles","DERIVED_DECILES_ALL","ds006036__EO_or_photomark","CN_vs_FTD","kTSP_k9_disjoint","O1_beta_upper_tail",3
"tier4_pooled","pooled_condition","POOLED_EC_EO_subject_grouped","P0_derivative_amplitude_deciles","DERIVED_DECILES_ALL","POOLED_EC_EO_subject_grouped","CN_vs_FTD","kTSP_k9_disjoint","O1_beta_upper_tail",1
"tier1_main","single_condition","single_condition","P0_derivative_amplitude_deciles","DERIVED_DECILES_ALL","ds004504__EC","AD_vs_FTD","kTSP_CV_nondisjoint","O1_delta_center",18
"tier1_main","single_condition","single_condition","P0_derivative_amplitude_deciles","RAW_DECILES","ds004504__EC","AD_vs_FTD","kTSP_k9_disjoint","O1_delta_D10",2
"tier1_main","single_condition","single_condition","P0_derivative_amplitude_deciles","RAW_DECILES","ds004504__EC","AD_vs_FTD","kTSP_k9_disjoint","O1_delta_D50",7
"tier1_main","single_condition","single_condition","P0_derivative_amplitude_deciles","RAW_DECILES","ds006036__EO_or_photomark","AD_vs_FTD","kTSP_k9_nondisjoint","O1_delta_D60",1
"tier1_main","single_condition","single_condition","P0_derivative_amplitude_deciles","RAW_DECILES","ds006036__EO_or_photomark","AD_vs_FTD","kTSP_k9_nondisjoint","O1_delta_D70",1
"tier1_main","single_condition","single_condition","P1_psd_bandpower_from_derivatives","PSD_ABSOLUTE_CHANNEL_BAND","ds004504__EC","AD_vs_FTD","kTSP_CV_disjoint","O1_delta_psd_abs",4
"tier1_main","single_condition","single_condition","P0_derivative_amplitude_deciles","DERIVED_DECILES_ALL","ds006036__EO_or_photomark","AD_vs_CN","kTSP_k9_disjoint","O1_delta_upper_tail",3
"tier1_main","single_condition","single_condition","P0_derivative_amplitude_deciles","DERIVED_DECILES_ALL","ds004504__EC","AD_vs_FTD","kTSP_CV_nondisjoint","O1_gamma_center",2
"tier1_main","single_condition","single_condition","P1_psd_bandpower_from_derivatives","PSD_ABSOLUTE_CHANNEL_BAND","ds004504__EC","AD_vs_FTD","kTSP_CV_disjoint","O1_gamma_psd_abs",3
"tier1_main","single_condition","single_condition","P1_psd_bandpower_from_derivatives","PSD_ABSOLUTE_CHANNEL_BAND","ds006036__EO_or_photomark","AD_vs_FTD","kTSP_k9_disjoint","O1_gamma_psd_abs",31
"tier1_main","single_condition","single_condition","P1_psd_bandpower_from_derivatives","PSD_ABSOLUTE_CHANNEL_BAND","ds004504__EC","CN_vs_FTD","kTSP_k9_disjoint","O1_gamma_psd_abs",2
"tier1_main","single_condition","single_condition","P0_derivative_amplitude_deciles","DERIVED_DECILES_ALL","ds004504__EC","AD_vs_FTD","kTSP_CV_nondisjoint","O1_gamma_spread_80_20",10
"tier4_pooled","pooled_condition","POOLED_EC_EO_subject_grouped","P0_derivative_amplitude_deciles","DERIVED_DECILES_ALL","POOLED_EC_EO_subject_grouped","AD_vs_FTD","kTSP_k9_disjoint","O1_gamma_spread_80_20",10
"tier1_main","single_condition","single_condition","P0_derivative_amplitude_deciles","DERIVED_DECILES_ALL","ds004504__EC","CN_vs_FTD","kTSP_k9_disjoint","O1_gamma_spread_80_20",2
"tier4_pooled","pooled_condition","POOLED_EC_EO_subject_grouped","P0_derivative_amplitude_deciles","DERIVED_DECILES_ALL","POOLED_EC_EO_subject_grouped","CN_vs_FTD","kTSP_k9_disjoint","O1_gamma_spread_80_20",1
"tier1_main","single_condition","single_condition","P0_derivative_amplitude_deciles","DERIVED_DECILES_ALL","ds004504__EC","AD_vs_FTD","kTSP_CV_nondisjoint","O1_theta_center",2
"tier1_main","single_condition","single_condition","P0_derivative_amplitude_deciles","RAW_DECILES","ds006036__EO_or_photomark","CN_vs_FTD","kTSP_k5_disjoint","O1_theta_D10",1
"tier1_main","single_condition","single_condition","P0_derivative_amplitude_deciles","RAW_DECILES","ds004504__EC","AD_FTD_vs_CN","kTSP_k9_disjoint","O1_theta_D10",2
"tier1_main","single_condition","single_condition","P0_derivative_amplitude_deciles","RAW_DECILES","ds006036__EO_or_photomark","AD_FTD_vs_CN","kTSP_k9_disjoint","O1_theta_D10",2
"tier1_main","single_condition","single_condition","P0_derivative_amplitude_deciles","RAW_DECILES","ds004504__EC","AD_vs_FTD","kTSP_k9_disjoint","O1_theta_D30",4
"tier1_main","single_condition","single_condition","P0_derivative_amplitude_deciles","RAW_DECILES","ds004504__EC","AD_vs_FTD","kTSP_k9_disjoint","O1_theta_D40",5
"tier1_main","single_condition","single_condition","P0_derivative_amplitude_deciles","RAW_DECILES","ds004504__EC","AD_vs_FTD","kTSP_k9_disjoint","O1_theta_D50",2
"tier1_main","single_condition","single_condition","P0_derivative_amplitude_deciles","RAW_DECILES","ds006036__EO_or_photomark","AD_vs_FTD","kTSP_k9_nondisjoint","O1_theta_D50",1
"tier1_main","single_condition","single_condition","P0_derivative_amplitude_deciles","RAW_DECILES","ds004504__EC","AD_vs_FTD","kTSP_k9_disjoint","O1_theta_D70",1
"tier1_main","single_condition","single_condition","P0_derivative_amplitude_deciles","RAW_DECILES","ds004504__EC","AD_FTD_vs_CN","kTSP_k9_disjoint","O1_theta_D90",2
"tier1_main","single_condition","single_condition","P0_derivative_amplitude_deciles","RAW_DECILES","ds006036__EO_or_photomark","AD_FTD_vs_CN","kTSP_k9_disjoint","O1_theta_D90",5
"tier1_main","single_condition","single_condition","P0_derivative_amplitude_deciles","RAW_DECILES","ds006036__EO_or_photomark","AD_vs_CN","kTSP_k9_disjoint","O1_theta_D90",1
"tier4_pooled","pooled_condition","POOLED_EC_EO_subject_grouped","P0_derivative_amplitude_deciles","DERIVED_DECILES_ALL","POOLED_EC_EO_subject_grouped","AD_vs_FTD","kTSP_k9_disjoint","O1_theta_lower_tail",4
"tier1_main","single_condition","single_condition","P0_derivative_amplitude_deciles","DERIVED_DECILES_ALL","ds006036__EO_or_photomark","CN_vs_FTD","kTSP_k9_disjoint","O1_theta_lower_tail",1
"tier1_main","single_condition","single_condition","P1_psd_bandpower_from_derivatives","PSD_ABSOLUTE_CHANNEL_BAND","ds004504__EC","AD_vs_FTD","kTSP_CV_disjoint","O1_theta_psd_abs",1
"tier1_main","single_condition","single_condition","P1_psd_bandpower_from_derivatives","PSD_ABSOLUTE_CHANNEL_BAND","ds004504__EC","AD_FTD_vs_CN","kTSP_k9_disjoint","O1_theta_psd_abs",2
"tier1_main","single_condition","single_condition","P1_psd_bandpower_from_derivatives","PSD_ABSOLUTE_CHANNEL_BAND","ds004504__EC","AD_vs_CN","kTSP_k9_disjoint","O1_theta_psd_abs",8
"tier1_main","single_condition","single_condition","P1_psd_bandpower_from_derivatives","PSD_ABSOLUTE_CHANNEL_BAND","ds006036__EO_or_photomark","AD_vs_CN","kTSP_k9_disjoint","O1_theta_psd_abs",11
"tier1_main","single_condition","single_condition","P1_psd_bandpower_from_derivatives","PSD_ABSOLUTE_CHANNEL_BAND","ds006036__EO_or_photomark","AD_vs_FTD","kTSP_k9_disjoint","O1_theta_psd_abs",6
"tier1_main","single_condition","single_condition","P1_psd_bandpower_from_derivatives","PSD_ABSOLUTE_CHANNEL_BAND","ds004504__EC","CN_vs_FTD","kTSP_k9_disjoint","O1_theta_psd_abs",1
"tier1_main","single_condition","single_condition","P0_derivative_amplitude_deciles","DERIVED_DECILES_ALL","ds006036__EO_or_photomark","AD_FTD_vs_CN","kTSP_k9_disjoint","O1_theta_spread_90_10",5
"tier1_main","single_condition","single_condition","P0_derivative_amplitude_deciles","DERIVED_DECILES_ALL","ds006036__EO_or_photomark","AD_vs_CN","kTSP_k9_disjoint","O1_theta_spread_90_10",16
"tier1_main","single_condition","single_condition","P0_derivative_amplitude_deciles","DERIVED_DECILES_ALL","ds004504__EC","AD_vs_FTD","kTSP_CV_nondisjoint","O1_theta_upper_tail",1
"tier4_pooled","pooled_condition","POOLED_EC_EO_subject_grouped","P0_derivative_amplitude_deciles","DERIVED_DECILES_ALL","POOLED_EC_EO_subject_grouped","AD_vs_FTD","kTSP_k9_disjoint","O1_theta_upper_tail",3
"tier1_main","single_condition","single_condition","P0_derivative_amplitude_deciles","DERIVED_DECILES_ALL","ds004504__EC","CN_vs_FTD","kTSP_k9_disjoint","O1_theta_upper_tail",1
"tier1_main","single_condition","single_condition","P0_derivative_amplitude_deciles","DERIVED_DECILES_ALL","ds004504__EC","AD_vs_FTD","kTSP_CV_nondisjoint","O2_alpha_center",1
"tier1_main","single_condition","single_condition","P0_derivative_amplitude_deciles","RAW_DECILES","ds006036__EO_or_photomark","CN_vs_FTD","kTSP_k5_disjoint","O2_alpha_D10",2
"tier1_main","single_condition","single_condition","P0_derivative_amplitude_deciles","RAW_DECILES","ds004504__EC","AD_FTD_vs_CN","kTSP_k9_disjoint","O2_alpha_D10",43
"tier1_main","single_condition","single_condition","P0_derivative_amplitude_deciles","RAW_DECILES","ds006036__EO_or_photomark","AD_FTD_vs_CN","kTSP_k9_disjoint","O2_alpha_D10",54
"tier1_main","single_condition","single_condition","P0_derivative_amplitude_deciles","RAW_DECILES","ds004504__EC","AD_vs_CN","kTSP_k9_disjoint","O2_alpha_D10",36
"tier1_main","single_condition","single_condition","P0_derivative_amplitude_deciles","RAW_DECILES","ds006036__EO_or_photomark","AD_vs_CN","kTSP_k9_disjoint","O2_alpha_D10",62
"tier1_main","single_condition","single_condition","P0_derivative_amplitude_deciles","RAW_DECILES","ds004504__EC","CN_vs_FTD","kTSP_k9_disjoint","O2_alpha_D10",29
"tier1_main","single_condition","single_condition","P0_derivative_amplitude_deciles","RAW_DECILES","ds006036__EO_or_photomark","CN_vs_FTD","kTSP_k5_disjoint","O2_alpha_D20",5
"tier1_main","single_condition","single_condition","P0_derivative_amplitude_deciles","RAW_DECILES","ds004504__EC","AD_FTD_vs_CN","kTSP_k9_disjoint","O2_alpha_D20",30
"tier1_main","single_condition","single_condition","P0_derivative_amplitude_deciles","RAW_DECILES","ds006036__EO_or_photomark","AD_FTD_vs_CN","kTSP_k9_disjoint","O2_alpha_D20",20
"tier1_main","single_condition","single_condition","P0_derivative_amplitude_deciles","RAW_DECILES","ds004504__EC","AD_vs_CN","kTSP_k9_disjoint","O2_alpha_D20",26
"tier1_main","single_condition","single_condition","P0_derivative_amplitude_deciles","RAW_DECILES","ds006036__EO_or_photomark","AD_vs_CN","kTSP_k9_disjoint","O2_alpha_D20",20
"tier1_main","single_condition","single_condition","P0_derivative_amplitude_deciles","RAW_DECILES","ds004504__EC","AD_vs_FTD","kTSP_k9_disjoint","O2_alpha_D20",1
"tier1_main","single_condition","single_condition","P0_derivative_amplitude_deciles","RAW_DECILES","ds004504__EC","CN_vs_FTD","kTSP_k9_disjoint","O2_alpha_D20",1
"tier1_main","single_condition","single_condition","P0_derivative_amplitude_deciles","RAW_DECILES","ds004504__EC","AD_FTD_vs_CN","kTSP_k9_disjoint","O2_alpha_D30",6
"tier1_main","single_condition","single_condition","P0_derivative_amplitude_deciles","RAW_DECILES","ds006036__EO_or_photomark","AD_FTD_vs_CN","kTSP_k9_disjoint","O2_alpha_D30",13
"tier1_main","single_condition","single_condition","P0_derivative_amplitude_deciles","RAW_DECILES","ds004504__EC","AD_vs_CN","kTSP_k9_disjoint","O2_alpha_D30",5
"tier1_main","single_condition","single_condition","P0_derivative_amplitude_deciles","RAW_DECILES","ds006036__EO_or_photomark","AD_vs_CN","kTSP_k9_disjoint","O2_alpha_D30",11
"tier1_main","single_condition","single_condition","P0_derivative_amplitude_deciles","RAW_DECILES","ds004504__EC","CN_vs_FTD","kTSP_k9_disjoint","O2_alpha_D30",5
"tier1_main","single_condition","single_condition","P0_derivative_amplitude_deciles","RAW_DECILES","ds006036__EO_or_photomark","CN_vs_FTD","kTSP_k5_disjoint","O2_alpha_D40",17
"tier1_main","single_condition","single_condition","P0_derivative_amplitude_deciles","RAW_DECILES","ds004504__EC","AD_FTD_vs_CN","kTSP_k9_disjoint","O2_alpha_D40",7
"tier1_main","single_condition","single_condition","P0_derivative_amplitude_deciles","RAW_DECILES","ds006036__EO_or_photomark","AD_FTD_vs_CN","kTSP_k9_disjoint","O2_alpha_D40",3
"tier1_main","single_condition","single_condition","P0_derivative_amplitude_deciles","RAW_DECILES","ds004504__EC","AD_vs_CN","kTSP_k9_disjoint","O2_alpha_D40",5
"tier1_main","single_condition","single_condition","P0_derivative_amplitude_deciles","RAW_DECILES","ds006036__EO_or_photomark","AD_vs_CN","kTSP_k9_disjoint","O2_alpha_D40",3
"tier1_main","single_condition","single_condition","P0_derivative_amplitude_deciles","RAW_DECILES","ds004504__EC","CN_vs_FTD","kTSP_k9_disjoint","O2_alpha_D40",10
"tier1_main","single_condition","single_condition","P0_derivative_amplitude_deciles","RAW_DECILES","ds006036__EO_or_photomark","CN_vs_FTD","kTSP_k5_disjoint","O2_alpha_D60",7
"tier1_main","single_condition","single_condition","P0_derivative_amplitude_deciles","RAW_DECILES","ds006036__EO_or_photomark","AD_vs_CN","kTSP_k9_disjoint","O2_alpha_D60",1
"tier1_main","single_condition","single_condition","P0_derivative_amplitude_deciles","RAW_DECILES","ds004504__EC","CN_vs_FTD","kTSP_k9_disjoint","O2_alpha_D60",5
"tier1_main","single_condition","single_condition","P0_derivative_amplitude_deciles","RAW_DECILES","ds006036__EO_or_photomark","CN_vs_FTD","kTSP_k5_disjoint","O2_alpha_D70",1
"tier1_main","single_condition","single_condition","P0_derivative_amplitude_deciles","RAW_DECILES","ds004504__EC","AD_FTD_vs_CN","kTSP_k9_disjoint","O2_alpha_D70",9
"tier1_main","single_condition","single_condition","P0_derivative_amplitude_deciles","RAW_DECILES","ds006036__EO_or_photomark","AD_FTD_vs_CN","kTSP_k9_disjoint","O2_alpha_D70",6
"tier1_main","single_condition","single_condition","P0_derivative_amplitude_deciles","RAW_DECILES","ds004504__EC","AD_vs_CN","kTSP_k9_disjoint","O2_alpha_D70",5
"tier1_main","single_condition","single_condition","P0_derivative_amplitude_deciles","RAW_DECILES","ds006036__EO_or_photomark","AD_vs_CN","kTSP_k9_disjoint","O2_alpha_D70",8
"tier1_main","single_condition","single_condition","P0_derivative_amplitude_deciles","RAW_DECILES","ds004504__EC","CN_vs_FTD","kTSP_k9_disjoint","O2_alpha_D70",7
"tier1_main","single_condition","single_condition","P0_derivative_amplitude_deciles","RAW_DECILES","ds006036__EO_or_photomark","CN_vs_FTD","kTSP_k5_disjoint","O2_alpha_D80",8
"tier1_main","single_condition","single_condition","P0_derivative_amplitude_deciles","RAW_DECILES","ds004504__EC","AD_FTD_vs_CN","kTSP_k9_disjoint","O2_alpha_D80",20
"tier1_main","single_condition","single_condition","P0_derivative_amplitude_deciles","RAW_DECILES","ds006036__EO_or_photomark","AD_FTD_vs_CN","kTSP_k9_disjoint","O2_alpha_D80",21
"tier1_main","single_condition","single_condition","P0_derivative_amplitude_deciles","RAW_DECILES","ds004504__EC","AD_vs_CN","kTSP_k9_disjoint","O2_alpha_D80",23
"tier1_main","single_condition","single_condition","P0_derivative_amplitude_deciles","RAW_DECILES","ds006036__EO_or_photomark","AD_vs_CN","kTSP_k9_disjoint","O2_alpha_D80",17
"tier1_main","single_condition","single_condition","P0_derivative_amplitude_deciles","RAW_DECILES","ds004504__EC","AD_vs_FTD","kTSP_k9_disjoint","O2_alpha_D80",1
"tier1_main","single_condition","single_condition","P0_derivative_amplitude_deciles","RAW_DECILES","ds004504__EC","CN_vs_FTD","kTSP_k9_disjoint","O2_alpha_D80",7
"tier1_main","single_condition","single_condition","P0_derivative_amplitude_deciles","RAW_DECILES","ds006036__EO_or_photomark","CN_vs_FTD","kTSP_k5_disjoint","O2_alpha_D90",2
"tier1_main","single_condition","single_condition","P0_derivative_amplitude_deciles","RAW_DECILES","ds004504__EC","AD_FTD_vs_CN","kTSP_k9_disjoint","O2_alpha_D90",43
"tier1_main","single_condition","single_condition","P0_derivative_amplitude_deciles","RAW_DECILES","ds006036__EO_or_photomark","AD_FTD_vs_CN","kTSP_k9_disjoint","O2_alpha_D90",57
"tier1_main","single_condition","single_condition","P0_derivative_amplitude_deciles","RAW_DECILES","ds004504__EC","AD_vs_CN","kTSP_k9_disjoint","O2_alpha_D90",45
"tier1_main","single_condition","single_condition","P0_derivative_amplitude_deciles","RAW_DECILES","ds006036__EO_or_photomark","AD_vs_CN","kTSP_k9_disjoint","O2_alpha_D90",55
"tier1_main","single_condition","single_condition","P0_derivative_amplitude_deciles","RAW_DECILES","ds004504__EC","CN_vs_FTD","kTSP_k9_disjoint","O2_alpha_D90",14
"tier2_cross_condition","cross_condition_transfer","EC_train__EO_photo_test","P0_derivative_amplitude_deciles","DERIVED_DECILES_ALL","EC_train__EO_photo_test","AD_FTD_vs_CN","kTSP_CV_disjoint","O2_alpha_lower_tail",1
"tier2_cross_condition","cross_condition_transfer","EO_photo_train__EC_test","P0_derivative_amplitude_deciles","DERIVED_DECILES_ALL","EO_photo_train__EC_test","AD_vs_CN","kTSP_CV_disjoint","O2_alpha_lower_tail",1
"tier2_cross_condition","cross_condition_transfer","EC_train__EO_photo_test","P0_derivative_amplitude_deciles","DERIVED_DECILES_ALL","EC_train__EO_photo_test","CN_vs_FTD","kTSP_CV_disjoint","O2_alpha_lower_tail",1
"tier2_cross_condition","cross_condition_transfer","EO_photo_train__EC_test","P0_derivative_amplitude_deciles","DERIVED_DECILES_ALL","EO_photo_train__EC_test","AD_FTD_vs_CN","kTSP_k5_disjoint","O2_alpha_lower_tail",1
"tier1_main","single_condition","single_condition","P0_derivative_amplitude_deciles","DERIVED_DECILES_ALL","ds004504__EC","AD_FTD_vs_CN","kTSP_k9_disjoint","O2_alpha_lower_tail",52
"tier1_main","single_condition","single_condition","P0_derivative_amplitude_deciles","DERIVED_DECILES_ALL","ds006036__EO_or_photomark","AD_FTD_vs_CN","kTSP_k9_disjoint","O2_alpha_lower_tail",62
"tier4_pooled","pooled_condition","POOLED_EC_EO_subject_grouped","P0_derivative_amplitude_deciles","DERIVED_DECILES_ALL","POOLED_EC_EO_subject_grouped","AD_FTD_vs_CN","kTSP_k9_disjoint","O2_alpha_lower_tail",92
"tier1_main","single_condition","single_condition","P0_derivative_amplitude_deciles","DERIVED_DECILES_ALL","ds004504__EC","AD_vs_CN","kTSP_k9_disjoint","O2_alpha_lower_tail",25
"tier1_main","single_condition","single_condition","P0_derivative_amplitude_deciles","DERIVED_DECILES_ALL","ds006036__EO_or_photomark","AD_vs_CN","kTSP_k9_disjoint","O2_alpha_lower_tail",85
"tier4_pooled","pooled_condition","POOLED_EC_EO_subject_grouped","P0_derivative_amplitude_deciles","DERIVED_DECILES_ALL","POOLED_EC_EO_subject_grouped","AD_vs_CN","kTSP_k9_disjoint","O2_alpha_lower_tail",81
"tier1_main","single_condition","single_condition","P0_derivative_amplitude_deciles","DERIVED_DECILES_ALL","ds004504__EC","CN_vs_FTD","kTSP_k9_disjoint","O2_alpha_lower_tail",46
"tier1_main","single_condition","single_condition","P0_derivative_amplitude_deciles","DERIVED_DECILES_ALL","ds006036__EO_or_photomark","CN_vs_FTD","kTSP_k9_disjoint","O2_alpha_lower_tail",7
"tier4_pooled","pooled_condition","POOLED_EC_EO_subject_grouped","P0_derivative_amplitude_deciles","DERIVED_DECILES_ALL","POOLED_EC_EO_subject_grouped","CN_vs_FTD","kTSP_k9_disjoint","O2_alpha_lower_tail",69
"tier1_main","single_condition","single_condition","P1_psd_bandpower_from_derivatives","PSD_ABSOLUTE_CHANNEL_BAND","ds006036__EO_or_photomark","CN_vs_FTD","kTSP_k3_disjoint","O2_alpha_psd_abs",93
"tier1_main","single_condition","single_condition","P1_psd_bandpower_from_derivatives","PSD_ABSOLUTE_CHANNEL_BAND","ds004504__EC","AD_FTD_vs_CN","kTSP_k9_disjoint","O2_alpha_psd_abs",79
"tier1_main","single_condition","single_condition","P1_psd_bandpower_from_derivatives","PSD_ABSOLUTE_CHANNEL_BAND","ds006036__EO_or_photomark","AD_FTD_vs_CN","kTSP_k9_disjoint","O2_alpha_psd_abs",100
"tier1_main","single_condition","single_condition","P1_psd_bandpower_from_derivatives","PSD_ABSOLUTE_CHANNEL_BAND","ds004504__EC","AD_vs_CN","kTSP_k9_disjoint","O2_alpha_psd_abs",87
"tier1_main","single_condition","single_condition","P1_psd_bandpower_from_derivatives","PSD_ABSOLUTE_CHANNEL_BAND","ds006036__EO_or_photomark","AD_vs_CN","kTSP_k9_disjoint","O2_alpha_psd_abs",98
"tier1_main","single_condition","single_condition","P1_psd_bandpower_from_derivatives","PSD_ABSOLUTE_CHANNEL_BAND","ds004504__EC","CN_vs_FTD","kTSP_k9_disjoint","O2_alpha_psd_abs",58
"tier1_main","single_condition","single_condition","P0_derivative_amplitude_deciles","DERIVED_DECILES_ALL","ds006036__EO_or_photomark","AD_vs_FTD","kTSP_k9_disjoint","O2_alpha_shape_asymmetry",4
"tier2_cross_condition","cross_condition_transfer","EC_train__EO_photo_test","P0_derivative_amplitude_deciles","DERIVED_DECILES_ALL","EC_train__EO_photo_test","AD_vs_CN","kTSP_CV_disjoint","O2_alpha_spread_80_20",1
"tier2_cross_condition","cross_condition_transfer","EO_photo_train__EC_test","P0_derivative_amplitude_deciles","DERIVED_DECILES_ALL","EO_photo_train__EC_test","AD_FTD_vs_CN","kTSP_k5_disjoint","O2_alpha_spread_80_20",1
"tier1_main","single_condition","single_condition","P0_derivative_amplitude_deciles","DERIVED_DECILES_ALL","ds004504__EC","AD_FTD_vs_CN","kTSP_k9_disjoint","O2_alpha_spread_80_20",41
"tier1_main","single_condition","single_condition","P0_derivative_amplitude_deciles","DERIVED_DECILES_ALL","ds006036__EO_or_photomark","AD_FTD_vs_CN","kTSP_k9_disjoint","O2_alpha_spread_80_20",64
"tier4_pooled","pooled_condition","POOLED_EC_EO_subject_grouped","P0_derivative_amplitude_deciles","DERIVED_DECILES_ALL","POOLED_EC_EO_subject_grouped","AD_FTD_vs_CN","kTSP_k9_disjoint","O2_alpha_spread_80_20",44
"tier1_main","single_condition","single_condition","P0_derivative_amplitude_deciles","DERIVED_DECILES_ALL","ds004504__EC","AD_vs_CN","kTSP_k9_disjoint","O2_alpha_spread_80_20",65
"tier1_main","single_condition","single_condition","P0_derivative_amplitude_deciles","DERIVED_DECILES_ALL","ds006036__EO_or_photomark","AD_vs_CN","kTSP_k9_disjoint","O2_alpha_spread_80_20",24
"tier4_pooled","pooled_condition","POOLED_EC_EO_subject_grouped","P0_derivative_amplitude_deciles","DERIVED_DECILES_ALL","POOLED_EC_EO_subject_grouped","AD_vs_CN","kTSP_k9_disjoint","O2_alpha_spread_80_20",52
"tier1_main","single_condition","single_condition","P0_derivative_amplitude_deciles","DERIVED_DECILES_ALL","ds004504__EC","CN_vs_FTD","kTSP_k9_disjoint","O2_alpha_spread_80_20",2
"tier1_main","single_condition","single_condition","P0_derivative_amplitude_deciles","DERIVED_DECILES_ALL","ds006036__EO_or_photomark","CN_vs_FTD","kTSP_k9_disjoint","O2_alpha_spread_80_20",24
"tier4_pooled","pooled_condition","POOLED_EC_EO_subject_grouped","P0_derivative_amplitude_deciles","DERIVED_DECILES_ALL","POOLED_EC_EO_subject_grouped","CN_vs_FTD","kTSP_k9_disjoint","O2_alpha_spread_80_20",8
"tier2_cross_condition","cross_condition_transfer","EC_train__EO_photo_test","P0_derivative_amplitude_deciles","DERIVED_DECILES_ALL","EC_train__EO_photo_test","AD_FTD_vs_CN","kTSP_CV_disjoint","O2_alpha_spread_90_10",1
"tier1_main","single_condition","single_condition","P0_derivative_amplitude_deciles","DERIVED_DECILES_ALL","ds004504__EC","AD_FTD_vs_CN","kTSP_k9_disjoint","O2_alpha_spread_90_10",28
"tier1_main","single_condition","single_condition","P0_derivative_amplitude_deciles","DERIVED_DECILES_ALL","ds006036__EO_or_photomark","AD_FTD_vs_CN","kTSP_k9_disjoint","O2_alpha_spread_90_10",26
"tier4_pooled","pooled_condition","POOLED_EC_EO_subject_grouped","P0_derivative_amplitude_deciles","DERIVED_DECILES_ALL","POOLED_EC_EO_subject_grouped","AD_FTD_vs_CN","kTSP_k9_disjoint","O2_alpha_spread_90_10",65
"tier1_main","single_condition","single_condition","P0_derivative_amplitude_deciles","DERIVED_DECILES_ALL","ds004504__EC","AD_vs_CN","kTSP_k9_disjoint","O2_alpha_spread_90_10",9
"tier1_main","single_condition","single_condition","P0_derivative_amplitude_deciles","DERIVED_DECILES_ALL","ds006036__EO_or_photomark","AD_vs_CN","kTSP_k9_disjoint","O2_alpha_spread_90_10",25
"tier4_pooled","pooled_condition","POOLED_EC_EO_subject_grouped","P0_derivative_amplitude_deciles","DERIVED_DECILES_ALL","POOLED_EC_EO_subject_grouped","AD_vs_CN","kTSP_k9_disjoint","O2_alpha_spread_90_10",51
"tier1_main","single_condition","single_condition","P0_derivative_amplitude_deciles","DERIVED_DECILES_ALL","ds004504__EC","CN_vs_FTD","kTSP_k9_disjoint","O2_alpha_spread_90_10",15
"tier1_main","single_condition","single_condition","P0_derivative_amplitude_deciles","DERIVED_DECILES_ALL","ds006036__EO_or_photomark","CN_vs_FTD","kTSP_k9_disjoint","O2_alpha_spread_90_10",1
"tier4_pooled","pooled_condition","POOLED_EC_EO_subject_grouped","P0_derivative_amplitude_deciles","DERIVED_DECILES_ALL","POOLED_EC_EO_subject_grouped","CN_vs_FTD","kTSP_k9_disjoint","O2_alpha_spread_90_10",33
"tier2_cross_condition","cross_condition_transfer","EC_train__EO_photo_test","P0_derivative_amplitude_deciles","DERIVED_DECILES_ALL","EC_train__EO_photo_test","AD_FTD_vs_CN","kTSP_CV_disjoint","O2_alpha_upper_tail",1
"tier2_cross_condition","cross_condition_transfer","EC_train__EO_photo_test","P0_derivative_amplitude_deciles","DERIVED_DECILES_ALL","EC_train__EO_photo_test","AD_vs_CN","kTSP_CV_disjoint","O2_alpha_upper_tail",1
"tier2_cross_condition","cross_condition_transfer","EO_photo_train__EC_test","P0_derivative_amplitude_deciles","DERIVED_DECILES_ALL","EO_photo_train__EC_test","AD_vs_CN","kTSP_CV_disjoint","O2_alpha_upper_tail",1
"tier2_cross_condition","cross_condition_transfer","EC_train__EO_photo_test","P0_derivative_amplitude_deciles","DERIVED_DECILES_ALL","EC_train__EO_photo_test","CN_vs_FTD","kTSP_CV_disjoint","O2_alpha_upper_tail",1
"tier2_cross_condition","cross_condition_transfer","EO_photo_train__EC_test","P0_derivative_amplitude_deciles","DERIVED_DECILES_ALL","EO_photo_train__EC_test","AD_FTD_vs_CN","kTSP_k5_disjoint","O2_alpha_upper_tail",1
"tier1_main","single_condition","single_condition","P0_derivative_amplitude_deciles","DERIVED_DECILES_ALL","ds004504__EC","AD_FTD_vs_CN","kTSP_k9_disjoint","O2_alpha_upper_tail",61
"tier1_main","single_condition","single_condition","P0_derivative_amplitude_deciles","DERIVED_DECILES_ALL","ds006036__EO_or_photomark","AD_FTD_vs_CN","kTSP_k9_disjoint","O2_alpha_upper_tail",62
"tier4_pooled","pooled_condition","POOLED_EC_EO_subject_grouped","P0_derivative_amplitude_deciles","DERIVED_DECILES_ALL","POOLED_EC_EO_subject_grouped","AD_FTD_vs_CN","kTSP_k9_disjoint","O2_alpha_upper_tail",93
"tier1_main","single_condition","single_condition","P0_derivative_amplitude_deciles","DERIVED_DECILES_ALL","ds004504__EC","AD_vs_CN","kTSP_k9_disjoint","O2_alpha_upper_tail",60
"tier1_main","single_condition","single_condition","P0_derivative_amplitude_deciles","DERIVED_DECILES_ALL","ds006036__EO_or_photomark","AD_vs_CN","kTSP_k9_disjoint","O2_alpha_upper_tail",85
"tier4_pooled","pooled_condition","POOLED_EC_EO_subject_grouped","P0_derivative_amplitude_deciles","DERIVED_DECILES_ALL","POOLED_EC_EO_subject_grouped","AD_vs_CN","kTSP_k9_disjoint","O2_alpha_upper_tail",74
"tier1_main","single_condition","single_condition","P0_derivative_amplitude_deciles","DERIVED_DECILES_ALL","ds004504__EC","CN_vs_FTD","kTSP_k9_disjoint","O2_alpha_upper_tail",56
"tier1_main","single_condition","single_condition","P0_derivative_amplitude_deciles","DERIVED_DECILES_ALL","ds006036__EO_or_photomark","CN_vs_FTD","kTSP_k9_disjoint","O2_alpha_upper_tail",8
"tier4_pooled","pooled_condition","POOLED_EC_EO_subject_grouped","P0_derivative_amplitude_deciles","DERIVED_DECILES_ALL","POOLED_EC_EO_subject_grouped","CN_vs_FTD","kTSP_k9_disjoint","O2_alpha_upper_tail",81
"tier1_main","single_condition","single_condition","P0_derivative_amplitude_deciles","DERIVED_DECILES_ALL","ds004504__EC","AD_vs_FTD","kTSP_CV_nondisjoint","O2_beta_center",3
"tier1_main","single_condition","single_condition","P0_derivative_amplitude_deciles","RAW_DECILES","ds004504__EC","AD_vs_CN","kTSP_k9_disjoint","O2_beta_D10",2
"tier1_main","single_condition","single_condition","P0_derivative_amplitude_deciles","RAW_DECILES","ds006036__EO_or_photomark","CN_vs_FTD","kTSP_k5_disjoint","O2_beta_D20",15
"tier1_main","single_condition","single_condition","P0_derivative_amplitude_deciles","RAW_DECILES","ds006036__EO_or_photomark","AD_FTD_vs_CN","kTSP_k9_disjoint","O2_beta_D20",11
"tier1_main","single_condition","single_condition","P0_derivative_amplitude_deciles","RAW_DECILES","ds004504__EC","AD_vs_CN","kTSP_k9_disjoint","O2_beta_D20",2
"tier1_main","single_condition","single_condition","P0_derivative_amplitude_deciles","RAW_DECILES","ds006036__EO_or_photomark","AD_vs_CN","kTSP_k9_disjoint","O2_beta_D20",4
"tier1_main","single_condition","single_condition","P0_derivative_amplitude_deciles","RAW_DECILES","ds004504__EC","CN_vs_FTD","kTSP_k9_disjoint","O2_beta_D20",9
"tier1_main","single_condition","single_condition","P0_derivative_amplitude_deciles","RAW_DECILES","ds006036__EO_or_photomark","CN_vs_FTD","kTSP_k5_disjoint","O2_beta_D30",46
"tier1_main","single_condition","single_condition","P0_derivative_amplitude_deciles","RAW_DECILES","ds004504__EC","AD_FTD_vs_CN","kTSP_k9_disjoint","O2_beta_D30",1
"tier1_main","single_condition","single_condition","P0_derivative_amplitude_deciles","RAW_DECILES","ds006036__EO_or_photomark","AD_FTD_vs_CN","kTSP_k9_disjoint","O2_beta_D30",4
"tier1_main","single_condition","single_condition","P0_derivative_amplitude_deciles","RAW_DECILES","ds004504__EC","AD_vs_CN","kTSP_k9_disjoint","O2_beta_D30",1
"tier1_main","single_condition","single_condition","P0_derivative_amplitude_deciles","RAW_DECILES","ds004504__EC","CN_vs_FTD","kTSP_k9_disjoint","O2_beta_D30",11
"tier1_main","single_condition","single_condition","P0_derivative_amplitude_deciles","RAW_DECILES","ds006036__EO_or_photomark","CN_vs_FTD","kTSP_k5_disjoint","O2_beta_D40",29
"tier1_main","single_condition","single_condition","P0_derivative_amplitude_deciles","RAW_DECILES","ds004504__EC","AD_FTD_vs_CN","kTSP_k9_disjoint","O2_beta_D40",15
"tier1_main","single_condition","single_condition","P0_derivative_amplitude_deciles","RAW_DECILES","ds006036__EO_or_photomark","AD_FTD_vs_CN","kTSP_k9_disjoint","O2_beta_D40",6
"tier1_main","single_condition","single_condition","P0_derivative_amplitude_deciles","RAW_DECILES","ds004504__EC","AD_vs_CN","kTSP_k9_disjoint","O2_beta_D40",1
"tier1_main","single_condition","single_condition","P0_derivative_amplitude_deciles","RAW_DECILES","ds004504__EC","CN_vs_FTD","kTSP_k9_disjoint","O2_beta_D40",42
"tier1_main","single_condition","single_condition","P0_derivative_amplitude_deciles","RAW_DECILES","ds006036__EO_or_photomark","AD_vs_FTD","kTSP_k9_nondisjoint","O2_beta_D40",1
"tier1_main","single_condition","single_condition","P0_derivative_amplitude_deciles","RAW_DECILES","ds004504__EC","AD_vs_FTD","kTSP_k9_disjoint","O2_beta_D50",2
"tier1_main","single_condition","single_condition","P0_derivative_amplitude_deciles","RAW_DECILES","ds006036__EO_or_photomark","CN_vs_FTD","kTSP_k5_disjoint","O2_beta_D60",22
"tier1_main","single_condition","single_condition","P0_derivative_amplitude_deciles","RAW_DECILES","ds004504__EC","AD_FTD_vs_CN","kTSP_k9_disjoint","O2_beta_D60",6
"tier1_main","single_condition","single_condition","P0_derivative_amplitude_deciles","RAW_DECILES","ds006036__EO_or_photomark","AD_FTD_vs_CN","kTSP_k9_disjoint","O2_beta_D60",2
"tier1_main","single_condition","single_condition","P0_derivative_amplitude_deciles","RAW_DECILES","ds004504__EC","AD_vs_CN","kTSP_k9_disjoint","O2_beta_D60",1
"tier1_main","single_condition","single_condition","P0_derivative_amplitude_deciles","RAW_DECILES","ds004504__EC","CN_vs_FTD","kTSP_k9_disjoint","O2_beta_D60",62
"tier1_main","single_condition","single_condition","P0_derivative_amplitude_deciles","RAW_DECILES","ds006036__EO_or_photomark","AD_vs_FTD","kTSP_k9_nondisjoint","O2_beta_D60",1
"tier1_main","single_condition","single_condition","P0_derivative_amplitude_deciles","RAW_DECILES","ds006036__EO_or_photomark","CN_vs_FTD","kTSP_k5_disjoint","O2_beta_D70",46
"tier1_main","single_condition","single_condition","P0_derivative_amplitude_deciles","RAW_DECILES","ds004504__EC","AD_FTD_vs_CN","kTSP_k9_disjoint","O2_beta_D70",10
"tier1_main","single_condition","single_condition","P0_derivative_amplitude_deciles","RAW_DECILES","ds006036__EO_or_photomark","AD_FTD_vs_CN","kTSP_k9_disjoint","O2_beta_D70",1
"tier1_main","single_condition","single_condition","P0_derivative_amplitude_deciles","RAW_DECILES","ds004504__EC","AD_vs_CN","kTSP_k9_disjoint","O2_beta_D70",7
"tier1_main","single_condition","single_condition","P0_derivative_amplitude_deciles","RAW_DECILES","ds004504__EC","CN_vs_FTD","kTSP_k9_disjoint","O2_beta_D70",12
"tier1_main","single_condition","single_condition","P0_derivative_amplitude_deciles","RAW_DECILES","ds006036__EO_or_photomark","CN_vs_FTD","kTSP_k5_disjoint","O2_beta_D80",11
"tier1_main","single_condition","single_condition","P0_derivative_amplitude_deciles","RAW_DECILES","ds006036__EO_or_photomark","AD_FTD_vs_CN","kTSP_k9_disjoint","O2_beta_D80",2
"tier1_main","single_condition","single_condition","P0_derivative_amplitude_deciles","RAW_DECILES","ds004504__EC","AD_vs_CN","kTSP_k9_disjoint","O2_beta_D80",1
"tier1_main","single_condition","single_condition","P0_derivative_amplitude_deciles","RAW_DECILES","ds006036__EO_or_photomark","AD_vs_CN","kTSP_k9_disjoint","O2_beta_D80",4
"tier1_main","single_condition","single_condition","P0_derivative_amplitude_deciles","RAW_DECILES","ds004504__EC","CN_vs_FTD","kTSP_k9_disjoint","O2_beta_D80",8
"tier1_main","single_condition","single_condition","P0_derivative_amplitude_deciles","RAW_DECILES","ds004504__EC","AD_FTD_vs_CN","kTSP_k9_disjoint","O2_beta_D90",1
"tier1_main","single_condition","single_condition","P0_derivative_amplitude_deciles","RAW_DECILES","ds004504__EC","AD_vs_CN","kTSP_k9_disjoint","O2_beta_D90",3
"tier2_cross_condition","cross_condition_transfer","EC_train__EO_photo_test","P0_derivative_amplitude_deciles","DERIVED_DECILES_ALL","EC_train__EO_photo_test","CN_vs_FTD","kTSP_CV_disjoint","O2_beta_lower_tail",1
"tier2_cross_condition","cross_condition_transfer","EO_photo_train__EC_test","P0_derivative_amplitude_deciles","DERIVED_DECILES_ALL","EO_photo_train__EC_test","CN_vs_FTD","kTSP_k3_disjoint","O2_beta_lower_tail",1
"tier1_main","single_condition","single_condition","P0_derivative_amplitude_deciles","DERIVED_DECILES_ALL","ds004504__EC","AD_FTD_vs_CN","kTSP_k9_disjoint","O2_beta_lower_tail",2
"tier1_main","single_condition","single_condition","P0_derivative_amplitude_deciles","DERIVED_DECILES_ALL","ds006036__EO_or_photomark","AD_FTD_vs_CN","kTSP_k9_disjoint","O2_beta_lower_tail",3
"tier1_main","single_condition","single_condition","P0_derivative_amplitude_deciles","DERIVED_DECILES_ALL","ds004504__EC","CN_vs_FTD","kTSP_k9_disjoint","O2_beta_lower_tail",50
"tier1_main","single_condition","single_condition","P0_derivative_amplitude_deciles","DERIVED_DECILES_ALL","ds006036__EO_or_photomark","CN_vs_FTD","kTSP_k9_disjoint","O2_beta_lower_tail",27
"tier4_pooled","pooled_condition","POOLED_EC_EO_subject_grouped","P0_derivative_amplitude_deciles","DERIVED_DECILES_ALL","POOLED_EC_EO_subject_grouped","CN_vs_FTD","kTSP_k9_disjoint","O2_beta_lower_tail",42
"tier1_main","single_condition","single_condition","P1_psd_bandpower_from_derivatives","PSD_ABSOLUTE_CHANNEL_BAND","ds006036__EO_or_photomark","CN_vs_FTD","kTSP_k3_disjoint","O2_beta_psd_abs",70
"tier1_main","single_condition","single_condition","P1_psd_bandpower_from_derivatives","PSD_ABSOLUTE_CHANNEL_BAND","ds004504__EC","AD_FTD_vs_CN","kTSP_k9_disjoint","O2_beta_psd_abs",53
"tier1_main","single_condition","single_condition","P1_psd_bandpower_from_derivatives","PSD_ABSOLUTE_CHANNEL_BAND","ds006036__EO_or_photomark","AD_FTD_vs_CN","kTSP_k9_disjoint","O2_beta_psd_abs",64
"tier1_main","single_condition","single_condition","P1_psd_bandpower_from_derivatives","PSD_ABSOLUTE_CHANNEL_BAND","ds004504__EC","AD_vs_CN","kTSP_k9_disjoint","O2_beta_psd_abs",51
"tier1_main","single_condition","single_condition","P1_psd_bandpower_from_derivatives","PSD_ABSOLUTE_CHANNEL_BAND","ds006036__EO_or_photomark","AD_vs_CN","kTSP_k9_disjoint","O2_beta_psd_abs",10
"tier1_main","single_condition","single_condition","P1_psd_bandpower_from_derivatives","PSD_ABSOLUTE_CHANNEL_BAND","ds006036__EO_or_photomark","AD_vs_FTD","kTSP_k9_disjoint","O2_beta_psd_abs",33
"tier1_main","single_condition","single_condition","P1_psd_bandpower_from_derivatives","PSD_ABSOLUTE_CHANNEL_BAND","ds004504__EC","CN_vs_FTD","kTSP_k9_disjoint","O2_beta_psd_abs",35
"tier1_main","single_condition","single_condition","P0_derivative_amplitude_deciles","DERIVED_DECILES_ALL","ds004504__EC","AD_vs_FTD","kTSP_CV_nondisjoint","O2_beta_shape_asymmetry",11
"tier1_main","single_condition","single_condition","P0_derivative_amplitude_deciles","DERIVED_DECILES_ALL","ds004504__EC","AD_FTD_vs_CN","kTSP_k9_disjoint","O2_beta_spread_80_20",10
"tier1_main","single_condition","single_condition","P0_derivative_amplitude_deciles","DERIVED_DECILES_ALL","ds004504__EC","CN_vs_FTD","kTSP_k9_disjoint","O2_beta_spread_80_20",21
"tier1_main","single_condition","single_condition","P0_derivative_amplitude_deciles","DERIVED_DECILES_ALL","ds006036__EO_or_photomark","CN_vs_FTD","kTSP_k9_disjoint","O2_beta_spread_80_20",1
"tier4_pooled","pooled_condition","POOLED_EC_EO_subject_grouped","P0_derivative_amplitude_deciles","DERIVED_DECILES_ALL","POOLED_EC_EO_subject_grouped","CN_vs_FTD","kTSP_k9_disjoint","O2_beta_spread_80_20",14
"tier1_main","single_condition","single_condition","P0_derivative_amplitude_deciles","DERIVED_DECILES_ALL","ds004504__EC","AD_FTD_vs_CN","kTSP_k9_disjoint","O2_beta_spread_90_10",1
"tier1_main","single_condition","single_condition","P0_derivative_amplitude_deciles","DERIVED_DECILES_ALL","ds006036__EO_or_photomark","AD_vs_CN","kTSP_k9_disjoint","O2_beta_spread_90_10",3
"tier1_main","single_condition","single_condition","P0_derivative_amplitude_deciles","DERIVED_DECILES_ALL","ds004504__EC","CN_vs_FTD","kTSP_k9_disjoint","O2_beta_spread_90_10",7
"tier1_main","single_condition","single_condition","P0_derivative_amplitude_deciles","DERIVED_DECILES_ALL","ds006036__EO_or_photomark","CN_vs_FTD","kTSP_k9_disjoint","O2_beta_spread_90_10",2
"tier4_pooled","pooled_condition","POOLED_EC_EO_subject_grouped","P0_derivative_amplitude_deciles","DERIVED_DECILES_ALL","POOLED_EC_EO_subject_grouped","CN_vs_FTD","kTSP_k9_disjoint","O2_beta_spread_90_10",1
"tier2_cross_condition","cross_condition_transfer","EC_train__EO_photo_test","P0_derivative_amplitude_deciles","DERIVED_DECILES_ALL","EC_train__EO_photo_test","CN_vs_FTD","kTSP_CV_disjoint","O2_beta_upper_tail",1
"tier2_cross_condition","cross_condition_transfer","EO_photo_train__EC_test","P0_derivative_amplitude_deciles","DERIVED_DECILES_ALL","EO_photo_train__EC_test","CN_vs_FTD","kTSP_k3_disjoint","O2_beta_upper_tail",1
"tier1_main","single_condition","single_condition","P0_derivative_amplitude_deciles","DERIVED_DECILES_ALL","ds004504__EC","AD_FTD_vs_CN","kTSP_k9_disjoint","O2_beta_upper_tail",14
"tier1_main","single_condition","single_condition","P0_derivative_amplitude_deciles","DERIVED_DECILES_ALL","ds006036__EO_or_photomark","AD_FTD_vs_CN","kTSP_k9_disjoint","O2_beta_upper_tail",6
"tier4_pooled","pooled_condition","POOLED_EC_EO_subject_grouped","P0_derivative_amplitude_deciles","DERIVED_DECILES_ALL","POOLED_EC_EO_subject_grouped","AD_FTD_vs_CN","kTSP_k9_disjoint","O2_beta_upper_tail",6
"tier1_main","single_condition","single_condition","P0_derivative_amplitude_deciles","DERIVED_DECILES_ALL","ds004504__EC","AD_vs_CN","kTSP_k9_disjoint","O2_beta_upper_tail",1
"tier1_main","single_condition","single_condition","P0_derivative_amplitude_deciles","DERIVED_DECILES_ALL","ds006036__EO_or_photomark","AD_vs_CN","kTSP_k9_disjoint","O2_beta_upper_tail",1
"tier1_main","single_condition","single_condition","P0_derivative_amplitude_deciles","DERIVED_DECILES_ALL","ds004504__EC","CN_vs_FTD","kTSP_k9_disjoint","O2_beta_upper_tail",71
"tier1_main","single_condition","single_condition","P0_derivative_amplitude_deciles","DERIVED_DECILES_ALL","ds006036__EO_or_photomark","CN_vs_FTD","kTSP_k9_disjoint","O2_beta_upper_tail",48
"tier4_pooled","pooled_condition","POOLED_EC_EO_subject_grouped","P0_derivative_amplitude_deciles","DERIVED_DECILES_ALL","POOLED_EC_EO_subject_grouped","CN_vs_FTD","kTSP_k9_disjoint","O2_beta_upper_tail",87
"tier1_main","single_condition","single_condition","P0_derivative_amplitude_deciles","RAW_DECILES","ds006036__EO_or_photomark","AD_vs_FTD","kTSP_k9_nondisjoint","O2_delta_D60",12
"tier1_main","single_condition","single_condition","P0_derivative_amplitude_deciles","RAW_DECILES","ds006036__EO_or_photomark","CN_vs_FTD","kTSP_k5_disjoint","O2_delta_D90",1
"tier1_main","single_condition","single_condition","P0_derivative_amplitude_deciles","DERIVED_DECILES_ALL","ds006036__EO_or_photomark","AD_vs_FTD","kTSP_k9_disjoint","O2_delta_shape_asymmetry",4
"tier1_main","single_condition","single_condition","P0_derivative_amplitude_deciles","DERIVED_DECILES_ALL","ds004504__EC","AD_FTD_vs_CN","kTSP_k9_disjoint","O2_delta_spread_90_10",1
"tier1_main","single_condition","single_condition","P0_derivative_amplitude_deciles","DERIVED_DECILES_ALL","ds006036__EO_or_photomark","AD_FTD_vs_CN","kTSP_k9_disjoint","O2_delta_upper_tail",3
"tier1_main","single_condition","single_condition","P0_derivative_amplitude_deciles","DERIVED_DECILES_ALL","ds006036__EO_or_photomark","AD_vs_CN","kTSP_k9_disjoint","O2_delta_upper_tail",2
"tier4_pooled","pooled_condition","POOLED_EC_EO_subject_grouped","P0_derivative_amplitude_deciles","DERIVED_DECILES_ALL","POOLED_EC_EO_subject_grouped","AD_vs_FTD","kTSP_k9_disjoint","O2_delta_upper_tail",1
"tier1_main","single_condition","single_condition","P0_derivative_amplitude_deciles","DERIVED_DECILES_ALL","ds006036__EO_or_photomark","CN_vs_FTD","kTSP_k9_disjoint","O2_delta_upper_tail",2
"tier1_main","single_condition","single_condition","P0_derivative_amplitude_deciles","DERIVED_DECILES_ALL","ds004504__EC","AD_vs_FTD","kTSP_CV_nondisjoint","O2_gamma_center",3
"tier1_main","single_condition","single_condition","P0_derivative_amplitude_deciles","DERIVED_DECILES_ALL","ds004504__EC","CN_vs_FTD","kTSP_k9_disjoint","O2_gamma_center",1
"tier1_main","single_condition","single_condition","P0_derivative_amplitude_deciles","RAW_DECILES","ds004504__EC","CN_vs_FTD","kTSP_k9_disjoint","O2_gamma_D40",2
"tier1_main","single_condition","single_condition","P0_derivative_amplitude_deciles","RAW_DECILES","ds006036__EO_or_photomark","CN_vs_FTD","kTSP_k5_disjoint","O2_gamma_D60",7
"tier1_main","single_condition","single_condition","P0_derivative_amplitude_deciles","RAW_DECILES","ds004504__EC","CN_vs_FTD","kTSP_k9_disjoint","O2_gamma_D60",1
"tier1_main","single_condition","single_condition","P0_derivative_amplitude_deciles","RAW_DECILES","ds006036__EO_or_photomark","AD_vs_FTD","kTSP_k9_nondisjoint","O2_gamma_D60",1
"tier4_pooled","pooled_condition","POOLED_EC_EO_subject_grouped","P0_derivative_amplitude_deciles","DERIVED_DECILES_ALL","POOLED_EC_EO_subject_grouped","AD_vs_FTD","kTSP_k9_disjoint","O2_gamma_lower_tail",3
"tier1_main","single_condition","single_condition","P0_derivative_amplitude_deciles","DERIVED_DECILES_ALL","ds004504__EC","CN_vs_FTD","kTSP_k9_disjoint","O2_gamma_lower_tail",1
"tier1_main","single_condition","single_condition","P0_derivative_amplitude_deciles","DERIVED_DECILES_ALL","ds006036__EO_or_photomark","CN_vs_FTD","kTSP_k9_disjoint","O2_gamma_lower_tail",18
"tier4_pooled","pooled_condition","POOLED_EC_EO_subject_grouped","P0_derivative_amplitude_deciles","DERIVED_DECILES_ALL","POOLED_EC_EO_subject_grouped","CN_vs_FTD","kTSP_k9_disjoint","O2_gamma_lower_tail",2
"tier1_main","single_condition","single_condition","P1_psd_bandpower_from_derivatives","PSD_ABSOLUTE_CHANNEL_BAND","ds004504__EC","AD_vs_FTD","kTSP_CV_disjoint","O2_gamma_psd_abs",46
"tier1_main","single_condition","single_condition","P1_psd_bandpower_from_derivatives","PSD_ABSOLUTE_CHANNEL_BAND","ds006036__EO_or_photomark","CN_vs_FTD","kTSP_k3_disjoint","O2_gamma_psd_abs",2
"tier1_main","single_condition","single_condition","P1_psd_bandpower_from_derivatives","PSD_ABSOLUTE_CHANNEL_BAND","ds004504__EC","AD_FTD_vs_CN","kTSP_k9_disjoint","O2_gamma_psd_abs",10
"tier1_main","single_condition","single_condition","P1_psd_bandpower_from_derivatives","PSD_ABSOLUTE_CHANNEL_BAND","ds004504__EC","AD_vs_CN","kTSP_k9_disjoint","O2_gamma_psd_abs",7
"tier1_main","single_condition","single_condition","P1_psd_bandpower_from_derivatives","PSD_ABSOLUTE_CHANNEL_BAND","ds006036__EO_or_photomark","AD_vs_FTD","kTSP_k9_disjoint","O2_gamma_psd_abs",33
"tier1_main","single_condition","single_condition","P1_psd_bandpower_from_derivatives","PSD_ABSOLUTE_CHANNEL_BAND","ds004504__EC","CN_vs_FTD","kTSP_k9_disjoint","O2_gamma_psd_abs",33
"tier1_main","single_condition","single_condition","P0_derivative_amplitude_deciles","DERIVED_DECILES_ALL","ds006036__EO_or_photomark","AD_vs_FTD","kTSP_k9_disjoint","O2_gamma_spread_80_20",1
"tier4_pooled","pooled_condition","POOLED_EC_EO_subject_grouped","P0_derivative_amplitude_deciles","DERIVED_DECILES_ALL","POOLED_EC_EO_subject_grouped","AD_vs_FTD","kTSP_k9_disjoint","O2_gamma_spread_80_20",8
"tier1_main","single_condition","single_condition","P0_derivative_amplitude_deciles","DERIVED_DECILES_ALL","ds004504__EC","CN_vs_FTD","kTSP_k9_disjoint","O2_gamma_spread_80_20",21
"tier1_main","single_condition","single_condition","P0_derivative_amplitude_deciles","DERIVED_DECILES_ALL","ds006036__EO_or_photomark","CN_vs_FTD","kTSP_k9_disjoint","O2_gamma_spread_80_20",16
"tier4_pooled","pooled_condition","POOLED_EC_EO_subject_grouped","P0_derivative_amplitude_deciles","DERIVED_DECILES_ALL","POOLED_EC_EO_subject_grouped","CN_vs_FTD","kTSP_k9_disjoint","O2_gamma_spread_80_20",16
"tier4_pooled","pooled_condition","POOLED_EC_EO_subject_grouped","P0_derivative_amplitude_deciles","DERIVED_DECILES_ALL","POOLED_EC_EO_subject_grouped","AD_vs_FTD","kTSP_k9_disjoint","O2_gamma_upper_tail",4
"tier1_main","single_condition","single_condition","P0_derivative_amplitude_deciles","DERIVED_DECILES_ALL","ds006036__EO_or_photomark","CN_vs_FTD","kTSP_k9_disjoint","O2_gamma_upper_tail",10
"tier4_pooled","pooled_condition","POOLED_EC_EO_subject_grouped","P0_derivative_amplitude_deciles","DERIVED_DECILES_ALL","POOLED_EC_EO_subject_grouped","CN_vs_FTD","kTSP_k9_disjoint","O2_gamma_upper_tail",1
"tier1_main","single_condition","single_condition","P0_derivative_amplitude_deciles","DERIVED_DECILES_ALL","ds004504__EC","AD_vs_FTD","kTSP_CV_nondisjoint","O2_theta_center",1
"tier1_main","single_condition","single_condition","P0_derivative_amplitude_deciles","DERIVED_DECILES_ALL","ds006036__EO_or_photomark","AD_vs_FTD","kTSP_k9_disjoint","O2_theta_center",3
"tier1_main","single_condition","single_condition","P0_derivative_amplitude_deciles","RAW_DECILES","ds006036__EO_or_photomark","CN_vs_FTD","kTSP_k5_disjoint","O2_theta_D10",1
"tier1_main","single_condition","single_condition","P0_derivative_amplitude_deciles","RAW_DECILES","ds004504__EC","CN_vs_FTD","kTSP_k9_disjoint","O2_theta_D10",3
"tier1_main","single_condition","single_condition","P0_derivative_amplitude_deciles","RAW_DECILES","ds004504__EC","AD_vs_FTD","kTSP_k9_disjoint","O2_theta_D30",1
"tier1_main","single_condition","single_condition","P0_derivative_amplitude_deciles","RAW_DECILES","ds006036__EO_or_photomark","CN_vs_FTD","kTSP_k5_disjoint","O2_theta_D40",1
"tier1_main","single_condition","single_condition","P0_derivative_amplitude_deciles","RAW_DECILES","ds004504__EC","AD_vs_FTD","kTSP_k9_disjoint","O2_theta_D50",3
"tier1_main","single_condition","single_condition","P0_derivative_amplitude_deciles","RAW_DECILES","ds006036__EO_or_photomark","AD_vs_FTD","kTSP_k9_nondisjoint","O2_theta_D50",3
"tier1_main","single_condition","single_condition","P0_derivative_amplitude_deciles","RAW_DECILES","ds004504__EC","AD_vs_FTD","kTSP_k9_disjoint","O2_theta_D60",5
"tier1_main","single_condition","single_condition","P0_derivative_amplitude_deciles","RAW_DECILES","ds004504__EC","AD_FTD_vs_CN","kTSP_k9_disjoint","O2_theta_D90",1
"tier1_main","single_condition","single_condition","P0_derivative_amplitude_deciles","RAW_DECILES","ds006036__EO_or_photomark","AD_FTD_vs_CN","kTSP_k9_disjoint","O2_theta_D90",2
"tier1_main","single_condition","single_condition","P0_derivative_amplitude_deciles","RAW_DECILES","ds004504__EC","CN_vs_FTD","kTSP_k9_disjoint","O2_theta_D90",1
"tier4_pooled","pooled_condition","POOLED_EC_EO_subject_grouped","P0_derivative_amplitude_deciles","DERIVED_DECILES_ALL","POOLED_EC_EO_subject_grouped","AD_vs_FTD","kTSP_k9_disjoint","O2_theta_lower_tail",2
"tier1_main","single_condition","single_condition","P0_derivative_amplitude_deciles","DERIVED_DECILES_ALL","ds004504__EC","CN_vs_FTD","kTSP_k9_disjoint","O2_theta_lower_tail",1
"tier1_main","single_condition","single_condition","P0_derivative_amplitude_deciles","DERIVED_DECILES_ALL","ds006036__EO_or_photomark","CN_vs_FTD","kTSP_k9_disjoint","O2_theta_lower_tail",2
"tier4_pooled","pooled_condition","POOLED_EC_EO_subject_grouped","P0_derivative_amplitude_deciles","DERIVED_DECILES_ALL","POOLED_EC_EO_subject_grouped","CN_vs_FTD","kTSP_k9_disjoint","O2_theta_lower_tail",1
"tier1_main","single_condition","single_condition","P1_psd_bandpower_from_derivatives","PSD_ABSOLUTE_CHANNEL_BAND","ds004504__EC","AD_vs_FTD","kTSP_CV_disjoint","O2_theta_psd_abs",3
"tier1_main","single_condition","single_condition","P1_psd_bandpower_from_derivatives","PSD_ABSOLUTE_CHANNEL_BAND","ds004504__EC","AD_FTD_vs_CN","kTSP_k9_disjoint","O2_theta_psd_abs",60
"tier1_main","single_condition","single_condition","P1_psd_bandpower_from_derivatives","PSD_ABSOLUTE_CHANNEL_BAND","ds006036__EO_or_photomark","AD_FTD_vs_CN","kTSP_k9_disjoint","O2_theta_psd_abs",33
"tier1_main","single_condition","single_condition","P1_psd_bandpower_from_derivatives","PSD_ABSOLUTE_CHANNEL_BAND","ds004504__EC","AD_vs_CN","kTSP_k9_disjoint","O2_theta_psd_abs",40
"tier1_main","single_condition","single_condition","P1_psd_bandpower_from_derivatives","PSD_ABSOLUTE_CHANNEL_BAND","ds006036__EO_or_photomark","AD_vs_CN","kTSP_k9_disjoint","O2_theta_psd_abs",70
"tier1_main","single_condition","single_condition","P1_psd_bandpower_from_derivatives","PSD_ABSOLUTE_CHANNEL_BAND","ds004504__EC","CN_vs_FTD","kTSP_k9_disjoint","O2_theta_psd_abs",44
"tier1_main","single_condition","single_condition","P0_derivative_amplitude_deciles","DERIVED_DECILES_ALL","ds004504__EC","AD_FTD_vs_CN","kTSP_k9_disjoint","O2_theta_spread_90_10",5
"tier1_main","single_condition","single_condition","P0_derivative_amplitude_deciles","DERIVED_DECILES_ALL","ds006036__EO_or_photomark","AD_FTD_vs_CN","kTSP_k9_disjoint","O2_theta_spread_90_10",2
"tier1_main","single_condition","single_condition","P0_derivative_amplitude_deciles","DERIVED_DECILES_ALL","ds006036__EO_or_photomark","AD_vs_CN","kTSP_k9_disjoint","O2_theta_spread_90_10",3
"tier4_pooled","pooled_condition","POOLED_EC_EO_subject_grouped","P0_derivative_amplitude_deciles","DERIVED_DECILES_ALL","POOLED_EC_EO_subject_grouped","AD_vs_CN","kTSP_k9_disjoint","O2_theta_spread_90_10",4
"tier1_main","single_condition","single_condition","P0_derivative_amplitude_deciles","DERIVED_DECILES_ALL","ds004504__EC","CN_vs_FTD","kTSP_k9_disjoint","O2_theta_spread_90_10",4
"tier1_main","single_condition","single_condition","P0_derivative_amplitude_deciles","DERIVED_DECILES_ALL","ds006036__EO_or_photomark","AD_vs_FTD","kTSP_k9_disjoint","O2_theta_upper_tail",1
"tier1_main","single_condition","single_condition","P0_derivative_amplitude_deciles","REGION_AGGREGATES_ALL","ds006036__EO_or_photomark","AD_vs_CN","kTSP_k9_disjoint","occipital_alpha_center",1
"tier1_main","single_condition","single_condition","P0_derivative_amplitude_deciles","REGION_AGGREGATES_ALL","ds004504__EC","AD_FTD_vs_CN","kTSP_k9_disjoint","occipital_alpha_D10",3
"tier1_main","single_condition","single_condition","P0_derivative_amplitude_deciles","REGION_AGGREGATES_ALL","ds006036__EO_or_photomark","AD_FTD_vs_CN","kTSP_k9_disjoint","occipital_alpha_D10",4
"tier4_pooled","pooled_condition","POOLED_EC_EO_subject_grouped","P0_derivative_amplitude_deciles","REGION_AGGREGATES_ALL","POOLED_EC_EO_subject_grouped","AD_FTD_vs_CN","kTSP_k9_disjoint","occipital_alpha_D10",8
"tier1_main","single_condition","single_condition","P0_derivative_amplitude_deciles","REGION_AGGREGATES_ALL","ds006036__EO_or_photomark","AD_vs_CN","kTSP_k9_disjoint","occipital_alpha_D10",4
"tier4_pooled","pooled_condition","POOLED_EC_EO_subject_grouped","P0_derivative_amplitude_deciles","REGION_AGGREGATES_ALL","POOLED_EC_EO_subject_grouped","AD_vs_CN","kTSP_k9_disjoint","occipital_alpha_D10",2
"tier4_pooled","pooled_condition","POOLED_EC_EO_subject_grouped","P0_derivative_amplitude_deciles","REGION_AGGREGATES_ALL","POOLED_EC_EO_subject_grouped","CN_vs_FTD","kTSP_k5_disjoint","occipital_alpha_D20",1
"tier1_main","single_condition","single_condition","P0_derivative_amplitude_deciles","REGION_AGGREGATES_ALL","ds004504__EC","AD_vs_CN","kTSP_k5_nondisjoint","occipital_alpha_D20",7
"tier4_pooled","pooled_condition","POOLED_EC_EO_subject_grouped","P0_derivative_amplitude_deciles","REGION_AGGREGATES_ALL","POOLED_EC_EO_subject_grouped","AD_vs_FTD","kTSP_k5_nondisjoint","occipital_alpha_D20",1
"tier1_main","single_condition","single_condition","P0_derivative_amplitude_deciles","REGION_AGGREGATES_ALL","ds004504__EC","AD_FTD_vs_CN","kTSP_k9_disjoint","occipital_alpha_D20",8
"tier4_pooled","pooled_condition","POOLED_EC_EO_subject_grouped","P0_derivative_amplitude_deciles","REGION_AGGREGATES_ALL","POOLED_EC_EO_subject_grouped","AD_FTD_vs_CN","kTSP_k9_disjoint","occipital_alpha_D20",2
"tier1_main","single_condition","single_condition","P0_derivative_amplitude_deciles","REGION_AGGREGATES_ALL","ds006036__EO_or_photomark","AD_vs_CN","kTSP_k9_disjoint","occipital_alpha_D20",1
"tier4_pooled","pooled_condition","POOLED_EC_EO_subject_grouped","P0_derivative_amplitude_deciles","REGION_AGGREGATES_ALL","POOLED_EC_EO_subject_grouped","AD_vs_CN","kTSP_k9_disjoint","occipital_alpha_D20",17
"tier1_main","single_condition","single_condition","P0_derivative_amplitude_deciles","REGION_AGGREGATES_ALL","ds004504__EC","AD_vs_FTD","kTSP_k9_disjoint","occipital_alpha_D20",2
"tier1_main","single_condition","single_condition","P0_derivative_amplitude_deciles","REGION_AGGREGATES_ALL","ds004504__EC","CN_vs_FTD","kTSP_CV_disjoint","occipital_alpha_D30",1
"tier1_main","single_condition","single_condition","P0_derivative_amplitude_deciles","REGION_AGGREGATES_ALL","ds004504__EC","AD_vs_CN","kTSP_k5_nondisjoint","occipital_alpha_D30",5
"tier1_main","single_condition","single_condition","P0_derivative_amplitude_deciles","REGION_AGGREGATES_ALL","ds004504__EC","AD_FTD_vs_CN","kTSP_k9_disjoint","occipital_alpha_D30",5
"tier4_pooled","pooled_condition","POOLED_EC_EO_subject_grouped","P0_derivative_amplitude_deciles","REGION_AGGREGATES_ALL","POOLED_EC_EO_subject_grouped","AD_FTD_vs_CN","kTSP_k9_disjoint","occipital_alpha_D30",1
"tier4_pooled","pooled_condition","POOLED_EC_EO_subject_grouped","P0_derivative_amplitude_deciles","REGION_AGGREGATES_ALL","POOLED_EC_EO_subject_grouped","AD_vs_CN","kTSP_k9_disjoint","occipital_alpha_D30",1
"tier1_main","single_condition","single_condition","P0_derivative_amplitude_deciles","REGION_AGGREGATES_ALL","ds006036__EO_or_photomark","AD_vs_CN","kTSP_k9_disjoint","occipital_alpha_D50",1
"tier1_main","single_condition","single_condition","P0_derivative_amplitude_deciles","REGION_AGGREGATES_ALL","ds006036__EO_or_photomark","AD_FTD_vs_CN","kTSP_k9_disjoint","occipital_alpha_D60",3
"tier1_main","single_condition","single_condition","P0_derivative_amplitude_deciles","REGION_AGGREGATES_ALL","ds004504__EC","CN_vs_FTD","kTSP_CV_disjoint","occipital_alpha_D70",1
"tier1_main","single_condition","single_condition","P0_derivative_amplitude_deciles","REGION_AGGREGATES_ALL","ds004504__EC","AD_vs_CN","kTSP_k5_nondisjoint","occipital_alpha_D70",2
"tier1_main","single_condition","single_condition","P0_derivative_amplitude_deciles","REGION_AGGREGATES_ALL","ds004504__EC","AD_FTD_vs_CN","kTSP_k9_disjoint","occipital_alpha_D70",4
"smoke","single_condition","single_condition","P0_derivative_amplitude_deciles","REGION_AGGREGATES_ALL","ds004504__EC","AD_vs_CN","kTSP_CV_nondisjoint","occipital_alpha_D80",1
"tier1_main","single_condition","single_condition","P0_derivative_amplitude_deciles","REGION_AGGREGATES_ALL","ds004504__EC","AD_vs_CN","kTSP_k5_nondisjoint","occipital_alpha_D80",20
"tier4_pooled","pooled_condition","POOLED_EC_EO_subject_grouped","P0_derivative_amplitude_deciles","REGION_AGGREGATES_ALL","POOLED_EC_EO_subject_grouped","AD_vs_FTD","kTSP_k5_nondisjoint","occipital_alpha_D80",1
"tier1_main","single_condition","single_condition","P0_derivative_amplitude_deciles","REGION_AGGREGATES_ALL","ds004504__EC","AD_FTD_vs_CN","kTSP_k9_disjoint","occipital_alpha_D80",27
"tier1_main","single_condition","single_condition","P0_derivative_amplitude_deciles","REGION_AGGREGATES_ALL","ds006036__EO_or_photomark","AD_FTD_vs_CN","kTSP_k9_disjoint","occipital_alpha_D80",5
"tier4_pooled","pooled_condition","POOLED_EC_EO_subject_grouped","P0_derivative_amplitude_deciles","REGION_AGGREGATES_ALL","POOLED_EC_EO_subject_grouped","AD_FTD_vs_CN","kTSP_k9_disjoint","occipital_alpha_D80",5
"tier1_main","single_condition","single_condition","P0_derivative_amplitude_deciles","REGION_AGGREGATES_ALL","ds006036__EO_or_photomark","AD_vs_CN","kTSP_k9_disjoint","occipital_alpha_D80",9
"tier4_pooled","pooled_condition","POOLED_EC_EO_subject_grouped","P0_derivative_amplitude_deciles","REGION_AGGREGATES_ALL","POOLED_EC_EO_subject_grouped","AD_vs_CN","kTSP_k9_disjoint","occipital_alpha_D80",16
"tier1_main","single_condition","single_condition","P0_derivative_amplitude_deciles","REGION_AGGREGATES_ALL","ds004504__EC","AD_vs_FTD","kTSP_k9_disjoint","occipital_alpha_D80",1
"smoke","single_condition","single_condition","P0_derivative_amplitude_deciles","REGION_AGGREGATES_ALL","ds006036__EO_or_photomark","AD_vs_CN","kTSP_CV_disjoint","occipital_alpha_D90",2
"tier2_cross_condition","cross_condition_transfer","EC_train__EO_photo_test","P0_derivative_amplitude_deciles","REGION_AGGREGATES_ALL","EC_train__EO_photo_test","AD_vs_CN","kTSP_CV_disjoint","occipital_alpha_D90",2
"tier1_main","single_condition","single_condition","P0_derivative_amplitude_deciles","REGION_AGGREGATES_ALL","ds004504__EC","CN_vs_FTD","kTSP_CV_disjoint","occipital_alpha_D90",7
"smoke","single_condition","single_condition","P0_derivative_amplitude_deciles","REGION_AGGREGATES_ALL","ds004504__EC","AD_vs_CN","kTSP_CV_nondisjoint","occipital_alpha_D90",1
"tier2_cross_condition","cross_condition_transfer","EO_photo_train__EC_test","P0_derivative_amplitude_deciles","REGION_AGGREGATES_ALL","EO_photo_train__EC_test","AD_vs_CN","kTSP_k3_nondisjoint","occipital_alpha_D90",2
"tier4_pooled","pooled_condition","POOLED_EC_EO_subject_grouped","P0_derivative_amplitude_deciles","REGION_AGGREGATES_ALL","POOLED_EC_EO_subject_grouped","CN_vs_FTD","kTSP_k5_disjoint","occipital_alpha_D90",1
"tier1_main","single_condition","single_condition","P0_derivative_amplitude_deciles","REGION_AGGREGATES_ALL","ds004504__EC","AD_vs_CN","kTSP_k5_nondisjoint","occipital_alpha_D90",62
"tier1_main","single_condition","single_condition","P0_derivative_amplitude_deciles","REGION_AGGREGATES_ALL","ds004504__EC","AD_FTD_vs_CN","kTSP_k9_disjoint","occipital_alpha_D90",58
"tier1_main","single_condition","single_condition","P0_derivative_amplitude_deciles","REGION_AGGREGATES_ALL","ds006036__EO_or_photomark","AD_FTD_vs_CN","kTSP_k9_disjoint","occipital_alpha_D90",55
"tier4_pooled","pooled_condition","POOLED_EC_EO_subject_grouped","P0_derivative_amplitude_deciles","REGION_AGGREGATES_ALL","POOLED_EC_EO_subject_grouped","AD_FTD_vs_CN","kTSP_k9_disjoint","occipital_alpha_D90",74
"tier1_main","single_condition","single_condition","P0_derivative_amplitude_deciles","REGION_AGGREGATES_ALL","ds006036__EO_or_photomark","AD_vs_CN","kTSP_k9_disjoint","occipital_alpha_D90",86
"tier4_pooled","pooled_condition","POOLED_EC_EO_subject_grouped","P0_derivative_amplitude_deciles","REGION_AGGREGATES_ALL","POOLED_EC_EO_subject_grouped","AD_vs_CN","kTSP_k9_disjoint","occipital_alpha_D90",89
"tier1_main","single_condition","single_condition","P0_derivative_amplitude_deciles","REGION_AGGREGATES_ALL","ds004504__EC","AD_vs_FTD","kTSP_k9_disjoint","occipital_alpha_D90",2
"tier1_main","single_condition","single_condition","P0_derivative_amplitude_deciles","REGION_AGGREGATES_ALL","ds006036__EO_or_photomark","CN_vs_FTD","TSP_k1","occipital_alpha_D90",2
"smoke","single_condition","single_condition","P0_derivative_amplitude_deciles","REGION_AGGREGATES_ALL","ds006036__EO_or_photomark","AD_vs_CN","kTSP_CV_disjoint","occipital_alpha_lower_tail",1
"tier1_main","single_condition","single_condition","P0_derivative_amplitude_deciles","REGION_AGGREGATES_ALL","ds004504__EC","CN_vs_FTD","kTSP_CV_disjoint","occipital_alpha_lower_tail",1
"smoke","single_condition","single_condition","P0_derivative_amplitude_deciles","REGION_AGGREGATES_ALL","ds004504__EC","AD_vs_CN","kTSP_CV_nondisjoint","occipital_alpha_lower_tail",1
"tier1_main","single_condition","single_condition","P0_derivative_amplitude_deciles","REGION_AGGREGATES_ALL","ds004504__EC","AD_vs_CN","kTSP_k5_nondisjoint","occipital_alpha_lower_tail",50
"tier4_pooled","pooled_condition","POOLED_EC_EO_subject_grouped","P0_derivative_amplitude_deciles","REGION_AGGREGATES_ALL","POOLED_EC_EO_subject_grouped","AD_vs_FTD","kTSP_k5_nondisjoint","occipital_alpha_lower_tail",1
"tier1_main","single_condition","single_condition","P0_derivative_amplitude_deciles","REGION_AGGREGATES_ALL","ds004504__EC","AD_FTD_vs_CN","kTSP_k9_disjoint","occipital_alpha_lower_tail",34
"tier1_main","single_condition","single_condition","P0_derivative_amplitude_deciles","REGION_AGGREGATES_ALL","ds006036__EO_or_photomark","AD_FTD_vs_CN","kTSP_k9_disjoint","occipital_alpha_lower_tail",32
"tier4_pooled","pooled_condition","POOLED_EC_EO_subject_grouped","P0_derivative_amplitude_deciles","REGION_AGGREGATES_ALL","POOLED_EC_EO_subject_grouped","AD_FTD_vs_CN","kTSP_k9_disjoint","occipital_alpha_lower_tail",53
"tier1_main","single_condition","single_condition","P0_derivative_amplitude_deciles","REGION_AGGREGATES_ALL","ds006036__EO_or_photomark","AD_vs_CN","kTSP_k9_disjoint","occipital_alpha_lower_tail",74
"tier4_pooled","pooled_condition","POOLED_EC_EO_subject_grouped","P0_derivative_amplitude_deciles","REGION_AGGREGATES_ALL","POOLED_EC_EO_subject_grouped","AD_vs_CN","kTSP_k9_disjoint","occipital_alpha_lower_tail",77
"tier1_main","single_condition","single_condition","P0_derivative_amplitude_deciles","REGION_AGGREGATES_ALL","ds004504__EC","AD_vs_FTD","kTSP_k9_disjoint","occipital_alpha_lower_tail",1
"tier2_cross_condition","cross_condition_transfer","EO_photo_train__EC_test","P1_psd_bandpower_from_derivatives","PSD_REGION_ABSOLUTE","EO_photo_train__EC_test","AD_FTD_vs_CN","kTSP_CV_nondisjoint","occipital_alpha_psd_abs",1
"smoke","single_condition","single_condition","P1_psd_bandpower_from_derivatives","PSD_REGION_ABSOLUTE","ds004504__EC","AD_vs_CN","kTSP_CV_nondisjoint","occipital_alpha_psd_abs",2
"smoke","single_condition","single_condition","P1_psd_bandpower_from_derivatives","PSD_REGION_ABSOLUTE","ds006036__EO_or_photomark","AD_vs_CN","kTSP_CV_nondisjoint","occipital_alpha_psd_abs",2
"tier2_cross_condition","cross_condition_transfer","EO_photo_train__EC_test","P1_psd_bandpower_from_derivatives","PSD_REGION_ABSOLUTE","EO_photo_train__EC_test","AD_vs_CN","kTSP_CV_nondisjoint","occipital_alpha_psd_abs",2
"tier2_cross_condition","cross_condition_transfer","EO_photo_train__EC_test","P1_psd_bandpower_from_derivatives","PSD_REGION_ABSOLUTE","EO_photo_train__EC_test","CN_vs_FTD","kTSP_CV_nondisjoint","occipital_alpha_psd_abs",1
"tier2_cross_condition","cross_condition_transfer","EO_photo_train__EC_test","P1_psd_bandpower_from_derivatives","PSD_REGION_ABSOLUTE","EO_photo_train__EC_test","AD_vs_FTD","kTSP_k3_disjoint","occipital_alpha_psd_abs",1
"tier1_main","single_condition","single_condition","P1_psd_bandpower_from_derivatives","PSD_REGION_ABSOLUTE","ds006036__EO_or_photomark","AD_vs_FTD","kTSP_k3_nondisjoint","occipital_alpha_psd_abs",82
"tier2_cross_condition","cross_condition_transfer","EC_train__EO_photo_test","P1_psd_bandpower_from_derivatives","PSD_REGION_ABSOLUTE","EC_train__EO_photo_test","AD_FTD_vs_CN","kTSP_k5_disjoint","occipital_alpha_psd_abs",1
"tier4_pooled","pooled_condition","POOLED_EC_EO_subject_grouped","P1_psd_bandpower_from_derivatives","PSD_REGION_ABSOLUTE","POOLED_EC_EO_subject_grouped","AD_FTD_vs_CN","kTSP_k5_disjoint","occipital_alpha_psd_abs",100
"tier1_main","single_condition","single_condition","P1_psd_bandpower_from_derivatives","PSD_REGION_ABSOLUTE","ds004504__EC","AD_vs_CN","kTSP_k5_disjoint","occipital_alpha_psd_abs",100
"tier2_cross_condition","cross_condition_transfer","EC_train__EO_photo_test","P1_psd_bandpower_from_derivatives","PSD_REGION_ABSOLUTE","EC_train__EO_photo_test","AD_vs_CN","kTSP_k5_disjoint","occipital_alpha_psd_abs",2
"tier4_pooled","pooled_condition","POOLED_EC_EO_subject_grouped","P1_psd_bandpower_from_derivatives","PSD_REGION_ABSOLUTE","POOLED_EC_EO_subject_grouped","AD_vs_CN","kTSP_k5_disjoint","occipital_alpha_psd_abs",100
"tier1_main","single_condition","single_condition","P1_psd_bandpower_from_derivatives","PSD_REGION_ABSOLUTE","ds004504__EC","CN_vs_FTD","kTSP_k5_nondisjoint","occipital_alpha_psd_abs",100
"tier1_main","single_condition","single_condition","P1_psd_bandpower_from_derivatives","PSD_REGION_ABSOLUTE","ds006036__EO_or_photomark","AD_FTD_vs_CN","kTSP_k9_disjoint","occipital_alpha_psd_abs",100
"tier1_main","single_condition","single_condition","P1_psd_bandpower_from_derivatives","PSD_REGION_ABSOLUTE","ds006036__EO_or_photomark","AD_vs_CN","kTSP_k9_disjoint","occipital_alpha_psd_abs",100
"tier1_main","single_condition","single_condition","P1_psd_bandpower_from_derivatives","PSD_REGION_ABSOLUTE","ds004504__EC","AD_vs_FTD","kTSP_k9_disjoint","occipital_alpha_psd_abs",8
"tier1_main","single_condition","single_condition","P1_psd_bandpower_from_derivatives","PSD_REGION_ABSOLUTE","ds004504__EC","AD_FTD_vs_CN","kTSP_k9_nondisjoint","occipital_alpha_psd_abs",100
"tier4_pooled","pooled_condition","POOLED_EC_EO_subject_grouped","P1_psd_bandpower_from_derivatives","PSD_REGION_ABSOLUTE","POOLED_EC_EO_subject_grouped","AD_vs_FTD","kTSP_k9_nondisjoint","occipital_alpha_psd_abs",72
"tier1_main","single_condition","single_condition","P1_psd_bandpower_from_derivatives","PSD_REGION_ABSOLUTE","ds006036__EO_or_photomark","CN_vs_FTD","kTSP_k9_nondisjoint","occipital_alpha_psd_abs",100
"tier2_cross_condition","cross_condition_transfer","EC_train__EO_photo_test","P1_psd_bandpower_from_derivatives","PSD_REGION_ABSOLUTE","EC_train__EO_photo_test","CN_vs_FTD","kTSP_k9_nondisjoint","occipital_alpha_psd_abs",1
"tier4_pooled","pooled_condition","POOLED_EC_EO_subject_grouped","P1_psd_bandpower_from_derivatives","PSD_REGION_ABSOLUTE","POOLED_EC_EO_subject_grouped","CN_vs_FTD","kTSP_k9_nondisjoint","occipital_alpha_psd_abs",100
"tier1_main","single_condition","single_condition","P0_derivative_amplitude_deciles","REGION_AGGREGATES_ALL","ds006036__EO_or_photomark","AD_vs_FTD","kTSP_k9_disjoint","occipital_alpha_shape_asymmetry",3
"tier2_cross_condition","cross_condition_transfer","EO_photo_train__EC_test","P0_derivative_amplitude_deciles","REGION_AGGREGATES_ALL","EO_photo_train__EC_test","AD_FTD_vs_CN","kTSP_CV_disjoint","occipital_alpha_spread_80_20",1
"tier2_cross_condition","cross_condition_transfer","EC_train__EO_photo_test","P0_derivative_amplitude_deciles","REGION_AGGREGATES_ALL","EC_train__EO_photo_test","AD_vs_CN","kTSP_CV_disjoint","occipital_alpha_spread_80_20",2
"tier1_main","single_condition","single_condition","P0_derivative_amplitude_deciles","REGION_AGGREGATES_ALL","ds004504__EC","CN_vs_FTD","kTSP_CV_disjoint","occipital_alpha_spread_80_20",17
"smoke","single_condition","single_condition","P0_derivative_amplitude_deciles","REGION_AGGREGATES_ALL","ds004504__EC","AD_vs_CN","kTSP_CV_nondisjoint","occipital_alpha_spread_80_20",2
"tier4_pooled","pooled_condition","POOLED_EC_EO_subject_grouped","P0_derivative_amplitude_deciles","REGION_AGGREGATES_ALL","POOLED_EC_EO_subject_grouped","CN_vs_FTD","kTSP_k5_disjoint","occipital_alpha_spread_80_20",2
"tier2_cross_condition","cross_condition_transfer","EC_train__EO_photo_test","P0_derivative_amplitude_deciles","REGION_AGGREGATES_ALL","EC_train__EO_photo_test","AD_FTD_vs_CN","kTSP_k5_nondisjoint","occipital_alpha_spread_80_20",1
"tier1_main","single_condition","single_condition","P0_derivative_amplitude_deciles","REGION_AGGREGATES_ALL","ds004504__EC","AD_vs_CN","kTSP_k5_nondisjoint","occipital_alpha_spread_80_20",50
"tier1_main","single_condition","single_condition","P0_derivative_amplitude_deciles","REGION_AGGREGATES_ALL","ds004504__EC","AD_FTD_vs_CN","kTSP_k9_disjoint","occipital_alpha_spread_80_20",77
"tier1_main","single_condition","single_condition","P0_derivative_amplitude_deciles","REGION_AGGREGATES_ALL","ds006036__EO_or_photomark","AD_FTD_vs_CN","kTSP_k9_disjoint","occipital_alpha_spread_80_20",40
"tier4_pooled","pooled_condition","POOLED_EC_EO_subject_grouped","P0_derivative_amplitude_deciles","REGION_AGGREGATES_ALL","POOLED_EC_EO_subject_grouped","AD_FTD_vs_CN","kTSP_k9_disjoint","occipital_alpha_spread_80_20",69
"tier1_main","single_condition","single_condition","P0_derivative_amplitude_deciles","REGION_AGGREGATES_ALL","ds006036__EO_or_photomark","AD_vs_CN","kTSP_k9_disjoint","occipital_alpha_spread_80_20",26
"tier4_pooled","pooled_condition","POOLED_EC_EO_subject_grouped","P0_derivative_amplitude_deciles","REGION_AGGREGATES_ALL","POOLED_EC_EO_subject_grouped","AD_vs_CN","kTSP_k9_disjoint","occipital_alpha_spread_80_20",53
"tier1_main","single_condition","single_condition","P0_derivative_amplitude_deciles","REGION_AGGREGATES_ALL","ds004504__EC","AD_vs_FTD","kTSP_k9_disjoint","occipital_alpha_spread_80_20",1
"tier1_main","single_condition","single_condition","P0_derivative_amplitude_deciles","REGION_AGGREGATES_ALL","ds006036__EO_or_photomark","CN_vs_FTD","TSP_k1","occipital_alpha_spread_80_20",2
"smoke","single_condition","single_condition","P0_derivative_amplitude_deciles","REGION_AGGREGATES_ALL","ds006036__EO_or_photomark","AD_vs_CN","kTSP_CV_disjoint","occipital_alpha_spread_90_10",1
"tier1_main","single_condition","single_condition","P0_derivative_amplitude_deciles","REGION_AGGREGATES_ALL","ds004504__EC","CN_vs_FTD","kTSP_CV_disjoint","occipital_alpha_spread_90_10",1
"tier1_main","single_condition","single_condition","P0_derivative_amplitude_deciles","REGION_AGGREGATES_ALL","ds004504__EC","AD_FTD_vs_CN","kTSP_k9_disjoint","occipital_alpha_spread_90_10",6
"tier1_main","single_condition","single_condition","P0_derivative_amplitude_deciles","REGION_AGGREGATES_ALL","ds006036__EO_or_photomark","AD_FTD_vs_CN","kTSP_k9_disjoint","occipital_alpha_spread_90_10",1
"tier4_pooled","pooled_condition","POOLED_EC_EO_subject_grouped","P0_derivative_amplitude_deciles","REGION_AGGREGATES_ALL","POOLED_EC_EO_subject_grouped","AD_FTD_vs_CN","kTSP_k9_disjoint","occipital_alpha_spread_90_10",7
"tier1_main","single_condition","single_condition","P0_derivative_amplitude_deciles","REGION_AGGREGATES_ALL","ds006036__EO_or_photomark","AD_vs_CN","kTSP_k9_disjoint","occipital_alpha_spread_90_10",31
"tier4_pooled","pooled_condition","POOLED_EC_EO_subject_grouped","P0_derivative_amplitude_deciles","REGION_AGGREGATES_ALL","POOLED_EC_EO_subject_grouped","AD_vs_CN","kTSP_k9_disjoint","occipital_alpha_spread_90_10",42
"smoke","single_condition","single_condition","P0_derivative_amplitude_deciles","REGION_AGGREGATES_ALL","ds006036__EO_or_photomark","AD_vs_CN","kTSP_CV_disjoint","occipital_alpha_upper_tail",1
"tier2_cross_condition","cross_condition_transfer","EC_train__EO_photo_test","P0_derivative_amplitude_deciles","REGION_AGGREGATES_ALL","EC_train__EO_photo_test","AD_vs_CN","kTSP_CV_disjoint","occipital_alpha_upper_tail",2
"tier1_main","single_condition","single_condition","P0_derivative_amplitude_deciles","REGION_AGGREGATES_ALL","ds004504__EC","CN_vs_FTD","kTSP_CV_disjoint","occipital_alpha_upper_tail",22
"smoke","single_condition","single_condition","P0_derivative_amplitude_deciles","REGION_AGGREGATES_ALL","ds004504__EC","AD_vs_CN","kTSP_CV_nondisjoint","occipital_alpha_upper_tail",1
"tier2_cross_condition","cross_condition_transfer","EO_photo_train__EC_test","P0_derivative_amplitude_deciles","REGION_AGGREGATES_ALL","EO_photo_train__EC_test","AD_vs_CN","kTSP_k3_nondisjoint","occipital_alpha_upper_tail",2
"tier4_pooled","pooled_condition","POOLED_EC_EO_subject_grouped","P0_derivative_amplitude_deciles","REGION_AGGREGATES_ALL","POOLED_EC_EO_subject_grouped","CN_vs_FTD","kTSP_k5_disjoint","occipital_alpha_upper_tail",1
"tier2_cross_condition","cross_condition_transfer","EC_train__EO_photo_test","P0_derivative_amplitude_deciles","REGION_AGGREGATES_ALL","EC_train__EO_photo_test","AD_FTD_vs_CN","kTSP_k5_nondisjoint","occipital_alpha_upper_tail",1
"tier1_main","single_condition","single_condition","P0_derivative_amplitude_deciles","REGION_AGGREGATES_ALL","ds004504__EC","AD_vs_CN","kTSP_k5_nondisjoint","occipital_alpha_upper_tail",68
"tier1_main","single_condition","single_condition","P0_derivative_amplitude_deciles","REGION_AGGREGATES_ALL","ds004504__EC","AD_FTD_vs_CN","kTSP_k9_disjoint","occipital_alpha_upper_tail",70
"tier1_main","single_condition","single_condition","P0_derivative_amplitude_deciles","REGION_AGGREGATES_ALL","ds006036__EO_or_photomark","AD_FTD_vs_CN","kTSP_k9_disjoint","occipital_alpha_upper_tail",33
"tier4_pooled","pooled_condition","POOLED_EC_EO_subject_grouped","P0_derivative_amplitude_deciles","REGION_AGGREGATES_ALL","POOLED_EC_EO_subject_grouped","AD_FTD_vs_CN","kTSP_k9_disjoint","occipital_alpha_upper_tail",80
"tier1_main","single_condition","single_condition","P0_derivative_amplitude_deciles","REGION_AGGREGATES_ALL","ds006036__EO_or_photomark","AD_vs_CN","kTSP_k9_disjoint","occipital_alpha_upper_tail",69
"tier4_pooled","pooled_condition","POOLED_EC_EO_subject_grouped","P0_derivative_amplitude_deciles","REGION_AGGREGATES_ALL","POOLED_EC_EO_subject_grouped","AD_vs_CN","kTSP_k9_disjoint","occipital_alpha_upper_tail",90
"tier1_main","single_condition","single_condition","P0_derivative_amplitude_deciles","REGION_AGGREGATES_ALL","ds004504__EC","AD_vs_FTD","kTSP_k9_disjoint","occipital_alpha_upper_tail",1
"tier1_main","single_condition","single_condition","P0_derivative_amplitude_deciles","REGION_AGGREGATES_ALL","ds004504__EC","AD_vs_FTD","kTSP_k9_disjoint","occipital_beta_center",1
"tier1_main","single_condition","single_condition","P0_derivative_amplitude_deciles","REGION_AGGREGATES_ALL","ds006036__EO_or_photomark","AD_vs_FTD","kTSP_k9_disjoint","occipital_beta_center",2
"tier1_main","single_condition","single_condition","P0_derivative_amplitude_deciles","REGION_AGGREGATES_ALL","ds004504__EC","AD_vs_CN","kTSP_k5_nondisjoint","occipital_beta_D10",2
"tier1_main","single_condition","single_condition","P0_derivative_amplitude_deciles","REGION_AGGREGATES_ALL","ds004504__EC","AD_FTD_vs_CN","kTSP_k9_disjoint","occipital_beta_D10",1
"tier1_main","single_condition","single_condition","P0_derivative_amplitude_deciles","REGION_AGGREGATES_ALL","ds006036__EO_or_photomark","AD_FTD_vs_CN","kTSP_k9_disjoint","occipital_beta_D10",1
"tier2_cross_condition","cross_condition_transfer","EO_photo_train__EC_test","P0_derivative_amplitude_deciles","REGION_AGGREGATES_ALL","EO_photo_train__EC_test","AD_FTD_vs_CN","kTSP_CV_disjoint","occipital_beta_D30",1
"tier1_main","single_condition","single_condition","P0_derivative_amplitude_deciles","REGION_AGGREGATES_ALL","ds004504__EC","CN_vs_FTD","kTSP_CV_disjoint","occipital_beta_D30",62
"tier4_pooled","pooled_condition","POOLED_EC_EO_subject_grouped","P0_derivative_amplitude_deciles","REGION_AGGREGATES_ALL","POOLED_EC_EO_subject_grouped","CN_vs_FTD","kTSP_k5_disjoint","occipital_beta_D30",70
"tier1_main","single_condition","single_condition","P0_derivative_amplitude_deciles","REGION_AGGREGATES_ALL","ds004504__EC","AD_FTD_vs_CN","kTSP_k9_disjoint","occipital_beta_D30",13
"tier1_main","single_condition","single_condition","P0_derivative_amplitude_deciles","REGION_AGGREGATES_ALL","ds006036__EO_or_photomark","AD_FTD_vs_CN","kTSP_k9_disjoint","occipital_beta_D30",64
"tier4_pooled","pooled_condition","POOLED_EC_EO_subject_grouped","P0_derivative_amplitude_deciles","REGION_AGGREGATES_ALL","POOLED_EC_EO_subject_grouped","AD_FTD_vs_CN","kTSP_k9_disjoint","occipital_beta_D30",46
"tier1_main","single_condition","single_condition","P0_derivative_amplitude_deciles","REGION_AGGREGATES_ALL","ds006036__EO_or_photomark","AD_vs_CN","kTSP_k9_disjoint","occipital_beta_D30",31
"tier4_pooled","pooled_condition","POOLED_EC_EO_subject_grouped","P0_derivative_amplitude_deciles","REGION_AGGREGATES_ALL","POOLED_EC_EO_subject_grouped","AD_vs_CN","kTSP_k9_disjoint","occipital_beta_D30",3
"tier2_cross_condition","cross_condition_transfer","EO_photo_train__EC_test","P0_derivative_amplitude_deciles","REGION_AGGREGATES_ALL","EO_photo_train__EC_test","AD_FTD_vs_CN","kTSP_CV_disjoint","occipital_beta_D40",1
"tier2_cross_condition","cross_condition_transfer","EO_photo_train__EC_test","P0_derivative_amplitude_deciles","REGION_AGGREGATES_ALL","EO_photo_train__EC_test","CN_vs_FTD","kTSP_CV_disjoint","occipital_beta_D40",1
"tier4_pooled","pooled_condition","POOLED_EC_EO_subject_grouped","P0_derivative_amplitude_deciles","REGION_AGGREGATES_ALL","POOLED_EC_EO_subject_grouped","CN_vs_FTD","kTSP_k5_disjoint","occipital_beta_D40",3
"tier1_main","single_condition","single_condition","P0_derivative_amplitude_deciles","REGION_AGGREGATES_ALL","ds006036__EO_or_photomark","AD_FTD_vs_CN","kTSP_k9_disjoint","occipital_beta_D40",56
"tier4_pooled","pooled_condition","POOLED_EC_EO_subject_grouped","P0_derivative_amplitude_deciles","REGION_AGGREGATES_ALL","POOLED_EC_EO_subject_grouped","AD_FTD_vs_CN","kTSP_k9_disjoint","occipital_beta_D40",2
"tier1_main","single_condition","single_condition","P0_derivative_amplitude_deciles","REGION_AGGREGATES_ALL","ds006036__EO_or_photomark","AD_vs_CN","kTSP_k9_disjoint","occipital_beta_D40",14
"tier4_pooled","pooled_condition","POOLED_EC_EO_subject_grouped","P0_derivative_amplitude_deciles","REGION_AGGREGATES_ALL","POOLED_EC_EO_subject_grouped","AD_vs_CN","kTSP_k9_disjoint","occipital_beta_D40",1
"tier1_main","single_condition","single_condition","P0_derivative_amplitude_deciles","REGION_AGGREGATES_ALL","ds006036__EO_or_photomark","CN_vs_FTD","TSP_k1","occipital_beta_D40",4
"tier1_main","single_condition","single_condition","P0_derivative_amplitude_deciles","REGION_AGGREGATES_ALL","ds004504__EC","AD_vs_FTD","kTSP_k9_disjoint","occipital_beta_D50",4
"tier1_main","single_condition","single_condition","P0_derivative_amplitude_deciles","REGION_AGGREGATES_ALL","ds006036__EO_or_photomark","AD_vs_FTD","kTSP_k9_disjoint","occipital_beta_D50",4
"tier1_main","single_condition","single_condition","P0_derivative_amplitude_deciles","REGION_AGGREGATES_ALL","ds004504__EC","CN_vs_FTD","kTSP_CV_disjoint","occipital_beta_D60",14
"tier4_pooled","pooled_condition","POOLED_EC_EO_subject_grouped","P0_derivative_amplitude_deciles","REGION_AGGREGATES_ALL","POOLED_EC_EO_subject_grouped","CN_vs_FTD","kTSP_k5_disjoint","occipital_beta_D60",44
"tier1_main","single_condition","single_condition","P0_derivative_amplitude_deciles","REGION_AGGREGATES_ALL","ds004504__EC","AD_FTD_vs_CN","kTSP_k9_disjoint","occipital_beta_D60",5
"tier1_main","single_condition","single_condition","P0_derivative_amplitude_deciles","REGION_AGGREGATES_ALL","ds006036__EO_or_photomark","AD_FTD_vs_CN","kTSP_k9_disjoint","occipital_beta_D60",23
"tier4_pooled","pooled_condition","POOLED_EC_EO_subject_grouped","P0_derivative_amplitude_deciles","REGION_AGGREGATES_ALL","POOLED_EC_EO_subject_grouped","AD_FTD_vs_CN","kTSP_k9_disjoint","occipital_beta_D60",12
"tier1_main","single_condition","single_condition","P0_derivative_amplitude_deciles","REGION_AGGREGATES_ALL","ds006036__EO_or_photomark","AD_vs_CN","kTSP_k9_disjoint","occipital_beta_D60",5
"tier4_pooled","pooled_condition","POOLED_EC_EO_subject_grouped","P0_derivative_amplitude_deciles","REGION_AGGREGATES_ALL","POOLED_EC_EO_subject_grouped","AD_vs_CN","kTSP_k9_disjoint","occipital_beta_D60",4
"tier1_main","single_condition","single_condition","P0_derivative_amplitude_deciles","REGION_AGGREGATES_ALL","ds004504__EC","AD_vs_FTD","kTSP_k9_disjoint","occipital_beta_D60",1
"tier1_main","single_condition","single_condition","P0_derivative_amplitude_deciles","REGION_AGGREGATES_ALL","ds006036__EO_or_photomark","CN_vs_FTD","TSP_k1","occipital_beta_D60",1
"tier2_cross_condition","cross_condition_transfer","EO_photo_train__EC_test","P0_derivative_amplitude_deciles","REGION_AGGREGATES_ALL","EO_photo_train__EC_test","AD_FTD_vs_CN","kTSP_CV_disjoint","occipital_beta_D70",1
"tier1_main","single_condition","single_condition","P0_derivative_amplitude_deciles","REGION_AGGREGATES_ALL","ds004504__EC","CN_vs_FTD","kTSP_CV_disjoint","occipital_beta_D70",98
"tier2_cross_condition","cross_condition_transfer","EO_photo_train__EC_test","P0_derivative_amplitude_deciles","REGION_AGGREGATES_ALL","EO_photo_train__EC_test","CN_vs_FTD","kTSP_CV_disjoint","occipital_beta_D70",1
"tier2_cross_condition","cross_condition_transfer","EC_train__EO_photo_test","P0_derivative_amplitude_deciles","REGION_AGGREGATES_ALL","EC_train__EO_photo_test","CN_vs_FTD","kTSP_CV_nondisjoint","occipital_beta_D70",1
"tier4_pooled","pooled_condition","POOLED_EC_EO_subject_grouped","P0_derivative_amplitude_deciles","REGION_AGGREGATES_ALL","POOLED_EC_EO_subject_grouped","CN_vs_FTD","kTSP_k5_disjoint","occipital_beta_D70",97
"tier1_main","single_condition","single_condition","P0_derivative_amplitude_deciles","REGION_AGGREGATES_ALL","ds004504__EC","AD_FTD_vs_CN","kTSP_k9_disjoint","occipital_beta_D70",14
"tier1_main","single_condition","single_condition","P0_derivative_amplitude_deciles","REGION_AGGREGATES_ALL","ds006036__EO_or_photomark","AD_FTD_vs_CN","kTSP_k9_disjoint","occipital_beta_D70",54
"tier4_pooled","pooled_condition","POOLED_EC_EO_subject_grouped","P0_derivative_amplitude_deciles","REGION_AGGREGATES_ALL","POOLED_EC_EO_subject_grouped","AD_FTD_vs_CN","kTSP_k9_disjoint","occipital_beta_D70",31
"tier1_main","single_condition","single_condition","P0_derivative_amplitude_deciles","REGION_AGGREGATES_ALL","ds006036__EO_or_photomark","AD_vs_CN","kTSP_k9_disjoint","occipital_beta_D70",19
"tier1_main","single_condition","single_condition","P0_derivative_amplitude_deciles","REGION_AGGREGATES_ALL","ds004504__EC","AD_vs_FTD","kTSP_k9_disjoint","occipital_beta_D70",1
"tier1_main","single_condition","single_condition","P0_derivative_amplitude_deciles","REGION_AGGREGATES_ALL","ds006036__EO_or_photomark","AD_vs_FTD","kTSP_k9_disjoint","occipital_beta_D70",1
"tier1_main","single_condition","single_condition","P0_derivative_amplitude_deciles","REGION_AGGREGATES_ALL","ds006036__EO_or_photomark","CN_vs_FTD","TSP_k1","occipital_beta_D70",3
"tier1_main","single_condition","single_condition","P0_derivative_amplitude_deciles","REGION_AGGREGATES_ALL","ds004504__EC","CN_vs_FTD","kTSP_CV_disjoint","occipital_beta_D80",79
"tier2_cross_condition","cross_condition_transfer","EO_photo_train__EC_test","P0_derivative_amplitude_deciles","REGION_AGGREGATES_ALL","EO_photo_train__EC_test","CN_vs_FTD","kTSP_CV_disjoint","occipital_beta_D80",1
"tier2_cross_condition","cross_condition_transfer","EC_train__EO_photo_test","P0_derivative_amplitude_deciles","REGION_AGGREGATES_ALL","EC_train__EO_photo_test","CN_vs_FTD","kTSP_CV_nondisjoint","occipital_beta_D80",1
"tier4_pooled","pooled_condition","POOLED_EC_EO_subject_grouped","P0_derivative_amplitude_deciles","REGION_AGGREGATES_ALL","POOLED_EC_EO_subject_grouped","CN_vs_FTD","kTSP_k5_disjoint","occipital_beta_D80",68
"tier1_main","single_condition","single_condition","P0_derivative_amplitude_deciles","REGION_AGGREGATES_ALL","ds004504__EC","AD_vs_CN","kTSP_k5_nondisjoint","occipital_beta_D80",5
"tier4_pooled","pooled_condition","POOLED_EC_EO_subject_grouped","P0_derivative_amplitude_deciles","REGION_AGGREGATES_ALL","POOLED_EC_EO_subject_grouped","AD_vs_FTD","kTSP_k5_nondisjoint","occipital_beta_D80",2
"tier1_main","single_condition","single_condition","P0_derivative_amplitude_deciles","REGION_AGGREGATES_ALL","ds004504__EC","AD_FTD_vs_CN","kTSP_k9_disjoint","occipital_beta_D80",45
"tier1_main","single_condition","single_condition","P0_derivative_amplitude_deciles","REGION_AGGREGATES_ALL","ds006036__EO_or_photomark","AD_FTD_vs_CN","kTSP_k9_disjoint","occipital_beta_D80",6
"tier4_pooled","pooled_condition","POOLED_EC_EO_subject_grouped","P0_derivative_amplitude_deciles","REGION_AGGREGATES_ALL","POOLED_EC_EO_subject_grouped","AD_FTD_vs_CN","kTSP_k9_disjoint","occipital_beta_D80",6
"tier4_pooled","pooled_condition","POOLED_EC_EO_subject_grouped","P0_derivative_amplitude_deciles","REGION_AGGREGATES_ALL","POOLED_EC_EO_subject_grouped","AD_vs_CN","kTSP_k9_disjoint","occipital_beta_D80",1
"tier1_main","single_condition","single_condition","P0_derivative_amplitude_deciles","REGION_AGGREGATES_ALL","ds006036__EO_or_photomark","AD_vs_FTD","kTSP_k9_disjoint","occipital_beta_D80",4
"tier1_main","single_condition","single_condition","P0_derivative_amplitude_deciles","REGION_AGGREGATES_ALL","ds006036__EO_or_photomark","CN_vs_FTD","TSP_k1","occipital_beta_D80",25
"tier1_main","single_condition","single_condition","P0_derivative_amplitude_deciles","REGION_AGGREGATES_ALL","ds004504__EC","CN_vs_FTD","kTSP_CV_disjoint","occipital_beta_D90",44
"tier4_pooled","pooled_condition","POOLED_EC_EO_subject_grouped","P0_derivative_amplitude_deciles","REGION_AGGREGATES_ALL","POOLED_EC_EO_subject_grouped","CN_vs_FTD","kTSP_k5_disjoint","occipital_beta_D90",69
"tier1_main","single_condition","single_condition","P0_derivative_amplitude_deciles","REGION_AGGREGATES_ALL","ds004504__EC","AD_vs_CN","kTSP_k5_nondisjoint","occipital_beta_D90",3
"tier1_main","single_condition","single_condition","P0_derivative_amplitude_deciles","REGION_AGGREGATES_ALL","ds004504__EC","AD_FTD_vs_CN","kTSP_k9_disjoint","occipital_beta_D90",6
"tier1_main","single_condition","single_condition","P0_derivative_amplitude_deciles","REGION_AGGREGATES_ALL","ds006036__EO_or_photomark","AD_FTD_vs_CN","kTSP_k9_disjoint","occipital_beta_D90",4
"tier4_pooled","pooled_condition","POOLED_EC_EO_subject_grouped","P0_derivative_amplitude_deciles","REGION_AGGREGATES_ALL","POOLED_EC_EO_subject_grouped","AD_vs_CN","kTSP_k9_disjoint","occipital_beta_D90",1
"tier1_main","single_condition","single_condition","P0_derivative_amplitude_deciles","REGION_AGGREGATES_ALL","ds006036__EO_or_photomark","CN_vs_FTD","TSP_k1","occipital_beta_D90",9
"tier1_main","single_condition","single_condition","P0_derivative_amplitude_deciles","REGION_AGGREGATES_ALL","ds004504__EC","CN_vs_FTD","kTSP_CV_disjoint","occipital_beta_lower_tail",16
"tier2_cross_condition","cross_condition_transfer","EO_photo_train__EC_test","P0_derivative_amplitude_deciles","REGION_AGGREGATES_ALL","EO_photo_train__EC_test","CN_vs_FTD","kTSP_CV_disjoint","occipital_beta_lower_tail",1
"tier4_pooled","pooled_condition","POOLED_EC_EO_subject_grouped","P0_derivative_amplitude_deciles","REGION_AGGREGATES_ALL","POOLED_EC_EO_subject_grouped","CN_vs_FTD","kTSP_k5_disjoint","occipital_beta_lower_tail",43
"tier1_main","single_condition","single_condition","P0_derivative_amplitude_deciles","REGION_AGGREGATES_ALL","ds004504__EC","AD_vs_CN","kTSP_k5_nondisjoint","occipital_beta_lower_tail",2
"tier1_main","single_condition","single_condition","P0_derivative_amplitude_deciles","REGION_AGGREGATES_ALL","ds006036__EO_or_photomark","AD_FTD_vs_CN","kTSP_k9_disjoint","occipital_beta_lower_tail",8
"tier4_pooled","pooled_condition","POOLED_EC_EO_subject_grouped","P0_derivative_amplitude_deciles","REGION_AGGREGATES_ALL","POOLED_EC_EO_subject_grouped","AD_FTD_vs_CN","kTSP_k9_disjoint","occipital_beta_lower_tail",4
"tier1_main","single_condition","single_condition","P0_derivative_amplitude_deciles","REGION_AGGREGATES_ALL","ds006036__EO_or_photomark","CN_vs_FTD","TSP_k1","occipital_beta_lower_tail",46
"smoke","single_condition","single_condition","P1_psd_bandpower_from_derivatives","PSD_REGION_ABSOLUTE","ds004504__EC","AD_vs_CN","kTSP_CV_nondisjoint","occipital_beta_psd_abs",2
"tier2_cross_condition","cross_condition_transfer","EO_photo_train__EC_test","P1_psd_bandpower_from_derivatives","PSD_REGION_ABSOLUTE","EO_photo_train__EC_test","AD_vs_FTD","kTSP_k3_disjoint","occipital_beta_psd_abs",1
"tier1_main","single_condition","single_condition","P1_psd_bandpower_from_derivatives","PSD_REGION_ABSOLUTE","ds006036__EO_or_photomark","AD_vs_FTD","kTSP_k3_nondisjoint","occipital_beta_psd_abs",23
"tier2_cross_condition","cross_condition_transfer","EC_train__EO_photo_test","P1_psd_bandpower_from_derivatives","PSD_REGION_ABSOLUTE","EC_train__EO_photo_test","AD_FTD_vs_CN","kTSP_k5_disjoint","occipital_beta_psd_abs",1
"tier4_pooled","pooled_condition","POOLED_EC_EO_subject_grouped","P1_psd_bandpower_from_derivatives","PSD_REGION_ABSOLUTE","POOLED_EC_EO_subject_grouped","AD_FTD_vs_CN","kTSP_k5_disjoint","occipital_beta_psd_abs",100
"tier1_main","single_condition","single_condition","P1_psd_bandpower_from_derivatives","PSD_REGION_ABSOLUTE","ds004504__EC","AD_vs_CN","kTSP_k5_disjoint","occipital_beta_psd_abs",100
"tier2_cross_condition","cross_condition_transfer","EC_train__EO_photo_test","P1_psd_bandpower_from_derivatives","PSD_REGION_ABSOLUTE","EC_train__EO_photo_test","AD_vs_CN","kTSP_k5_disjoint","occipital_beta_psd_abs",2
"tier4_pooled","pooled_condition","POOLED_EC_EO_subject_grouped","P1_psd_bandpower_from_derivatives","PSD_REGION_ABSOLUTE","POOLED_EC_EO_subject_grouped","AD_vs_CN","kTSP_k5_disjoint","occipital_beta_psd_abs",99
"tier1_main","single_condition","single_condition","P1_psd_bandpower_from_derivatives","PSD_REGION_ABSOLUTE","ds004504__EC","CN_vs_FTD","kTSP_k5_nondisjoint","occipital_beta_psd_abs",83
"tier1_main","single_condition","single_condition","P1_psd_bandpower_from_derivatives","PSD_REGION_ABSOLUTE","ds006036__EO_or_photomark","AD_FTD_vs_CN","kTSP_k9_disjoint","occipital_beta_psd_abs",96
"tier1_main","single_condition","single_condition","P1_psd_bandpower_from_derivatives","PSD_REGION_ABSOLUTE","ds006036__EO_or_photomark","AD_vs_CN","kTSP_k9_disjoint","occipital_beta_psd_abs",76
"tier1_main","single_condition","single_condition","P1_psd_bandpower_from_derivatives","PSD_REGION_ABSOLUTE","ds004504__EC","AD_vs_FTD","kTSP_k9_disjoint","occipital_beta_psd_abs",16
"tier1_main","single_condition","single_condition","P1_psd_bandpower_from_derivatives","PSD_REGION_ABSOLUTE","ds004504__EC","AD_FTD_vs_CN","kTSP_k9_nondisjoint","occipital_beta_psd_abs",48
"tier4_pooled","pooled_condition","POOLED_EC_EO_subject_grouped","P1_psd_bandpower_from_derivatives","PSD_REGION_ABSOLUTE","POOLED_EC_EO_subject_grouped","AD_vs_FTD","kTSP_k9_nondisjoint","occipital_beta_psd_abs",12
"tier1_main","single_condition","single_condition","P1_psd_bandpower_from_derivatives","PSD_REGION_ABSOLUTE","ds006036__EO_or_photomark","CN_vs_FTD","kTSP_k9_nondisjoint","occipital_beta_psd_abs",39
"tier2_cross_condition","cross_condition_transfer","EC_train__EO_photo_test","P1_psd_bandpower_from_derivatives","PSD_REGION_ABSOLUTE","EC_train__EO_photo_test","CN_vs_FTD","kTSP_k9_nondisjoint","occipital_beta_psd_abs",1
"tier4_pooled","pooled_condition","POOLED_EC_EO_subject_grouped","P1_psd_bandpower_from_derivatives","PSD_REGION_ABSOLUTE","POOLED_EC_EO_subject_grouped","CN_vs_FTD","kTSP_k9_nondisjoint","occipital_beta_psd_abs",63
"tier1_main","single_condition","single_condition","P0_derivative_amplitude_deciles","REGION_AGGREGATES_ALL","ds004504__EC","AD_vs_FTD","kTSP_k9_disjoint","occipital_beta_shape_asymmetry",35
"tier1_main","single_condition","single_condition","P0_derivative_amplitude_deciles","REGION_AGGREGATES_ALL","ds006036__EO_or_photomark","AD_vs_FTD","kTSP_k9_disjoint","occipital_beta_shape_asymmetry",12
"tier1_main","single_condition","single_condition","P0_derivative_amplitude_deciles","REGION_AGGREGATES_ALL","ds004504__EC","AD_vs_CN","kTSP_k5_nondisjoint","occipital_beta_spread_80_20",2
"tier1_main","single_condition","single_condition","P0_derivative_amplitude_deciles","REGION_AGGREGATES_ALL","ds004504__EC","AD_FTD_vs_CN","kTSP_k9_disjoint","occipital_beta_spread_80_20",3
"tier1_main","single_condition","single_condition","P0_derivative_amplitude_deciles","REGION_AGGREGATES_ALL","ds004504__EC","CN_vs_FTD","kTSP_CV_disjoint","occipital_beta_spread_90_10",1
"tier1_main","single_condition","single_condition","P0_derivative_amplitude_deciles","REGION_AGGREGATES_ALL","ds004504__EC","AD_FTD_vs_CN","kTSP_k9_disjoint","occipital_beta_spread_90_10",3
"tier1_main","single_condition","single_condition","P0_derivative_amplitude_deciles","REGION_AGGREGATES_ALL","ds006036__EO_or_photomark","AD_FTD_vs_CN","kTSP_k9_disjoint","occipital_beta_spread_90_10",1
"tier1_main","single_condition","single_condition","P0_derivative_amplitude_deciles","REGION_AGGREGATES_ALL","ds006036__EO_or_photomark","AD_vs_CN","kTSP_k9_disjoint","occipital_beta_spread_90_10",11
"tier4_pooled","pooled_condition","POOLED_EC_EO_subject_grouped","P0_derivative_amplitude_deciles","REGION_AGGREGATES_ALL","POOLED_EC_EO_subject_grouped","AD_vs_CN","kTSP_k9_disjoint","occipital_beta_spread_90_10",1
"tier1_main","single_condition","single_condition","P0_derivative_amplitude_deciles","REGION_AGGREGATES_ALL","ds004504__EC","CN_vs_FTD","kTSP_CV_disjoint","occipital_beta_upper_tail",2
"tier4_pooled","pooled_condition","POOLED_EC_EO_subject_grouped","P0_derivative_amplitude_deciles","REGION_AGGREGATES_ALL","POOLED_EC_EO_subject_grouped","CN_vs_FTD","kTSP_k5_disjoint","occipital_beta_upper_tail",1
"tier1_main","single_condition","single_condition","P0_derivative_amplitude_deciles","REGION_AGGREGATES_ALL","ds004504__EC","AD_vs_CN","kTSP_k5_nondisjoint","occipital_beta_upper_tail",2
"tier1_main","single_condition","single_condition","P0_derivative_amplitude_deciles","REGION_AGGREGATES_ALL","ds004504__EC","AD_FTD_vs_CN","kTSP_k9_disjoint","occipital_beta_upper_tail",17
"tier1_main","single_condition","single_condition","P0_derivative_amplitude_deciles","REGION_AGGREGATES_ALL","ds006036__EO_or_photomark","AD_FTD_vs_CN","kTSP_k9_disjoint","occipital_beta_upper_tail",4
"tier1_main","single_condition","single_condition","P0_derivative_amplitude_deciles","REGION_AGGREGATES_ALL","ds006036__EO_or_photomark","CN_vs_FTD","TSP_k1","occipital_beta_upper_tail",2
"tier1_main","single_condition","single_condition","P0_derivative_amplitude_deciles","REGION_AGGREGATES_ALL","ds004504__EC","AD_vs_FTD","kTSP_k9_disjoint","occipital_delta_center",9
"tier1_main","single_condition","single_condition","P0_derivative_amplitude_deciles","REGION_AGGREGATES_ALL","ds006036__EO_or_photomark","AD_vs_FTD","kTSP_k9_disjoint","occipital_delta_D10",1
"tier1_main","single_condition","single_condition","P0_derivative_amplitude_deciles","REGION_AGGREGATES_ALL","ds004504__EC","AD_vs_FTD","kTSP_k9_disjoint","occipital_delta_D50",28
"tier1_main","single_condition","single_condition","P0_derivative_amplitude_deciles","REGION_AGGREGATES_ALL","ds006036__EO_or_photomark","AD_vs_FTD","kTSP_k9_disjoint","occipital_delta_D50",1
"tier4_pooled","pooled_condition","POOLED_EC_EO_subject_grouped","P0_derivative_amplitude_deciles","REGION_AGGREGATES_ALL","POOLED_EC_EO_subject_grouped","AD_vs_FTD","kTSP_k5_nondisjoint","occipital_delta_D60",4
"tier1_main","single_condition","single_condition","P0_derivative_amplitude_deciles","REGION_AGGREGATES_ALL","ds006036__EO_or_photomark","AD_vs_FTD","kTSP_k9_disjoint","occipital_delta_D60",33
"tier1_main","single_condition","single_condition","P1_psd_bandpower_from_derivatives","PSD_REGION_ABSOLUTE","ds006036__EO_or_photomark","AD_FTD_vs_CN","kTSP_k9_disjoint","occipital_delta_psd_abs",23
"tier1_main","single_condition","single_condition","P1_psd_bandpower_from_derivatives","PSD_REGION_ABSOLUTE","ds006036__EO_or_photomark","AD_vs_CN","kTSP_k9_disjoint","occipital_delta_psd_abs",23
"tier1_main","single_condition","single_condition","P1_psd_bandpower_from_derivatives","PSD_REGION_ABSOLUTE","ds004504__EC","AD_vs_FTD","kTSP_k9_disjoint","occipital_delta_psd_abs",15
"tier1_main","single_condition","single_condition","P0_derivative_amplitude_deciles","REGION_AGGREGATES_ALL","ds004504__EC","AD_vs_FTD","kTSP_k9_disjoint","occipital_delta_shape_asymmetry",1
"tier1_main","single_condition","single_condition","P0_derivative_amplitude_deciles","REGION_AGGREGATES_ALL","ds004504__EC","AD_vs_FTD","kTSP_k9_disjoint","occipital_gamma_D50",2
"tier1_main","single_condition","single_condition","P1_psd_bandpower_from_derivatives","PSD_REGION_ABSOLUTE","ds006036__EO_or_photomark","AD_FTD_vs_CN","kTSP_k9_disjoint","occipital_gamma_psd_abs",1
"tier1_main","single_condition","single_condition","P1_psd_bandpower_from_derivatives","PSD_REGION_ABSOLUTE","ds004504__EC","AD_vs_FTD","kTSP_k9_disjoint","occipital_gamma_psd_abs",4
"tier1_main","single_condition","single_condition","P0_derivative_amplitude_deciles","REGION_AGGREGATES_ALL","ds006036__EO_or_photomark","AD_vs_FTD","kTSP_k9_disjoint","occipital_gamma_shape_asymmetry",2
"tier4_pooled","pooled_condition","POOLED_EC_EO_subject_grouped","P0_derivative_amplitude_deciles","REGION_AGGREGATES_ALL","POOLED_EC_EO_subject_grouped","AD_vs_FTD","kTSP_k5_nondisjoint","occipital_gamma_upper_tail",1
"tier1_main","single_condition","single_condition","P0_derivative_amplitude_deciles","REGION_AGGREGATES_ALL","ds004504__EC","AD_vs_FTD","kTSP_k9_disjoint","occipital_theta_center",4
"tier1_main","single_condition","single_condition","P0_derivative_amplitude_deciles","REGION_AGGREGATES_ALL","ds006036__EO_or_photomark","AD_vs_FTD","kTSP_k9_disjoint","occipital_theta_center",2
"tier1_main","single_condition","single_condition","P0_derivative_amplitude_deciles","REGION_AGGREGATES_ALL","ds004504__EC","AD_vs_FTD","kTSP_k9_disjoint","occipital_theta_D30",14
"tier1_main","single_condition","single_condition","P0_derivative_amplitude_deciles","REGION_AGGREGATES_ALL","ds004504__EC","AD_vs_FTD","kTSP_k9_disjoint","occipital_theta_D40",1
"tier1_main","single_condition","single_condition","P0_derivative_amplitude_deciles","REGION_AGGREGATES_ALL","ds004504__EC","AD_vs_FTD","kTSP_k9_disjoint","occipital_theta_D50",10
"tier1_main","single_condition","single_condition","P0_derivative_amplitude_deciles","REGION_AGGREGATES_ALL","ds006036__EO_or_photomark","AD_vs_FTD","kTSP_k9_disjoint","occipital_theta_D50",8
"tier4_pooled","pooled_condition","POOLED_EC_EO_subject_grouped","P0_derivative_amplitude_deciles","REGION_AGGREGATES_ALL","POOLED_EC_EO_subject_grouped","AD_vs_FTD","kTSP_k5_nondisjoint","occipital_theta_D60",1
"tier1_main","single_condition","single_condition","P0_derivative_amplitude_deciles","REGION_AGGREGATES_ALL","ds004504__EC","AD_vs_FTD","kTSP_k9_disjoint","occipital_theta_D60",2
"tier1_main","single_condition","single_condition","P0_derivative_amplitude_deciles","REGION_AGGREGATES_ALL","ds004504__EC","AD_vs_FTD","kTSP_k9_disjoint","occipital_theta_D70",9
"tier1_main","single_condition","single_condition","P0_derivative_amplitude_deciles","REGION_AGGREGATES_ALL","ds004504__EC","AD_vs_CN","kTSP_k5_nondisjoint","occipital_theta_D80",1
"tier4_pooled","pooled_condition","POOLED_EC_EO_subject_grouped","P0_derivative_amplitude_deciles","REGION_AGGREGATES_ALL","POOLED_EC_EO_subject_grouped","AD_vs_FTD","kTSP_k5_nondisjoint","occipital_theta_D80",15
"tier1_main","single_condition","single_condition","P0_derivative_amplitude_deciles","REGION_AGGREGATES_ALL","ds006036__EO_or_photomark","AD_vs_CN","kTSP_k9_disjoint","occipital_theta_D80",1
"tier1_main","single_condition","single_condition","P0_derivative_amplitude_deciles","REGION_AGGREGATES_ALL","ds004504__EC","AD_vs_FTD","kTSP_k9_disjoint","occipital_theta_D80",6
"tier1_main","single_condition","single_condition","P0_derivative_amplitude_deciles","REGION_AGGREGATES_ALL","ds006036__EO_or_photomark","AD_vs_FTD","kTSP_k9_disjoint","occipital_theta_D80",4
"tier4_pooled","pooled_condition","POOLED_EC_EO_subject_grouped","P0_derivative_amplitude_deciles","REGION_AGGREGATES_ALL","POOLED_EC_EO_subject_grouped","AD_vs_FTD","kTSP_k5_nondisjoint","occipital_theta_D90",26
"tier1_main","single_condition","single_condition","P0_derivative_amplitude_deciles","REGION_AGGREGATES_ALL","ds006036__EO_or_photomark","AD_vs_FTD","kTSP_k9_disjoint","occipital_theta_D90",1
"tier4_pooled","pooled_condition","POOLED_EC_EO_subject_grouped","P0_derivative_amplitude_deciles","REGION_AGGREGATES_ALL","POOLED_EC_EO_subject_grouped","AD_vs_FTD","kTSP_k5_nondisjoint","occipital_theta_lower_tail",10
"tier1_main","single_condition","single_condition","P0_derivative_amplitude_deciles","REGION_AGGREGATES_ALL","ds004504__EC","AD_vs_FTD","kTSP_k9_disjoint","occipital_theta_lower_tail",3
"tier1_main","single_condition","single_condition","P0_derivative_amplitude_deciles","REGION_AGGREGATES_ALL","ds006036__EO_or_photomark","AD_vs_FTD","kTSP_k9_disjoint","occipital_theta_lower_tail",3
"smoke","single_condition","single_condition","P1_psd_bandpower_from_derivatives","PSD_REGION_ABSOLUTE","ds004504__EC","AD_vs_CN","kTSP_CV_nondisjoint","occipital_theta_psd_abs",1
"tier2_cross_condition","cross_condition_transfer","EC_train__EO_photo_test","P1_psd_bandpower_from_derivatives","PSD_REGION_ABSOLUTE","EC_train__EO_photo_test","AD_vs_FTD","kTSP_CV_nondisjoint","occipital_theta_psd_abs",1
"tier1_main","single_condition","single_condition","P1_psd_bandpower_from_derivatives","PSD_REGION_ABSOLUTE","ds006036__EO_or_photomark","AD_vs_FTD","kTSP_k3_nondisjoint","occipital_theta_psd_abs",6
"tier2_cross_condition","cross_condition_transfer","EC_train__EO_photo_test","P1_psd_bandpower_from_derivatives","PSD_REGION_ABSOLUTE","EC_train__EO_photo_test","AD_FTD_vs_CN","kTSP_k5_disjoint","occipital_theta_psd_abs",1
"tier4_pooled","pooled_condition","POOLED_EC_EO_subject_grouped","P1_psd_bandpower_from_derivatives","PSD_REGION_ABSOLUTE","POOLED_EC_EO_subject_grouped","AD_FTD_vs_CN","kTSP_k5_disjoint","occipital_theta_psd_abs",63
"tier1_main","single_condition","single_condition","P1_psd_bandpower_from_derivatives","PSD_REGION_ABSOLUTE","ds004504__EC","AD_vs_CN","kTSP_k5_disjoint","occipital_theta_psd_abs",60
"tier2_cross_condition","cross_condition_transfer","EC_train__EO_photo_test","P1_psd_bandpower_from_derivatives","PSD_REGION_ABSOLUTE","EC_train__EO_photo_test","AD_vs_CN","kTSP_k5_disjoint","occipital_theta_psd_abs",2
"tier4_pooled","pooled_condition","POOLED_EC_EO_subject_grouped","P1_psd_bandpower_from_derivatives","PSD_REGION_ABSOLUTE","POOLED_EC_EO_subject_grouped","AD_vs_CN","kTSP_k5_disjoint","occipital_theta_psd_abs",89
"tier1_main","single_condition","single_condition","P1_psd_bandpower_from_derivatives","PSD_REGION_ABSOLUTE","ds004504__EC","CN_vs_FTD","kTSP_k5_nondisjoint","occipital_theta_psd_abs",80
"tier1_main","single_condition","single_condition","P1_psd_bandpower_from_derivatives","PSD_REGION_ABSOLUTE","ds006036__EO_or_photomark","AD_FTD_vs_CN","kTSP_k9_disjoint","occipital_theta_psd_abs",80
"tier1_main","single_condition","single_condition","P1_psd_bandpower_from_derivatives","PSD_REGION_ABSOLUTE","ds006036__EO_or_photomark","AD_vs_CN","kTSP_k9_disjoint","occipital_theta_psd_abs",93
"tier1_main","single_condition","single_condition","P1_psd_bandpower_from_derivatives","PSD_REGION_ABSOLUTE","ds004504__EC","AD_vs_FTD","kTSP_k9_disjoint","occipital_theta_psd_abs",37
"tier1_main","single_condition","single_condition","P1_psd_bandpower_from_derivatives","PSD_REGION_ABSOLUTE","ds004504__EC","AD_FTD_vs_CN","kTSP_k9_nondisjoint","occipital_theta_psd_abs",58
"tier4_pooled","pooled_condition","POOLED_EC_EO_subject_grouped","P1_psd_bandpower_from_derivatives","PSD_REGION_ABSOLUTE","POOLED_EC_EO_subject_grouped","AD_vs_FTD","kTSP_k9_nondisjoint","occipital_theta_psd_abs",31
"tier1_main","single_condition","single_condition","P1_psd_bandpower_from_derivatives","PSD_REGION_ABSOLUTE","ds006036__EO_or_photomark","CN_vs_FTD","kTSP_k9_nondisjoint","occipital_theta_psd_abs",8
"tier2_cross_condition","cross_condition_transfer","EC_train__EO_photo_test","P1_psd_bandpower_from_derivatives","PSD_REGION_ABSOLUTE","EC_train__EO_photo_test","CN_vs_FTD","kTSP_k9_nondisjoint","occipital_theta_psd_abs",1
"tier4_pooled","pooled_condition","POOLED_EC_EO_subject_grouped","P1_psd_bandpower_from_derivatives","PSD_REGION_ABSOLUTE","POOLED_EC_EO_subject_grouped","CN_vs_FTD","kTSP_k9_nondisjoint","occipital_theta_psd_abs",45
"tier1_main","single_condition","single_condition","P0_derivative_amplitude_deciles","REGION_AGGREGATES_ALL","ds004504__EC","AD_vs_FTD","kTSP_k9_disjoint","occipital_theta_shape_asymmetry",6
"tier1_main","single_condition","single_condition","P0_derivative_amplitude_deciles","REGION_AGGREGATES_ALL","ds006036__EO_or_photomark","AD_vs_CN","kTSP_k9_disjoint","occipital_theta_spread_90_10",3
"tier4_pooled","pooled_condition","POOLED_EC_EO_subject_grouped","P0_derivative_amplitude_deciles","REGION_AGGREGATES_ALL","POOLED_EC_EO_subject_grouped","AD_vs_FTD","kTSP_k5_nondisjoint","occipital_theta_upper_tail",40
"tier1_main","single_condition","single_condition","P0_derivative_amplitude_deciles","REGION_AGGREGATES_ALL","ds004504__EC","AD_vs_FTD","kTSP_k9_disjoint","occipital_theta_upper_tail",7
"tier1_main","single_condition","single_condition","P0_derivative_amplitude_deciles","REGION_AGGREGATES_ALL","ds006036__EO_or_photomark","AD_vs_FTD","kTSP_k9_disjoint","occipital_theta_upper_tail",1
"tier1_main","single_condition","single_condition","P0_derivative_amplitude_deciles","RAW_DECILES","ds006036__EO_or_photomark","CN_vs_FTD","kTSP_k5_disjoint","P3_alpha_D10",2
"tier1_main","single_condition","single_condition","P0_derivative_amplitude_deciles","RAW_DECILES","ds006036__EO_or_photomark","AD_FTD_vs_CN","kTSP_k9_disjoint","P3_alpha_D10",2
"tier1_main","single_condition","single_condition","P0_derivative_amplitude_deciles","RAW_DECILES","ds006036__EO_or_photomark","AD_vs_CN","kTSP_k9_disjoint","P3_alpha_D10",1
"tier1_main","single_condition","single_condition","P0_derivative_amplitude_deciles","RAW_DECILES","ds004504__EC","CN_vs_FTD","kTSP_k9_disjoint","P3_alpha_D10",1
"tier1_main","single_condition","single_condition","P0_derivative_amplitude_deciles","RAW_DECILES","ds004504__EC","AD_FTD_vs_CN","kTSP_k9_disjoint","P3_alpha_D20",1
"tier1_main","single_condition","single_condition","P0_derivative_amplitude_deciles","RAW_DECILES","ds004504__EC","AD_vs_CN","kTSP_k9_disjoint","P3_alpha_D20",1
"tier1_main","single_condition","single_condition","P0_derivative_amplitude_deciles","RAW_DECILES","ds004504__EC","CN_vs_FTD","kTSP_k9_disjoint","P3_alpha_D20",1
"tier1_main","single_condition","single_condition","P0_derivative_amplitude_deciles","RAW_DECILES","ds006036__EO_or_photomark","CN_vs_FTD","kTSP_k5_disjoint","P3_alpha_D30",3
"tier1_main","single_condition","single_condition","P0_derivative_amplitude_deciles","RAW_DECILES","ds006036__EO_or_photomark","AD_FTD_vs_CN","kTSP_k9_disjoint","P3_alpha_D40",1
"tier1_main","single_condition","single_condition","P0_derivative_amplitude_deciles","RAW_DECILES","ds004504__EC","CN_vs_FTD","kTSP_k9_disjoint","P3_alpha_D40",4
"tier1_main","single_condition","single_condition","P0_derivative_amplitude_deciles","RAW_DECILES","ds004504__EC","CN_vs_FTD","kTSP_k9_disjoint","P3_alpha_D60",2
"tier1_main","single_condition","single_condition","P0_derivative_amplitude_deciles","RAW_DECILES","ds006036__EO_or_photomark","CN_vs_FTD","kTSP_k5_disjoint","P3_alpha_D70",1
"tier1_main","single_condition","single_condition","P0_derivative_amplitude_deciles","RAW_DECILES","ds004504__EC","AD_FTD_vs_CN","kTSP_k9_disjoint","P3_alpha_D80",1
"tier1_main","single_condition","single_condition","P0_derivative_amplitude_deciles","RAW_DECILES","ds004504__EC","AD_vs_CN","kTSP_k9_disjoint","P3_alpha_D80",2
"tier1_main","single_condition","single_condition","P0_derivative_amplitude_deciles","RAW_DECILES","ds004504__EC","CN_vs_FTD","kTSP_k9_disjoint","P3_alpha_D80",3
"tier1_main","single_condition","single_condition","P0_derivative_amplitude_deciles","RAW_DECILES","ds006036__EO_or_photomark","CN_vs_FTD","kTSP_k5_disjoint","P3_alpha_D90",2
"tier1_main","single_condition","single_condition","P0_derivative_amplitude_deciles","RAW_DECILES","ds006036__EO_or_photomark","AD_vs_CN","kTSP_k9_disjoint","P3_alpha_D90",1
"tier1_main","single_condition","single_condition","P0_derivative_amplitude_deciles","RAW_DECILES","ds004504__EC","CN_vs_FTD","kTSP_k9_disjoint","P3_alpha_D90",1
"tier1_main","single_condition","single_condition","P0_derivative_amplitude_deciles","DERIVED_DECILES_ALL","ds006036__EO_or_photomark","AD_FTD_vs_CN","kTSP_k9_disjoint","P3_alpha_lower_tail",5
"tier1_main","single_condition","single_condition","P0_derivative_amplitude_deciles","DERIVED_DECILES_ALL","ds004504__EC","AD_vs_CN","kTSP_k9_disjoint","P3_alpha_lower_tail",6
"tier4_pooled","pooled_condition","POOLED_EC_EO_subject_grouped","P0_derivative_amplitude_deciles","DERIVED_DECILES_ALL","POOLED_EC_EO_subject_grouped","AD_vs_CN","kTSP_k9_disjoint","P3_alpha_lower_tail",1
"tier1_main","single_condition","single_condition","P0_derivative_amplitude_deciles","DERIVED_DECILES_ALL","ds006036__EO_or_photomark","CN_vs_FTD","kTSP_k9_disjoint","P3_alpha_lower_tail",3
"tier4_pooled","pooled_condition","POOLED_EC_EO_subject_grouped","P0_derivative_amplitude_deciles","DERIVED_DECILES_ALL","POOLED_EC_EO_subject_grouped","CN_vs_FTD","kTSP_k9_disjoint","P3_alpha_lower_tail",1
"tier1_main","single_condition","single_condition","P1_psd_bandpower_from_derivatives","PSD_ABSOLUTE_CHANNEL_BAND","ds004504__EC","AD_vs_FTD","kTSP_CV_disjoint","P3_alpha_psd_abs",5
"tier1_main","single_condition","single_condition","P1_psd_bandpower_from_derivatives","PSD_ABSOLUTE_CHANNEL_BAND","ds006036__EO_or_photomark","CN_vs_FTD","kTSP_k3_disjoint","P3_alpha_psd_abs",11
"tier1_main","single_condition","single_condition","P1_psd_bandpower_from_derivatives","PSD_ABSOLUTE_CHANNEL_BAND","ds004504__EC","AD_FTD_vs_CN","kTSP_k9_disjoint","P3_alpha_psd_abs",87
"tier1_main","single_condition","single_condition","P1_psd_bandpower_from_derivatives","PSD_ABSOLUTE_CHANNEL_BAND","ds006036__EO_or_photomark","AD_FTD_vs_CN","kTSP_k9_disjoint","P3_alpha_psd_abs",88
"tier1_main","single_condition","single_condition","P1_psd_bandpower_from_derivatives","PSD_ABSOLUTE_CHANNEL_BAND","ds004504__EC","AD_vs_CN","kTSP_k9_disjoint","P3_alpha_psd_abs",99
"tier1_main","single_condition","single_condition","P1_psd_bandpower_from_derivatives","PSD_ABSOLUTE_CHANNEL_BAND","ds006036__EO_or_photomark","AD_vs_CN","kTSP_k9_disjoint","P3_alpha_psd_abs",93
"tier1_main","single_condition","single_condition","P1_psd_bandpower_from_derivatives","PSD_ABSOLUTE_CHANNEL_BAND","ds004504__EC","CN_vs_FTD","kTSP_k9_disjoint","P3_alpha_psd_abs",17
"tier2_cross_condition","cross_condition_transfer","EC_train__EO_photo_test","P0_derivative_amplitude_deciles","DERIVED_DECILES_ALL","EC_train__EO_photo_test","AD_vs_CN","kTSP_CV_disjoint","P3_alpha_spread_80_20",1
"tier1_main","single_condition","single_condition","P0_derivative_amplitude_deciles","DERIVED_DECILES_ALL","ds004504__EC","AD_FTD_vs_CN","kTSP_k9_disjoint","P3_alpha_spread_80_20",10
"tier4_pooled","pooled_condition","POOLED_EC_EO_subject_grouped","P0_derivative_amplitude_deciles","DERIVED_DECILES_ALL","POOLED_EC_EO_subject_grouped","AD_FTD_vs_CN","kTSP_k9_disjoint","P3_alpha_spread_80_20",1
"tier1_main","single_condition","single_condition","P0_derivative_amplitude_deciles","DERIVED_DECILES_ALL","ds004504__EC","AD_vs_CN","kTSP_k9_disjoint","P3_alpha_spread_80_20",37
"tier1_main","single_condition","single_condition","P0_derivative_amplitude_deciles","DERIVED_DECILES_ALL","ds006036__EO_or_photomark","AD_vs_CN","kTSP_k9_disjoint","P3_alpha_spread_80_20",2
"tier4_pooled","pooled_condition","POOLED_EC_EO_subject_grouped","P0_derivative_amplitude_deciles","DERIVED_DECILES_ALL","POOLED_EC_EO_subject_grouped","AD_vs_CN","kTSP_k9_disjoint","P3_alpha_spread_80_20",18
"tier4_pooled","pooled_condition","POOLED_EC_EO_subject_grouped","P0_derivative_amplitude_deciles","DERIVED_DECILES_ALL","POOLED_EC_EO_subject_grouped","CN_vs_FTD","kTSP_k9_disjoint","P3_alpha_spread_80_20",1
"tier4_pooled","pooled_condition","POOLED_EC_EO_subject_grouped","P0_derivative_amplitude_deciles","DERIVED_DECILES_ALL","POOLED_EC_EO_subject_grouped","AD_vs_FTD","kTSP_k9_disjoint","P3_alpha_spread_90_10",2
"tier1_main","single_condition","single_condition","P0_derivative_amplitude_deciles","DERIVED_DECILES_ALL","ds004504__EC","CN_vs_FTD","kTSP_k9_disjoint","P3_alpha_spread_90_10",1
"tier1_main","single_condition","single_condition","P0_derivative_amplitude_deciles","DERIVED_DECILES_ALL","ds006036__EO_or_photomark","CN_vs_FTD","kTSP_k9_disjoint","P3_alpha_spread_90_10",4
"tier1_main","single_condition","single_condition","P0_derivative_amplitude_deciles","DERIVED_DECILES_ALL","ds004504__EC","AD_FTD_vs_CN","kTSP_k9_disjoint","P3_alpha_upper_tail",1
"tier1_main","single_condition","single_condition","P0_derivative_amplitude_deciles","DERIVED_DECILES_ALL","ds006036__EO_or_photomark","AD_FTD_vs_CN","kTSP_k9_disjoint","P3_alpha_upper_tail",2
"tier1_main","single_condition","single_condition","P0_derivative_amplitude_deciles","DERIVED_DECILES_ALL","ds004504__EC","AD_vs_CN","kTSP_k9_disjoint","P3_alpha_upper_tail",9
"tier1_main","single_condition","single_condition","P0_derivative_amplitude_deciles","DERIVED_DECILES_ALL","ds006036__EO_or_photomark","AD_vs_CN","kTSP_k9_disjoint","P3_alpha_upper_tail",3
"tier4_pooled","pooled_condition","POOLED_EC_EO_subject_grouped","P0_derivative_amplitude_deciles","DERIVED_DECILES_ALL","POOLED_EC_EO_subject_grouped","AD_vs_CN","kTSP_k9_disjoint","P3_alpha_upper_tail",2
"tier1_main","single_condition","single_condition","P0_derivative_amplitude_deciles","DERIVED_DECILES_ALL","ds004504__EC","CN_vs_FTD","kTSP_k9_disjoint","P3_alpha_upper_tail",2
"tier1_main","single_condition","single_condition","P0_derivative_amplitude_deciles","DERIVED_DECILES_ALL","ds006036__EO_or_photomark","CN_vs_FTD","kTSP_k9_disjoint","P3_alpha_upper_tail",18
"tier4_pooled","pooled_condition","POOLED_EC_EO_subject_grouped","P0_derivative_amplitude_deciles","DERIVED_DECILES_ALL","POOLED_EC_EO_subject_grouped","CN_vs_FTD","kTSP_k9_disjoint","P3_alpha_upper_tail",3
"tier1_main","single_condition","single_condition","P0_derivative_amplitude_deciles","DERIVED_DECILES_ALL","ds004504__EC","AD_vs_FTD","kTSP_CV_nondisjoint","P3_beta_center",3
"tier1_main","single_condition","single_condition","P0_derivative_amplitude_deciles","DERIVED_DECILES_ALL","ds004504__EC","AD_FTD_vs_CN","kTSP_k9_disjoint","P3_beta_center",1
"tier1_main","single_condition","single_condition","P0_derivative_amplitude_deciles","DERIVED_DECILES_ALL","ds004504__EC","AD_vs_CN","kTSP_k9_disjoint","P3_beta_center",4
"tier1_main","single_condition","single_condition","P0_derivative_amplitude_deciles","DERIVED_DECILES_ALL","ds004504__EC","CN_vs_FTD","kTSP_k9_disjoint","P3_beta_center",1
"tier1_main","single_condition","single_condition","P0_derivative_amplitude_deciles","RAW_DECILES","ds004504__EC","AD_vs_FTD","kTSP_k9_disjoint","P3_beta_D10",20
"tier1_main","single_condition","single_condition","P0_derivative_amplitude_deciles","RAW_DECILES","ds004504__EC","CN_vs_FTD","kTSP_k9_disjoint","P3_beta_D20",6
"tier1_main","single_condition","single_condition","P0_derivative_amplitude_deciles","RAW_DECILES","ds006036__EO_or_photomark","CN_vs_FTD","kTSP_k5_disjoint","P3_beta_D30",14
"tier1_main","single_condition","single_condition","P0_derivative_amplitude_deciles","RAW_DECILES","ds004504__EC","AD_FTD_vs_CN","kTSP_k9_disjoint","P3_beta_D30",22
"tier1_main","single_condition","single_condition","P0_derivative_amplitude_deciles","RAW_DECILES","ds006036__EO_or_photomark","AD_FTD_vs_CN","kTSP_k9_disjoint","P3_beta_D30",2
"tier1_main","single_condition","single_condition","P0_derivative_amplitude_deciles","RAW_DECILES","ds004504__EC","AD_vs_CN","kTSP_k9_disjoint","P3_beta_D30",34
"tier1_main","single_condition","single_condition","P0_derivative_amplitude_deciles","RAW_DECILES","ds006036__EO_or_photomark","AD_vs_CN","kTSP_k9_disjoint","P3_beta_D30",2
"tier1_main","single_condition","single_condition","P0_derivative_amplitude_deciles","RAW_DECILES","ds004504__EC","CN_vs_FTD","kTSP_k9_disjoint","P3_beta_D30",44
"tier1_main","single_condition","single_condition","P0_derivative_amplitude_deciles","RAW_DECILES","ds006036__EO_or_photomark","CN_vs_FTD","kTSP_k5_disjoint","P3_beta_D40",18
"tier1_main","single_condition","single_condition","P0_derivative_amplitude_deciles","RAW_DECILES","ds006036__EO_or_photomark","AD_FTD_vs_CN","kTSP_k9_disjoint","P3_beta_D40",4
"tier1_main","single_condition","single_condition","P0_derivative_amplitude_deciles","RAW_DECILES","ds004504__EC","AD_vs_CN","kTSP_k9_disjoint","P3_beta_D50",1
"tier1_main","single_condition","single_condition","P0_derivative_amplitude_deciles","RAW_DECILES","ds004504__EC","AD_vs_FTD","kTSP_k9_disjoint","P3_beta_D50",20
"tier1_main","single_condition","single_condition","P0_derivative_amplitude_deciles","RAW_DECILES","ds004504__EC","CN_vs_FTD","kTSP_k9_disjoint","P3_beta_D50",1
"tier1_main","single_condition","single_condition","P0_derivative_amplitude_deciles","RAW_DECILES","ds006036__EO_or_photomark","CN_vs_FTD","kTSP_k5_disjoint","P3_beta_D60",1
"tier1_main","single_condition","single_condition","P0_derivative_amplitude_deciles","RAW_DECILES","ds006036__EO_or_photomark","AD_FTD_vs_CN","kTSP_k9_disjoint","P3_beta_D60",1
"tier1_main","single_condition","single_condition","P0_derivative_amplitude_deciles","RAW_DECILES","ds006036__EO_or_photomark","AD_vs_CN","kTSP_k9_disjoint","P3_beta_D60",1
"tier1_main","single_condition","single_condition","P0_derivative_amplitude_deciles","RAW_DECILES","ds004504__EC","CN_vs_FTD","kTSP_k9_disjoint","P3_beta_D60",1
"tier1_main","single_condition","single_condition","P0_derivative_amplitude_deciles","RAW_DECILES","ds006036__EO_or_photomark","CN_vs_FTD","kTSP_k5_disjoint","P3_beta_D70",7
"tier1_main","single_condition","single_condition","P0_derivative_amplitude_deciles","RAW_DECILES","ds004504__EC","AD_FTD_vs_CN","kTSP_k9_disjoint","P3_beta_D70",4
"tier1_main","single_condition","single_condition","P0_derivative_amplitude_deciles","RAW_DECILES","ds006036__EO_or_photomark","AD_FTD_vs_CN","kTSP_k9_disjoint","P3_beta_D70",1
"tier1_main","single_condition","single_condition","P0_derivative_amplitude_deciles","RAW_DECILES","ds004504__EC","AD_vs_CN","kTSP_k9_disjoint","P3_beta_D70",21
"tier1_main","single_condition","single_condition","P0_derivative_amplitude_deciles","RAW_DECILES","ds006036__EO_or_photomark","AD_vs_CN","kTSP_k9_disjoint","P3_beta_D70",3
"tier1_main","single_condition","single_condition","P0_derivative_amplitude_deciles","RAW_DECILES","ds004504__EC","CN_vs_FTD","kTSP_k9_disjoint","P3_beta_D70",40
"tier1_main","single_condition","single_condition","P0_derivative_amplitude_deciles","RAW_DECILES","ds004504__EC","CN_vs_FTD","kTSP_k9_disjoint","P3_beta_D80",3
"tier1_main","single_condition","single_condition","P0_derivative_amplitude_deciles","RAW_DECILES","ds004504__EC","AD_vs_FTD","kTSP_k9_disjoint","P3_beta_D90",7
"tier1_main","single_condition","single_condition","P0_derivative_amplitude_deciles","DERIVED_DECILES_ALL","ds006036__EO_or_photomark","AD_FTD_vs_CN","kTSP_k9_disjoint","P3_beta_lower_tail",1
"tier1_main","single_condition","single_condition","P0_derivative_amplitude_deciles","DERIVED_DECILES_ALL","ds004504__EC","CN_vs_FTD","kTSP_k9_disjoint","P3_beta_lower_tail",2
"tier1_main","single_condition","single_condition","P0_derivative_amplitude_deciles","DERIVED_DECILES_ALL","ds006036__EO_or_photomark","CN_vs_FTD","kTSP_k9_disjoint","P3_beta_lower_tail",1
"tier4_pooled","pooled_condition","POOLED_EC_EO_subject_grouped","P0_derivative_amplitude_deciles","DERIVED_DECILES_ALL","POOLED_EC_EO_subject_grouped","CN_vs_FTD","kTSP_k9_disjoint","P3_beta_lower_tail",4
"tier1_main","single_condition","single_condition","P1_psd_bandpower_from_derivatives","PSD_ABSOLUTE_CHANNEL_BAND","ds006036__EO_or_photomark","CN_vs_FTD","kTSP_k3_disjoint","P3_beta_psd_abs",4
"tier1_main","single_condition","single_condition","P1_psd_bandpower_from_derivatives","PSD_ABSOLUTE_CHANNEL_BAND","ds004504__EC","AD_FTD_vs_CN","kTSP_k9_disjoint","P3_beta_psd_abs",2
"tier1_main","single_condition","single_condition","P1_psd_bandpower_from_derivatives","PSD_ABSOLUTE_CHANNEL_BAND","ds006036__EO_or_photomark","AD_FTD_vs_CN","kTSP_k9_disjoint","P3_beta_psd_abs",9
"tier1_main","single_condition","single_condition","P1_psd_bandpower_from_derivatives","PSD_ABSOLUTE_CHANNEL_BAND","ds004504__EC","AD_vs_CN","kTSP_k9_disjoint","P3_beta_psd_abs",1
"tier1_main","single_condition","single_condition","P1_psd_bandpower_from_derivatives","PSD_ABSOLUTE_CHANNEL_BAND","ds006036__EO_or_photomark","AD_vs_CN","kTSP_k9_disjoint","P3_beta_psd_abs",7
"tier1_main","single_condition","single_condition","P1_psd_bandpower_from_derivatives","PSD_ABSOLUTE_CHANNEL_BAND","ds004504__EC","CN_vs_FTD","kTSP_k9_disjoint","P3_beta_psd_abs",2
"tier1_main","single_condition","single_condition","P0_derivative_amplitude_deciles","DERIVED_DECILES_ALL","ds004504__EC","AD_vs_FTD","kTSP_CV_nondisjoint","P3_beta_shape_asymmetry",56
"tier2_cross_condition","cross_condition_transfer","EC_train__EO_photo_test","P0_derivative_amplitude_deciles","DERIVED_DECILES_ALL","EC_train__EO_photo_test","AD_vs_FTD","kTSP_k3_nondisjoint","P3_beta_shape_asymmetry",1
"tier1_main","single_condition","single_condition","P0_derivative_amplitude_deciles","DERIVED_DECILES_ALL","ds006036__EO_or_photomark","AD_vs_FTD","kTSP_k9_disjoint","P3_beta_shape_asymmetry",1
"tier4_pooled","pooled_condition","POOLED_EC_EO_subject_grouped","P0_derivative_amplitude_deciles","DERIVED_DECILES_ALL","POOLED_EC_EO_subject_grouped","AD_vs_FTD","kTSP_k9_disjoint","P3_beta_shape_asymmetry",17
"tier1_main","single_condition","single_condition","P0_derivative_amplitude_deciles","DERIVED_DECILES_ALL","ds004504__EC","AD_FTD_vs_CN","kTSP_k9_disjoint","P3_beta_spread_90_10",4
"tier1_main","single_condition","single_condition","P0_derivative_amplitude_deciles","DERIVED_DECILES_ALL","ds004504__EC","AD_vs_CN","kTSP_k9_disjoint","P3_beta_spread_90_10",6
"tier1_main","single_condition","single_condition","P0_derivative_amplitude_deciles","DERIVED_DECILES_ALL","ds006036__EO_or_photomark","AD_vs_CN","kTSP_k9_disjoint","P3_beta_spread_90_10",1
"tier4_pooled","pooled_condition","POOLED_EC_EO_subject_grouped","P0_derivative_amplitude_deciles","DERIVED_DECILES_ALL","POOLED_EC_EO_subject_grouped","AD_vs_CN","kTSP_k9_disjoint","P3_beta_spread_90_10",1
"tier1_main","single_condition","single_condition","P0_derivative_amplitude_deciles","DERIVED_DECILES_ALL","ds006036__EO_or_photomark","AD_FTD_vs_CN","kTSP_k9_disjoint","P3_beta_upper_tail",3
"tier1_main","single_condition","single_condition","P0_derivative_amplitude_deciles","DERIVED_DECILES_ALL","ds006036__EO_or_photomark","CN_vs_FTD","kTSP_k9_disjoint","P3_beta_upper_tail",6
"tier4_pooled","pooled_condition","POOLED_EC_EO_subject_grouped","P0_derivative_amplitude_deciles","DERIVED_DECILES_ALL","POOLED_EC_EO_subject_grouped","CN_vs_FTD","kTSP_k9_disjoint","P3_beta_upper_tail",3
"tier1_main","single_condition","single_condition","P0_derivative_amplitude_deciles","DERIVED_DECILES_ALL","ds004504__EC","AD_vs_FTD","kTSP_CV_nondisjoint","P3_delta_center",3
"tier1_main","single_condition","single_condition","P0_derivative_amplitude_deciles","DERIVED_DECILES_ALL","ds006036__EO_or_photomark","AD_vs_CN","kTSP_k9_disjoint","P3_delta_center",1
"tier4_pooled","pooled_condition","POOLED_EC_EO_subject_grouped","P0_derivative_amplitude_deciles","DERIVED_DECILES_ALL","POOLED_EC_EO_subject_grouped","AD_vs_FTD","kTSP_k9_disjoint","P3_delta_center",1
"tier1_main","single_condition","single_condition","P0_derivative_amplitude_deciles","RAW_DECILES","ds006036__EO_or_photomark","AD_vs_FTD","kTSP_k9_nondisjoint","P3_delta_D60",1
"tier1_main","single_condition","single_condition","P0_derivative_amplitude_deciles","DERIVED_DECILES_ALL","ds004504__EC","AD_vs_FTD","kTSP_CV_nondisjoint","P3_delta_lower_tail",2
"tier1_main","single_condition","single_condition","P1_psd_bandpower_from_derivatives","PSD_ABSOLUTE_CHANNEL_BAND","ds004504__EC","AD_vs_FTD","kTSP_CV_disjoint","P3_delta_psd_abs",4
"tier1_main","single_condition","single_condition","P0_derivative_amplitude_deciles","DERIVED_DECILES_ALL","ds006036__EO_or_photomark","AD_vs_CN","kTSP_k9_disjoint","P3_delta_shape_asymmetry",1
"tier1_main","single_condition","single_condition","P0_derivative_amplitude_deciles","DERIVED_DECILES_ALL","ds006036__EO_or_photomark","AD_FTD_vs_CN","kTSP_k9_disjoint","P3_delta_upper_tail",1
"tier1_main","single_condition","single_condition","P1_psd_bandpower_from_derivatives","PSD_ABSOLUTE_CHANNEL_BAND","ds004504__EC","AD_vs_FTD","kTSP_CV_disjoint","P3_gamma_psd_abs",7
"tier1_main","single_condition","single_condition","P1_psd_bandpower_from_derivatives","PSD_ABSOLUTE_CHANNEL_BAND","ds004504__EC","AD_FTD_vs_CN","kTSP_k9_disjoint","P3_gamma_psd_abs",1
"tier1_main","single_condition","single_condition","P1_psd_bandpower_from_derivatives","PSD_ABSOLUTE_CHANNEL_BAND","ds004504__EC","CN_vs_FTD","kTSP_k9_disjoint","P3_gamma_psd_abs",17
"tier1_main","single_condition","single_condition","P0_derivative_amplitude_deciles","DERIVED_DECILES_ALL","ds004504__EC","AD_vs_FTD","kTSP_CV_nondisjoint","P3_gamma_shape_asymmetry",2
"tier1_main","single_condition","single_condition","P0_derivative_amplitude_deciles","DERIVED_DECILES_ALL","ds006036__EO_or_photomark","AD_vs_FTD","kTSP_k9_disjoint","P3_gamma_shape_asymmetry",2
"tier1_main","single_condition","single_condition","P0_derivative_amplitude_deciles","RAW_DECILES","ds006036__EO_or_photomark","AD_FTD_vs_CN","kTSP_k9_disjoint","P3_theta_D10",2
"tier1_main","single_condition","single_condition","P0_derivative_amplitude_deciles","RAW_DECILES","ds004504__EC","AD_vs_CN","kTSP_k9_disjoint","P3_theta_D10",1
"tier1_main","single_condition","single_condition","P0_derivative_amplitude_deciles","RAW_DECILES","ds006036__EO_or_photomark","AD_vs_CN","kTSP_k9_disjoint","P3_theta_D10",2
"tier1_main","single_condition","single_condition","P0_derivative_amplitude_deciles","RAW_DECILES","ds006036__EO_or_photomark","AD_FTD_vs_CN","kTSP_k9_disjoint","P3_theta_D90",2
"tier1_main","single_condition","single_condition","P0_derivative_amplitude_deciles","RAW_DECILES","ds004504__EC","AD_vs_CN","kTSP_k9_disjoint","P3_theta_D90",1
"tier1_main","single_condition","single_condition","P0_derivative_amplitude_deciles","RAW_DECILES","ds006036__EO_or_photomark","AD_vs_CN","kTSP_k9_disjoint","P3_theta_D90",5
"tier1_main","single_condition","single_condition","P1_psd_bandpower_from_derivatives","PSD_ABSOLUTE_CHANNEL_BAND","ds004504__EC","AD_vs_FTD","kTSP_CV_disjoint","P3_theta_psd_abs",6
"tier1_main","single_condition","single_condition","P1_psd_bandpower_from_derivatives","PSD_ABSOLUTE_CHANNEL_BAND","ds004504__EC","AD_FTD_vs_CN","kTSP_k9_disjoint","P3_theta_psd_abs",9
"tier1_main","single_condition","single_condition","P1_psd_bandpower_from_derivatives","PSD_ABSOLUTE_CHANNEL_BAND","ds006036__EO_or_photomark","AD_FTD_vs_CN","kTSP_k9_disjoint","P3_theta_psd_abs",1
"tier1_main","single_condition","single_condition","P1_psd_bandpower_from_derivatives","PSD_ABSOLUTE_CHANNEL_BAND","ds004504__EC","AD_vs_CN","kTSP_k9_disjoint","P3_theta_psd_abs",2
"tier1_main","single_condition","single_condition","P1_psd_bandpower_from_derivatives","PSD_ABSOLUTE_CHANNEL_BAND","ds006036__EO_or_photomark","AD_vs_CN","kTSP_k9_disjoint","P3_theta_psd_abs",1
"tier1_main","single_condition","single_condition","P1_psd_bandpower_from_derivatives","PSD_ABSOLUTE_CHANNEL_BAND","ds004504__EC","CN_vs_FTD","kTSP_k9_disjoint","P3_theta_psd_abs",40
"tier1_main","single_condition","single_condition","P0_derivative_amplitude_deciles","DERIVED_DECILES_ALL","ds006036__EO_or_photomark","AD_vs_FTD","kTSP_k9_disjoint","P3_theta_shape_asymmetry",5
"tier1_main","single_condition","single_condition","P0_derivative_amplitude_deciles","DERIVED_DECILES_ALL","ds006036__EO_or_photomark","AD_FTD_vs_CN","kTSP_k9_disjoint","P3_theta_spread_90_10",2
"tier1_main","single_condition","single_condition","P0_derivative_amplitude_deciles","DERIVED_DECILES_ALL","ds004504__EC","AD_vs_CN","kTSP_k9_disjoint","P3_theta_spread_90_10",3
"tier1_main","single_condition","single_condition","P0_derivative_amplitude_deciles","DERIVED_DECILES_ALL","ds006036__EO_or_photomark","AD_vs_CN","kTSP_k9_disjoint","P3_theta_spread_90_10",4
"tier4_pooled","pooled_condition","POOLED_EC_EO_subject_grouped","P0_derivative_amplitude_deciles","DERIVED_DECILES_ALL","POOLED_EC_EO_subject_grouped","AD_vs_CN","kTSP_k9_disjoint","P3_theta_spread_90_10",2
"tier1_main","single_condition","single_condition","P0_derivative_amplitude_deciles","DERIVED_DECILES_ALL","ds004504__EC","AD_vs_FTD","kTSP_CV_nondisjoint","P4_alpha_center",3
"tier1_main","single_condition","single_condition","P0_derivative_amplitude_deciles","DERIVED_DECILES_ALL","ds004504__EC","CN_vs_FTD","kTSP_k9_disjoint","P4_alpha_center",4
"tier1_main","single_condition","single_condition","P0_derivative_amplitude_deciles","RAW_DECILES","ds006036__EO_or_photomark","CN_vs_FTD","kTSP_k5_disjoint","P4_alpha_D20",1
"tier1_main","single_condition","single_condition","P0_derivative_amplitude_deciles","RAW_DECILES","ds004504__EC","AD_vs_FTD","kTSP_k9_disjoint","P4_alpha_D50",7
"tier1_main","single_condition","single_condition","P0_derivative_amplitude_deciles","RAW_DECILES","ds004504__EC","CN_vs_FTD","kTSP_k9_disjoint","P4_alpha_D50",5
"tier1_main","single_condition","single_condition","P0_derivative_amplitude_deciles","RAW_DECILES","ds006036__EO_or_photomark","AD_vs_FTD","kTSP_k9_nondisjoint","P4_alpha_D50",2
"tier1_main","single_condition","single_condition","P0_derivative_amplitude_deciles","RAW_DECILES","ds006036__EO_or_photomark","CN_vs_FTD","kTSP_k5_disjoint","P4_alpha_D80",1
"tier1_main","single_condition","single_condition","P0_derivative_amplitude_deciles","DERIVED_DECILES_ALL","ds006036__EO_or_photomark","AD_FTD_vs_CN","kTSP_k9_disjoint","P4_alpha_lower_tail",1
"tier1_main","single_condition","single_condition","P0_derivative_amplitude_deciles","DERIVED_DECILES_ALL","ds006036__EO_or_photomark","CN_vs_FTD","kTSP_k9_disjoint","P4_alpha_lower_tail",10
"tier1_main","single_condition","single_condition","P1_psd_bandpower_from_derivatives","PSD_ABSOLUTE_CHANNEL_BAND","ds004504__EC","AD_vs_FTD","kTSP_CV_disjoint","P4_alpha_psd_abs",1
"tier1_main","single_condition","single_condition","P1_psd_bandpower_from_derivatives","PSD_ABSOLUTE_CHANNEL_BAND","ds006036__EO_or_photomark","AD_FTD_vs_CN","kTSP_k9_disjoint","P4_alpha_psd_abs",9
"tier1_main","single_condition","single_condition","P1_psd_bandpower_from_derivatives","PSD_ABSOLUTE_CHANNEL_BAND","ds004504__EC","AD_vs_CN","kTSP_k9_disjoint","P4_alpha_psd_abs",2
"tier1_main","single_condition","single_condition","P1_psd_bandpower_from_derivatives","PSD_ABSOLUTE_CHANNEL_BAND","ds006036__EO_or_photomark","AD_vs_CN","kTSP_k9_disjoint","P4_alpha_psd_abs",11
"tier1_main","single_condition","single_condition","P1_psd_bandpower_from_derivatives","PSD_ABSOLUTE_CHANNEL_BAND","ds006036__EO_or_photomark","AD_vs_FTD","kTSP_k9_disjoint","P4_alpha_psd_abs",2
"tier1_main","single_condition","single_condition","P0_derivative_amplitude_deciles","DERIVED_DECILES_ALL","ds004504__EC","AD_vs_FTD","kTSP_CV_nondisjoint","P4_alpha_shape_asymmetry",83
"tier2_cross_condition","cross_condition_transfer","EC_train__EO_photo_test","P0_derivative_amplitude_deciles","DERIVED_DECILES_ALL","EC_train__EO_photo_test","AD_vs_FTD","kTSP_k3_nondisjoint","P4_alpha_shape_asymmetry",1
"tier1_main","single_condition","single_condition","P0_derivative_amplitude_deciles","DERIVED_DECILES_ALL","ds006036__EO_or_photomark","AD_vs_FTD","kTSP_k9_disjoint","P4_alpha_shape_asymmetry",45
"tier4_pooled","pooled_condition","POOLED_EC_EO_subject_grouped","P0_derivative_amplitude_deciles","DERIVED_DECILES_ALL","POOLED_EC_EO_subject_grouped","AD_vs_FTD","kTSP_k9_disjoint","P4_alpha_shape_asymmetry",64
"tier1_main","single_condition","single_condition","P0_derivative_amplitude_deciles","DERIVED_DECILES_ALL","ds004504__EC","CN_vs_FTD","kTSP_k9_disjoint","P4_alpha_shape_asymmetry",15
"tier1_main","single_condition","single_condition","P0_derivative_amplitude_deciles","DERIVED_DECILES_ALL","ds004504__EC","AD_FTD_vs_CN","kTSP_k9_disjoint","P4_alpha_spread_80_20",2
"tier1_main","single_condition","single_condition","P0_derivative_amplitude_deciles","DERIVED_DECILES_ALL","ds006036__EO_or_photomark","AD_FTD_vs_CN","kTSP_k9_disjoint","P4_alpha_spread_80_20",11
"tier4_pooled","pooled_condition","POOLED_EC_EO_subject_grouped","P0_derivative_amplitude_deciles","DERIVED_DECILES_ALL","POOLED_EC_EO_subject_grouped","AD_FTD_vs_CN","kTSP_k9_disjoint","P4_alpha_spread_80_20",7
"tier1_main","single_condition","single_condition","P0_derivative_amplitude_deciles","DERIVED_DECILES_ALL","ds004504__EC","AD_vs_CN","kTSP_k9_disjoint","P4_alpha_spread_80_20",1
"tier1_main","single_condition","single_condition","P0_derivative_amplitude_deciles","DERIVED_DECILES_ALL","ds006036__EO_or_photomark","AD_vs_CN","kTSP_k9_disjoint","P4_alpha_spread_80_20",8
"tier4_pooled","pooled_condition","POOLED_EC_EO_subject_grouped","P0_derivative_amplitude_deciles","DERIVED_DECILES_ALL","POOLED_EC_EO_subject_grouped","AD_vs_CN","kTSP_k9_disjoint","P4_alpha_spread_80_20",7
"tier1_main","single_condition","single_condition","P0_derivative_amplitude_deciles","DERIVED_DECILES_ALL","ds006036__EO_or_photomark","CN_vs_FTD","kTSP_k9_disjoint","P4_alpha_spread_80_20",3
"tier4_pooled","pooled_condition","POOLED_EC_EO_subject_grouped","P0_derivative_amplitude_deciles","DERIVED_DECILES_ALL","POOLED_EC_EO_subject_grouped","CN_vs_FTD","kTSP_k9_disjoint","P4_alpha_spread_80_20",1
"tier1_main","single_condition","single_condition","P0_derivative_amplitude_deciles","DERIVED_DECILES_ALL","ds004504__EC","AD_vs_FTD","kTSP_CV_nondisjoint","P4_alpha_spread_90_10",1
"tier4_pooled","pooled_condition","POOLED_EC_EO_subject_grouped","P0_derivative_amplitude_deciles","DERIVED_DECILES_ALL","POOLED_EC_EO_subject_grouped","AD_vs_FTD","kTSP_k9_disjoint","P4_alpha_spread_90_10",22
"tier1_main","single_condition","single_condition","P0_derivative_amplitude_deciles","DERIVED_DECILES_ALL","ds006036__EO_or_photomark","AD_FTD_vs_CN","kTSP_k9_disjoint","P4_alpha_upper_tail",7
"tier1_main","single_condition","single_condition","P0_derivative_amplitude_deciles","DERIVED_DECILES_ALL","ds006036__EO_or_photomark","AD_vs_CN","kTSP_k9_disjoint","P4_alpha_upper_tail",3
"tier1_main","single_condition","single_condition","P0_derivative_amplitude_deciles","DERIVED_DECILES_ALL","ds006036__EO_or_photomark","CN_vs_FTD","kTSP_k9_disjoint","P4_alpha_upper_tail",2
"tier1_main","single_condition","single_condition","P0_derivative_amplitude_deciles","RAW_DECILES","ds004504__EC","AD_vs_FTD","kTSP_k9_disjoint","P4_beta_D10",5
"tier1_main","single_condition","single_condition","P0_derivative_amplitude_deciles","RAW_DECILES","ds006036__EO_or_photomark","CN_vs_FTD","kTSP_k5_disjoint","P4_beta_D30",1
"tier1_main","single_condition","single_condition","P0_derivative_amplitude_deciles","RAW_DECILES","ds006036__EO_or_photomark","AD_vs_CN","kTSP_k9_disjoint","P4_beta_D40",2
"tier1_main","single_condition","single_condition","P0_derivative_amplitude_deciles","RAW_DECILES","ds006036__EO_or_photomark","AD_FTD_vs_CN","kTSP_k9_disjoint","P4_beta_D60",1
"tier1_main","single_condition","single_condition","P0_derivative_amplitude_deciles","RAW_DECILES","ds006036__EO_or_photomark","CN_vs_FTD","kTSP_k5_disjoint","P4_beta_D70",4
"tier1_main","single_condition","single_condition","P0_derivative_amplitude_deciles","RAW_DECILES","ds004504__EC","AD_vs_FTD","kTSP_k9_disjoint","P4_beta_D90",1
"tier1_main","single_condition","single_condition","P0_derivative_amplitude_deciles","DERIVED_DECILES_ALL","ds006036__EO_or_photomark","CN_vs_FTD","kTSP_k9_disjoint","P4_beta_lower_tail",9
"tier1_main","single_condition","single_condition","P1_psd_bandpower_from_derivatives","PSD_ABSOLUTE_CHANNEL_BAND","ds004504__EC","AD_vs_FTD","kTSP_CV_disjoint","P4_beta_psd_abs",3
"tier1_main","single_condition","single_condition","P1_psd_bandpower_from_derivatives","PSD_ABSOLUTE_CHANNEL_BAND","ds004504__EC","CN_vs_FTD","kTSP_k9_disjoint","P4_beta_psd_abs",1
"tier1_main","single_condition","single_condition","P0_derivative_amplitude_deciles","DERIVED_DECILES_ALL","ds004504__EC","AD_vs_FTD","kTSP_CV_nondisjoint","P4_beta_shape_asymmetry",1
"tier1_main","single_condition","single_condition","P0_derivative_amplitude_deciles","DERIVED_DECILES_ALL","ds006036__EO_or_photomark","AD_vs_FTD","kTSP_k9_disjoint","P4_beta_shape_asymmetry",27
"tier4_pooled","pooled_condition","POOLED_EC_EO_subject_grouped","P0_derivative_amplitude_deciles","DERIVED_DECILES_ALL","POOLED_EC_EO_subject_grouped","AD_vs_FTD","kTSP_k9_disjoint","P4_beta_shape_asymmetry",3
"tier1_main","single_condition","single_condition","P0_derivative_amplitude_deciles","DERIVED_DECILES_ALL","ds006036__EO_or_photomark","CN_vs_FTD","kTSP_k9_disjoint","P4_beta_upper_tail",1
"tier1_main","single_condition","single_condition","P0_derivative_amplitude_deciles","DERIVED_DECILES_ALL","ds004504__EC","AD_vs_FTD","kTSP_CV_nondisjoint","P4_delta_center",7
"tier1_main","single_condition","single_condition","P0_derivative_amplitude_deciles","DERIVED_DECILES_ALL","ds006036__EO_or_photomark","AD_vs_CN","kTSP_k9_disjoint","P4_delta_center",1
"tier1_main","single_condition","single_condition","P0_derivative_amplitude_deciles","RAW_DECILES","ds004504__EC","AD_vs_FTD","kTSP_k9_disjoint","P4_delta_D50",2
"tier1_main","single_condition","single_condition","P0_derivative_amplitude_deciles","DERIVED_DECILES_ALL","ds006036__EO_or_photomark","AD_FTD_vs_CN","kTSP_k9_disjoint","P4_delta_lower_tail",1
"tier1_main","single_condition","single_condition","P0_derivative_amplitude_deciles","DERIVED_DECILES_ALL","ds006036__EO_or_photomark","AD_vs_FTD","kTSP_k9_disjoint","P4_delta_lower_tail",1
"tier1_main","single_condition","single_condition","P0_derivative_amplitude_deciles","DERIVED_DECILES_ALL","ds006036__EO_or_photomark","CN_vs_FTD","kTSP_k9_disjoint","P4_delta_lower_tail",1
"tier1_main","single_condition","single_condition","P1_psd_bandpower_from_derivatives","PSD_ABSOLUTE_CHANNEL_BAND","ds004504__EC","AD_vs_FTD","kTSP_CV_disjoint","P4_delta_psd_abs",1
"tier1_main","single_condition","single_condition","P0_derivative_amplitude_deciles","DERIVED_DECILES_ALL","ds004504__EC","AD_vs_FTD","kTSP_CV_nondisjoint","P4_delta_shape_asymmetry",1
"tier1_main","single_condition","single_condition","P0_derivative_amplitude_deciles","DERIVED_DECILES_ALL","ds004504__EC","AD_vs_FTD","kTSP_CV_nondisjoint","P4_delta_upper_tail",2
"tier1_main","single_condition","single_condition","P1_psd_bandpower_from_derivatives","PSD_ABSOLUTE_CHANNEL_BAND","ds004504__EC","AD_FTD_vs_CN","kTSP_k9_disjoint","P4_gamma_psd_abs",1
"tier1_main","single_condition","single_condition","P1_psd_bandpower_from_derivatives","PSD_ABSOLUTE_CHANNEL_BAND","ds006036__EO_or_photomark","AD_vs_FTD","kTSP_k9_disjoint","P4_gamma_psd_abs",1
"tier1_main","single_condition","single_condition","P1_psd_bandpower_from_derivatives","PSD_ABSOLUTE_CHANNEL_BAND","ds004504__EC","CN_vs_FTD","kTSP_k9_disjoint","P4_gamma_psd_abs",10
"tier1_main","single_condition","single_condition","P0_derivative_amplitude_deciles","DERIVED_DECILES_ALL","ds006036__EO_or_photomark","AD_vs_FTD","kTSP_k9_disjoint","P4_gamma_spread_80_20",1
"tier1_main","single_condition","single_condition","P0_derivative_amplitude_deciles","DERIVED_DECILES_ALL","ds006036__EO_or_photomark","CN_vs_FTD","kTSP_k9_disjoint","P4_gamma_spread_80_20",6
"tier1_main","single_condition","single_condition","P0_derivative_amplitude_deciles","DERIVED_DECILES_ALL","ds006036__EO_or_photomark","AD_vs_FTD","kTSP_k9_disjoint","P4_gamma_upper_tail",1
"tier1_main","single_condition","single_condition","P1_psd_bandpower_from_derivatives","PSD_ABSOLUTE_CHANNEL_BAND","ds004504__EC","AD_vs_FTD","kTSP_CV_disjoint","P4_theta_psd_abs",4
"tier1_main","single_condition","single_condition","P1_psd_bandpower_from_derivatives","PSD_ABSOLUTE_CHANNEL_BAND","ds004504__EC","AD_FTD_vs_CN","kTSP_k9_disjoint","P4_theta_psd_abs",9
"tier1_main","single_condition","single_condition","P1_psd_bandpower_from_derivatives","PSD_ABSOLUTE_CHANNEL_BAND","ds004504__EC","AD_vs_CN","kTSP_k9_disjoint","P4_theta_psd_abs",3
"tier1_main","single_condition","single_condition","P1_psd_bandpower_from_derivatives","PSD_ABSOLUTE_CHANNEL_BAND","ds004504__EC","CN_vs_FTD","kTSP_k9_disjoint","P4_theta_psd_abs",42
"tier1_main","single_condition","single_condition","P0_derivative_amplitude_deciles","DERIVED_DECILES_ALL","ds004504__EC","AD_FTD_vs_CN","kTSP_k9_disjoint","P4_theta_upper_tail",3
"tier1_main","single_condition","single_condition","P0_derivative_amplitude_deciles","DERIVED_DECILES_ALL","ds004504__EC","AD_vs_CN","kTSP_k9_disjoint","P4_theta_upper_tail",2
"tier1_main","single_condition","single_condition","P0_derivative_amplitude_deciles","REGION_AGGREGATES_ALL","ds004504__EC","AD_vs_FTD","kTSP_k9_disjoint","parietal_alpha_center",1
"tier1_main","single_condition","single_condition","P0_derivative_amplitude_deciles","REGION_AGGREGATES_ALL","ds006036__EO_or_photomark","AD_vs_FTD","kTSP_k9_disjoint","parietal_alpha_D20",3
"tier1_main","single_condition","single_condition","P0_derivative_amplitude_deciles","REGION_AGGREGATES_ALL","ds004504__EC","CN_vs_FTD","kTSP_CV_disjoint","parietal_alpha_D50",1
"tier1_main","single_condition","single_condition","P0_derivative_amplitude_deciles","REGION_AGGREGATES_ALL","ds004504__EC","AD_vs_FTD","kTSP_k9_disjoint","parietal_alpha_D50",2
"tier1_main","single_condition","single_condition","P0_derivative_amplitude_deciles","REGION_AGGREGATES_ALL","ds006036__EO_or_photomark","AD_vs_FTD","kTSP_k9_disjoint","parietal_alpha_D80",4
"tier1_main","single_condition","single_condition","P0_derivative_amplitude_deciles","REGION_AGGREGATES_ALL","ds006036__EO_or_photomark","CN_vs_FTD","TSP_k1","parietal_alpha_D80",1
"tier1_main","single_condition","single_condition","P1_psd_bandpower_from_derivatives","PSD_REGION_ABSOLUTE","ds006036__EO_or_photomark","AD_vs_FTD","kTSP_k3_nondisjoint","parietal_alpha_psd_abs",9
"tier2_cross_condition","cross_condition_transfer","EC_train__EO_photo_test","P1_psd_bandpower_from_derivatives","PSD_REGION_ABSOLUTE","EC_train__EO_photo_test","AD_FTD_vs_CN","kTSP_k5_disjoint","parietal_alpha_psd_abs",1
"tier4_pooled","pooled_condition","POOLED_EC_EO_subject_grouped","P1_psd_bandpower_from_derivatives","PSD_REGION_ABSOLUTE","POOLED_EC_EO_subject_grouped","AD_FTD_vs_CN","kTSP_k5_disjoint","parietal_alpha_psd_abs",87
"tier1_main","single_condition","single_condition","P1_psd_bandpower_from_derivatives","PSD_REGION_ABSOLUTE","ds004504__EC","AD_vs_CN","kTSP_k5_disjoint","parietal_alpha_psd_abs",92
"tier2_cross_condition","cross_condition_transfer","EC_train__EO_photo_test","P1_psd_bandpower_from_derivatives","PSD_REGION_ABSOLUTE","EC_train__EO_photo_test","AD_vs_CN","kTSP_k5_disjoint","parietal_alpha_psd_abs",2
"tier4_pooled","pooled_condition","POOLED_EC_EO_subject_grouped","P1_psd_bandpower_from_derivatives","PSD_REGION_ABSOLUTE","POOLED_EC_EO_subject_grouped","AD_vs_CN","kTSP_k5_disjoint","parietal_alpha_psd_abs",95
"tier1_main","single_condition","single_condition","P1_psd_bandpower_from_derivatives","PSD_REGION_ABSOLUTE","ds006036__EO_or_photomark","AD_FTD_vs_CN","kTSP_k9_disjoint","parietal_alpha_psd_abs",55
"tier1_main","single_condition","single_condition","P1_psd_bandpower_from_derivatives","PSD_REGION_ABSOLUTE","ds006036__EO_or_photomark","AD_vs_CN","kTSP_k9_disjoint","parietal_alpha_psd_abs",83
"tier1_main","single_condition","single_condition","P1_psd_bandpower_from_derivatives","PSD_REGION_ABSOLUTE","ds004504__EC","AD_vs_FTD","kTSP_k9_disjoint","parietal_alpha_psd_abs",27
"tier4_pooled","pooled_condition","POOLED_EC_EO_subject_grouped","P1_psd_bandpower_from_derivatives","PSD_REGION_ABSOLUTE","POOLED_EC_EO_subject_grouped","AD_vs_FTD","kTSP_k9_nondisjoint","parietal_alpha_psd_abs",23
"tier4_pooled","pooled_condition","POOLED_EC_EO_subject_grouped","P0_derivative_amplitude_deciles","REGION_AGGREGATES_ALL","POOLED_EC_EO_subject_grouped","AD_vs_FTD","kTSP_k5_nondisjoint","parietal_alpha_shape_asymmetry",1
"tier1_main","single_condition","single_condition","P0_derivative_amplitude_deciles","REGION_AGGREGATES_ALL","ds004504__EC","AD_vs_FTD","kTSP_k9_disjoint","parietal_alpha_shape_asymmetry",7
"tier1_main","single_condition","single_condition","P0_derivative_amplitude_deciles","REGION_AGGREGATES_ALL","ds006036__EO_or_photomark","AD_vs_FTD","kTSP_k9_disjoint","parietal_alpha_shape_asymmetry",1
"tier1_main","single_condition","single_condition","P0_derivative_amplitude_deciles","REGION_AGGREGATES_ALL","ds004504__EC","AD_vs_CN","kTSP_k5_nondisjoint","parietal_alpha_spread_80_20",1
"tier1_main","single_condition","single_condition","P0_derivative_amplitude_deciles","REGION_AGGREGATES_ALL","ds006036__EO_or_photomark","AD_FTD_vs_CN","kTSP_k9_disjoint","parietal_alpha_spread_80_20",16
"tier4_pooled","pooled_condition","POOLED_EC_EO_subject_grouped","P0_derivative_amplitude_deciles","REGION_AGGREGATES_ALL","POOLED_EC_EO_subject_grouped","AD_FTD_vs_CN","kTSP_k9_disjoint","parietal_alpha_spread_80_20",6
"tier1_main","single_condition","single_condition","P0_derivative_amplitude_deciles","REGION_AGGREGATES_ALL","ds006036__EO_or_photomark","AD_vs_CN","kTSP_k9_disjoint","parietal_alpha_spread_80_20",17
"tier4_pooled","pooled_condition","POOLED_EC_EO_subject_grouped","P0_derivative_amplitude_deciles","REGION_AGGREGATES_ALL","POOLED_EC_EO_subject_grouped","AD_vs_CN","kTSP_k9_disjoint","parietal_alpha_spread_80_20",5
"tier1_main","single_condition","single_condition","P0_derivative_amplitude_deciles","REGION_AGGREGATES_ALL","ds006036__EO_or_photomark","AD_vs_FTD","kTSP_k9_disjoint","parietal_alpha_spread_80_20",2
"tier4_pooled","pooled_condition","POOLED_EC_EO_subject_grouped","P0_derivative_amplitude_deciles","REGION_AGGREGATES_ALL","POOLED_EC_EO_subject_grouped","AD_vs_FTD","kTSP_k5_nondisjoint","parietal_alpha_spread_90_10",3
"tier1_main","single_condition","single_condition","P0_derivative_amplitude_deciles","REGION_AGGREGATES_ALL","ds006036__EO_or_photomark","AD_FTD_vs_CN","kTSP_k9_disjoint","parietal_alpha_spread_90_10",2
"tier1_main","single_condition","single_condition","P0_derivative_amplitude_deciles","REGION_AGGREGATES_ALL","ds004504__EC","AD_vs_FTD","kTSP_k9_disjoint","parietal_alpha_spread_90_10",1
"tier1_main","single_condition","single_condition","P0_derivative_amplitude_deciles","REGION_AGGREGATES_ALL","ds006036__EO_or_photomark","AD_vs_FTD","kTSP_k9_disjoint","parietal_alpha_spread_90_10",1
"tier1_main","single_condition","single_condition","P0_derivative_amplitude_deciles","REGION_AGGREGATES_ALL","ds006036__EO_or_photomark","AD_FTD_vs_CN","kTSP_k9_disjoint","parietal_alpha_upper_tail",1
"tier1_main","single_condition","single_condition","P0_derivative_amplitude_deciles","REGION_AGGREGATES_ALL","ds006036__EO_or_photomark","CN_vs_FTD","TSP_k1","parietal_alpha_upper_tail",1
"tier1_main","single_condition","single_condition","P0_derivative_amplitude_deciles","REGION_AGGREGATES_ALL","ds004504__EC","CN_vs_FTD","kTSP_CV_disjoint","parietal_beta_center",2
"tier1_main","single_condition","single_condition","P0_derivative_amplitude_deciles","REGION_AGGREGATES_ALL","ds004504__EC","AD_vs_FTD","kTSP_k9_disjoint","parietal_beta_center",2
"tier1_main","single_condition","single_condition","P0_derivative_amplitude_deciles","REGION_AGGREGATES_ALL","ds004504__EC","AD_vs_FTD","kTSP_k9_disjoint","parietal_beta_D10",17
"tier1_main","single_condition","single_condition","P0_derivative_amplitude_deciles","REGION_AGGREGATES_ALL","ds004504__EC","AD_vs_CN","kTSP_k5_nondisjoint","parietal_beta_D30",1
"tier1_main","single_condition","single_condition","P0_derivative_amplitude_deciles","REGION_AGGREGATES_ALL","ds006036__EO_or_photomark","AD_FTD_vs_CN","kTSP_k9_disjoint","parietal_beta_D30",1
"tier1_main","single_condition","single_condition","P0_derivative_amplitude_deciles","REGION_AGGREGATES_ALL","ds006036__EO_or_photomark","AD_vs_CN","kTSP_k9_disjoint","parietal_beta_D30",1
"tier1_main","single_condition","single_condition","P0_derivative_amplitude_deciles","REGION_AGGREGATES_ALL","ds004504__EC","CN_vs_FTD","kTSP_CV_disjoint","parietal_beta_D50",4
"tier1_main","single_condition","single_condition","P0_derivative_amplitude_deciles","REGION_AGGREGATES_ALL","ds004504__EC","AD_vs_FTD","kTSP_k9_disjoint","parietal_beta_D50",15
"tier1_main","single_condition","single_condition","P0_derivative_amplitude_deciles","REGION_AGGREGATES_ALL","ds004504__EC","CN_vs_FTD","kTSP_CV_disjoint","parietal_beta_D70",1
"tier1_main","single_condition","single_condition","P0_derivative_amplitude_deciles","REGION_AGGREGATES_ALL","ds006036__EO_or_photomark","AD_FTD_vs_CN","kTSP_k9_disjoint","parietal_beta_D70",2
"tier1_main","single_condition","single_condition","P0_derivative_amplitude_deciles","REGION_AGGREGATES_ALL","ds004504__EC","AD_vs_FTD","kTSP_k9_disjoint","parietal_beta_D70",1
"tier1_main","single_condition","single_condition","P0_derivative_amplitude_deciles","REGION_AGGREGATES_ALL","ds004504__EC","AD_vs_FTD","kTSP_k9_disjoint","parietal_beta_D90",3
"tier4_pooled","pooled_condition","POOLED_EC_EO_subject_grouped","P0_derivative_amplitude_deciles","REGION_AGGREGATES_ALL","POOLED_EC_EO_subject_grouped","AD_vs_FTD","kTSP_k5_nondisjoint","parietal_beta_lower_tail",1
"tier1_main","single_condition","single_condition","P0_derivative_amplitude_deciles","REGION_AGGREGATES_ALL","ds004504__EC","AD_vs_FTD","kTSP_k9_disjoint","parietal_beta_lower_tail",4
"tier1_main","single_condition","single_condition","P0_derivative_amplitude_deciles","REGION_AGGREGATES_ALL","ds006036__EO_or_photomark","AD_vs_FTD","kTSP_k9_disjoint","parietal_beta_lower_tail",1
"tier2_cross_condition","cross_condition_transfer","EC_train__EO_photo_test","P1_psd_bandpower_from_derivatives","PSD_REGION_ABSOLUTE","EC_train__EO_photo_test","AD_vs_FTD","kTSP_CV_nondisjoint","parietal_beta_psd_abs",1
"tier1_main","single_condition","single_condition","P1_psd_bandpower_from_derivatives","PSD_REGION_ABSOLUTE","ds004504__EC","AD_vs_FTD","kTSP_k9_disjoint","parietal_beta_psd_abs",81
"tier4_pooled","pooled_condition","POOLED_EC_EO_subject_grouped","P1_psd_bandpower_from_derivatives","PSD_REGION_ABSOLUTE","POOLED_EC_EO_subject_grouped","AD_vs_FTD","kTSP_k9_nondisjoint","parietal_beta_psd_abs",32
"tier1_main","single_condition","single_condition","P0_derivative_amplitude_deciles","REGION_AGGREGATES_ALL","ds004504__EC","AD_vs_FTD","kTSP_k9_disjoint","parietal_beta_shape_asymmetry",6
"tier1_main","single_condition","single_condition","P0_derivative_amplitude_deciles","REGION_AGGREGATES_ALL","ds006036__EO_or_photomark","AD_vs_FTD","kTSP_k9_disjoint","parietal_beta_shape_asymmetry",11
"tier4_pooled","pooled_condition","POOLED_EC_EO_subject_grouped","P0_derivative_amplitude_deciles","REGION_AGGREGATES_ALL","POOLED_EC_EO_subject_grouped","AD_vs_FTD","kTSP_k5_nondisjoint","parietal_beta_spread_80_20",3
"tier1_main","single_condition","single_condition","P0_derivative_amplitude_deciles","REGION_AGGREGATES_ALL","ds004504__EC","AD_vs_FTD","kTSP_k9_disjoint","parietal_beta_upper_tail",4
"tier1_main","single_condition","single_condition","P0_derivative_amplitude_deciles","REGION_AGGREGATES_ALL","ds006036__EO_or_photomark","AD_vs_CN","kTSP_k9_disjoint","parietal_delta_center",1
"tier1_main","single_condition","single_condition","P0_derivative_amplitude_deciles","REGION_AGGREGATES_ALL","ds004504__EC","AD_vs_FTD","kTSP_k9_disjoint","parietal_delta_center",6
"tier1_main","single_condition","single_condition","P0_derivative_amplitude_deciles","REGION_AGGREGATES_ALL","ds004504__EC","AD_vs_CN","kTSP_k5_nondisjoint","parietal_delta_D40",1
"tier1_main","single_condition","single_condition","P0_derivative_amplitude_deciles","REGION_AGGREGATES_ALL","ds006036__EO_or_photomark","AD_vs_CN","kTSP_k9_disjoint","parietal_delta_D50",1
"tier1_main","single_condition","single_condition","P0_derivative_amplitude_deciles","REGION_AGGREGATES_ALL","ds004504__EC","AD_vs_FTD","kTSP_k9_disjoint","parietal_delta_D50",15
"tier1_main","single_condition","single_condition","P0_derivative_amplitude_deciles","REGION_AGGREGATES_ALL","ds006036__EO_or_photomark","AD_vs_FTD","kTSP_k9_disjoint","parietal_delta_D50",2
"tier1_main","single_condition","single_condition","P0_derivative_amplitude_deciles","REGION_AGGREGATES_ALL","ds006036__EO_or_photomark","AD_vs_FTD","kTSP_k9_disjoint","parietal_delta_D60",2
"tier1_main","single_condition","single_condition","P0_derivative_amplitude_deciles","REGION_AGGREGATES_ALL","ds006036__EO_or_photomark","AD_FTD_vs_CN","kTSP_k9_disjoint","parietal_delta_D70",3
"tier1_main","single_condition","single_condition","P0_derivative_amplitude_deciles","REGION_AGGREGATES_ALL","ds006036__EO_or_photomark","AD_vs_CN","kTSP_k9_disjoint","parietal_delta_D70",9
"tier4_pooled","pooled_condition","POOLED_EC_EO_subject_grouped","P0_derivative_amplitude_deciles","REGION_AGGREGATES_ALL","POOLED_EC_EO_subject_grouped","AD_vs_CN","kTSP_k9_disjoint","parietal_delta_D70",1
"tier1_main","single_condition","single_condition","P0_derivative_amplitude_deciles","REGION_AGGREGATES_ALL","ds004504__EC","AD_vs_FTD","kTSP_k9_disjoint","parietal_delta_D90",1
"tier1_main","single_condition","single_condition","P0_derivative_amplitude_deciles","REGION_AGGREGATES_ALL","ds004504__EC","AD_vs_FTD","kTSP_k9_disjoint","parietal_delta_lower_tail",9
"tier1_main","single_condition","single_condition","P1_psd_bandpower_from_derivatives","PSD_REGION_ABSOLUTE","ds004504__EC","AD_vs_FTD","kTSP_k9_disjoint","parietal_delta_psd_abs",1
"tier1_main","single_condition","single_condition","P0_derivative_amplitude_deciles","REGION_AGGREGATES_ALL","ds004504__EC","AD_vs_FTD","kTSP_k9_disjoint","parietal_delta_shape_asymmetry",36
"tier1_main","single_condition","single_condition","P0_derivative_amplitude_deciles","REGION_AGGREGATES_ALL","ds006036__EO_or_photomark","AD_vs_FTD","kTSP_k9_disjoint","parietal_delta_shape_asymmetry",3
"tier1_main","single_condition","single_condition","P0_derivative_amplitude_deciles","REGION_AGGREGATES_ALL","ds004504__EC","AD_vs_FTD","kTSP_k9_disjoint","parietal_delta_upper_tail",7
"tier1_main","single_condition","single_condition","P0_derivative_amplitude_deciles","REGION_AGGREGATES_ALL","ds004504__EC","CN_vs_FTD","kTSP_CV_disjoint","parietal_gamma_D10",2
"tier1_main","single_condition","single_condition","P0_derivative_amplitude_deciles","REGION_AGGREGATES_ALL","ds006036__EO_or_photomark","AD_FTD_vs_CN","kTSP_k9_disjoint","parietal_gamma_D10",2
"tier1_main","single_condition","single_condition","P0_derivative_amplitude_deciles","REGION_AGGREGATES_ALL","ds006036__EO_or_photomark","AD_vs_CN","kTSP_k9_disjoint","parietal_gamma_D10",1
"tier4_pooled","pooled_condition","POOLED_EC_EO_subject_grouped","P1_psd_bandpower_from_derivatives","PSD_REGION_ABSOLUTE","POOLED_EC_EO_subject_grouped","AD_FTD_vs_CN","kTSP_k5_disjoint","parietal_gamma_psd_abs",3
"tier1_main","single_condition","single_condition","P1_psd_bandpower_from_derivatives","PSD_REGION_ABSOLUTE","ds006036__EO_or_photomark","AD_FTD_vs_CN","kTSP_k9_disjoint","parietal_gamma_psd_abs",12
"tier1_main","single_condition","single_condition","P1_psd_bandpower_from_derivatives","PSD_REGION_ABSOLUTE","ds006036__EO_or_photomark","AD_vs_CN","kTSP_k9_disjoint","parietal_gamma_psd_abs",10
"tier1_main","single_condition","single_condition","P1_psd_bandpower_from_derivatives","PSD_REGION_ABSOLUTE","ds004504__EC","AD_vs_FTD","kTSP_k9_disjoint","parietal_gamma_psd_abs",6
"tier1_main","single_condition","single_condition","P0_derivative_amplitude_deciles","REGION_AGGREGATES_ALL","ds004504__EC","AD_vs_FTD","kTSP_k9_disjoint","parietal_gamma_shape_asymmetry",1
"tier1_main","single_condition","single_condition","P0_derivative_amplitude_deciles","REGION_AGGREGATES_ALL","ds006036__EO_or_photomark","AD_vs_FTD","kTSP_k9_disjoint","parietal_gamma_shape_asymmetry",2
"tier1_main","single_condition","single_condition","P0_derivative_amplitude_deciles","REGION_AGGREGATES_ALL","ds004504__EC","AD_vs_FTD","kTSP_k9_disjoint","parietal_gamma_spread_80_20",2
"tier1_main","single_condition","single_condition","P0_derivative_amplitude_deciles","REGION_AGGREGATES_ALL","ds004504__EC","AD_vs_CN","kTSP_k5_nondisjoint","parietal_theta_D40",1
"tier1_main","single_condition","single_condition","P0_derivative_amplitude_deciles","REGION_AGGREGATES_ALL","ds006036__EO_or_photomark","AD_vs_FTD","kTSP_k9_disjoint","parietal_theta_D50",1
"tier4_pooled","pooled_condition","POOLED_EC_EO_subject_grouped","P0_derivative_amplitude_deciles","REGION_AGGREGATES_ALL","POOLED_EC_EO_subject_grouped","AD_vs_FTD","kTSP_k5_nondisjoint","parietal_theta_D70",1
"tier1_main","single_condition","single_condition","P0_derivative_amplitude_deciles","REGION_AGGREGATES_ALL","ds004504__EC","AD_vs_CN","kTSP_k5_nondisjoint","parietal_theta_D90",1
"tier1_main","single_condition","single_condition","P0_derivative_amplitude_deciles","REGION_AGGREGATES_ALL","ds006036__EO_or_photomark","AD_FTD_vs_CN","kTSP_k9_disjoint","parietal_theta_D90",4
"tier4_pooled","pooled_condition","POOLED_EC_EO_subject_grouped","P0_derivative_amplitude_deciles","REGION_AGGREGATES_ALL","POOLED_EC_EO_subject_grouped","AD_FTD_vs_CN","kTSP_k9_disjoint","parietal_theta_D90",3
"tier4_pooled","pooled_condition","POOLED_EC_EO_subject_grouped","P0_derivative_amplitude_deciles","REGION_AGGREGATES_ALL","POOLED_EC_EO_subject_grouped","AD_vs_CN","kTSP_k9_disjoint","parietal_theta_D90",2
"tier1_main","single_condition","single_condition","P0_derivative_amplitude_deciles","REGION_AGGREGATES_ALL","ds004504__EC","AD_vs_CN","kTSP_k5_nondisjoint","parietal_theta_lower_tail",4
"tier1_main","single_condition","single_condition","P0_derivative_amplitude_deciles","REGION_AGGREGATES_ALL","ds006036__EO_or_photomark","AD_FTD_vs_CN","kTSP_k9_disjoint","parietal_theta_lower_tail",10
"tier4_pooled","pooled_condition","POOLED_EC_EO_subject_grouped","P0_derivative_amplitude_deciles","REGION_AGGREGATES_ALL","POOLED_EC_EO_subject_grouped","AD_FTD_vs_CN","kTSP_k9_disjoint","parietal_theta_lower_tail",4
"tier1_main","single_condition","single_condition","P0_derivative_amplitude_deciles","REGION_AGGREGATES_ALL","ds006036__EO_or_photomark","AD_vs_CN","kTSP_k9_disjoint","parietal_theta_lower_tail",4
"tier4_pooled","pooled_condition","POOLED_EC_EO_subject_grouped","P0_derivative_amplitude_deciles","REGION_AGGREGATES_ALL","POOLED_EC_EO_subject_grouped","AD_vs_CN","kTSP_k9_disjoint","parietal_theta_lower_tail",13
"tier1_main","single_condition","single_condition","P0_derivative_amplitude_deciles","REGION_AGGREGATES_ALL","ds004504__EC","AD_vs_FTD","kTSP_k9_disjoint","parietal_theta_lower_tail",1
"tier2_cross_condition","cross_condition_transfer","EO_photo_train__EC_test","P1_psd_bandpower_from_derivatives","PSD_REGION_ABSOLUTE","EO_photo_train__EC_test","AD_FTD_vs_CN","kTSP_CV_nondisjoint","parietal_theta_psd_abs",1
"smoke","single_condition","single_condition","P1_psd_bandpower_from_derivatives","PSD_REGION_ABSOLUTE","ds004504__EC","AD_vs_CN","kTSP_CV_nondisjoint","parietal_theta_psd_abs",1
"smoke","single_condition","single_condition","P1_psd_bandpower_from_derivatives","PSD_REGION_ABSOLUTE","ds006036__EO_or_photomark","AD_vs_CN","kTSP_CV_nondisjoint","parietal_theta_psd_abs",2
"tier2_cross_condition","cross_condition_transfer","EO_photo_train__EC_test","P1_psd_bandpower_from_derivatives","PSD_REGION_ABSOLUTE","EO_photo_train__EC_test","AD_vs_CN","kTSP_CV_nondisjoint","parietal_theta_psd_abs",2
"tier2_cross_condition","cross_condition_transfer","EO_photo_train__EC_test","P1_psd_bandpower_from_derivatives","PSD_REGION_ABSOLUTE","EO_photo_train__EC_test","CN_vs_FTD","kTSP_CV_nondisjoint","parietal_theta_psd_abs",1
"tier4_pooled","pooled_condition","POOLED_EC_EO_subject_grouped","P1_psd_bandpower_from_derivatives","PSD_REGION_ABSOLUTE","POOLED_EC_EO_subject_grouped","AD_FTD_vs_CN","kTSP_k5_disjoint","parietal_theta_psd_abs",71
"tier1_main","single_condition","single_condition","P1_psd_bandpower_from_derivatives","PSD_REGION_ABSOLUTE","ds004504__EC","AD_vs_CN","kTSP_k5_disjoint","parietal_theta_psd_abs",2
"tier4_pooled","pooled_condition","POOLED_EC_EO_subject_grouped","P1_psd_bandpower_from_derivatives","PSD_REGION_ABSOLUTE","POOLED_EC_EO_subject_grouped","AD_vs_CN","kTSP_k5_disjoint","parietal_theta_psd_abs",10
"tier1_main","single_condition","single_condition","P1_psd_bandpower_from_derivatives","PSD_REGION_ABSOLUTE","ds004504__EC","CN_vs_FTD","kTSP_k5_nondisjoint","parietal_theta_psd_abs",32
"tier1_main","single_condition","single_condition","P1_psd_bandpower_from_derivatives","PSD_REGION_ABSOLUTE","ds006036__EO_or_photomark","AD_FTD_vs_CN","kTSP_k9_disjoint","parietal_theta_psd_abs",73
"tier1_main","single_condition","single_condition","P1_psd_bandpower_from_derivatives","PSD_REGION_ABSOLUTE","ds006036__EO_or_photomark","AD_vs_CN","kTSP_k9_disjoint","parietal_theta_psd_abs",4
"tier1_main","single_condition","single_condition","P1_psd_bandpower_from_derivatives","PSD_REGION_ABSOLUTE","ds004504__EC","AD_vs_FTD","kTSP_k9_disjoint","parietal_theta_psd_abs",12
"tier1_main","single_condition","single_condition","P1_psd_bandpower_from_derivatives","PSD_REGION_ABSOLUTE","ds004504__EC","AD_FTD_vs_CN","kTSP_k9_nondisjoint","parietal_theta_psd_abs",90
"tier1_main","single_condition","single_condition","P1_psd_bandpower_from_derivatives","PSD_REGION_ABSOLUTE","ds006036__EO_or_photomark","CN_vs_FTD","kTSP_k9_nondisjoint","parietal_theta_psd_abs",88
"tier4_pooled","pooled_condition","POOLED_EC_EO_subject_grouped","P1_psd_bandpower_from_derivatives","PSD_REGION_ABSOLUTE","POOLED_EC_EO_subject_grouped","CN_vs_FTD","kTSP_k9_nondisjoint","parietal_theta_psd_abs",93
"tier1_main","single_condition","single_condition","P0_derivative_amplitude_deciles","REGION_AGGREGATES_ALL","ds006036__EO_or_photomark","AD_vs_FTD","kTSP_k9_disjoint","parietal_theta_shape_asymmetry",2
"tier1_main","single_condition","single_condition","P0_derivative_amplitude_deciles","REGION_AGGREGATES_ALL","ds004504__EC","AD_vs_CN","kTSP_k5_nondisjoint","parietal_theta_upper_tail",6
"tier1_main","single_condition","single_condition","P0_derivative_amplitude_deciles","REGION_AGGREGATES_ALL","ds004504__EC","AD_FTD_vs_CN","kTSP_k9_disjoint","parietal_theta_upper_tail",1
"tier4_pooled","pooled_condition","POOLED_EC_EO_subject_grouped","P0_derivative_amplitude_deciles","REGION_AGGREGATES_ALL","POOLED_EC_EO_subject_grouped","AD_FTD_vs_CN","kTSP_k9_disjoint","parietal_theta_upper_tail",3
"tier4_pooled","pooled_condition","POOLED_EC_EO_subject_grouped","P0_derivative_amplitude_deciles","REGION_AGGREGATES_ALL","POOLED_EC_EO_subject_grouped","AD_vs_CN","kTSP_k9_disjoint","parietal_theta_upper_tail",8
"tier1_main","single_condition","single_condition","P0_derivative_amplitude_deciles","DERIVED_DECILES_ALL","ds004504__EC","AD_vs_FTD","kTSP_CV_nondisjoint","Pz_alpha_center",1
"tier1_main","single_condition","single_condition","P0_derivative_amplitude_deciles","RAW_DECILES","ds006036__EO_or_photomark","CN_vs_FTD","kTSP_k5_disjoint","Pz_alpha_D10",1
"tier1_main","single_condition","single_condition","P0_derivative_amplitude_deciles","RAW_DECILES","ds004504__EC","CN_vs_FTD","kTSP_k9_disjoint","Pz_alpha_D10",1
"tier1_main","single_condition","single_condition","P0_derivative_amplitude_deciles","RAW_DECILES","ds006036__EO_or_photomark","CN_vs_FTD","kTSP_k5_disjoint","Pz_alpha_D20",3
"tier1_main","single_condition","single_condition","P0_derivative_amplitude_deciles","RAW_DECILES","ds006036__EO_or_photomark","AD_FTD_vs_CN","kTSP_k9_disjoint","Pz_alpha_D20",6
"tier1_main","single_condition","single_condition","P0_derivative_amplitude_deciles","RAW_DECILES","ds006036__EO_or_photomark","CN_vs_FTD","kTSP_k5_disjoint","Pz_alpha_D30",1
"tier1_main","single_condition","single_condition","P0_derivative_amplitude_deciles","RAW_DECILES","ds006036__EO_or_photomark","CN_vs_FTD","kTSP_k5_disjoint","Pz_alpha_D70",1
"tier1_main","single_condition","single_condition","P0_derivative_amplitude_deciles","RAW_DECILES","ds006036__EO_or_photomark","CN_vs_FTD","kTSP_k5_disjoint","Pz_alpha_D80",10
"tier1_main","single_condition","single_condition","P0_derivative_amplitude_deciles","RAW_DECILES","ds006036__EO_or_photomark","AD_FTD_vs_CN","kTSP_k9_disjoint","Pz_alpha_D80",1
"tier1_main","single_condition","single_condition","P0_derivative_amplitude_deciles","RAW_DECILES","ds004504__EC","AD_FTD_vs_CN","kTSP_k9_disjoint","Pz_alpha_D90",1
"tier1_main","single_condition","single_condition","P0_derivative_amplitude_deciles","DERIVED_DECILES_ALL","ds006036__EO_or_photomark","AD_FTD_vs_CN","kTSP_k9_disjoint","Pz_alpha_lower_tail",1
"tier1_main","single_condition","single_condition","P0_derivative_amplitude_deciles","DERIVED_DECILES_ALL","ds006036__EO_or_photomark","CN_vs_FTD","kTSP_k9_disjoint","Pz_alpha_lower_tail",1
"tier1_main","single_condition","single_condition","P1_psd_bandpower_from_derivatives","PSD_ABSOLUTE_CHANNEL_BAND","ds004504__EC","AD_vs_FTD","kTSP_CV_disjoint","Pz_alpha_psd_abs",1
"tier1_main","single_condition","single_condition","P1_psd_bandpower_from_derivatives","PSD_ABSOLUTE_CHANNEL_BAND","ds006036__EO_or_photomark","CN_vs_FTD","kTSP_k3_disjoint","Pz_alpha_psd_abs",45
"tier1_main","single_condition","single_condition","P1_psd_bandpower_from_derivatives","PSD_ABSOLUTE_CHANNEL_BAND","ds004504__EC","AD_FTD_vs_CN","kTSP_k9_disjoint","Pz_alpha_psd_abs",27
"tier1_main","single_condition","single_condition","P1_psd_bandpower_from_derivatives","PSD_ABSOLUTE_CHANNEL_BAND","ds006036__EO_or_photomark","AD_FTD_vs_CN","kTSP_k9_disjoint","Pz_alpha_psd_abs",4
"tier1_main","single_condition","single_condition","P1_psd_bandpower_from_derivatives","PSD_ABSOLUTE_CHANNEL_BAND","ds004504__EC","AD_vs_CN","kTSP_k9_disjoint","Pz_alpha_psd_abs",13
"tier1_main","single_condition","single_condition","P1_psd_bandpower_from_derivatives","PSD_ABSOLUTE_CHANNEL_BAND","ds006036__EO_or_photomark","AD_vs_CN","kTSP_k9_disjoint","Pz_alpha_psd_abs",3
"tier1_main","single_condition","single_condition","P1_psd_bandpower_from_derivatives","PSD_ABSOLUTE_CHANNEL_BAND","ds006036__EO_or_photomark","AD_vs_FTD","kTSP_k9_disjoint","Pz_alpha_psd_abs",2
"tier1_main","single_condition","single_condition","P1_psd_bandpower_from_derivatives","PSD_ABSOLUTE_CHANNEL_BAND","ds004504__EC","CN_vs_FTD","kTSP_k9_disjoint","Pz_alpha_psd_abs",8
"tier1_main","single_condition","single_condition","P0_derivative_amplitude_deciles","DERIVED_DECILES_ALL","ds004504__EC","AD_vs_FTD","kTSP_CV_nondisjoint","Pz_alpha_shape_asymmetry",1
"tier1_main","single_condition","single_condition","P0_derivative_amplitude_deciles","DERIVED_DECILES_ALL","ds006036__EO_or_photomark","AD_vs_FTD","kTSP_k9_disjoint","Pz_alpha_shape_asymmetry",9
"tier4_pooled","pooled_condition","POOLED_EC_EO_subject_grouped","P0_derivative_amplitude_deciles","DERIVED_DECILES_ALL","POOLED_EC_EO_subject_grouped","AD_vs_FTD","kTSP_k9_disjoint","Pz_alpha_shape_asymmetry",13
"tier1_main","single_condition","single_condition","P0_derivative_amplitude_deciles","DERIVED_DECILES_ALL","ds004504__EC","AD_FTD_vs_CN","kTSP_k9_disjoint","Pz_alpha_spread_80_20",5
"tier1_main","single_condition","single_condition","P0_derivative_amplitude_deciles","DERIVED_DECILES_ALL","ds006036__EO_or_photomark","AD_FTD_vs_CN","kTSP_k9_disjoint","Pz_alpha_spread_80_20",16
"tier4_pooled","pooled_condition","POOLED_EC_EO_subject_grouped","P0_derivative_amplitude_deciles","DERIVED_DECILES_ALL","POOLED_EC_EO_subject_grouped","AD_FTD_vs_CN","kTSP_k9_disjoint","Pz_alpha_spread_80_20",14
"tier1_main","single_condition","single_condition","P0_derivative_amplitude_deciles","DERIVED_DECILES_ALL","ds004504__EC","AD_vs_CN","kTSP_k9_disjoint","Pz_alpha_spread_80_20",2
"tier1_main","single_condition","single_condition","P0_derivative_amplitude_deciles","DERIVED_DECILES_ALL","ds006036__EO_or_photomark","AD_vs_CN","kTSP_k9_disjoint","Pz_alpha_spread_80_20",2
"tier4_pooled","pooled_condition","POOLED_EC_EO_subject_grouped","P0_derivative_amplitude_deciles","DERIVED_DECILES_ALL","POOLED_EC_EO_subject_grouped","AD_vs_CN","kTSP_k9_disjoint","Pz_alpha_spread_80_20",7
"tier1_main","single_condition","single_condition","P0_derivative_amplitude_deciles","DERIVED_DECILES_ALL","ds006036__EO_or_photomark","CN_vs_FTD","kTSP_k9_disjoint","Pz_alpha_spread_80_20",4
"tier4_pooled","pooled_condition","POOLED_EC_EO_subject_grouped","P0_derivative_amplitude_deciles","DERIVED_DECILES_ALL","POOLED_EC_EO_subject_grouped","CN_vs_FTD","kTSP_k9_disjoint","Pz_alpha_spread_80_20",4
"tier1_main","single_condition","single_condition","P0_derivative_amplitude_deciles","DERIVED_DECILES_ALL","ds004504__EC","CN_vs_FTD","kTSP_k9_disjoint","Pz_alpha_spread_90_10",1
"tier1_main","single_condition","single_condition","P0_derivative_amplitude_deciles","DERIVED_DECILES_ALL","ds006036__EO_or_photomark","CN_vs_FTD","kTSP_k9_disjoint","Pz_alpha_upper_tail",19
"tier1_main","single_condition","single_condition","P0_derivative_amplitude_deciles","RAW_DECILES","ds006036__EO_or_photomark","CN_vs_FTD","kTSP_k5_disjoint","Pz_beta_D20",4
"tier1_main","single_condition","single_condition","P0_derivative_amplitude_deciles","RAW_DECILES","ds006036__EO_or_photomark","CN_vs_FTD","kTSP_k5_disjoint","Pz_beta_D30",1
"tier1_main","single_condition","single_condition","P0_derivative_amplitude_deciles","RAW_DECILES","ds006036__EO_or_photomark","AD_FTD_vs_CN","kTSP_k9_disjoint","Pz_beta_D30",4
"tier1_main","single_condition","single_condition","P0_derivative_amplitude_deciles","RAW_DECILES","ds006036__EO_or_photomark","AD_vs_CN","kTSP_k9_disjoint","Pz_beta_D30",1
"tier1_main","single_condition","single_condition","P0_derivative_amplitude_deciles","RAW_DECILES","ds004504__EC","CN_vs_FTD","kTSP_k9_disjoint","Pz_beta_D60",3
"tier1_main","single_condition","single_condition","P0_derivative_amplitude_deciles","RAW_DECILES","ds006036__EO_or_photomark","AD_FTD_vs_CN","kTSP_k9_disjoint","Pz_beta_D70",1
"tier1_main","single_condition","single_condition","P0_derivative_amplitude_deciles","RAW_DECILES","ds006036__EO_or_photomark","CN_vs_FTD","kTSP_k5_disjoint","Pz_beta_D80",2
"tier1_main","single_condition","single_condition","P0_derivative_amplitude_deciles","DERIVED_DECILES_ALL","ds006036__EO_or_photomark","CN_vs_FTD","kTSP_k9_disjoint","Pz_beta_lower_tail",5
"tier1_main","single_condition","single_condition","P1_psd_bandpower_from_derivatives","PSD_ABSOLUTE_CHANNEL_BAND","ds004504__EC","AD_vs_FTD","kTSP_CV_disjoint","Pz_beta_psd_abs",3
"tier1_main","single_condition","single_condition","P0_derivative_amplitude_deciles","DERIVED_DECILES_ALL","ds004504__EC","AD_vs_FTD","kTSP_CV_nondisjoint","Pz_beta_shape_asymmetry",2
"tier1_main","single_condition","single_condition","P0_derivative_amplitude_deciles","DERIVED_DECILES_ALL","ds006036__EO_or_photomark","AD_FTD_vs_CN","kTSP_k9_disjoint","Pz_beta_upper_tail",1
"tier1_main","single_condition","single_condition","P0_derivative_amplitude_deciles","DERIVED_DECILES_ALL","ds006036__EO_or_photomark","CN_vs_FTD","kTSP_k9_disjoint","Pz_beta_upper_tail",8
"tier1_main","single_condition","single_condition","P0_derivative_amplitude_deciles","RAW_DECILES","ds004504__EC","AD_vs_FTD","kTSP_k9_disjoint","Pz_delta_D10",1
"tier1_main","single_condition","single_condition","P0_derivative_amplitude_deciles","RAW_DECILES","ds004504__EC","CN_vs_FTD","kTSP_k9_disjoint","Pz_delta_D60",3
"tier1_main","single_condition","single_condition","P0_derivative_amplitude_deciles","RAW_DECILES","ds006036__EO_or_photomark","AD_vs_FTD","kTSP_k9_nondisjoint","Pz_delta_D60",1
"tier1_main","single_condition","single_condition","P0_derivative_amplitude_deciles","RAW_DECILES","ds004504__EC","AD_vs_FTD","kTSP_k9_disjoint","Pz_delta_D80",1
"tier1_main","single_condition","single_condition","P0_derivative_amplitude_deciles","DERIVED_DECILES_ALL","ds004504__EC","AD_vs_FTD","kTSP_CV_nondisjoint","Pz_delta_lower_tail",2
"tier1_main","single_condition","single_condition","P1_psd_bandpower_from_derivatives","PSD_ABSOLUTE_CHANNEL_BAND","ds004504__EC","AD_vs_FTD","kTSP_CV_disjoint","Pz_delta_psd_abs",9
"tier1_main","single_condition","single_condition","P0_derivative_amplitude_deciles","DERIVED_DECILES_ALL","ds004504__EC","AD_vs_FTD","kTSP_CV_nondisjoint","Pz_delta_spread_90_10",2
"tier1_main","single_condition","single_condition","P0_derivative_amplitude_deciles","DERIVED_DECILES_ALL","ds004504__EC","AD_vs_FTD","kTSP_CV_nondisjoint","Pz_gamma_center",1
"tier1_main","single_condition","single_condition","P1_psd_bandpower_from_derivatives","PSD_ABSOLUTE_CHANNEL_BAND","ds004504__EC","AD_vs_FTD","kTSP_CV_disjoint","Pz_gamma_psd_abs",3
"tier1_main","single_condition","single_condition","P1_psd_bandpower_from_derivatives","PSD_ABSOLUTE_CHANNEL_BAND","ds006036__EO_or_photomark","AD_FTD_vs_CN","kTSP_k9_disjoint","Pz_gamma_psd_abs",1
"tier1_main","single_condition","single_condition","P1_psd_bandpower_from_derivatives","PSD_ABSOLUTE_CHANNEL_BAND","ds004504__EC","CN_vs_FTD","kTSP_k9_disjoint","Pz_gamma_psd_abs",2
"tier1_main","single_condition","single_condition","P0_derivative_amplitude_deciles","DERIVED_DECILES_ALL","ds004504__EC","AD_vs_CN","kTSP_k9_disjoint","Pz_theta_lower_tail",1
"tier1_main","single_condition","single_condition","P1_psd_bandpower_from_derivatives","PSD_ABSOLUTE_CHANNEL_BAND","ds006036__EO_or_photomark","AD_vs_FTD","kTSP_k9_disjoint","Pz_theta_psd_abs",4
"tier1_main","single_condition","single_condition","P0_derivative_amplitude_deciles","DERIVED_DECILES_ALL","ds004504__EC","AD_vs_CN","kTSP_k9_disjoint","Pz_theta_upper_tail",1
"tier4_pooled","pooled_condition","POOLED_EC_EO_subject_grouped","P0_derivative_amplitude_deciles","DERIVED_DECILES_ALL","POOLED_EC_EO_subject_grouped","AD_vs_CN","kTSP_k9_disjoint","Pz_theta_upper_tail",1
"tier1_main","single_condition","single_condition","P0_derivative_amplitude_deciles","DERIVED_DECILES_ALL","ds004504__EC","AD_vs_FTD","kTSP_CV_nondisjoint","T3_alpha_center",7
"tier1_main","single_condition","single_condition","P0_derivative_amplitude_deciles","DERIVED_DECILES_ALL","ds004504__EC","CN_vs_FTD","kTSP_k9_disjoint","T3_alpha_center",5
"tier1_main","single_condition","single_condition","P0_derivative_amplitude_deciles","RAW_DECILES","ds004504__EC","AD_vs_FTD","kTSP_k9_disjoint","T3_alpha_D50",2
"tier1_main","single_condition","single_condition","P0_derivative_amplitude_deciles","RAW_DECILES","ds004504__EC","AD_vs_FTD","kTSP_k9_disjoint","T3_alpha_D60",2
"tier1_main","single_condition","single_condition","P0_derivative_amplitude_deciles","RAW_DECILES","ds006036__EO_or_photomark","AD_FTD_vs_CN","kTSP_k9_disjoint","T3_alpha_D90",1
"tier4_pooled","pooled_condition","POOLED_EC_EO_subject_grouped","P0_derivative_amplitude_deciles","DERIVED_DECILES_ALL","POOLED_EC_EO_subject_grouped","CN_vs_FTD","kTSP_k9_disjoint","T3_alpha_lower_tail",1
"tier1_main","single_condition","single_condition","P1_psd_bandpower_from_derivatives","PSD_ABSOLUTE_CHANNEL_BAND","ds004504__EC","AD_vs_FTD","kTSP_CV_disjoint","T3_alpha_psd_abs",23
"tier1_main","single_condition","single_condition","P1_psd_bandpower_from_derivatives","PSD_ABSOLUTE_CHANNEL_BAND","ds006036__EO_or_photomark","CN_vs_FTD","kTSP_k3_disjoint","T3_alpha_psd_abs",1
"tier1_main","single_condition","single_condition","P1_psd_bandpower_from_derivatives","PSD_ABSOLUTE_CHANNEL_BAND","ds006036__EO_or_photomark","AD_vs_FTD","kTSP_k9_disjoint","T3_alpha_psd_abs",7
"tier1_main","single_condition","single_condition","P1_psd_bandpower_from_derivatives","PSD_ABSOLUTE_CHANNEL_BAND","ds004504__EC","CN_vs_FTD","kTSP_k9_disjoint","T3_alpha_psd_abs",1
"tier4_pooled","pooled_condition","POOLED_EC_EO_subject_grouped","P0_derivative_amplitude_deciles","DERIVED_DECILES_ALL","POOLED_EC_EO_subject_grouped","AD_vs_FTD","kTSP_k9_disjoint","T3_beta_center",3
"tier1_main","single_condition","single_condition","P0_derivative_amplitude_deciles","RAW_DECILES","ds004504__EC","AD_vs_FTD","kTSP_k9_disjoint","T3_beta_D10",4
"tier1_main","single_condition","single_condition","P0_derivative_amplitude_deciles","RAW_DECILES","ds006036__EO_or_photomark","AD_vs_FTD","kTSP_k9_nondisjoint","T3_beta_D10",2
"tier1_main","single_condition","single_condition","P0_derivative_amplitude_deciles","RAW_DECILES","ds004504__EC","AD_vs_FTD","kTSP_k9_disjoint","T3_beta_D20",7
"tier1_main","single_condition","single_condition","P0_derivative_amplitude_deciles","RAW_DECILES","ds006036__EO_or_photomark","AD_vs_FTD","kTSP_k9_nondisjoint","T3_beta_D20",35
"tier1_main","single_condition","single_condition","P0_derivative_amplitude_deciles","RAW_DECILES","ds004504__EC","AD_vs_FTD","kTSP_k9_disjoint","T3_beta_D30",21
"tier1_main","single_condition","single_condition","P0_derivative_amplitude_deciles","RAW_DECILES","ds006036__EO_or_photomark","AD_vs_FTD","kTSP_k9_nondisjoint","T3_beta_D30",26
"tier1_main","single_condition","single_condition","P0_derivative_amplitude_deciles","RAW_DECILES","ds004504__EC","AD_vs_FTD","kTSP_k9_disjoint","T3_beta_D40",10
"tier1_main","single_condition","single_condition","P0_derivative_amplitude_deciles","RAW_DECILES","ds006036__EO_or_photomark","AD_vs_FTD","kTSP_k9_nondisjoint","T3_beta_D40",1
"tier1_main","single_condition","single_condition","P0_derivative_amplitude_deciles","RAW_DECILES","ds004504__EC","AD_vs_FTD","kTSP_k9_disjoint","T3_beta_D50",4
"tier1_main","single_condition","single_condition","P0_derivative_amplitude_deciles","RAW_DECILES","ds004504__EC","AD_vs_FTD","kTSP_k9_disjoint","T3_beta_D60",8
"tier1_main","single_condition","single_condition","P0_derivative_amplitude_deciles","RAW_DECILES","ds006036__EO_or_photomark","AD_vs_FTD","kTSP_k9_nondisjoint","T3_beta_D60",13
"tier1_main","single_condition","single_condition","P0_derivative_amplitude_deciles","RAW_DECILES","ds004504__EC","AD_vs_FTD","kTSP_k9_disjoint","T3_beta_D70",20
"tier1_main","single_condition","single_condition","P0_derivative_amplitude_deciles","RAW_DECILES","ds006036__EO_or_photomark","AD_vs_FTD","kTSP_k9_nondisjoint","T3_beta_D70",1
"tier1_main","single_condition","single_condition","P0_derivative_amplitude_deciles","RAW_DECILES","ds006036__EO_or_photomark","AD_vs_FTD","kTSP_k9_nondisjoint","T3_beta_D80",27
"tier1_main","single_condition","single_condition","P0_derivative_amplitude_deciles","RAW_DECILES","ds006036__EO_or_photomark","AD_vs_FTD","kTSP_k9_nondisjoint","T3_beta_D90",13
"tier1_main","single_condition","single_condition","P0_derivative_amplitude_deciles","DERIVED_DECILES_ALL","ds006036__EO_or_photomark","AD_vs_FTD","kTSP_k9_disjoint","T3_beta_lower_tail",14
"tier4_pooled","pooled_condition","POOLED_EC_EO_subject_grouped","P0_derivative_amplitude_deciles","DERIVED_DECILES_ALL","POOLED_EC_EO_subject_grouped","AD_vs_FTD","kTSP_k9_disjoint","T3_beta_lower_tail",17
"tier1_main","single_condition","single_condition","P0_derivative_amplitude_deciles","DERIVED_DECILES_ALL","ds006036__EO_or_photomark","CN_vs_FTD","kTSP_k9_disjoint","T3_beta_lower_tail",7
"tier4_pooled","pooled_condition","POOLED_EC_EO_subject_grouped","P0_derivative_amplitude_deciles","DERIVED_DECILES_ALL","POOLED_EC_EO_subject_grouped","CN_vs_FTD","kTSP_k9_disjoint","T3_beta_lower_tail",1
"tier1_main","single_condition","single_condition","P1_psd_bandpower_from_derivatives","PSD_ABSOLUTE_CHANNEL_BAND","ds004504__EC","AD_vs_FTD","kTSP_CV_disjoint","T3_beta_psd_abs",40
"tier1_main","single_condition","single_condition","P1_psd_bandpower_from_derivatives","PSD_ABSOLUTE_CHANNEL_BAND","ds006036__EO_or_photomark","CN_vs_FTD","kTSP_k3_disjoint","T3_beta_psd_abs",92
"tier1_main","single_condition","single_condition","P1_psd_bandpower_from_derivatives","PSD_ABSOLUTE_CHANNEL_BAND","ds004504__EC","AD_FTD_vs_CN","kTSP_k9_disjoint","T3_beta_psd_abs",1
"tier1_main","single_condition","single_condition","P1_psd_bandpower_from_derivatives","PSD_ABSOLUTE_CHANNEL_BAND","ds006036__EO_or_photomark","AD_FTD_vs_CN","kTSP_k9_disjoint","T3_beta_psd_abs",60
"tier1_main","single_condition","single_condition","P1_psd_bandpower_from_derivatives","PSD_ABSOLUTE_CHANNEL_BAND","ds006036__EO_or_photomark","AD_vs_CN","kTSP_k9_disjoint","T3_beta_psd_abs",9
"tier1_main","single_condition","single_condition","P1_psd_bandpower_from_derivatives","PSD_ABSOLUTE_CHANNEL_BAND","ds006036__EO_or_photomark","AD_vs_FTD","kTSP_k9_disjoint","T3_beta_psd_abs",46
"tier1_main","single_condition","single_condition","P0_derivative_amplitude_deciles","DERIVED_DECILES_ALL","ds004504__EC","AD_vs_FTD","kTSP_CV_nondisjoint","T3_beta_shape_asymmetry",4
"tier1_main","single_condition","single_condition","P0_derivative_amplitude_deciles","DERIVED_DECILES_ALL","ds006036__EO_or_photomark","AD_vs_FTD","kTSP_k9_disjoint","T3_beta_shape_asymmetry",11
"tier4_pooled","pooled_condition","POOLED_EC_EO_subject_grouped","P0_derivative_amplitude_deciles","DERIVED_DECILES_ALL","POOLED_EC_EO_subject_grouped","AD_vs_FTD","kTSP_k9_disjoint","T3_beta_shape_asymmetry",43
"tier1_main","single_condition","single_condition","P0_derivative_amplitude_deciles","DERIVED_DECILES_ALL","ds006036__EO_or_photomark","AD_vs_FTD","kTSP_k9_disjoint","T3_beta_spread_80_20",10
"tier4_pooled","pooled_condition","POOLED_EC_EO_subject_grouped","P0_derivative_amplitude_deciles","DERIVED_DECILES_ALL","POOLED_EC_EO_subject_grouped","AD_vs_FTD","kTSP_k9_disjoint","T3_beta_spread_80_20",13
"tier4_pooled","pooled_condition","POOLED_EC_EO_subject_grouped","P0_derivative_amplitude_deciles","DERIVED_DECILES_ALL","POOLED_EC_EO_subject_grouped","CN_vs_FTD","kTSP_k9_disjoint","T3_beta_spread_80_20",3
"tier1_main","single_condition","single_condition","P0_derivative_amplitude_deciles","DERIVED_DECILES_ALL","ds004504__EC","AD_vs_FTD","kTSP_CV_nondisjoint","T3_beta_spread_90_10",1
"tier1_main","single_condition","single_condition","P0_derivative_amplitude_deciles","DERIVED_DECILES_ALL","ds006036__EO_or_photomark","AD_vs_FTD","kTSP_k9_disjoint","T3_beta_spread_90_10",1
"tier4_pooled","pooled_condition","POOLED_EC_EO_subject_grouped","P0_derivative_amplitude_deciles","DERIVED_DECILES_ALL","POOLED_EC_EO_subject_grouped","AD_vs_FTD","kTSP_k9_disjoint","T3_beta_spread_90_10",52
"tier1_main","single_condition","single_condition","P0_derivative_amplitude_deciles","DERIVED_DECILES_ALL","ds004504__EC","AD_vs_FTD","kTSP_CV_nondisjoint","T3_beta_upper_tail",1
"tier1_main","single_condition","single_condition","P0_derivative_amplitude_deciles","DERIVED_DECILES_ALL","ds006036__EO_or_photomark","AD_vs_FTD","kTSP_k9_disjoint","T3_beta_upper_tail",8
"tier4_pooled","pooled_condition","POOLED_EC_EO_subject_grouped","P0_derivative_amplitude_deciles","DERIVED_DECILES_ALL","POOLED_EC_EO_subject_grouped","AD_vs_FTD","kTSP_k9_disjoint","T3_beta_upper_tail",39
"tier1_main","single_condition","single_condition","P0_derivative_amplitude_deciles","DERIVED_DECILES_ALL","ds006036__EO_or_photomark","CN_vs_FTD","kTSP_k9_disjoint","T3_beta_upper_tail",4
"tier4_pooled","pooled_condition","POOLED_EC_EO_subject_grouped","P0_derivative_amplitude_deciles","DERIVED_DECILES_ALL","POOLED_EC_EO_subject_grouped","CN_vs_FTD","kTSP_k9_disjoint","T3_beta_upper_tail",1
"tier1_main","single_condition","single_condition","P0_derivative_amplitude_deciles","RAW_DECILES","ds004504__EC","AD_vs_FTD","kTSP_k9_disjoint","T3_delta_D10",3
"tier1_main","single_condition","single_condition","P0_derivative_amplitude_deciles","RAW_DECILES","ds004504__EC","AD_vs_FTD","kTSP_k9_disjoint","T3_delta_D50",2
"tier1_main","single_condition","single_condition","P0_derivative_amplitude_deciles","RAW_DECILES","ds004504__EC","AD_vs_FTD","kTSP_k9_disjoint","T3_delta_D70",1
"tier1_main","single_condition","single_condition","P0_derivative_amplitude_deciles","DERIVED_DECILES_ALL","ds006036__EO_or_photomark","AD_vs_FTD","kTSP_k9_disjoint","T3_delta_lower_tail",1
"tier1_main","single_condition","single_condition","P1_psd_bandpower_from_derivatives","PSD_ABSOLUTE_CHANNEL_BAND","ds004504__EC","AD_vs_FTD","kTSP_CV_disjoint","T3_delta_psd_abs",22
"tier1_main","single_condition","single_condition","P1_psd_bandpower_from_derivatives","PSD_ABSOLUTE_CHANNEL_BAND","ds006036__EO_or_photomark","AD_vs_FTD","kTSP_k9_disjoint","T3_delta_psd_abs",1
"tier1_main","single_condition","single_condition","P0_derivative_amplitude_deciles","DERIVED_DECILES_ALL","ds004504__EC","AD_vs_FTD","kTSP_CV_nondisjoint","T3_delta_spread_90_10",3
"tier1_main","single_condition","single_condition","P0_derivative_amplitude_deciles","DERIVED_DECILES_ALL","ds004504__EC","AD_vs_FTD","kTSP_CV_nondisjoint","T3_delta_upper_tail",7
"tier1_main","single_condition","single_condition","P0_derivative_amplitude_deciles","DERIVED_DECILES_ALL","ds004504__EC","AD_vs_FTD","kTSP_CV_nondisjoint","T3_gamma_center",4
"tier1_main","single_condition","single_condition","P0_derivative_amplitude_deciles","DERIVED_DECILES_ALL","ds006036__EO_or_photomark","AD_vs_FTD","kTSP_k9_disjoint","T3_gamma_center",1
"tier4_pooled","pooled_condition","POOLED_EC_EO_subject_grouped","P0_derivative_amplitude_deciles","DERIVED_DECILES_ALL","POOLED_EC_EO_subject_grouped","AD_vs_FTD","kTSP_k9_disjoint","T3_gamma_center",6
"tier1_main","single_condition","single_condition","P0_derivative_amplitude_deciles","RAW_DECILES","ds006036__EO_or_photomark","CN_vs_FTD","kTSP_k5_disjoint","T3_gamma_D10",11
"tier1_main","single_condition","single_condition","P0_derivative_amplitude_deciles","RAW_DECILES","ds004504__EC","AD_vs_FTD","kTSP_k9_disjoint","T3_gamma_D10",31
"tier1_main","single_condition","single_condition","P0_derivative_amplitude_deciles","RAW_DECILES","ds004504__EC","CN_vs_FTD","kTSP_k9_disjoint","T3_gamma_D10",9
"tier1_main","single_condition","single_condition","P0_derivative_amplitude_deciles","RAW_DECILES","ds006036__EO_or_photomark","AD_vs_FTD","kTSP_k9_nondisjoint","T3_gamma_D10",39
"tier1_main","single_condition","single_condition","P0_derivative_amplitude_deciles","RAW_DECILES","ds006036__EO_or_photomark","CN_vs_FTD","kTSP_k5_disjoint","T3_gamma_D20",32
"tier1_main","single_condition","single_condition","P0_derivative_amplitude_deciles","RAW_DECILES","ds004504__EC","AD_vs_FTD","kTSP_k9_disjoint","T3_gamma_D20",73
"tier1_main","single_condition","single_condition","P0_derivative_amplitude_deciles","RAW_DECILES","ds004504__EC","CN_vs_FTD","kTSP_k9_disjoint","T3_gamma_D20",52
"tier1_main","single_condition","single_condition","P0_derivative_amplitude_deciles","RAW_DECILES","ds006036__EO_or_photomark","AD_vs_FTD","kTSP_k9_nondisjoint","T3_gamma_D20",73
"tier1_main","single_condition","single_condition","P0_derivative_amplitude_deciles","RAW_DECILES","ds006036__EO_or_photomark","CN_vs_FTD","kTSP_k5_disjoint","T3_gamma_D30",2
"tier1_main","single_condition","single_condition","P0_derivative_amplitude_deciles","RAW_DECILES","ds004504__EC","AD_vs_FTD","kTSP_k9_disjoint","T3_gamma_D30",15
"tier1_main","single_condition","single_condition","P0_derivative_amplitude_deciles","RAW_DECILES","ds004504__EC","CN_vs_FTD","kTSP_k9_disjoint","T3_gamma_D30",2
"tier1_main","single_condition","single_condition","P0_derivative_amplitude_deciles","RAW_DECILES","ds004504__EC","AD_vs_FTD","kTSP_k9_disjoint","T3_gamma_D70",6
"tier1_main","single_condition","single_condition","P0_derivative_amplitude_deciles","RAW_DECILES","ds004504__EC","CN_vs_FTD","kTSP_k9_disjoint","T3_gamma_D70",21
"tier1_main","single_condition","single_condition","P0_derivative_amplitude_deciles","RAW_DECILES","ds006036__EO_or_photomark","CN_vs_FTD","kTSP_k5_disjoint","T3_gamma_D80",35
"tier1_main","single_condition","single_condition","P0_derivative_amplitude_deciles","RAW_DECILES","ds004504__EC","AD_vs_FTD","kTSP_k9_disjoint","T3_gamma_D80",62
"tier1_main","single_condition","single_condition","P0_derivative_amplitude_deciles","RAW_DECILES","ds004504__EC","CN_vs_FTD","kTSP_k9_disjoint","T3_gamma_D80",43
"tier1_main","single_condition","single_condition","P0_derivative_amplitude_deciles","RAW_DECILES","ds006036__EO_or_photomark","AD_vs_FTD","kTSP_k9_nondisjoint","T3_gamma_D80",64
"tier1_main","single_condition","single_condition","P0_derivative_amplitude_deciles","RAW_DECILES","ds006036__EO_or_photomark","CN_vs_FTD","kTSP_k5_disjoint","T3_gamma_D90",15
"tier1_main","single_condition","single_condition","P0_derivative_amplitude_deciles","RAW_DECILES","ds004504__EC","AD_vs_FTD","kTSP_k9_disjoint","T3_gamma_D90",20
"tier1_main","single_condition","single_condition","P0_derivative_amplitude_deciles","RAW_DECILES","ds004504__EC","CN_vs_FTD","kTSP_k9_disjoint","T3_gamma_D90",6
"tier1_main","single_condition","single_condition","P0_derivative_amplitude_deciles","RAW_DECILES","ds006036__EO_or_photomark","AD_vs_FTD","kTSP_k9_nondisjoint","T3_gamma_D90",34
"tier1_main","single_condition","single_condition","P0_derivative_amplitude_deciles","DERIVED_DECILES_ALL","ds004504__EC","AD_vs_FTD","kTSP_CV_nondisjoint","T3_gamma_lower_tail",10
"tier1_main","single_condition","single_condition","P0_derivative_amplitude_deciles","DERIVED_DECILES_ALL","ds006036__EO_or_photomark","AD_vs_FTD","kTSP_k9_disjoint","T3_gamma_lower_tail",1
"tier4_pooled","pooled_condition","POOLED_EC_EO_subject_grouped","P0_derivative_amplitude_deciles","DERIVED_DECILES_ALL","POOLED_EC_EO_subject_grouped","AD_vs_FTD","kTSP_k9_disjoint","T3_gamma_lower_tail",9
"tier1_main","single_condition","single_condition","P0_derivative_amplitude_deciles","DERIVED_DECILES_ALL","ds004504__EC","CN_vs_FTD","kTSP_k9_disjoint","T3_gamma_lower_tail",20
"tier1_main","single_condition","single_condition","P0_derivative_amplitude_deciles","DERIVED_DECILES_ALL","ds006036__EO_or_photomark","CN_vs_FTD","kTSP_k9_disjoint","T3_gamma_lower_tail",1
"tier4_pooled","pooled_condition","POOLED_EC_EO_subject_grouped","P0_derivative_amplitude_deciles","DERIVED_DECILES_ALL","POOLED_EC_EO_subject_grouped","CN_vs_FTD","kTSP_k9_disjoint","T3_gamma_lower_tail",8
"tier1_main","single_condition","single_condition","P1_psd_bandpower_from_derivatives","PSD_ABSOLUTE_CHANNEL_BAND","ds004504__EC","AD_vs_FTD","kTSP_CV_disjoint","T3_gamma_psd_abs",8
"tier1_main","single_condition","single_condition","P1_psd_bandpower_from_derivatives","PSD_ABSOLUTE_CHANNEL_BAND","ds006036__EO_or_photomark","AD_vs_FTD","kTSP_k9_disjoint","T3_gamma_psd_abs",76
"tier1_main","single_condition","single_condition","P0_derivative_amplitude_deciles","DERIVED_DECILES_ALL","ds004504__EC","AD_vs_FTD","kTSP_CV_nondisjoint","T3_gamma_shape_asymmetry",1
"tier1_main","single_condition","single_condition","P0_derivative_amplitude_deciles","DERIVED_DECILES_ALL","ds004504__EC","CN_vs_FTD","kTSP_k9_disjoint","T3_gamma_shape_asymmetry",3
"tier1_main","single_condition","single_condition","P0_derivative_amplitude_deciles","DERIVED_DECILES_ALL","ds004504__EC","AD_vs_FTD","kTSP_CV_nondisjoint","T3_gamma_spread_80_20",1
"tier1_main","single_condition","single_condition","P0_derivative_amplitude_deciles","DERIVED_DECILES_ALL","ds006036__EO_or_photomark","AD_vs_FTD","kTSP_k9_disjoint","T3_gamma_spread_80_20",30
"tier4_pooled","pooled_condition","POOLED_EC_EO_subject_grouped","P0_derivative_amplitude_deciles","DERIVED_DECILES_ALL","POOLED_EC_EO_subject_grouped","AD_vs_FTD","kTSP_k9_disjoint","T3_gamma_spread_80_20",3
"tier1_main","single_condition","single_condition","P0_derivative_amplitude_deciles","DERIVED_DECILES_ALL","ds006036__EO_or_photomark","CN_vs_FTD","kTSP_k9_disjoint","T3_gamma_spread_80_20",9
"tier2_cross_condition","cross_condition_transfer","EC_train__EO_photo_test","P0_derivative_amplitude_deciles","DERIVED_DECILES_ALL","EC_train__EO_photo_test","CN_vs_FTD","kTSP_CV_disjoint","T3_gamma_spread_90_10",1
"tier1_main","single_condition","single_condition","P0_derivative_amplitude_deciles","DERIVED_DECILES_ALL","ds004504__EC","AD_vs_FTD","kTSP_CV_nondisjoint","T3_gamma_spread_90_10",4
"tier2_cross_condition","cross_condition_transfer","EO_photo_train__EC_test","P0_derivative_amplitude_deciles","DERIVED_DECILES_ALL","EO_photo_train__EC_test","CN_vs_FTD","kTSP_k3_disjoint","T3_gamma_spread_90_10",1
"tier1_main","single_condition","single_condition","P0_derivative_amplitude_deciles","DERIVED_DECILES_ALL","ds006036__EO_or_photomark","AD_FTD_vs_CN","kTSP_k9_disjoint","T3_gamma_spread_90_10",3
"tier4_pooled","pooled_condition","POOLED_EC_EO_subject_grouped","P0_derivative_amplitude_deciles","DERIVED_DECILES_ALL","POOLED_EC_EO_subject_grouped","AD_FTD_vs_CN","kTSP_k9_disjoint","T3_gamma_spread_90_10",2
"tier1_main","single_condition","single_condition","P0_derivative_amplitude_deciles","DERIVED_DECILES_ALL","ds006036__EO_or_photomark","AD_vs_FTD","kTSP_k9_disjoint","T3_gamma_spread_90_10",43
"tier2_cross_condition","cross_condition_transfer","EO_photo_train__EC_test","P0_derivative_amplitude_deciles","DERIVED_DECILES_ALL","EO_photo_train__EC_test","AD_vs_FTD","kTSP_k9_disjoint","T3_gamma_spread_90_10",1
"tier4_pooled","pooled_condition","POOLED_EC_EO_subject_grouped","P0_derivative_amplitude_deciles","DERIVED_DECILES_ALL","POOLED_EC_EO_subject_grouped","AD_vs_FTD","kTSP_k9_disjoint","T3_gamma_spread_90_10",83
"tier1_main","single_condition","single_condition","P0_derivative_amplitude_deciles","DERIVED_DECILES_ALL","ds004504__EC","CN_vs_FTD","kTSP_k9_disjoint","T3_gamma_spread_90_10",56
"tier1_main","single_condition","single_condition","P0_derivative_amplitude_deciles","DERIVED_DECILES_ALL","ds006036__EO_or_photomark","CN_vs_FTD","kTSP_k9_disjoint","T3_gamma_spread_90_10",44
"tier4_pooled","pooled_condition","POOLED_EC_EO_subject_grouped","P0_derivative_amplitude_deciles","DERIVED_DECILES_ALL","POOLED_EC_EO_subject_grouped","CN_vs_FTD","kTSP_k9_disjoint","T3_gamma_spread_90_10",90
"tier1_main","single_condition","single_condition","P0_derivative_amplitude_deciles","DERIVED_DECILES_ALL","ds004504__EC","AD_vs_FTD","kTSP_CV_nondisjoint","T3_gamma_upper_tail",8
"tier1_main","single_condition","single_condition","P0_derivative_amplitude_deciles","DERIVED_DECILES_ALL","ds006036__EO_or_photomark","AD_vs_FTD","kTSP_k9_disjoint","T3_gamma_upper_tail",1
"tier4_pooled","pooled_condition","POOLED_EC_EO_subject_grouped","P0_derivative_amplitude_deciles","DERIVED_DECILES_ALL","POOLED_EC_EO_subject_grouped","AD_vs_FTD","kTSP_k9_disjoint","T3_gamma_upper_tail",7
"tier1_main","single_condition","single_condition","P0_derivative_amplitude_deciles","DERIVED_DECILES_ALL","ds004504__EC","CN_vs_FTD","kTSP_k9_disjoint","T3_gamma_upper_tail",1
"tier4_pooled","pooled_condition","POOLED_EC_EO_subject_grouped","P0_derivative_amplitude_deciles","DERIVED_DECILES_ALL","POOLED_EC_EO_subject_grouped","CN_vs_FTD","kTSP_k9_disjoint","T3_gamma_upper_tail",1
"tier1_main","single_condition","single_condition","P0_derivative_amplitude_deciles","DERIVED_DECILES_ALL","ds006036__EO_or_photomark","AD_vs_FTD","kTSP_k9_disjoint","T3_theta_center",4
"tier1_main","single_condition","single_condition","P0_derivative_amplitude_deciles","RAW_DECILES","ds006036__EO_or_photomark","CN_vs_FTD","kTSP_k5_disjoint","T3_theta_D10",2
"tier1_main","single_condition","single_condition","P0_derivative_amplitude_deciles","RAW_DECILES","ds006036__EO_or_photomark","AD_FTD_vs_CN","kTSP_k9_disjoint","T3_theta_D10",2
"tier1_main","single_condition","single_condition","P0_derivative_amplitude_deciles","RAW_DECILES","ds006036__EO_or_photomark","AD_vs_CN","kTSP_k9_disjoint","T3_theta_D20",2
"tier1_main","single_condition","single_condition","P0_derivative_amplitude_deciles","RAW_DECILES","ds004504__EC","AD_vs_CN","kTSP_k9_disjoint","T3_theta_D30",5
"tier1_main","single_condition","single_condition","P0_derivative_amplitude_deciles","RAW_DECILES","ds006036__EO_or_photomark","AD_vs_CN","kTSP_k9_disjoint","T3_theta_D30",11
"tier1_main","single_condition","single_condition","P0_derivative_amplitude_deciles","RAW_DECILES","ds004504__EC","AD_vs_FTD","kTSP_k9_disjoint","T3_theta_D40",13
"tier1_main","single_condition","single_condition","P0_derivative_amplitude_deciles","RAW_DECILES","ds006036__EO_or_photomark","AD_vs_FTD","kTSP_k9_nondisjoint","T3_theta_D40",2
"tier1_main","single_condition","single_condition","P0_derivative_amplitude_deciles","RAW_DECILES","ds004504__EC","AD_vs_FTD","kTSP_k9_disjoint","T3_theta_D50",1
"tier1_main","single_condition","single_condition","P0_derivative_amplitude_deciles","RAW_DECILES","ds006036__EO_or_photomark","AD_vs_FTD","kTSP_k9_nondisjoint","T3_theta_D50",1
"tier1_main","single_condition","single_condition","P0_derivative_amplitude_deciles","RAW_DECILES","ds004504__EC","AD_FTD_vs_CN","kTSP_k9_disjoint","T3_theta_D60",7
"tier1_main","single_condition","single_condition","P0_derivative_amplitude_deciles","RAW_DECILES","ds004504__EC","AD_vs_CN","kTSP_k9_disjoint","T3_theta_D60",26
"tier1_main","single_condition","single_condition","P0_derivative_amplitude_deciles","RAW_DECILES","ds004504__EC","AD_vs_FTD","kTSP_k9_disjoint","T3_theta_D60",11
"tier1_main","single_condition","single_condition","P0_derivative_amplitude_deciles","RAW_DECILES","ds004504__EC","AD_vs_CN","kTSP_k9_disjoint","T3_theta_D70",3
"tier1_main","single_condition","single_condition","P0_derivative_amplitude_deciles","RAW_DECILES","ds006036__EO_or_photomark","AD_vs_CN","kTSP_k9_disjoint","T3_theta_D70",1
"tier1_main","single_condition","single_condition","P0_derivative_amplitude_deciles","RAW_DECILES","ds006036__EO_or_photomark","CN_vs_FTD","kTSP_k5_disjoint","T3_theta_D80",1
"tier1_main","single_condition","single_condition","P0_derivative_amplitude_deciles","RAW_DECILES","ds006036__EO_or_photomark","AD_FTD_vs_CN","kTSP_k9_disjoint","T3_theta_D80",9
"tier1_main","single_condition","single_condition","P0_derivative_amplitude_deciles","RAW_DECILES","ds006036__EO_or_photomark","AD_vs_CN","kTSP_k9_disjoint","T3_theta_D80",7
"tier1_main","single_condition","single_condition","P0_derivative_amplitude_deciles","DERIVED_DECILES_ALL","ds004504__EC","AD_FTD_vs_CN","kTSP_k9_disjoint","T3_theta_lower_tail",15
"tier1_main","single_condition","single_condition","P0_derivative_amplitude_deciles","DERIVED_DECILES_ALL","ds006036__EO_or_photomark","AD_FTD_vs_CN","kTSP_k9_disjoint","T3_theta_lower_tail",4
"tier4_pooled","pooled_condition","POOLED_EC_EO_subject_grouped","P0_derivative_amplitude_deciles","DERIVED_DECILES_ALL","POOLED_EC_EO_subject_grouped","AD_FTD_vs_CN","kTSP_k9_disjoint","T3_theta_lower_tail",8
"tier1_main","single_condition","single_condition","P0_derivative_amplitude_deciles","DERIVED_DECILES_ALL","ds004504__EC","AD_vs_CN","kTSP_k9_disjoint","T3_theta_lower_tail",11
"tier4_pooled","pooled_condition","POOLED_EC_EO_subject_grouped","P0_derivative_amplitude_deciles","DERIVED_DECILES_ALL","POOLED_EC_EO_subject_grouped","AD_vs_CN","kTSP_k9_disjoint","T3_theta_lower_tail",1
"tier4_pooled","pooled_condition","POOLED_EC_EO_subject_grouped","P0_derivative_amplitude_deciles","DERIVED_DECILES_ALL","POOLED_EC_EO_subject_grouped","AD_vs_FTD","kTSP_k9_disjoint","T3_theta_lower_tail",1
"tier1_main","single_condition","single_condition","P0_derivative_amplitude_deciles","DERIVED_DECILES_ALL","ds006036__EO_or_photomark","CN_vs_FTD","kTSP_k9_disjoint","T3_theta_lower_tail",3
"tier4_pooled","pooled_condition","POOLED_EC_EO_subject_grouped","P0_derivative_amplitude_deciles","DERIVED_DECILES_ALL","POOLED_EC_EO_subject_grouped","CN_vs_FTD","kTSP_k9_disjoint","T3_theta_lower_tail",2
"tier1_main","single_condition","single_condition","P1_psd_bandpower_from_derivatives","PSD_ABSOLUTE_CHANNEL_BAND","ds004504__EC","AD_vs_FTD","kTSP_CV_disjoint","T3_theta_psd_abs",15
"tier1_main","single_condition","single_condition","P1_psd_bandpower_from_derivatives","PSD_ABSOLUTE_CHANNEL_BAND","ds006036__EO_or_photomark","CN_vs_FTD","kTSP_k3_disjoint","T3_theta_psd_abs",7
"tier1_main","single_condition","single_condition","P1_psd_bandpower_from_derivatives","PSD_ABSOLUTE_CHANNEL_BAND","ds004504__EC","AD_FTD_vs_CN","kTSP_k9_disjoint","T3_theta_psd_abs",12
"tier1_main","single_condition","single_condition","P1_psd_bandpower_from_derivatives","PSD_ABSOLUTE_CHANNEL_BAND","ds006036__EO_or_photomark","AD_FTD_vs_CN","kTSP_k9_disjoint","T3_theta_psd_abs",24
"tier1_main","single_condition","single_condition","P1_psd_bandpower_from_derivatives","PSD_ABSOLUTE_CHANNEL_BAND","ds004504__EC","AD_vs_CN","kTSP_k9_disjoint","T3_theta_psd_abs",10
"tier1_main","single_condition","single_condition","P1_psd_bandpower_from_derivatives","PSD_ABSOLUTE_CHANNEL_BAND","ds006036__EO_or_photomark","AD_vs_CN","kTSP_k9_disjoint","T3_theta_psd_abs",15
"tier1_main","single_condition","single_condition","P1_psd_bandpower_from_derivatives","PSD_ABSOLUTE_CHANNEL_BAND","ds006036__EO_or_photomark","AD_vs_FTD","kTSP_k9_disjoint","T3_theta_psd_abs",22
"tier1_main","single_condition","single_condition","P0_derivative_amplitude_deciles","DERIVED_DECILES_ALL","ds006036__EO_or_photomark","AD_vs_FTD","kTSP_k9_disjoint","T3_theta_shape_asymmetry",3
"tier1_main","single_condition","single_condition","P0_derivative_amplitude_deciles","DERIVED_DECILES_ALL","ds006036__EO_or_photomark","AD_vs_FTD","kTSP_k9_disjoint","T3_theta_spread_80_20",4
"tier4_pooled","pooled_condition","POOLED_EC_EO_subject_grouped","P0_derivative_amplitude_deciles","DERIVED_DECILES_ALL","POOLED_EC_EO_subject_grouped","AD_vs_FTD","kTSP_k9_disjoint","T3_theta_spread_80_20",2
"tier1_main","single_condition","single_condition","P0_derivative_amplitude_deciles","DERIVED_DECILES_ALL","ds006036__EO_or_photomark","AD_FTD_vs_CN","kTSP_k9_disjoint","T3_theta_spread_90_10",5
"tier1_main","single_condition","single_condition","P0_derivative_amplitude_deciles","DERIVED_DECILES_ALL","ds006036__EO_or_photomark","AD_vs_CN","kTSP_k9_disjoint","T3_theta_spread_90_10",4
"tier1_main","single_condition","single_condition","P0_derivative_amplitude_deciles","DERIVED_DECILES_ALL","ds004504__EC","AD_FTD_vs_CN","kTSP_k9_disjoint","T3_theta_upper_tail",17
"tier1_main","single_condition","single_condition","P0_derivative_amplitude_deciles","DERIVED_DECILES_ALL","ds006036__EO_or_photomark","AD_FTD_vs_CN","kTSP_k9_disjoint","T3_theta_upper_tail",3
"tier4_pooled","pooled_condition","POOLED_EC_EO_subject_grouped","P0_derivative_amplitude_deciles","DERIVED_DECILES_ALL","POOLED_EC_EO_subject_grouped","AD_FTD_vs_CN","kTSP_k9_disjoint","T3_theta_upper_tail",6
"tier1_main","single_condition","single_condition","P0_derivative_amplitude_deciles","DERIVED_DECILES_ALL","ds004504__EC","AD_vs_CN","kTSP_k9_disjoint","T3_theta_upper_tail",16
"tier1_main","single_condition","single_condition","P0_derivative_amplitude_deciles","DERIVED_DECILES_ALL","ds006036__EO_or_photomark","AD_vs_CN","kTSP_k9_disjoint","T3_theta_upper_tail",3
"tier4_pooled","pooled_condition","POOLED_EC_EO_subject_grouped","P0_derivative_amplitude_deciles","DERIVED_DECILES_ALL","POOLED_EC_EO_subject_grouped","AD_vs_CN","kTSP_k9_disjoint","T3_theta_upper_tail",5
"tier1_main","single_condition","single_condition","P0_derivative_amplitude_deciles","DERIVED_DECILES_ALL","ds004504__EC","CN_vs_FTD","kTSP_k9_disjoint","T3_theta_upper_tail",8
"tier4_pooled","pooled_condition","POOLED_EC_EO_subject_grouped","P0_derivative_amplitude_deciles","DERIVED_DECILES_ALL","POOLED_EC_EO_subject_grouped","CN_vs_FTD","kTSP_k9_disjoint","T3_theta_upper_tail",1
"tier1_main","single_condition","single_condition","P0_derivative_amplitude_deciles","RAW_DECILES","ds004504__EC","CN_vs_FTD","kTSP_k9_disjoint","T4_alpha_D90",1
"tier1_main","single_condition","single_condition","P0_derivative_amplitude_deciles","DERIVED_DECILES_ALL","ds006036__EO_or_photomark","AD_vs_FTD","kTSP_k9_disjoint","T4_alpha_lower_tail",1
"tier1_main","single_condition","single_condition","P1_psd_bandpower_from_derivatives","PSD_ABSOLUTE_CHANNEL_BAND","ds004504__EC","AD_vs_FTD","kTSP_CV_disjoint","T4_alpha_psd_abs",2
"tier1_main","single_condition","single_condition","P1_psd_bandpower_from_derivatives","PSD_ABSOLUTE_CHANNEL_BAND","ds006036__EO_or_photomark","CN_vs_FTD","kTSP_k3_disjoint","T4_alpha_psd_abs",5
"tier1_main","single_condition","single_condition","P1_psd_bandpower_from_derivatives","PSD_ABSOLUTE_CHANNEL_BAND","ds004504__EC","AD_FTD_vs_CN","kTSP_k9_disjoint","T4_alpha_psd_abs",54
"tier1_main","single_condition","single_condition","P1_psd_bandpower_from_derivatives","PSD_ABSOLUTE_CHANNEL_BAND","ds006036__EO_or_photomark","AD_FTD_vs_CN","kTSP_k9_disjoint","T4_alpha_psd_abs",31
"tier1_main","single_condition","single_condition","P1_psd_bandpower_from_derivatives","PSD_ABSOLUTE_CHANNEL_BAND","ds004504__EC","AD_vs_CN","kTSP_k9_disjoint","T4_alpha_psd_abs",53
"tier1_main","single_condition","single_condition","P1_psd_bandpower_from_derivatives","PSD_ABSOLUTE_CHANNEL_BAND","ds006036__EO_or_photomark","AD_vs_CN","kTSP_k9_disjoint","T4_alpha_psd_abs",27
"tier1_main","single_condition","single_condition","P1_psd_bandpower_from_derivatives","PSD_ABSOLUTE_CHANNEL_BAND","ds006036__EO_or_photomark","AD_vs_FTD","kTSP_k9_disjoint","T4_alpha_psd_abs",15
"tier1_main","single_condition","single_condition","P1_psd_bandpower_from_derivatives","PSD_ABSOLUTE_CHANNEL_BAND","ds004504__EC","CN_vs_FTD","kTSP_k9_disjoint","T4_alpha_psd_abs",11
"tier1_main","single_condition","single_condition","P0_derivative_amplitude_deciles","DERIVED_DECILES_ALL","ds004504__EC","AD_vs_CN","kTSP_k9_disjoint","T4_alpha_spread_80_20",3
"tier1_main","single_condition","single_condition","P0_derivative_amplitude_deciles","DERIVED_DECILES_ALL","ds006036__EO_or_photomark","AD_vs_FTD","kTSP_k9_disjoint","T4_alpha_spread_80_20",1
"tier1_main","single_condition","single_condition","P0_derivative_amplitude_deciles","RAW_DECILES","ds006036__EO_or_photomark","AD_vs_FTD","kTSP_k9_nondisjoint","T4_beta_D20",1
"tier1_main","single_condition","single_condition","P0_derivative_amplitude_deciles","RAW_DECILES","ds004504__EC","AD_vs_FTD","kTSP_k9_disjoint","T4_beta_D50",1
"tier1_main","single_condition","single_condition","P0_derivative_amplitude_deciles","RAW_DECILES","ds006036__EO_or_photomark","AD_vs_FTD","kTSP_k9_nondisjoint","T4_beta_D70",1
"tier1_main","single_condition","single_condition","P0_derivative_amplitude_deciles","RAW_DECILES","ds006036__EO_or_photomark","AD_vs_FTD","kTSP_k9_nondisjoint","T4_beta_D80",1
"tier1_main","single_condition","single_condition","P1_psd_bandpower_from_derivatives","PSD_ABSOLUTE_CHANNEL_BAND","ds004504__EC","AD_FTD_vs_CN","kTSP_k9_disjoint","T4_beta_psd_abs",26
"tier1_main","single_condition","single_condition","P1_psd_bandpower_from_derivatives","PSD_ABSOLUTE_CHANNEL_BAND","ds004504__EC","AD_vs_CN","kTSP_k9_disjoint","T4_beta_psd_abs",29
"tier1_main","single_condition","single_condition","P1_psd_bandpower_from_derivatives","PSD_ABSOLUTE_CHANNEL_BAND","ds006036__EO_or_photomark","AD_vs_FTD","kTSP_k9_disjoint","T4_beta_psd_abs",2
"tier1_main","single_condition","single_condition","P1_psd_bandpower_from_derivatives","PSD_ABSOLUTE_CHANNEL_BAND","ds004504__EC","CN_vs_FTD","kTSP_k9_disjoint","T4_beta_psd_abs",5
"tier1_main","single_condition","single_condition","P0_derivative_amplitude_deciles","DERIVED_DECILES_ALL","ds004504__EC","AD_vs_FTD","kTSP_CV_nondisjoint","T4_beta_shape_asymmetry",3
"tier1_main","single_condition","single_condition","P0_derivative_amplitude_deciles","DERIVED_DECILES_ALL","ds006036__EO_or_photomark","AD_vs_FTD","kTSP_k9_disjoint","T4_beta_spread_80_20",1
"tier1_main","single_condition","single_condition","P0_derivative_amplitude_deciles","DERIVED_DECILES_ALL","ds004504__EC","CN_vs_FTD","kTSP_k9_disjoint","T4_beta_spread_80_20",1
"tier1_main","single_condition","single_condition","P0_derivative_amplitude_deciles","DERIVED_DECILES_ALL","ds004504__EC","AD_vs_FTD","kTSP_CV_nondisjoint","T4_delta_center",1
"tier1_main","single_condition","single_condition","P0_derivative_amplitude_deciles","RAW_DECILES","ds004504__EC","AD_vs_FTD","kTSP_k9_disjoint","T4_delta_D10",11
"tier1_main","single_condition","single_condition","P0_derivative_amplitude_deciles","RAW_DECILES","ds004504__EC","CN_vs_FTD","kTSP_k9_disjoint","T4_delta_D30",1
"tier1_main","single_condition","single_condition","P0_derivative_amplitude_deciles","RAW_DECILES","ds004504__EC","AD_vs_FTD","kTSP_k9_disjoint","T4_delta_D40",2
"tier1_main","single_condition","single_condition","P0_derivative_amplitude_deciles","RAW_DECILES","ds006036__EO_or_photomark","AD_vs_FTD","kTSP_k9_nondisjoint","T4_delta_D40",2
"tier1_main","single_condition","single_condition","P0_derivative_amplitude_deciles","RAW_DECILES","ds006036__EO_or_photomark","AD_vs_FTD","kTSP_k9_nondisjoint","T4_delta_D60",10
"tier1_main","single_condition","single_condition","P0_derivative_amplitude_deciles","RAW_DECILES","ds006036__EO_or_photomark","AD_vs_FTD","kTSP_k9_nondisjoint","T4_delta_D70",1
"tier1_main","single_condition","single_condition","P0_derivative_amplitude_deciles","RAW_DECILES","ds004504__EC","AD_vs_FTD","kTSP_k9_disjoint","T4_delta_D90",1
"tier1_main","single_condition","single_condition","P0_derivative_amplitude_deciles","DERIVED_DECILES_ALL","ds004504__EC","AD_vs_FTD","kTSP_CV_nondisjoint","T4_delta_lower_tail",2
"tier1_main","single_condition","single_condition","P0_derivative_amplitude_deciles","DERIVED_DECILES_ALL","ds006036__EO_or_photomark","AD_FTD_vs_CN","kTSP_k9_disjoint","T4_delta_lower_tail",3
"tier1_main","single_condition","single_condition","P0_derivative_amplitude_deciles","DERIVED_DECILES_ALL","ds006036__EO_or_photomark","AD_vs_CN","kTSP_k9_disjoint","T4_delta_lower_tail",5
"tier1_main","single_condition","single_condition","P1_psd_bandpower_from_derivatives","PSD_ABSOLUTE_CHANNEL_BAND","ds004504__EC","AD_vs_FTD","kTSP_CV_disjoint","T4_delta_psd_abs",41
"tier1_main","single_condition","single_condition","P1_psd_bandpower_from_derivatives","PSD_ABSOLUTE_CHANNEL_BAND","ds004504__EC","CN_vs_FTD","kTSP_k9_disjoint","T4_delta_psd_abs",1
"tier1_main","single_condition","single_condition","P0_derivative_amplitude_deciles","DERIVED_DECILES_ALL","ds004504__EC","AD_vs_FTD","kTSP_CV_nondisjoint","T4_delta_spread_80_20",1
"tier1_main","single_condition","single_condition","P0_derivative_amplitude_deciles","DERIVED_DECILES_ALL","ds004504__EC","AD_vs_FTD","kTSP_CV_nondisjoint","T4_delta_spread_90_10",6
"tier1_main","single_condition","single_condition","P0_derivative_amplitude_deciles","DERIVED_DECILES_ALL","ds004504__EC","AD_vs_FTD","kTSP_CV_nondisjoint","T4_delta_upper_tail",4
"tier1_main","single_condition","single_condition","P0_derivative_amplitude_deciles","DERIVED_DECILES_ALL","ds004504__EC","AD_vs_FTD","kTSP_CV_nondisjoint","T4_gamma_center",16
"tier4_pooled","pooled_condition","POOLED_EC_EO_subject_grouped","P0_derivative_amplitude_deciles","DERIVED_DECILES_ALL","POOLED_EC_EO_subject_grouped","AD_vs_FTD","kTSP_k9_disjoint","T4_gamma_center",1
"tier1_main","single_condition","single_condition","P0_derivative_amplitude_deciles","RAW_DECILES","ds006036__EO_or_photomark","CN_vs_FTD","kTSP_k5_disjoint","T4_gamma_D20",1
"tier1_main","single_condition","single_condition","P0_derivative_amplitude_deciles","RAW_DECILES","ds004504__EC","AD_FTD_vs_CN","kTSP_k9_disjoint","T4_gamma_D20",1
"tier1_main","single_condition","single_condition","P0_derivative_amplitude_deciles","RAW_DECILES","ds004504__EC","CN_vs_FTD","kTSP_k9_disjoint","T4_gamma_D20",2
"tier1_main","single_condition","single_condition","P0_derivative_amplitude_deciles","RAW_DECILES","ds004504__EC","CN_vs_FTD","kTSP_k9_disjoint","T4_gamma_D30",3
"tier1_main","single_condition","single_condition","P0_derivative_amplitude_deciles","RAW_DECILES","ds004504__EC","AD_vs_FTD","kTSP_k9_disjoint","T4_gamma_D50",2
"tier1_main","single_condition","single_condition","P0_derivative_amplitude_deciles","RAW_DECILES","ds004504__EC","AD_FTD_vs_CN","kTSP_k9_disjoint","T4_gamma_D70",1
"tier1_main","single_condition","single_condition","P0_derivative_amplitude_deciles","RAW_DECILES","ds004504__EC","CN_vs_FTD","kTSP_k9_disjoint","T4_gamma_D70",11
"tier1_main","single_condition","single_condition","P0_derivative_amplitude_deciles","RAW_DECILES","ds006036__EO_or_photomark","CN_vs_FTD","kTSP_k5_disjoint","T4_gamma_D80",1
"tier1_main","single_condition","single_condition","P0_derivative_amplitude_deciles","RAW_DECILES","ds004504__EC","CN_vs_FTD","kTSP_k9_disjoint","T4_gamma_D80",1
"tier1_main","single_condition","single_condition","P1_psd_bandpower_from_derivatives","PSD_ABSOLUTE_CHANNEL_BAND","ds004504__EC","AD_vs_FTD","kTSP_CV_disjoint","T4_gamma_psd_abs",1
"tier1_main","single_condition","single_condition","P1_psd_bandpower_from_derivatives","PSD_ABSOLUTE_CHANNEL_BAND","ds006036__EO_or_photomark","AD_vs_FTD","kTSP_k9_disjoint","T4_gamma_psd_abs",76
"tier1_main","single_condition","single_condition","P0_derivative_amplitude_deciles","DERIVED_DECILES_ALL","ds006036__EO_or_photomark","AD_vs_FTD","kTSP_k9_disjoint","T4_gamma_shape_asymmetry",19
"tier4_pooled","pooled_condition","POOLED_EC_EO_subject_grouped","P0_derivative_amplitude_deciles","DERIVED_DECILES_ALL","POOLED_EC_EO_subject_grouped","AD_vs_FTD","kTSP_k9_disjoint","T4_gamma_shape_asymmetry",5
"tier1_main","single_condition","single_condition","P0_derivative_amplitude_deciles","DERIVED_DECILES_ALL","ds006036__EO_or_photomark","CN_vs_FTD","kTSP_k9_disjoint","T4_gamma_shape_asymmetry",1
"tier2_cross_condition","cross_condition_transfer","EC_train__EO_photo_test","P0_derivative_amplitude_deciles","DERIVED_DECILES_ALL","EC_train__EO_photo_test","CN_vs_FTD","kTSP_CV_disjoint","T4_gamma_spread_90_10",1
"tier1_main","single_condition","single_condition","P0_derivative_amplitude_deciles","DERIVED_DECILES_ALL","ds004504__EC","AD_FTD_vs_CN","kTSP_k9_disjoint","T4_gamma_spread_90_10",6
"tier1_main","single_condition","single_condition","P0_derivative_amplitude_deciles","DERIVED_DECILES_ALL","ds006036__EO_or_photomark","AD_FTD_vs_CN","kTSP_k9_disjoint","T4_gamma_spread_90_10",2
"tier4_pooled","pooled_condition","POOLED_EC_EO_subject_grouped","P0_derivative_amplitude_deciles","DERIVED_DECILES_ALL","POOLED_EC_EO_subject_grouped","AD_FTD_vs_CN","kTSP_k9_disjoint","T4_gamma_spread_90_10",4
"tier1_main","single_condition","single_condition","P0_derivative_amplitude_deciles","DERIVED_DECILES_ALL","ds004504__EC","CN_vs_FTD","kTSP_k9_disjoint","T4_gamma_spread_90_10",33
"tier1_main","single_condition","single_condition","P0_derivative_amplitude_deciles","DERIVED_DECILES_ALL","ds006036__EO_or_photomark","CN_vs_FTD","kTSP_k9_disjoint","T4_gamma_spread_90_10",2
"tier4_pooled","pooled_condition","POOLED_EC_EO_subject_grouped","P0_derivative_amplitude_deciles","DERIVED_DECILES_ALL","POOLED_EC_EO_subject_grouped","CN_vs_FTD","kTSP_k9_disjoint","T4_gamma_spread_90_10",25
"tier1_main","single_condition","single_condition","P0_derivative_amplitude_deciles","DERIVED_DECILES_ALL","ds004504__EC","AD_vs_FTD","kTSP_CV_nondisjoint","T4_theta_center",26
"tier1_main","single_condition","single_condition","P0_derivative_amplitude_deciles","DERIVED_DECILES_ALL","ds006036__EO_or_photomark","AD_vs_FTD","kTSP_k9_disjoint","T4_theta_center",13
"tier1_main","single_condition","single_condition","P0_derivative_amplitude_deciles","DERIVED_DECILES_ALL","ds006036__EO_or_photomark","CN_vs_FTD","kTSP_k9_disjoint","T4_theta_center",8
"tier1_main","single_condition","single_condition","P0_derivative_amplitude_deciles","RAW_DECILES","ds004504__EC","CN_vs_FTD","kTSP_k9_disjoint","T4_theta_D10",1
"tier1_main","single_condition","single_condition","P0_derivative_amplitude_deciles","RAW_DECILES","ds004504__EC","AD_vs_CN","kTSP_k9_disjoint","T4_theta_D40",1
"tier1_main","single_condition","single_condition","P0_derivative_amplitude_deciles","RAW_DECILES","ds006036__EO_or_photomark","AD_vs_FTD","kTSP_k9_nondisjoint","T4_theta_D40",1
"tier1_main","single_condition","single_condition","P0_derivative_amplitude_deciles","RAW_DECILES","ds004504__EC","AD_vs_FTD","kTSP_k9_disjoint","T4_theta_D50",1
"tier1_main","single_condition","single_condition","P0_derivative_amplitude_deciles","RAW_DECILES","ds004504__EC","AD_FTD_vs_CN","kTSP_k9_disjoint","T4_theta_D60",1
"tier1_main","single_condition","single_condition","P0_derivative_amplitude_deciles","RAW_DECILES","ds004504__EC","AD_vs_CN","kTSP_k9_disjoint","T4_theta_D60",1
"tier1_main","single_condition","single_condition","P0_derivative_amplitude_deciles","RAW_DECILES","ds004504__EC","AD_vs_FTD","kTSP_k9_disjoint","T4_theta_D60",2
"tier1_main","single_condition","single_condition","P0_derivative_amplitude_deciles","DERIVED_DECILES_ALL","ds004504__EC","AD_FTD_vs_CN","kTSP_k9_disjoint","T4_theta_lower_tail",3
"tier1_main","single_condition","single_condition","P0_derivative_amplitude_deciles","DERIVED_DECILES_ALL","ds004504__EC","AD_vs_CN","kTSP_k9_disjoint","T4_theta_lower_tail",5
"tier1_main","single_condition","single_condition","P0_derivative_amplitude_deciles","DERIVED_DECILES_ALL","ds006036__EO_or_photomark","CN_vs_FTD","kTSP_k9_disjoint","T4_theta_lower_tail",2
"tier4_pooled","pooled_condition","POOLED_EC_EO_subject_grouped","P0_derivative_amplitude_deciles","DERIVED_DECILES_ALL","POOLED_EC_EO_subject_grouped","CN_vs_FTD","kTSP_k9_disjoint","T4_theta_lower_tail",3
"tier1_main","single_condition","single_condition","P1_psd_bandpower_from_derivatives","PSD_ABSOLUTE_CHANNEL_BAND","ds004504__EC","AD_vs_FTD","kTSP_CV_disjoint","T4_theta_psd_abs",5
"tier1_main","single_condition","single_condition","P1_psd_bandpower_from_derivatives","PSD_ABSOLUTE_CHANNEL_BAND","ds004504__EC","AD_FTD_vs_CN","kTSP_k9_disjoint","T4_theta_psd_abs",1
"tier1_main","single_condition","single_condition","P1_psd_bandpower_from_derivatives","PSD_ABSOLUTE_CHANNEL_BAND","ds004504__EC","AD_vs_CN","kTSP_k9_disjoint","T4_theta_psd_abs",7
"tier1_main","single_condition","single_condition","P1_psd_bandpower_from_derivatives","PSD_ABSOLUTE_CHANNEL_BAND","ds006036__EO_or_photomark","AD_vs_CN","kTSP_k9_disjoint","T4_theta_psd_abs",12
"tier1_main","single_condition","single_condition","P1_psd_bandpower_from_derivatives","PSD_ABSOLUTE_CHANNEL_BAND","ds006036__EO_or_photomark","AD_vs_FTD","kTSP_k9_disjoint","T4_theta_psd_abs",6
"tier1_main","single_condition","single_condition","P1_psd_bandpower_from_derivatives","PSD_ABSOLUTE_CHANNEL_BAND","ds004504__EC","CN_vs_FTD","kTSP_k9_disjoint","T4_theta_psd_abs",4
"tier1_main","single_condition","single_condition","P0_derivative_amplitude_deciles","DERIVED_DECILES_ALL","ds004504__EC","AD_vs_CN","kTSP_k9_disjoint","T4_theta_upper_tail",2
"tier1_main","single_condition","single_condition","P0_derivative_amplitude_deciles","DERIVED_DECILES_ALL","ds006036__EO_or_photomark","AD_vs_FTD","kTSP_k9_disjoint","T5_alpha_center",1
"tier1_main","single_condition","single_condition","P0_derivative_amplitude_deciles","RAW_DECILES","ds006036__EO_or_photomark","AD_FTD_vs_CN","kTSP_k9_disjoint","T5_alpha_D10",1
"tier1_main","single_condition","single_condition","P0_derivative_amplitude_deciles","RAW_DECILES","ds004504__EC","AD_vs_CN","kTSP_k9_disjoint","T5_alpha_D10",3
"tier1_main","single_condition","single_condition","P0_derivative_amplitude_deciles","RAW_DECILES","ds006036__EO_or_photomark","AD_vs_CN","kTSP_k9_disjoint","T5_alpha_D10",2
"tier1_main","single_condition","single_condition","P0_derivative_amplitude_deciles","RAW_DECILES","ds004504__EC","AD_FTD_vs_CN","kTSP_k9_disjoint","T5_alpha_D20",1
"tier1_main","single_condition","single_condition","P0_derivative_amplitude_deciles","RAW_DECILES","ds006036__EO_or_photomark","AD_FTD_vs_CN","kTSP_k9_disjoint","T5_alpha_D20",2
"tier1_main","single_condition","single_condition","P0_derivative_amplitude_deciles","RAW_DECILES","ds004504__EC","AD_vs_CN","kTSP_k9_disjoint","T5_alpha_D20",10
"tier1_main","single_condition","single_condition","P0_derivative_amplitude_deciles","RAW_DECILES","ds006036__EO_or_photomark","AD_vs_CN","kTSP_k9_disjoint","T5_alpha_D20",19
"tier1_main","single_condition","single_condition","P0_derivative_amplitude_deciles","RAW_DECILES","ds006036__EO_or_photomark","AD_vs_FTD","kTSP_k9_nondisjoint","T5_alpha_D20",1
"tier1_main","single_condition","single_condition","P0_derivative_amplitude_deciles","RAW_DECILES","ds006036__EO_or_photomark","CN_vs_FTD","kTSP_k5_disjoint","T5_alpha_D30",2
"tier1_main","single_condition","single_condition","P0_derivative_amplitude_deciles","RAW_DECILES","ds004504__EC","AD_FTD_vs_CN","kTSP_k9_disjoint","T5_alpha_D30",5
"tier1_main","single_condition","single_condition","P0_derivative_amplitude_deciles","RAW_DECILES","ds006036__EO_or_photomark","AD_FTD_vs_CN","kTSP_k9_disjoint","T5_alpha_D30",2
"tier1_main","single_condition","single_condition","P0_derivative_amplitude_deciles","RAW_DECILES","ds004504__EC","AD_vs_CN","kTSP_k9_disjoint","T5_alpha_D30",1
"tier1_main","single_condition","single_condition","P0_derivative_amplitude_deciles","RAW_DECILES","ds006036__EO_or_photomark","AD_vs_CN","kTSP_k9_disjoint","T5_alpha_D30",2
"tier1_main","single_condition","single_condition","P0_derivative_amplitude_deciles","RAW_DECILES","ds006036__EO_or_photomark","CN_vs_FTD","kTSP_k5_disjoint","T5_alpha_D40",2
"tier1_main","single_condition","single_condition","P0_derivative_amplitude_deciles","RAW_DECILES","ds006036__EO_or_photomark","CN_vs_FTD","kTSP_k5_disjoint","T5_alpha_D60",1
"tier1_main","single_condition","single_condition","P0_derivative_amplitude_deciles","RAW_DECILES","ds004504__EC","CN_vs_FTD","kTSP_k9_disjoint","T5_alpha_D60",1
"tier1_main","single_condition","single_condition","P0_derivative_amplitude_deciles","RAW_DECILES","ds006036__EO_or_photomark","CN_vs_FTD","kTSP_k5_disjoint","T5_alpha_D70",2
"tier1_main","single_condition","single_condition","P0_derivative_amplitude_deciles","RAW_DECILES","ds004504__EC","AD_FTD_vs_CN","kTSP_k9_disjoint","T5_alpha_D70",1
"tier1_main","single_condition","single_condition","P0_derivative_amplitude_deciles","RAW_DECILES","ds006036__EO_or_photomark","AD_FTD_vs_CN","kTSP_k9_disjoint","T5_alpha_D70",1
"tier1_main","single_condition","single_condition","P0_derivative_amplitude_deciles","RAW_DECILES","ds006036__EO_or_photomark","AD_vs_CN","kTSP_k9_disjoint","T5_alpha_D70",1
"tier1_main","single_condition","single_condition","P0_derivative_amplitude_deciles","RAW_DECILES","ds006036__EO_or_photomark","AD_FTD_vs_CN","kTSP_k9_disjoint","T5_alpha_D80",2
"tier1_main","single_condition","single_condition","P0_derivative_amplitude_deciles","RAW_DECILES","ds004504__EC","AD_vs_CN","kTSP_k9_disjoint","T5_alpha_D80",3
"tier1_main","single_condition","single_condition","P0_derivative_amplitude_deciles","RAW_DECILES","ds006036__EO_or_photomark","AD_vs_CN","kTSP_k9_disjoint","T5_alpha_D80",10
"tier1_main","single_condition","single_condition","P0_derivative_amplitude_deciles","RAW_DECILES","ds006036__EO_or_photomark","AD_vs_FTD","kTSP_k9_nondisjoint","T5_alpha_D80",1
"tier1_main","single_condition","single_condition","P0_derivative_amplitude_deciles","RAW_DECILES","ds004504__EC","AD_FTD_vs_CN","kTSP_k9_disjoint","T5_alpha_D90",1
"tier1_main","single_condition","single_condition","P0_derivative_amplitude_deciles","RAW_DECILES","ds006036__EO_or_photomark","AD_FTD_vs_CN","kTSP_k9_disjoint","T5_alpha_D90",10
"tier1_main","single_condition","single_condition","P0_derivative_amplitude_deciles","RAW_DECILES","ds004504__EC","AD_vs_CN","kTSP_k9_disjoint","T5_alpha_D90",5
"tier1_main","single_condition","single_condition","P0_derivative_amplitude_deciles","RAW_DECILES","ds006036__EO_or_photomark","AD_vs_CN","kTSP_k9_disjoint","T5_alpha_D90",5
"tier1_main","single_condition","single_condition","P0_derivative_amplitude_deciles","DERIVED_DECILES_ALL","ds004504__EC","AD_FTD_vs_CN","kTSP_k9_disjoint","T5_alpha_lower_tail",7
"tier1_main","single_condition","single_condition","P0_derivative_amplitude_deciles","DERIVED_DECILES_ALL","ds006036__EO_or_photomark","AD_FTD_vs_CN","kTSP_k9_disjoint","T5_alpha_lower_tail",1
"tier4_pooled","pooled_condition","POOLED_EC_EO_subject_grouped","P0_derivative_amplitude_deciles","DERIVED_DECILES_ALL","POOLED_EC_EO_subject_grouped","AD_FTD_vs_CN","kTSP_k9_disjoint","T5_alpha_lower_tail",2
"tier1_main","single_condition","single_condition","P0_derivative_amplitude_deciles","DERIVED_DECILES_ALL","ds004504__EC","AD_vs_CN","kTSP_k9_disjoint","T5_alpha_lower_tail",7
"tier1_main","single_condition","single_condition","P0_derivative_amplitude_deciles","DERIVED_DECILES_ALL","ds006036__EO_or_photomark","AD_vs_CN","kTSP_k9_disjoint","T5_alpha_lower_tail",3
"tier4_pooled","pooled_condition","POOLED_EC_EO_subject_grouped","P0_derivative_amplitude_deciles","DERIVED_DECILES_ALL","POOLED_EC_EO_subject_grouped","AD_vs_CN","kTSP_k9_disjoint","T5_alpha_lower_tail",4
"tier1_main","single_condition","single_condition","P0_derivative_amplitude_deciles","DERIVED_DECILES_ALL","ds006036__EO_or_photomark","AD_vs_FTD","kTSP_k9_disjoint","T5_alpha_lower_tail",1
"tier1_main","single_condition","single_condition","P1_psd_bandpower_from_derivatives","PSD_ABSOLUTE_CHANNEL_BAND","ds004504__EC","AD_vs_FTD","kTSP_CV_disjoint","T5_alpha_psd_abs",1
"tier1_main","single_condition","single_condition","P1_psd_bandpower_from_derivatives","PSD_ABSOLUTE_CHANNEL_BAND","ds004504__EC","AD_FTD_vs_CN","kTSP_k9_disjoint","T5_alpha_psd_abs",4
"tier1_main","single_condition","single_condition","P1_psd_bandpower_from_derivatives","PSD_ABSOLUTE_CHANNEL_BAND","ds006036__EO_or_photomark","AD_FTD_vs_CN","kTSP_k9_disjoint","T5_alpha_psd_abs",1
"tier1_main","single_condition","single_condition","P1_psd_bandpower_from_derivatives","PSD_ABSOLUTE_CHANNEL_BAND","ds004504__EC","AD_vs_CN","kTSP_k9_disjoint","T5_alpha_psd_abs",6
"tier1_main","single_condition","single_condition","P1_psd_bandpower_from_derivatives","PSD_ABSOLUTE_CHANNEL_BAND","ds006036__EO_or_photomark","AD_vs_CN","kTSP_k9_disjoint","T5_alpha_psd_abs",2
"tier1_main","single_condition","single_condition","P1_psd_bandpower_from_derivatives","PSD_ABSOLUTE_CHANNEL_BAND","ds006036__EO_or_photomark","AD_vs_FTD","kTSP_k9_disjoint","T5_alpha_psd_abs",16
"tier1_main","single_condition","single_condition","P1_psd_bandpower_from_derivatives","PSD_ABSOLUTE_CHANNEL_BAND","ds004504__EC","CN_vs_FTD","kTSP_k9_disjoint","T5_alpha_psd_abs",7
"tier1_main","single_condition","single_condition","P0_derivative_amplitude_deciles","DERIVED_DECILES_ALL","ds004504__EC","AD_vs_FTD","kTSP_CV_nondisjoint","T5_alpha_shape_asymmetry",7
"tier1_main","single_condition","single_condition","P0_derivative_amplitude_deciles","DERIVED_DECILES_ALL","ds006036__EO_or_photomark","AD_FTD_vs_CN","kTSP_k9_disjoint","T5_alpha_spread_90_10",1
"tier1_main","single_condition","single_condition","P0_derivative_amplitude_deciles","DERIVED_DECILES_ALL","ds006036__EO_or_photomark","AD_vs_FTD","kTSP_k9_disjoint","T5_alpha_spread_90_10",1
"tier2_cross_condition","cross_condition_transfer","EC_train__EO_photo_test","P0_derivative_amplitude_deciles","DERIVED_DECILES_ALL","EC_train__EO_photo_test","AD_vs_CN","kTSP_CV_disjoint","T5_alpha_upper_tail",1
"tier1_main","single_condition","single_condition","P0_derivative_amplitude_deciles","DERIVED_DECILES_ALL","ds004504__EC","AD_FTD_vs_CN","kTSP_k9_disjoint","T5_alpha_upper_tail",33
"tier1_main","single_condition","single_condition","P0_derivative_amplitude_deciles","DERIVED_DECILES_ALL","ds006036__EO_or_photomark","AD_FTD_vs_CN","kTSP_k9_disjoint","T5_alpha_upper_tail",5
"tier4_pooled","pooled_condition","POOLED_EC_EO_subject_grouped","P0_derivative_amplitude_deciles","DERIVED_DECILES_ALL","POOLED_EC_EO_subject_grouped","AD_FTD_vs_CN","kTSP_k9_disjoint","T5_alpha_upper_tail",4
"tier1_main","single_condition","single_condition","P0_derivative_amplitude_deciles","DERIVED_DECILES_ALL","ds004504__EC","AD_vs_CN","kTSP_k9_disjoint","T5_alpha_upper_tail",64
"tier1_main","single_condition","single_condition","P0_derivative_amplitude_deciles","DERIVED_DECILES_ALL","ds006036__EO_or_photomark","AD_vs_CN","kTSP_k9_disjoint","T5_alpha_upper_tail",9
"tier4_pooled","pooled_condition","POOLED_EC_EO_subject_grouped","P0_derivative_amplitude_deciles","DERIVED_DECILES_ALL","POOLED_EC_EO_subject_grouped","AD_vs_CN","kTSP_k9_disjoint","T5_alpha_upper_tail",12
"tier1_main","single_condition","single_condition","P0_derivative_amplitude_deciles","DERIVED_DECILES_ALL","ds006036__EO_or_photomark","AD_vs_FTD","kTSP_k9_disjoint","T5_alpha_upper_tail",1
"tier1_main","single_condition","single_condition","P0_derivative_amplitude_deciles","RAW_DECILES","ds004504__EC","AD_vs_CN","kTSP_k9_disjoint","T5_beta_D20",1
"tier1_main","single_condition","single_condition","P0_derivative_amplitude_deciles","RAW_DECILES","ds004504__EC","CN_vs_FTD","kTSP_k9_disjoint","T5_beta_D20",1
"tier1_main","single_condition","single_condition","P0_derivative_amplitude_deciles","RAW_DECILES","ds006036__EO_or_photomark","CN_vs_FTD","kTSP_k5_disjoint","T5_beta_D30",1
"tier1_main","single_condition","single_condition","P0_derivative_amplitude_deciles","RAW_DECILES","ds004504__EC","AD_vs_CN","kTSP_k9_disjoint","T5_beta_D30",1
"tier1_main","single_condition","single_condition","P0_derivative_amplitude_deciles","RAW_DECILES","ds004504__EC","AD_vs_FTD","kTSP_k9_disjoint","T5_beta_D50",1
"tier1_main","single_condition","single_condition","P0_derivative_amplitude_deciles","RAW_DECILES","ds006036__EO_or_photomark","AD_vs_FTD","kTSP_k9_nondisjoint","T5_beta_D60",2
"tier1_main","single_condition","single_condition","P0_derivative_amplitude_deciles","RAW_DECILES","ds006036__EO_or_photomark","CN_vs_FTD","kTSP_k5_disjoint","T5_beta_D70",1
"tier1_main","single_condition","single_condition","P0_derivative_amplitude_deciles","RAW_DECILES","ds004504__EC","AD_vs_CN","kTSP_k9_disjoint","T5_beta_D70",5
"tier1_main","single_condition","single_condition","P0_derivative_amplitude_deciles","RAW_DECILES","ds004504__EC","CN_vs_FTD","kTSP_k9_disjoint","T5_beta_D70",5
"tier1_main","single_condition","single_condition","P0_derivative_amplitude_deciles","RAW_DECILES","ds006036__EO_or_photomark","AD_vs_FTD","kTSP_k9_nondisjoint","T5_beta_D70",1
"tier1_main","single_condition","single_condition","P0_derivative_amplitude_deciles","RAW_DECILES","ds004504__EC","AD_vs_FTD","kTSP_k9_disjoint","T5_beta_D80",1
"tier1_main","single_condition","single_condition","P0_derivative_amplitude_deciles","RAW_DECILES","ds004504__EC","AD_FTD_vs_CN","kTSP_k9_disjoint","T5_beta_D90",1
"tier1_main","single_condition","single_condition","P0_derivative_amplitude_deciles","RAW_DECILES","ds004504__EC","AD_vs_CN","kTSP_k9_disjoint","T5_beta_D90",4
"tier1_main","single_condition","single_condition","P0_derivative_amplitude_deciles","RAW_DECILES","ds006036__EO_or_photomark","AD_vs_FTD","kTSP_k9_nondisjoint","T5_beta_D90",1
"tier1_main","single_condition","single_condition","P0_derivative_amplitude_deciles","DERIVED_DECILES_ALL","ds004504__EC","AD_FTD_vs_CN","kTSP_k9_disjoint","T5_beta_lower_tail",1
"tier1_main","single_condition","single_condition","P0_derivative_amplitude_deciles","DERIVED_DECILES_ALL","ds006036__EO_or_photomark","AD_FTD_vs_CN","kTSP_k9_disjoint","T5_beta_lower_tail",5
"tier4_pooled","pooled_condition","POOLED_EC_EO_subject_grouped","P0_derivative_amplitude_deciles","DERIVED_DECILES_ALL","POOLED_EC_EO_subject_grouped","AD_FTD_vs_CN","kTSP_k9_disjoint","T5_beta_lower_tail",1
"tier1_main","single_condition","single_condition","P0_derivative_amplitude_deciles","DERIVED_DECILES_ALL","ds004504__EC","AD_vs_CN","kTSP_k9_disjoint","T5_beta_lower_tail",1
"tier1_main","single_condition","single_condition","P0_derivative_amplitude_deciles","DERIVED_DECILES_ALL","ds006036__EO_or_photomark","AD_vs_FTD","kTSP_k9_disjoint","T5_beta_lower_tail",8
"tier4_pooled","pooled_condition","POOLED_EC_EO_subject_grouped","P0_derivative_amplitude_deciles","DERIVED_DECILES_ALL","POOLED_EC_EO_subject_grouped","AD_vs_FTD","kTSP_k9_disjoint","T5_beta_lower_tail",2
"tier1_main","single_condition","single_condition","P0_derivative_amplitude_deciles","DERIVED_DECILES_ALL","ds004504__EC","CN_vs_FTD","kTSP_k9_disjoint","T5_beta_lower_tail",2
"tier4_pooled","pooled_condition","POOLED_EC_EO_subject_grouped","P0_derivative_amplitude_deciles","DERIVED_DECILES_ALL","POOLED_EC_EO_subject_grouped","CN_vs_FTD","kTSP_k9_disjoint","T5_beta_lower_tail",1
"tier1_main","single_condition","single_condition","P1_psd_bandpower_from_derivatives","PSD_ABSOLUTE_CHANNEL_BAND","ds004504__EC","AD_FTD_vs_CN","kTSP_k9_disjoint","T5_beta_psd_abs",11
"tier1_main","single_condition","single_condition","P1_psd_bandpower_from_derivatives","PSD_ABSOLUTE_CHANNEL_BAND","ds004504__EC","AD_vs_CN","kTSP_k9_disjoint","T5_beta_psd_abs",5
"tier1_main","single_condition","single_condition","P1_psd_bandpower_from_derivatives","PSD_ABSOLUTE_CHANNEL_BAND","ds006036__EO_or_photomark","AD_vs_CN","kTSP_k9_disjoint","T5_beta_psd_abs",1
"tier1_main","single_condition","single_condition","P1_psd_bandpower_from_derivatives","PSD_ABSOLUTE_CHANNEL_BAND","ds006036__EO_or_photomark","AD_vs_FTD","kTSP_k9_disjoint","T5_beta_psd_abs",82
"tier1_main","single_condition","single_condition","P1_psd_bandpower_from_derivatives","PSD_ABSOLUTE_CHANNEL_BAND","ds004504__EC","CN_vs_FTD","kTSP_k9_disjoint","T5_beta_psd_abs",3
"tier1_main","single_condition","single_condition","P0_derivative_amplitude_deciles","DERIVED_DECILES_ALL","ds004504__EC","AD_vs_FTD","kTSP_CV_nondisjoint","T5_beta_shape_asymmetry",5
"tier1_main","single_condition","single_condition","P0_derivative_amplitude_deciles","DERIVED_DECILES_ALL","ds006036__EO_or_photomark","AD_vs_FTD","kTSP_k9_disjoint","T5_beta_shape_asymmetry",2
"tier4_pooled","pooled_condition","POOLED_EC_EO_subject_grouped","P0_derivative_amplitude_deciles","DERIVED_DECILES_ALL","POOLED_EC_EO_subject_grouped","AD_vs_FTD","kTSP_k9_disjoint","T5_beta_shape_asymmetry",1
"tier1_main","single_condition","single_condition","P0_derivative_amplitude_deciles","DERIVED_DECILES_ALL","ds004504__EC","AD_vs_FTD","kTSP_CV_nondisjoint","T5_beta_spread_80_20",1
"tier4_pooled","pooled_condition","POOLED_EC_EO_subject_grouped","P0_derivative_amplitude_deciles","DERIVED_DECILES_ALL","POOLED_EC_EO_subject_grouped","AD_vs_FTD","kTSP_k9_disjoint","T5_beta_spread_80_20",14
"tier2_cross_condition","cross_condition_transfer","EC_train__EO_photo_test","P0_derivative_amplitude_deciles","DERIVED_DECILES_ALL","EC_train__EO_photo_test","AD_vs_CN","kTSP_CV_disjoint","T5_beta_spread_90_10",1
"tier1_main","single_condition","single_condition","P0_derivative_amplitude_deciles","DERIVED_DECILES_ALL","ds004504__EC","AD_vs_FTD","kTSP_CV_nondisjoint","T5_beta_spread_90_10",1
"tier1_main","single_condition","single_condition","P0_derivative_amplitude_deciles","DERIVED_DECILES_ALL","ds004504__EC","AD_FTD_vs_CN","kTSP_k9_disjoint","T5_beta_spread_90_10",10
"tier1_main","single_condition","single_condition","P0_derivative_amplitude_deciles","DERIVED_DECILES_ALL","ds004504__EC","AD_vs_CN","kTSP_k9_disjoint","T5_beta_spread_90_10",57
"tier1_main","single_condition","single_condition","P0_derivative_amplitude_deciles","DERIVED_DECILES_ALL","ds006036__EO_or_photomark","AD_vs_CN","kTSP_k9_disjoint","T5_beta_spread_90_10",3
"tier4_pooled","pooled_condition","POOLED_EC_EO_subject_grouped","P0_derivative_amplitude_deciles","DERIVED_DECILES_ALL","POOLED_EC_EO_subject_grouped","AD_vs_CN","kTSP_k9_disjoint","T5_beta_spread_90_10",14
"tier1_main","single_condition","single_condition","P0_derivative_amplitude_deciles","DERIVED_DECILES_ALL","ds006036__EO_or_photomark","AD_vs_FTD","kTSP_k9_disjoint","T5_beta_spread_90_10",13
"tier4_pooled","pooled_condition","POOLED_EC_EO_subject_grouped","P0_derivative_amplitude_deciles","DERIVED_DECILES_ALL","POOLED_EC_EO_subject_grouped","AD_vs_FTD","kTSP_k9_disjoint","T5_beta_spread_90_10",5
"tier1_main","single_condition","single_condition","P0_derivative_amplitude_deciles","DERIVED_DECILES_ALL","ds004504__EC","AD_FTD_vs_CN","kTSP_k9_disjoint","T5_beta_upper_tail",2
"tier1_main","single_condition","single_condition","P0_derivative_amplitude_deciles","DERIVED_DECILES_ALL","ds006036__EO_or_photomark","AD_FTD_vs_CN","kTSP_k9_disjoint","T5_beta_upper_tail",5
"tier1_main","single_condition","single_condition","P0_derivative_amplitude_deciles","DERIVED_DECILES_ALL","ds006036__EO_or_photomark","AD_vs_FTD","kTSP_k9_disjoint","T5_beta_upper_tail",3
"tier1_main","single_condition","single_condition","P0_derivative_amplitude_deciles","DERIVED_DECILES_ALL","ds004504__EC","CN_vs_FTD","kTSP_k9_disjoint","T5_beta_upper_tail",3
"tier1_main","single_condition","single_condition","P0_derivative_amplitude_deciles","RAW_DECILES","ds004504__EC","AD_vs_FTD","kTSP_k9_disjoint","T5_delta_D10",1
"tier1_main","single_condition","single_condition","P0_derivative_amplitude_deciles","RAW_DECILES","ds004504__EC","AD_vs_FTD","kTSP_k9_disjoint","T5_delta_D20",1
"tier1_main","single_condition","single_condition","P0_derivative_amplitude_deciles","RAW_DECILES","ds004504__EC","AD_vs_FTD","kTSP_k9_disjoint","T5_delta_D30",1
"tier1_main","single_condition","single_condition","P0_derivative_amplitude_deciles","RAW_DECILES","ds004504__EC","CN_vs_FTD","kTSP_k9_disjoint","T5_delta_D30",1
"tier1_main","single_condition","single_condition","P0_derivative_amplitude_deciles","RAW_DECILES","ds004504__EC","AD_vs_FTD","kTSP_k9_disjoint","T5_delta_D80",1
"tier1_main","single_condition","single_condition","P0_derivative_amplitude_deciles","RAW_DECILES","ds004504__EC","AD_vs_FTD","kTSP_k9_disjoint","T5_delta_D90",3
"tier1_main","single_condition","single_condition","P0_derivative_amplitude_deciles","DERIVED_DECILES_ALL","ds004504__EC","AD_vs_FTD","kTSP_CV_nondisjoint","T5_delta_lower_tail",1
"tier1_main","single_condition","single_condition","P1_psd_bandpower_from_derivatives","PSD_ABSOLUTE_CHANNEL_BAND","ds004504__EC","AD_vs_FTD","kTSP_CV_disjoint","T5_delta_psd_abs",29
"tier1_main","single_condition","single_condition","P0_derivative_amplitude_deciles","DERIVED_DECILES_ALL","ds004504__EC","AD_vs_FTD","kTSP_CV_nondisjoint","T5_delta_spread_80_20",1
"tier1_main","single_condition","single_condition","P0_derivative_amplitude_deciles","DERIVED_DECILES_ALL","ds004504__EC","AD_vs_FTD","kTSP_CV_nondisjoint","T5_delta_spread_90_10",4
"tier1_main","single_condition","single_condition","P0_derivative_amplitude_deciles","RAW_DECILES","ds006036__EO_or_photomark","CN_vs_FTD","kTSP_k5_disjoint","T5_gamma_D30",10
"tier1_main","single_condition","single_condition","P0_derivative_amplitude_deciles","RAW_DECILES","ds006036__EO_or_photomark","CN_vs_FTD","kTSP_k5_disjoint","T5_gamma_D70",8
"tier1_main","single_condition","single_condition","P0_derivative_amplitude_deciles","RAW_DECILES","ds006036__EO_or_photomark","AD_vs_FTD","kTSP_k9_nondisjoint","T5_gamma_D70",9
"tier4_pooled","pooled_condition","POOLED_EC_EO_subject_grouped","P0_derivative_amplitude_deciles","DERIVED_DECILES_ALL","POOLED_EC_EO_subject_grouped","AD_vs_FTD","kTSP_k9_disjoint","T5_gamma_lower_tail",5
"tier1_main","single_condition","single_condition","P1_psd_bandpower_from_derivatives","PSD_ABSOLUTE_CHANNEL_BAND","ds004504__EC","AD_vs_FTD","kTSP_CV_disjoint","T5_gamma_psd_abs",49
"tier1_main","single_condition","single_condition","P1_psd_bandpower_from_derivatives","PSD_ABSOLUTE_CHANNEL_BAND","ds006036__EO_or_photomark","AD_vs_FTD","kTSP_k9_disjoint","T5_gamma_psd_abs",12
"tier1_main","single_condition","single_condition","P0_derivative_amplitude_deciles","DERIVED_DECILES_ALL","ds004504__EC","AD_vs_FTD","kTSP_CV_nondisjoint","T5_gamma_shape_asymmetry",7
"tier4_pooled","pooled_condition","POOLED_EC_EO_subject_grouped","P0_derivative_amplitude_deciles","DERIVED_DECILES_ALL","POOLED_EC_EO_subject_grouped","AD_vs_FTD","kTSP_k9_disjoint","T5_gamma_spread_80_20",2
"tier2_cross_condition","cross_condition_transfer","EO_photo_train__EC_test","P0_derivative_amplitude_deciles","DERIVED_DECILES_ALL","EO_photo_train__EC_test","CN_vs_FTD","kTSP_k3_disjoint","T5_gamma_spread_90_10",1
"tier1_main","single_condition","single_condition","P0_derivative_amplitude_deciles","DERIVED_DECILES_ALL","ds006036__EO_or_photomark","AD_FTD_vs_CN","kTSP_k9_disjoint","T5_gamma_spread_90_10",1
"tier1_main","single_condition","single_condition","P0_derivative_amplitude_deciles","DERIVED_DECILES_ALL","ds006036__EO_or_photomark","AD_vs_FTD","kTSP_k9_disjoint","T5_gamma_spread_90_10",6
"tier4_pooled","pooled_condition","POOLED_EC_EO_subject_grouped","P0_derivative_amplitude_deciles","DERIVED_DECILES_ALL","POOLED_EC_EO_subject_grouped","AD_vs_FTD","kTSP_k9_disjoint","T5_gamma_spread_90_10",2
"tier1_main","single_condition","single_condition","P0_derivative_amplitude_deciles","DERIVED_DECILES_ALL","ds004504__EC","CN_vs_FTD","kTSP_k9_disjoint","T5_gamma_spread_90_10",1
"tier1_main","single_condition","single_condition","P0_derivative_amplitude_deciles","DERIVED_DECILES_ALL","ds006036__EO_or_photomark","CN_vs_FTD","kTSP_k9_disjoint","T5_gamma_spread_90_10",29
"tier4_pooled","pooled_condition","POOLED_EC_EO_subject_grouped","P0_derivative_amplitude_deciles","DERIVED_DECILES_ALL","POOLED_EC_EO_subject_grouped","CN_vs_FTD","kTSP_k9_disjoint","T5_gamma_spread_90_10",3
"tier4_pooled","pooled_condition","POOLED_EC_EO_subject_grouped","P0_derivative_amplitude_deciles","DERIVED_DECILES_ALL","POOLED_EC_EO_subject_grouped","AD_vs_FTD","kTSP_k9_disjoint","T5_gamma_upper_tail",2
"tier1_main","single_condition","single_condition","P0_derivative_amplitude_deciles","DERIVED_DECILES_ALL","ds006036__EO_or_photomark","AD_vs_FTD","kTSP_k9_disjoint","T5_theta_center",19
"tier2_cross_condition","cross_condition_transfer","EO_photo_train__EC_test","P0_derivative_amplitude_deciles","DERIVED_DECILES_ALL","EO_photo_train__EC_test","AD_vs_FTD","kTSP_k9_disjoint","T5_theta_center",1
"tier1_main","single_condition","single_condition","P0_derivative_amplitude_deciles","RAW_DECILES","ds004504__EC","AD_FTD_vs_CN","kTSP_k9_disjoint","T5_theta_D10",2
"tier1_main","single_condition","single_condition","P0_derivative_amplitude_deciles","RAW_DECILES","ds004504__EC","AD_vs_CN","kTSP_k9_disjoint","T5_theta_D10",2
"tier1_main","single_condition","single_condition","P0_derivative_amplitude_deciles","RAW_DECILES","ds004504__EC","AD_vs_FTD","kTSP_k9_disjoint","T5_theta_D30",1
"tier1_main","single_condition","single_condition","P0_derivative_amplitude_deciles","RAW_DECILES","ds006036__EO_or_photomark","AD_vs_FTD","kTSP_k9_nondisjoint","T5_theta_D50",6
"tier1_main","single_condition","single_condition","P0_derivative_amplitude_deciles","RAW_DECILES","ds004504__EC","AD_FTD_vs_CN","kTSP_k9_disjoint","T5_theta_D90",2
"tier1_main","single_condition","single_condition","P1_psd_bandpower_from_derivatives","PSD_ABSOLUTE_CHANNEL_BAND","ds004504__EC","AD_vs_FTD","kTSP_CV_disjoint","T5_theta_psd_abs",1
"tier1_main","single_condition","single_condition","P1_psd_bandpower_from_derivatives","PSD_ABSOLUTE_CHANNEL_BAND","ds004504__EC","AD_FTD_vs_CN","kTSP_k9_disjoint","T5_theta_psd_abs",10
"tier1_main","single_condition","single_condition","P1_psd_bandpower_from_derivatives","PSD_ABSOLUTE_CHANNEL_BAND","ds004504__EC","AD_vs_CN","kTSP_k9_disjoint","T5_theta_psd_abs",60
"tier1_main","single_condition","single_condition","P1_psd_bandpower_from_derivatives","PSD_ABSOLUTE_CHANNEL_BAND","ds004504__EC","CN_vs_FTD","kTSP_k9_disjoint","T5_theta_psd_abs",2
"tier1_main","single_condition","single_condition","P0_derivative_amplitude_deciles","DERIVED_DECILES_ALL","ds006036__EO_or_photomark","AD_vs_FTD","kTSP_k9_disjoint","T5_theta_shape_asymmetry",56
"tier2_cross_condition","cross_condition_transfer","EO_photo_train__EC_test","P0_derivative_amplitude_deciles","DERIVED_DECILES_ALL","EO_photo_train__EC_test","AD_vs_FTD","kTSP_k9_disjoint","T5_theta_shape_asymmetry",1
"tier4_pooled","pooled_condition","POOLED_EC_EO_subject_grouped","P0_derivative_amplitude_deciles","DERIVED_DECILES_ALL","POOLED_EC_EO_subject_grouped","AD_vs_FTD","kTSP_k9_disjoint","T5_theta_shape_asymmetry",1
"tier1_main","single_condition","single_condition","P0_derivative_amplitude_deciles","DERIVED_DECILES_ALL","ds004504__EC","AD_FTD_vs_CN","kTSP_k9_disjoint","T5_theta_spread_90_10",7
"tier4_pooled","pooled_condition","POOLED_EC_EO_subject_grouped","P0_derivative_amplitude_deciles","DERIVED_DECILES_ALL","POOLED_EC_EO_subject_grouped","AD_FTD_vs_CN","kTSP_k9_disjoint","T5_theta_spread_90_10",1
"tier1_main","single_condition","single_condition","P0_derivative_amplitude_deciles","DERIVED_DECILES_ALL","ds004504__EC","AD_vs_CN","kTSP_k9_disjoint","T5_theta_spread_90_10",8
"tier1_main","single_condition","single_condition","P0_derivative_amplitude_deciles","DERIVED_DECILES_ALL","ds006036__EO_or_photomark","AD_vs_CN","kTSP_k9_disjoint","T5_theta_spread_90_10",5
"tier4_pooled","pooled_condition","POOLED_EC_EO_subject_grouped","P0_derivative_amplitude_deciles","DERIVED_DECILES_ALL","POOLED_EC_EO_subject_grouped","AD_vs_CN","kTSP_k9_disjoint","T5_theta_spread_90_10",5
"tier1_main","single_condition","single_condition","P0_derivative_amplitude_deciles","DERIVED_DECILES_ALL","ds004504__EC","CN_vs_FTD","kTSP_k9_disjoint","T5_theta_spread_90_10",2
"tier1_main","single_condition","single_condition","P0_derivative_amplitude_deciles","DERIVED_DECILES_ALL","ds006036__EO_or_photomark","AD_vs_FTD","kTSP_k9_disjoint","T5_theta_upper_tail",9
"tier1_main","single_condition","single_condition","P0_derivative_amplitude_deciles","RAW_DECILES","ds006036__EO_or_photomark","AD_vs_CN","kTSP_k9_disjoint","T6_alpha_D10",1
"tier1_main","single_condition","single_condition","P0_derivative_amplitude_deciles","RAW_DECILES","ds004504__EC","CN_vs_FTD","kTSP_k9_disjoint","T6_alpha_D10",3
"tier1_main","single_condition","single_condition","P0_derivative_amplitude_deciles","RAW_DECILES","ds006036__EO_or_photomark","AD_vs_FTD","kTSP_k9_nondisjoint","T6_alpha_D10",1
"tier1_main","single_condition","single_condition","P0_derivative_amplitude_deciles","RAW_DECILES","ds006036__EO_or_photomark","CN_vs_FTD","kTSP_k5_disjoint","T6_alpha_D20",1
"tier1_main","single_condition","single_condition","P0_derivative_amplitude_deciles","RAW_DECILES","ds006036__EO_or_photomark","AD_FTD_vs_CN","kTSP_k9_disjoint","T6_alpha_D20",9
"tier1_main","single_condition","single_condition","P0_derivative_amplitude_deciles","RAW_DECILES","ds004504__EC","AD_vs_CN","kTSP_k9_disjoint","T6_alpha_D20",3
"tier1_main","single_condition","single_condition","P0_derivative_amplitude_deciles","RAW_DECILES","ds006036__EO_or_photomark","AD_vs_CN","kTSP_k9_disjoint","T6_alpha_D20",2
"tier1_main","single_condition","single_condition","P0_derivative_amplitude_deciles","RAW_DECILES","ds004504__EC","AD_vs_FTD","kTSP_k9_disjoint","T6_alpha_D20",3
"tier1_main","single_condition","single_condition","P0_derivative_amplitude_deciles","RAW_DECILES","ds006036__EO_or_photomark","CN_vs_FTD","kTSP_k5_disjoint","T6_alpha_D30",5
"tier1_main","single_condition","single_condition","P0_derivative_amplitude_deciles","RAW_DECILES","ds006036__EO_or_photomark","AD_FTD_vs_CN","kTSP_k9_disjoint","T6_alpha_D30",1
"tier1_main","single_condition","single_condition","P0_derivative_amplitude_deciles","RAW_DECILES","ds004504__EC","AD_vs_FTD","kTSP_k9_disjoint","T6_alpha_D30",1
"tier1_main","single_condition","single_condition","P0_derivative_amplitude_deciles","RAW_DECILES","ds004504__EC","AD_FTD_vs_CN","kTSP_k9_disjoint","T6_alpha_D40",1
"tier1_main","single_condition","single_condition","P0_derivative_amplitude_deciles","RAW_DECILES","ds004504__EC","CN_vs_FTD","kTSP_k9_disjoint","T6_alpha_D40",2
"tier1_main","single_condition","single_condition","P0_derivative_amplitude_deciles","RAW_DECILES","ds006036__EO_or_photomark","AD_vs_FTD","kTSP_k9_nondisjoint","T6_alpha_D50",1
"tier1_main","single_condition","single_condition","P0_derivative_amplitude_deciles","RAW_DECILES","ds004504__EC","AD_FTD_vs_CN","kTSP_k9_disjoint","T6_alpha_D60",1
"tier1_main","single_condition","single_condition","P0_derivative_amplitude_deciles","RAW_DECILES","ds006036__EO_or_photomark","AD_FTD_vs_CN","kTSP_k9_disjoint","T6_alpha_D60",2
"tier1_main","single_condition","single_condition","P0_derivative_amplitude_deciles","RAW_DECILES","ds004504__EC","AD_vs_CN","kTSP_k9_disjoint","T6_alpha_D60",1
"tier1_main","single_condition","single_condition","P0_derivative_amplitude_deciles","RAW_DECILES","ds004504__EC","AD_vs_FTD","kTSP_k9_disjoint","T6_alpha_D70",1
"tier1_main","single_condition","single_condition","P0_derivative_amplitude_deciles","RAW_DECILES","ds006036__EO_or_photomark","AD_FTD_vs_CN","kTSP_k9_disjoint","T6_alpha_D80",3
"tier1_main","single_condition","single_condition","P0_derivative_amplitude_deciles","RAW_DECILES","ds006036__EO_or_photomark","AD_vs_CN","kTSP_k9_disjoint","T6_alpha_D80",2
"tier1_main","single_condition","single_condition","P0_derivative_amplitude_deciles","RAW_DECILES","ds004504__EC","AD_vs_FTD","kTSP_k9_disjoint","T6_alpha_D80",2
"tier1_main","single_condition","single_condition","P0_derivative_amplitude_deciles","RAW_DECILES","ds006036__EO_or_photomark","AD_vs_CN","kTSP_k9_disjoint","T6_alpha_D90",1
"tier1_main","single_condition","single_condition","P0_derivative_amplitude_deciles","RAW_DECILES","ds004504__EC","CN_vs_FTD","kTSP_k9_disjoint","T6_alpha_D90",2
"tier1_main","single_condition","single_condition","P0_derivative_amplitude_deciles","RAW_DECILES","ds006036__EO_or_photomark","AD_vs_FTD","kTSP_k9_nondisjoint","T6_alpha_D90",1
"tier1_main","single_condition","single_condition","P0_derivative_amplitude_deciles","DERIVED_DECILES_ALL","ds006036__EO_or_photomark","AD_FTD_vs_CN","kTSP_k9_disjoint","T6_alpha_lower_tail",1
"tier1_main","single_condition","single_condition","P0_derivative_amplitude_deciles","DERIVED_DECILES_ALL","ds006036__EO_or_photomark","CN_vs_FTD","kTSP_k9_disjoint","T6_alpha_lower_tail",1
"tier4_pooled","pooled_condition","POOLED_EC_EO_subject_grouped","P0_derivative_amplitude_deciles","DERIVED_DECILES_ALL","POOLED_EC_EO_subject_grouped","CN_vs_FTD","kTSP_k9_disjoint","T6_alpha_lower_tail",3
"tier1_main","single_condition","single_condition","P1_psd_bandpower_from_derivatives","PSD_ABSOLUTE_CHANNEL_BAND","ds004504__EC","AD_vs_FTD","kTSP_CV_disjoint","T6_alpha_psd_abs",6
"tier1_main","single_condition","single_condition","P1_psd_bandpower_from_derivatives","PSD_ABSOLUTE_CHANNEL_BAND","ds006036__EO_or_photomark","CN_vs_FTD","kTSP_k3_disjoint","T6_alpha_psd_abs",5
"tier1_main","single_condition","single_condition","P1_psd_bandpower_from_derivatives","PSD_ABSOLUTE_CHANNEL_BAND","ds004504__EC","AD_FTD_vs_CN","kTSP_k9_disjoint","T6_alpha_psd_abs",4
"tier1_main","single_condition","single_condition","P1_psd_bandpower_from_derivatives","PSD_ABSOLUTE_CHANNEL_BAND","ds004504__EC","AD_vs_CN","kTSP_k9_disjoint","T6_alpha_psd_abs",5
"tier1_main","single_condition","single_condition","P1_psd_bandpower_from_derivatives","PSD_ABSOLUTE_CHANNEL_BAND","ds006036__EO_or_photomark","AD_vs_CN","kTSP_k9_disjoint","T6_alpha_psd_abs",5
"tier1_main","single_condition","single_condition","P1_psd_bandpower_from_derivatives","PSD_ABSOLUTE_CHANNEL_BAND","ds006036__EO_or_photomark","AD_vs_FTD","kTSP_k9_disjoint","T6_alpha_psd_abs",17
"tier1_main","single_condition","single_condition","P0_derivative_amplitude_deciles","DERIVED_DECILES_ALL","ds006036__EO_or_photomark","AD_vs_FTD","kTSP_k9_disjoint","T6_alpha_shape_asymmetry",5
"tier4_pooled","pooled_condition","POOLED_EC_EO_subject_grouped","P0_derivative_amplitude_deciles","DERIVED_DECILES_ALL","POOLED_EC_EO_subject_grouped","AD_vs_FTD","kTSP_k9_disjoint","T6_alpha_shape_asymmetry",2
"tier1_main","single_condition","single_condition","P0_derivative_amplitude_deciles","DERIVED_DECILES_ALL","ds006036__EO_or_photomark","AD_FTD_vs_CN","kTSP_k9_disjoint","T6_alpha_spread_80_20",1
"tier1_main","single_condition","single_condition","P0_derivative_amplitude_deciles","DERIVED_DECILES_ALL","ds004504__EC","AD_vs_CN","kTSP_k9_disjoint","T6_alpha_spread_80_20",3
"tier1_main","single_condition","single_condition","P0_derivative_amplitude_deciles","DERIVED_DECILES_ALL","ds006036__EO_or_photomark","CN_vs_FTD","kTSP_k9_disjoint","T6_alpha_spread_80_20",4
"tier1_main","single_condition","single_condition","P0_derivative_amplitude_deciles","DERIVED_DECILES_ALL","ds006036__EO_or_photomark","AD_vs_CN","kTSP_k9_disjoint","T6_alpha_spread_90_10",1
"tier1_main","single_condition","single_condition","P0_derivative_amplitude_deciles","DERIVED_DECILES_ALL","ds006036__EO_or_photomark","AD_vs_FTD","kTSP_k9_disjoint","T6_alpha_spread_90_10",2
"tier4_pooled","pooled_condition","POOLED_EC_EO_subject_grouped","P0_derivative_amplitude_deciles","DERIVED_DECILES_ALL","POOLED_EC_EO_subject_grouped","AD_vs_FTD","kTSP_k9_disjoint","T6_alpha_spread_90_10",4
"tier1_main","single_condition","single_condition","P0_derivative_amplitude_deciles","DERIVED_DECILES_ALL","ds004504__EC","AD_vs_CN","kTSP_k9_disjoint","T6_alpha_upper_tail",3
"tier1_main","single_condition","single_condition","P0_derivative_amplitude_deciles","DERIVED_DECILES_ALL","ds006036__EO_or_photomark","AD_vs_FTD","kTSP_k9_disjoint","T6_alpha_upper_tail",1
"tier4_pooled","pooled_condition","POOLED_EC_EO_subject_grouped","P0_derivative_amplitude_deciles","DERIVED_DECILES_ALL","POOLED_EC_EO_subject_grouped","AD_vs_FTD","kTSP_k9_disjoint","T6_alpha_upper_tail",2
"tier1_main","single_condition","single_condition","P0_derivative_amplitude_deciles","DERIVED_DECILES_ALL","ds004504__EC","CN_vs_FTD","kTSP_k9_disjoint","T6_alpha_upper_tail",1
"tier1_main","single_condition","single_condition","P0_derivative_amplitude_deciles","DERIVED_DECILES_ALL","ds006036__EO_or_photomark","CN_vs_FTD","kTSP_k9_disjoint","T6_alpha_upper_tail",6
"tier4_pooled","pooled_condition","POOLED_EC_EO_subject_grouped","P0_derivative_amplitude_deciles","DERIVED_DECILES_ALL","POOLED_EC_EO_subject_grouped","CN_vs_FTD","kTSP_k9_disjoint","T6_alpha_upper_tail",18
"tier1_main","single_condition","single_condition","P0_derivative_amplitude_deciles","DERIVED_DECILES_ALL","ds004504__EC","AD_vs_FTD","kTSP_CV_nondisjoint","T6_beta_center",1
"tier1_main","single_condition","single_condition","P0_derivative_amplitude_deciles","RAW_DECILES","ds004504__EC","AD_FTD_vs_CN","kTSP_k9_disjoint","T6_beta_D30",2
"tier1_main","single_condition","single_condition","P0_derivative_amplitude_deciles","RAW_DECILES","ds004504__EC","AD_vs_CN","kTSP_k9_disjoint","T6_beta_D30",2
"tier1_main","single_condition","single_condition","P0_derivative_amplitude_deciles","RAW_DECILES","ds004504__EC","CN_vs_FTD","kTSP_k9_disjoint","T6_beta_D30",3
"tier1_main","single_condition","single_condition","P0_derivative_amplitude_deciles","RAW_DECILES","ds004504__EC","AD_vs_FTD","kTSP_k9_disjoint","T6_beta_D50",1
"tier1_main","single_condition","single_condition","P0_derivative_amplitude_deciles","RAW_DECILES","ds004504__EC","AD_FTD_vs_CN","kTSP_k9_disjoint","T6_beta_D70",24
"tier1_main","single_condition","single_condition","P0_derivative_amplitude_deciles","RAW_DECILES","ds004504__EC","AD_vs_CN","kTSP_k9_disjoint","T6_beta_D70",32
"tier1_main","single_condition","single_condition","P0_derivative_amplitude_deciles","RAW_DECILES","ds004504__EC","CN_vs_FTD","kTSP_k9_disjoint","T6_beta_D70",6
"tier1_main","single_condition","single_condition","P0_derivative_amplitude_deciles","DERIVED_DECILES_ALL","ds006036__EO_or_photomark","CN_vs_FTD","kTSP_k9_disjoint","T6_beta_lower_tail",1
"tier1_main","single_condition","single_condition","P1_psd_bandpower_from_derivatives","PSD_ABSOLUTE_CHANNEL_BAND","ds006036__EO_or_photomark","CN_vs_FTD","kTSP_k3_disjoint","T6_beta_psd_abs",1
"tier1_main","single_condition","single_condition","P1_psd_bandpower_from_derivatives","PSD_ABSOLUTE_CHANNEL_BAND","ds006036__EO_or_photomark","AD_FTD_vs_CN","kTSP_k9_disjoint","T6_beta_psd_abs",2
"tier1_main","single_condition","single_condition","P1_psd_bandpower_from_derivatives","PSD_ABSOLUTE_CHANNEL_BAND","ds006036__EO_or_photomark","AD_vs_CN","kTSP_k9_disjoint","T6_beta_psd_abs",1
"tier1_main","single_condition","single_condition","P1_psd_bandpower_from_derivatives","PSD_ABSOLUTE_CHANNEL_BAND","ds006036__EO_or_photomark","AD_vs_FTD","kTSP_k9_disjoint","T6_beta_psd_abs",8
"tier1_main","single_condition","single_condition","P1_psd_bandpower_from_derivatives","PSD_ABSOLUTE_CHANNEL_BAND","ds004504__EC","CN_vs_FTD","kTSP_k9_disjoint","T6_beta_psd_abs",3
"tier1_main","single_condition","single_condition","P0_derivative_amplitude_deciles","DERIVED_DECILES_ALL","ds004504__EC","AD_vs_FTD","kTSP_CV_nondisjoint","T6_beta_shape_asymmetry",9
"tier1_main","single_condition","single_condition","P0_derivative_amplitude_deciles","DERIVED_DECILES_ALL","ds004504__EC","AD_vs_FTD","kTSP_CV_nondisjoint","T6_beta_spread_80_20",2
"tier4_pooled","pooled_condition","POOLED_EC_EO_subject_grouped","P0_derivative_amplitude_deciles","DERIVED_DECILES_ALL","POOLED_EC_EO_subject_grouped","AD_vs_FTD","kTSP_k9_disjoint","T6_beta_spread_80_20",3
"tier1_main","single_condition","single_condition","P0_derivative_amplitude_deciles","DERIVED_DECILES_ALL","ds004504__EC","AD_FTD_vs_CN","kTSP_k9_disjoint","T6_beta_spread_90_10",16
"tier4_pooled","pooled_condition","POOLED_EC_EO_subject_grouped","P0_derivative_amplitude_deciles","DERIVED_DECILES_ALL","POOLED_EC_EO_subject_grouped","AD_FTD_vs_CN","kTSP_k9_disjoint","T6_beta_spread_90_10",1
"tier1_main","single_condition","single_condition","P0_derivative_amplitude_deciles","DERIVED_DECILES_ALL","ds004504__EC","AD_vs_CN","kTSP_k9_disjoint","T6_beta_spread_90_10",17
"tier1_main","single_condition","single_condition","P0_derivative_amplitude_deciles","DERIVED_DECILES_ALL","ds006036__EO_or_photomark","AD_vs_CN","kTSP_k9_disjoint","T6_beta_spread_90_10",8
"tier4_pooled","pooled_condition","POOLED_EC_EO_subject_grouped","P0_derivative_amplitude_deciles","DERIVED_DECILES_ALL","POOLED_EC_EO_subject_grouped","AD_vs_CN","kTSP_k9_disjoint","T6_beta_spread_90_10",17
"tier4_pooled","pooled_condition","POOLED_EC_EO_subject_grouped","P0_derivative_amplitude_deciles","DERIVED_DECILES_ALL","POOLED_EC_EO_subject_grouped","AD_vs_FTD","kTSP_k9_disjoint","T6_beta_spread_90_10",1
"tier1_main","single_condition","single_condition","P0_derivative_amplitude_deciles","DERIVED_DECILES_ALL","ds004504__EC","CN_vs_FTD","kTSP_k9_disjoint","T6_beta_upper_tail",1
"tier1_main","single_condition","single_condition","P0_derivative_amplitude_deciles","DERIVED_DECILES_ALL","ds006036__EO_or_photomark","CN_vs_FTD","kTSP_k9_disjoint","T6_beta_upper_tail",1
"tier1_main","single_condition","single_condition","P0_derivative_amplitude_deciles","RAW_DECILES","ds004504__EC","CN_vs_FTD","kTSP_k9_disjoint","T6_delta_D60",2
"tier1_main","single_condition","single_condition","P0_derivative_amplitude_deciles","RAW_DECILES","ds004504__EC","AD_vs_FTD","kTSP_k9_disjoint","T6_delta_D70",1
"tier1_main","single_condition","single_condition","P0_derivative_amplitude_deciles","DERIVED_DECILES_ALL","ds006036__EO_or_photomark","CN_vs_FTD","kTSP_k9_disjoint","T6_delta_lower_tail",1
"tier1_main","single_condition","single_condition","P0_derivative_amplitude_deciles","DERIVED_DECILES_ALL","ds006036__EO_or_photomark","AD_vs_FTD","kTSP_k9_disjoint","T6_delta_shape_asymmetry",1
"tier1_main","single_condition","single_condition","P0_derivative_amplitude_deciles","DERIVED_DECILES_ALL","ds004504__EC","AD_vs_FTD","kTSP_CV_nondisjoint","T6_delta_spread_80_20",1
"tier1_main","single_condition","single_condition","P0_derivative_amplitude_deciles","DERIVED_DECILES_ALL","ds004504__EC","AD_vs_FTD","kTSP_CV_nondisjoint","T6_gamma_center",3
"tier1_main","single_condition","single_condition","P0_derivative_amplitude_deciles","RAW_DECILES","ds004504__EC","CN_vs_FTD","kTSP_k9_disjoint","T6_gamma_D30",1
"tier1_main","single_condition","single_condition","P0_derivative_amplitude_deciles","RAW_DECILES","ds004504__EC","AD_vs_FTD","kTSP_k9_disjoint","T6_gamma_D50",1
"tier1_main","single_condition","single_condition","P0_derivative_amplitude_deciles","RAW_DECILES","ds004504__EC","CN_vs_FTD","kTSP_k9_disjoint","T6_gamma_D70",1
"tier1_main","single_condition","single_condition","P0_derivative_amplitude_deciles","RAW_DECILES","ds006036__EO_or_photomark","AD_FTD_vs_CN","kTSP_k9_disjoint","T6_gamma_D90",1
"tier1_main","single_condition","single_condition","P1_psd_bandpower_from_derivatives","PSD_ABSOLUTE_CHANNEL_BAND","ds006036__EO_or_photomark","CN_vs_FTD","kTSP_k3_disjoint","T6_gamma_psd_abs",2
"tier1_main","single_condition","single_condition","P1_psd_bandpower_from_derivatives","PSD_ABSOLUTE_CHANNEL_BAND","ds004504__EC","AD_FTD_vs_CN","kTSP_k9_disjoint","T6_gamma_psd_abs",10
"tier1_main","single_condition","single_condition","P1_psd_bandpower_from_derivatives","PSD_ABSOLUTE_CHANNEL_BAND","ds004504__EC","AD_vs_CN","kTSP_k9_disjoint","T6_gamma_psd_abs",7
"tier1_main","single_condition","single_condition","P1_psd_bandpower_from_derivatives","PSD_ABSOLUTE_CHANNEL_BAND","ds004504__EC","CN_vs_FTD","kTSP_k9_disjoint","T6_gamma_psd_abs",33
"tier1_main","single_condition","single_condition","P0_derivative_amplitude_deciles","DERIVED_DECILES_ALL","ds004504__EC","CN_vs_FTD","kTSP_k9_disjoint","T6_gamma_upper_tail",1
"tier1_main","single_condition","single_condition","P0_derivative_amplitude_deciles","RAW_DECILES","ds004504__EC","CN_vs_FTD","kTSP_k9_disjoint","T6_theta_D50",1
"tier1_main","single_condition","single_condition","P0_derivative_amplitude_deciles","RAW_DECILES","ds006036__EO_or_photomark","AD_vs_FTD","kTSP_k9_nondisjoint","T6_theta_D50",1
"tier2_cross_condition","cross_condition_transfer","EC_train__EO_photo_test","P0_derivative_amplitude_deciles","DERIVED_DECILES_ALL","EC_train__EO_photo_test","AD_vs_CN","kTSP_CV_disjoint","T6_theta_lower_tail",1
"tier1_main","single_condition","single_condition","P0_derivative_amplitude_deciles","DERIVED_DECILES_ALL","ds004504__EC","AD_FTD_vs_CN","kTSP_k9_disjoint","T6_theta_lower_tail",14
"tier1_main","single_condition","single_condition","P0_derivative_amplitude_deciles","DERIVED_DECILES_ALL","ds004504__EC","AD_vs_CN","kTSP_k9_disjoint","T6_theta_lower_tail",30
"tier4_pooled","pooled_condition","POOLED_EC_EO_subject_grouped","P0_derivative_amplitude_deciles","DERIVED_DECILES_ALL","POOLED_EC_EO_subject_grouped","AD_vs_CN","kTSP_k9_disjoint","T6_theta_lower_tail",2
"tier1_main","single_condition","single_condition","P1_psd_bandpower_from_derivatives","PSD_ABSOLUTE_CHANNEL_BAND","ds004504__EC","AD_vs_FTD","kTSP_CV_disjoint","T6_theta_psd_abs",2
"tier1_main","single_condition","single_condition","P1_psd_bandpower_from_derivatives","PSD_ABSOLUTE_CHANNEL_BAND","ds004504__EC","AD_FTD_vs_CN","kTSP_k9_disjoint","T6_theta_psd_abs",20
"tier1_main","single_condition","single_condition","P1_psd_bandpower_from_derivatives","PSD_ABSOLUTE_CHANNEL_BAND","ds006036__EO_or_photomark","AD_FTD_vs_CN","kTSP_k9_disjoint","T6_theta_psd_abs",1
"tier1_main","single_condition","single_condition","P1_psd_bandpower_from_derivatives","PSD_ABSOLUTE_CHANNEL_BAND","ds004504__EC","AD_vs_CN","kTSP_k9_disjoint","T6_theta_psd_abs",36
"tier1_main","single_condition","single_condition","P1_psd_bandpower_from_derivatives","PSD_ABSOLUTE_CHANNEL_BAND","ds006036__EO_or_photomark","AD_vs_FTD","kTSP_k9_disjoint","T6_theta_psd_abs",1
"tier1_main","single_condition","single_condition","P1_psd_bandpower_from_derivatives","PSD_ABSOLUTE_CHANNEL_BAND","ds004504__EC","CN_vs_FTD","kTSP_k9_disjoint","T6_theta_psd_abs",8
"tier1_main","single_condition","single_condition","P0_derivative_amplitude_deciles","DERIVED_DECILES_ALL","ds004504__EC","CN_vs_FTD","kTSP_k9_disjoint","T6_theta_spread_90_10",1
"tier1_main","single_condition","single_condition","P0_derivative_amplitude_deciles","DERIVED_DECILES_ALL","ds004504__EC","AD_FTD_vs_CN","kTSP_k9_disjoint","T6_theta_upper_tail",4
"tier1_main","single_condition","single_condition","P0_derivative_amplitude_deciles","DERIVED_DECILES_ALL","ds004504__EC","AD_vs_CN","kTSP_k9_disjoint","T6_theta_upper_tail",9
"tier4_pooled","pooled_condition","POOLED_EC_EO_subject_grouped","P0_derivative_amplitude_deciles","REGION_AGGREGATES_ALL","POOLED_EC_EO_subject_grouped","AD_vs_FTD","kTSP_k5_nondisjoint","temporal_alpha_D20",2
"tier1_main","single_condition","single_condition","P0_derivative_amplitude_deciles","REGION_AGGREGATES_ALL","ds006036__EO_or_photomark","AD_vs_CN","kTSP_k9_disjoint","temporal_alpha_D20",1
"tier1_main","single_condition","single_condition","P0_derivative_amplitude_deciles","REGION_AGGREGATES_ALL","ds006036__EO_or_photomark","AD_vs_FTD","kTSP_k9_disjoint","temporal_alpha_D20",1
"tier1_main","single_condition","single_condition","P0_derivative_amplitude_deciles","REGION_AGGREGATES_ALL","ds006036__EO_or_photomark","AD_vs_FTD","kTSP_k9_disjoint","temporal_alpha_D40",2
"tier1_main","single_condition","single_condition","P0_derivative_amplitude_deciles","REGION_AGGREGATES_ALL","ds006036__EO_or_photomark","AD_vs_FTD","kTSP_k9_disjoint","temporal_alpha_D50",3
"tier1_main","single_condition","single_condition","P0_derivative_amplitude_deciles","REGION_AGGREGATES_ALL","ds006036__EO_or_photomark","AD_vs_FTD","kTSP_k9_disjoint","temporal_alpha_D80",1
"tier1_main","single_condition","single_condition","P0_derivative_amplitude_deciles","REGION_AGGREGATES_ALL","ds006036__EO_or_photomark","CN_vs_FTD","TSP_k1","temporal_alpha_D80",3
"tier1_main","single_condition","single_condition","P0_derivative_amplitude_deciles","REGION_AGGREGATES_ALL","ds006036__EO_or_photomark","AD_vs_FTD","kTSP_k9_disjoint","temporal_alpha_D90",2
"tier1_main","single_condition","single_condition","P0_derivative_amplitude_deciles","REGION_AGGREGATES_ALL","ds006036__EO_or_photomark","AD_vs_FTD","kTSP_k9_disjoint","temporal_alpha_lower_tail",1
"tier2_cross_condition","cross_condition_transfer","EO_photo_train__EC_test","P1_psd_bandpower_from_derivatives","PSD_REGION_ABSOLUTE","EO_photo_train__EC_test","AD_vs_FTD","kTSP_k3_disjoint","temporal_alpha_psd_abs",1
"tier1_main","single_condition","single_condition","P1_psd_bandpower_from_derivatives","PSD_REGION_ABSOLUTE","ds006036__EO_or_photomark","AD_vs_FTD","kTSP_k3_nondisjoint","temporal_alpha_psd_abs",86
"tier4_pooled","pooled_condition","POOLED_EC_EO_subject_grouped","P1_psd_bandpower_from_derivatives","PSD_REGION_ABSOLUTE","POOLED_EC_EO_subject_grouped","AD_FTD_vs_CN","kTSP_k5_disjoint","temporal_alpha_psd_abs",50
"tier1_main","single_condition","single_condition","P1_psd_bandpower_from_derivatives","PSD_REGION_ABSOLUTE","ds004504__EC","AD_vs_CN","kTSP_k5_disjoint","temporal_alpha_psd_abs",47
"tier4_pooled","pooled_condition","POOLED_EC_EO_subject_grouped","P1_psd_bandpower_from_derivatives","PSD_REGION_ABSOLUTE","POOLED_EC_EO_subject_grouped","AD_vs_CN","kTSP_k5_disjoint","temporal_alpha_psd_abs",17
"tier1_main","single_condition","single_condition","P1_psd_bandpower_from_derivatives","PSD_REGION_ABSOLUTE","ds004504__EC","CN_vs_FTD","kTSP_k5_nondisjoint","temporal_alpha_psd_abs",1
"tier1_main","single_condition","single_condition","P1_psd_bandpower_from_derivatives","PSD_REGION_ABSOLUTE","ds006036__EO_or_photomark","AD_FTD_vs_CN","kTSP_k9_disjoint","temporal_alpha_psd_abs",31
"tier1_main","single_condition","single_condition","P1_psd_bandpower_from_derivatives","PSD_REGION_ABSOLUTE","ds006036__EO_or_photomark","AD_vs_CN","kTSP_k9_disjoint","temporal_alpha_psd_abs",14
"tier1_main","single_condition","single_condition","P1_psd_bandpower_from_derivatives","PSD_REGION_ABSOLUTE","ds004504__EC","AD_vs_FTD","kTSP_k9_disjoint","temporal_alpha_psd_abs",64
"tier4_pooled","pooled_condition","POOLED_EC_EO_subject_grouped","P1_psd_bandpower_from_derivatives","PSD_REGION_ABSOLUTE","POOLED_EC_EO_subject_grouped","AD_vs_FTD","kTSP_k9_nondisjoint","temporal_alpha_psd_abs",89
"tier1_main","single_condition","single_condition","P0_derivative_amplitude_deciles","REGION_AGGREGATES_ALL","ds004504__EC","AD_vs_FTD","kTSP_k9_disjoint","temporal_alpha_shape_asymmetry",2
"tier1_main","single_condition","single_condition","P0_derivative_amplitude_deciles","REGION_AGGREGATES_ALL","ds006036__EO_or_photomark","AD_vs_FTD","kTSP_k9_disjoint","temporal_alpha_shape_asymmetry",1
"tier4_pooled","pooled_condition","POOLED_EC_EO_subject_grouped","P0_derivative_amplitude_deciles","REGION_AGGREGATES_ALL","POOLED_EC_EO_subject_grouped","AD_vs_FTD","kTSP_k5_nondisjoint","temporal_alpha_spread_80_20",1
"tier1_main","single_condition","single_condition","P0_derivative_amplitude_deciles","REGION_AGGREGATES_ALL","ds004504__EC","AD_vs_FTD","kTSP_k9_disjoint","temporal_alpha_upper_tail",1
"tier4_pooled","pooled_condition","POOLED_EC_EO_subject_grouped","P0_derivative_amplitude_deciles","REGION_AGGREGATES_ALL","POOLED_EC_EO_subject_grouped","AD_vs_FTD","kTSP_k5_nondisjoint","temporal_beta_center",2
"tier1_main","single_condition","single_condition","P0_derivative_amplitude_deciles","REGION_AGGREGATES_ALL","ds004504__EC","AD_vs_FTD","kTSP_k9_disjoint","temporal_beta_center",14
"tier2_cross_condition","cross_condition_transfer","EC_train__EO_photo_test","P0_derivative_amplitude_deciles","REGION_AGGREGATES_ALL","EC_train__EO_photo_test","AD_vs_FTD","kTSP_k3_disjoint","temporal_beta_D30",1
"tier1_main","single_condition","single_condition","P0_derivative_amplitude_deciles","REGION_AGGREGATES_ALL","ds004504__EC","AD_vs_CN","kTSP_k5_nondisjoint","temporal_beta_D30",2
"tier4_pooled","pooled_condition","POOLED_EC_EO_subject_grouped","P0_derivative_amplitude_deciles","REGION_AGGREGATES_ALL","POOLED_EC_EO_subject_grouped","AD_vs_FTD","kTSP_k5_nondisjoint","temporal_beta_D30",3
"tier1_main","single_condition","single_condition","P0_derivative_amplitude_deciles","REGION_AGGREGATES_ALL","ds004504__EC","AD_vs_FTD","kTSP_k9_disjoint","temporal_beta_D30",30
"tier1_main","single_condition","single_condition","P0_derivative_amplitude_deciles","REGION_AGGREGATES_ALL","ds006036__EO_or_photomark","AD_vs_FTD","kTSP_k9_disjoint","temporal_beta_D40",8
"tier4_pooled","pooled_condition","POOLED_EC_EO_subject_grouped","P0_derivative_amplitude_deciles","REGION_AGGREGATES_ALL","POOLED_EC_EO_subject_grouped","AD_vs_FTD","kTSP_k5_nondisjoint","temporal_beta_D50",2
"tier1_main","single_condition","single_condition","P0_derivative_amplitude_deciles","REGION_AGGREGATES_ALL","ds004504__EC","AD_vs_FTD","kTSP_k9_disjoint","temporal_beta_D50",19
"tier1_main","single_condition","single_condition","P0_derivative_amplitude_deciles","REGION_AGGREGATES_ALL","ds006036__EO_or_photomark","AD_vs_FTD","kTSP_k9_disjoint","temporal_beta_D50",1
"tier1_main","single_condition","single_condition","P0_derivative_amplitude_deciles","REGION_AGGREGATES_ALL","ds006036__EO_or_photomark","AD_vs_FTD","kTSP_k9_disjoint","temporal_beta_D60",1
"tier1_main","single_condition","single_condition","P0_derivative_amplitude_deciles","REGION_AGGREGATES_ALL","ds004504__EC","CN_vs_FTD","kTSP_CV_disjoint","temporal_beta_D70",3
"tier1_main","single_condition","single_condition","P0_derivative_amplitude_deciles","REGION_AGGREGATES_ALL","ds004504__EC","AD_FTD_vs_CN","kTSP_k9_disjoint","temporal_beta_D70",1
"tier1_main","single_condition","single_condition","P0_derivative_amplitude_deciles","REGION_AGGREGATES_ALL","ds004504__EC","AD_vs_FTD","kTSP_k9_disjoint","temporal_beta_D70",14
"tier4_pooled","pooled_condition","POOLED_EC_EO_subject_grouped","P0_derivative_amplitude_deciles","REGION_AGGREGATES_ALL","POOLED_EC_EO_subject_grouped","AD_vs_FTD","kTSP_k5_nondisjoint","temporal_beta_D90",1
"tier1_main","single_condition","single_condition","P0_derivative_amplitude_deciles","REGION_AGGREGATES_ALL","ds006036__EO_or_photomark","AD_vs_FTD","kTSP_k9_disjoint","temporal_beta_D90",1
"tier4_pooled","pooled_condition","POOLED_EC_EO_subject_grouped","P0_derivative_amplitude_deciles","REGION_AGGREGATES_ALL","POOLED_EC_EO_subject_grouped","AD_vs_FTD","kTSP_k5_nondisjoint","temporal_beta_lower_tail",1
"tier1_main","single_condition","single_condition","P0_derivative_amplitude_deciles","REGION_AGGREGATES_ALL","ds004504__EC","AD_vs_FTD","kTSP_k9_disjoint","temporal_beta_lower_tail",1
"tier1_main","single_condition","single_condition","P0_derivative_amplitude_deciles","REGION_AGGREGATES_ALL","ds006036__EO_or_photomark","AD_vs_FTD","kTSP_k9_disjoint","temporal_beta_lower_tail",1
"tier2_cross_condition","cross_condition_transfer","EC_train__EO_photo_test","P1_psd_bandpower_from_derivatives","PSD_REGION_ABSOLUTE","EC_train__EO_photo_test","AD_vs_FTD","kTSP_CV_nondisjoint","temporal_beta_psd_abs",1
"tier2_cross_condition","cross_condition_transfer","EO_photo_train__EC_test","P1_psd_bandpower_from_derivatives","PSD_REGION_ABSOLUTE","EO_photo_train__EC_test","AD_vs_FTD","kTSP_k3_disjoint","temporal_beta_psd_abs",1
"tier1_main","single_condition","single_condition","P1_psd_bandpower_from_derivatives","PSD_REGION_ABSOLUTE","ds006036__EO_or_photomark","AD_vs_FTD","kTSP_k3_nondisjoint","temporal_beta_psd_abs",88
"tier4_pooled","pooled_condition","POOLED_EC_EO_subject_grouped","P1_psd_bandpower_from_derivatives","PSD_REGION_ABSOLUTE","POOLED_EC_EO_subject_grouped","AD_FTD_vs_CN","kTSP_k5_disjoint","temporal_beta_psd_abs",9
"tier4_pooled","pooled_condition","POOLED_EC_EO_subject_grouped","P1_psd_bandpower_from_derivatives","PSD_REGION_ABSOLUTE","POOLED_EC_EO_subject_grouped","AD_vs_CN","kTSP_k5_disjoint","temporal_beta_psd_abs",23
"tier1_main","single_condition","single_condition","P1_psd_bandpower_from_derivatives","PSD_REGION_ABSOLUTE","ds004504__EC","CN_vs_FTD","kTSP_k5_nondisjoint","temporal_beta_psd_abs",24
"tier1_main","single_condition","single_condition","P1_psd_bandpower_from_derivatives","PSD_REGION_ABSOLUTE","ds006036__EO_or_photomark","AD_FTD_vs_CN","kTSP_k9_disjoint","temporal_beta_psd_abs",87
"tier1_main","single_condition","single_condition","P1_psd_bandpower_from_derivatives","PSD_REGION_ABSOLUTE","ds006036__EO_or_photomark","AD_vs_CN","kTSP_k9_disjoint","temporal_beta_psd_abs",82
"tier1_main","single_condition","single_condition","P1_psd_bandpower_from_derivatives","PSD_REGION_ABSOLUTE","ds004504__EC","AD_vs_FTD","kTSP_k9_disjoint","temporal_beta_psd_abs",52
"tier4_pooled","pooled_condition","POOLED_EC_EO_subject_grouped","P1_psd_bandpower_from_derivatives","PSD_REGION_ABSOLUTE","POOLED_EC_EO_subject_grouped","AD_vs_FTD","kTSP_k9_nondisjoint","temporal_beta_psd_abs",85
"tier1_main","single_condition","single_condition","P1_psd_bandpower_from_derivatives","PSD_REGION_ABSOLUTE","ds006036__EO_or_photomark","CN_vs_FTD","kTSP_k9_nondisjoint","temporal_beta_psd_abs",9
"tier4_pooled","pooled_condition","POOLED_EC_EO_subject_grouped","P1_psd_bandpower_from_derivatives","PSD_REGION_ABSOLUTE","POOLED_EC_EO_subject_grouped","CN_vs_FTD","kTSP_k9_nondisjoint","temporal_beta_psd_abs",6
"tier4_pooled","pooled_condition","POOLED_EC_EO_subject_grouped","P0_derivative_amplitude_deciles","REGION_AGGREGATES_ALL","POOLED_EC_EO_subject_grouped","AD_vs_FTD","kTSP_k5_nondisjoint","temporal_beta_shape_asymmetry",4
"tier1_main","single_condition","single_condition","P0_derivative_amplitude_deciles","REGION_AGGREGATES_ALL","ds004504__EC","AD_vs_FTD","kTSP_k9_disjoint","temporal_beta_shape_asymmetry",37
"tier1_main","single_condition","single_condition","P0_derivative_amplitude_deciles","REGION_AGGREGATES_ALL","ds006036__EO_or_photomark","AD_vs_FTD","kTSP_k9_disjoint","temporal_beta_shape_asymmetry",1
"tier4_pooled","pooled_condition","POOLED_EC_EO_subject_grouped","P0_derivative_amplitude_deciles","REGION_AGGREGATES_ALL","POOLED_EC_EO_subject_grouped","AD_vs_FTD","kTSP_k5_nondisjoint","temporal_beta_spread_80_20",16
"tier1_main","single_condition","single_condition","P0_derivative_amplitude_deciles","REGION_AGGREGATES_ALL","ds004504__EC","AD_vs_FTD","kTSP_k9_disjoint","temporal_beta_spread_80_20",6
"tier1_main","single_condition","single_condition","P0_derivative_amplitude_deciles","REGION_AGGREGATES_ALL","ds006036__EO_or_photomark","AD_vs_FTD","kTSP_k9_disjoint","temporal_beta_spread_80_20",15
"tier1_main","single_condition","single_condition","P0_derivative_amplitude_deciles","REGION_AGGREGATES_ALL","ds004504__EC","AD_vs_CN","kTSP_k5_nondisjoint","temporal_beta_spread_90_10",3
"tier4_pooled","pooled_condition","POOLED_EC_EO_subject_grouped","P0_derivative_amplitude_deciles","REGION_AGGREGATES_ALL","POOLED_EC_EO_subject_grouped","AD_vs_FTD","kTSP_k5_nondisjoint","temporal_beta_spread_90_10",45
"tier1_main","single_condition","single_condition","P0_derivative_amplitude_deciles","REGION_AGGREGATES_ALL","ds004504__EC","AD_vs_FTD","kTSP_k9_disjoint","temporal_beta_spread_90_10",12
"tier1_main","single_condition","single_condition","P0_derivative_amplitude_deciles","REGION_AGGREGATES_ALL","ds006036__EO_or_photomark","AD_vs_FTD","kTSP_k9_disjoint","temporal_beta_spread_90_10",16
"tier4_pooled","pooled_condition","POOLED_EC_EO_subject_grouped","P0_derivative_amplitude_deciles","REGION_AGGREGATES_ALL","POOLED_EC_EO_subject_grouped","AD_vs_FTD","kTSP_k5_nondisjoint","temporal_beta_upper_tail",1
"tier1_main","single_condition","single_condition","P0_derivative_amplitude_deciles","REGION_AGGREGATES_ALL","ds004504__EC","AD_vs_FTD","kTSP_k9_disjoint","temporal_beta_upper_tail",1
"tier1_main","single_condition","single_condition","P0_derivative_amplitude_deciles","REGION_AGGREGATES_ALL","ds006036__EO_or_photomark","AD_vs_FTD","kTSP_k9_disjoint","temporal_beta_upper_tail",5
"tier1_main","single_condition","single_condition","P0_derivative_amplitude_deciles","REGION_AGGREGATES_ALL","ds004504__EC","AD_vs_FTD","kTSP_k9_disjoint","temporal_delta_center",5
"tier1_main","single_condition","single_condition","P0_derivative_amplitude_deciles","REGION_AGGREGATES_ALL","ds004504__EC","AD_vs_FTD","kTSP_k9_disjoint","temporal_delta_D10",1
"tier1_main","single_condition","single_condition","P0_derivative_amplitude_deciles","REGION_AGGREGATES_ALL","ds004504__EC","AD_vs_FTD","kTSP_k9_disjoint","temporal_delta_D50",10
"tier2_cross_condition","cross_condition_transfer","EO_photo_train__EC_test","P0_derivative_amplitude_deciles","REGION_AGGREGATES_ALL","EO_photo_train__EC_test","AD_vs_FTD","kTSP_CV_nondisjoint","temporal_delta_D60",1
"tier1_main","single_condition","single_condition","P0_derivative_amplitude_deciles","REGION_AGGREGATES_ALL","ds006036__EO_or_photomark","AD_vs_FTD","kTSP_k9_disjoint","temporal_delta_D60",52
"tier1_main","single_condition","single_condition","P0_derivative_amplitude_deciles","REGION_AGGREGATES_ALL","ds006036__EO_or_photomark","AD_vs_CN","kTSP_k9_disjoint","temporal_delta_D70",1
"tier1_main","single_condition","single_condition","P0_derivative_amplitude_deciles","REGION_AGGREGATES_ALL","ds004504__EC","AD_vs_FTD","kTSP_k9_disjoint","temporal_delta_D90",9
"tier1_main","single_condition","single_condition","P1_psd_bandpower_from_derivatives","PSD_REGION_ABSOLUTE","ds006036__EO_or_photomark","AD_vs_FTD","kTSP_k3_nondisjoint","temporal_delta_psd_abs",7
"tier1_main","single_condition","single_condition","P1_psd_bandpower_from_derivatives","PSD_REGION_ABSOLUTE","ds004504__EC","AD_vs_FTD","kTSP_k9_disjoint","temporal_delta_psd_abs",42
"tier1_main","single_condition","single_condition","P0_derivative_amplitude_deciles","REGION_AGGREGATES_ALL","ds004504__EC","AD_vs_FTD","kTSP_k9_disjoint","temporal_delta_shape_asymmetry",2
"tier1_main","single_condition","single_condition","P0_derivative_amplitude_deciles","REGION_AGGREGATES_ALL","ds004504__EC","AD_vs_FTD","kTSP_k9_disjoint","temporal_delta_upper_tail",17
"tier1_main","single_condition","single_condition","P0_derivative_amplitude_deciles","REGION_AGGREGATES_ALL","ds006036__EO_or_photomark","AD_vs_FTD","kTSP_k9_disjoint","temporal_gamma_D10",3
"tier1_main","single_condition","single_condition","P0_derivative_amplitude_deciles","REGION_AGGREGATES_ALL","ds006036__EO_or_photomark","AD_vs_FTD","kTSP_k9_disjoint","temporal_gamma_D20",6
"tier1_main","single_condition","single_condition","P0_derivative_amplitude_deciles","REGION_AGGREGATES_ALL","ds004504__EC","AD_vs_FTD","kTSP_k9_disjoint","temporal_gamma_D30",2
"tier1_main","single_condition","single_condition","P0_derivative_amplitude_deciles","REGION_AGGREGATES_ALL","ds006036__EO_or_photomark","AD_vs_FTD","kTSP_k9_disjoint","temporal_gamma_D50",4
"tier1_main","single_condition","single_condition","P0_derivative_amplitude_deciles","REGION_AGGREGATES_ALL","ds004504__EC","AD_vs_FTD","kTSP_k9_disjoint","temporal_gamma_D60",1
"tier1_main","single_condition","single_condition","P0_derivative_amplitude_deciles","REGION_AGGREGATES_ALL","ds004504__EC","CN_vs_FTD","kTSP_CV_disjoint","temporal_gamma_D70",4
"tier4_pooled","pooled_condition","POOLED_EC_EO_subject_grouped","P0_derivative_amplitude_deciles","REGION_AGGREGATES_ALL","POOLED_EC_EO_subject_grouped","CN_vs_FTD","kTSP_k5_disjoint","temporal_gamma_D70",21
"tier1_main","single_condition","single_condition","P0_derivative_amplitude_deciles","REGION_AGGREGATES_ALL","ds006036__EO_or_photomark","AD_FTD_vs_CN","kTSP_k9_disjoint","temporal_gamma_D70",2
"tier1_main","single_condition","single_condition","P0_derivative_amplitude_deciles","REGION_AGGREGATES_ALL","ds006036__EO_or_photomark","AD_vs_CN","kTSP_k9_disjoint","temporal_gamma_D70",1
"tier1_main","single_condition","single_condition","P0_derivative_amplitude_deciles","REGION_AGGREGATES_ALL","ds004504__EC","AD_vs_FTD","kTSP_k9_disjoint","temporal_gamma_D70",1
"tier1_main","single_condition","single_condition","P0_derivative_amplitude_deciles","REGION_AGGREGATES_ALL","ds004504__EC","CN_vs_FTD","kTSP_CV_disjoint","temporal_gamma_D80",1
"tier2_cross_condition","cross_condition_transfer","EO_photo_train__EC_test","P0_derivative_amplitude_deciles","REGION_AGGREGATES_ALL","EO_photo_train__EC_test","AD_vs_FTD","kTSP_CV_nondisjoint","temporal_gamma_D80",1
"tier4_pooled","pooled_condition","POOLED_EC_EO_subject_grouped","P0_derivative_amplitude_deciles","REGION_AGGREGATES_ALL","POOLED_EC_EO_subject_grouped","AD_vs_FTD","kTSP_k5_nondisjoint","temporal_gamma_D80",1
"tier1_main","single_condition","single_condition","P0_derivative_amplitude_deciles","REGION_AGGREGATES_ALL","ds006036__EO_or_photomark","AD_vs_FTD","kTSP_k9_disjoint","temporal_gamma_D80",51
"tier1_main","single_condition","single_condition","P0_derivative_amplitude_deciles","REGION_AGGREGATES_ALL","ds006036__EO_or_photomark","AD_vs_FTD","kTSP_k9_disjoint","temporal_gamma_D90",6
"tier1_main","single_condition","single_condition","P0_derivative_amplitude_deciles","REGION_AGGREGATES_ALL","ds004504__EC","AD_vs_FTD","kTSP_k9_disjoint","temporal_gamma_lower_tail",2
"tier1_main","single_condition","single_condition","P0_derivative_amplitude_deciles","REGION_AGGREGATES_ALL","ds006036__EO_or_photomark","AD_vs_FTD","kTSP_k9_disjoint","temporal_gamma_lower_tail",1
"tier1_main","single_condition","single_condition","P1_psd_bandpower_from_derivatives","PSD_REGION_ABSOLUTE","ds006036__EO_or_photomark","AD_vs_FTD","kTSP_k3_nondisjoint","temporal_gamma_psd_abs",1
"tier1_main","single_condition","single_condition","P1_psd_bandpower_from_derivatives","PSD_REGION_ABSOLUTE","ds006036__EO_or_photomark","AD_FTD_vs_CN","kTSP_k9_disjoint","temporal_gamma_psd_abs",1
"tier1_main","single_condition","single_condition","P1_psd_bandpower_from_derivatives","PSD_REGION_ABSOLUTE","ds004504__EC","AD_vs_FTD","kTSP_k9_disjoint","temporal_gamma_psd_abs",16
"tier4_pooled","pooled_condition","POOLED_EC_EO_subject_grouped","P1_psd_bandpower_from_derivatives","PSD_REGION_ABSOLUTE","POOLED_EC_EO_subject_grouped","AD_vs_FTD","kTSP_k9_nondisjoint","temporal_gamma_psd_abs",2
"tier1_main","single_condition","single_condition","P0_derivative_amplitude_deciles","REGION_AGGREGATES_ALL","ds004504__EC","CN_vs_FTD","kTSP_CV_disjoint","temporal_gamma_shape_asymmetry",4
"tier1_main","single_condition","single_condition","P0_derivative_amplitude_deciles","REGION_AGGREGATES_ALL","ds004504__EC","AD_vs_FTD","kTSP_k9_disjoint","temporal_gamma_shape_asymmetry",1
"tier1_main","single_condition","single_condition","P0_derivative_amplitude_deciles","REGION_AGGREGATES_ALL","ds006036__EO_or_photomark","AD_vs_FTD","kTSP_k9_disjoint","temporal_gamma_shape_asymmetry",28
"tier1_main","single_condition","single_condition","P0_derivative_amplitude_deciles","REGION_AGGREGATES_ALL","ds004504__EC","CN_vs_FTD","kTSP_CV_disjoint","temporal_gamma_spread_80_20",1
"tier2_cross_condition","cross_condition_transfer","EO_photo_train__EC_test","P0_derivative_amplitude_deciles","REGION_AGGREGATES_ALL","EO_photo_train__EC_test","CN_vs_FTD","kTSP_CV_disjoint","temporal_gamma_spread_80_20",1
"tier2_cross_condition","cross_condition_transfer","EC_train__EO_photo_test","P0_derivative_amplitude_deciles","REGION_AGGREGATES_ALL","EC_train__EO_photo_test","AD_vs_FTD","kTSP_k3_disjoint","temporal_gamma_spread_80_20",1
"tier4_pooled","pooled_condition","POOLED_EC_EO_subject_grouped","P0_derivative_amplitude_deciles","REGION_AGGREGATES_ALL","POOLED_EC_EO_subject_grouped","CN_vs_FTD","kTSP_k5_disjoint","temporal_gamma_spread_80_20",60
"tier4_pooled","pooled_condition","POOLED_EC_EO_subject_grouped","P0_derivative_amplitude_deciles","REGION_AGGREGATES_ALL","POOLED_EC_EO_subject_grouped","AD_vs_FTD","kTSP_k5_nondisjoint","temporal_gamma_spread_80_20",36
"tier1_main","single_condition","single_condition","P0_derivative_amplitude_deciles","REGION_AGGREGATES_ALL","ds006036__EO_or_photomark","AD_FTD_vs_CN","kTSP_k9_disjoint","temporal_gamma_spread_80_20",6
"tier1_main","single_condition","single_condition","P0_derivative_amplitude_deciles","REGION_AGGREGATES_ALL","ds004504__EC","AD_vs_FTD","kTSP_k9_disjoint","temporal_gamma_spread_80_20",17
"tier1_main","single_condition","single_condition","P0_derivative_amplitude_deciles","REGION_AGGREGATES_ALL","ds006036__EO_or_photomark","AD_vs_FTD","kTSP_k9_disjoint","temporal_gamma_spread_80_20",7
"tier1_main","single_condition","single_condition","P0_derivative_amplitude_deciles","REGION_AGGREGATES_ALL","ds006036__EO_or_photomark","CN_vs_FTD","TSP_k1","temporal_gamma_spread_80_20",25
"tier1_main","single_condition","single_condition","P0_derivative_amplitude_deciles","REGION_AGGREGATES_ALL","ds004504__EC","CN_vs_FTD","kTSP_CV_disjoint","temporal_gamma_spread_90_10",7
"tier2_cross_condition","cross_condition_transfer","EO_photo_train__EC_test","P0_derivative_amplitude_deciles","REGION_AGGREGATES_ALL","EO_photo_train__EC_test","CN_vs_FTD","kTSP_CV_disjoint","temporal_gamma_spread_90_10",1
"tier2_cross_condition","cross_condition_transfer","EC_train__EO_photo_test","P0_derivative_amplitude_deciles","REGION_AGGREGATES_ALL","EC_train__EO_photo_test","AD_vs_FTD","kTSP_k3_disjoint","temporal_gamma_spread_90_10",1
"tier4_pooled","pooled_condition","POOLED_EC_EO_subject_grouped","P0_derivative_amplitude_deciles","REGION_AGGREGATES_ALL","POOLED_EC_EO_subject_grouped","CN_vs_FTD","kTSP_k5_disjoint","temporal_gamma_spread_90_10",92
"tier4_pooled","pooled_condition","POOLED_EC_EO_subject_grouped","P0_derivative_amplitude_deciles","REGION_AGGREGATES_ALL","POOLED_EC_EO_subject_grouped","AD_vs_FTD","kTSP_k5_nondisjoint","temporal_gamma_spread_90_10",57
"tier1_main","single_condition","single_condition","P0_derivative_amplitude_deciles","REGION_AGGREGATES_ALL","ds006036__EO_or_photomark","AD_FTD_vs_CN","kTSP_k9_disjoint","temporal_gamma_spread_90_10",14
"tier1_main","single_condition","single_condition","P0_derivative_amplitude_deciles","REGION_AGGREGATES_ALL","ds004504__EC","AD_vs_FTD","kTSP_k9_disjoint","temporal_gamma_spread_90_10",21
"tier1_main","single_condition","single_condition","P0_derivative_amplitude_deciles","REGION_AGGREGATES_ALL","ds006036__EO_or_photomark","AD_vs_FTD","kTSP_k9_disjoint","temporal_gamma_spread_90_10",7
"tier1_main","single_condition","single_condition","P0_derivative_amplitude_deciles","REGION_AGGREGATES_ALL","ds006036__EO_or_photomark","CN_vs_FTD","TSP_k1","temporal_gamma_spread_90_10",58
"tier1_main","single_condition","single_condition","P0_derivative_amplitude_deciles","REGION_AGGREGATES_ALL","ds004504__EC","AD_vs_FTD","kTSP_k9_disjoint","temporal_gamma_upper_tail",7
"tier1_main","single_condition","single_condition","P0_derivative_amplitude_deciles","REGION_AGGREGATES_ALL","ds004504__EC","AD_vs_FTD","kTSP_k9_disjoint","temporal_theta_center",2
"tier1_main","single_condition","single_condition","P0_derivative_amplitude_deciles","REGION_AGGREGATES_ALL","ds006036__EO_or_photomark","AD_vs_FTD","kTSP_k9_disjoint","temporal_theta_center",7
"tier1_main","single_condition","single_condition","P0_derivative_amplitude_deciles","REGION_AGGREGATES_ALL","ds004504__EC","AD_FTD_vs_CN","kTSP_k9_disjoint","temporal_theta_D20",1
"tier4_pooled","pooled_condition","POOLED_EC_EO_subject_grouped","P0_derivative_amplitude_deciles","REGION_AGGREGATES_ALL","POOLED_EC_EO_subject_grouped","AD_vs_FTD","kTSP_k5_nondisjoint","temporal_theta_D30",2
"tier1_main","single_condition","single_condition","P0_derivative_amplitude_deciles","REGION_AGGREGATES_ALL","ds006036__EO_or_photomark","AD_vs_CN","kTSP_k9_disjoint","temporal_theta_D30",1
"tier1_main","single_condition","single_condition","P0_derivative_amplitude_deciles","REGION_AGGREGATES_ALL","ds006036__EO_or_photomark","AD_vs_FTD","kTSP_k9_disjoint","temporal_theta_D30",1
"tier1_main","single_condition","single_condition","P0_derivative_amplitude_deciles","REGION_AGGREGATES_ALL","ds004504__EC","AD_vs_CN","kTSP_k5_nondisjoint","temporal_theta_D40",2
"tier1_main","single_condition","single_condition","P0_derivative_amplitude_deciles","REGION_AGGREGATES_ALL","ds004504__EC","AD_vs_FTD","kTSP_k9_disjoint","temporal_theta_D40",1
"tier1_main","single_condition","single_condition","P0_derivative_amplitude_deciles","REGION_AGGREGATES_ALL","ds006036__EO_or_photomark","AD_vs_FTD","kTSP_k9_disjoint","temporal_theta_D40",2
"tier1_main","single_condition","single_condition","P0_derivative_amplitude_deciles","REGION_AGGREGATES_ALL","ds004504__EC","AD_vs_FTD","kTSP_k9_disjoint","temporal_theta_D50",4
"tier1_main","single_condition","single_condition","P0_derivative_amplitude_deciles","REGION_AGGREGATES_ALL","ds006036__EO_or_photomark","AD_vs_FTD","kTSP_k9_disjoint","temporal_theta_D50",22
"tier1_main","single_condition","single_condition","P0_derivative_amplitude_deciles","REGION_AGGREGATES_ALL","ds006036__EO_or_photomark","AD_vs_FTD","kTSP_k9_disjoint","temporal_theta_D60",1
"tier1_main","single_condition","single_condition","P0_derivative_amplitude_deciles","REGION_AGGREGATES_ALL","ds004504__EC","AD_FTD_vs_CN","kTSP_k9_disjoint","temporal_theta_D80",4
"tier1_main","single_condition","single_condition","P0_derivative_amplitude_deciles","REGION_AGGREGATES_ALL","ds006036__EO_or_photomark","AD_vs_CN","kTSP_k9_disjoint","temporal_theta_D80",2
"tier1_main","single_condition","single_condition","P0_derivative_amplitude_deciles","REGION_AGGREGATES_ALL","ds004504__EC","AD_vs_FTD","kTSP_k9_disjoint","temporal_theta_D80",1
"tier1_main","single_condition","single_condition","P0_derivative_amplitude_deciles","REGION_AGGREGATES_ALL","ds006036__EO_or_photomark","AD_vs_FTD","kTSP_k9_disjoint","temporal_theta_D80",5
"tier2_cross_condition","cross_condition_transfer","EC_train__EO_photo_test","P0_derivative_amplitude_deciles","REGION_AGGREGATES_ALL","EC_train__EO_photo_test","AD_FTD_vs_CN","kTSP_k5_nondisjoint","temporal_theta_D90",1
"tier1_main","single_condition","single_condition","P0_derivative_amplitude_deciles","REGION_AGGREGATES_ALL","ds004504__EC","AD_FTD_vs_CN","kTSP_k9_disjoint","temporal_theta_D90",4
"tier1_main","single_condition","single_condition","P0_derivative_amplitude_deciles","REGION_AGGREGATES_ALL","ds006036__EO_or_photomark","AD_FTD_vs_CN","kTSP_k9_disjoint","temporal_theta_D90",2
"tier4_pooled","pooled_condition","POOLED_EC_EO_subject_grouped","P0_derivative_amplitude_deciles","REGION_AGGREGATES_ALL","POOLED_EC_EO_subject_grouped","AD_FTD_vs_CN","kTSP_k9_disjoint","temporal_theta_D90",2
"tier1_main","single_condition","single_condition","P0_derivative_amplitude_deciles","REGION_AGGREGATES_ALL","ds006036__EO_or_photomark","AD_vs_CN","kTSP_k9_disjoint","temporal_theta_D90",1
"tier1_main","single_condition","single_condition","P0_derivative_amplitude_deciles","REGION_AGGREGATES_ALL","ds004504__EC","CN_vs_FTD","kTSP_CV_disjoint","temporal_theta_lower_tail",10
"tier4_pooled","pooled_condition","POOLED_EC_EO_subject_grouped","P0_derivative_amplitude_deciles","REGION_AGGREGATES_ALL","POOLED_EC_EO_subject_grouped","CN_vs_FTD","kTSP_k5_disjoint","temporal_theta_lower_tail",1
"tier2_cross_condition","cross_condition_transfer","EC_train__EO_photo_test","P0_derivative_amplitude_deciles","REGION_AGGREGATES_ALL","EC_train__EO_photo_test","AD_FTD_vs_CN","kTSP_k5_nondisjoint","temporal_theta_lower_tail",1
"tier1_main","single_condition","single_condition","P0_derivative_amplitude_deciles","REGION_AGGREGATES_ALL","ds004504__EC","AD_vs_CN","kTSP_k5_nondisjoint","temporal_theta_lower_tail",10
"tier4_pooled","pooled_condition","POOLED_EC_EO_subject_grouped","P0_derivative_amplitude_deciles","REGION_AGGREGATES_ALL","POOLED_EC_EO_subject_grouped","AD_vs_FTD","kTSP_k5_nondisjoint","temporal_theta_lower_tail",1
"tier1_main","single_condition","single_condition","P0_derivative_amplitude_deciles","REGION_AGGREGATES_ALL","ds004504__EC","AD_FTD_vs_CN","kTSP_k9_disjoint","temporal_theta_lower_tail",62
"tier1_main","single_condition","single_condition","P0_derivative_amplitude_deciles","REGION_AGGREGATES_ALL","ds006036__EO_or_photomark","AD_FTD_vs_CN","kTSP_k9_disjoint","temporal_theta_lower_tail",4
"tier4_pooled","pooled_condition","POOLED_EC_EO_subject_grouped","P0_derivative_amplitude_deciles","REGION_AGGREGATES_ALL","POOLED_EC_EO_subject_grouped","AD_FTD_vs_CN","kTSP_k9_disjoint","temporal_theta_lower_tail",63
"tier1_main","single_condition","single_condition","P0_derivative_amplitude_deciles","REGION_AGGREGATES_ALL","ds006036__EO_or_photomark","AD_vs_CN","kTSP_k9_disjoint","temporal_theta_lower_tail",1
"tier1_main","single_condition","single_condition","P0_derivative_amplitude_deciles","REGION_AGGREGATES_ALL","ds004504__EC","AD_vs_FTD","kTSP_k9_disjoint","temporal_theta_lower_tail",10
"tier2_cross_condition","cross_condition_transfer","EO_photo_train__EC_test","P1_psd_bandpower_from_derivatives","PSD_REGION_ABSOLUTE","EO_photo_train__EC_test","AD_FTD_vs_CN","kTSP_CV_nondisjoint","temporal_theta_psd_abs",1
"smoke","single_condition","single_condition","P1_psd_bandpower_from_derivatives","PSD_REGION_ABSOLUTE","ds004504__EC","AD_vs_CN","kTSP_CV_nondisjoint","temporal_theta_psd_abs",1
"smoke","single_condition","single_condition","P1_psd_bandpower_from_derivatives","PSD_REGION_ABSOLUTE","ds006036__EO_or_photomark","AD_vs_CN","kTSP_CV_nondisjoint","temporal_theta_psd_abs",2
"tier2_cross_condition","cross_condition_transfer","EO_photo_train__EC_test","P1_psd_bandpower_from_derivatives","PSD_REGION_ABSOLUTE","EO_photo_train__EC_test","AD_vs_CN","kTSP_CV_nondisjoint","temporal_theta_psd_abs",2
"tier2_cross_condition","cross_condition_transfer","EC_train__EO_photo_test","P1_psd_bandpower_from_derivatives","PSD_REGION_ABSOLUTE","EC_train__EO_photo_test","AD_vs_FTD","kTSP_CV_nondisjoint","temporal_theta_psd_abs",1
"tier2_cross_condition","cross_condition_transfer","EO_photo_train__EC_test","P1_psd_bandpower_from_derivatives","PSD_REGION_ABSOLUTE","EO_photo_train__EC_test","CN_vs_FTD","kTSP_CV_nondisjoint","temporal_theta_psd_abs",1
"tier1_main","single_condition","single_condition","P1_psd_bandpower_from_derivatives","PSD_REGION_ABSOLUTE","ds006036__EO_or_photomark","AD_vs_FTD","kTSP_k3_nondisjoint","temporal_theta_psd_abs",6
"tier2_cross_condition","cross_condition_transfer","EC_train__EO_photo_test","P1_psd_bandpower_from_derivatives","PSD_REGION_ABSOLUTE","EC_train__EO_photo_test","AD_FTD_vs_CN","kTSP_k5_disjoint","temporal_theta_psd_abs",1
"tier4_pooled","pooled_condition","POOLED_EC_EO_subject_grouped","P1_psd_bandpower_from_derivatives","PSD_REGION_ABSOLUTE","POOLED_EC_EO_subject_grouped","AD_FTD_vs_CN","kTSP_k5_disjoint","temporal_theta_psd_abs",61
"tier1_main","single_condition","single_condition","P1_psd_bandpower_from_derivatives","PSD_REGION_ABSOLUTE","ds004504__EC","AD_vs_CN","kTSP_k5_disjoint","temporal_theta_psd_abs",75
"tier2_cross_condition","cross_condition_transfer","EC_train__EO_photo_test","P1_psd_bandpower_from_derivatives","PSD_REGION_ABSOLUTE","EC_train__EO_photo_test","AD_vs_CN","kTSP_k5_disjoint","temporal_theta_psd_abs",2
"tier4_pooled","pooled_condition","POOLED_EC_EO_subject_grouped","P1_psd_bandpower_from_derivatives","PSD_REGION_ABSOLUTE","POOLED_EC_EO_subject_grouped","AD_vs_CN","kTSP_k5_disjoint","temporal_theta_psd_abs",92
"tier1_main","single_condition","single_condition","P1_psd_bandpower_from_derivatives","PSD_REGION_ABSOLUTE","ds004504__EC","CN_vs_FTD","kTSP_k5_nondisjoint","temporal_theta_psd_abs",4
"tier1_main","single_condition","single_condition","P1_psd_bandpower_from_derivatives","PSD_REGION_ABSOLUTE","ds006036__EO_or_photomark","AD_FTD_vs_CN","kTSP_k9_disjoint","temporal_theta_psd_abs",68
"tier1_main","single_condition","single_condition","P1_psd_bandpower_from_derivatives","PSD_REGION_ABSOLUTE","ds006036__EO_or_photomark","AD_vs_CN","kTSP_k9_disjoint","temporal_theta_psd_abs",87
"tier1_main","single_condition","single_condition","P1_psd_bandpower_from_derivatives","PSD_REGION_ABSOLUTE","ds004504__EC","AD_vs_FTD","kTSP_k9_disjoint","temporal_theta_psd_abs",41
"tier1_main","single_condition","single_condition","P1_psd_bandpower_from_derivatives","PSD_REGION_ABSOLUTE","ds004504__EC","AD_FTD_vs_CN","kTSP_k9_nondisjoint","temporal_theta_psd_abs",27
"tier4_pooled","pooled_condition","POOLED_EC_EO_subject_grouped","P1_psd_bandpower_from_derivatives","PSD_REGION_ABSOLUTE","POOLED_EC_EO_subject_grouped","AD_vs_FTD","kTSP_k9_nondisjoint","temporal_theta_psd_abs",32
"tier1_main","single_condition","single_condition","P1_psd_bandpower_from_derivatives","PSD_REGION_ABSOLUTE","ds006036__EO_or_photomark","CN_vs_FTD","kTSP_k9_nondisjoint","temporal_theta_psd_abs",57
"tier4_pooled","pooled_condition","POOLED_EC_EO_subject_grouped","P1_psd_bandpower_from_derivatives","PSD_REGION_ABSOLUTE","POOLED_EC_EO_subject_grouped","CN_vs_FTD","kTSP_k9_nondisjoint","temporal_theta_psd_abs",11
"tier1_main","single_condition","single_condition","P0_derivative_amplitude_deciles","REGION_AGGREGATES_ALL","ds004504__EC","AD_vs_FTD","kTSP_k9_disjoint","temporal_theta_shape_asymmetry",1
"tier1_main","single_condition","single_condition","P0_derivative_amplitude_deciles","REGION_AGGREGATES_ALL","ds006036__EO_or_photomark","AD_vs_FTD","kTSP_k9_disjoint","temporal_theta_shape_asymmetry",1
"tier1_main","single_condition","single_condition","P0_derivative_amplitude_deciles","REGION_AGGREGATES_ALL","ds006036__EO_or_photomark","AD_vs_CN","kTSP_k9_disjoint","temporal_theta_spread_80_20",1
"tier1_main","single_condition","single_condition","P0_derivative_amplitude_deciles","REGION_AGGREGATES_ALL","ds006036__EO_or_photomark","AD_vs_CN","kTSP_k9_disjoint","temporal_theta_spread_90_10",3
"tier1_main","single_condition","single_condition","P0_derivative_amplitude_deciles","REGION_AGGREGATES_ALL","ds004504__EC","CN_vs_FTD","kTSP_CV_disjoint","temporal_theta_upper_tail",7
"tier2_cross_condition","cross_condition_transfer","EC_train__EO_photo_test","P0_derivative_amplitude_deciles","REGION_AGGREGATES_ALL","EC_train__EO_photo_test","AD_FTD_vs_CN","kTSP_k5_nondisjoint","temporal_theta_upper_tail",1
"tier1_main","single_condition","single_condition","P0_derivative_amplitude_deciles","REGION_AGGREGATES_ALL","ds004504__EC","AD_vs_CN","kTSP_k5_nondisjoint","temporal_theta_upper_tail",2
"tier4_pooled","pooled_condition","POOLED_EC_EO_subject_grouped","P0_derivative_amplitude_deciles","REGION_AGGREGATES_ALL","POOLED_EC_EO_subject_grouped","AD_vs_FTD","kTSP_k5_nondisjoint","temporal_theta_upper_tail",3
"tier1_main","single_condition","single_condition","P0_derivative_amplitude_deciles","REGION_AGGREGATES_ALL","ds004504__EC","AD_FTD_vs_CN","kTSP_k9_disjoint","temporal_theta_upper_tail",11
"tier1_main","single_condition","single_condition","P0_derivative_amplitude_deciles","REGION_AGGREGATES_ALL","ds006036__EO_or_photomark","AD_FTD_vs_CN","kTSP_k9_disjoint","temporal_theta_upper_tail",1
"tier4_pooled","pooled_condition","POOLED_EC_EO_subject_grouped","P0_derivative_amplitude_deciles","REGION_AGGREGATES_ALL","POOLED_EC_EO_subject_grouped","AD_FTD_vs_CN","kTSP_k9_disjoint","temporal_theta_upper_tail",1
"tier1_main","single_condition","single_condition","P0_derivative_amplitude_deciles","REGION_AGGREGATES_ALL","ds006036__EO_or_photomark","AD_vs_CN","kTSP_k9_disjoint","temporal_theta_upper_tail",4
"tier4_pooled","pooled_condition","POOLED_EC_EO_subject_grouped","P0_derivative_amplitude_deciles","REGION_AGGREGATES_ALL","POOLED_EC_EO_subject_grouped","AD_vs_CN","kTSP_k9_disjoint","temporal_theta_upper_tail",2
"tier1_main","single_condition","single_condition","P0_derivative_amplitude_deciles","REGION_AGGREGATES_ALL","ds006036__EO_or_photomark","AD_vs_FTD","kTSP_k9_disjoint","temporal_theta_upper_tail",14
