"tier","layer","world","scenario_family","scenario_name","condition","task","block","model","macro_f1","mcc","balanced_accuracy","accuracy","f1_pos","f1_neg","rank_macro_f1"
"tier1_main","P0_derivative_amplitude_deciles","DERIVED_DECILES_ALL","single_condition","single_condition","ds004504__EC","AD_FTD_vs_CN","classic_fast","sda_shrinklda",0.756874148281585,0.533252146048493,0.769280303030303,0.781875,0.83080096611584,0.68294733044733,1
"tier1_main","P0_derivative_amplitude_deciles","DERIVED_DECILES_ALL","single_condition","single_condition","ds004504__EC","AD_FTD_vs_CN","switchBox","kTSP_k9_disjoint",0.736392790650369,0.516853000590883,0.742318181818182,0.770208333333333,0.817828796083891,0.654956785216847,2
"tier1_main","P0_derivative_amplitude_deciles","DERIVED_DECILES_ALL","single_condition","single_condition","ds004504__EC","AD_FTD_vs_CN","classic_fast","ranger_rf",0.730622886351573,0.499001078837059,0.7245,0.782708333333333,0.845798997256371,0.615446775446775,3
"tier1_main","P0_derivative_amplitude_deciles","DERIVED_DECILES_ALL","single_condition","single_condition","ds004504__EC","AD_FTD_vs_CN","switchBox","kTSP_CV_disjoint",0.697964144789542,0.451847922150141,0.711901515151515,0.730902777777778,0.776574507654094,0.619353781924989,4
"tier1_main","P0_derivative_amplitude_deciles","DERIVED_DECILES_ALL","single_condition","single_condition","ds004504__EC","AD_FTD_vs_CN","switchBox","kTSP_k9_nondisjoint",0.694507111506348,0.437746233874272,0.70105303030303,0.732083333333333,0.784789599081415,0.60422462393128,5
"tier1_main","P0_derivative_amplitude_deciles","DERIVED_DECILES_ALL","single_condition","single_condition","ds004504__EC","AD_FTD_vs_CN","switchBox","kTSP_k5_disjoint",0.683594959711671,0.426535954850256,0.695606060606061,0.720208333333333,0.766640634171271,0.600549285252072,6
"tier1_main","P0_derivative_amplitude_deciles","DERIVED_DECILES_ALL","single_condition","single_condition","ds004504__EC","AD_FTD_vs_CN","switchBox","kTSP_CV_nondisjoint",0.679460317872951,0.415526571905332,0.6915,0.716111111111111,0.765797150442076,0.593123485303826,7
"tier1_main","P0_derivative_amplitude_deciles","DERIVED_DECILES_ALL","single_condition","single_condition","ds004504__EC","AD_FTD_vs_CN","classic_fast","knn_euclidean",0.676269218931734,0.369842295887451,0.686863636363636,0.703611111111111,0.763814420137128,0.58872401772634,8
"tier1_main","P0_derivative_amplitude_deciles","DERIVED_DECILES_ALL","single_condition","single_condition","ds004504__EC","AD_FTD_vs_CN","switchBox","kTSP_k3_disjoint",0.671981443238439,0.404068861790265,0.685742424242424,0.709930555555556,0.759083875137341,0.584879011339538,9
"tier1_main","P0_derivative_amplitude_deciles","DERIVED_DECILES_ALL","single_condition","single_condition","ds004504__EC","AD_FTD_vs_CN","switchBox","kTSP_k5_nondisjoint",0.664750205141897,0.396956190450366,0.680833333333333,0.700416666666667,0.745560576725538,0.583939833558255,10
"tier1_main","P1_psd_bandpower_from_derivatives","PSD_REGION_ABSOLUTE","single_condition","single_condition","ds004504__EC","AD_FTD_vs_CN","switchBox","kTSP_k9_nondisjoint",0.769839574381811,0.575637602042333,0.799780303030303,0.781875,0.818017790514028,0.721661358249594,1
"tier1_main","P1_psd_bandpower_from_derivatives","PSD_REGION_ABSOLUTE","single_condition","single_condition","ds004504__EC","AD_FTD_vs_CN","switchBox","kTSP_k5_nondisjoint",0.762456883006092,0.566213707986181,0.795212121212121,0.773333333333333,0.808111915901511,0.716801850110674,2
"tier1_main","P1_psd_bandpower_from_derivatives","PSD_REGION_ABSOLUTE","single_condition","single_condition","ds004504__EC","AD_FTD_vs_CN","classic_fast","ranger_rf",0.76133817990827,0.563032317878357,0.753992424242424,0.808888888888889,0.864879268019448,0.657797091797092,3
"tier1_main","P1_psd_bandpower_from_derivatives","PSD_REGION_ABSOLUTE","single_condition","single_condition","ds004504__EC","AD_FTD_vs_CN","switchBox","kTSP_CV_nondisjoint",0.758415753681042,0.555224605890765,0.788113636363636,0.771319444444444,0.807775328247081,0.709056179115003,4
"tier1_main","P1_psd_bandpower_from_derivatives","PSD_REGION_ABSOLUTE","single_condition","single_condition","ds004504__EC","AD_FTD_vs_CN","switchBox","kTSP_k3_nondisjoint",0.753530758406055,0.543475763167206,0.782128787878788,0.766597222222222,0.804854072295841,0.702207444516268,5
"tier1_main","P1_psd_bandpower_from_derivatives","PSD_REGION_ABSOLUTE","single_condition","single_condition","ds004504__EC","AD_FTD_vs_CN","classic_fast","sda_shrinklda",0.753312357339245,0.542424333848874,0.747507575757576,0.802847222222222,0.860913425967202,0.645711288711289,6
"tier1_main","P1_psd_bandpower_from_derivatives","PSD_REGION_ABSOLUTE","single_condition","single_condition","ds004504__EC","AD_FTD_vs_CN","classic_fast","svm_linear_liblinear",0.735009828011291,0.505438354847281,0.733181818181818,0.781527777777778,0.841129200073302,0.628890455949279,7
"tier1_main","P1_psd_bandpower_from_derivatives","PSD_REGION_ABSOLUTE","single_condition","single_condition","ds004504__EC","AD_FTD_vs_CN","classic_fast","glmnet_lasso",0.73406416656062,0.514314240596827,0.728121212121212,0.79125,0.853263364756271,0.614864968364968,8
"tier1_main","P1_psd_bandpower_from_derivatives","PSD_REGION_ABSOLUTE","single_condition","single_condition","ds004504__EC","AD_FTD_vs_CN","classic_fast","glmnet_elasticnet",0.731619153924303,0.507032026746719,0.724416666666667,0.784722222222222,0.847092120702418,0.616146187146187,9
"tier1_main","P1_psd_bandpower_from_derivatives","PSD_REGION_ABSOLUTE","single_condition","single_condition","ds004504__EC","AD_FTD_vs_CN","switchBox","kTSP_k5_disjoint",0.729962844545413,0.543180251977722,0.782545454545455,0.737083333333333,0.761401888244269,0.698523800846556,10
"tier1_main","P0_derivative_amplitude_deciles","REGION_AGGREGATES_ALL","single_condition","single_condition","ds004504__EC","AD_FTD_vs_CN","switchBox","kTSP_k9_disjoint",0.742554624474079,0.521453294406437,0.742924242424242,0.780763888888889,0.834121036180533,0.650988212767625,1
"tier1_main","P0_derivative_amplitude_deciles","REGION_AGGREGATES_ALL","single_condition","single_condition","ds004504__EC","AD_FTD_vs_CN","switchBox","kTSP_CV_disjoint",0.734412682370924,0.502708668155572,0.739227272727273,0.770069444444444,0.82361370875078,0.645211655991068,2
"tier1_main","P0_derivative_amplitude_deciles","REGION_AGGREGATES_ALL","single_condition","single_condition","ds004504__EC","AD_FTD_vs_CN","classic_fast","sda_shrinklda",0.718984503985318,0.45760541791579,0.720234848484848,0.756111111111111,0.816510286953092,0.621458721017545,3
"tier1_main","P0_derivative_amplitude_deciles","REGION_AGGREGATES_ALL","single_condition","single_condition","ds004504__EC","AD_FTD_vs_CN","switchBox","kTSP_k5_disjoint",0.717293125406075,0.47144409268076,0.72394696969697,0.752569444444444,0.80617722287758,0.62840902793457,4
"tier1_main","P0_derivative_amplitude_deciles","REGION_AGGREGATES_ALL","single_condition","single_condition","ds004504__EC","AD_FTD_vs_CN","classic_fast","ranger_rf",0.716224672085968,0.467438933486345,0.71,0.769791666666667,0.836538366260958,0.595910977910978,5
"tier1_main","P0_derivative_amplitude_deciles","REGION_AGGREGATES_ALL","single_condition","single_condition","ds004504__EC","AD_FTD_vs_CN","switchBox","kTSP_k9_nondisjoint",0.709318166646747,0.459324826444618,0.719015151515151,0.742777777777778,0.796371801385774,0.622264531907721,6
"tier1_main","P0_derivative_amplitude_deciles","REGION_AGGREGATES_ALL","single_condition","single_condition","ds004504__EC","AD_FTD_vs_CN","switchBox","kTSP_CV_nondisjoint",0.702935986105373,0.449948901902791,0.717,0.732986111111111,0.784486022505137,0.621385949705609,7
"tier1_main","P0_derivative_amplitude_deciles","REGION_AGGREGATES_ALL","single_condition","single_condition","ds004504__EC","AD_FTD_vs_CN","switchBox","kTSP_k3_disjoint",0.695575296022708,0.434721648841707,0.703787878787879,0.730902777777778,0.783912375325776,0.607238216719641,8
"tier1_main","P0_derivative_amplitude_deciles","REGION_AGGREGATES_ALL","single_condition","single_condition","ds004504__EC","AD_FTD_vs_CN","switchBox","kTSP_k5_nondisjoint",0.691369702065607,0.428364067733193,0.70575,0.720763888888889,0.770861637419081,0.611877766712132,9
"tier1_main","P0_derivative_amplitude_deciles","REGION_AGGREGATES_ALL","single_condition","single_condition","ds004504__EC","AD_FTD_vs_CN","classic_fast","knn_euclidean",0.689413469098716,0.397826816209994,0.697636363636364,0.724791666666667,0.788235683047353,0.590591255150079,10
"tier1_main","P0_derivative_amplitude_deciles","DERIVED_DECILES_ALL","single_condition","single_condition","ds006036__EO_or_photomark","AD_FTD_vs_CN","classic_fast","sda_shrinklda",0.736117404850525,0.489462043489382,0.742045454545455,0.767569444444444,0.823817338283579,0.648417471417471,1
"tier1_main","P0_derivative_amplitude_deciles","DERIVED_DECILES_ALL","single_condition","single_condition","ds006036__EO_or_photomark","AD_FTD_vs_CN","switchBox","kTSP_k9_disjoint",0.700785468573617,0.43573711721573,0.705477272727273,0.744861111111111,0.806820997544354,0.594749939602881,2
"tier1_main","P0_derivative_amplitude_deciles","DERIVED_DECILES_ALL","single_condition","single_condition","ds006036__EO_or_photomark","AD_FTD_vs_CN","classic_fast","ranger_rf",0.686822573198798,0.422865795488538,0.679484848484848,0.755902777777778,0.831208527460978,0.542436618936619,3
"tier1_main","P0_derivative_amplitude_deciles","DERIVED_DECILES_ALL","single_condition","single_condition","ds006036__EO_or_photomark","AD_FTD_vs_CN","switchBox","kTSP_k5_disjoint",0.684360324594418,0.407116170502879,0.691962121212121,0.728125,0.790673128597973,0.578047520590864,4
"tier1_main","P0_derivative_amplitude_deciles","DERIVED_DECILES_ALL","single_condition","single_condition","ds006036__EO_or_photomark","AD_FTD_vs_CN","switchBox","kTSP_CV_disjoint",0.684027774975309,0.408050697132254,0.691219696969697,0.728055555555556,0.790584348465485,0.577471201485133,5
"tier1_main","P0_derivative_amplitude_deciles","DERIVED_DECILES_ALL","single_condition","single_condition","ds006036__EO_or_photomark","AD_FTD_vs_CN","classic_fast","knn_euclidean",0.678193746713221,0.389827081025421,0.699901515151515,0.702152777777778,0.757229381242788,0.599158112183654,6
"tier1_main","P0_derivative_amplitude_deciles","DERIVED_DECILES_ALL","single_condition","single_condition","ds006036__EO_or_photomark","AD_FTD_vs_CN","switchBox","kTSP_k9_nondisjoint",0.672969567043538,0.38075823518909,0.681931818181818,0.715,0.779088243663431,0.566850890423646,7
"tier1_main","P0_derivative_amplitude_deciles","DERIVED_DECILES_ALL","single_condition","single_condition","ds006036__EO_or_photomark","AD_FTD_vs_CN","switchBox","kTSP_k3_disjoint",0.662866947375799,0.368352463816696,0.674280303030303,0.704722222222222,0.76675147409348,0.558982420658117,8
"tier1_main","P0_derivative_amplitude_deciles","DERIVED_DECILES_ALL","single_condition","single_condition","ds006036__EO_or_photomark","AD_FTD_vs_CN","switchBox","kTSP_CV_nondisjoint",0.659922963938791,0.358437041093608,0.670227272727273,0.701597222222222,0.765408663044033,0.55443726483355,9
"tier1_main","P0_derivative_amplitude_deciles","DERIVED_DECILES_ALL","single_condition","single_condition","ds006036__EO_or_photomark","AD_FTD_vs_CN","switchBox","kTSP_k5_nondisjoint",0.659540098415618,0.358038023983164,0.670871212121212,0.699583333333333,0.763310988914969,0.555769207916267,10
"tier1_main","P1_psd_bandpower_from_derivatives","PSD_REGION_ABSOLUTE","single_condition","single_condition","ds006036__EO_or_photomark","AD_FTD_vs_CN","switchBox","kTSP_k9_nondisjoint",0.773810356816872,0.566662296564131,0.786219696969697,0.795833333333333,0.840094475166329,0.707526238467415,1
"tier1_main","P1_psd_bandpower_from_derivatives","PSD_REGION_ABSOLUTE","single_condition","single_condition","ds006036__EO_or_photomark","AD_FTD_vs_CN","switchBox","kTSP_CV_nondisjoint",0.773278714546099,0.565749698757223,0.78580303030303,0.795277777777778,0.839580641174234,0.706976787917964,2
"tier1_main","P1_psd_bandpower_from_derivatives","PSD_REGION_ABSOLUTE","single_condition","single_condition","ds006036__EO_or_photomark","AD_FTD_vs_CN","switchBox","kTSP_k5_nondisjoint",0.757524971938816,0.529335417445726,0.767439393939394,0.783263888888889,0.832777272104961,0.682272671772672,3
"tier1_main","P1_psd_bandpower_from_derivatives","PSD_REGION_ABSOLUTE","single_condition","single_condition","ds006036__EO_or_photomark","AD_FTD_vs_CN","switchBox","kTSP_k3_nondisjoint",0.751518415386207,0.526743821050085,0.769462121212121,0.774583333333333,0.821032300988473,0.682004529783942,4
"tier1_main","P1_psd_bandpower_from_derivatives","PSD_REGION_ABSOLUTE","single_condition","single_condition","ds006036__EO_or_photomark","AD_FTD_vs_CN","switchBox","kTSP_k9_disjoint",0.746333733727872,0.56324926752984,0.792522727272727,0.753680555555556,0.777250413233735,0.715417054222008,5
"tier1_main","P1_psd_bandpower_from_derivatives","PSD_REGION_ABSOLUTE","single_condition","single_condition","ds006036__EO_or_photomark","AD_FTD_vs_CN","switchBox","TSP_k1",0.740816633925444,0.504725996711144,0.756795454545454,0.764513888888889,0.812016572454781,0.669616695396107,6
"tier1_main","P1_psd_bandpower_from_derivatives","PSD_REGION_ABSOLUTE","single_condition","single_condition","ds006036__EO_or_photomark","AD_FTD_vs_CN","classic_fast","svm_linear_liblinear",0.714885094386706,0.459368910969698,0.715409090909091,0.763194444444444,0.827905470158694,0.601864718614719,7
"tier1_main","P1_psd_bandpower_from_derivatives","PSD_REGION_ABSOLUTE","single_condition","single_condition","ds006036__EO_or_photomark","AD_FTD_vs_CN","classic_fast","ranger_rf",0.706426335142452,0.450407569865384,0.703272727272727,0.764097222222222,0.832440027372261,0.580412642912643,8
"tier1_main","P1_psd_bandpower_from_derivatives","PSD_REGION_ABSOLUTE","single_condition","single_condition","ds006036__EO_or_photomark","AD_FTD_vs_CN","classic_fast","knn_euclidean",0.697769078514356,0.436967846311733,0.693962121212121,0.762291666666667,0.834219642210197,0.561318514818515,9
"tier1_main","P1_psd_bandpower_from_derivatives","PSD_REGION_ABSOLUTE","single_condition","single_condition","ds006036__EO_or_photomark","AD_FTD_vs_CN","classic_fast","sda_shrinklda",0.690358372903126,0.438346781535619,0.690522727272727,0.768680555555556,0.842734061823567,0.537982683982684,10
"tier1_main","P0_derivative_amplitude_deciles","REGION_AGGREGATES_ALL","single_condition","single_condition","ds006036__EO_or_photomark","AD_FTD_vs_CN","classic_fast","sda_shrinklda",0.708698621448049,0.438888252995301,0.707886363636364,0.752708333333333,0.818544706543562,0.598852536352536,1
"tier1_main","P0_derivative_amplitude_deciles","REGION_AGGREGATES_ALL","single_condition","single_condition","ds006036__EO_or_photomark","AD_FTD_vs_CN","switchBox","kTSP_k9_disjoint",0.707264626802483,0.452115251019529,0.706030303030303,0.757013888888889,0.82082273789845,0.593706515706516,2
"tier1_main","P0_derivative_amplitude_deciles","REGION_AGGREGATES_ALL","single_condition","single_condition","ds006036__EO_or_photomark","AD_FTD_vs_CN","classic_fast","knn_euclidean",0.704064705609049,0.425432965016371,0.710060606060606,0.739097222222222,0.801089021868885,0.607040389349213,3
"tier1_main","P0_derivative_amplitude_deciles","REGION_AGGREGATES_ALL","single_condition","single_condition","ds006036__EO_or_photomark","AD_FTD_vs_CN","classic_fast","ranger_rf",0.700536244381096,0.443409896355212,0.693954545454545,0.763055555555556,0.834734992924695,0.566337495837496,4
"tier1_main","P0_derivative_amplitude_deciles","REGION_AGGREGATES_ALL","single_condition","single_condition","ds006036__EO_or_photomark","AD_FTD_vs_CN","switchBox","kTSP_k9_nondisjoint",0.694765004688956,0.419535094671883,0.695780303030303,0.741319444444444,0.808364896712799,0.581165112665113,5
"tier1_main","P0_derivative_amplitude_deciles","REGION_AGGREGATES_ALL","single_condition","single_condition","ds006036__EO_or_photomark","AD_FTD_vs_CN","switchBox","kTSP_k5_disjoint",0.692638215452158,0.416152169197551,0.692719696969697,0.742638888888889,0.809865896993783,0.575410533910534,6
"tier1_main","P0_derivative_amplitude_deciles","REGION_AGGREGATES_ALL","single_condition","single_condition","ds006036__EO_or_photomark","AD_FTD_vs_CN","switchBox","kTSP_CV_disjoint",0.684800333849059,0.3993042954221,0.684810606060606,0.734583333333333,0.804071974169425,0.565528693528694,7
"tier1_main","P0_derivative_amplitude_deciles","REGION_AGGREGATES_ALL","single_condition","single_condition","ds006036__EO_or_photomark","AD_FTD_vs_CN","switchBox","kTSP_CV_nondisjoint",0.683387618650377,0.395852933547822,0.684954545454545,0.731597222222222,0.80113057150903,0.565644665791725,8
"tier1_main","P0_derivative_amplitude_deciles","REGION_AGGREGATES_ALL","single_condition","single_condition","ds006036__EO_or_photomark","AD_FTD_vs_CN","switchBox","kTSP_k3_disjoint",0.683339204588805,0.394580362192459,0.68755303030303,0.72625,0.792575312927455,0.574103096250155,9
"tier1_main","P0_derivative_amplitude_deciles","REGION_AGGREGATES_ALL","single_condition","single_condition","ds006036__EO_or_photomark","AD_FTD_vs_CN","switchBox","kTSP_k3_nondisjoint",0.664433462625455,0.359662630234014,0.671734848484848,0.706041666666667,0.772709633196558,0.556157292054351,10
"tier1_main","P0_derivative_amplitude_deciles","DERIVED_DECILES_ALL","single_condition","single_condition","ds004504__EC","AD_vs_CN","classic_fast","ranger_rf",0.785277827564592,0.590007083932147,0.789404761904762,0.790576923076923,0.806583405156935,0.76397224997225,1
"tier1_main","P0_derivative_amplitude_deciles","DERIVED_DECILES_ALL","single_condition","single_condition","ds004504__EC","AD_vs_CN","classic_fast","sda_shrinklda",0.774838062393403,0.571296929493254,0.778416666666667,0.781217948717949,0.799751271861953,0.749924852924853,2
"tier1_main","P0_derivative_amplitude_deciles","DERIVED_DECILES_ALL","single_condition","single_condition","ds004504__EC","AD_vs_CN","switchBox","kTSP_k9_disjoint",0.733163686932263,0.501591021418028,0.741267857142857,0.74231684981685,0.755448724735876,0.710878649128649,3
"tier1_main","P0_derivative_amplitude_deciles","DERIVED_DECILES_ALL","single_condition","single_condition","ds004504__EC","AD_vs_CN","classic_fast","xgboost_default",0.726756589944283,0.474318113849594,0.729988095238095,0.734578754578755,0.759541595916983,0.693971583971584,4
"tier1_main","P0_derivative_amplitude_deciles","DERIVED_DECILES_ALL","single_condition","single_condition","ds004504__EC","AD_vs_CN","classic_fast","xgboost_shallow",0.726756589944283,0.474318113849594,0.729988095238095,0.734578754578755,0.759541595916983,0.693971583971584,4
"tier1_main","P0_derivative_amplitude_deciles","DERIVED_DECILES_ALL","single_condition","single_condition","ds004504__EC","AD_vs_CN","switchBox","kTSP_CV_disjoint",0.72253556363657,0.484317844518562,0.734309523809524,0.730476190476191,0.734539886584004,0.710531240689135,6
"tier1_main","P0_derivative_amplitude_deciles","DERIVED_DECILES_ALL","single_condition","single_condition","ds004504__EC","AD_vs_CN","switchBox","kTSP_k5_disjoint",0.718178065871177,0.480003420072292,0.729803571428571,0.728571428571429,0.739157364135692,0.697198767606662,7
"tier1_main","P0_derivative_amplitude_deciles","DERIVED_DECILES_ALL","single_condition","single_condition","ds004504__EC","AD_vs_CN","switchBox","kTSP_k3_disjoint",0.712826618170271,0.462822692636345,0.724428571428571,0.721483516483516,0.727557372366196,0.698095863974347,8
"tier1_main","P0_derivative_amplitude_deciles","DERIVED_DECILES_ALL","single_condition","single_condition","ds004504__EC","AD_vs_CN","switchBox","TSP_k1",0.702777208086032,0.443735862692555,0.715690476190476,0.709752747252747,0.709558730485201,0.695995685686862,9
"tier1_main","P0_derivative_amplitude_deciles","DERIVED_DECILES_ALL","single_condition","single_condition","ds004504__EC","AD_vs_CN","classic_fast","svm_linear_liblinear",0.69874041812161,0.431550579940631,0.706839285714286,0.708489010989011,0.724290859553243,0.673189976689977,10
"tier1_main","P1_psd_bandpower_from_derivatives","PSD_REGION_ABSOLUTE","single_condition","single_condition","ds004504__EC","AD_vs_CN","classic_fast","ranger_rf",0.802589345295228,0.629425625650901,0.808011904761905,0.808086080586081,0.822042555483732,0.783136135106723,1
"tier1_main","P1_psd_bandpower_from_derivatives","PSD_REGION_ABSOLUTE","single_condition","single_condition","ds004504__EC","AD_vs_CN","switchBox","kTSP_k9_nondisjoint",0.798842496555732,0.624109669737072,0.807422619047619,0.801254578754579,0.802398057824528,0.795286935286935,2
"tier1_main","P1_psd_bandpower_from_derivatives","PSD_REGION_ABSOLUTE","single_condition","single_condition","ds004504__EC","AD_vs_CN","switchBox","kTSP_k5_nondisjoint",0.798192063655299,0.623913983522943,0.807035714285714,0.800540293040293,0.801117338543809,0.795266788766789,3
"tier1_main","P1_psd_bandpower_from_derivatives","PSD_REGION_ABSOLUTE","single_condition","single_condition","ds004504__EC","AD_vs_CN","switchBox","kTSP_CV_nondisjoint",0.796249724948254,0.620172671163163,0.805160714285714,0.798946886446886,0.799122555549026,0.793376894347483,4
"tier1_main","P1_psd_bandpower_from_derivatives","PSD_REGION_ABSOLUTE","single_condition","single_condition","ds004504__EC","AD_vs_CN","switchBox","kTSP_k5_disjoint",0.792309125858661,0.640884583998936,0.810940476190476,0.796437728937729,0.774208596958597,0.810409654758726,5
"tier1_main","P1_psd_bandpower_from_derivatives","PSD_REGION_ABSOLUTE","single_condition","single_condition","ds004504__EC","AD_vs_CN","switchBox","kTSP_k3_nondisjoint",0.784328092658975,0.595425835301311,0.792654761904762,0.787554945054945,0.790137266328443,0.778518918989507,6
"tier1_main","P1_psd_bandpower_from_derivatives","PSD_REGION_ABSOLUTE","single_condition","single_condition","ds004504__EC","AD_vs_CN","classic_fast","xgboost_default",0.779066978085554,0.582390120236525,0.783767857142857,0.786327838827839,0.805156877694029,0.752977078477079,7
"tier1_main","P1_psd_bandpower_from_derivatives","PSD_REGION_ABSOLUTE","single_condition","single_condition","ds004504__EC","AD_vs_CN","classic_fast","xgboost_shallow",0.779066978085554,0.582390120236525,0.783767857142857,0.786327838827839,0.805156877694029,0.752977078477079,7
"tier1_main","P1_psd_bandpower_from_derivatives","PSD_REGION_ABSOLUTE","single_condition","single_condition","ds004504__EC","AD_vs_CN","switchBox","kTSP_k9_disjoint",0.765287898376134,0.616696587854777,0.791880952380952,0.773122710622711,0.7323721001221,0.798203696630167,9
"tier1_main","P1_psd_bandpower_from_derivatives","PSD_REGION_ABSOLUTE","single_condition","single_condition","ds004504__EC","AD_vs_CN","switchBox","kTSP_k3_disjoint",0.765087992073286,0.601133823803562,0.787357142857143,0.770091575091575,0.744348429348429,0.785827554798143,10
"tier1_main","P0_derivative_amplitude_deciles","REGION_AGGREGATES_ALL","single_condition","single_condition","ds004504__EC","AD_vs_CN","classic_fast","ranger_rf",0.774898354827147,0.57371542996614,0.780285714285714,0.780302197802198,0.792655739513325,0.75714097014097,1
"tier1_main","P0_derivative_amplitude_deciles","REGION_AGGREGATES_ALL","single_condition","single_condition","ds004504__EC","AD_vs_CN","switchBox","kTSP_k5_nondisjoint",0.734806783902372,0.498826754694397,0.741363095238095,0.743525641025641,0.762977537168714,0.706636030636031,2
"tier1_main","P0_derivative_amplitude_deciles","REGION_AGGREGATES_ALL","single_condition","single_condition","ds004504__EC","AD_vs_CN","switchBox","kTSP_k3_nondisjoint",0.733714154309743,0.4957102855951,0.740261904761905,0.742042124542125,0.760279124470301,0.707149184149184,3
"tier1_main","P0_derivative_amplitude_deciles","REGION_AGGREGATES_ALL","single_condition","single_condition","ds004504__EC","AD_vs_CN","switchBox","kTSP_CV_nondisjoint",0.731567085692086,0.49557650170854,0.738285714285714,0.740741758241758,0.758842046842047,0.704292124542125,4
"tier1_main","P0_derivative_amplitude_deciles","REGION_AGGREGATES_ALL","single_condition","single_condition","ds004504__EC","AD_vs_CN","classic_fast","sda_shrinklda",0.731091065925818,0.492058781455661,0.736517857142857,0.744432234432234,0.775945868115373,0.686236263736264,5
"tier1_main","P0_derivative_amplitude_deciles","REGION_AGGREGATES_ALL","single_condition","single_condition","ds004504__EC","AD_vs_CN","switchBox","TSP_k1",0.730896316102198,0.490195351881139,0.737476190476191,0.73967032967033,0.759360841772606,0.70243179043179,6
"tier1_main","P0_derivative_amplitude_deciles","REGION_AGGREGATES_ALL","single_condition","single_condition","ds004504__EC","AD_vs_CN","switchBox","kTSP_k9_nondisjoint",0.716066814764183,0.472049729018432,0.724107142857143,0.72775641025641,0.74606328320802,0.686070346320346,7
"tier1_main","P0_derivative_amplitude_deciles","REGION_AGGREGATES_ALL","single_condition","single_condition","ds004504__EC","AD_vs_CN","classic_fast","knn_euclidean",0.714631876293641,0.464795841725917,0.727130952380952,0.71952380952381,0.715873128505481,0.713390624081801,8
"tier1_main","P0_derivative_amplitude_deciles","REGION_AGGREGATES_ALL","single_condition","single_condition","ds004504__EC","AD_vs_CN","classic_fast","xgboost_default",0.703126317310141,0.431845328100907,0.710547619047619,0.710467032967033,0.722618747265806,0.683633887354476,9
"tier1_main","P0_derivative_amplitude_deciles","REGION_AGGREGATES_ALL","single_condition","single_condition","ds004504__EC","AD_vs_CN","classic_fast","xgboost_shallow",0.703126317310141,0.431845328100907,0.710547619047619,0.710467032967033,0.722618747265806,0.683633887354476,9
"tier1_main","P0_derivative_amplitude_deciles","DERIVED_DECILES_ALL","single_condition","single_condition","ds006036__EO_or_photomark","AD_vs_CN","switchBox","kTSP_k9_disjoint",0.73800591805855,0.541645255423858,0.745410714285714,0.760659340659341,0.802919151024414,0.673092685092685,1
"tier1_main","P0_derivative_amplitude_deciles","DERIVED_DECILES_ALL","single_condition","single_condition","ds006036__EO_or_photomark","AD_vs_CN","classic_fast","ranger_rf",0.714350913963917,0.461900611398647,0.720738095238095,0.725613553113553,0.752352177578184,0.67634965034965,2
"tier1_main","P0_derivative_amplitude_deciles","DERIVED_DECILES_ALL","single_condition","single_condition","ds006036__EO_or_photomark","AD_vs_CN","switchBox","kTSP_k5_disjoint",0.706964209208404,0.48353744925615,0.71672619047619,0.729468864468864,0.767907834425636,0.646020583991172,3
"tier1_main","P0_derivative_amplitude_deciles","DERIVED_DECILES_ALL","single_condition","single_condition","ds006036__EO_or_photomark","AD_vs_CN","switchBox","kTSP_CV_disjoint",0.704349937858839,0.475720592971286,0.714190476190476,0.726190476190476,0.764204932752146,0.644494942965531,4
"tier1_main","P0_derivative_amplitude_deciles","DERIVED_DECILES_ALL","single_condition","single_condition","ds006036__EO_or_photomark","AD_vs_CN","switchBox","kTSP_k9_nondisjoint",0.704253082057262,0.471356381673324,0.713059523809524,0.725604395604396,0.763793280592816,0.644712883521707,5
"tier1_main","P0_derivative_amplitude_deciles","DERIVED_DECILES_ALL","single_condition","single_condition","ds006036__EO_or_photomark","AD_vs_CN","classic_fast","sda_shrinklda",0.702601220760663,0.437798076912557,0.710511904761905,0.712252747252747,0.735592440411326,0.669610001110001,6
"tier1_main","P0_derivative_amplitude_deciles","DERIVED_DECILES_ALL","single_condition","single_condition","ds006036__EO_or_photomark","AD_vs_CN","switchBox","kTSP_CV_nondisjoint",0.690039420503817,0.446608099635273,0.701636904761905,0.711776556776557,0.744352803972773,0.635726037034861,7
"tier1_main","P0_derivative_amplitude_deciles","DERIVED_DECILES_ALL","single_condition","single_condition","ds006036__EO_or_photomark","AD_vs_CN","switchBox","kTSP_k3_disjoint",0.685935105829843,0.440285655280759,0.697827380952381,0.708489010989011,0.743360838679724,0.628509372979961,8
"tier1_main","P0_derivative_amplitude_deciles","DERIVED_DECILES_ALL","single_condition","single_condition","ds006036__EO_or_photomark","AD_vs_CN","switchBox","kTSP_k5_nondisjoint",0.678239875277801,0.427476399667968,0.69114880952381,0.700760073260073,0.729676893282156,0.626802857273446,9
"tier1_main","P0_derivative_amplitude_deciles","DERIVED_DECILES_ALL","single_condition","single_condition","ds006036__EO_or_photomark","AD_vs_CN","switchBox","kTSP_k3_nondisjoint",0.652391977260785,0.370940362553447,0.666410714285714,0.672692307692308,0.695073568502361,0.60971038601921,10
"tier1_main","P1_psd_bandpower_from_derivatives","PSD_REGION_ABSOLUTE","single_condition","single_condition","ds006036__EO_or_photomark","AD_vs_CN","switchBox","kTSP_k9_disjoint",0.815373103203985,0.67248936704632,0.829422619047619,0.818681318681319,0.807592019092019,0.823154187315952,1
"tier1_main","P1_psd_bandpower_from_derivatives","PSD_REGION_ABSOLUTE","single_condition","single_condition","ds006036__EO_or_photomark","AD_vs_CN","switchBox","kTSP_k9_nondisjoint",0.788011015944839,0.594466309573009,0.791047619047619,0.793067765567766,0.81031629318394,0.765705738705739,2
"tier1_main","P1_psd_bandpower_from_derivatives","PSD_REGION_ABSOLUTE","single_condition","single_condition","ds006036__EO_or_photomark","AD_vs_CN","classic_fast","sda_shrinklda",0.785274565346934,0.604221614851531,0.787755952380952,0.796831501831502,0.826558232702969,0.743990897990898,3
"tier1_main","P1_psd_bandpower_from_derivatives","PSD_REGION_ABSOLUTE","single_condition","single_condition","ds006036__EO_or_photomark","AD_vs_CN","switchBox","kTSP_CV_nondisjoint",0.772511470555588,0.569392175049281,0.777702380952381,0.778031135531136,0.791610887478534,0.753412053632642,4
"tier1_main","P1_psd_bandpower_from_derivatives","PSD_REGION_ABSOLUTE","single_condition","single_condition","ds006036__EO_or_photomark","AD_vs_CN","switchBox","kTSP_k5_nondisjoint",0.759474148400619,0.539001598037522,0.762613095238095,0.766034798534799,0.787788900641842,0.731159396159396,5
"tier1_main","P1_psd_bandpower_from_derivatives","PSD_REGION_ABSOLUTE","single_condition","single_condition","ds006036__EO_or_photomark","AD_vs_CN","switchBox","kTSP_k3_nondisjoint",0.747276853865089,0.524921732321874,0.755035714285714,0.754065934065934,0.766320808276691,0.728232899453488,6
"tier1_main","P1_psd_bandpower_from_derivatives","PSD_REGION_ABSOLUTE","single_condition","single_condition","ds006036__EO_or_photomark","AD_vs_CN","classic_fast","svm_linear_liblinear",0.744441070367541,0.513448854836721,0.748172619047619,0.753195970695971,0.778858664211605,0.710023476523477,7
"tier1_main","P1_psd_bandpower_from_derivatives","PSD_REGION_ABSOLUTE","single_condition","single_condition","ds006036__EO_or_photomark","AD_vs_CN","switchBox","kTSP_k5_disjoint",0.739046260112437,0.564028448240346,0.765529761904762,0.746996336996337,0.709287046287046,0.768805473937827,8
"tier1_main","P1_psd_bandpower_from_derivatives","PSD_REGION_ABSOLUTE","single_condition","single_condition","ds006036__EO_or_photomark","AD_vs_CN","switchBox","kTSP_CV_disjoint",0.73516410876705,0.562543855568991,0.763886904761905,0.744038461538462,0.700444000444,0.769884217090099,9
"tier1_main","P1_psd_bandpower_from_derivatives","PSD_REGION_ABSOLUTE","single_condition","single_condition","ds006036__EO_or_photomark","AD_vs_CN","classic_fast","glmnet_elasticnet",0.734925399248155,0.518723241605417,0.741357142857143,0.753571428571429,0.792670312315823,0.677180486180486,10
"tier1_main","P0_derivative_amplitude_deciles","REGION_AGGREGATES_ALL","single_condition","single_condition","ds006036__EO_or_photomark","AD_vs_CN","switchBox","kTSP_k9_disjoint",0.756207899169973,0.587803364779136,0.761815476190476,0.781126373626374,0.825314288738437,0.68710150960151,1
"tier1_main","P0_derivative_amplitude_deciles","REGION_AGGREGATES_ALL","single_condition","single_condition","ds006036__EO_or_photomark","AD_vs_CN","switchBox","kTSP_k5_disjoint",0.738071626515899,0.552695613907935,0.745434523809524,0.764239926739927,0.808779311417856,0.667363941613942,2
"tier1_main","P0_derivative_amplitude_deciles","REGION_AGGREGATES_ALL","single_condition","single_condition","ds006036__EO_or_photomark","AD_vs_CN","switchBox","kTSP_CV_disjoint",0.73333501354167,0.538588072473645,0.741339285714286,0.759010989010989,0.80346245687577,0.66320757020757,3
"tier1_main","P0_derivative_amplitude_deciles","REGION_AGGREGATES_ALL","single_condition","single_condition","ds006036__EO_or_photomark","AD_vs_CN","switchBox","kTSP_k9_nondisjoint",0.726855061776888,0.522144712791288,0.733482142857143,0.74978021978022,0.789926074269727,0.663784049284049,4
"tier1_main","P0_derivative_amplitude_deciles","REGION_AGGREGATES_ALL","single_condition","single_condition","ds006036__EO_or_photomark","AD_vs_CN","classic_fast","ranger_rf",0.715224573628985,0.460297789109646,0.720363095238095,0.726428571428571,0.756083512892336,0.674365634365634,5
"tier1_main","P0_derivative_amplitude_deciles","REGION_AGGREGATES_ALL","single_condition","single_condition","ds006036__EO_or_photomark","AD_vs_CN","switchBox","kTSP_CV_nondisjoint",0.714882430177322,0.498621895640764,0.724047619047619,0.738379120879121,0.777258990407597,0.652505869947046,6
"tier1_main","P0_derivative_amplitude_deciles","REGION_AGGREGATES_ALL","single_condition","single_condition","ds006036__EO_or_photomark","AD_vs_CN","classic_fast","sda_shrinklda",0.708253509046853,0.454748158713171,0.714547619047619,0.722774725274725,0.757317429904117,0.659189588189588,7
"tier1_main","P0_derivative_amplitude_deciles","REGION_AGGREGATES_ALL","single_condition","single_condition","ds006036__EO_or_photomark","AD_vs_CN","switchBox","kTSP_k3_disjoint",0.69615738303664,0.458764556608738,0.70552380952381,0.720384615384615,0.763715309973824,0.628599456099456,8
"tier1_main","P0_derivative_amplitude_deciles","REGION_AGGREGATES_ALL","single_condition","single_condition","ds006036__EO_or_photomark","AD_vs_CN","switchBox","kTSP_k5_nondisjoint",0.694005294928669,0.449034348009853,0.702309523809524,0.71496336996337,0.75375007912624,0.634260510731099,9
"tier1_main","P0_derivative_amplitude_deciles","REGION_AGGREGATES_ALL","single_condition","single_condition","ds006036__EO_or_photomark","AD_vs_CN","switchBox","kTSP_k3_nondisjoint",0.682461552723163,0.426906114068034,0.692607142857143,0.703754578754579,0.740447594029637,0.624475511416688,10
"tier1_main","P0_derivative_amplitude_deciles","DERIVED_DECILES_ALL","single_condition","single_condition","ds004504__EC","AD_vs_FTD","classic_fast","xgboost_default",0.640604931832873,0.315595162397024,0.650607142857143,0.664504662004662,0.711289950245833,0.569919913419913,1
"tier1_main","P0_derivative_amplitude_deciles","DERIVED_DECILES_ALL","single_condition","single_condition","ds004504__EC","AD_vs_FTD","classic_fast","xgboost_shallow",0.640604931832873,0.315595162397024,0.650607142857143,0.664504662004662,0.711289950245833,0.569919913419913,1
"tier1_main","P0_derivative_amplitude_deciles","DERIVED_DECILES_ALL","single_condition","single_condition","ds004504__EC","AD_vs_FTD","classic_fast","ranger_rf",0.564846145512554,0.183594922181177,0.582089285714286,0.632581585081585,0.726705999538817,0.402986291486292,3
"tier1_main","P0_derivative_amplitude_deciles","DERIVED_DECILES_ALL","single_condition","single_condition","ds004504__EC","AD_vs_FTD","switchBox","kTSP_CV_nondisjoint",0.552132378242672,0.166190620844617,0.581482142857143,0.565355477855478,0.571615489086077,0.532649267399267,4
"tier1_main","P0_derivative_amplitude_deciles","DERIVED_DECILES_ALL","single_condition","single_condition","ds004504__EC","AD_vs_FTD","switchBox","kTSP_k5_nondisjoint",0.54813384096124,0.158139069136172,0.577642857142857,0.563234265734266,0.57561339176819,0.52065429015429,5
"tier1_main","P0_derivative_amplitude_deciles","DERIVED_DECILES_ALL","single_condition","single_condition","ds004504__EC","AD_vs_FTD","switchBox","kTSP_k9_nondisjoint",0.541444510554805,0.142240871635557,0.570267857142857,0.554207459207459,0.559691274411863,0.523197746697747,6
"tier1_main","P0_derivative_amplitude_deciles","DERIVED_DECILES_ALL","single_condition","single_condition","ds004504__EC","AD_vs_FTD","classic_fast","sda_shrinklda",0.525986703913562,0.0956380556627749,0.544464285714286,0.578024475524476,0.659743138096853,0.39223026973027,7
"tier1_main","P0_derivative_amplitude_deciles","DERIVED_DECILES_ALL","single_condition","single_condition","ds004504__EC","AD_vs_FTD","switchBox","TSP_k1",0.525571585277468,0.113350285968011,0.5545,0.539236596736597,0.547208771620536,0.503934398934399,8
"tier1_main","P0_derivative_amplitude_deciles","DERIVED_DECILES_ALL","single_condition","single_condition","ds004504__EC","AD_vs_FTD","switchBox","kTSP_k3_nondisjoint",0.524228333757745,0.112765849808604,0.554267857142857,0.538665501165501,0.549917761976585,0.498538905538906,9
"tier1_main","P0_derivative_amplitude_deciles","DERIVED_DECILES_ALL","single_condition","single_condition","ds004504__EC","AD_vs_FTD","switchBox","kTSP_k3_disjoint",0.515117527209632,0.0991279850078191,0.547982142857143,0.531829836829837,0.535244378428589,0.494990675990676,10
"tier1_main","P1_psd_bandpower_from_derivatives","PSD_REGION_ABSOLUTE","single_condition","single_condition","ds004504__EC","AD_vs_FTD","classic_fast","ranger_rf",0.544090406239787,0.130946814958292,0.556053571428571,0.596649184149184,0.685201791500553,0.402979020979021,1
"tier1_main","P1_psd_bandpower_from_derivatives","PSD_REGION_ABSOLUTE","single_condition","single_condition","ds004504__EC","AD_vs_FTD","classic_fast","knn_euclidean",0.507959855031449,0.0645633452199324,0.527035714285714,0.575862470862471,0.676739334882524,0.339180375180375,2
"tier1_main","P1_psd_bandpower_from_derivatives","PSD_REGION_ABSOLUTE","single_condition","single_condition","ds004504__EC","AD_vs_FTD","classic_fast","svm_linear_liblinear",0.494083463105522,0.0266132197126956,0.513982142857143,0.555250582750583,0.655391312935431,0.332775613275613,3
"tier1_main","P1_psd_bandpower_from_derivatives","PSD_REGION_ABSOLUTE","single_condition","single_condition","ds004504__EC","AD_vs_FTD","classic_fast","xgboost_default",0.482256426579956,-0.00345812546978244,0.496607142857143,0.526742424242424,0.609739515386574,0.354773337773338,4
"tier1_main","P1_psd_bandpower_from_derivatives","PSD_REGION_ABSOLUTE","single_condition","single_condition","ds004504__EC","AD_vs_FTD","classic_fast","xgboost_shallow",0.482256426579956,-0.00345812546978244,0.496607142857143,0.526742424242424,0.609739515386574,0.354773337773338,4
"tier1_main","P1_psd_bandpower_from_derivatives","PSD_REGION_ABSOLUTE","single_condition","single_condition","ds004504__EC","AD_vs_FTD","classic_fast","sda_shrinklda",0.452988381157886,-0.0510736203786341,0.475732142857143,0.516497668997669,0.61033063066964,0.295646131646132,6
"tier1_main","P1_psd_bandpower_from_derivatives","PSD_REGION_ABSOLUTE","single_condition","single_condition","ds004504__EC","AD_vs_FTD","switchBox","kTSP_k5_disjoint",0.419462352448034,-0.0963084344822446,0.449482142857143,0.498362470862471,0.600848975070337,0.23807572982573,7
"tier1_main","P1_psd_bandpower_from_derivatives","PSD_REGION_ABSOLUTE","single_condition","single_condition","ds004504__EC","AD_vs_FTD","switchBox","kTSP_CV_disjoint",0.404979986860405,-0.118911322846363,0.446410714285714,0.497086247086247,0.595270829531665,0.214689144189144,8
"tier1_main","P1_psd_bandpower_from_derivatives","PSD_REGION_ABSOLUTE","single_condition","single_condition","ds004504__EC","AD_vs_FTD","switchBox","kTSP_k9_disjoint",0.40417956510294,-0.105370474158033,0.454982142857143,0.510064102564103,0.610723432570182,0.197635697635698,9
"tier1_main","P1_psd_bandpower_from_derivatives","PSD_REGION_ABSOLUTE","single_condition","single_condition","ds004504__EC","AD_vs_FTD","switchBox","kTSP_CV_nondisjoint",0.402852994056167,-0.134958151381937,0.438232142857143,0.490914918414918,0.599741619147966,0.205964368964369,10
"tier1_main","P0_derivative_amplitude_deciles","REGION_AGGREGATES_ALL","single_condition","single_condition","ds004504__EC","AD_vs_FTD","classic_fast","sda_shrinklda",0.511609667293491,0.0538582830576033,0.524339285714286,0.547156177156177,0.619744476112123,0.403474858474858,1
"tier1_main","P0_derivative_amplitude_deciles","REGION_AGGREGATES_ALL","single_condition","single_condition","ds004504__EC","AD_vs_FTD","switchBox","kTSP_k9_disjoint",0.457618366454667,-0.0189058991344702,0.492446428571429,0.474452214452214,0.470343283221766,0.444893449687567,2
"tier1_main","P0_derivative_amplitude_deciles","REGION_AGGREGATES_ALL","single_condition","single_condition","ds004504__EC","AD_vs_FTD","classic_fast","ranger_rf",0.457325762730561,-0.0494971086736796,0.480267857142857,0.531993006993007,0.642300154609752,0.272351370851371,3
"tier1_main","P0_derivative_amplitude_deciles","REGION_AGGREGATES_ALL","single_condition","single_condition","ds004504__EC","AD_vs_FTD","classic_fast","xgboost_default",0.457050121919704,-0.0546583031783663,0.474946428571429,0.506666666666667,0.592388067127231,0.321712176712177,4
"tier1_main","P0_derivative_amplitude_deciles","REGION_AGGREGATES_ALL","single_condition","single_condition","ds004504__EC","AD_vs_FTD","classic_fast","xgboost_shallow",0.457050121919704,-0.0546583031783663,0.474946428571429,0.506666666666667,0.592388067127231,0.321712176712177,4
"tier1_main","P0_derivative_amplitude_deciles","REGION_AGGREGATES_ALL","single_condition","single_condition","ds004504__EC","AD_vs_FTD","switchBox","kTSP_CV_disjoint",0.450643028883741,-0.0257161470008494,0.488678571428571,0.467907925407925,0.45979498348229,0.441491074285192,6
"tier1_main","P0_derivative_amplitude_deciles","REGION_AGGREGATES_ALL","single_condition","single_condition","ds004504__EC","AD_vs_FTD","switchBox","kTSP_k5_disjoint",0.443110195703849,-0.0436941654464786,0.480392857142857,0.461427738927739,0.453087080274387,0.433133311133311,7
"tier1_main","P0_derivative_amplitude_deciles","REGION_AGGREGATES_ALL","single_condition","single_condition","ds004504__EC","AD_vs_FTD","switchBox","kTSP_k3_nondisjoint",0.43122084206643,-0.0737878457980997,0.467428571428571,0.455099067599068,0.453103355794532,0.409338328338328,8
"tier1_main","P0_derivative_amplitude_deciles","REGION_AGGREGATES_ALL","single_condition","single_condition","ds004504__EC","AD_vs_FTD","switchBox","kTSP_k3_disjoint",0.431054789165083,-0.0802188289304217,0.464232142857143,0.450641025641026,0.450056242776831,0.412053335553336,9
"tier1_main","P0_derivative_amplitude_deciles","REGION_AGGREGATES_ALL","single_condition","single_condition","ds004504__EC","AD_vs_FTD","switchBox","kTSP_CV_nondisjoint",0.426025360604308,-0.0802213480358587,0.463714285714286,0.445844988344988,0.434096453254348,0.417954267954268,10
"tier1_main","P0_derivative_amplitude_deciles","DERIVED_DECILES_ALL","single_condition","single_condition","ds006036__EO_or_photomark","AD_vs_FTD","classic_fast","svm_linear_liblinear",0.702877335727568,0.438595848032287,0.709125,0.724073426573427,0.767824657025121,0.637930014430014,1
"tier1_main","P0_derivative_amplitude_deciles","DERIVED_DECILES_ALL","single_condition","single_condition","ds006036__EO_or_photomark","AD_vs_FTD","classic_fast","glmnet_lasso",0.632946221777878,0.334233901863571,0.648071428571429,0.691264568764569,0.76547502763834,0.500417415917416,2
"tier1_main","P0_derivative_amplitude_deciles","DERIVED_DECILES_ALL","single_condition","single_condition","ds006036__EO_or_photomark","AD_vs_FTD","classic_fast","glmnet_elasticnet",0.560037072232893,0.201688475945604,0.592464285714286,0.644085081585082,0.735190306081947,0.384883838383838,3
"tier1_main","P0_derivative_amplitude_deciles","DERIVED_DECILES_ALL","single_condition","single_condition","ds006036__EO_or_photomark","AD_vs_FTD","classic_fast","xgboost_default",0.558216191273467,0.148504993721321,0.569678571428571,0.595827505827506,0.663598938213489,0.452833444333444,4
"tier1_main","P0_derivative_amplitude_deciles","DERIVED_DECILES_ALL","single_condition","single_condition","ds006036__EO_or_photomark","AD_vs_FTD","classic_fast","xgboost_shallow",0.558216191273467,0.148504993721321,0.569678571428571,0.595827505827506,0.663598938213489,0.452833444333444,4
"tier1_main","P0_derivative_amplitude_deciles","DERIVED_DECILES_ALL","single_condition","single_condition","ds006036__EO_or_photomark","AD_vs_FTD","switchBox","kTSP_k9_disjoint",0.540578720428179,0.117551412060574,0.557,0.568968531468531,0.620260004958921,0.460897435897436,6
"tier1_main","P0_derivative_amplitude_deciles","DERIVED_DECILES_ALL","single_condition","single_condition","ds006036__EO_or_photomark","AD_vs_FTD","classic_fast","sda_shrinklda",0.535036273925593,0.101065472824766,0.547357142857143,0.582692307692308,0.668336284114922,0.401736263736264,7
"tier1_main","P0_derivative_amplitude_deciles","DERIVED_DECILES_ALL","single_condition","single_condition","ds006036__EO_or_photomark","AD_vs_FTD","classic_fast","knn_euclidean",0.522183656298981,0.0951686472110862,0.542017857142857,0.591340326340326,0.692804375535026,0.351562937062937,8
"tier1_main","P0_derivative_amplitude_deciles","DERIVED_DECILES_ALL","single_condition","single_condition","ds006036__EO_or_photomark","AD_vs_FTD","switchBox","kTSP_k9_nondisjoint",0.521509908993655,0.0924092190803386,0.544678571428571,0.543012820512821,0.574584462493131,0.468435355494179,9
"tier1_main","P0_derivative_amplitude_deciles","DERIVED_DECILES_ALL","single_condition","single_condition","ds006036__EO_or_photomark","AD_vs_FTD","switchBox","kTSP_CV_disjoint",0.517832621755609,0.0694178827215328,0.534785714285714,0.543467365967366,0.591042643888619,0.4446225996226,10
"tier1_main","P1_psd_bandpower_from_derivatives","PSD_REGION_ABSOLUTE","single_condition","single_condition","ds006036__EO_or_photomark","AD_vs_FTD","classic_fast","knn_euclidean",0.55406919267523,0.14483789870425,0.564214285714286,0.597902097902098,0.674840072552147,0.433298312798313,1
"tier1_main","P1_psd_bandpower_from_derivatives","PSD_REGION_ABSOLUTE","single_condition","single_condition","ds006036__EO_or_photomark","AD_vs_FTD","switchBox","kTSP_k3_nondisjoint",0.550056002734795,0.131952081219342,0.564053571428571,0.589393939393939,0.661564108921694,0.438547896547897,2
"tier1_main","P1_psd_bandpower_from_derivatives","PSD_REGION_ABSOLUTE","single_condition","single_condition","ds006036__EO_or_photomark","AD_vs_FTD","classic_fast","svm_linear_liblinear",0.534015869880034,0.101806331655904,0.546767857142857,0.571095571095571,0.640928842657171,0.427102897102897,3
"tier1_main","P1_psd_bandpower_from_derivatives","PSD_REGION_ABSOLUTE","single_condition","single_condition","ds006036__EO_or_photomark","AD_vs_FTD","switchBox","kTSP_k5_nondisjoint",0.523997081693676,0.089617190192385,0.541,0.573467365967366,0.656282319675509,0.391711843711844,4
"tier1_main","P1_psd_bandpower_from_derivatives","PSD_REGION_ABSOLUTE","single_condition","single_condition","ds006036__EO_or_photomark","AD_vs_FTD","switchBox","kTSP_CV_nondisjoint",0.508541445138968,0.0651420001914658,0.533410714285714,0.571083916083916,0.657507798702845,0.359575091575092,5
"tier1_main","P1_psd_bandpower_from_derivatives","PSD_REGION_ABSOLUTE","single_condition","single_condition","ds006036__EO_or_photomark","AD_vs_FTD","switchBox","TSP_k1",0.502419817110994,0.0681894832988226,0.522839285714286,0.561188811188811,0.6445935469759,0.360246087246087,6
"tier1_main","P1_psd_bandpower_from_derivatives","PSD_REGION_ABSOLUTE","single_condition","single_condition","ds006036__EO_or_photomark","AD_vs_FTD","switchBox","kTSP_k3_disjoint",0.497479878695436,0.0325783972828233,0.51475,0.557954545454545,0.6538979858291,0.341061771561772,7
"tier1_main","P1_psd_bandpower_from_derivatives","PSD_REGION_ABSOLUTE","single_condition","single_condition","ds006036__EO_or_photomark","AD_vs_FTD","classic_fast","ranger_rf",0.476917300836418,-0.0109667933171356,0.496071428571429,0.534329836829837,0.62356742440566,0.330267177267177,8
"tier1_main","P1_psd_bandpower_from_derivatives","PSD_REGION_ABSOLUTE","single_condition","single_condition","ds006036__EO_or_photomark","AD_vs_FTD","switchBox","kTSP_k9_nondisjoint",0.474571522603643,0.0167525413613308,0.507660714285714,0.555174825174825,0.651714529278771,0.297428515928516,9
"tier1_main","P1_psd_bandpower_from_derivatives","PSD_REGION_ABSOLUTE","single_condition","single_condition","ds006036__EO_or_photomark","AD_vs_FTD","classic_fast","xgboost_default",0.471646127694115,-0.0264075653200887,0.490017857142857,0.520355477855478,0.600705786301762,0.342586469086469,10
"tier1_main","P1_psd_bandpower_from_derivatives","PSD_REGION_ABSOLUTE","single_condition","single_condition","ds006036__EO_or_photomark","AD_vs_FTD","classic_fast","xgboost_shallow",0.471646127694115,-0.0264075653200887,0.490017857142857,0.520355477855478,0.600705786301762,0.342586469086469,10
"tier1_main","P0_derivative_amplitude_deciles","REGION_AGGREGATES_ALL","single_condition","single_condition","ds006036__EO_or_photomark","AD_vs_FTD","classic_fast","svm_linear_liblinear",0.52729383353145,0.0906882058012577,0.543857142857143,0.552587412587413,0.59927697775221,0.455310689310689,1
"tier1_main","P0_derivative_amplitude_deciles","REGION_AGGREGATES_ALL","single_condition","single_condition","ds006036__EO_or_photomark","AD_vs_FTD","switchBox","kTSP_k9_disjoint",0.517305128007527,0.075947994243655,0.537678571428571,0.543799533799534,0.588228859633658,0.446381396381396,2
"tier1_main","P0_derivative_amplitude_deciles","REGION_AGGREGATES_ALL","single_condition","single_condition","ds006036__EO_or_photomark","AD_vs_FTD","classic_fast","sda_shrinklda",0.506754064605845,0.0401901866997204,0.518446428571429,0.548601398601399,0.629929818633379,0.383578310578311,3
"tier1_main","P0_derivative_amplitude_deciles","REGION_AGGREGATES_ALL","single_condition","single_condition","ds006036__EO_or_photomark","AD_vs_FTD","switchBox","kTSP_CV_disjoint",0.502633042739854,0.0518798052513708,0.526857142857143,0.531363636363636,0.572335904549527,0.432930180930181,4
"tier1_main","P0_derivative_amplitude_deciles","REGION_AGGREGATES_ALL","single_condition","single_condition","ds006036__EO_or_photomark","AD_vs_FTD","switchBox","kTSP_k3_disjoint",0.502467833765821,0.0418169882344877,0.521642857142857,0.523770396270396,0.564769333865309,0.440166333666334,5
"tier1_main","P0_derivative_amplitude_deciles","REGION_AGGREGATES_ALL","single_condition","single_condition","ds006036__EO_or_photomark","AD_vs_FTD","switchBox","kTSP_k5_disjoint",0.50229511922546,0.0484770769251753,0.525053571428571,0.529714452214452,0.572089794450476,0.432500444000444,6
"tier1_main","P0_derivative_amplitude_deciles","REGION_AGGREGATES_ALL","single_condition","single_condition","ds006036__EO_or_photomark","AD_vs_FTD","switchBox","kTSP_CV_nondisjoint",0.490598479951421,0.0238016834357694,0.512,0.515769230769231,0.555598114303997,0.425598845598846,7
"tier1_main","P0_derivative_amplitude_deciles","REGION_AGGREGATES_ALL","single_condition","single_condition","ds006036__EO_or_photomark","AD_vs_FTD","switchBox","kTSP_k9_nondisjoint",0.486148031835725,0.0121973982209541,0.507035714285714,0.511451048951049,0.554233071108458,0.418062992562993,8
"tier1_main","P0_derivative_amplitude_deciles","REGION_AGGREGATES_ALL","single_condition","single_condition","ds006036__EO_or_photomark","AD_vs_FTD","switchBox","kTSP_k5_nondisjoint",0.482122919564096,0.00102419698654554,0.500928571428571,0.50289627039627,0.543901350283703,0.420344488844489,9
"tier1_main","P0_derivative_amplitude_deciles","REGION_AGGREGATES_ALL","single_condition","single_condition","ds006036__EO_or_photomark","AD_vs_FTD","classic_fast","knn_euclidean",0.480770076758467,0.00645007627188657,0.500857142857143,0.545862470862471,0.648204655681436,0.313335497835498,10
"tier1_main","P0_derivative_amplitude_deciles","DERIVED_DECILES_ALL","single_condition","single_condition","ds004504__EC","CN_vs_FTD","classic_fast","sda_shrinklda",0.684694108179402,0.41241538446003,0.693083333333333,0.702878787878788,0.629039349539349,0.740348866819455,1
"tier1_main","P0_derivative_amplitude_deciles","DERIVED_DECILES_ALL","single_condition","single_condition","ds004504__EC","CN_vs_FTD","classic_fast","ranger_rf",0.684685158795453,0.407960300408428,0.6945,0.705131313131313,0.622793095793096,0.74657722179781,2
"tier1_main","P0_derivative_amplitude_deciles","DERIVED_DECILES_ALL","single_condition","single_condition","ds004504__EC","CN_vs_FTD","switchBox","kTSP_k9_disjoint",0.668631105006105,0.399664570621723,0.690833333333333,0.682545454545455,0.661228216228216,0.676033993783994,3
"tier1_main","P0_derivative_amplitude_deciles","DERIVED_DECILES_ALL","single_condition","single_condition","ds004504__EC","CN_vs_FTD","switchBox","kTSP_CV_disjoint",0.661848692973693,0.380865330544295,0.682,0.675555555555556,0.650793928293928,0.672903457653458,4
"tier1_main","P0_derivative_amplitude_deciles","DERIVED_DECILES_ALL","single_condition","single_condition","ds004504__EC","CN_vs_FTD","switchBox","kTSP_k9_nondisjoint",0.644200820421409,0.353089094723596,0.665916666666667,0.659424242424242,0.629888389388389,0.658513251454428,5
"tier1_main","P0_derivative_amplitude_deciles","DERIVED_DECILES_ALL","single_condition","single_condition","ds004504__EC","CN_vs_FTD","switchBox","kTSP_k5_disjoint",0.64374002794591,0.352075874797827,0.666833333333333,0.659878787878788,0.632214896214896,0.655265159676924,6
"tier1_main","P0_derivative_amplitude_deciles","DERIVED_DECILES_ALL","single_condition","single_condition","ds004504__EC","CN_vs_FTD","switchBox","kTSP_k5_nondisjoint",0.642298431144019,0.34674183693816,0.664916666666667,0.657727272727273,0.629872904872905,0.654723957415134,7
"tier1_main","P0_derivative_amplitude_deciles","DERIVED_DECILES_ALL","single_condition","single_condition","ds004504__EC","CN_vs_FTD","switchBox","kTSP_k3_disjoint",0.639476308821897,0.335840667613645,0.660416666666667,0.654636363636364,0.625203851703852,0.653748765939942,8
"tier1_main","P0_derivative_amplitude_deciles","DERIVED_DECILES_ALL","single_condition","single_condition","ds004504__EC","CN_vs_FTD","switchBox","kTSP_CV_nondisjoint",0.639032239002827,0.340769350597846,0.6605,0.654484848484848,0.626272727272727,0.651791750732927,9
"tier1_main","P0_derivative_amplitude_deciles","DERIVED_DECILES_ALL","single_condition","single_condition","ds004504__EC","CN_vs_FTD","switchBox","kTSP_k3_nondisjoint",0.622631806102394,0.310909761119293,0.646333333333333,0.639535353535354,0.607917693417693,0.637345918787095,10
"tier1_main","P1_psd_bandpower_from_derivatives","PSD_REGION_ABSOLUTE","single_condition","single_condition","ds004504__EC","CN_vs_FTD","switchBox","kTSP_k5_nondisjoint",0.775945998445998,0.581904873011579,0.77775,0.787212121212121,0.734503607503607,0.817388389388389,1
"tier1_main","P1_psd_bandpower_from_derivatives","PSD_REGION_ABSOLUTE","single_condition","single_condition","ds004504__EC","CN_vs_FTD","switchBox","kTSP_k3_nondisjoint",0.77326393051393,0.575161148904431,0.775,0.78469696969697,0.731173881673882,0.815353979353979,2
"tier1_main","P1_psd_bandpower_from_derivatives","PSD_REGION_ABSOLUTE","single_condition","single_condition","ds004504__EC","CN_vs_FTD","switchBox","kTSP_k9_nondisjoint",0.771306582306582,0.571977631460919,0.774083333333333,0.781585858585859,0.734038961038961,0.808574203574204,3
"tier1_main","P1_psd_bandpower_from_derivatives","PSD_REGION_ABSOLUTE","single_condition","single_condition","ds004504__EC","CN_vs_FTD","switchBox","kTSP_k3_disjoint",0.753651678386972,0.561141400910643,0.761666666666667,0.77189898989899,0.705555000555001,0.801748356218944,4
"tier1_main","P1_psd_bandpower_from_derivatives","PSD_REGION_ABSOLUTE","single_condition","single_condition","ds004504__EC","CN_vs_FTD","switchBox","kTSP_CV_nondisjoint",0.753455461205461,0.546639218998221,0.758166666666667,0.769666666666667,0.701995670995671,0.804915251415251,5
"tier1_main","P1_psd_bandpower_from_derivatives","PSD_REGION_ABSOLUTE","single_condition","single_condition","ds004504__EC","CN_vs_FTD","switchBox","kTSP_k5_disjoint",0.730721747207041,0.529600751431695,0.744166666666667,0.751989898989899,0.693584970584971,0.767858523829112,6
"tier1_main","P1_psd_bandpower_from_derivatives","PSD_REGION_ABSOLUTE","single_condition","single_condition","ds004504__EC","CN_vs_FTD","switchBox","kTSP_CV_disjoint",0.726414939635528,0.516527350384221,0.737083333333333,0.750020202020202,0.667413586413586,0.785416292857469,7
"tier1_main","P1_psd_bandpower_from_derivatives","PSD_REGION_ABSOLUTE","single_condition","single_condition","ds004504__EC","CN_vs_FTD","classic_fast","sda_shrinklda",0.724846348096348,0.506389005249998,0.745166666666667,0.733323232323232,0.737567932067932,0.712124764124764,8
"tier1_main","P1_psd_bandpower_from_derivatives","PSD_REGION_ABSOLUTE","single_condition","single_condition","ds004504__EC","CN_vs_FTD","switchBox","TSP_k1",0.712660478410478,0.505710100367795,0.719416666666667,0.741050505050505,0.634962481962482,0.790358474858475,9
"tier1_main","P1_psd_bandpower_from_derivatives","PSD_REGION_ABSOLUTE","single_condition","single_condition","ds004504__EC","CN_vs_FTD","classic_fast","svm_linear_liblinear",0.708263930513931,0.451047391358425,0.715166666666667,0.720161616161616,0.669505106005106,0.747022755022755,10
"tier1_main","P0_derivative_amplitude_deciles","REGION_AGGREGATES_ALL","single_condition","single_condition","ds004504__EC","CN_vs_FTD","switchBox","kTSP_CV_disjoint",0.760885836385836,0.556930051899034,0.769833333333333,0.769181818181818,0.744198967698968,0.777572705072705,1
"tier1_main","P0_derivative_amplitude_deciles","REGION_AGGREGATES_ALL","single_condition","single_condition","ds004504__EC","CN_vs_FTD","switchBox","kTSP_k5_disjoint",0.741655091640386,0.524457140542623,0.7545,0.752111111111111,0.729674547674548,0.753635635606224,2
"tier1_main","P0_derivative_amplitude_deciles","REGION_AGGREGATES_ALL","single_condition","single_condition","ds004504__EC","CN_vs_FTD","switchBox","kTSP_k3_disjoint",0.735615825351119,0.503182609595617,0.743333333333333,0.746969696969697,0.70380463980464,0.767427010897599,3
"tier1_main","P0_derivative_amplitude_deciles","REGION_AGGREGATES_ALL","single_condition","single_condition","ds004504__EC","CN_vs_FTD","switchBox","kTSP_k9_nondisjoint",0.734620178840767,0.513939791557827,0.749,0.746949494949495,0.721246864246864,0.74799349343467,4
"tier1_main","P0_derivative_amplitude_deciles","REGION_AGGREGATES_ALL","single_condition","single_condition","ds004504__EC","CN_vs_FTD","switchBox","kTSP_CV_nondisjoint",0.73146350218409,0.501402815401952,0.744,0.74349494949495,0.712439837939838,0.750487166428343,5
"tier1_main","P0_derivative_amplitude_deciles","REGION_AGGREGATES_ALL","single_condition","single_condition","ds004504__EC","CN_vs_FTD","switchBox","kTSP_k9_disjoint",0.723686868686869,0.503109778409415,0.74025,0.732676767676768,0.725228493728494,0.722145243645244,6
"tier1_main","P0_derivative_amplitude_deciles","REGION_AGGREGATES_ALL","single_condition","single_condition","ds004504__EC","CN_vs_FTD","classic_fast","ranger_rf",0.721500083250083,0.477545593154909,0.7285,0.737707070707071,0.669792929292929,0.773207237207237,7
"tier1_main","P0_derivative_amplitude_deciles","REGION_AGGREGATES_ALL","single_condition","single_condition","ds004504__EC","CN_vs_FTD","switchBox","TSP_k1",0.717978299478299,0.460361480253507,0.722916666666667,0.727434343434343,0.684479964479965,0.751476634476634,8
"tier1_main","P0_derivative_amplitude_deciles","REGION_AGGREGATES_ALL","single_condition","single_condition","ds004504__EC","CN_vs_FTD","classic_fast","sda_shrinklda",0.704689033189033,0.450246313073164,0.713916666666667,0.71749494949495,0.670301420801421,0.739076645576646,9
"tier1_main","P0_derivative_amplitude_deciles","REGION_AGGREGATES_ALL","single_condition","single_condition","ds004504__EC","CN_vs_FTD","switchBox","kTSP_k3_nondisjoint",0.699552222287516,0.432131902700114,0.708916666666667,0.711707070707071,0.667648074148074,0.731456370426959,10
"tier1_main","P0_derivative_amplitude_deciles","DERIVED_DECILES_ALL","single_condition","single_condition","ds006036__EO_or_photomark","CN_vs_FTD","classic_fast","sda_shrinklda",0.759482545232545,0.554160234195952,0.7635,0.770121212121212,0.722122322122322,0.796842768342768,1
"tier1_main","P0_derivative_amplitude_deciles","DERIVED_DECILES_ALL","single_condition","single_condition","ds006036__EO_or_photomark","CN_vs_FTD","classic_fast","svm_linear_liblinear",0.709254079254079,0.448908797636404,0.713916666666667,0.724818181818182,0.653763181263181,0.764744977244977,2
"tier1_main","P0_derivative_amplitude_deciles","DERIVED_DECILES_ALL","single_condition","single_condition","ds006036__EO_or_photomark","CN_vs_FTD","classic_fast","ranger_rf",0.670992895992896,0.384221851896105,0.679916666666667,0.688656565656566,0.619652958152958,0.722332833832834,3
"tier1_main","P0_derivative_amplitude_deciles","DERIVED_DECILES_ALL","single_condition","single_condition","ds006036__EO_or_photomark","CN_vs_FTD","classic_fast","glmnet_ridge",0.66508363205422,0.403099908307408,0.68025,0.702393939393939,0.563638528138528,0.766528735969912,4
"tier1_main","P0_derivative_amplitude_deciles","DERIVED_DECILES_ALL","single_condition","single_condition","ds006036__EO_or_photomark","CN_vs_FTD","classic_fast","glmnet_lasso",0.664434149184149,0.386892084761152,0.675666666666667,0.693505050505051,0.579455988455988,0.74941230991231,5
"tier1_main","P0_derivative_amplitude_deciles","DERIVED_DECILES_ALL","single_condition","single_condition","ds006036__EO_or_photomark","CN_vs_FTD","switchBox","kTSP_k9_disjoint",0.661736208236208,0.365677894768621,0.670916666666667,0.676222222222222,0.624185092685093,0.699287323787324,6
"tier1_main","P0_derivative_amplitude_deciles","DERIVED_DECILES_ALL","single_condition","single_condition","ds006036__EO_or_photomark","CN_vs_FTD","classic_fast","glmnet_elasticnet",0.656723114303997,0.384222288057564,0.6745,0.69479797979798,0.556438339438339,0.757007889169654,7
"tier1_main","P0_derivative_amplitude_deciles","DERIVED_DECILES_ALL","single_condition","single_condition","ds006036__EO_or_photomark","CN_vs_FTD","switchBox","kTSP_CV_disjoint",0.656504079254079,0.35794059083428,0.668,0.671878787878788,0.618959651459651,0.694048507048507,8
"tier1_main","P0_derivative_amplitude_deciles","DERIVED_DECILES_ALL","single_condition","single_condition","ds006036__EO_or_photomark","CN_vs_FTD","switchBox","kTSP_k5_disjoint",0.628960178710179,0.300077858413022,0.642583333333333,0.643535353535354,0.600389443889444,0.657530913530914,9
"tier1_main","P0_derivative_amplitude_deciles","DERIVED_DECILES_ALL","single_condition","single_condition","ds006036__EO_or_photomark","CN_vs_FTD","switchBox","kTSP_k9_nondisjoint",0.603721944721945,0.250532131909774,0.616,0.620242424242424,0.566099567099567,0.641344322344322,10
"tier1_main","P1_psd_bandpower_from_derivatives","PSD_REGION_ABSOLUTE","single_condition","single_condition","ds006036__EO_or_photomark","CN_vs_FTD","classic_fast","glmnet_ridge",0.810320152070152,0.65708813004033,0.8185,0.817353535353535,0.792176878676879,0.828463425463425,1
"tier1_main","P1_psd_bandpower_from_derivatives","PSD_REGION_ABSOLUTE","single_condition","single_condition","ds006036__EO_or_photomark","CN_vs_FTD","classic_fast","glmnet_lasso",0.809652347652348,0.652125737923884,0.815416666666667,0.817747474747475,0.784930402930403,0.834374292374292,2
"tier1_main","P1_psd_bandpower_from_derivatives","PSD_REGION_ABSOLUTE","single_condition","single_condition","ds006036__EO_or_photomark","CN_vs_FTD","classic_fast","glmnet_elasticnet",0.792073232323232,0.613321953662109,0.798416666666667,0.799111111111111,0.769901931401931,0.814244533244533,3
"tier1_main","P1_psd_bandpower_from_derivatives","PSD_REGION_ABSOLUTE","single_condition","single_condition","ds006036__EO_or_photomark","CN_vs_FTD","switchBox","kTSP_k9_nondisjoint",0.788199578199578,0.605276302370458,0.794166666666667,0.794171717171717,0.772558497058497,0.803840659340659,4
"tier1_main","P1_psd_bandpower_from_derivatives","PSD_REGION_ABSOLUTE","single_condition","single_condition","ds006036__EO_or_photomark","CN_vs_FTD","switchBox","kTSP_CV_nondisjoint",0.76915231990232,0.570492192341268,0.77625,0.778656565656566,0.743412032412032,0.794892607392607,5
"tier1_main","P1_psd_bandpower_from_derivatives","PSD_REGION_ABSOLUTE","single_condition","single_condition","ds006036__EO_or_photomark","CN_vs_FTD","classic_fast","svm_linear_liblinear",0.767245199245199,0.570219915774709,0.775583333333333,0.774848484848485,0.749568043068043,0.784922355422355,6
"tier1_main","P1_psd_bandpower_from_derivatives","PSD_REGION_ABSOLUTE","single_condition","single_condition","ds006036__EO_or_photomark","CN_vs_FTD","switchBox","kTSP_k5_nondisjoint",0.759822760572761,0.556278456416084,0.769083333333333,0.766343434343434,0.748983516483516,0.770662004662005,7
"tier1_main","P1_psd_bandpower_from_derivatives","PSD_REGION_ABSOLUTE","single_condition","single_condition","ds006036__EO_or_photomark","CN_vs_FTD","classic_fast","sda_shrinklda",0.749758991008991,0.545629357850688,0.7655,0.754949494949495,0.754596514596515,0.744921467421467,8
"tier1_main","P1_psd_bandpower_from_derivatives","PSD_REGION_ABSOLUTE","single_condition","single_condition","ds006036__EO_or_photomark","CN_vs_FTD","switchBox","kTSP_k3_nondisjoint",0.744795704295704,0.527947832616423,0.753583333333333,0.756,0.718328671328671,0.771262737262737,9
"tier1_main","P1_psd_bandpower_from_derivatives","PSD_REGION_ABSOLUTE","single_condition","single_condition","ds006036__EO_or_photomark","CN_vs_FTD","classic_fast","knn_euclidean",0.712458014208014,0.45939027770257,0.7195,0.72620202020202,0.665020979020979,0.759895049395049,10
"tier1_main","P0_derivative_amplitude_deciles","REGION_AGGREGATES_ALL","single_condition","single_condition","ds006036__EO_or_photomark","CN_vs_FTD","classic_fast","sda_shrinklda",0.741751262626263,0.519126187946662,0.751,0.750484848484849,0.725643273393273,0.757859251859252,1
"tier1_main","P0_derivative_amplitude_deciles","REGION_AGGREGATES_ALL","single_condition","single_condition","ds006036__EO_or_photomark","CN_vs_FTD","switchBox","TSP_k1",0.735446664446664,0.524762836562852,0.753583333333333,0.745818181818182,0.730052003552004,0.740841325341325,2
"tier1_main","P0_derivative_amplitude_deciles","REGION_AGGREGATES_ALL","single_condition","single_condition","ds006036__EO_or_photomark","CN_vs_FTD","classic_fast","glmnet_ridge",0.704422827172827,0.45489116504942,0.7125,0.728636363636364,0.629968253968254,0.7788774003774,3
"tier1_main","P0_derivative_amplitude_deciles","REGION_AGGREGATES_ALL","single_condition","single_condition","ds006036__EO_or_photomark","CN_vs_FTD","switchBox","kTSP_k3_disjoint",0.696350038850039,0.461655321084314,0.718833333333333,0.712929292929293,0.68229797979798,0.710402097902098,4
"tier1_main","P0_derivative_amplitude_deciles","REGION_AGGREGATES_ALL","single_condition","single_condition","ds006036__EO_or_photomark","CN_vs_FTD","switchBox","kTSP_k5_disjoint",0.683487900987901,0.438514488225904,0.705166666666667,0.700151515151515,0.664326229326229,0.702649572649573,5
"tier1_main","P0_derivative_amplitude_deciles","REGION_AGGREGATES_ALL","single_condition","single_condition","ds006036__EO_or_photomark","CN_vs_FTD","switchBox","kTSP_k3_nondisjoint",0.678462759462759,0.423261860920597,0.70125,0.696111111111111,0.662032412032412,0.694893106893107,6
"tier1_main","P0_derivative_amplitude_deciles","REGION_AGGREGATES_ALL","single_condition","single_condition","ds006036__EO_or_photomark","CN_vs_FTD","switchBox","kTSP_CV_nondisjoint",0.675772474257768,0.416090386634825,0.69675,0.694494949494949,0.650685092685093,0.700859855830444,7
"tier1_main","P0_derivative_amplitude_deciles","REGION_AGGREGATES_ALL","single_condition","single_condition","ds006036__EO_or_photomark","CN_vs_FTD","switchBox","kTSP_k5_nondisjoint",0.674926292661587,0.404761390914077,0.694166666666667,0.693434343434343,0.643705461205461,0.706147124117712,8
"tier1_main","P0_derivative_amplitude_deciles","REGION_AGGREGATES_ALL","single_condition","single_condition","ds006036__EO_or_photomark","CN_vs_FTD","switchBox","kTSP_CV_disjoint",0.667706321456321,0.403484233289558,0.687,0.687969696969697,0.631459762459762,0.70395288045288,9
"tier1_main","P0_derivative_amplitude_deciles","REGION_AGGREGATES_ALL","single_condition","single_condition","ds006036__EO_or_photomark","CN_vs_FTD","switchBox","kTSP_k9_nondisjoint",0.666881424131424,0.394130831216252,0.685416666666667,0.684131313131313,0.635493950493951,0.698268897768898,10
"tier4_pooled","P0_derivative_amplitude_deciles","DERIVED_DECILES_ALL","pooled_condition","POOLED_EC_EO_subject_grouped","POOLED_EC_EO_subject_grouped","AD_FTD_vs_CN","classic_fast","sda_shrinklda",0.804099161737825,0.617394441094896,0.80723717948718,0.826415978672171,0.868654818044147,0.739543505431503,1
"tier4_pooled","P0_derivative_amplitude_deciles","DERIVED_DECILES_ALL","pooled_condition","POOLED_EC_EO_subject_grouped","POOLED_EC_EO_subject_grouped","AD_FTD_vs_CN","classic_fast","ranger_rf",0.793558923830126,0.61007026956403,0.781442307692308,0.831022209322325,0.880436678663731,0.706681168996521,2
"tier4_pooled","P0_derivative_amplitude_deciles","DERIVED_DECILES_ALL","pooled_condition","POOLED_EC_EO_subject_grouped","POOLED_EC_EO_subject_grouped","AD_FTD_vs_CN","switchBox","kTSP_k9_disjoint",0.755224026279977,0.525857466137447,0.751339160839161,0.791649789301686,0.847255580542957,0.663192472016997,3
"tier4_pooled","P0_derivative_amplitude_deciles","DERIVED_DECILES_ALL","pooled_condition","POOLED_EC_EO_subject_grouped","POOLED_EC_EO_subject_grouped","AD_FTD_vs_CN","classic_fast","knn_euclidean",0.752731358028393,0.533477388202963,0.777651515151515,0.768079957860337,0.810660465351378,0.694802250705407,4
"tier4_pooled","P0_derivative_amplitude_deciles","DERIVED_DECILES_ALL","pooled_condition","POOLED_EC_EO_subject_grouped","POOLED_EC_EO_subject_grouped","AD_FTD_vs_CN","switchBox","kTSP_k5_disjoint",0.750538876446383,0.518329324298242,0.746040792540793,0.787208677330581,0.843293918636007,0.657783834256758,5
"tier4_pooled","P0_derivative_amplitude_deciles","DERIVED_DECILES_ALL","pooled_condition","POOLED_EC_EO_subject_grouped","POOLED_EC_EO_subject_grouped","AD_FTD_vs_CN","switchBox","kTSP_k3_disjoint",0.750040135016091,0.519071265135789,0.746219988344988,0.786002644478844,0.841308629194046,0.658771640838136,6
"tier4_pooled","P0_derivative_amplitude_deciles","DERIVED_DECILES_ALL","pooled_condition","POOLED_EC_EO_subject_grouped","POOLED_EC_EO_subject_grouped","AD_FTD_vs_CN","switchBox","kTSP_CV_disjoint",0.749738100434153,0.515065177507914,0.747196386946387,0.785843868249054,0.842285020590271,0.657191180278034,7
"tier4_pooled","P0_derivative_amplitude_deciles","DERIVED_DECILES_ALL","pooled_condition","POOLED_EC_EO_subject_grouped","POOLED_EC_EO_subject_grouped","AD_FTD_vs_CN","switchBox","kTSP_k9_nondisjoint",0.749048897373062,0.521014680403403,0.746974067599068,0.784035625214998,0.837439419843547,0.660658374902576,8
"tier4_pooled","P0_derivative_amplitude_deciles","DERIVED_DECILES_ALL","pooled_condition","POOLED_EC_EO_subject_grouped","POOLED_EC_EO_subject_grouped","AD_FTD_vs_CN","switchBox","kTSP_CV_nondisjoint",0.74554616888562,0.510960372144091,0.74363141025641,0.780439133986928,0.834670746943845,0.656421590827396,9
"tier4_pooled","P0_derivative_amplitude_deciles","DERIVED_DECILES_ALL","pooled_condition","POOLED_EC_EO_subject_grouped","POOLED_EC_EO_subject_grouped","AD_FTD_vs_CN","switchBox","kTSP_k5_nondisjoint",0.745005428021268,0.51083621325968,0.742202214452214,0.779910990712074,0.834074938655181,0.655935917387354,10
"tier4_pooled","P1_psd_bandpower_from_derivatives","PSD_REGION_ABSOLUTE","pooled_condition","POOLED_EC_EO_subject_grouped","POOLED_EC_EO_subject_grouped","AD_FTD_vs_CN","classic_fast","ranger_rf",0.79859371281377,0.617809855427086,0.786960372960373,0.834467126762986,0.882475876450734,0.714711549176807,1
"tier4_pooled","P1_psd_bandpower_from_derivatives","PSD_REGION_ABSOLUTE","pooled_condition","POOLED_EC_EO_subject_grouped","POOLED_EC_EO_subject_grouped","AD_FTD_vs_CN","switchBox","kTSP_CV_nondisjoint",0.782034510026049,0.582079575604372,0.802393939393939,0.797751332989336,0.838413226540528,0.725655793511571,2
"tier4_pooled","P1_psd_bandpower_from_derivatives","PSD_REGION_ABSOLUTE","pooled_condition","POOLED_EC_EO_subject_grouped","POOLED_EC_EO_subject_grouped","AD_FTD_vs_CN","switchBox","kTSP_k9_nondisjoint",0.782034510026049,0.582079575604372,0.802393939393939,0.797751332989336,0.838413226540528,0.725655793511571,2
"tier4_pooled","P1_psd_bandpower_from_derivatives","PSD_REGION_ABSOLUTE","pooled_condition","POOLED_EC_EO_subject_grouped","POOLED_EC_EO_subject_grouped","AD_FTD_vs_CN","classic_fast","glmnet_elasticnet",0.77559901982826,0.574270294406444,0.76618851981352,0.816037151702786,0.869363214650434,0.681834825006086,4
"tier4_pooled","P1_psd_bandpower_from_derivatives","PSD_REGION_ABSOLUTE","pooled_condition","POOLED_EC_EO_subject_grouped","POOLED_EC_EO_subject_grouped","AD_FTD_vs_CN","classic_fast","svm_linear_liblinear",0.773721745513303,0.568599036327589,0.76424155011655,0.813470179738562,0.867109387453258,0.680334103573348,5
"tier4_pooled","P1_psd_bandpower_from_derivatives","PSD_REGION_ABSOLUTE","pooled_condition","POOLED_EC_EO_subject_grouped","POOLED_EC_EO_subject_grouped","AD_FTD_vs_CN","classic_fast","glmnet_lasso",0.763720102503161,0.55088045842973,0.75425203962704,0.807618571551428,0.864231542709465,0.663208662296857,6
"tier4_pooled","P1_psd_bandpower_from_derivatives","PSD_REGION_ABSOLUTE","pooled_condition","POOLED_EC_EO_subject_grouped","POOLED_EC_EO_subject_grouped","AD_FTD_vs_CN","classic_fast","xgboost_default",0.763123964812506,0.53703241510365,0.760684149184149,0.795706269349845,0.849104475525537,0.677143454099475,7
"tier4_pooled","P1_psd_bandpower_from_derivatives","PSD_REGION_ABSOLUTE","pooled_condition","POOLED_EC_EO_subject_grouped","POOLED_EC_EO_subject_grouped","AD_FTD_vs_CN","classic_fast","xgboost_shallow",0.763123964812506,0.53703241510365,0.760684149184149,0.795706269349845,0.849104475525537,0.677143454099475,7
"tier4_pooled","P1_psd_bandpower_from_derivatives","PSD_REGION_ABSOLUTE","pooled_condition","POOLED_EC_EO_subject_grouped","POOLED_EC_EO_subject_grouped","AD_FTD_vs_CN","switchBox","kTSP_k5_nondisjoint",0.761735183034806,0.542601425364276,0.781933857808858,0.778486304609563,0.822314263296327,0.701156102773285,9
"tier4_pooled","P1_psd_bandpower_from_derivatives","PSD_REGION_ABSOLUTE","pooled_condition","POOLED_EC_EO_subject_grouped","POOLED_EC_EO_subject_grouped","AD_FTD_vs_CN","switchBox","kTSP_k3_nondisjoint",0.760673492920304,0.546051313363352,0.785556526806527,0.775322819917441,0.816976810991957,0.704370174848652,10
"tier4_pooled","P0_derivative_amplitude_deciles","REGION_AGGREGATES_ALL","pooled_condition","POOLED_EC_EO_subject_grouped","POOLED_EC_EO_subject_grouped","AD_FTD_vs_CN","classic_fast","ranger_rf",0.791694153858663,0.604283668993489,0.780778263403263,0.828604768661851,0.878161338975565,0.705226968741762,1
"tier4_pooled","P0_derivative_amplitude_deciles","REGION_AGGREGATES_ALL","pooled_condition","POOLED_EC_EO_subject_grouped","POOLED_EC_EO_subject_grouped","AD_FTD_vs_CN","classic_fast","sda_shrinklda",0.76573220237675,0.540880329567788,0.762857808857809,0.797148477812177,0.850019548584159,0.681444856169341,2
"tier4_pooled","P0_derivative_amplitude_deciles","REGION_AGGREGATES_ALL","pooled_condition","POOLED_EC_EO_subject_grouped","POOLED_EC_EO_subject_grouped","AD_FTD_vs_CN","classic_fast","knn_euclidean",0.765376405852595,0.540595762879567,0.771837995337995,0.789503031475748,0.838954609840198,0.691798201864992,3
"tier4_pooled","P0_derivative_amplitude_deciles","REGION_AGGREGATES_ALL","pooled_condition","POOLED_EC_EO_subject_grouped","POOLED_EC_EO_subject_grouped","AD_FTD_vs_CN","switchBox","kTSP_k9_disjoint",0.755111673830079,0.529632474056325,0.747273018648019,0.796866937564499,0.854462853485442,0.655760494174715,4
"tier4_pooled","P0_derivative_amplitude_deciles","REGION_AGGREGATES_ALL","pooled_condition","POOLED_EC_EO_subject_grouped","POOLED_EC_EO_subject_grouped","AD_FTD_vs_CN","switchBox","kTSP_CV_disjoint",0.751945793647061,0.521974318657386,0.746285839160839,0.792311769005848,0.849922068558867,0.653969518735254,5
"tier4_pooled","P0_derivative_amplitude_deciles","REGION_AGGREGATES_ALL","pooled_condition","POOLED_EC_EO_subject_grouped","POOLED_EC_EO_subject_grouped","AD_FTD_vs_CN","switchBox","kTSP_k5_disjoint",0.742740601334848,0.504474843955686,0.737884032634033,0.783671955624355,0.842635340983384,0.642845861686311,6
"tier4_pooled","P0_derivative_amplitude_deciles","REGION_AGGREGATES_ALL","pooled_condition","POOLED_EC_EO_subject_grouped","POOLED_EC_EO_subject_grouped","AD_FTD_vs_CN","switchBox","kTSP_k9_nondisjoint",0.730859337827867,0.480717862960216,0.729335664335664,0.769795106639147,0.829444784563876,0.632273891091858,7
"tier4_pooled","P0_derivative_amplitude_deciles","REGION_AGGREGATES_ALL","pooled_condition","POOLED_EC_EO_subject_grouped","POOLED_EC_EO_subject_grouped","AD_FTD_vs_CN","switchBox","kTSP_CV_nondisjoint",0.725593299125593,0.471159527526297,0.726671328671329,0.762249742002064,0.821488890031085,0.629697708220101,8
"tier4_pooled","P0_derivative_amplitude_deciles","REGION_AGGREGATES_ALL","pooled_condition","POOLED_EC_EO_subject_grouped","POOLED_EC_EO_subject_grouped","AD_FTD_vs_CN","switchBox","kTSP_k3_disjoint",0.723638017607257,0.469556468552666,0.723596736596737,0.761671826625387,0.821614428820873,0.625661606393641,9
"tier4_pooled","P0_derivative_amplitude_deciles","REGION_AGGREGATES_ALL","pooled_condition","POOLED_EC_EO_subject_grouped","POOLED_EC_EO_subject_grouped","AD_FTD_vs_CN","classic_fast","glmnet_elasticnet",0.714478576161001,0.4644787656794,0.703940850815851,0.772614486584107,0.84172016701031,0.587236985311693,10
"tier4_pooled","P0_derivative_amplitude_deciles","DERIVED_DECILES_ALL","pooled_condition","POOLED_EC_EO_subject_grouped","POOLED_EC_EO_subject_grouped","AD_vs_CN","classic_fast","ranger_rf",0.83637015205303,0.684905080420135,0.837708333333333,0.839679487179487,0.853874272305955,0.818866031800106,1
"tier4_pooled","P0_derivative_amplitude_deciles","DERIVED_DECILES_ALL","pooled_condition","POOLED_EC_EO_subject_grouped","POOLED_EC_EO_subject_grouped","AD_vs_CN","classic_fast","sda_shrinklda",0.81201225367501,0.636964458214065,0.812761904761905,0.816538461538462,0.835957223683207,0.788067283666813,2
"tier4_pooled","P0_derivative_amplitude_deciles","DERIVED_DECILES_ALL","pooled_condition","POOLED_EC_EO_subject_grouped","POOLED_EC_EO_subject_grouped","AD_vs_CN","classic_fast","xgboost_default",0.767463108470609,0.549217811065769,0.771035714285714,0.771414835164835,0.788015725797926,0.746910491143291,3
"tier4_pooled","P0_derivative_amplitude_deciles","DERIVED_DECILES_ALL","pooled_condition","POOLED_EC_EO_subject_grouped","POOLED_EC_EO_subject_grouped","AD_vs_CN","classic_fast","xgboost_shallow",0.767463108470609,0.549217811065769,0.771035714285714,0.771414835164835,0.788015725797926,0.746910491143291,3
"tier4_pooled","P0_derivative_amplitude_deciles","DERIVED_DECILES_ALL","pooled_condition","POOLED_EC_EO_subject_grouped","POOLED_EC_EO_subject_grouped","AD_vs_CN","switchBox","kTSP_k9_disjoint",0.758589126285317,0.549720137759516,0.759431547619048,0.771227106227106,0.806652276944326,0.710525975626307,5
"tier4_pooled","P0_derivative_amplitude_deciles","DERIVED_DECILES_ALL","pooled_condition","POOLED_EC_EO_subject_grouped","POOLED_EC_EO_subject_grouped","AD_vs_CN","switchBox","kTSP_CV_disjoint",0.746608541087027,0.526040428838025,0.748952380952381,0.758653846153846,0.79178630696454,0.701430775209513,6
"tier4_pooled","P0_derivative_amplitude_deciles","DERIVED_DECILES_ALL","pooled_condition","POOLED_EC_EO_subject_grouped","POOLED_EC_EO_subject_grouped","AD_vs_CN","switchBox","kTSP_k5_disjoint",0.742675135229838,0.519006937981644,0.744898809523809,0.755389194139194,0.789479048151612,0.695871222308064,7
"tier4_pooled","P0_derivative_amplitude_deciles","DERIVED_DECILES_ALL","pooled_condition","POOLED_EC_EO_subject_grouped","POOLED_EC_EO_subject_grouped","AD_vs_CN","classic_fast","glmnet_elasticnet",0.735645969569281,0.508961644989842,0.736702380952381,0.750824175824176,0.79219120774734,0.679100731391221,8
"tier4_pooled","P0_derivative_amplitude_deciles","DERIVED_DECILES_ALL","pooled_condition","POOLED_EC_EO_subject_grouped","POOLED_EC_EO_subject_grouped","AD_vs_CN","classic_fast","glmnet_lasso",0.735527213432151,0.507143871135726,0.736479166666667,0.750347985347985,0.791568328376857,0.679486098487445,9
"tier4_pooled","P0_derivative_amplitude_deciles","DERIVED_DECILES_ALL","pooled_condition","POOLED_EC_EO_subject_grouped","POOLED_EC_EO_subject_grouped","AD_vs_CN","classic_fast","knn_euclidean",0.733497730903771,0.505747975702101,0.747863095238095,0.73584706959707,0.723433942227036,0.743561519580506,10
"tier4_pooled","P1_psd_bandpower_from_derivatives","PSD_REGION_ABSOLUTE","pooled_condition","POOLED_EC_EO_subject_grouped","POOLED_EC_EO_subject_grouped","AD_vs_CN","classic_fast","ranger_rf",0.839024456301787,0.687808961882254,0.83991369047619,0.842239010989011,0.856575068758379,0.821473843845195,1
"tier4_pooled","P1_psd_bandpower_from_derivatives","PSD_REGION_ABSOLUTE","pooled_condition","POOLED_EC_EO_subject_grouped","POOLED_EC_EO_subject_grouped","AD_vs_CN","switchBox","kTSP_k5_disjoint",0.818559679074034,0.666780326221478,0.830238095238095,0.819716117216117,0.814675078274216,0.822444279873851,2
"tier4_pooled","P1_psd_bandpower_from_derivatives","PSD_REGION_ABSOLUTE","pooled_condition","POOLED_EC_EO_subject_grouped","POOLED_EC_EO_subject_grouped","AD_vs_CN","classic_fast","svm_linear_liblinear",0.806935098589959,0.625190398489415,0.807202380952381,0.811877289377289,0.832256724580821,0.781613472599097,3
"tier4_pooled","P1_psd_bandpower_from_derivatives","PSD_REGION_ABSOLUTE","pooled_condition","POOLED_EC_EO_subject_grouped","POOLED_EC_EO_subject_grouped","AD_vs_CN","switchBox","kTSP_CV_nondisjoint",0.804590089592813,0.619656254034606,0.80814880952381,0.807197802197802,0.818917221556764,0.790262957628862,4
"tier4_pooled","P1_psd_bandpower_from_derivatives","PSD_REGION_ABSOLUTE","pooled_condition","POOLED_EC_EO_subject_grouped","POOLED_EC_EO_subject_grouped","AD_vs_CN","switchBox","kTSP_k9_nondisjoint",0.804590089592813,0.619656254034606,0.80814880952381,0.807197802197802,0.818917221556764,0.790262957628862,4
"tier4_pooled","P1_psd_bandpower_from_derivatives","PSD_REGION_ABSOLUTE","pooled_condition","POOLED_EC_EO_subject_grouped","POOLED_EC_EO_subject_grouped","AD_vs_CN","classic_fast","glmnet_lasso",0.797830104318345,0.612453315306529,0.797958333333333,0.804867216117216,0.829045867527343,0.766614341109347,6
"tier4_pooled","P1_psd_bandpower_from_derivatives","PSD_REGION_ABSOLUTE","pooled_condition","POOLED_EC_EO_subject_grouped","POOLED_EC_EO_subject_grouped","AD_vs_CN","classic_fast","sda_shrinklda",0.796646250331648,0.616040386194747,0.794520833333333,0.806387362637363,0.837642326646081,0.755650174017215,7
"tier4_pooled","P1_psd_bandpower_from_derivatives","PSD_REGION_ABSOLUTE","pooled_condition","POOLED_EC_EO_subject_grouped","POOLED_EC_EO_subject_grouped","AD_vs_CN","switchBox","kTSP_k9_disjoint",0.795227774871476,0.627692777469858,0.808866071428571,0.797092490842491,0.787205229750788,0.803250319992164,8
"tier4_pooled","P1_psd_bandpower_from_derivatives","PSD_REGION_ABSOLUTE","pooled_condition","POOLED_EC_EO_subject_grouped","POOLED_EC_EO_subject_grouped","AD_vs_CN","classic_fast","glmnet_elasticnet",0.794583809833989,0.605002878096125,0.795127976190476,0.801501831501832,0.82563198098979,0.763535638678188,9
"tier4_pooled","P1_psd_bandpower_from_derivatives","PSD_REGION_ABSOLUTE","pooled_condition","POOLED_EC_EO_subject_grouped","POOLED_EC_EO_subject_grouped","AD_vs_CN","classic_fast","glmnet_ridge",0.788415187984953,0.600986455420495,0.787773809523809,0.799629120879121,0.832655805191378,0.744174570778528,10
"tier4_pooled","P0_derivative_amplitude_deciles","REGION_AGGREGATES_ALL","pooled_condition","POOLED_EC_EO_subject_grouped","POOLED_EC_EO_subject_grouped","AD_vs_CN","classic_fast","ranger_rf",0.819832071968054,0.651341808019008,0.819377976190476,0.824578754578755,0.844876507517398,0.794787636418711,1
"tier4_pooled","P0_derivative_amplitude_deciles","REGION_AGGREGATES_ALL","pooled_condition","POOLED_EC_EO_subject_grouped","POOLED_EC_EO_subject_grouped","AD_vs_CN","classic_fast","sda_shrinklda",0.791711333660685,0.601903197960739,0.7906875,0.799464285714286,0.827164516838022,0.756258150483349,2
"tier4_pooled","P0_derivative_amplitude_deciles","REGION_AGGREGATES_ALL","pooled_condition","POOLED_EC_EO_subject_grouped","POOLED_EC_EO_subject_grouped","AD_vs_CN","classic_fast","knn_euclidean",0.775614787412142,0.570145250289016,0.782354166666667,0.778218864468864,0.785177058509862,0.766052516314421,3
"tier4_pooled","P0_derivative_amplitude_deciles","REGION_AGGREGATES_ALL","pooled_condition","POOLED_EC_EO_subject_grouped","POOLED_EC_EO_subject_grouped","AD_vs_CN","switchBox","kTSP_k9_disjoint",0.771051972990944,0.589959956001317,0.770943452380952,0.788186813186813,0.830705255298348,0.711398690683541,4
"tier4_pooled","P0_derivative_amplitude_deciles","REGION_AGGREGATES_ALL","pooled_condition","POOLED_EC_EO_subject_grouped","POOLED_EC_EO_subject_grouped","AD_vs_CN","switchBox","kTSP_CV_disjoint",0.764596444228204,0.57354033009258,0.764928571428571,0.780677655677656,0.821941058655414,0.707251829800995,5
"tier4_pooled","P0_derivative_amplitude_deciles","REGION_AGGREGATES_ALL","pooled_condition","POOLED_EC_EO_subject_grouped","POOLED_EC_EO_subject_grouped","AD_vs_CN","switchBox","kTSP_k5_disjoint",0.759101984274142,0.561288918647617,0.75941369047619,0.775233516483516,0.816802849749393,0.701401118798891,6
"tier4_pooled","P0_derivative_amplitude_deciles","REGION_AGGREGATES_ALL","pooled_condition","POOLED_EC_EO_subject_grouped","POOLED_EC_EO_subject_grouped","AD_vs_CN","classic_fast","glmnet_elasticnet",0.756888022082153,0.552407654364846,0.757044642857143,0.772110805860806,0.813669502952219,0.700106541212087,7
"tier4_pooled","P0_derivative_amplitude_deciles","REGION_AGGREGATES_ALL","pooled_condition","POOLED_EC_EO_subject_grouped","POOLED_EC_EO_subject_grouped","AD_vs_CN","switchBox","kTSP_CV_nondisjoint",0.756630868779278,0.547870784900579,0.758032738095238,0.76918956043956,0.802140486461006,0.711121251097549,8
"tier4_pooled","P0_derivative_amplitude_deciles","REGION_AGGREGATES_ALL","pooled_condition","POOLED_EC_EO_subject_grouped","POOLED_EC_EO_subject_grouped","AD_vs_CN","switchBox","kTSP_k3_disjoint",0.753752657058613,0.550657357479347,0.753803571428571,0.770091575091575,0.812739361994785,0.69476595212244,9
"tier4_pooled","P0_derivative_amplitude_deciles","REGION_AGGREGATES_ALL","pooled_condition","POOLED_EC_EO_subject_grouped","POOLED_EC_EO_subject_grouped","AD_vs_CN","switchBox","kTSP_k5_nondisjoint",0.749537121263276,0.531398587063693,0.751309523809524,0.761570512820513,0.793197566947015,0.705876675579536,10
"tier4_pooled","P0_derivative_amplitude_deciles","DERIVED_DECILES_ALL","pooled_condition","POOLED_EC_EO_subject_grouped","POOLED_EC_EO_subject_grouped","AD_vs_FTD","classic_fast","ranger_rf",0.651896725499292,0.330764654930525,0.653616071428571,0.688030303030303,0.759632163750811,0.544161287247773,1
"tier4_pooled","P0_derivative_amplitude_deciles","DERIVED_DECILES_ALL","pooled_condition","POOLED_EC_EO_subject_grouped","POOLED_EC_EO_subject_grouped","AD_vs_FTD","classic_fast","svm_linear_liblinear",0.634907818505704,0.281630861675442,0.639866071428571,0.653741258741259,0.710029164048377,0.559786472963031,2
"tier4_pooled","P0_derivative_amplitude_deciles","DERIVED_DECILES_ALL","pooled_condition","POOLED_EC_EO_subject_grouped","POOLED_EC_EO_subject_grouped","AD_vs_FTD","classic_fast","sda_shrinklda",0.632646702949979,0.285041540522519,0.633714285714286,0.66847027972028,0.74200936066131,0.523284045238649,3
"tier4_pooled","P0_derivative_amplitude_deciles","DERIVED_DECILES_ALL","pooled_condition","POOLED_EC_EO_subject_grouped","POOLED_EC_EO_subject_grouped","AD_vs_FTD","classic_fast","xgboost_default",0.619459106743655,0.258393353352683,0.624107142857143,0.647931235431235,0.714739766522601,0.52417844696471,4
"tier4_pooled","P0_derivative_amplitude_deciles","DERIVED_DECILES_ALL","pooled_condition","POOLED_EC_EO_subject_grouped","POOLED_EC_EO_subject_grouped","AD_vs_FTD","classic_fast","xgboost_shallow",0.619459106743655,0.258393353352683,0.624107142857143,0.647931235431235,0.714739766522601,0.52417844696471,4
"tier4_pooled","P0_derivative_amplitude_deciles","DERIVED_DECILES_ALL","pooled_condition","POOLED_EC_EO_subject_grouped","POOLED_EC_EO_subject_grouped","AD_vs_FTD","switchBox","kTSP_k9_disjoint",0.614961954162301,0.266866346438322,0.622258928571429,0.652135780885781,0.717600494383931,0.512323413940671,6
"tier4_pooled","P0_derivative_amplitude_deciles","DERIVED_DECILES_ALL","pooled_condition","POOLED_EC_EO_subject_grouped","POOLED_EC_EO_subject_grouped","AD_vs_FTD","switchBox","kTSP_CV_disjoint",0.606275125540438,0.245679223746211,0.616491071428571,0.636232517482517,0.69133733631508,0.521212914765795,7
"tier4_pooled","P0_derivative_amplitude_deciles","DERIVED_DECILES_ALL","pooled_condition","POOLED_EC_EO_subject_grouped","POOLED_EC_EO_subject_grouped","AD_vs_FTD","switchBox","kTSP_k5_disjoint",0.599615948165333,0.237903753618797,0.610758928571429,0.631573426573427,0.686681054353462,0.512550841977205,8
"tier4_pooled","P0_derivative_amplitude_deciles","DERIVED_DECILES_ALL","pooled_condition","POOLED_EC_EO_subject_grouped","POOLED_EC_EO_subject_grouped","AD_vs_FTD","switchBox","kTSP_CV_nondisjoint",0.589821322096297,0.209024633936953,0.601857142857143,0.612400932400932,0.661896875131386,0.517745769061209,9
"tier4_pooled","P0_derivative_amplitude_deciles","DERIVED_DECILES_ALL","pooled_condition","POOLED_EC_EO_subject_grouped","POOLED_EC_EO_subject_grouped","AD_vs_FTD","switchBox","kTSP_k3_disjoint",0.583158792284256,0.209921269198571,0.599098214285714,0.608793706293706,0.651597214405331,0.514720370163182,10
"tier4_pooled","P1_psd_bandpower_from_derivatives","PSD_REGION_ABSOLUTE","pooled_condition","POOLED_EC_EO_subject_grouped","POOLED_EC_EO_subject_grouped","AD_vs_FTD","classic_fast","svm_linear_liblinear",0.623026460716196,0.264960525227415,0.626866071428571,0.656043123543124,0.728403168605241,0.517649752827152,1
"tier4_pooled","P1_psd_bandpower_from_derivatives","PSD_REGION_ABSOLUTE","pooled_condition","POOLED_EC_EO_subject_grouped","POOLED_EC_EO_subject_grouped","AD_vs_FTD","classic_fast","ranger_rf",0.615461155392663,0.249513683318677,0.619053571428571,0.648551864801865,0.721210610937337,0.50971169984799,2
"tier4_pooled","P1_psd_bandpower_from_derivatives","PSD_REGION_ABSOLUTE","pooled_condition","POOLED_EC_EO_subject_grouped","POOLED_EC_EO_subject_grouped","AD_vs_FTD","classic_fast","knn_euclidean",0.605646749496968,0.224290286909736,0.609026785714286,0.636293706293706,0.710542070213028,0.500751428780908,3
"tier4_pooled","P1_psd_bandpower_from_derivatives","PSD_REGION_ABSOLUTE","pooled_condition","POOLED_EC_EO_subject_grouped","POOLED_EC_EO_subject_grouped","AD_vs_FTD","classic_fast","xgboost_default",0.595549748022173,0.210275283252081,0.602258928571429,0.623062354312354,0.689679326886391,0.501420169157954,4
"tier4_pooled","P1_psd_bandpower_from_derivatives","PSD_REGION_ABSOLUTE","pooled_condition","POOLED_EC_EO_subject_grouped","POOLED_EC_EO_subject_grouped","AD_vs_FTD","classic_fast","xgboost_shallow",0.595549748022173,0.210275283252081,0.602258928571429,0.623062354312354,0.689679326886391,0.501420169157954,4
"tier4_pooled","P1_psd_bandpower_from_derivatives","PSD_REGION_ABSOLUTE","pooled_condition","POOLED_EC_EO_subject_grouped","POOLED_EC_EO_subject_grouped","AD_vs_FTD","classic_fast","glmnet_lasso",0.575538260956298,0.20169928521843,0.593241071428571,0.636118881118881,0.724668884555114,0.426407637357483,6
"tier4_pooled","P1_psd_bandpower_from_derivatives","PSD_REGION_ABSOLUTE","pooled_condition","POOLED_EC_EO_subject_grouped","POOLED_EC_EO_subject_grouped","AD_vs_FTD","classic_fast","glmnet_elasticnet",0.551974977657875,0.16070173969854,0.575366071428571,0.626902680652681,0.724028977153905,0.379920978161845,7
"tier4_pooled","P1_psd_bandpower_from_derivatives","PSD_REGION_ABSOLUTE","pooled_condition","POOLED_EC_EO_subject_grouped","POOLED_EC_EO_subject_grouped","AD_vs_FTD","classic_fast","sda_shrinklda",0.505865520254037,0.089333085719091,0.533598214285714,0.603001165501165,0.720775553356766,0.290955487151308,8
"tier4_pooled","P1_psd_bandpower_from_derivatives","PSD_REGION_ABSOLUTE","pooled_condition","POOLED_EC_EO_subject_grouped","POOLED_EC_EO_subject_grouped","AD_vs_FTD","switchBox","kTSP_k5_disjoint",0.502907373175328,0.0542847179846055,0.523508928571429,0.574752331002331,0.678330623928828,0.327484122421829,9
"tier4_pooled","P1_psd_bandpower_from_derivatives","PSD_REGION_ABSOLUTE","pooled_condition","POOLED_EC_EO_subject_grouped","POOLED_EC_EO_subject_grouped","AD_vs_FTD","switchBox","kTSP_k9_nondisjoint",0.501222987187511,0.0537280697674131,0.526,0.583857808857809,0.694385743068661,0.308060231306361,10
"tier4_pooled","P0_derivative_amplitude_deciles","REGION_AGGREGATES_ALL","pooled_condition","POOLED_EC_EO_subject_grouped","POOLED_EC_EO_subject_grouped","AD_vs_FTD","classic_fast","ranger_rf",0.580226963129295,0.185796975798765,0.585794642857143,0.623289627039627,0.707660819107744,0.452793107150847,1
"tier4_pooled","P0_derivative_amplitude_deciles","REGION_AGGREGATES_ALL","pooled_condition","POOLED_EC_EO_subject_grouped","POOLED_EC_EO_subject_grouped","AD_vs_FTD","classic_fast","xgboost_default",0.57660454646755,0.16936796246494,0.582044642857143,0.607744755244755,0.682006152949463,0.471202939985636,2
"tier4_pooled","P0_derivative_amplitude_deciles","REGION_AGGREGATES_ALL","pooled_condition","POOLED_EC_EO_subject_grouped","POOLED_EC_EO_subject_grouped","AD_vs_FTD","classic_fast","xgboost_shallow",0.57660454646755,0.16936796246494,0.582044642857143,0.607744755244755,0.682006152949463,0.471202939985636,2
"tier4_pooled","P0_derivative_amplitude_deciles","REGION_AGGREGATES_ALL","pooled_condition","POOLED_EC_EO_subject_grouped","POOLED_EC_EO_subject_grouped","AD_vs_FTD","classic_fast","sda_shrinklda",0.559566405666197,0.133795574721447,0.563857142857143,0.59715034965035,0.681102065347549,0.438030745984845,4
"tier4_pooled","P0_derivative_amplitude_deciles","REGION_AGGREGATES_ALL","pooled_condition","POOLED_EC_EO_subject_grouped","POOLED_EC_EO_subject_grouped","AD_vs_FTD","switchBox","kTSP_k5_nondisjoint",0.554983556278084,0.156693687506154,0.577660714285714,0.571620046620047,0.603309344818685,0.506657767737484,5
"tier4_pooled","P0_derivative_amplitude_deciles","REGION_AGGREGATES_ALL","pooled_condition","POOLED_EC_EO_subject_grouped","POOLED_EC_EO_subject_grouped","AD_vs_FTD","switchBox","kTSP_k5_disjoint",0.554690950878607,0.147246615536683,0.5730625,0.567977855477856,0.599343118424454,0.510038783332759,6
"tier4_pooled","P0_derivative_amplitude_deciles","REGION_AGGREGATES_ALL","pooled_condition","POOLED_EC_EO_subject_grouped","POOLED_EC_EO_subject_grouped","AD_vs_FTD","switchBox","kTSP_k9_nondisjoint",0.554415442104268,0.145269729854172,0.572633928571429,0.566421911421911,0.598238076975387,0.510592807233149,7
"tier4_pooled","P0_derivative_amplitude_deciles","REGION_AGGREGATES_ALL","pooled_condition","POOLED_EC_EO_subject_grouped","POOLED_EC_EO_subject_grouped","AD_vs_FTD","switchBox","kTSP_CV_nondisjoint",0.548816763784325,0.140808995492849,0.570383928571429,0.565935314685315,0.59820913863218,0.49942438893647,8
"tier4_pooled","P0_derivative_amplitude_deciles","REGION_AGGREGATES_ALL","pooled_condition","POOLED_EC_EO_subject_grouped","POOLED_EC_EO_subject_grouped","AD_vs_FTD","switchBox","kTSP_k3_disjoint",0.548641508334466,0.135110772753947,0.567214285714286,0.561713286713287,0.59311017802376,0.504172838645173,9
"tier4_pooled","P0_derivative_amplitude_deciles","REGION_AGGREGATES_ALL","pooled_condition","POOLED_EC_EO_subject_grouped","POOLED_EC_EO_subject_grouped","AD_vs_FTD","switchBox","kTSP_CV_disjoint",0.548345594363605,0.135632141775647,0.568294642857143,0.566378205128205,0.603033914634239,0.493657274092972,10
"tier4_pooled","P0_derivative_amplitude_deciles","DERIVED_DECILES_ALL","pooled_condition","POOLED_EC_EO_subject_grouped","POOLED_EC_EO_subject_grouped","CN_vs_FTD","classic_fast","ranger_rf",0.813349760730313,0.643921171052274,0.81675,0.818343434343434,0.793811935562979,0.832887585897648,1
"tier4_pooled","P0_derivative_amplitude_deciles","DERIVED_DECILES_ALL","pooled_condition","POOLED_EC_EO_subject_grouped","POOLED_EC_EO_subject_grouped","CN_vs_FTD","classic_fast","sda_shrinklda",0.799969256921518,0.617217855000133,0.800625,0.806626262626263,0.771738979092728,0.828199534750309,2
"tier4_pooled","P0_derivative_amplitude_deciles","DERIVED_DECILES_ALL","pooled_condition","POOLED_EC_EO_subject_grouped","POOLED_EC_EO_subject_grouped","CN_vs_FTD","classic_fast","glmnet_elasticnet",0.757316405662702,0.540795631306736,0.756666666666667,0.769919191919192,0.707873271682028,0.806759539643376,3
"tier4_pooled","P0_derivative_amplitude_deciles","DERIVED_DECILES_ALL","pooled_condition","POOLED_EC_EO_subject_grouped","POOLED_EC_EO_subject_grouped","CN_vs_FTD","classic_fast","glmnet_lasso",0.746032209051579,0.514451962685885,0.745333333333333,0.758065656565657,0.69712410877736,0.794940309325798,4
"tier4_pooled","P0_derivative_amplitude_deciles","DERIVED_DECILES_ALL","pooled_condition","POOLED_EC_EO_subject_grouped","POOLED_EC_EO_subject_grouped","CN_vs_FTD","switchBox","kTSP_k9_disjoint",0.742210723889338,0.513164864240277,0.752833333333333,0.745126262626263,0.739236331483087,0.745185116295589,5
"tier4_pooled","P0_derivative_amplitude_deciles","DERIVED_DECILES_ALL","pooled_condition","POOLED_EC_EO_subject_grouped","POOLED_EC_EO_subject_grouped","CN_vs_FTD","switchBox","kTSP_CV_disjoint",0.741498818297062,0.512140417219793,0.752166666666667,0.744520202020202,0.738279613572291,0.744718023021832,6
"tier4_pooled","P0_derivative_amplitude_deciles","DERIVED_DECILES_ALL","pooled_condition","POOLED_EC_EO_subject_grouped","POOLED_EC_EO_subject_grouped","CN_vs_FTD","switchBox","kTSP_k5_disjoint",0.725410642010632,0.493687534783176,0.740458333333333,0.728863636363636,0.728478293993289,0.722342990027975,7
"tier4_pooled","P0_derivative_amplitude_deciles","DERIVED_DECILES_ALL","pooled_condition","POOLED_EC_EO_subject_grouped","POOLED_EC_EO_subject_grouped","CN_vs_FTD","switchBox","kTSP_CV_nondisjoint",0.725294612371022,0.495394374567424,0.741333333333333,0.728434343434343,0.734012321438651,0.716576903303394,8
"tier4_pooled","P0_derivative_amplitude_deciles","DERIVED_DECILES_ALL","pooled_condition","POOLED_EC_EO_subject_grouped","POOLED_EC_EO_subject_grouped","CN_vs_FTD","switchBox","kTSP_k9_nondisjoint",0.72405223690537,0.488794919234382,0.739083333333333,0.726777777777778,0.730634206647264,0.717470267163476,9
"tier4_pooled","P0_derivative_amplitude_deciles","DERIVED_DECILES_ALL","pooled_condition","POOLED_EC_EO_subject_grouped","POOLED_EC_EO_subject_grouped","CN_vs_FTD","switchBox","kTSP_k3_nondisjoint",0.720666210206663,0.49835659852993,0.741083333333333,0.725818181818182,0.733961041335984,0.707371379077342,10
"tier4_pooled","P1_psd_bandpower_from_derivatives","PSD_REGION_ABSOLUTE","pooled_condition","POOLED_EC_EO_subject_grouped","POOLED_EC_EO_subject_grouped","CN_vs_FTD","classic_fast","glmnet_elasticnet",0.828739384201421,0.673224376508471,0.833458333333333,0.831505050505051,0.815275260974649,0.842203507428194,1
"tier4_pooled","P1_psd_bandpower_from_derivatives","PSD_REGION_ABSOLUTE","pooled_condition","POOLED_EC_EO_subject_grouped","POOLED_EC_EO_subject_grouped","CN_vs_FTD","classic_fast","glmnet_lasso",0.809314099118778,0.634058927817642,0.814291666666667,0.812025252525252,0.795541825212373,0.823086373025183,2
"tier4_pooled","P1_psd_bandpower_from_derivatives","PSD_REGION_ABSOLUTE","pooled_condition","POOLED_EC_EO_subject_grouped","POOLED_EC_EO_subject_grouped","CN_vs_FTD","classic_fast","svm_linear_liblinear",0.809299351971047,0.634382711550151,0.81375,0.812217171717172,0.794960128779553,0.823638575162542,3
"tier4_pooled","P1_psd_bandpower_from_derivatives","PSD_REGION_ABSOLUTE","pooled_condition","POOLED_EC_EO_subject_grouped","POOLED_EC_EO_subject_grouped","CN_vs_FTD","classic_fast","glmnet_ridge",0.808560092096073,0.633654118862556,0.814375,0.811863636363636,0.792847159410189,0.824273024781956,4
"tier4_pooled","P1_psd_bandpower_from_derivatives","PSD_REGION_ABSOLUTE","pooled_condition","POOLED_EC_EO_subject_grouped","POOLED_EC_EO_subject_grouped","CN_vs_FTD","classic_fast","ranger_rf",0.800019159616144,0.618438709868856,0.804208333333333,0.804409090909091,0.781615703529656,0.818422615702632,5
"tier4_pooled","P1_psd_bandpower_from_derivatives","PSD_REGION_ABSOLUTE","pooled_condition","POOLED_EC_EO_subject_grouped","POOLED_EC_EO_subject_grouped","CN_vs_FTD","switchBox","kTSP_k9_nondisjoint",0.790730794290462,0.593715338485572,0.791916666666667,0.795015151515152,0.76884045358554,0.812621134995385,6
"tier4_pooled","P1_psd_bandpower_from_derivatives","PSD_REGION_ABSOLUTE","pooled_condition","POOLED_EC_EO_subject_grouped","POOLED_EC_EO_subject_grouped","CN_vs_FTD","switchBox","kTSP_CV_nondisjoint",0.77959945305227,0.57249907419979,0.780458333333333,0.784868686868687,0.754160205997768,0.805038700106771,7
"tier4_pooled","P1_psd_bandpower_from_derivatives","PSD_REGION_ABSOLUTE","pooled_condition","POOLED_EC_EO_subject_grouped","POOLED_EC_EO_subject_grouped","CN_vs_FTD","switchBox","kTSP_k5_nondisjoint",0.778853681658326,0.569748572426262,0.779541666666667,0.783484848484848,0.754593909119552,0.803113454197099,8
"tier4_pooled","P1_psd_bandpower_from_derivatives","PSD_REGION_ABSOLUTE","pooled_condition","POOLED_EC_EO_subject_grouped","POOLED_EC_EO_subject_grouped","CN_vs_FTD","classic_fast","sda_shrinklda",0.774456778195357,0.585204009819553,0.788458333333333,0.776484848484848,0.779601456763026,0.769312099627687,9
"tier4_pooled","P1_psd_bandpower_from_derivatives","PSD_REGION_ABSOLUTE","pooled_condition","POOLED_EC_EO_subject_grouped","POOLED_EC_EO_subject_grouped","CN_vs_FTD","switchBox","kTSP_k3_nondisjoint",0.774447526717735,0.560992403033121,0.775,0.779631313131313,0.747953483172725,0.800941570262744,10
"tier4_pooled","P0_derivative_amplitude_deciles","REGION_AGGREGATES_ALL","pooled_condition","POOLED_EC_EO_subject_grouped","POOLED_EC_EO_subject_grouped","CN_vs_FTD","classic_fast","ranger_rf",0.812481833828692,0.642991452380359,0.816083333333333,0.817606060606061,0.79125467528015,0.833708992377234,1
"tier4_pooled","P0_derivative_amplitude_deciles","REGION_AGGREGATES_ALL","pooled_condition","POOLED_EC_EO_subject_grouped","POOLED_EC_EO_subject_grouped","CN_vs_FTD","classic_fast","sda_shrinklda",0.790339525352528,0.596103808565057,0.795916666666667,0.793126262626263,0.777131980536476,0.80354707016858,2
"tier4_pooled","P0_derivative_amplitude_deciles","REGION_AGGREGATES_ALL","pooled_condition","POOLED_EC_EO_subject_grouped","POOLED_EC_EO_subject_grouped","CN_vs_FTD","switchBox","kTSP_CV_disjoint",0.769328668035573,0.559144736367995,0.776958333333333,0.772156565656566,0.760915965666376,0.777741370404771,3
"tier4_pooled","P0_derivative_amplitude_deciles","REGION_AGGREGATES_ALL","pooled_condition","POOLED_EC_EO_subject_grouped","POOLED_EC_EO_subject_grouped","CN_vs_FTD","switchBox","kTSP_k5_disjoint",0.768644358498548,0.566693845233165,0.779291666666667,0.77120202020202,0.767388418276956,0.76990029872014,4
"tier4_pooled","P0_derivative_amplitude_deciles","REGION_AGGREGATES_ALL","pooled_condition","POOLED_EC_EO_subject_grouped","POOLED_EC_EO_subject_grouped","CN_vs_FTD","switchBox","kTSP_k9_disjoint",0.764676110078697,0.553734857475669,0.7735,0.767919191919192,0.758545182615354,0.770807037542041,5
"tier4_pooled","P0_derivative_amplitude_deciles","REGION_AGGREGATES_ALL","pooled_condition","POOLED_EC_EO_subject_grouped","POOLED_EC_EO_subject_grouped","CN_vs_FTD","switchBox","kTSP_k9_nondisjoint",0.763623716694756,0.554453630104798,0.773833333333333,0.766090909090909,0.760562064805119,0.766685368584393,6
"tier4_pooled","P0_derivative_amplitude_deciles","REGION_AGGREGATES_ALL","pooled_condition","POOLED_EC_EO_subject_grouped","POOLED_EC_EO_subject_grouped","CN_vs_FTD","switchBox","kTSP_CV_nondisjoint",0.760197048720487,0.54492660623628,0.7695,0.762717171717172,0.754399544227179,0.765994553213795,7
"tier4_pooled","P0_derivative_amplitude_deciles","REGION_AGGREGATES_ALL","pooled_condition","POOLED_EC_EO_subject_grouped","POOLED_EC_EO_subject_grouped","CN_vs_FTD","classic_fast","glmnet_ridge",0.753167356848511,0.530974385685825,0.755208333333333,0.76479797979798,0.707771225697023,0.798563487999999,8
"tier4_pooled","P0_derivative_amplitude_deciles","REGION_AGGREGATES_ALL","pooled_condition","POOLED_EC_EO_subject_grouped","POOLED_EC_EO_subject_grouped","CN_vs_FTD","classic_fast","glmnet_elasticnet",0.742449364911291,0.511526576112102,0.742833333333333,0.75490404040404,0.694744174649478,0.790154555173105,9
"tier4_pooled","P0_derivative_amplitude_deciles","REGION_AGGREGATES_ALL","pooled_condition","POOLED_EC_EO_subject_grouped","POOLED_EC_EO_subject_grouped","CN_vs_FTD","classic_fast","xgboost_default",0.741302072220793,0.503078501688716,0.74425,0.750186868686869,0.707274280269468,0.775329864172117,10
"tier4_pooled","P0_derivative_amplitude_deciles","REGION_AGGREGATES_ALL","pooled_condition","POOLED_EC_EO_subject_grouped","POOLED_EC_EO_subject_grouped","CN_vs_FTD","classic_fast","xgboost_shallow",0.741302072220793,0.503078501688716,0.74425,0.750186868686869,0.707274280269468,0.775329864172117,10
