"comparison","metric","tier","layer","world","scenario_family","scenario_name","condition","task","ktsp_model","comparator_model","comparator_block","n_repeats","mean_delta","median_delta","bootstrap_ci_low","bootstrap_ci_high","wilcox_p","paired_t_p","wilcox_p_holm","wilcox_p_bh","paired_t_p_holm","paired_t_p_bh"
"best_ktsp_vs_each_classifier","macro_f1","tier1_main","P0_derivative_amplitude_deciles","DERIVED_DECILES_ALL","single_condition","single_condition","ds004504__EC","AD_FTD_vs_CN","kTSP_k9_disjoint","glmnet_elasticnet","classic_fast",20,0.157503632729164,0.147642482233187,0.135551965401971,0.180966612682349,9.56917315706463e-05,5.12980699530834e-11,0.0496898731631834,0.00029443609714045,2.32893237586998e-08,3.98134274262737e-10
"best_ktsp_vs_each_classifier","mcc","tier1_main","P0_derivative_amplitude_deciles","DERIVED_DECILES_ALL","single_condition","single_condition","ds004504__EC","AD_FTD_vs_CN","kTSP_k9_disjoint","glmnet_elasticnet","classic_fast",20,0.277508738970463,0.251928207422116,0.24279123551329,0.315842913260467,9.56917315706463e-05,9.98911244533734e-12,0.0496898731631834,0.000324133170225704,4.71486107419922e-09,1.06006907583172e-10
"best_ktsp_vs_each_classifier","balanced_accuracy","tier1_main","P0_derivative_amplitude_deciles","DERIVED_DECILES_ALL","single_condition","single_condition","ds004504__EC","AD_FTD_vs_CN","kTSP_k9_disjoint","glmnet_elasticnet","classic_fast",20,0.143030303030303,0.132954545454545,0.126795454545455,0.160689772727273,9.56917315706463e-05,1.32648436696545e-12,0.0490829590524173,0.000299071327167016,6.23447652473762e-10,1.35249386435693e-11
"best_ktsp_vs_each_classifier","macro_f1","tier1_main","P0_derivative_amplitude_deciles","DERIVED_DECILES_ALL","single_condition","single_condition","ds004504__EC","AD_FTD_vs_CN","kTSP_k9_disjoint","svm_linear_liblinear","classic_fast",20,0.103380128551521,0.0956755213385647,0.0763405144387477,0.130332393183956,0.000151093078387232,1.03219300650288e-06,0.0496898731631834,0.000358759820828257,0.000323076411035401,2.5804825162572e-06
"best_ktsp_vs_each_classifier","mcc","tier1_main","P0_derivative_amplitude_deciles","DERIVED_DECILES_ALL","single_condition","single_condition","ds004504__EC","AD_FTD_vs_CN","kTSP_k9_disjoint","svm_linear_liblinear","classic_fast",20,0.223849845716377,0.212231400314943,0.179830707528514,0.272597624057629,9.56917315706463e-05,1.90522290228674e-08,0.0496898731631834,0.000324133170225704,7.62089160914695e-06,8.1877347866868e-08
"best_ktsp_vs_each_classifier","balanced_accuracy","tier1_main","P0_derivative_amplitude_deciles","DERIVED_DECILES_ALL","single_condition","single_condition","ds004504__EC","AD_FTD_vs_CN","kTSP_k9_disjoint","svm_linear_liblinear","classic_fast",20,0.0936590909090909,0.0937121212121211,0.0702715909090909,0.117753787878788,0.00011157661051997,4.92251706970698e-07,0.0490829590524173,0.000299071327167016,0.000154567035988799,1.23657433635151e-06
"best_ktsp_vs_each_classifier","macro_f1","tier1_main","P0_derivative_amplitude_deciles","DERIVED_DECILES_ALL","single_condition","single_condition","ds004504__EC","AD_FTD_vs_CN","kTSP_k9_disjoint","majority","classic_fast",20,0.334911309168888,0.335738820795423,0.316079909641909,0.353679610786773,9.56917315706463e-05,1.35634059533192e-18,0.0496898731631834,0.00029443609714045,6.61894210521977e-16,2.13726396840181e-17
"best_ktsp_vs_each_classifier","mcc","tier1_main","P0_derivative_amplitude_deciles","DERIVED_DECILES_ALL","single_condition","single_condition","ds004504__EC","AD_FTD_vs_CN","kTSP_k9_disjoint","majority","classic_fast",20,0.516853000590883,0.515619393962043,0.489365740701041,0.545179686644941,9.56917315706463e-05,7.25755109427686e-19,0.0496898731631834,0.000324133170225704,3.59974534276132e-16,1.50957062760959e-17
"best_ktsp_vs_each_classifier","balanced_accuracy","tier1_main","P0_derivative_amplitude_deciles","DERIVED_DECILES_ALL","single_condition","single_condition","ds004504__EC","AD_FTD_vs_CN","kTSP_k9_disjoint","majority","classic_fast",20,0.242318181818182,0.245075757575758,0.227242234848485,0.256431818181818,9.55574483907373e-05,8.70477421144598e-18,0.0490829590524173,0.000299071327167016,4.27404413781997e-15,1.50882752998397e-16
"best_ktsp_vs_each_classifier","macro_f1","tier1_main","P0_derivative_amplitude_deciles","DERIVED_DECILES_ALL","single_condition","single_condition","ds004504__EC","AD_FTD_vs_CN","kTSP_k9_disjoint","sda_shrinklda","classic_fast",20,-0.0204813576312163,-0.0281752635448288,-0.0427915053548539,0.00261682274890595,0.13054070066071,0.100998787505856,1,0.151859428061676,1,0.117230735497869
"best_ktsp_vs_each_classifier","mcc","tier1_main","P0_derivative_amplitude_deciles","DERIVED_DECILES_ALL","single_condition","single_condition","ds004504__EC","AD_FTD_vs_CN","kTSP_k9_disjoint","sda_shrinklda","classic_fast",20,-0.0163991454576106,-0.0217761132163666,-0.0538120328090571,0.0221558922328199,0.422175673993565,0.419684263044136,1,0.460233439154411,1,0.459443824806212
"best_ktsp_vs_each_classifier","balanced_accuracy","tier1_main","P0_derivative_amplitude_deciles","DERIVED_DECILES_ALL","single_condition","single_condition","ds004504__EC","AD_FTD_vs_CN","kTSP_k9_disjoint","sda_shrinklda","classic_fast",20,-0.0269621212121212,-0.0373484848484849,-0.0470231060606061,-0.00590151515151517,0.045792839376136,0.0244685738003534,1,0.0551210103601637,1,0.030150849232663
"best_ktsp_vs_each_classifier","macro_f1","tier1_main","P0_derivative_amplitude_deciles","DERIVED_DECILES_ALL","single_condition","single_condition","ds004504__EC","AD_FTD_vs_CN","kTSP_k9_disjoint","ranger_rf","classic_fast",20,0.00576990429879572,0.0116447811447811,-0.01329793376329,0.0249434418828425,0.422175673993565,0.567608148812197,1,0.455459233354054,1,0.597482261907576
"best_ktsp_vs_each_classifier","mcc","tier1_main","P0_derivative_amplitude_deciles","DERIVED_DECILES_ALL","single_condition","single_condition","ds004504__EC","AD_FTD_vs_CN","kTSP_k9_disjoint","ranger_rf","classic_fast",20,0.017851921753824,0.0186116239498807,-0.0142032314085358,0.0478953100090768,0.211064231877061,0.279451656490834,1,0.243355655379316,1,0.315216619035214
"best_ktsp_vs_each_classifier","balanced_accuracy","tier1_main","P0_derivative_amplitude_deciles","DERIVED_DECILES_ALL","single_condition","single_condition","ds004504__EC","AD_FTD_vs_CN","kTSP_k9_disjoint","ranger_rf","classic_fast",20,0.0178181818181818,0.0249242424242424,0.00206780303030302,0.0329482954545455,0.0400091295716329,0.0369658764859362,1,0.04860922284404,1,0.0451226661330676
"best_ktsp_vs_each_classifier","macro_f1","tier1_main","P0_derivative_amplitude_deciles","DERIVED_DECILES_ALL","single_condition","single_condition","ds004504__EC","AD_FTD_vs_CN","kTSP_k9_disjoint","glmnet_ridge","classic_fast",20,0.117470886140309,0.112485049932576,0.0963730192478833,0.140190814429754,9.56917315706463e-05,3.95000173700181e-09,0.0496898731631834,0.00029443609714045,1.58395069653773e-06,1.71166741936745e-08
"best_ktsp_vs_each_classifier","mcc","tier1_main","P0_derivative_amplitude_deciles","DERIVED_DECILES_ALL","single_condition","single_condition","ds004504__EC","AD_FTD_vs_CN","kTSP_k9_disjoint","glmnet_ridge","classic_fast",20,0.191743124617725,0.167662122995333,0.160284121452846,0.225355703834253,9.56917315706463e-05,6.82723335462419e-10,0.0496898731631834,0.000324133170225704,3.04494607616239e-07,4.73354845920611e-09
"best_ktsp_vs_each_classifier","balanced_accuracy","tier1_main","P0_derivative_amplitude_deciles","DERIVED_DECILES_ALL","single_condition","single_condition","ds004504__EC","AD_FTD_vs_CN","kTSP_k9_disjoint","glmnet_ridge","classic_fast",20,0.115818181818182,0.111666666666667,0.0995214015151515,0.133250189393939,9.5423308128284e-05,7.81986005411568e-11,0.0490829590524173,0.000299071327167016,3.46419800397325e-08,5.21324003607712e-10
"best_ktsp_vs_each_classifier","macro_f1","tier1_main","P0_derivative_amplitude_deciles","DERIVED_DECILES_ALL","single_condition","single_condition","ds004504__EC","AD_FTD_vs_CN","kTSP_k9_disjoint","glmnet_lasso","classic_fast",20,0.148300695353251,0.128805481957656,0.12248446053032,0.174818953187635,9.56917315706463e-05,1.81560944638529e-09,0.0496898731631834,0.00029443609714045,7.53477920249894e-07,8.90676332189008e-09
"best_ktsp_vs_each_classifier","mcc","tier1_main","P0_derivative_amplitude_deciles","DERIVED_DECILES_ALL","single_condition","single_condition","ds004504__EC","AD_FTD_vs_CN","kTSP_k9_disjoint","glmnet_lasso","classic_fast",20,0.258057327848871,0.22881562130199,0.216427232071226,0.303318088260236,9.56917315706463e-05,8.9796081565166e-10,0.0496898731631834,0.000324133170225704,3.94204798071079e-07,5.69223089127222e-09
"best_ktsp_vs_each_classifier","balanced_accuracy","tier1_main","P0_derivative_amplitude_deciles","DERIVED_DECILES_ALL","single_condition","single_condition","ds004504__EC","AD_FTD_vs_CN","kTSP_k9_disjoint","glmnet_lasso","classic_fast",20,0.139969696969697,0.133257575757576,0.120916477272727,0.159485227272727,9.55574483907373e-05,2.56753002181232e-11,0.0490829590524173,0.000299071327167016,1.16309109988098e-08,1.96340531079765e-10
"best_ktsp_vs_each_classifier","macro_f1","tier1_main","P0_derivative_amplitude_deciles","DERIVED_DECILES_ALL","single_condition","single_condition","ds004504__EC","AD_FTD_vs_CN","kTSP_k9_disjoint","knn_euclidean","classic_fast",20,0.060123571718635,0.0597981800807887,0.0375713324878384,0.0815977307655489,0.000553830376860853,4.13997174433148e-05,0.121288852532527,0.000932012284684931,0.00952193501196242,7.37274454954317e-05
"best_ktsp_vs_each_classifier","mcc","tier1_main","P0_derivative_amplitude_deciles","DERIVED_DECILES_ALL","single_condition","single_condition","ds004504__EC","AD_FTD_vs_CN","kTSP_k9_disjoint","knn_euclidean","classic_fast",20,0.147010704703431,0.134197338811664,0.112584198910447,0.182591126731105,0.00011157661051997,1.78929592020679e-07,0.0496898731631834,0.000324133170225704,6.33410755753202e-05,5.54472089553419e-07
"best_ktsp_vs_each_classifier","balanced_accuracy","tier1_main","P0_derivative_amplitude_deciles","DERIVED_DECILES_ALL","single_condition","single_condition","ds004504__EC","AD_FTD_vs_CN","kTSP_k9_disjoint","knn_euclidean","classic_fast",20,0.0554545454545454,0.0483333333333333,0.0359844696969697,0.0759015151515151,0.000235449561167833,2.80539514319854e-05,0.0626295832706436,0.000466112496020886,0.00662073253794855,5.11861569987102e-05
"best_ktsp_vs_each_classifier","macro_f1","tier1_main","P0_derivative_amplitude_deciles","DERIVED_DECILES_ALL","single_condition","single_condition","ds004504__EC","AD_FTD_vs_CN","kTSP_k9_disjoint","xgboost_default","classic_fast",20,0.0845498866664837,0.0786569710482753,0.0648992992094665,0.104025645784537,9.56917315706463e-05,1.12289969849276e-07,0.0496898731631834,0.00029443609714045,3.90769095075479e-05,3.34124541044837e-07
"best_ktsp_vs_each_classifier","mcc","tier1_main","P0_derivative_amplitude_deciles","DERIVED_DECILES_ALL","single_condition","single_condition","ds004504__EC","AD_FTD_vs_CN","kTSP_k9_disjoint","xgboost_default","classic_fast",20,0.191828414081253,0.172775622273638,0.157117114907512,0.227028729393523,9.56917315706463e-05,2.04069924307444e-09,0.0496898731631834,0.000324133170225704,8.79541373765083e-07,1.16611385318539e-08
"best_ktsp_vs_each_classifier","balanced_accuracy","tier1_main","P0_derivative_amplitude_deciles","DERIVED_DECILES_ALL","single_condition","single_condition","ds004504__EC","AD_FTD_vs_CN","kTSP_k9_disjoint","xgboost_default","classic_fast",20,0.0848030303030303,0.0816666666666667,0.0669522727272727,0.102964015151515,9.56917315706463e-05,2.30031803923192e-08,0.0490829590524173,0.000299071327167016,8.71820536868898e-06,8.36479286993425e-08
"best_ktsp_vs_each_classifier","macro_f1","tier1_main","P0_derivative_amplitude_deciles","DERIVED_DECILES_ALL","single_condition","single_condition","ds004504__EC","AD_FTD_vs_CN","kTSP_k9_disjoint","xgboost_shallow","classic_fast",20,0.0845498866664837,0.0786569710482753,0.0647416908675497,0.103875777269121,9.56917315706463e-05,1.12289969849276e-07,0.0496898731631834,0.00029443609714045,3.90769095075479e-05,3.34124541044837e-07
"best_ktsp_vs_each_classifier","mcc","tier1_main","P0_derivative_amplitude_deciles","DERIVED_DECILES_ALL","single_condition","single_condition","ds004504__EC","AD_FTD_vs_CN","kTSP_k9_disjoint","xgboost_shallow","classic_fast",20,0.191828414081253,0.172775622273638,0.157542017413183,0.22788568528205,9.56917315706463e-05,2.04069924307444e-09,0.0496898731631834,0.000324133170225704,8.79541373765083e-07,1.16611385318539e-08
"best_ktsp_vs_each_classifier","balanced_accuracy","tier1_main","P0_derivative_amplitude_deciles","DERIVED_DECILES_ALL","single_condition","single_condition","ds004504__EC","AD_FTD_vs_CN","kTSP_k9_disjoint","xgboost_shallow","classic_fast",20,0.0848030303030303,0.0816666666666667,0.0670375,0.102841477272727,9.56917315706463e-05,2.30031803923192e-08,0.0490829590524173,0.000299071327167016,8.71820536868898e-06,8.36479286993425e-08
"best_ktsp_vs_each_classifier","macro_f1","tier1_main","P0_derivative_amplitude_deciles","DERIVED_DECILES_ALL","single_condition","single_condition","ds004504__EC","AD_vs_CN","kTSP_k9_disjoint","svm_linear_liblinear","classic_fast",20,0.0344232688106527,0.0317137532230412,0.00869293944896696,0.0610288381510131,0.0318228687346354,0.0194979798767636,1,0.0395882577560057,1,0.0245495146148113
"best_ktsp_vs_each_classifier","mcc","tier1_main","P0_derivative_amplitude_deciles","DERIVED_DECILES_ALL","single_condition","single_condition","ds004504__EC","AD_vs_CN","kTSP_k9_disjoint","svm_linear_liblinear","classic_fast",20,0.0700404414773967,0.0500786716105948,0.0213836608029588,0.121068015328525,0.0160420619163943,0.0146138889766933,1,0.0214444015334836,1,0.0192385373870392
"best_ktsp_vs_each_classifier","balanced_accuracy","tier1_main","P0_derivative_amplitude_deciles","DERIVED_DECILES_ALL","single_condition","single_condition","ds004504__EC","AD_vs_CN","kTSP_k9_disjoint","svm_linear_liblinear","classic_fast",20,0.0344285714285714,0.0286309523809524,0.00981502976190473,0.0605119047619048,0.0346252075233358,0.0166242080909675,1,0.0424648771512608,1,0.0209820102119007
"best_ktsp_vs_each_classifier","macro_f1","tier1_main","P0_derivative_amplitude_deciles","DERIVED_DECILES_ALL","single_condition","single_condition","ds004504__EC","AD_vs_CN","kTSP_k9_disjoint","sda_shrinklda","classic_fast",20,-0.0416743754611401,-0.049590450399274,-0.0620105650713236,-0.019136375124059,0.00429083743463042,0.00148183828566071,0.639334777759932,0.00598186452012822,0.220793904563446,0.00207138685092358
"best_ktsp_vs_each_classifier","mcc","tier1_main","P0_derivative_amplitude_deciles","DERIVED_DECILES_ALL","single_condition","single_condition","ds004504__EC","AD_vs_CN","kTSP_k9_disjoint","sda_shrinklda","classic_fast",20,-0.0697059080752259,-0.0849134544087493,-0.106445917440943,-0.0299438493427516,0.00679723087226417,0.00254658816483852,1,0.00947603231522082,0.399814341879648,0.00363798309262646
"best_ktsp_vs_each_classifier","balanced_accuracy","tier1_main","P0_derivative_amplitude_deciles","DERIVED_DECILES_ALL","single_condition","single_condition","ds004504__EC","AD_vs_CN","kTSP_k9_disjoint","sda_shrinklda","classic_fast",20,-0.0371488095238095,-0.0431547619047619,-0.0567526785714286,-0.0168141369047619,0.00679240506896095,0.00245037386387904,0.889173122080169,0.00897096460298824,0.335701219351428,0.0033182146073362
"best_ktsp_vs_each_classifier","macro_f1","tier1_main","P0_derivative_amplitude_deciles","DERIVED_DECILES_ALL","single_condition","single_condition","ds004504__EC","AD_vs_CN","kTSP_k9_disjoint","knn_euclidean","classic_fast",20,0.0707658796741614,0.065027872454343,0.0499000569348093,0.0920901607411766,0.000129926100333799,3.38758205007032e-06,0.0496898731631834,0.000329568644749149,0.000995949122720675,7.76009985038136e-06
"best_ktsp_vs_each_classifier","mcc","tier1_main","P0_derivative_amplitude_deciles","DERIVED_DECILES_ALL","single_condition","single_condition","ds004504__EC","AD_vs_CN","kTSP_k9_disjoint","knn_euclidean","classic_fast",20,0.14105029731649,0.129739774729177,0.102232267899031,0.183211355793931,0.000129926100333799,2.94083494809628e-06,0.0496898731631834,0.000350059959448578,0.000902836329065558,7.14595407948629e-06
"best_ktsp_vs_each_classifier","balanced_accuracy","tier1_main","P0_derivative_amplitude_deciles","DERIVED_DECILES_ALL","single_condition","single_condition","ds004504__EC","AD_vs_CN","kTSP_k9_disjoint","knn_euclidean","classic_fast",20,0.0661845238095238,0.0594047619047618,0.0459224702380952,0.0872501488095238,0.000162641515230044,6.0726822682156e-06,0.0490829590524173,0.000358362660676369,0.00166391494149107,1.27845942488749e-05
"best_ktsp_vs_each_classifier","macro_f1","tier1_main","P0_derivative_amplitude_deciles","DERIVED_DECILES_ALL","single_condition","single_condition","ds004504__EC","AD_vs_CN","kTSP_k9_disjoint","xgboost_default","classic_fast",20,0.00640709698797937,0.0177551206962972,-0.0115685613620985,0.0227976092363089,0.322508682620795,0.4925952632109,1,0.351581792374871,1,0.521689484459609
"best_ktsp_vs_each_classifier","mcc","tier1_main","P0_derivative_amplitude_deciles","DERIVED_DECILES_ALL","single_condition","single_condition","ds004504__EC","AD_vs_CN","kTSP_k9_disjoint","xgboost_default","classic_fast",20,0.0272729075684338,0.0480013495833326,-0.00531368552018788,0.0571998933639093,0.070197451493027,0.114871841980899,1,0.0850878199915479,1,0.136689606018461
"best_ktsp_vs_each_classifier","balanced_accuracy","tier1_main","P0_derivative_amplitude_deciles","DERIVED_DECILES_ALL","single_condition","single_condition","ds004504__EC","AD_vs_CN","kTSP_k9_disjoint","xgboost_default","classic_fast",20,0.0112797619047619,0.0268452380952381,-0.00566681547619045,0.0270361607142857,0.112594551560966,0.209712103167986,1,0.129533554893147,1,0.236039596639292
"best_ktsp_vs_each_classifier","macro_f1","tier1_main","P0_derivative_amplitude_deciles","DERIVED_DECILES_ALL","single_condition","single_condition","ds004504__EC","AD_vs_CN","kTSP_k9_disjoint","glmnet_lasso","classic_fast",20,0.0718513703358905,0.075077700936834,0.0495125229216947,0.0937551171931783,0.000272706565159098,4.50678929549595e-06,0.0719945332019989,0.000527165107370746,0.00127542137062535,9.84676652797435e-06
"best_ktsp_vs_each_classifier","mcc","tier1_main","P0_derivative_amplitude_deciles","DERIVED_DECILES_ALL","single_condition","single_condition","ds004504__EC","AD_vs_CN","kTSP_k9_disjoint","glmnet_lasso","classic_fast",20,0.126426678696943,0.125584307055286,0.0836271748084104,0.170207969033377,0.000418811376312389,2.3586039858859e-05,0.105540466830712,0.000777792556008723,0.00615595640316221,4.71720797177181e-05
"best_ktsp_vs_each_classifier","balanced_accuracy","tier1_main","P0_derivative_amplitude_deciles","DERIVED_DECILES_ALL","single_condition","single_condition","ds004504__EC","AD_vs_CN","kTSP_k9_disjoint","glmnet_lasso","classic_fast",20,0.0709821428571429,0.0723809523809524,0.050916369047619,0.0923697916666666,0.00023574535856441,2.63775472295065e-06,0.0626295832706436,0.000466112496020886,0.000749122341317985,5.78747871702253e-06
"best_ktsp_vs_each_classifier","macro_f1","tier1_main","P0_derivative_amplitude_deciles","DERIVED_DECILES_ALL","single_condition","single_condition","ds004504__EC","AD_vs_CN","kTSP_k9_disjoint","glmnet_elasticnet","classic_fast",20,0.0612654017808816,0.0573400679128232,0.0420669116347618,0.0828109594503364,0.000203524868067628,1.20353622552474e-05,0.0590222117396071,0.000435526466646777,0.00311715882410907,2.3886978521865e-05
"best_ktsp_vs_each_classifier","mcc","tier1_main","P0_derivative_amplitude_deciles","DERIVED_DECILES_ALL","single_condition","single_condition","ds004504__EC","AD_vs_CN","kTSP_k9_disjoint","glmnet_elasticnet","classic_fast",20,0.102800548304937,0.0983726670137798,0.0621959742432535,0.145658009962588,0.000481928896718165,0.000157324527586609,0.115662935212359,0.00088240502216002,0.0342967470138809,0.000269995888927515
"best_ktsp_vs_each_classifier","balanced_accuracy","tier1_main","P0_derivative_amplitude_deciles","DERIVED_DECILES_ALL","single_condition","single_condition","ds004504__EC","AD_vs_CN","kTSP_k9_disjoint","glmnet_elasticnet","classic_fast",20,0.0590238095238095,0.0555357142857143,0.0404629464285714,0.0785666666666667,0.000175476155215737,1.09857615578845e-05,0.0495303716259305,0.00037243918658034,0.00281235495881842,2.15569660758487e-05
"best_ktsp_vs_each_classifier","macro_f1","tier1_main","P0_derivative_amplitude_deciles","DERIVED_DECILES_ALL","single_condition","single_condition","ds004504__EC","AD_vs_CN","kTSP_k9_disjoint","majority","classic_fast",20,0.376752203678674,0.381588539599375,0.363210555501645,0.389953072210512,9.56917315706463e-05,3.81538696976461e-22,0.0496898731631834,0.00029443609714045,1.91150887185207e-19,9.92000612138798e-21
"best_ktsp_vs_each_classifier","mcc","tier1_main","P0_derivative_amplitude_deciles","DERIVED_DECILES_ALL","single_condition","single_condition","ds004504__EC","AD_vs_CN","kTSP_k9_disjoint","majority","classic_fast",20,0.501591021418028,0.508598493779839,0.476414932271264,0.525335083119788,9.56917315706463e-05,1.05806669653733e-19,0.0496898731631834,0.000324133170225704,5.2797528157213e-17,2.50088491908825e-18
"best_ktsp_vs_each_classifier","balanced_accuracy","tier1_main","P0_derivative_amplitude_deciles","DERIVED_DECILES_ALL","single_condition","single_condition","ds004504__EC","AD_vs_CN","kTSP_k9_disjoint","majority","classic_fast",20,0.241267857142857,0.246607142857143,0.228928125,0.253494196428571,9.56917315706463e-05,3.23620850177904e-19,0.0490829590524173,0.000299071327167016,1.61486804238774e-16,7.64922009511409e-18
"best_ktsp_vs_each_classifier","macro_f1","tier1_main","P0_derivative_amplitude_deciles","DERIVED_DECILES_ALL","single_condition","single_condition","ds004504__EC","AD_vs_CN","kTSP_k9_disjoint","glmnet_ridge","classic_fast",20,0.0492499500843154,0.0456296223556287,0.0289683064001272,0.0712999205945414,0.000953358041013486,0.000324820421578151,0.18781153407964,0.00152069380775157,0.0613910596782704,0.000508754877170597
"best_ktsp_vs_each_classifier","mcc","tier1_main","P0_derivative_amplitude_deciles","DERIVED_DECILES_ALL","single_condition","single_condition","ds004504__EC","AD_vs_CN","kTSP_k9_disjoint","glmnet_ridge","classic_fast",20,0.0829526978662273,0.0954293900814079,0.0425127215316086,0.126374856762519,0.00160712458710077,0.00126274635944151,0.319817792833054,0.00256351161132639,0.220980612902265,0.00189776909511441
"best_ktsp_vs_each_classifier","balanced_accuracy","tier1_main","P0_derivative_amplitude_deciles","DERIVED_DECILES_ALL","single_condition","single_condition","ds004504__EC","AD_vs_CN","kTSP_k9_disjoint","glmnet_ridge","classic_fast",20,0.0485535714285714,0.0495238095238095,0.0286959821428572,0.0685654761904762,0.000890877828158665,0.000179431998249182,0.180848199116209,0.00145678135422172,0.0350096385078151,0.000286210549354523
"best_ktsp_vs_each_classifier","macro_f1","tier1_main","P0_derivative_amplitude_deciles","DERIVED_DECILES_ALL","single_condition","single_condition","ds004504__EC","AD_vs_CN","kTSP_k9_disjoint","ranger_rf","classic_fast",20,-0.0521141406323295,-0.0479180704915999,-0.0690619390112811,-0.035567999378932,0.000235745358564439,1.01656773679079e-05,0.0653014643223415,0.000478857759584016,0.0027040701798635,2.07300087502436e-05
"best_ktsp_vs_each_classifier","mcc","tier1_main","P0_derivative_amplitude_deciles","DERIVED_DECILES_ALL","single_condition","single_condition","ds004504__EC","AD_vs_CN","kTSP_k9_disjoint","ranger_rf","classic_fast",20,-0.0884160625141188,-0.0917125172506105,-0.117888607457829,-0.0584204826433816,0.000418811376312347,2.47248749689453e-05,0.105540466830712,0.000777792556008723,0.00640374261695682,4.90722709307311e-05
"best_ktsp_vs_each_classifier","balanced_accuracy","tier1_main","P0_derivative_amplitude_deciles","DERIVED_DECILES_ALL","single_condition","single_condition","ds004504__EC","AD_vs_CN","kTSP_k9_disjoint","ranger_rf","classic_fast",20,-0.0481369047619048,-0.0488095238095239,-0.0637026785714286,-0.0324223214285714,0.000253280027220494,1.31307187153652e-05,0.0650929669956669,0.000498884902100973,0.00328267967884129,2.51954750257929e-05
"best_ktsp_vs_each_classifier","macro_f1","tier1_main","P0_derivative_amplitude_deciles","DERIVED_DECILES_ALL","single_condition","single_condition","ds004504__EC","AD_vs_CN","kTSP_k9_disjoint","xgboost_shallow","classic_fast",20,0.00640709698797937,0.0177551206962972,-0.0117297588645015,0.022958094795856,0.322508682620795,0.4925952632109,1,0.351581792374871,1,0.521689484459609
"best_ktsp_vs_each_classifier","mcc","tier1_main","P0_derivative_amplitude_deciles","DERIVED_DECILES_ALL","single_condition","single_condition","ds004504__EC","AD_vs_CN","kTSP_k9_disjoint","xgboost_shallow","classic_fast",20,0.0272729075684338,0.0480013495833326,-0.00360355191982386,0.0582494958735495,0.070197451493027,0.114871841980899,1,0.0850878199915479,1,0.136689606018461
"best_ktsp_vs_each_classifier","balanced_accuracy","tier1_main","P0_derivative_amplitude_deciles","DERIVED_DECILES_ALL","single_condition","single_condition","ds004504__EC","AD_vs_CN","kTSP_k9_disjoint","xgboost_shallow","classic_fast",20,0.0112797619047619,0.0268452380952381,-0.00598377976190473,0.0274345238095238,0.112594551560966,0.209712103167986,1,0.129533554893147,1,0.236039596639292
"best_ktsp_vs_each_classifier","macro_f1","tier1_main","P0_derivative_amplitude_deciles","DERIVED_DECILES_ALL","single_condition","single_condition","ds004504__EC","AD_vs_FTD","kTSP_CV_nondisjoint","glmnet_elasticnet","classic_fast",20,0.144581809745122,0.158734905015865,0.115837453634687,0.173267664520722,9.56917315706463e-05,1.02386786182458e-08,0.0496898731631834,0.00029443609714045,3.96236862526112e-06,3.97321856827448e-08
"best_ktsp_vs_each_classifier","mcc","tier1_main","P0_derivative_amplitude_deciles","DERIVED_DECILES_ALL","single_condition","single_condition","ds004504__EC","AD_vs_FTD","kTSP_CV_nondisjoint","glmnet_elasticnet","classic_fast",20,0.167077413546339,0.172150021985554,0.118095115556843,0.216025345720666,0.00011157661051997,3.49982002627709e-06,0.0496898731631834,0.000324133170225704,0.00104294636783057,8.16101530791071e-06
"best_ktsp_vs_each_classifier","balanced_accuracy","tier1_main","P0_derivative_amplitude_deciles","DERIVED_DECILES_ALL","single_condition","single_condition","ds004504__EC","AD_vs_FTD","kTSP_CV_nondisjoint","glmnet_elasticnet","classic_fast",20,0.0835357142857143,0.103214285714286,0.0588375,0.108161607142857,9.56917315706463e-05,2.56520822490229e-06,0.0490829590524173,0.000299071327167016,0.000731084344097153,5.6521537158864e-06
"best_ktsp_vs_each_classifier","macro_f1","tier1_main","P0_derivative_amplitude_deciles","DERIVED_DECILES_ALL","single_condition","single_condition","ds004504__EC","AD_vs_FTD","kTSP_CV_nondisjoint","ranger_rf","classic_fast",20,-0.0127137672698818,-0.011122098146092,-0.0346529413762193,0.00777036232601241,0.225010647054924,0.273631439119329,1,0.252167104458104,1,0.302741166685215
"best_ktsp_vs_each_classifier","mcc","tier1_main","P0_derivative_amplitude_deciles","DERIVED_DECILES_ALL","single_condition","single_condition","ds004504__EC","AD_vs_FTD","kTSP_CV_nondisjoint","ranger_rf","classic_fast",20,-0.0174043013365603,-0.0186382155417391,-0.0630375475888345,0.0272079555275566,0.360375187544933,0.4730169449803,1,0.399563107725726,1,0.511369670248973
"best_ktsp_vs_each_classifier","balanced_accuracy","tier1_main","P0_derivative_amplitude_deciles","DERIVED_DECILES_ALL","single_condition","single_condition","ds004504__EC","AD_vs_FTD","kTSP_CV_nondisjoint","ranger_rf","classic_fast",20,-0.000607142857142859,0.00214285714285717,-0.0221803571428572,0.0207330357142857,0.896040840009703,0.957820942770978,1,0.904740265640865,1,0.961519093129167
"best_ktsp_vs_each_classifier","macro_f1","tier1_main","P0_derivative_amplitude_deciles","DERIVED_DECILES_ALL","single_condition","single_condition","ds004504__EC","AD_vs_FTD","kTSP_CV_nondisjoint","glmnet_lasso","classic_fast",20,0.15328466914922,0.144805019541862,0.126800746135315,0.179831724636088,9.56917315706463e-05,1.49108838632368e-09,0.0496898731631834,0.00029443609714045,6.20292768710651e-07,7.38443772274584e-09
"best_ktsp_vs_each_classifier","mcc","tier1_main","P0_derivative_amplitude_deciles","DERIVED_DECILES_ALL","single_condition","single_condition","ds004504__EC","AD_vs_FTD","kTSP_CV_nondisjoint","glmnet_lasso","classic_fast",20,0.190842700887301,0.217292726390351,0.135910319234578,0.247968052781911,0.00011157661051997,3.23937742443498e-06,0.0496898731631834,0.000324133170225704,0.0009815313596038,7.72695532434032e-06
"best_ktsp_vs_each_classifier","balanced_accuracy","tier1_main","P0_derivative_amplitude_deciles","DERIVED_DECILES_ALL","single_condition","single_condition","ds004504__EC","AD_vs_FTD","kTSP_CV_nondisjoint","glmnet_lasso","classic_fast",20,0.094125,0.0998214285714286,0.0684089285714286,0.119375892857143,9.56917315706463e-05,1.06886453687587e-06,0.0490829590524173,0.000299071327167016,0.000324934819210265,2.55242850510246e-06
"best_ktsp_vs_each_classifier","macro_f1","tier1_main","P0_derivative_amplitude_deciles","DERIVED_DECILES_ALL","single_condition","single_condition","ds004504__EC","AD_vs_FTD","kTSP_CV_nondisjoint","majority","classic_fast",20,0.173017925444009,0.17408013039592,0.146617799875133,0.197205914946337,9.56917315706463e-05,4.91189883352619e-11,0.0496898731631834,0.00029443609714045,2.23491396925441e-08,3.86998089914184e-10
"best_ktsp_vs_each_classifier","mcc","tier1_main","P0_derivative_amplitude_deciles","DERIVED_DECILES_ALL","single_condition","single_condition","ds004504__EC","AD_vs_FTD","kTSP_CV_nondisjoint","majority","classic_fast",20,0.166190620844617,0.219601428080466,0.114590396994773,0.21592463184306,0.000363481868201676,6.51622975047321e-06,0.0945052857324358,0.000705263326361611,0.00185712547888486,1.43577943654494e-05
"best_ktsp_vs_each_classifier","balanced_accuracy","tier1_main","P0_derivative_amplitude_deciles","DERIVED_DECILES_ALL","single_condition","single_condition","ds004504__EC","AD_vs_FTD","kTSP_CV_nondisjoint","majority","classic_fast",20,0.0814821428571429,0.0971428571428571,0.055553125,0.106464732142857,0.000363481868201676,7.43167847953187e-06,0.0860432347115663,0.000654015818217549,0.00198425815403501,1.52144598793566e-05
"best_ktsp_vs_each_classifier","macro_f1","tier1_main","P0_derivative_amplitude_deciles","DERIVED_DECILES_ALL","single_condition","single_condition","ds004504__EC","AD_vs_FTD","kTSP_CV_nondisjoint","xgboost_shallow","classic_fast",20,-0.0884725535902007,-0.0938107807225455,-0.118130904716199,-0.0566519563157431,0.000418811376312347,2.63720360609809e-05,0.0971642393044646,0.000738243781974381,0.00646114883494033,4.95070713058126e-05
"best_ktsp_vs_each_classifier","mcc","tier1_main","P0_derivative_amplitude_deciles","DERIVED_DECILES_ALL","single_condition","single_condition","ds004504__EC","AD_vs_FTD","kTSP_CV_nondisjoint","xgboost_shallow","classic_fast",20,-0.149404541552408,-0.15696528993723,-0.204760399137319,-0.0930320599425107,0.000728541800169879,5.69973243334237e-05,0.166107530438732,0.00127556140097087,0.0137933524886885,0.000105678501706328
"best_ktsp_vs_each_classifier","balanced_accuracy","tier1_main","P0_derivative_amplitude_deciles","DERIVED_DECILES_ALL","single_condition","single_condition","ds004504__EC","AD_vs_FTD","kTSP_CV_nondisjoint","xgboost_shallow","classic_fast",20,-0.069125,-0.0828571428571429,-0.0967870535714286,-0.0398214285714286,0.000952379688397712,0.000164074312619709,0.192183206111207,0.00153008080656485,0.0329789368365615,0.000265790163745323
"best_ktsp_vs_each_classifier","macro_f1","tier1_main","P0_derivative_amplitude_deciles","DERIVED_DECILES_ALL","single_condition","single_condition","ds004504__EC","AD_vs_FTD","kTSP_CV_nondisjoint","sda_shrinklda","classic_fast",20,0.0261456743291108,0.0064794845677198,0.000473530021749825,0.0537186729292379,0.172995225897368,0.0813385230575165,1,0.198581716261879,1,0.09634631432781
"best_ktsp_vs_each_classifier","mcc","tier1_main","P0_derivative_amplitude_deciles","DERIVED_DECILES_ALL","single_condition","single_condition","ds004504__EC","AD_vs_FTD","kTSP_CV_nondisjoint","sda_shrinklda","classic_fast",20,0.0705525651818419,0.0813876953898527,0.01082284331842,0.129483845904119,0.045792839376136,0.0323141732865535,1,0.0573789794592547,1,0.0408841121873669
"best_ktsp_vs_each_classifier","balanced_accuracy","tier1_main","P0_derivative_amplitude_deciles","DERIVED_DECILES_ALL","single_condition","single_condition","ds004504__EC","AD_vs_FTD","kTSP_CV_nondisjoint","sda_shrinklda","classic_fast",20,0.0370178571428571,0.0367857142857143,0.0108379464285714,0.0645535714285714,0.0239066271188815,0.0158815078202805,1,0.029883283898602,1,0.020142400162307
"best_ktsp_vs_each_classifier","macro_f1","tier1_main","P0_derivative_amplitude_deciles","DERIVED_DECILES_ALL","single_condition","single_condition","ds004504__EC","AD_vs_FTD","kTSP_CV_nondisjoint","xgboost_default","classic_fast",20,-0.0884725535902007,-0.0938107807225455,-0.118415556645152,-0.0579172514168838,0.000418811376312347,2.63720360609809e-05,0.0971642393044646,0.000738243781974381,0.00646114883494033,4.95070713058126e-05
"best_ktsp_vs_each_classifier","mcc","tier1_main","P0_derivative_amplitude_deciles","DERIVED_DECILES_ALL","single_condition","single_condition","ds004504__EC","AD_vs_FTD","kTSP_CV_nondisjoint","xgboost_default","classic_fast",20,-0.149404541552408,-0.15696528993723,-0.204517875847588,-0.0919974326791031,0.000728541800169879,5.69973243334237e-05,0.166107530438732,0.00127556140097087,0.0137933524886885,0.000105678501706328
"best_ktsp_vs_each_classifier","balanced_accuracy","tier1_main","P0_derivative_amplitude_deciles","DERIVED_DECILES_ALL","single_condition","single_condition","ds004504__EC","AD_vs_FTD","kTSP_CV_nondisjoint","xgboost_default","classic_fast",20,-0.069125,-0.0828571428571429,-0.0965,-0.0397303571428572,0.000952379688397712,0.000164074312619709,0.192183206111207,0.00153008080656485,0.0329789368365615,0.000265790163745323
"best_ktsp_vs_each_classifier","macro_f1","tier1_main","P0_derivative_amplitude_deciles","DERIVED_DECILES_ALL","single_condition","single_condition","ds004504__EC","AD_vs_FTD","kTSP_CV_nondisjoint","svm_linear_liblinear","classic_fast",20,0.0863004272559226,0.0850277242537305,0.0585981712871322,0.114471201075971,0.000315046961090193,1.10118186850091e-05,0.0790767872336319,0.000583005052551247,0.00289251097844976,2.21086707189372e-05
"best_ktsp_vs_each_classifier","mcc","tier1_main","P0_derivative_amplitude_deciles","DERIVED_DECILES_ALL","single_condition","single_condition","ds004504__EC","AD_vs_FTD","kTSP_CV_nondisjoint","svm_linear_liblinear","classic_fast",20,0.212036804254636,0.226546341498663,0.156764670872819,0.264589661783199,0.000129926100333799,3.96175244167249e-07,0.0496898731631834,0.000350059959448578,0.000135888108749366,1.15736588183691e-06
"best_ktsp_vs_each_classifier","balanced_accuracy","tier1_main","P0_derivative_amplitude_deciles","DERIVED_DECILES_ALL","single_condition","single_condition","ds004504__EC","AD_vs_FTD","kTSP_CV_nondisjoint","svm_linear_liblinear","classic_fast",20,0.103482142857143,0.109642857142857,0.0767299107142857,0.129591964285714,0.000129750334353806,4.66115947298545e-07,0.0490829590524173,0.000331184177321449,0.00014729263934634,1.1823428907085e-06
"best_ktsp_vs_each_classifier","macro_f1","tier1_main","P0_derivative_amplitude_deciles","DERIVED_DECILES_ALL","single_condition","single_condition","ds004504__EC","AD_vs_FTD","kTSP_CV_nondisjoint","glmnet_ridge","classic_fast",20,0.135942347642038,0.145784675850465,0.106910460036824,0.164005213868304,9.56917315706463e-05,2.76015609473766e-08,0.0496898731631834,0.00029443609714045,1.02125775505294e-05,9.50517330638136e-08
"best_ktsp_vs_each_classifier","mcc","tier1_main","P0_derivative_amplitude_deciles","DERIVED_DECILES_ALL","single_condition","single_condition","ds004504__EC","AD_vs_FTD","kTSP_CV_nondisjoint","glmnet_ridge","classic_fast",20,0.138051178262001,0.153337053183534,0.0792291682442344,0.19402863634496,0.000833948987816191,0.000186925572043945,0.185970624283011,0.0014171682145897,0.0401889979894482,0.000317651298898207
"best_ktsp_vs_each_classifier","balanced_accuracy","tier1_main","P0_derivative_amplitude_deciles","DERIVED_DECILES_ALL","single_condition","single_condition","ds004504__EC","AD_vs_FTD","kTSP_CV_nondisjoint","glmnet_ridge","classic_fast",20,0.0721428571428571,0.0896428571428571,0.0446049107142857,0.0988044642857143,0.000635624201131391,6.46930049585613e-05,0.136509934261847,0.00106278001475351,0.0140383820760078,0.000110659087429118
"best_ktsp_vs_each_classifier","macro_f1","tier1_main","P0_derivative_amplitude_deciles","DERIVED_DECILES_ALL","single_condition","single_condition","ds004504__EC","AD_vs_FTD","kTSP_CV_nondisjoint","knn_euclidean","classic_fast",20,0.142302244281346,0.15313487638952,0.114509253258566,0.169272482044744,9.56917315706463e-05,4.81965833281105e-09,0.0496898731631834,0.00029443609714045,1.92786333312442e-06,2.07125812649731e-08
"best_ktsp_vs_each_classifier","mcc","tier1_main","P0_derivative_amplitude_deciles","DERIVED_DECILES_ALL","single_condition","single_condition","ds004504__EC","AD_vs_FTD","kTSP_CV_nondisjoint","knn_euclidean","classic_fast",20,0.281404366751028,0.324048948896792,0.21908909145421,0.341969666983899,9.56917315706463e-05,5.77826472494703e-08,0.0496898731631834,0.000324133170225704,2.17840580130503e-05,2.08659559511976e-07
"best_ktsp_vs_each_classifier","balanced_accuracy","tier1_main","P0_derivative_amplitude_deciles","DERIVED_DECILES_ALL","single_condition","single_condition","ds004504__EC","AD_vs_FTD","kTSP_CV_nondisjoint","knn_euclidean","classic_fast",20,0.126267857142857,0.135535714285714,0.096284375,0.155878571428571,9.56917315706463e-05,1.20323394944131e-07,0.0490829590524173,0.000299071327167016,4.07896308860604e-05,3.43781128411803e-07
"best_ktsp_vs_each_classifier","macro_f1","tier1_main","P0_derivative_amplitude_deciles","DERIVED_DECILES_ALL","single_condition","single_condition","ds004504__EC","CN_vs_FTD","kTSP_k9_disjoint","glmnet_elasticnet","classic_fast",20,0.133526360894008,0.145411010558069,0.101928746478195,0.164147058048161,9.56917315706463e-05,1.39924321940403e-07,0.0496898731631834,0.00029443609714045,4.77141937816773e-05,4.04225818938941e-07
"best_ktsp_vs_each_classifier","mcc","tier1_main","P0_derivative_amplitude_deciles","DERIVED_DECILES_ALL","single_condition","single_condition","ds004504__EC","CN_vs_FTD","kTSP_k9_disjoint","glmnet_elasticnet","classic_fast",20,0.242447801573719,0.255239453993556,0.17442788530589,0.308527489272075,0.000175476155215737,1.12725251688305e-06,0.0542221319616627,0.00041856697574396,0.000365229815470109,2.97263277147862e-06
"best_ktsp_vs_each_classifier","balanced_accuracy","tier1_main","P0_derivative_amplitude_deciles","DERIVED_DECILES_ALL","single_condition","single_condition","ds004504__EC","CN_vs_FTD","kTSP_k9_disjoint","glmnet_elasticnet","classic_fast",20,0.1235,0.125,0.09433125,0.152254166666667,0.000111422865463284,1.70135523128666e-07,0.0490829590524173,0.000299071327167016,5.6995400248103e-05,4.75647699069388e-07
"best_ktsp_vs_each_classifier","macro_f1","tier1_main","P0_derivative_amplitude_deciles","DERIVED_DECILES_ALL","single_condition","single_condition","ds004504__EC","CN_vs_FTD","kTSP_k9_disjoint","xgboost_default","classic_fast",20,0.0995118631368631,0.12310606060606,0.0549504231879232,0.142986128108003,0.001413190930041,0.000415956937911222,0.261440322057584,0.00214871135561789,0.0765360765756648,0.000639933750632649
"best_ktsp_vs_each_classifier","mcc","tier1_main","P0_derivative_amplitude_deciles","DERIVED_DECILES_ALL","single_condition","single_condition","ds004504__EC","CN_vs_FTD","kTSP_k9_disjoint","xgboost_default","classic_fast",20,0.223241526533264,0.263717393795329,0.139252347369252,0.30675697865502,0.000481928896718165,6.0069678367068e-05,0.115662935212359,0.00088240502216002,0.0143566531297293,0.000110375380745143
"best_ktsp_vs_each_classifier","balanced_accuracy","tier1_main","P0_derivative_amplitude_deciles","DERIVED_DECILES_ALL","single_condition","single_condition","ds004504__EC","CN_vs_FTD","kTSP_k9_disjoint","xgboost_default","classic_fast",20,0.107416666666667,0.125,0.0666645833333333,0.145416666666667,0.000553830376860853,4.3944342994426e-05,0.121288852532527,0.000944235396615341,0.00975564414476257,7.61701945236717e-05
"best_ktsp_vs_each_classifier","macro_f1","tier1_main","P0_derivative_amplitude_deciles","DERIVED_DECILES_ALL","single_condition","single_condition","ds004504__EC","CN_vs_FTD","kTSP_k9_disjoint","svm_linear_liblinear","classic_fast",20,0.15160556437027,0.159542957042957,0.110821020033888,0.190292083774069,0.000175476155215737,6.31601526523587e-07,0.052818322719909,0.000396728698748622,0.000201480886961024,1.62590491976369e-06
"best_ktsp_vs_each_classifier","mcc","tier1_main","P0_derivative_amplitude_deciles","DERIVED_DECILES_ALL","single_condition","single_condition","ds004504__EC","CN_vs_FTD","kTSP_k9_disjoint","svm_linear_liblinear","classic_fast",20,0.317689657337091,0.351961147646138,0.243981292833197,0.383215394320315,0.00011157661051997,6.38630920269034e-08,0.0496898731631834,0.000324133170225704,2.40125226021157e-05,2.29026261061998e-07
"best_ktsp_vs_each_classifier","balanced_accuracy","tier1_main","P0_derivative_amplitude_deciles","DERIVED_DECILES_ALL","single_condition","single_condition","ds004504__EC","CN_vs_FTD","kTSP_k9_disjoint","svm_linear_liblinear","classic_fast",20,0.155333333333333,0.170833333333333,0.12033125,0.18941875,0.00011157661051997,6.84566809025429e-08,0.0490829590524173,0.000299071327167016,2.42336650395002e-05,2.13158527361211e-07
"best_ktsp_vs_each_classifier","macro_f1","tier1_main","P0_derivative_amplitude_deciles","DERIVED_DECILES_ALL","single_condition","single_condition","ds004504__EC","CN_vs_FTD","kTSP_k9_disjoint","ranger_rf","classic_fast",20,-0.0160540537893479,-0.0283250083250084,-0.0511452124264624,0.0200846760061833,0.380314081024951,0.397019889126548,1,0.412867060820406,1,0.431002802392077
"best_ktsp_vs_each_classifier","mcc","tier1_main","P0_derivative_amplitude_deciles","DERIVED_DECILES_ALL","single_condition","single_condition","ds004504__EC","CN_vs_FTD","kTSP_k9_disjoint","ranger_rf","classic_fast",20,-0.00829572978670449,-0.0122129956985272,-0.0689521493804741,0.0531202557585644,0.779481323802983,0.802427948972935,1,0.802634234410992,1,0.818161830325345
"best_ktsp_vs_each_classifier","balanced_accuracy","tier1_main","P0_derivative_amplitude_deciles","DERIVED_DECILES_ALL","single_condition","single_condition","ds004504__EC","CN_vs_FTD","kTSP_k9_disjoint","ranger_rf","classic_fast",20,-0.00366666666666667,-0.0133333333333333,-0.0337520833333333,0.0265020833333333,0.765178589810448,0.821663435673616,1,0.784798553651741,1,0.837774483431922
"best_ktsp_vs_each_classifier","macro_f1","tier1_main","P0_derivative_amplitude_deciles","DERIVED_DECILES_ALL","single_condition","single_condition","ds004504__EC","CN_vs_FTD","kTSP_k9_disjoint","majority","classic_fast",20,0.310437827695181,0.308455351837705,0.287943133153611,0.332142197630801,9.56917315706463e-05,2.01582705311182e-16,0.0496898731631834,0.00029443609714045,9.67596985493676e-14,2.55665870150768e-15
"best_ktsp_vs_each_classifier","mcc","tier1_main","P0_derivative_amplitude_deciles","DERIVED_DECILES_ALL","single_condition","single_condition","ds004504__EC","CN_vs_FTD","kTSP_k9_disjoint","majority","classic_fast",20,0.399664570621723,0.383636362968907,0.35733959098931,0.440680971400669,9.56917315706463e-05,1.85180871961574e-13,0.0496898731631834,0.000324133170225704,8.85164567976325e-11,2.23939659116323e-12
"best_ktsp_vs_each_classifier","balanced_accuracy","tier1_main","P0_derivative_amplitude_deciles","DERIVED_DECILES_ALL","single_condition","single_condition","ds004504__EC","CN_vs_FTD","kTSP_k9_disjoint","majority","classic_fast",20,0.190833333333333,0.180833333333333,0.170997916666667,0.210502083333333,9.56917315706463e-05,2.27995878604296e-13,0.0490829590524173,0.000299071327167016,1.07842050579832e-10,2.46995535154654e-12
"best_ktsp_vs_each_classifier","macro_f1","tier1_main","P0_derivative_amplitude_deciles","DERIVED_DECILES_ALL","single_condition","single_condition","ds004504__EC","CN_vs_FTD","kTSP_k9_disjoint","sda_shrinklda","classic_fast",20,-0.0160630031732973,-0.0200346875346876,-0.0456939102564103,0.0152002963131639,0.27076012686279,0.331421449167858,1,0.3008445854031,1,0.363584712167271
"best_ktsp_vs_each_classifier","mcc","tier1_main","P0_derivative_amplitude_deciles","DERIVED_DECILES_ALL","single_condition","single_condition","ds004504__EC","CN_vs_FTD","kTSP_k9_disjoint","sda_shrinklda","classic_fast",20,-0.0127508138383073,-0.0330088088426561,-0.0717361560350494,0.0462569584727176,0.562821054418315,0.683683082000474,1,0.594851520929927,1,0.706789667276832
"best_ktsp_vs_each_classifier","balanced_accuracy","tier1_main","P0_derivative_amplitude_deciles","DERIVED_DECILES_ALL","single_condition","single_condition","ds004504__EC","CN_vs_FTD","kTSP_k9_disjoint","sda_shrinklda","classic_fast",20,-0.00225000000000002,-0.00750000000000001,-0.0285,0.0278354166666666,0.575452951889139,0.87825557649417,1,0.611933609370863,1,0.886782329664016
"best_ktsp_vs_each_classifier","macro_f1","tier1_main","P0_derivative_amplitude_deciles","DERIVED_DECILES_ALL","single_condition","single_condition","ds004504__EC","CN_vs_FTD","kTSP_k9_disjoint","knn_euclidean","classic_fast",20,0.143681643519879,0.1231216006216,0.11728454478528,0.171853569224893,9.56917315706463e-05,5.44297531038536e-09,0.0496898731631834,0.00029443609714045,2.17174714884376e-06,2.31995668967245e-08
"best_ktsp_vs_each_classifier","mcc","tier1_main","P0_derivative_amplitude_deciles","DERIVED_DECILES_ALL","single_condition","single_condition","ds004504__EC","CN_vs_FTD","kTSP_k9_disjoint","knn_euclidean","classic_fast",20,0.2172516984403,0.207573588560542,0.172048946181906,0.265079323945472,9.56917315706463e-05,2.43831915688516e-08,0.0496898731631834,0.000324133170225704,9.70451024440293e-06,1.03083411510592e-07
"best_ktsp_vs_each_classifier","balanced_accuracy","tier1_main","P0_derivative_amplitude_deciles","DERIVED_DECILES_ALL","single_condition","single_condition","ds004504__EC","CN_vs_FTD","kTSP_k9_disjoint","knn_euclidean","classic_fast",20,0.124333333333333,0.11,0.10333125,0.14691875,9.55574483907373e-05,1.27948175236814e-09,0.0490829590524173,0.000299071327167016,5.3738233599462e-07,6.58743080427162e-09
"best_ktsp_vs_each_classifier","macro_f1","tier1_main","P0_derivative_amplitude_deciles","DERIVED_DECILES_ALL","single_condition","single_condition","ds004504__EC","CN_vs_FTD","kTSP_k9_disjoint","xgboost_shallow","classic_fast",20,0.0995118631368631,0.12310606060606,0.0543746572871572,0.142855282911533,0.001413190930041,0.000415956937911222,0.261440322057584,0.00214871135561789,0.0765360765756648,0.000639933750632649
"best_ktsp_vs_each_classifier","mcc","tier1_main","P0_derivative_amplitude_deciles","DERIVED_DECILES_ALL","single_condition","single_condition","ds004504__EC","CN_vs_FTD","kTSP_k9_disjoint","xgboost_shallow","classic_fast",20,0.223241526533264,0.263717393795329,0.140006346448341,0.304510301522935,0.000481928896718165,6.0069678367068e-05,0.115662935212359,0.00088240502216002,0.0143566531297293,0.000110375380745143
"best_ktsp_vs_each_classifier","balanced_accuracy","tier1_main","P0_derivative_amplitude_deciles","DERIVED_DECILES_ALL","single_condition","single_condition","ds004504__EC","CN_vs_FTD","kTSP_k9_disjoint","xgboost_shallow","classic_fast",20,0.107416666666667,0.125,0.0670833333333333,0.144833333333333,0.000553830376860853,4.3944342994426e-05,0.121288852532527,0.000944235396615341,0.00975564414476257,7.61701945236717e-05
"best_ktsp_vs_each_classifier","macro_f1","tier1_main","P0_derivative_amplitude_deciles","DERIVED_DECILES_ALL","single_condition","single_condition","ds004504__EC","CN_vs_FTD","kTSP_k9_disjoint","glmnet_ridge","classic_fast",20,0.0941761106540518,0.0972059150000326,0.0635067667422446,0.126206494608333,0.000272706565159098,1.59771976305454e-05,0.0719945332019989,0.000527165107370746,0.00402625380289743,3.0885289099939e-05
"best_ktsp_vs_each_classifier","mcc","tier1_main","P0_derivative_amplitude_deciles","DERIVED_DECILES_ALL","single_condition","single_condition","ds004504__EC","CN_vs_FTD","kTSP_k9_disjoint","glmnet_ridge","classic_fast",20,0.139989640375529,0.152523129941182,0.0871389649830446,0.197947304361355,0.000363481868201676,0.000113452019681443,0.0945052857324358,0.000705263326361611,0.0255267044283246,0.000199307602143075
"best_ktsp_vs_each_classifier","balanced_accuracy","tier1_main","P0_derivative_amplitude_deciles","DERIVED_DECILES_ALL","single_condition","single_condition","ds004504__EC","CN_vs_FTD","kTSP_k9_disjoint","glmnet_ridge","classic_fast",20,0.0804166666666667,0.0833333333333333,0.05508125,0.106002083333333,0.000175018981010355,7.64968083723353e-06,0.0495303716259305,0.00037243918658034,0.00203481510270412,1.55993491582801e-05
"best_ktsp_vs_each_classifier","macro_f1","tier1_main","P0_derivative_amplitude_deciles","DERIVED_DECILES_ALL","single_condition","single_condition","ds004504__EC","CN_vs_FTD","kTSP_k9_disjoint","glmnet_lasso","classic_fast",20,0.175167705660353,0.167848817848818,0.140797571994998,0.209172409024799,9.56917315706463e-05,8.62266500468506e-09,0.0496898731631834,0.00029443609714045,3.37146201683186e-06,3.44906600187402e-08
"best_ktsp_vs_each_classifier","mcc","tier1_main","P0_derivative_amplitude_deciles","DERIVED_DECILES_ALL","single_condition","single_condition","ds004504__EC","CN_vs_FTD","kTSP_k9_disjoint","glmnet_lasso","classic_fast",20,0.33553782254452,0.342162587258754,0.268940090879744,0.408313403022343,9.56917315706463e-05,1.96519769042535e-08,0.0496898731631834,0.000324133170225704,7.84113878479713e-06,8.37625245099328e-08
"best_ktsp_vs_each_classifier","balanced_accuracy","tier1_main","P0_derivative_amplitude_deciles","DERIVED_DECILES_ALL","single_condition","single_condition","ds004504__EC","CN_vs_FTD","kTSP_k9_disjoint","glmnet_lasso","classic_fast",20,0.160416666666667,0.168333333333333,0.12974375,0.19216875,9.55574483907373e-05,7.83939877099495e-09,0.0490829590524173,0.000299071327167016,3.05736552068803e-06,3.11182241291403e-08
"best_ktsp_vs_each_classifier","macro_f1","tier1_main","P0_derivative_amplitude_deciles","DERIVED_DECILES_ALL","single_condition","single_condition","ds006036__EO_or_photomark","AD_FTD_vs_CN","kTSP_k9_disjoint","glmnet_elasticnet","classic_fast",20,0.0664882970985679,0.0554832238545378,0.0393143518150898,0.0958923801717416,0.000953358041013486,0.000261071847858189,0.18781153407964,0.00152069380775157,0.0503868666366304,0.000413894392945909
"best_ktsp_vs_each_classifier","mcc","tier1_main","P0_derivative_amplitude_deciles","DERIVED_DECILES_ALL","single_condition","single_condition","ds006036__EO_or_photomark","AD_FTD_vs_CN","kTSP_k9_disjoint","glmnet_elasticnet","classic_fast",20,0.100905325324181,0.0856241330432901,0.0517866185387503,0.151935772551288,0.0029979578809507,0.000981140700743087,0.518646713404466,0.00445410885169818,0.17462290380306,0.00148311966391397
"best_ktsp_vs_each_classifier","balanced_accuracy","tier1_main","P0_derivative_amplitude_deciles","DERIVED_DECILES_ALL","single_condition","single_condition","ds006036__EO_or_photomark","AD_FTD_vs_CN","kTSP_k9_disjoint","glmnet_elasticnet","classic_fast",20,0.0548484848484848,0.0475757575757576,0.0292098484848485,0.0811518939393939,0.00160712458710077,0.000660266932215407,0.292221297453869,0.00245074717094546,0.11356591234105,0.000983778810177684
"best_ktsp_vs_each_classifier","macro_f1","tier1_main","P0_derivative_amplitude_deciles","DERIVED_DECILES_ALL","single_condition","single_condition","ds006036__EO_or_photomark","AD_FTD_vs_CN","kTSP_k9_disjoint","glmnet_lasso","classic_fast",20,0.0885301867897237,0.0836914379324528,0.0646898475041046,0.112788031938175,0.000129926100333799,1.08434663201773e-06,0.0496898731631834,0.000329568644749149,0.000337231802557514,2.68504880309152e-06
"best_ktsp_vs_each_classifier","mcc","tier1_main","P0_derivative_amplitude_deciles","DERIVED_DECILES_ALL","single_condition","single_condition","ds006036__EO_or_photomark","AD_FTD_vs_CN","kTSP_k9_disjoint","glmnet_lasso","classic_fast",20,0.140562423799194,0.120123273597626,0.0995035553248527,0.181545383163535,0.000151093078387232,3.21636902647888e-06,0.0496898731631834,0.000372362088916532,0.000978639682470447,7.70742808188487e-06
"best_ktsp_vs_each_classifier","balanced_accuracy","tier1_main","P0_derivative_amplitude_deciles","DERIVED_DECILES_ALL","single_condition","single_condition","ds006036__EO_or_photomark","AD_FTD_vs_CN","kTSP_k9_disjoint","glmnet_lasso","classic_fast",20,0.0732878787878788,0.0671212121212121,0.0531590909090909,0.0939850378787879,0.000129926100333799,1.57503708993271e-06,0.0490829590524173,0.000331184177321449,0.000463060904440217,3.60801447914101e-06
"best_ktsp_vs_each_classifier","macro_f1","tier1_main","P0_derivative_amplitude_deciles","DERIVED_DECILES_ALL","single_condition","single_condition","ds006036__EO_or_photomark","AD_FTD_vs_CN","kTSP_k9_disjoint","ranger_rf","classic_fast",20,0.0139628953748193,0.0171130291862558,-0.0089379774006906,0.0386648678964828,0.30458604753525,0.272959547703418,1,0.334851468749112,1,0.302641716003789
"best_ktsp_vs_each_classifier","mcc","tier1_main","P0_derivative_amplitude_deciles","DERIVED_DECILES_ALL","single_condition","single_condition","ds006036__EO_or_photomark","AD_FTD_vs_CN","kTSP_k9_disjoint","ranger_rf","classic_fast",20,0.0128713217271921,0.00705659514054816,-0.0335991087271189,0.06029326282359,0.779481323802983,0.603479866644228,1,0.802634234410992,1,0.633958647787876
"best_ktsp_vs_each_classifier","balanced_accuracy","tier1_main","P0_derivative_amplitude_deciles","DERIVED_DECILES_ALL","single_condition","single_condition","ds006036__EO_or_photomark","AD_FTD_vs_CN","kTSP_k9_disjoint","ranger_rf","classic_fast",20,0.0259924242424243,0.0271969696969698,0.0050376893939394,0.0472503787878788,0.0263179697686382,0.0298349252856888,1,0.0327400580853872,1,0.0365900027088636
"best_ktsp_vs_each_classifier","macro_f1","tier1_main","P0_derivative_amplitude_deciles","DERIVED_DECILES_ALL","single_condition","single_condition","ds006036__EO_or_photomark","AD_FTD_vs_CN","kTSP_k9_disjoint","svm_linear_liblinear","classic_fast",20,0.06698297444154,0.0698326711402495,0.0430949258536144,0.0899688983922088,0.000553830376860853,3.26826779333341e-05,0.121288852532527,0.000932012284684931,0.0078438427040002,6.04804004460276e-05
"best_ktsp_vs_each_classifier","mcc","tier1_main","P0_derivative_amplitude_deciles","DERIVED_DECILES_ALL","single_condition","single_condition","ds006036__EO_or_photomark","AD_FTD_vs_CN","kTSP_k9_disjoint","svm_linear_liblinear","classic_fast",20,0.117425993532641,0.128304355225193,0.0710337509439035,0.162075745859399,0.000635624201131391,8.70671431427109e-05,0.147464814662483,0.00113193350886419,0.0201125100659662,0.000156120394600723
"best_ktsp_vs_each_classifier","balanced_accuracy","tier1_main","P0_derivative_amplitude_deciles","DERIVED_DECILES_ALL","single_condition","single_condition","ds006036__EO_or_photomark","AD_FTD_vs_CN","kTSP_k9_disjoint","svm_linear_liblinear","classic_fast",20,0.0403939393939394,0.0422727272727272,0.017075,0.0616518939393939,0.00848955537682006,0.00279610284413658,1,0.0111479009998647,0.380269986802575,0.00377655449078188
"best_ktsp_vs_each_classifier","macro_f1","tier1_main","P0_derivative_amplitude_deciles","DERIVED_DECILES_ALL","single_condition","single_condition","ds006036__EO_or_photomark","AD_FTD_vs_CN","kTSP_k9_disjoint","xgboost_default","classic_fast",20,0.116836380845268,0.103121167438259,0.08693121515237,0.148222709912691,9.56917315706463e-05,8.59066300748589e-07,0.0496898731631834,0.00029443609714045,0.000270605884735805,2.15804094874042e-06
"best_ktsp_vs_each_classifier","mcc","tier1_main","P0_derivative_amplitude_deciles","DERIVED_DECILES_ALL","single_condition","single_condition","ds006036__EO_or_photomark","AD_FTD_vs_CN","kTSP_k9_disjoint","xgboost_default","classic_fast",20,0.246464272166344,0.181533200525745,0.18669056838454,0.308939742618596,9.56917315706463e-05,3.06289471717587e-07,0.0496898731631834,0.000324133170225704,0.000105976157214285,9.04946166438325e-07
"best_ktsp_vs_each_classifier","balanced_accuracy","tier1_main","P0_derivative_amplitude_deciles","DERIVED_DECILES_ALL","single_condition","single_condition","ds006036__EO_or_photomark","AD_FTD_vs_CN","kTSP_k9_disjoint","xgboost_default","classic_fast",20,0.11375,0.0931060606060606,0.0857418560606061,0.143969886363636,9.56917315706463e-05,5.2063325494313e-07,0.0490829590524173,0.000299071327167016,0.000161916942287313,1.28307721597359e-06
"best_ktsp_vs_each_classifier","macro_f1","tier1_main","P0_derivative_amplitude_deciles","DERIVED_DECILES_ALL","single_condition","single_condition","ds006036__EO_or_photomark","AD_FTD_vs_CN","kTSP_k9_disjoint","glmnet_ridge","classic_fast",20,0.113943954609765,0.122818698210003,0.0866592952792283,0.140471036651915,0.000129926100333799,2.05350082175109e-07,0.0496898731631834,0.000329568644749149,6.85869274464863e-05,5.71026966476238e-07
"best_ktsp_vs_each_classifier","mcc","tier1_main","P0_derivative_amplitude_deciles","DERIVED_DECILES_ALL","single_condition","single_condition","ds006036__EO_or_photomark","AD_FTD_vs_CN","kTSP_k9_disjoint","glmnet_ridge","classic_fast",20,0.158177732622293,0.167236401940588,0.104270658577437,0.213123856583398,0.000272706565159098,1.64256120215284e-05,0.0769032513748625,0.000571804088236818,0.00438563840974807,3.36272372094281e-05
"best_ktsp_vs_each_classifier","balanced_accuracy","tier1_main","P0_derivative_amplitude_deciles","DERIVED_DECILES_ALL","single_condition","single_condition","ds006036__EO_or_photomark","AD_FTD_vs_CN","kTSP_k9_disjoint","glmnet_ridge","classic_fast",20,0.101651515151515,0.110454545454545,0.0781950757575758,0.124325,0.00011157661051997,7.01028756359486e-08,0.0490829590524173,0.000299071327167016,2.46762122238539e-05,2.15701155802919e-07
"best_ktsp_vs_each_classifier","macro_f1","tier1_main","P0_derivative_amplitude_deciles","DERIVED_DECILES_ALL","single_condition","single_condition","ds006036__EO_or_photomark","AD_FTD_vs_CN","kTSP_k9_disjoint","majority","classic_fast",20,0.299303987092136,0.310011386904576,0.282099743136109,0.316363150330213,9.56917315706463e-05,1.79311653321502e-18,0.0496898731631834,0.00029443609714045,8.73247751675713e-16,2.74241352138767e-17
"best_ktsp_vs_each_classifier","mcc","tier1_main","P0_derivative_amplitude_deciles","DERIVED_DECILES_ALL","single_condition","single_condition","ds006036__EO_or_photomark","AD_FTD_vs_CN","kTSP_k9_disjoint","majority","classic_fast",20,0.43573711721573,0.455141447556262,0.402689422320663,0.466484856165627,9.56917315706463e-05,2.21441580541344e-16,0.0496898731631834,0.000324133170225704,1.07842049723635e-13,3.38675358474997e-15
"best_ktsp_vs_each_classifier","balanced_accuracy","tier1_main","P0_derivative_amplitude_deciles","DERIVED_DECILES_ALL","single_condition","single_condition","ds006036__EO_or_photomark","AD_FTD_vs_CN","kTSP_k9_disjoint","majority","classic_fast",20,0.205477272727273,0.213030303030303,0.190878787878788,0.219394507575758,9.56917315706463e-05,1.36760879374063e-16,0.0490829590524173,0.000299071327167016,6.66025482551689e-14,2.09163697866215e-15
"best_ktsp_vs_each_classifier","macro_f1","tier1_main","P0_derivative_amplitude_deciles","DERIVED_DECILES_ALL","single_condition","single_condition","ds006036__EO_or_photomark","AD_FTD_vs_CN","kTSP_k9_disjoint","sda_shrinklda","classic_fast",20,-0.0353319362769075,-0.0315573822312953,-0.0578285278319589,-0.012954179282634,0.0105491877123423,0.00754922701323248,1,0.0138524687131767,0.928554922627594,0.00986331167558012
"best_ktsp_vs_each_classifier","mcc","tier1_main","P0_derivative_amplitude_deciles","DERIVED_DECILES_ALL","single_condition","single_condition","ds006036__EO_or_photomark","AD_FTD_vs_CN","kTSP_k9_disjoint","sda_shrinklda","classic_fast",20,-0.0537249262736516,-0.0534869586565895,-0.0977997527961516,-0.00843319155475109,0.0318228687346353,0.0305720990853613,1,0.0404593930122503,1,0.0387743695716778
"best_ktsp_vs_each_classifier","balanced_accuracy","tier1_main","P0_derivative_amplitude_deciles","DERIVED_DECILES_ALL","single_condition","single_condition","ds006036__EO_or_photomark","AD_FTD_vs_CN","kTSP_k9_disjoint","sda_shrinklda","classic_fast",20,-0.0365681818181818,-0.0375757575757575,-0.0559848484848485,-0.0168255681818182,0.00352783825204911,0.00212723812823831,0.51859222305122,0.00490501575151214,0.299940576081602,0.0029109574386419
"best_ktsp_vs_each_classifier","macro_f1","tier1_main","P0_derivative_amplitude_deciles","DERIVED_DECILES_ALL","single_condition","single_condition","ds006036__EO_or_photomark","AD_FTD_vs_CN","kTSP_k9_disjoint","xgboost_shallow","classic_fast",20,0.116836380845268,0.103121167438259,0.0871736816180182,0.149981267651024,9.56917315706463e-05,8.59066300748589e-07,0.0496898731631834,0.00029443609714045,0.000270605884735805,2.15804094874042e-06
"best_ktsp_vs_each_classifier","mcc","tier1_main","P0_derivative_amplitude_deciles","DERIVED_DECILES_ALL","single_condition","single_condition","ds006036__EO_or_photomark","AD_FTD_vs_CN","kTSP_k9_disjoint","xgboost_shallow","classic_fast",20,0.246464272166344,0.181533200525745,0.1871166085698,0.311251001190111,9.56917315706463e-05,3.06289471717587e-07,0.0496898731631834,0.000324133170225704,0.000105976157214285,9.04946166438325e-07
"best_ktsp_vs_each_classifier","balanced_accuracy","tier1_main","P0_derivative_amplitude_deciles","DERIVED_DECILES_ALL","single_condition","single_condition","ds006036__EO_or_photomark","AD_FTD_vs_CN","kTSP_k9_disjoint","xgboost_shallow","classic_fast",20,0.11375,0.0931060606060606,0.0848554924242424,0.143320265151515,9.56917315706463e-05,5.2063325494313e-07,0.0490829590524173,0.000299071327167016,0.000161916942287313,1.28307721597359e-06
"best_ktsp_vs_each_classifier","macro_f1","tier1_main","P0_derivative_amplitude_deciles","DERIVED_DECILES_ALL","single_condition","single_condition","ds006036__EO_or_photomark","AD_FTD_vs_CN","kTSP_k9_disjoint","knn_euclidean","classic_fast",20,0.0225917218603964,0.0311408550132806,5.15529685756658e-05,0.0438604406543051,0.045792839376136,0.0571921624460052,1,0.0558973626187576,1,0.0682108359447769
"best_ktsp_vs_each_classifier","mcc","tier1_main","P0_derivative_amplitude_deciles","DERIVED_DECILES_ALL","single_condition","single_condition","ds006036__EO_or_photomark","AD_FTD_vs_CN","kTSP_k9_disjoint","knn_euclidean","classic_fast",20,0.0459100361903087,0.065621652146974,0.00374381199803816,0.0835937492747888,0.0318228687346354,0.0414611602078615,1,0.0404593930122503,1,0.0518264502598269
"best_ktsp_vs_each_classifier","balanced_accuracy","tier1_main","P0_derivative_amplitude_deciles","DERIVED_DECILES_ALL","single_condition","single_condition","ds006036__EO_or_photomark","AD_FTD_vs_CN","kTSP_k9_disjoint","knn_euclidean","classic_fast",20,0.00557575757575757,0.0115151515151515,-0.0140695075757576,0.0242128787878787,0.562821054418315,0.577520156246659,1,0.599727353068697,1,0.614131863493379
"best_ktsp_vs_each_classifier","macro_f1","tier1_main","P0_derivative_amplitude_deciles","DERIVED_DECILES_ALL","single_condition","single_condition","ds006036__EO_or_photomark","AD_vs_CN","kTSP_k9_disjoint","svm_linear_liblinear","classic_fast",20,0.134304878901628,0.116385028370322,0.108235968684953,0.160652820299541,9.56917315706463e-05,7.86520416005186e-09,0.0496898731631834,0.00029443609714045,3.09889043906043e-06,3.22039855372202e-08
"best_ktsp_vs_each_classifier","mcc","tier1_main","P0_derivative_amplitude_deciles","DERIVED_DECILES_ALL","single_condition","single_condition","ds006036__EO_or_photomark","AD_vs_CN","kTSP_k9_disjoint","svm_linear_liblinear","classic_fast",20,0.286696020326485,0.243763555327345,0.24594464113497,0.32881225262315,9.56917315706463e-05,4.9363375162632e-11,0.0496898731631834,0.000324133170225704,2.27071525748107e-08,4.20802542369978e-10
"best_ktsp_vs_each_classifier","balanced_accuracy","tier1_main","P0_derivative_amplitude_deciles","DERIVED_DECILES_ALL","single_condition","single_condition","ds006036__EO_or_photomark","AD_vs_CN","kTSP_k9_disjoint","svm_linear_liblinear","classic_fast",20,0.124630952380952,0.108809523809524,0.103356696428571,0.145882589285714,9.56917315706463e-05,1.04438247472331e-09,0.0490829590524173,0.000299071327167016,4.40729404333238e-07,5.48564532177902e-09
"best_ktsp_vs_each_classifier","macro_f1","tier1_main","P0_derivative_amplitude_deciles","DERIVED_DECILES_ALL","single_condition","single_condition","ds006036__EO_or_photomark","AD_vs_CN","kTSP_k9_disjoint","ranger_rf","classic_fast",20,0.0236550040946326,0.0199568160597574,0.00372144690427394,0.0439045381572762,0.0545262210772923,0.0343447026886319,1,0.0662468106546542,1,0.0423204867253284
"best_ktsp_vs_each_classifier","mcc","tier1_main","P0_derivative_amplitude_deciles","DERIVED_DECILES_ALL","single_condition","single_condition","ds006036__EO_or_photomark","AD_vs_CN","kTSP_k9_disjoint","ranger_rf","classic_fast",20,0.0797446440252113,0.0770885703975203,0.0450640465631438,0.114884153523874,0.00160712458710077,0.000410000377272392,0.319817792833054,0.00256351161132639,0.0820000754544784,0.000664175065986429
"best_ktsp_vs_each_classifier","balanced_accuracy","tier1_main","P0_derivative_amplitude_deciles","DERIVED_DECILES_ALL","single_condition","single_condition","ds006036__EO_or_photomark","AD_vs_CN","kTSP_k9_disjoint","ranger_rf","classic_fast",20,0.024672619047619,0.0217261904761905,0.00754732142857142,0.0423214285714286,0.0289651011534133,0.014710487686414,1,0.0357763719709619,1,0.018702820530404
"best_ktsp_vs_each_classifier","macro_f1","tier1_main","P0_derivative_amplitude_deciles","DERIVED_DECILES_ALL","single_condition","single_condition","ds006036__EO_or_photomark","AD_vs_CN","kTSP_k9_disjoint","sda_shrinklda","classic_fast",20,0.0354046972978862,0.0361004282095613,0.0163684811909367,0.0526805712422683,0.00541443666045427,0.00139906846616656,0.790507752426323,0.00750801883582992,0.212851405199168,0.00196625838488273
"best_ktsp_vs_each_classifier","mcc","tier1_main","P0_derivative_amplitude_deciles","DERIVED_DECILES_ALL","single_condition","single_condition","ds006036__EO_or_photomark","AD_vs_CN","kTSP_k9_disjoint","sda_shrinklda","classic_fast",20,0.103847178511301,0.0900409610511867,0.0700388042002374,0.137577563159429,0.000272706565159098,1.21546789340318e-05,0.0769032513748625,0.000571804088236818,0.00330982173309409,2.53832652437612e-05
"best_ktsp_vs_each_classifier","balanced_accuracy","tier1_main","P0_derivative_amplitude_deciles","DERIVED_DECILES_ALL","single_condition","single_condition","ds006036__EO_or_photomark","AD_vs_CN","kTSP_k9_disjoint","sda_shrinklda","classic_fast",20,0.0348988095238095,0.0279166666666667,0.0185409226190476,0.0504419642857143,0.00207038653113267,0.000466545711318906,0.362317642948218,0.00309368102353158,0.083425099567042,0.000707299620658399
"best_ktsp_vs_each_classifier","macro_f1","tier1_main","P0_derivative_amplitude_deciles","DERIVED_DECILES_ALL","single_condition","single_condition","ds006036__EO_or_photomark","AD_vs_CN","kTSP_k9_disjoint","xgboost_default","classic_fast",20,0.111829649066104,0.104105940928696,0.0862443475534614,0.138796496956346,9.56917315706463e-05,1.14209740470204e-07,0.0496898731631834,0.00029443609714045,3.94023604622204e-05,3.35531440929413e-07
"best_ktsp_vs_each_classifier","mcc","tier1_main","P0_derivative_amplitude_deciles","DERIVED_DECILES_ALL","single_condition","single_condition","ds006036__EO_or_photomark","AD_vs_CN","kTSP_k9_disjoint","xgboost_default","classic_fast",20,0.263629823973909,0.245410110021982,0.214876138042074,0.310777887609661,9.56917315706463e-05,3.3047343580659e-09,0.0496898731631834,0.000324133170225704,1.39790263346188e-06,1.7358200668629e-08
"best_ktsp_vs_each_classifier","balanced_accuracy","tier1_main","P0_derivative_amplitude_deciles","DERIVED_DECILES_ALL","single_condition","single_condition","ds006036__EO_or_photomark","AD_vs_CN","kTSP_k9_disjoint","xgboost_default","classic_fast",20,0.111904761904762,0.105714285714286,0.0880046130952381,0.136690773809524,9.56917315706463e-05,3.94950993600471e-08,0.0490829590524173,0.000299071327167016,1.43762161670571e-05,1.29983871311547e-07
"best_ktsp_vs_each_classifier","macro_f1","tier1_main","P0_derivative_amplitude_deciles","DERIVED_DECILES_ALL","single_condition","single_condition","ds006036__EO_or_photomark","AD_vs_CN","kTSP_k9_disjoint","glmnet_lasso","classic_fast",20,0.0950184190594408,0.0916050942521531,0.0729785269780529,0.117963526218364,0.00011157661051997,1.41319305631873e-07,0.0496898731631834,0.000297537628053339,4.80485639148369e-05,4.06000215074995e-07
"best_ktsp_vs_each_classifier","mcc","tier1_main","P0_derivative_amplitude_deciles","DERIVED_DECILES_ALL","single_condition","single_condition","ds006036__EO_or_photomark","AD_vs_CN","kTSP_k9_disjoint","glmnet_lasso","classic_fast",20,0.186019440635693,0.193036120735698,0.148008454391243,0.227708416628129,9.56917315706463e-05,4.61774090875895e-08,0.0496898731631834,0.000324133170225704,1.7778302498722e-05,1.74901478227037e-07
"best_ktsp_vs_each_classifier","balanced_accuracy","tier1_main","P0_derivative_amplitude_deciles","DERIVED_DECILES_ALL","single_condition","single_condition","ds006036__EO_or_photomark","AD_vs_CN","kTSP_k9_disjoint","glmnet_lasso","classic_fast",20,0.0849940476190476,0.0867261904761904,0.0649872023809524,0.106333928571429,0.00011157661051997,1.38600701462613e-07,0.0490829590524173,0.000299071327167016,4.67084363929007e-05,3.91697634568255e-07
"best_ktsp_vs_each_classifier","macro_f1","tier1_main","P0_derivative_amplitude_deciles","DERIVED_DECILES_ALL","single_condition","single_condition","ds006036__EO_or_photomark","AD_vs_CN","kTSP_k9_disjoint","glmnet_elasticnet","classic_fast",20,0.0859351169556278,0.100256759064809,0.0659262991072396,0.104555344381496,0.000151093078387232,8.09614634175738e-08,0.0496898731631834,0.000358759820828257,2.8498435122986e-05,2.49112195130996e-07
"best_ktsp_vs_each_classifier","mcc","tier1_main","P0_derivative_amplitude_deciles","DERIVED_DECILES_ALL","single_condition","single_condition","ds006036__EO_or_photomark","AD_vs_CN","kTSP_k9_disjoint","glmnet_elasticnet","classic_fast",20,0.17992125260806,0.188688321058044,0.141013609485658,0.217834493636274,0.000129926100333799,3.51228907616925e-08,0.0496898731631834,0.000350059959448578,1.37681731785835e-05,1.41580644930854e-07
"best_ktsp_vs_each_classifier","balanced_accuracy","tier1_main","P0_derivative_amplitude_deciles","DERIVED_DECILES_ALL","single_condition","single_condition","ds006036__EO_or_photomark","AD_vs_CN","kTSP_k9_disjoint","glmnet_elasticnet","classic_fast",20,0.0776190476190476,0.0832142857142856,0.0594462797619047,0.0951967261904762,0.000150892436409977,1.15741114811042e-07,0.0490829590524173,0.000335762396416189,3.94677201505654e-05,3.34363220565233e-07
"best_ktsp_vs_each_classifier","macro_f1","tier1_main","P0_derivative_amplitude_deciles","DERIVED_DECILES_ALL","single_condition","single_condition","ds006036__EO_or_photomark","AD_vs_CN","kTSP_k9_disjoint","xgboost_shallow","classic_fast",20,0.111829649066104,0.104105940928696,0.0859169440896221,0.137630755486773,9.56917315706463e-05,1.14209740470204e-07,0.0496898731631834,0.00029443609714045,3.94023604622204e-05,3.35531440929413e-07
"best_ktsp_vs_each_classifier","mcc","tier1_main","P0_derivative_amplitude_deciles","DERIVED_DECILES_ALL","single_condition","single_condition","ds006036__EO_or_photomark","AD_vs_CN","kTSP_k9_disjoint","xgboost_shallow","classic_fast",20,0.263629823973909,0.245410110021982,0.21421348766941,0.310825837618644,9.56917315706463e-05,3.3047343580659e-09,0.0496898731631834,0.000324133170225704,1.39790263346188e-06,1.7358200668629e-08
"best_ktsp_vs_each_classifier","balanced_accuracy","tier1_main","P0_derivative_amplitude_deciles","DERIVED_DECILES_ALL","single_condition","single_condition","ds006036__EO_or_photomark","AD_vs_CN","kTSP_k9_disjoint","xgboost_shallow","classic_fast",20,0.111904761904762,0.105714285714286,0.0869813988095238,0.136645982142857,9.56917315706463e-05,3.94950993600471e-08,0.0490829590524173,0.000299071327167016,1.43762161670571e-05,1.29983871311547e-07
"best_ktsp_vs_each_classifier","macro_f1","tier1_main","P0_derivative_amplitude_deciles","DERIVED_DECILES_ALL","single_condition","single_condition","ds006036__EO_or_photomark","AD_vs_CN","kTSP_k9_disjoint","glmnet_ridge","classic_fast",20,0.115545262743792,0.114106946974594,0.0904036917782081,0.141696623951384,9.56917315706463e-05,4.02669154091826e-08,0.0496898731631834,0.00029443609714045,1.45766233781241e-05,1.31690540960849e-07
"best_ktsp_vs_each_classifier","mcc","tier1_main","P0_derivative_amplitude_deciles","DERIVED_DECILES_ALL","single_condition","single_condition","ds006036__EO_or_photomark","AD_vs_CN","kTSP_k9_disjoint","glmnet_ridge","classic_fast",20,0.241313068390135,0.237347434395165,0.19975435720958,0.285237260614353,9.56917315706463e-05,1.54454503599932e-09,0.0496898731631834,0.000324133170225704,6.71877090659705e-07,9.3391095199959e-09
"best_ktsp_vs_each_classifier","balanced_accuracy","tier1_main","P0_derivative_amplitude_deciles","DERIVED_DECILES_ALL","single_condition","single_condition","ds006036__EO_or_photomark","AD_vs_CN","kTSP_k9_disjoint","glmnet_ridge","classic_fast",20,0.107333333333333,0.101071428571429,0.0875296130952381,0.128292410714286,9.56917315706463e-05,4.89746892021708e-09,0.0490829590524173,0.000299071327167016,1.93939769240596e-06,2.03734707081031e-08
"best_ktsp_vs_each_classifier","macro_f1","tier1_main","P0_derivative_amplitude_deciles","DERIVED_DECILES_ALL","single_condition","single_condition","ds006036__EO_or_photomark","AD_vs_CN","kTSP_k9_disjoint","majority","classic_fast",20,0.381594434804961,0.391947951429376,0.3661406186757,0.39569672573084,9.56917315706463e-05,1.4686341784843e-21,0.0496898731631834,0.00029443609714045,7.3431708924215e-19,3.63661796577065e-20
"best_ktsp_vs_each_classifier","mcc","tier1_main","P0_derivative_amplitude_deciles","DERIVED_DECILES_ALL","single_condition","single_condition","ds006036__EO_or_photomark","AD_vs_CN","kTSP_k9_disjoint","majority","classic_fast",20,0.541645255423858,0.546305505296091,0.517438671210889,0.56574879253048,9.56917315706463e-05,2.39035729235633e-20,0.0496898731631834,0.000324133170225704,1.19517864617817e-17,5.91897996202521e-19
"best_ktsp_vs_each_classifier","balanced_accuracy","tier1_main","P0_derivative_amplitude_deciles","DERIVED_DECILES_ALL","single_condition","single_condition","ds006036__EO_or_photomark","AD_vs_CN","kTSP_k9_disjoint","majority","classic_fast",20,0.245410714285714,0.252559523809524,0.233761607142857,0.257625148809524,9.56917315706463e-05,1.48156649050316e-19,0.0490829590524173,0.000299071327167016,7.4078324525158e-17,3.66864083362687e-18
"best_ktsp_vs_each_classifier","macro_f1","tier1_main","P0_derivative_amplitude_deciles","DERIVED_DECILES_ALL","single_condition","single_condition","ds006036__EO_or_photomark","AD_vs_CN","kTSP_k9_disjoint","knn_euclidean","classic_fast",20,0.103629598987184,0.10742082994405,0.0796878815993948,0.128317245088288,9.56917315706463e-05,1.55517723885362e-07,0.0496898731631834,0.00029443609714045,5.2409472949367e-05,4.39506610980371e-07
"best_ktsp_vs_each_classifier","mcc","tier1_main","P0_derivative_amplitude_deciles","DERIVED_DECILES_ALL","single_condition","single_condition","ds006036__EO_or_photomark","AD_vs_CN","kTSP_k9_disjoint","knn_euclidean","classic_fast",20,0.220415875022544,0.212884860743733,0.178816643739375,0.265958215602527,9.56917315706463e-05,6.88854696249297e-09,0.0496898731631834,0.000324133170225704,2.8380813485471e-06,3.28627928485903e-08
"best_ktsp_vs_each_classifier","balanced_accuracy","tier1_main","P0_derivative_amplitude_deciles","DERIVED_DECILES_ALL","single_condition","single_condition","ds006036__EO_or_photomark","AD_vs_CN","kTSP_k9_disjoint","knn_euclidean","classic_fast",20,0.0931071428571429,0.0941666666666667,0.0707596726190476,0.116019345238095,9.56917315706463e-05,1.78866101307687e-07,0.0490829590524173,0.000299071327167016,5.95624117354598e-05,4.94736024893603e-07
"best_ktsp_vs_each_classifier","macro_f1","tier1_main","P0_derivative_amplitude_deciles","DERIVED_DECILES_ALL","single_condition","single_condition","ds006036__EO_or_photomark","AD_vs_FTD","kTSP_k9_disjoint","glmnet_lasso","classic_fast",20,-0.0923675013496995,-0.0950439184998008,-0.133725074086345,-0.0511165440596556,0.00160712458710071,0.000464917949104736,0.286068176503926,0.00239456958536505,0.0841501487879572,0.000711050980983714
"best_ktsp_vs_each_classifier","mcc","tier1_main","P0_derivative_amplitude_deciles","DERIVED_DECILES_ALL","single_condition","single_condition","ds006036__EO_or_photomark","AD_vs_FTD","kTSP_k9_disjoint","glmnet_lasso","classic_fast",20,-0.216682489802997,-0.23243539486719,-0.292934900792139,-0.137620974420236,0.000418811376312347,3.94015061366793e-05,0.105540466830712,0.000777792556008723,0.00977157352189646,7.50504878793891e-05
"best_ktsp_vs_each_classifier","balanced_accuracy","tier1_main","P0_derivative_amplitude_deciles","DERIVED_DECILES_ALL","single_condition","single_condition","ds006036__EO_or_photomark","AD_vs_FTD","kTSP_k9_disjoint","glmnet_lasso","classic_fast",20,-0.0910714285714286,-0.0910714285714286,-0.126754017857143,-0.0551223214285715,0.000728541800169879,0.000119166453316694,0.152102310034934,0.00120650234423037,0.0247866222898725,0.000197976216372783
"best_ktsp_vs_each_classifier","macro_f1","tier1_main","P0_derivative_amplitude_deciles","DERIVED_DECILES_ALL","single_condition","single_condition","ds006036__EO_or_photomark","AD_vs_FTD","kTSP_k9_disjoint","majority","classic_fast",20,0.161464267629515,0.165109215689711,0.133976979069907,0.186343984872197,0.00011157661051997,3.00103731284204e-10,0.0496898731631834,0.000297537628053339,1.31445434302481e-07,1.88016795503357e-09
"best_ktsp_vs_each_classifier","mcc","tier1_main","P0_derivative_amplitude_deciles","DERIVED_DECILES_ALL","single_condition","single_condition","ds006036__EO_or_photomark","AD_vs_FTD","kTSP_k9_disjoint","majority","classic_fast",20,0.117551412060574,0.118999153464628,0.0597072921600303,0.170431750918804,0.0018252941314767,0.000621973450682304,0.354107061506472,0.00283329238318771,0.118174955629638,0.000977118411948031
"best_ktsp_vs_each_classifier","balanced_accuracy","tier1_main","P0_derivative_amplitude_deciles","DERIVED_DECILES_ALL","single_condition","single_condition","ds006036__EO_or_photomark","AD_vs_FTD","kTSP_k9_disjoint","majority","classic_fast",20,0.057,0.0594642857142857,0.0304816964285714,0.0813754464285714,0.00160561152447181,0.000386449731620723,0.292221297453869,0.00245074717094546,0.0718796500814546,0.000599862269978436
"best_ktsp_vs_each_classifier","macro_f1","tier1_main","P0_derivative_amplitude_deciles","DERIVED_DECILES_ALL","single_condition","single_condition","ds006036__EO_or_photomark","AD_vs_FTD","kTSP_k9_disjoint","ranger_rf","classic_fast",20,0.0647053116302342,0.0671201755760579,0.0329513947514044,0.0968814019378454,0.00234534072287751,0.00104818169772013,0.394017241443412,0.00340664015613493,0.168757253332941,0.00151404023004018
"best_ktsp_vs_each_classifier","mcc","tier1_main","P0_derivative_amplitude_deciles","DERIVED_DECILES_ALL","single_condition","single_condition","ds006036__EO_or_photomark","AD_vs_FTD","kTSP_k9_disjoint","ranger_rf","classic_fast",20,0.111144208808007,0.107755093127238,0.0440068247879156,0.175300976987727,0.00429083743463043,0.00425746838399669,0.699406501844758,0.00616363388399952,0.638620257599504,0.0059673411312083
"best_ktsp_vs_each_classifier","balanced_accuracy","tier1_main","P0_derivative_amplitude_deciles","DERIVED_DECILES_ALL","single_condition","single_condition","ds006036__EO_or_photomark","AD_vs_FTD","kTSP_k9_disjoint","ranger_rf","classic_fast",20,0.0549642857142857,0.0546428571428572,0.0248919642857143,0.0837915178571428,0.00429083743463043,0.00203470936867783,0.610629975271509,0.00587167227896796,0.288928730352251,0.00279168567734161
"best_ktsp_vs_each_classifier","macro_f1","tier1_main","P0_derivative_amplitude_deciles","DERIVED_DECILES_ALL","single_condition","single_condition","ds006036__EO_or_photomark","AD_vs_FTD","kTSP_k9_disjoint","glmnet_ridge","classic_fast",20,0.127165509842754,0.133909526146368,0.0988229382942909,0.153733835750593,0.00011157661051997,4.67227149140879e-08,0.0496898731631834,0.000297537628053339,1.67734546541576e-05,1.49974146637813e-07
"best_ktsp_vs_each_classifier","mcc","tier1_main","P0_derivative_amplitude_deciles","DERIVED_DECILES_ALL","single_condition","single_condition","ds006036__EO_or_photomark","AD_vs_FTD","kTSP_k9_disjoint","glmnet_ridge","classic_fast",20,0.127757733208686,0.131042372905334,0.0662299447426468,0.18238758495279,0.00108844053343016,0.000432175279268617,0.228572512020333,0.00179110467526482,0.0860028805744547,0.000697922811241244
"best_ktsp_vs_each_classifier","balanced_accuracy","tier1_main","P0_derivative_amplitude_deciles","DERIVED_DECILES_ALL","single_condition","single_condition","ds006036__EO_or_photomark","AD_vs_FTD","kTSP_k9_disjoint","glmnet_ridge","classic_fast",20,0.0586428571428571,0.0698214285714286,0.0309629464285714,0.08401875,0.00124104092831123,0.000431700649144768,0.238814743557706,0.00191495929591055,0.0793594149806575,0.000664154844838104
"best_ktsp_vs_each_classifier","macro_f1","tier1_main","P0_derivative_amplitude_deciles","DERIVED_DECILES_ALL","single_condition","single_condition","ds006036__EO_or_photomark","AD_vs_FTD","kTSP_k9_disjoint","sda_shrinklda","classic_fast",20,0.0055424465025858,-0.00496136216724458,-0.0160069362193104,0.0276040847514628,0.750994967158646,0.630630559494191,1,0.774836077227175,1,0.659814669893318
"best_ktsp_vs_each_classifier","mcc","tier1_main","P0_derivative_amplitude_deciles","DERIVED_DECILES_ALL","single_condition","single_condition","ds006036__EO_or_photomark","AD_vs_FTD","kTSP_k9_disjoint","sda_shrinklda","classic_fast",20,0.0164859392358074,-0.0093419097996185,-0.0326719195627826,0.0649321807118771,0.69506336282602,0.524866205489591,1,0.722865897339061,1,0.555866449805676
"best_ktsp_vs_each_classifier","balanced_accuracy","tier1_main","P0_derivative_amplitude_deciles","DERIVED_DECILES_ALL","single_condition","single_condition","ds006036__EO_or_photomark","AD_vs_FTD","kTSP_k9_disjoint","sda_shrinklda","classic_fast",20,0.00964285714285712,0.000714285714285778,-0.01189375,0.0305178571428571,0.341063504675247,0.39882675163095,1,0.376592131206871,1,0.43753145748543
"best_ktsp_vs_each_classifier","macro_f1","tier1_main","P0_derivative_amplitude_deciles","DERIVED_DECILES_ALL","single_condition","single_condition","ds006036__EO_or_photomark","AD_vs_FTD","kTSP_k9_disjoint","xgboost_default","classic_fast",20,-0.0176374708452882,-0.03149699028182,-0.0553793885347968,0.0227168805373333,0.225010647054924,0.393443730272671,1,0.252167104458104,1,0.428014099878219
"best_ktsp_vs_each_classifier","mcc","tier1_main","P0_derivative_amplitude_deciles","DERIVED_DECILES_ALL","single_condition","single_condition","ds006036__EO_or_photomark","AD_vs_FTD","kTSP_k9_disjoint","xgboost_default","classic_fast",20,-0.0309535816607469,-0.0548715924163274,-0.105694508552416,0.0519911464499727,0.225010647054924,0.471785721522809,1,0.257721445965992,1,0.511101198316376
"best_ktsp_vs_each_classifier","balanced_accuracy","tier1_main","P0_derivative_amplitude_deciles","DERIVED_DECILES_ALL","single_condition","single_condition","ds006036__EO_or_photomark","AD_vs_FTD","kTSP_k9_disjoint","xgboost_default","classic_fast",20,-0.0126785714285714,-0.0192857142857142,-0.0475022321428571,0.0247160714285714,0.304543918450925,0.52494143167769,1,0.338676447912474,1,0.561665729367076
"best_ktsp_vs_each_classifier","macro_f1","tier1_main","P0_derivative_amplitude_deciles","DERIVED_DECILES_ALL","single_condition","single_condition","ds006036__EO_or_photomark","AD_vs_FTD","kTSP_k9_disjoint","svm_linear_liblinear","classic_fast",20,-0.162298615299389,-0.173426304088069,-0.188113275560654,-0.135298141184151,9.56917315705946e-05,7.62487715208478e-10,0.0496898731631834,0.00029443609714045,3.24819766678812e-07,4.17112830245516e-09
"best_ktsp_vs_each_classifier","mcc","tier1_main","P0_derivative_amplitude_deciles","DERIVED_DECILES_ALL","single_condition","single_condition","ds006036__EO_or_photomark","AD_vs_FTD","kTSP_k9_disjoint","svm_linear_liblinear","classic_fast",20,-0.321044435971713,-0.343143679294254,-0.379021945697538,-0.261216801865153,9.56917315705946e-05,3.00705838210541e-09,0.0496898731631834,0.000324133170225704,1.2779998123948e-06,1.61231100763334e-08
"best_ktsp_vs_each_classifier","balanced_accuracy","tier1_main","P0_derivative_amplitude_deciles","DERIVED_DECILES_ALL","single_condition","single_condition","ds006036__EO_or_photomark","AD_vs_FTD","kTSP_k9_disjoint","svm_linear_liblinear","classic_fast",20,-0.152125,-0.160535714285714,-0.178875,-0.123785267857143,9.56917315705946e-05,2.06967270259062e-09,0.0490829590524173,0.000299071327167016,8.46496135359565e-07,9.60919469059932e-09
"best_ktsp_vs_each_classifier","macro_f1","tier1_main","P0_derivative_amplitude_deciles","DERIVED_DECILES_ALL","single_condition","single_condition","ds006036__EO_or_photomark","AD_vs_FTD","kTSP_k9_disjoint","glmnet_elasticnet","classic_fast",20,-0.019458351804714,-0.0134379672614967,-0.0492739225514767,0.0106465227990963,0.30458604753525,0.232119989148302,1,0.334851468749112,1,0.259018013641882
"best_ktsp_vs_each_classifier","mcc","tier1_main","P0_derivative_amplitude_deciles","DERIVED_DECILES_ALL","single_condition","single_condition","ds006036__EO_or_photomark","AD_vs_FTD","kTSP_k9_disjoint","glmnet_elasticnet","classic_fast",20,-0.08413706388503,-0.0936711871697757,-0.142317476965692,-0.0274088501376368,0.0196328327501722,0.0123571110580345,1,0.0257804874497211,1,0.0164761480773793
"best_ktsp_vs_each_classifier","balanced_accuracy","tier1_main","P0_derivative_amplitude_deciles","DERIVED_DECILES_ALL","single_condition","single_condition","ds006036__EO_or_photomark","AD_vs_FTD","kTSP_k9_disjoint","glmnet_elasticnet","classic_fast",20,-0.0354642857142857,-0.0466071428571428,-0.0626790178571428,-0.00801250000000007,0.0289651011534134,0.0217645352425078,1,0.0357763719709619,1,0.0269465674431049
"best_ktsp_vs_each_classifier","macro_f1","tier1_main","P0_derivative_amplitude_deciles","DERIVED_DECILES_ALL","single_condition","single_condition","ds006036__EO_or_photomark","AD_vs_FTD","kTSP_k9_disjoint","xgboost_shallow","classic_fast",20,-0.0176374708452882,-0.03149699028182,-0.0560321650485737,0.0213032130064638,0.225010647054924,0.393443730272671,1,0.252167104458104,1,0.428014099878219
"best_ktsp_vs_each_classifier","mcc","tier1_main","P0_derivative_amplitude_deciles","DERIVED_DECILES_ALL","single_condition","single_condition","ds006036__EO_or_photomark","AD_vs_FTD","kTSP_k9_disjoint","xgboost_shallow","classic_fast",20,-0.0309535816607469,-0.0548715924163274,-0.110382120200374,0.0525163441602898,0.225010647054924,0.471785721522809,1,0.257721445965992,1,0.511101198316376
"best_ktsp_vs_each_classifier","balanced_accuracy","tier1_main","P0_derivative_amplitude_deciles","DERIVED_DECILES_ALL","single_condition","single_condition","ds006036__EO_or_photomark","AD_vs_FTD","kTSP_k9_disjoint","xgboost_shallow","classic_fast",20,-0.0126785714285714,-0.0192857142857142,-0.0495955357142857,0.0258040178571429,0.304543918450925,0.52494143167769,1,0.338676447912474,1,0.561665729367076
"best_ktsp_vs_each_classifier","macro_f1","tier1_main","P0_derivative_amplitude_deciles","DERIVED_DECILES_ALL","single_condition","single_condition","ds006036__EO_or_photomark","AD_vs_FTD","kTSP_k9_disjoint","knn_euclidean","classic_fast",20,0.0183950641291973,0.0252137963515672,-0.00866742848869398,0.0452487751831502,0.211064231877061,0.212524359591096,1,0.239114162475102,1,0.238173851265883
"best_ktsp_vs_each_classifier","mcc","tier1_main","P0_derivative_amplitude_deciles","DERIVED_DECILES_ALL","single_condition","single_condition","ds006036__EO_or_photomark","AD_vs_FTD","kTSP_k9_disjoint","knn_euclidean","classic_fast",20,0.0223827648494875,0.0183972383714684,-0.0358049577610659,0.0800886989532197,0.40091675928529,0.465823436401936,1,0.439824292886816,1,0.506753529140181
"best_ktsp_vs_each_classifier","balanced_accuracy","tier1_main","P0_derivative_amplitude_deciles","DERIVED_DECILES_ALL","single_condition","single_condition","ds006036__EO_or_photomark","AD_vs_FTD","kTSP_k9_disjoint","knn_euclidean","classic_fast",20,0.0149821428571429,0.00910714285714281,-0.0111075892857143,0.0417683035714285,0.254850657012459,0.289310915524947,1,0.285608494927756,1,0.322144916644481
"best_ktsp_vs_each_classifier","macro_f1","tier1_main","P0_derivative_amplitude_deciles","DERIVED_DECILES_ALL","single_condition","single_condition","ds006036__EO_or_photomark","CN_vs_FTD","kTSP_k9_disjoint","glmnet_elasticnet","classic_fast",20,0.00501309393221154,-0.00613011988011991,-0.0219260101622234,0.0336186534870358,0.837314554360899,0.735394414218151,1,0.855409760840211,1,0.75574129524395
"best_ktsp_vs_each_classifier","mcc","tier1_main","P0_derivative_amplitude_deciles","DERIVED_DECILES_ALL","single_condition","single_condition","ds006036__EO_or_photomark","CN_vs_FTD","kTSP_k9_disjoint","glmnet_elasticnet","classic_fast",20,-0.0185443932889433,-0.0230075189251519,-0.073678380019339,0.0378679508957703,0.513548893500135,0.5202425044919,1,0.549476182345823,1,0.552094086399567
"best_ktsp_vs_each_classifier","balanced_accuracy","tier1_main","P0_derivative_amplitude_deciles","DERIVED_DECILES_ALL","single_condition","single_condition","ds006036__EO_or_photomark","CN_vs_FTD","kTSP_k9_disjoint","glmnet_elasticnet","classic_fast",20,-0.00358333333333332,-0.02,-0.0298333333333333,0.0215,0.765178589810448,0.795716783187082,1,0.784798553651741,1,0.812913020151832
"best_ktsp_vs_each_classifier","macro_f1","tier1_main","P0_derivative_amplitude_deciles","DERIVED_DECILES_ALL","single_condition","single_condition","ds006036__EO_or_photomark","CN_vs_FTD","kTSP_k9_disjoint","svm_linear_liblinear","classic_fast",20,-0.047517871017871,-0.0609326784326784,-0.0749123737373738,-0.0202813068875569,0.00607045578069326,0.0036649710191372,0.880216088200515,0.00828513649858398,0.50943097166007,0.00498896578521294
"best_ktsp_vs_each_classifier","mcc","tier1_main","P0_derivative_amplitude_deciles","DERIVED_DECILES_ALL","single_condition","single_condition","ds006036__EO_or_photomark","CN_vs_FTD","kTSP_k9_disjoint","svm_linear_liblinear","classic_fast",20,-0.0832309028677837,-0.127413580023604,-0.135366930191923,-0.0275551667354402,0.0130419205139312,0.00841238150515848,1,0.0175240275639386,1,0.011421510137552
"best_ktsp_vs_each_classifier","balanced_accuracy","tier1_main","P0_derivative_amplitude_deciles","DERIVED_DECILES_ALL","single_condition","single_condition","ds006036__EO_or_photomark","CN_vs_FTD","kTSP_k9_disjoint","svm_linear_liblinear","classic_fast",20,-0.043,-0.0583333333333333,-0.0690833333333333,-0.0163333333333333,0.00895565645094345,0.00574479100650108,1,0.0117303308677345,0.723843666819136,0.00756276284400142
"best_ktsp_vs_each_classifier","macro_f1","tier1_main","P0_derivative_amplitude_deciles","DERIVED_DECILES_ALL","single_condition","single_condition","ds006036__EO_or_photomark","CN_vs_FTD","kTSP_k9_disjoint","ranger_rf","classic_fast",20,-0.00925668775668779,0.00384337884337888,-0.0440245934620935,0.0246577117327117,0.750994967158646,0.615282757548594,1,0.774836077227175,1,0.645054503881591
"best_ktsp_vs_each_classifier","mcc","tier1_main","P0_derivative_amplitude_deciles","DERIVED_DECILES_ALL","single_condition","single_condition","ds006036__EO_or_photomark","CN_vs_FTD","kTSP_k9_disjoint","ranger_rf","classic_fast",20,-0.0185439571274844,0.00139495931137326,-0.0857849575892334,0.0479818292122722,0.955342600235536,0.606306037948017,1,0.96088617431814,1,0.635643426880986
"best_ktsp_vs_each_classifier","balanced_accuracy","tier1_main","P0_derivative_amplitude_deciles","DERIVED_DECILES_ALL","single_condition","single_condition","ds006036__EO_or_photomark","CN_vs_FTD","kTSP_k9_disjoint","ranger_rf","classic_fast",20,-0.00899999999999998,0.00166666666666671,-0.0420833333333333,0.02241875,0.808234213157141,0.60635006254591,1,0.822502595856547,1,0.639557875301974
"best_ktsp_vs_each_classifier","macro_f1","tier1_main","P0_derivative_amplitude_deciles","DERIVED_DECILES_ALL","single_condition","single_condition","ds006036__EO_or_photomark","CN_vs_FTD","kTSP_k9_disjoint","sda_shrinklda","classic_fast",20,-0.097746336996337,-0.103462093462093,-0.121666088772339,-0.0741159673659674,9.56917315705946e-05,2.44126416676628e-07,0.0496898731631834,0.00029443609714045,8.08058439199637e-05,6.68135456167612e-07
"best_ktsp_vs_each_classifier","mcc","tier1_main","P0_derivative_amplitude_deciles","DERIVED_DECILES_ALL","single_condition","single_condition","ds006036__EO_or_photomark","CN_vs_FTD","kTSP_k9_disjoint","sda_shrinklda","classic_fast",20,-0.188482339427332,-0.194462180096406,-0.236279059192467,-0.141180512860019,0.000129926100333739,4.13137496581596e-07,0.0496898731631834,0.000350059959448578,0.000141293023830906,1.20017596772307e-06
"best_ktsp_vs_each_classifier","balanced_accuracy","tier1_main","P0_derivative_amplitude_deciles","DERIVED_DECILES_ALL","single_condition","single_condition","ds006036__EO_or_photomark","CN_vs_FTD","kTSP_k9_disjoint","sda_shrinklda","classic_fast",20,-0.0925833333333333,-0.1,-0.117585416666667,-0.06883125,0.000120093571641416,4.61651979589639e-07,0.0490829590524173,0.000320249524377109,0.000146343677529916,1.17675994797359e-06
"best_ktsp_vs_each_classifier","macro_f1","tier1_main","P0_derivative_amplitude_deciles","DERIVED_DECILES_ALL","single_condition","single_condition","ds006036__EO_or_photomark","CN_vs_FTD","kTSP_k9_disjoint","glmnet_lasso","classic_fast",20,-0.00269794094794097,0.0101773226773226,-0.0350197094572095,0.026347012015762,0.837314554360899,0.868498519227844,1,0.855409760840211,1,0.883709959530274
"best_ktsp_vs_each_classifier","mcc","tier1_main","P0_derivative_amplitude_deciles","DERIVED_DECILES_ALL","single_condition","single_condition","ds006036__EO_or_photomark","CN_vs_FTD","kTSP_k9_disjoint","glmnet_lasso","classic_fast",20,-0.0212141899925316,0.0182323420054535,-0.0829520289813458,0.0351011472217586,0.985107284492357,0.499723844844414,1,0.985107284492357,1,0.53578639034865
"best_ktsp_vs_each_classifier","balanced_accuracy","tier1_main","P0_derivative_amplitude_deciles","DERIVED_DECILES_ALL","single_condition","single_condition","ds006036__EO_or_photomark","CN_vs_FTD","kTSP_k9_disjoint","glmnet_lasso","classic_fast",20,-0.00474999999999997,0.01,-0.0349166666666666,0.0227520833333333,0.955323157781537,0.756534741872829,1,0.96088617431814,1,0.774405641287148
"best_ktsp_vs_each_classifier","macro_f1","tier1_main","P0_derivative_amplitude_deciles","DERIVED_DECILES_ALL","single_condition","single_condition","ds006036__EO_or_photomark","CN_vs_FTD","kTSP_k9_disjoint","knn_euclidean","classic_fast",20,0.0970154624786977,0.0897902097902097,0.0698733009433377,0.124606995557547,0.000129926100333799,1.92777599751538e-06,0.0496898731631834,0.000329568644749149,0.00058411612724716,4.59836476471559e-06
"best_ktsp_vs_each_classifier","mcc","tier1_main","P0_derivative_amplitude_deciles","DERIVED_DECILES_ALL","single_condition","single_condition","ds006036__EO_or_photomark","CN_vs_FTD","kTSP_k9_disjoint","knn_euclidean","classic_fast",20,0.11821732120236,0.118500281783696,0.068720476879585,0.169820897384563,0.000833948987816191,0.000241976440142598,0.185970624283011,0.0014171682145897,0.0517829581905159,0.000409627129630652
"best_ktsp_vs_each_classifier","balanced_accuracy","tier1_main","P0_derivative_amplitude_deciles","DERIVED_DECILES_ALL","single_condition","single_condition","ds006036__EO_or_photomark","CN_vs_FTD","kTSP_k9_disjoint","knn_euclidean","classic_fast",20,0.0656666666666667,0.07,0.0434166666666667,0.0884166666666667,0.000235449561167833,2.01895799690723e-05,0.0626295832706436,0.000466112496020886,0.0049464470924227,3.80383390721651e-05
"best_ktsp_vs_each_classifier","macro_f1","tier1_main","P0_derivative_amplitude_deciles","DERIVED_DECILES_ALL","single_condition","single_condition","ds006036__EO_or_photomark","CN_vs_FTD","kTSP_k9_disjoint","xgboost_default","classic_fast",20,0.109241563991564,0.109515484515484,0.0703592976467976,0.150143232461982,0.000272706565159098,4.99966387830176e-05,0.0719945332019989,0.000527165107370746,0.0111992470873959,8.72424569368091e-05
"best_ktsp_vs_each_classifier","mcc","tier1_main","P0_derivative_amplitude_deciles","DERIVED_DECILES_ALL","single_condition","single_condition","ds006036__EO_or_photomark","CN_vs_FTD","kTSP_k9_disjoint","xgboost_default","classic_fast",20,0.229509626177134,0.208891413163199,0.153368793658825,0.310818681008136,0.00011157661051997,2.08069221543269e-05,0.0496898731631834,0.000324133170225704,0.00551383437089662,4.209960902821e-05
"best_ktsp_vs_each_classifier","balanced_accuracy","tier1_main","P0_derivative_amplitude_deciles","DERIVED_DECILES_ALL","single_condition","single_condition","ds006036__EO_or_photomark","CN_vs_FTD","kTSP_k9_disjoint","xgboost_default","classic_fast",20,0.106666666666667,0.104166666666667,0.0705,0.145416666666667,0.000139570702400116,2.58742949379227e-05,0.0490829590524173,0.000335762396416189,0.00615808219522559,4.73754696046471e-05
"best_ktsp_vs_each_classifier","macro_f1","tier1_main","P0_derivative_amplitude_deciles","DERIVED_DECILES_ALL","single_condition","single_condition","ds006036__EO_or_photomark","CN_vs_FTD","kTSP_k9_disjoint","majority","classic_fast",20,0.303542930925284,0.294798730681084,0.283140280797634,0.324421214447317,9.56917315706463e-05,8.47592539823562e-17,0.0496898731631834,0.00029443609714045,4.07692011655133e-14,1.10187030177063e-15
"best_ktsp_vs_each_classifier","mcc","tier1_main","P0_derivative_amplitude_deciles","DERIVED_DECILES_ALL","single_condition","single_condition","ds006036__EO_or_photomark","CN_vs_FTD","kTSP_k9_disjoint","majority","classic_fast",20,0.365677894768621,0.356723361211858,0.323899593372307,0.406806872652092,9.56917315706463e-05,7.02762320382483e-13,0.0496898731631834,0.000324133170225704,3.34514864502062e-10,8.12080903553091e-12
"best_ktsp_vs_each_classifier","balanced_accuracy","tier1_main","P0_derivative_amplitude_deciles","DERIVED_DECILES_ALL","single_condition","single_condition","ds006036__EO_or_photomark","CN_vs_FTD","kTSP_k9_disjoint","majority","classic_fast",20,0.170916666666667,0.165833333333333,0.150497916666667,0.190752083333333,9.5423308128284e-05,1.50039597331774e-12,0.0490829590524173,0.000299071327167016,7.02185315512703e-10,1.47208661533061e-11
"best_ktsp_vs_each_classifier","macro_f1","tier1_main","P0_derivative_amplitude_deciles","DERIVED_DECILES_ALL","single_condition","single_condition","ds006036__EO_or_photomark","CN_vs_FTD","kTSP_k9_disjoint","xgboost_shallow","classic_fast",20,0.109241563991564,0.109515484515484,0.0708636495448995,0.14975038017538,0.000272706565159098,4.99966387830176e-05,0.0719945332019989,0.000527165107370746,0.0111992470873959,8.72424569368091e-05
"best_ktsp_vs_each_classifier","mcc","tier1_main","P0_derivative_amplitude_deciles","DERIVED_DECILES_ALL","single_condition","single_condition","ds006036__EO_or_photomark","CN_vs_FTD","kTSP_k9_disjoint","xgboost_shallow","classic_fast",20,0.229509626177134,0.208891413163199,0.153105149054205,0.310852189840197,0.00011157661051997,2.08069221543269e-05,0.0496898731631834,0.000324133170225704,0.00551383437089662,4.209960902821e-05
"best_ktsp_vs_each_classifier","balanced_accuracy","tier1_main","P0_derivative_amplitude_deciles","DERIVED_DECILES_ALL","single_condition","single_condition","ds006036__EO_or_photomark","CN_vs_FTD","kTSP_k9_disjoint","xgboost_shallow","classic_fast",20,0.106666666666667,0.104166666666667,0.0706645833333334,0.1445,0.000139570702400116,2.58742949379227e-05,0.0490829590524173,0.000335762396416189,0.00615808219522559,4.73754696046471e-05
"best_ktsp_vs_each_classifier","macro_f1","tier1_main","P0_derivative_amplitude_deciles","DERIVED_DECILES_ALL","single_condition","single_condition","ds006036__EO_or_photomark","CN_vs_FTD","kTSP_k9_disjoint","glmnet_ridge","classic_fast",20,-0.00334742381801209,-0.00490897990897993,-0.0400882201132201,0.0346024118038823,0.866585628639051,0.870114421691347,1,0.883577503710405,1,0.883709959530274
"best_ktsp_vs_each_classifier","mcc","tier1_main","P0_derivative_amplitude_deciles","DERIVED_DECILES_ALL","single_condition","single_condition","ds006036__EO_or_photomark","CN_vs_FTD","kTSP_k9_disjoint","glmnet_ridge","classic_fast",20,-0.0374220135387874,-0.00813812078066212,-0.105747541885022,0.0333907644387014,0.48978275936519,0.308896817054483,1,0.527302349627119,1,0.346925150903523
"best_ktsp_vs_each_classifier","balanced_accuracy","tier1_main","P0_derivative_amplitude_deciles","DERIVED_DECILES_ALL","single_condition","single_condition","ds006036__EO_or_photomark","CN_vs_FTD","kTSP_k9_disjoint","glmnet_ridge","classic_fast",20,-0.0093333333333333,0.000833333333333408,-0.0430833333333333,0.0230020833333334,0.722844049740984,0.602001144199667,1,0.745791479891492,1,0.636261371918348
"best_ktsp_vs_each_classifier","macro_f1","tier1_main","P0_derivative_amplitude_deciles","RAW_DECILES","single_condition","single_condition","ds004504__EC","AD_FTD_vs_CN","kTSP_k9_disjoint","majority","classic_fast",20,0.319496221250196,0.326184861837036,0.30366270042988,0.334282454028095,9.56917315706463e-05,1.01648604496816e-19,0.0496898731631834,0.00029443609714045,5.00111134124335e-17,1.8226646323567e-18
"best_ktsp_vs_each_classifier","mcc","tier1_main","P0_derivative_amplitude_deciles","RAW_DECILES","single_condition","single_condition","ds004504__EC","AD_FTD_vs_CN","kTSP_k9_disjoint","majority","classic_fast",20,0.479084160248125,0.481752651236973,0.447602729422289,0.50816933239468,9.56917315706463e-05,1.59951539331558e-17,0.0496898731631834,0.000324133170225704,7.86961573511267e-15,2.86809656732449e-16
"best_ktsp_vs_each_classifier","balanced_accuracy","tier1_main","P0_derivative_amplitude_deciles","RAW_DECILES","single_condition","single_condition","ds004504__EC","AD_FTD_vs_CN","kTSP_k9_disjoint","majority","classic_fast",20,0.219886363636364,0.222575757575758,0.206074242424242,0.232583333333333,9.5289310686697e-05,5.80878771192521e-18,0.0490829590524173,0.000299071327167016,2.8579235542672e-15,1.04157572765556e-16
"best_ktsp_vs_each_classifier","macro_f1","tier1_main","P0_derivative_amplitude_deciles","RAW_DECILES","single_condition","single_condition","ds004504__EC","AD_FTD_vs_CN","kTSP_k9_disjoint","svm_linear_liblinear","classic_fast",20,0.0493911637267674,0.0603306371567241,0.0272097310429322,0.0707766608407701,0.00124104092831123,0.000355215717875792,0.234556735450823,0.00192639188872191,0.066780554960649,0.000554691211097333
"best_ktsp_vs_each_classifier","mcc","tier1_main","P0_derivative_amplitude_deciles","RAW_DECILES","single_condition","single_condition","ds004504__EC","AD_FTD_vs_CN","kTSP_k9_disjoint","svm_linear_liblinear","classic_fast",20,0.113856415317871,0.140193221630559,0.0724307382459997,0.154533936958335,0.000728541800169902,3.69070254172524e-05,0.166107530438732,0.00127556140097087,0.0093005704051476,7.13444357508224e-05
"best_ktsp_vs_each_classifier","balanced_accuracy","tier1_main","P0_derivative_amplitude_deciles","RAW_DECILES","single_condition","single_condition","ds004504__EC","AD_FTD_vs_CN","kTSP_k9_disjoint","svm_linear_liblinear","classic_fast",20,0.0340075757575758,0.041969696969697,0.0129994318181818,0.0536609848484848,0.00607045578069321,0.00403783936069357,0.824980995200677,0.00813566238649605,0.516843438168777,0.00534268821262253
"best_ktsp_vs_each_classifier","macro_f1","tier1_main","P0_derivative_amplitude_deciles","RAW_DECILES","single_condition","single_condition","ds004504__EC","AD_FTD_vs_CN","kTSP_k9_disjoint","glmnet_elasticnet","classic_fast",20,0.0992007716894784,0.0941166814793817,0.0785360541472262,0.119651598071487,0.00011157661051997,1.89079674667576e-08,0.0496898731631834,0.000297537628053339,7.14721170243438e-06,6.87562453336641e-08
"best_ktsp_vs_each_classifier","mcc","tier1_main","P0_derivative_amplitude_deciles","RAW_DECILES","single_condition","single_condition","ds004504__EC","AD_FTD_vs_CN","kTSP_k9_disjoint","glmnet_elasticnet","classic_fast",20,0.166828944353638,0.182886685869669,0.127700421756347,0.204775175565416,0.000129926100333799,1.00869059943971e-07,0.0496898731631834,0.000350059959448578,3.70189449994374e-05,3.40596825784837e-07
"best_ktsp_vs_each_classifier","balanced_accuracy","tier1_main","P0_derivative_amplitude_deciles","RAW_DECILES","single_condition","single_condition","ds004504__EC","AD_FTD_vs_CN","kTSP_k9_disjoint","glmnet_elasticnet","classic_fast",20,0.0896212121212121,0.0888636363636364,0.0741575757575757,0.105137121212121,0.000111269280157478,1.0988749662178e-09,0.0490829590524173,0.000299071327167016,4.62626360777696e-07,5.71414982433258e-09
"best_ktsp_vs_each_classifier","macro_f1","tier1_main","P0_derivative_amplitude_deciles","RAW_DECILES","single_condition","single_condition","ds004504__EC","AD_FTD_vs_CN","kTSP_k9_disjoint","ranger_rf","classic_fast",20,-0.0226936024271982,-0.013243931993932,-0.0425293513900744,-0.00400094754631897,0.13054070066071,0.0405871280669199,1,0.151859428061676,1,0.0497766664971659
"best_ktsp_vs_each_classifier","mcc","tier1_main","P0_derivative_amplitude_deciles","RAW_DECILES","single_condition","single_condition","ds004504__EC","AD_FTD_vs_CN","kTSP_k9_disjoint","ranger_rf","classic_fast",20,-0.0383691126869331,-0.0185430694599711,-0.0771478366900987,-0.00387567803915128,0.161520771499154,0.0661791253581397,1,0.190024437057828,1,0.0804045448276463
"best_ktsp_vs_each_classifier","balanced_accuracy","tier1_main","P0_derivative_amplitude_deciles","RAW_DECILES","single_condition","single_condition","ds004504__EC","AD_FTD_vs_CN","kTSP_k9_disjoint","ranger_rf","classic_fast",20,-0.0184015151515152,-0.0083333333333333,-0.0373717803030303,-0.00204526515151518,0.140136438374486,0.0574627854193232,1,0.160001757587482,1,0.0679105645864729
"best_ktsp_vs_each_classifier","macro_f1","tier1_main","P0_derivative_amplitude_deciles","RAW_DECILES","single_condition","single_condition","ds004504__EC","AD_FTD_vs_CN","kTSP_k9_disjoint","knn_euclidean","classic_fast",20,-0.00798261428350944,-0.00809720030372207,-0.0273811489728626,0.00932247209216862,0.667686215745583,0.418162864391676,1,0.701407741793339,1,0.450196044479651
"best_ktsp_vs_each_classifier","mcc","tier1_main","P0_derivative_amplitude_deciles","RAW_DECILES","single_condition","single_condition","ds004504__EC","AD_FTD_vs_CN","kTSP_k9_disjoint","knn_euclidean","classic_fast",20,0.00551590704524738,0.00943732975868433,-0.0357805661743695,0.042486136713163,0.48978275936519,0.796676982690597,1,0.527302349627119,1,0.814382265915241
"best_ktsp_vs_each_classifier","balanced_accuracy","tier1_main","P0_derivative_amplitude_deciles","RAW_DECILES","single_condition","single_condition","ds004504__EC","AD_FTD_vs_CN","kTSP_k9_disjoint","knn_euclidean","classic_fast",20,-0.018939393939394,-0.0132575757575759,-0.0379037878787879,-0.00204526515151517,0.112563230669016,0.0626707675611651,1,0.129533554893147,1,0.0737303147778413
"best_ktsp_vs_each_classifier","macro_f1","tier1_main","P0_derivative_amplitude_deciles","RAW_DECILES","single_condition","single_condition","ds004504__EC","AD_FTD_vs_CN","kTSP_k9_disjoint","glmnet_lasso","classic_fast",20,0.134342359680592,0.145272022663327,0.107521036334069,0.16117093504066,9.56917315706463e-05,1.0541334075397e-08,0.0496898731631834,0.00029443609714045,4.04787228495246e-06,4.00109030599012e-08
"best_ktsp_vs_each_classifier","mcc","tier1_main","P0_derivative_amplitude_deciles","RAW_DECILES","single_condition","single_condition","ds004504__EC","AD_FTD_vs_CN","kTSP_k9_disjoint","glmnet_lasso","classic_fast",20,0.220240356572708,0.25434737054194,0.168558011790092,0.26835667429865,0.000129926100333799,9.36030521252053e-08,0.0496898731631834,0.000350059959448578,3.45395262342007e-05,3.20196964285159e-07
"best_ktsp_vs_each_classifier","balanced_accuracy","tier1_main","P0_derivative_amplitude_deciles","RAW_DECILES","single_condition","single_condition","ds004504__EC","AD_FTD_vs_CN","kTSP_k9_disjoint","glmnet_lasso","classic_fast",20,0.113689393939394,0.127954545454545,0.0926575757575758,0.133803409090909,9.55574483907373e-05,1.4169719533261e-09,0.0490829590524173,0.000299071327167016,5.90877304536982e-07,7.08485976663048e-09
"best_ktsp_vs_each_classifier","macro_f1","tier1_main","P0_derivative_amplitude_deciles","RAW_DECILES","single_condition","single_condition","ds004504__EC","AD_FTD_vs_CN","kTSP_k9_disjoint","sda_shrinklda","classic_fast",20,-0.0166238960488119,-0.0141999209940386,-0.0323779546580602,-0.00147784554845801,0.0825692915324791,0.0485752350847607,1,0.0975818899929299,1,0.0586058520744213
"best_ktsp_vs_each_classifier","mcc","tier1_main","P0_derivative_amplitude_deciles","RAW_DECILES","single_condition","single_condition","ds004504__EC","AD_FTD_vs_CN","kTSP_k9_disjoint","sda_shrinklda","classic_fast",20,-0.0160170161662436,-0.0139356633016178,-0.0457843214449637,0.0128476553141109,0.422175673993565,0.317567669743803,1,0.460233439154411,1,0.355129437132854
"best_ktsp_vs_each_classifier","balanced_accuracy","tier1_main","P0_derivative_amplitude_deciles","RAW_DECILES","single_condition","single_condition","ds004504__EC","AD_FTD_vs_CN","kTSP_k9_disjoint","sda_shrinklda","classic_fast",20,-0.0248106060606061,-0.0227272727272728,-0.039280303030303,-0.0107342803030304,0.00481942159962874,0.00327950627610645,0.66938718895534,0.00653129427136488,0.439453840998265,0.0044065717405048
"best_ktsp_vs_each_classifier","macro_f1","tier1_main","P0_derivative_amplitude_deciles","RAW_DECILES","single_condition","single_condition","ds004504__EC","AD_FTD_vs_CN","kTSP_k9_disjoint","xgboost_default","classic_fast",20,0.0502245822919197,0.0587960662525879,0.0266325017579936,0.0725619629387136,0.001413190930041,0.000407695346173387,0.261440322057584,0.00214871135561789,0.07583133438825,0.000630957083363575
"best_ktsp_vs_each_classifier","mcc","tier1_main","P0_derivative_amplitude_deciles","RAW_DECILES","single_condition","single_condition","ds004504__EC","AD_FTD_vs_CN","kTSP_k9_disjoint","xgboost_default","classic_fast",20,0.115003020707141,0.128463906166213,0.0683024540242212,0.16091489348707,0.000833948987816191,0.000121549938731206,0.185970624283011,0.0014171682145897,0.0272271862757901,0.00021210056422895
"best_ktsp_vs_each_classifier","balanced_accuracy","tier1_main","P0_derivative_amplitude_deciles","RAW_DECILES","single_condition","single_condition","ds004504__EC","AD_FTD_vs_CN","kTSP_k9_disjoint","xgboost_default","classic_fast",20,0.0439772727272727,0.0540151515151515,0.0212486742424242,0.0664399621212121,0.00427013968721335,0.00159168766643856,0.610629975271509,0.00585876685316871,0.235569774632907,0.00221304167526217
"best_ktsp_vs_each_classifier","macro_f1","tier1_main","P0_derivative_amplitude_deciles","RAW_DECILES","single_condition","single_condition","ds004504__EC","AD_FTD_vs_CN","kTSP_k9_disjoint","glmnet_ridge","classic_fast",20,0.0723241484870433,0.0789882484249051,0.0487032212751478,0.0940224088218647,0.000418811376312389,6.58997498725812e-06,0.0971642393044646,0.000738243781974381,0.00180565314650873,1.38736315521224e-05
"best_ktsp_vs_each_classifier","mcc","tier1_main","P0_derivative_amplitude_deciles","RAW_DECILES","single_condition","single_condition","ds004504__EC","AD_FTD_vs_CN","kTSP_k9_disjoint","glmnet_ridge","classic_fast",20,0.114505815073427,0.146420683857299,0.0724220218533734,0.155278263269623,0.000728541800169902,6.07577509855665e-05,0.166107530438732,0.00127556140097087,0.0143995869835793,0.000111246586311601
"best_ktsp_vs_each_classifier","balanced_accuracy","tier1_main","P0_derivative_amplitude_deciles","RAW_DECILES","single_condition","single_condition","ds004504__EC","AD_FTD_vs_CN","kTSP_k9_disjoint","glmnet_ridge","classic_fast",20,0.07,0.0859090909090909,0.0499617424242424,0.0886060606060606,0.000230928523346385,1.82410425925218e-06,0.0616579157334849,0.000466112496020886,0.00053446254796089,4.16023778425937e-06
"best_ktsp_vs_each_classifier","macro_f1","tier1_main","P0_derivative_amplitude_deciles","RAW_DECILES","single_condition","single_condition","ds004504__EC","AD_FTD_vs_CN","kTSP_k9_disjoint","xgboost_shallow","classic_fast",20,0.0502245822919197,0.0587960662525879,0.0277114205557303,0.0722586934167353,0.001413190930041,0.000407695346173387,0.261440322057584,0.00214871135561789,0.07583133438825,0.000630957083363575
"best_ktsp_vs_each_classifier","mcc","tier1_main","P0_derivative_amplitude_deciles","RAW_DECILES","single_condition","single_condition","ds004504__EC","AD_FTD_vs_CN","kTSP_k9_disjoint","xgboost_shallow","classic_fast",20,0.115003020707141,0.128463906166213,0.0682710100564316,0.161207852930237,0.000833948987816191,0.000121549938731206,0.185970624283011,0.0014171682145897,0.0272271862757901,0.00021210056422895
"best_ktsp_vs_each_classifier","balanced_accuracy","tier1_main","P0_derivative_amplitude_deciles","RAW_DECILES","single_condition","single_condition","ds004504__EC","AD_FTD_vs_CN","kTSP_k9_disjoint","xgboost_shallow","classic_fast",20,0.0439772727272727,0.0540151515151515,0.0206507575757576,0.0675001893939394,0.00427013968721335,0.00159168766643856,0.610629975271509,0.00585876685316871,0.235569774632907,0.00221304167526217
"best_ktsp_vs_each_classifier","macro_f1","tier1_main","P0_derivative_amplitude_deciles","RAW_DECILES","single_condition","single_condition","ds004504__EC","AD_vs_CN","kTSP_k9_disjoint","sda_shrinklda","classic_fast",20,-0.0643618604907304,-0.0564444709916846,-0.0858341389550851,-0.0432769867677472,0.000175476155215645,1.38865208248815e-05,0.052818322719909,0.000396728698748622,0.00354106281034479,2.71465820636781e-05
"best_ktsp_vs_each_classifier","mcc","tier1_main","P0_derivative_amplitude_deciles","RAW_DECILES","single_condition","single_condition","ds004504__EC","AD_vs_CN","kTSP_k9_disjoint","sda_shrinklda","classic_fast",20,-0.0840614370128082,-0.0849392240783009,-0.123865873609178,-0.0447003031100155,0.00299795788095067,0.00083813026768816,0.518646713404466,0.00445410885169818,0.154215969254622,0.00129325738634375
"best_ktsp_vs_each_classifier","balanced_accuracy","tier1_main","P0_derivative_amplitude_deciles","RAW_DECILES","single_condition","single_condition","ds004504__EC","AD_vs_CN","kTSP_k9_disjoint","sda_shrinklda","classic_fast",20,-0.0565833333333333,-0.0545238095238095,-0.0764287202380952,-0.0364285714285714,0.000315046961090167,3.69654485774223e-05,0.0764639985089908,0.000578884875501415,0.0082802604813426,6.47206507079448e-05
"best_ktsp_vs_each_classifier","macro_f1","tier1_main","P0_derivative_amplitude_deciles","RAW_DECILES","single_condition","single_condition","ds004504__EC","AD_vs_CN","kTSP_k9_disjoint","majority","classic_fast",20,0.334981288920917,0.322638363098889,0.317513287495099,0.353852466073228,9.56917315706463e-05,8.06075594634553e-19,0.0496898731631834,0.00029443609714045,3.94170965776296e-16,1.30987284128115e-17
"best_ktsp_vs_each_classifier","mcc","tier1_main","P0_derivative_amplitude_deciles","RAW_DECILES","single_condition","single_condition","ds004504__EC","AD_vs_CN","kTSP_k9_disjoint","majority","classic_fast",20,0.452838636334854,0.442998711656861,0.41743051815962,0.487740719296569,9.56917315706463e-05,5.7599750688095e-16,0.0496898731631834,0.000324133170225704,2.79358790837261e-13,8.31996398828039e-15
"best_ktsp_vs_each_classifier","balanced_accuracy","tier1_main","P0_derivative_amplitude_deciles","RAW_DECILES","single_condition","single_condition","ds004504__EC","AD_vs_CN","kTSP_k9_disjoint","majority","classic_fast",20,0.202708333333333,0.194761904761905,0.185969047619048,0.219898958333333,9.56917315706463e-05,1.79541444003281e-15,0.0490829590524173,0.000299071327167016,8.70776003415913e-13,2.59337641338073e-14
"best_ktsp_vs_each_classifier","macro_f1","tier1_main","P0_derivative_amplitude_deciles","RAW_DECILES","single_condition","single_condition","ds004504__EC","AD_vs_CN","kTSP_k9_disjoint","knn_euclidean","classic_fast",20,0.009682638354078,0.00330977974553825,-0.0115248929862707,0.0306975035896766,0.513548893500135,0.398117088522743,1,0.548347894497064,1,0.431293512566305
"best_ktsp_vs_each_classifier","mcc","tier1_main","P0_derivative_amplitude_deciles","RAW_DECILES","single_condition","single_condition","ds004504__EC","AD_vs_CN","kTSP_k9_disjoint","knn_euclidean","classic_fast",20,0.0403964211667601,0.0461805979313898,-0.00197008908695208,0.0824158598300914,0.104381970287785,0.0837798597229721,1,0.124492258141395,1,0.101080109178528
"best_ktsp_vs_each_classifier","balanced_accuracy","tier1_main","P0_derivative_amplitude_deciles","RAW_DECILES","single_condition","single_condition","ds004504__EC","AD_vs_CN","kTSP_k9_disjoint","knn_euclidean","classic_fast",20,0.00391071428571427,-0.000476190476190463,-0.0160596726190477,0.0240724702380952,0.896040840009703,0.713413450638491,1,0.904740265640865,1,0.736061496690507
"best_ktsp_vs_each_classifier","macro_f1","tier1_main","P0_derivative_amplitude_deciles","RAW_DECILES","single_condition","single_condition","ds004504__EC","AD_vs_CN","kTSP_k9_disjoint","svm_linear_liblinear","classic_fast",20,-0.0363567676303744,-0.03533049466873,-0.0604253845193764,-0.0124743850759234,0.0117369771161821,0.00870541257009078,1,0.0151070002485513,1,0.0112888143053546
"best_ktsp_vs_each_classifier","mcc","tier1_main","P0_derivative_amplitude_deciles","RAW_DECILES","single_condition","single_condition","ds004504__EC","AD_vs_CN","kTSP_k9_disjoint","svm_linear_liblinear","classic_fast",20,-0.0283584908648576,-0.0200523157679628,-0.0759093608911848,0.0153876497522633,0.341105564996993,0.250084260368369,1,0.380632819309949,1,0.282703946503373
"best_ktsp_vs_each_classifier","balanced_accuracy","tier1_main","P0_derivative_amplitude_deciles","RAW_DECILES","single_condition","single_condition","ds004504__EC","AD_vs_CN","kTSP_k9_disjoint","svm_linear_liblinear","classic_fast",20,-0.0306130952380952,-0.0301190476190476,-0.0536316964285714,-0.00810669642857144,0.0239066271188816,0.0182004824235835,1,0.029883283898602,1,0.0227506030294794
"best_ktsp_vs_each_classifier","macro_f1","tier1_main","P0_derivative_amplitude_deciles","RAW_DECILES","single_condition","single_condition","ds004504__EC","AD_vs_CN","kTSP_k9_disjoint","glmnet_elasticnet","classic_fast",20,0.00918202355779757,0.00608375198932476,-0.00747612539786493,0.0269180377091949,0.513548893500135,0.317935112743904,1,0.548347894497064,1,0.349526973841079
"best_ktsp_vs_each_classifier","mcc","tier1_main","P0_derivative_amplitude_deciles","RAW_DECILES","single_condition","single_condition","ds004504__EC","AD_vs_CN","kTSP_k9_disjoint","glmnet_elasticnet","classic_fast",20,0.0345150729083265,0.0279477517105536,0.00172178123287204,0.0686279676387164,0.08938770059908,0.0623804025246849,1,0.107100470763875,1,0.0759667665405999
"best_ktsp_vs_each_classifier","balanced_accuracy","tier1_main","P0_derivative_amplitude_deciles","RAW_DECILES","single_condition","single_condition","ds004504__EC","AD_vs_CN","kTSP_k9_disjoint","glmnet_elasticnet","classic_fast",20,0.011875,0.0104166666666666,-0.00392931547619048,0.0280065476190476,0.287337268352032,0.177214309833851,1,0.321323396866788,1,0.200765666914166
"best_ktsp_vs_each_classifier","macro_f1","tier1_main","P0_derivative_amplitude_deciles","RAW_DECILES","single_condition","single_condition","ds004504__EC","AD_vs_CN","kTSP_k9_disjoint","xgboost_shallow","classic_fast",20,-0.0467148452682508,-0.0583373497847182,-0.0678090841885153,-0.0237071336783701,0.00381238961812733,0.000880604651294541,0.590920390809723,0.00534351105505717,0.146180372114894,0.00128627645694708
"best_ktsp_vs_each_classifier","mcc","tier1_main","P0_derivative_amplitude_deciles","RAW_DECILES","single_condition","single_condition","ds004504__EC","AD_vs_CN","kTSP_k9_disjoint","xgboost_shallow","classic_fast",20,-0.0524051137641539,-0.0783094643597673,-0.0939036690057794,-0.0106561749852085,0.0349190540817266,0.0258299509335292,1,0.0441798251155665,1,0.033164381445519
"best_ktsp_vs_each_classifier","balanced_accuracy","tier1_main","P0_derivative_amplitude_deciles","RAW_DECILES","single_condition","single_condition","ds004504__EC","AD_vs_CN","kTSP_k9_disjoint","xgboost_shallow","classic_fast",20,-0.0414107142857143,-0.0558333333333333,-0.060643005952381,-0.0206962797619048,0.00265336548285359,0.000871182725829519,0.437428563904007,0.00382202230217137,0.139389236132723,0.0012514227000866
"best_ktsp_vs_each_classifier","macro_f1","tier1_main","P0_derivative_amplitude_deciles","RAW_DECILES","single_condition","single_condition","ds004504__EC","AD_vs_CN","kTSP_k9_disjoint","ranger_rf","classic_fast",20,-0.102218064701037,-0.105302941382663,-0.12066068834309,-0.0841966098744736,9.56917315705946e-05,2.57402973619883e-09,0.0496898731631834,0.00029443609714045,1.05277816210532e-06,1.19508523466374e-08
"best_ktsp_vs_each_classifier","mcc","tier1_main","P0_derivative_amplitude_deciles","RAW_DECILES","single_condition","single_condition","ds004504__EC","AD_vs_CN","kTSP_k9_disjoint","ranger_rf","classic_fast",20,-0.153301579681503,-0.157792599928912,-0.190294552840394,-0.115210928797595,0.000111576610520002,2.93628658452349e-07,0.0496898731631834,0.000324133170225704,0.000101889144482965,8.77510933305869e-07
"best_ktsp_vs_each_classifier","balanced_accuracy","tier1_main","P0_derivative_amplitude_deciles","RAW_DECILES","single_condition","single_condition","ds004504__EC","AD_vs_CN","kTSP_k9_disjoint","ranger_rf","classic_fast",20,-0.0949880952380953,-0.0949404761904762,-0.113011904761905,-0.0767136904761905,9.56917315705946e-05,4.75717266697196e-09,0.0490829590524173,0.000299071327167016,1.88859754878787e-06,1.99494337647211e-08
"best_ktsp_vs_each_classifier","macro_f1","tier1_main","P0_derivative_amplitude_deciles","RAW_DECILES","single_condition","single_condition","ds004504__EC","AD_vs_CN","kTSP_k9_disjoint","xgboost_default","classic_fast",20,-0.0467148452682508,-0.0583373497847182,-0.0681739482868353,-0.0229512086543917,0.00381238961812733,0.000880604651294541,0.590920390809723,0.00534351105505717,0.146180372114894,0.00128627645694708
"best_ktsp_vs_each_classifier","mcc","tier1_main","P0_derivative_amplitude_deciles","RAW_DECILES","single_condition","single_condition","ds004504__EC","AD_vs_CN","kTSP_k9_disjoint","xgboost_default","classic_fast",20,-0.0524051137641539,-0.0783094643597673,-0.0938876066254643,-0.011356352668478,0.0349190540817266,0.0258299509335292,1,0.0441798251155665,1,0.033164381445519
"best_ktsp_vs_each_classifier","balanced_accuracy","tier1_main","P0_derivative_amplitude_deciles","RAW_DECILES","single_condition","single_condition","ds004504__EC","AD_vs_CN","kTSP_k9_disjoint","xgboost_default","classic_fast",20,-0.0414107142857143,-0.0558333333333333,-0.0617986607142857,-0.0206532738095238,0.00265336548285359,0.000871182725829519,0.437428563904007,0.00382202230217137,0.139389236132723,0.0012514227000866
"best_ktsp_vs_each_classifier","macro_f1","tier1_main","P0_derivative_amplitude_deciles","RAW_DECILES","single_condition","single_condition","ds004504__EC","AD_vs_CN","kTSP_k9_disjoint","glmnet_lasso","classic_fast",20,0.0164975909023897,0.0316883447649702,-0.00560886651725466,0.0374773034541998,0.112594551560966,0.158011359891773,1,0.131571161374612,1,0.179794107535497
"best_ktsp_vs_each_classifier","mcc","tier1_main","P0_derivative_amplitude_deciles","RAW_DECILES","single_condition","single_condition","ds004504__EC","AD_vs_CN","kTSP_k9_disjoint","glmnet_lasso","classic_fast",20,0.0437354016710274,0.0517965197431628,0.00113692631219345,0.0832783149857055,0.045792839376136,0.0532047950206306,1,0.0573789794592547,1,0.0654054217747705
"best_ktsp_vs_each_classifier","balanced_accuracy","tier1_main","P0_derivative_amplitude_deciles","RAW_DECILES","single_condition","single_condition","ds004504__EC","AD_vs_CN","kTSP_k9_disjoint","glmnet_lasso","classic_fast",20,0.0181369047619047,0.0385714285714286,-0.00281636904761907,0.0366610119047619,0.112594551560966,0.0919843840597722,1,0.129533554893147,1,0.106767588640807
"best_ktsp_vs_each_classifier","macro_f1","tier1_main","P0_derivative_amplitude_deciles","RAW_DECILES","single_condition","single_condition","ds004504__EC","AD_vs_CN","kTSP_k9_disjoint","glmnet_ridge","classic_fast",20,-0.0091139341824326,-0.0155805632276221,-0.0305251235939413,0.0126790816499892,0.360375187544933,0.433826514144916,1,0.392039952977752,1,0.466094601973877
"best_ktsp_vs_each_classifier","mcc","tier1_main","P0_derivative_amplitude_deciles","RAW_DECILES","single_condition","single_condition","ds004504__EC","AD_vs_CN","kTSP_k9_disjoint","glmnet_ridge","classic_fast",20,-0.000582392600108766,0.014985594823921,-0.0437021032195783,0.04147521911117,0.955342600235536,0.979018874964042,1,0.96088617431814,1,0.979018874964042
"best_ktsp_vs_each_classifier","balanced_accuracy","tier1_main","P0_derivative_amplitude_deciles","RAW_DECILES","single_condition","single_condition","ds004504__EC","AD_vs_CN","kTSP_k9_disjoint","glmnet_ridge","classic_fast",20,-0.00655357142857143,-0.00642857142857139,-0.0263691964285714,0.013821875,0.537901747331259,0.548181999744806,1,0.576719399200525,1,0.585327802602257
"best_ktsp_vs_each_classifier","macro_f1","tier1_main","P0_derivative_amplitude_deciles","RAW_DECILES","single_condition","single_condition","ds004504__EC","AD_vs_FTD","kTSP_k9_disjoint","svm_linear_liblinear","classic_fast",20,0.0198861845069275,0.0216865079365079,-0.00942196988597917,0.0477295227916648,0.211064231877061,0.190485017591246,1,0.239114162475102,1,0.215330889450974
"best_ktsp_vs_each_classifier","mcc","tier1_main","P0_derivative_amplitude_deciles","RAW_DECILES","single_condition","single_condition","ds004504__EC","AD_vs_FTD","kTSP_k9_disjoint","svm_linear_liblinear","classic_fast",20,0.0744665147592044,0.0837699059317606,0.0224953497625286,0.127525233583031,0.0216782152709682,0.0142716209024481,1,0.0283232963339285,1,0.0188835696419161
"best_ktsp_vs_each_classifier","balanced_accuracy","tier1_main","P0_derivative_amplitude_deciles","RAW_DECILES","single_condition","single_condition","ds004504__EC","AD_vs_FTD","kTSP_k9_disjoint","svm_linear_liblinear","classic_fast",20,0.0350535714285714,0.0342857142857143,0.00735714285714287,0.061946875,0.0318079714495034,0.0207454176924052,1,0.0391203114468331,1,0.025807696650839
"best_ktsp_vs_each_classifier","macro_f1","tier1_main","P0_derivative_amplitude_deciles","RAW_DECILES","single_condition","single_condition","ds004504__EC","AD_vs_FTD","kTSP_k9_disjoint","glmnet_elasticnet","classic_fast",20,0.103700911833265,0.113612462958438,0.0729177020358812,0.132280184324834,0.00023574535856441,2.591802502179e-06,0.0653014643223415,0.000478857759584016,0.000767173540644984,5.98994356059147e-06
"best_ktsp_vs_each_classifier","mcc","tier1_main","P0_derivative_amplitude_deciles","RAW_DECILES","single_condition","single_condition","ds004504__EC","AD_vs_FTD","kTSP_k9_disjoint","glmnet_elasticnet","classic_fast",20,0.0683019920437456,0.0711561500621037,0.0118964114540406,0.121760325815427,0.0239066271188815,0.0256686527031833,1,0.0310011124733625,1,0.0331208421976558
"best_ktsp_vs_each_classifier","balanced_accuracy","tier1_main","P0_derivative_amplitude_deciles","RAW_DECILES","single_condition","single_condition","ds004504__EC","AD_vs_FTD","kTSP_k9_disjoint","glmnet_elasticnet","classic_fast",20,0.0368214285714286,0.0380357142857143,0.0107142857142857,0.0618066964285714,0.0177382249666578,0.013370544433951,1,0.0225522664612764,1,0.0171248352356023
"best_ktsp_vs_each_classifier","macro_f1","tier1_main","P0_derivative_amplitude_deciles","RAW_DECILES","single_condition","single_condition","ds004504__EC","AD_vs_FTD","kTSP_k9_disjoint","ranger_rf","classic_fast",20,-0.0613092811041728,-0.0577526313555726,-0.089626609769015,-0.0342603856691125,0.00108844053343019,0.000386268469031258,0.211157463485451,0.00170993678967885,0.0722322037088452,0.000601376059569623
"best_ktsp_vs_each_classifier","mcc","tier1_main","P0_derivative_amplitude_deciles","RAW_DECILES","single_condition","single_condition","ds004504__EC","AD_vs_FTD","kTSP_k9_disjoint","ranger_rf","classic_fast",20,-0.105179277772946,-0.0960750959826329,-0.156487450796668,-0.0550680115320701,0.00182529413147666,0.000800444549980971,0.354107061506472,0.00283329238318771,0.149683130846442,0.00124620109577876
"best_ktsp_vs_each_classifier","balanced_accuracy","tier1_main","P0_derivative_amplitude_deciles","RAW_DECILES","single_condition","single_condition","ds004504__EC","AD_vs_FTD","kTSP_k9_disjoint","ranger_rf","classic_fast",20,-0.044375,-0.0366071428571428,-0.0703580357142857,-0.0192321428571428,0.00679723087226417,0.00382705258513126,0.889173122080169,0.00897096460298824,0.501343888652195,0.00507698945684775
"best_ktsp_vs_each_classifier","macro_f1","tier1_main","P0_derivative_amplitude_deciles","RAW_DECILES","single_condition","single_condition","ds004504__EC","AD_vs_FTD","kTSP_k9_disjoint","majority","classic_fast",20,0.137983187993637,0.142979564295354,0.112409224926475,0.161948880937174,0.00011157661051997,2.26371605065235e-09,0.0496898731631834,0.000297537628053339,9.32651012868767e-07,1.0799379324213e-08
"best_ktsp_vs_each_classifier","mcc","tier1_main","P0_derivative_amplitude_deciles","RAW_DECILES","single_condition","single_condition","ds004504__EC","AD_vs_FTD","kTSP_k9_disjoint","majority","classic_fast",20,0.0973019072615002,0.105681640676005,0.0506098207722066,0.142969916731067,0.00265336548285355,0.000846752960853284,0.480259152396493,0.00397622493107742,0.154955791836151,0.00129741568296075
"best_ktsp_vs_each_classifier","balanced_accuracy","tier1_main","P0_derivative_amplitude_deciles","RAW_DECILES","single_condition","single_condition","ds004504__EC","AD_vs_FTD","kTSP_k9_disjoint","majority","classic_fast",20,0.0463214285714286,0.0514285714285714,0.0216245535714286,0.0679830357142857,0.00207038653113267,0.00120910447381978,0.362317642948218,0.00309368102353158,0.182574775546787,0.00169928196320618
"best_ktsp_vs_each_classifier","macro_f1","tier1_main","P0_derivative_amplitude_deciles","RAW_DECILES","single_condition","single_condition","ds004504__EC","AD_vs_FTD","kTSP_k9_disjoint","knn_euclidean","classic_fast",20,0.119342699010656,0.13487047266459,0.0815824130644467,0.154130611933002,0.000315046961090193,4.25978565940027e-06,0.0790767872336319,0.000583005052551247,0.00121403891292908,9.38596840206839e-06
"best_ktsp_vs_each_classifier","mcc","tier1_main","P0_derivative_amplitude_deciles","RAW_DECILES","single_condition","single_condition","ds004504__EC","AD_vs_FTD","kTSP_k9_disjoint","knn_euclidean","classic_fast",20,0.252419097580045,0.281201176679544,0.17683213203065,0.322359547633337,0.00023574535856441,1.91486547400735e-06,0.0688376447008077,0.000515073892661736,0.000612756951682353,4.95388082827773e-06
"best_ktsp_vs_each_classifier","balanced_accuracy","tier1_main","P0_derivative_amplitude_deciles","RAW_DECILES","single_condition","single_condition","ds004504__EC","AD_vs_FTD","kTSP_k9_disjoint","knn_euclidean","classic_fast",20,0.117892857142857,0.132321428571429,0.0834383928571429,0.150554910714286,0.00023574535856441,1.84530232699839e-06,0.0626295832706436,0.000466112496020886,0.00053882827948353,4.19020615737626e-06
"best_ktsp_vs_each_classifier","macro_f1","tier1_main","P0_derivative_amplitude_deciles","RAW_DECILES","single_condition","single_condition","ds004504__EC","AD_vs_FTD","kTSP_k9_disjoint","sda_shrinklda","classic_fast",20,0.00189417045802495,0.0125968183862921,-0.0309146636645089,0.0344927533852456,0.925640069588623,0.913442072491544,1,0.932815574004039,1,0.922310442127384
"best_ktsp_vs_each_classifier","mcc","tier1_main","P0_derivative_amplitude_deciles","RAW_DECILES","single_condition","single_condition","ds004504__EC","AD_vs_FTD","kTSP_k9_disjoint","sda_shrinklda","classic_fast",20,0.0325388369652286,0.0455865025686557,-0.0305511951571783,0.0970642963284175,0.30458604753525,0.342070508582933,1,0.341346432582608,1,0.380892215124465
"best_ktsp_vs_each_classifier","balanced_accuracy","tier1_main","P0_derivative_amplitude_deciles","RAW_DECILES","single_condition","single_condition","ds004504__EC","AD_vs_FTD","kTSP_k9_disjoint","sda_shrinklda","classic_fast",20,0.0139464285714286,0.0233928571428572,-0.0171973214285714,0.0455549107142857,0.444081179535047,0.39865609467894,1,0.48310086476616,1,0.43753145748543
"best_ktsp_vs_each_classifier","macro_f1","tier1_main","P0_derivative_amplitude_deciles","RAW_DECILES","single_condition","single_condition","ds004504__EC","AD_vs_FTD","kTSP_k9_disjoint","glmnet_lasso","classic_fast",20,0.105694613994537,0.129867573946521,0.0801581941289275,0.129965008928979,0.000151093078387232,1.99902603437764e-07,0.0496898731631834,0.000358759820828257,6.69673721516511e-05,5.58867493481922e-07
"best_ktsp_vs_each_classifier","mcc","tier1_main","P0_derivative_amplitude_deciles","RAW_DECILES","single_condition","single_condition","ds004504__EC","AD_vs_FTD","kTSP_k9_disjoint","glmnet_lasso","classic_fast",20,0.0771558817019396,0.09351744972831,0.0292462382678362,0.122363876230022,0.00848955537682006,0.00512791512320336,1,0.0117408744573043,0.748675607987691,0.007110708970842
"best_ktsp_vs_each_classifier","balanced_accuracy","tier1_main","P0_derivative_amplitude_deciles","RAW_DECILES","single_condition","single_condition","ds004504__EC","AD_vs_FTD","kTSP_k9_disjoint","glmnet_lasso","classic_fast",20,0.0416428571428571,0.0571428571428572,0.0171959821428571,0.0638754464285714,0.00679723087226414,0.00338398796942386,0.889173122080169,0.00897096460298824,0.450070399933373,0.0045352416085062
"best_ktsp_vs_each_classifier","macro_f1","tier1_main","P0_derivative_amplitude_deciles","RAW_DECILES","single_condition","single_condition","ds004504__EC","AD_vs_FTD","kTSP_k9_disjoint","glmnet_ridge","classic_fast",20,0.092502528860888,0.106701040187882,0.0678636326929864,0.11834012467151,0.000151093078387232,1.7062967877128e-06,0.0496898731631834,0.000358759820828257,0.000520420520252405,4.10775152597527e-06
"best_ktsp_vs_each_classifier","mcc","tier1_main","P0_derivative_amplitude_deciles","RAW_DECILES","single_condition","single_condition","ds004504__EC","AD_vs_FTD","kTSP_k9_disjoint","glmnet_ridge","classic_fast",20,0.0546680043734359,0.0649403941025167,0.00205026629495239,0.104553673154158,0.0593893708302478,0.0562277347119288,1,0.0733550423556504,1,0.0689585425712334
"best_ktsp_vs_each_classifier","balanced_accuracy","tier1_main","P0_derivative_amplitude_deciles","RAW_DECILES","single_condition","single_condition","ds004504__EC","AD_vs_FTD","kTSP_k9_disjoint","glmnet_ridge","classic_fast",20,0.0325892857142857,0.0330357142857143,0.00826696428571427,0.055821875,0.0216782152709682,0.0177119878209052,1,0.0274274256469672,1,0.0221933341370378
"best_ktsp_vs_each_classifier","macro_f1","tier1_main","P0_derivative_amplitude_deciles","RAW_DECILES","single_condition","single_condition","ds004504__EC","AD_vs_FTD","kTSP_k9_disjoint","xgboost_default","classic_fast",20,-0.0855011729756312,-0.0962727713463007,-0.115365381663185,-0.0551533559352155,0.000635624201131427,3.75673599410175e-05,0.134116706438723,0.00105262606556797,0.00879076222619809,6.78299554490594e-05
"best_ktsp_vs_each_classifier","mcc","tier1_main","P0_derivative_amplitude_deciles","RAW_DECILES","single_condition","single_condition","ds004504__EC","AD_vs_FTD","kTSP_k9_disjoint","xgboost_default","classic_fast",20,-0.145401569980371,-0.148954885933964,-0.207817847709945,-0.0811629109358786,0.00182529413147666,0.000357383817327964,0.354107061506472,0.00283329238318771,0.0729062987349046,0.000584401210724972
"best_ktsp_vs_each_classifier","balanced_accuracy","tier1_main","P0_derivative_amplitude_deciles","RAW_DECILES","single_condition","single_condition","ds004504__EC","AD_vs_FTD","kTSP_k9_disjoint","xgboost_default","classic_fast",20,-0.0679821428571429,-0.0725,-0.0974491071428572,-0.0357803571428572,0.00234534072287745,0.0004609121523041,0.403398604334922,0.00343542866449663,0.083425099567042,0.00070285724105024
"best_ktsp_vs_each_classifier","macro_f1","tier1_main","P0_derivative_amplitude_deciles","RAW_DECILES","single_condition","single_condition","ds004504__EC","AD_vs_FTD","kTSP_k9_disjoint","xgboost_shallow","classic_fast",20,-0.0855011729756312,-0.0962727713463007,-0.11516436512941,-0.0543406228639782,0.000635624201131427,3.75673599410175e-05,0.134116706438723,0.00105262606556797,0.00879076222619809,6.78299554490594e-05
"best_ktsp_vs_each_classifier","mcc","tier1_main","P0_derivative_amplitude_deciles","RAW_DECILES","single_condition","single_condition","ds004504__EC","AD_vs_FTD","kTSP_k9_disjoint","xgboost_shallow","classic_fast",20,-0.145401569980371,-0.148954885933964,-0.207244776421355,-0.0806570736315339,0.00182529413147666,0.000357383817327964,0.354107061506472,0.00283329238318771,0.0729062987349046,0.000584401210724972
"best_ktsp_vs_each_classifier","balanced_accuracy","tier1_main","P0_derivative_amplitude_deciles","RAW_DECILES","single_condition","single_condition","ds004504__EC","AD_vs_FTD","kTSP_k9_disjoint","xgboost_shallow","classic_fast",20,-0.0679821428571429,-0.0725,-0.0982334821428572,-0.0355357142857143,0.00234534072287745,0.0004609121523041,0.403398604334922,0.00343542866449663,0.083425099567042,0.00070285724105024
"best_ktsp_vs_each_classifier","macro_f1","tier1_main","P0_derivative_amplitude_deciles","RAW_DECILES","single_condition","single_condition","ds004504__EC","CN_vs_FTD","kTSP_k9_disjoint","glmnet_elasticnet","classic_fast",20,0.129573480441128,0.113539793539794,0.096526096779038,0.159011973810503,0.00023574535856441,2.99105231258064e-07,0.0653014643223415,0.000478857759584016,9.84056210839031e-05,8.10076667990591e-07
"best_ktsp_vs_each_classifier","mcc","tier1_main","P0_derivative_amplitude_deciles","RAW_DECILES","single_condition","single_condition","ds004504__EC","CN_vs_FTD","kTSP_k9_disjoint","glmnet_elasticnet","classic_fast",20,0.247769936949993,0.235247294708775,0.181750739403447,0.306348942932978,0.000272706565159098,4.45100386850069e-07,0.0769032513748625,0.000571804088236818,0.000150889031142173,1.2717153910002e-06
"best_ktsp_vs_each_classifier","balanced_accuracy","tier1_main","P0_derivative_amplitude_deciles","RAW_DECILES","single_condition","single_condition","ds004504__EC","CN_vs_FTD","kTSP_k9_disjoint","glmnet_elasticnet","classic_fast",20,0.116166666666667,0.11,0.08758125,0.141333333333333,0.000151093078387232,9.22902121013521e-08,0.0490829590524173,0.000335762396416189,3.18401231749665e-05,2.72675626663086e-07
"best_ktsp_vs_each_classifier","macro_f1","tier1_main","P0_derivative_amplitude_deciles","RAW_DECILES","single_condition","single_condition","ds004504__EC","CN_vs_FTD","kTSP_k9_disjoint","svm_linear_liblinear","classic_fast",20,0.0797802507949567,0.0861419462890051,0.0527786964261229,0.104360217356173,0.000418811376312389,8.64082309818449e-06,0.0971642393044646,0.000738243781974381,0.00233302223650981,1.79013068169559e-05
"best_ktsp_vs_each_classifier","mcc","tier1_main","P0_derivative_amplitude_deciles","RAW_DECILES","single_condition","single_condition","ds004504__EC","CN_vs_FTD","kTSP_k9_disjoint","svm_linear_liblinear","classic_fast",20,0.174009854285982,0.208257313967573,0.125244073421855,0.218024217161027,0.000272706565159098,8.68311952286217e-07,0.0769032513748625,0.000571804088236818,0.000283938008397593,2.32743409891151e-06
"best_ktsp_vs_each_classifier","balanced_accuracy","tier1_main","P0_derivative_amplitude_deciles","RAW_DECILES","single_condition","single_condition","ds004504__EC","CN_vs_FTD","kTSP_k9_disjoint","svm_linear_liblinear","classic_fast",20,0.084,0.0891666666666666,0.0596666666666666,0.105416666666667,0.000312770112989025,1.2262344543575e-06,0.0763159075693221,0.000578884875501415,0.000366644101852892,2.87226088408063e-06
"best_ktsp_vs_each_classifier","macro_f1","tier1_main","P0_derivative_amplitude_deciles","RAW_DECILES","single_condition","single_condition","ds004504__EC","CN_vs_FTD","kTSP_k9_disjoint","glmnet_lasso","classic_fast",20,0.169623212571742,0.176758241758242,0.138818305489445,0.200063576558246,9.56917315706463e-05,2.04588252335565e-09,0.0496898731631834,0.00029443609714045,8.46995364669238e-07,9.94260665556016e-09
"best_ktsp_vs_each_classifier","mcc","tier1_main","P0_derivative_amplitude_deciles","RAW_DECILES","single_condition","single_condition","ds004504__EC","CN_vs_FTD","kTSP_k9_disjoint","glmnet_lasso","classic_fast",20,0.331036453545634,0.332376911831243,0.270259809069286,0.3899861982542,9.56917315706463e-05,2.51632567437957e-09,0.0496898731631834,0.000324133170225704,1.07698738863446e-06,1.40697779642729e-08
"best_ktsp_vs_each_classifier","balanced_accuracy","tier1_main","P0_derivative_amplitude_deciles","RAW_DECILES","single_condition","single_condition","ds004504__EC","CN_vs_FTD","kTSP_k9_disjoint","glmnet_lasso","classic_fast",20,0.152083333333333,0.15,0.123833333333333,0.17916875,9.55574483907373e-05,1.72760996184194e-09,0.0490829590524173,0.000299071327167016,7.15230524202565e-07,8.39586149680197e-09
"best_ktsp_vs_each_classifier","macro_f1","tier1_main","P0_derivative_amplitude_deciles","RAW_DECILES","single_condition","single_condition","ds004504__EC","CN_vs_FTD","kTSP_k9_disjoint","ranger_rf","classic_fast",20,-0.0708704351204351,-0.0696267621267622,-0.0981450847763348,-0.0441042776667777,0.000635624201131427,0.000102387983701372,0.134116706438723,0.00105262606556797,0.0208871486750799,0.000167955052128434
"best_ktsp_vs_each_classifier","mcc","tier1_main","P0_derivative_amplitude_deciles","RAW_DECILES","single_condition","single_condition","ds004504__EC","CN_vs_FTD","kTSP_k9_disjoint","ranger_rf","classic_fast",20,-0.111799305363916,-0.0949371000491869,-0.165654065306298,-0.0625027084240794,0.000833948987816245,0.000436576279542536,0.185970624283011,0.0014171682145897,0.0864421033494221,0.000702847261183029
"best_ktsp_vs_each_classifier","balanced_accuracy","tier1_main","P0_derivative_amplitude_deciles","RAW_DECILES","single_condition","single_condition","ds004504__EC","CN_vs_FTD","kTSP_k9_disjoint","ranger_rf","classic_fast",20,-0.0598333333333333,-0.0533333333333334,-0.0854166666666667,-0.0357479166666667,0.000728541800169879,0.00021161141106759,0.152102310034934,0.00120650234423037,0.0406293909249774,0.000334461804726891
"best_ktsp_vs_each_classifier","macro_f1","tier1_main","P0_derivative_amplitude_deciles","RAW_DECILES","single_condition","single_condition","ds004504__EC","CN_vs_FTD","kTSP_k9_disjoint","knn_euclidean","classic_fast",20,0.0532915826004061,0.0558169934640523,0.0287356542966837,0.0768901345386639,0.0018252941314767,0.000453373965872307,0.312125296482509,0.00270413945403955,0.0825140617887599,0.000695440891603539
"best_ktsp_vs_each_classifier","mcc","tier1_main","P0_derivative_amplitude_deciles","RAW_DECILES","single_condition","single_condition","ds004504__EC","CN_vs_FTD","kTSP_k9_disjoint","knn_euclidean","classic_fast",20,0.0675802437888333,0.0616537184381527,0.0183020883640554,0.113581182810259,0.00679723087226414,0.012816619177648,1,0.00947603231522082,1,0.0170451201339565
"best_ktsp_vs_each_classifier","balanced_accuracy","tier1_main","P0_derivative_amplitude_deciles","RAW_DECILES","single_condition","single_condition","ds004504__EC","CN_vs_FTD","kTSP_k9_disjoint","knn_euclidean","classic_fast",20,0.0480833333333333,0.0366666666666667,0.0262479166666667,0.0690875,0.00123982052617944,0.000536161598989551,0.238814743557706,0.00191495929591055,0.094364441422161,0.000808127627462512
"best_ktsp_vs_each_classifier","macro_f1","tier1_main","P0_derivative_amplitude_deciles","RAW_DECILES","single_condition","single_condition","ds004504__EC","CN_vs_FTD","kTSP_k9_disjoint","majority","classic_fast",20,0.296922745555099,0.299173522555876,0.275554709424562,0.319595431202784,9.56917315706463e-05,2.10397197368251e-16,0.0496898731631834,0.00029443609714045,1.00780257539392e-13,2.60491768170216e-15
"best_ktsp_vs_each_classifier","mcc","tier1_main","P0_derivative_amplitude_deciles","RAW_DECILES","single_condition","single_condition","ds004504__EC","CN_vs_FTD","kTSP_k9_disjoint","majority","classic_fast",20,0.373914707537005,0.371042033205403,0.336537767923239,0.410755023422416,9.56917315706463e-05,5.83071592211034e-14,0.0496898731631834,0.000324133170225704,2.80457435853507e-11,7.57993069874344e-13
"best_ktsp_vs_each_classifier","balanced_accuracy","tier1_main","P0_derivative_amplitude_deciles","RAW_DECILES","single_condition","single_condition","ds004504__EC","CN_vs_FTD","kTSP_k9_disjoint","majority","classic_fast",20,0.174,0.173333333333333,0.154833333333333,0.193416666666667,9.48881743254582e-05,3.08574332770164e-13,0.0490829590524173,0.000299071327167016,1.45647085067518e-10,3.27466638858134e-12
"best_ktsp_vs_each_classifier","macro_f1","tier1_main","P0_derivative_amplitude_deciles","RAW_DECILES","single_condition","single_condition","ds004504__EC","CN_vs_FTD","kTSP_k9_disjoint","sda_shrinklda","classic_fast",20,-0.0421005244755245,-0.054451936951937,-0.0664605852480853,-0.0159465267371517,0.0076012721653909,0.00490359868110188,1,0.0102400557668478,0.657082223267652,0.00658881476530485
"best_ktsp_vs_each_classifier","mcc","tier1_main","P0_derivative_amplitude_deciles","RAW_DECILES","single_condition","single_condition","ds004504__EC","CN_vs_FTD","kTSP_k9_disjoint","sda_shrinklda","classic_fast",20,-0.0701503894279781,-0.0847191394392617,-0.117755433906432,-0.0219920625014215,0.0160420619163945,0.011373650664472,1,0.0214444015334836,1,0.0152430369730037
"best_ktsp_vs_each_classifier","balanced_accuracy","tier1_main","P0_derivative_amplitude_deciles","RAW_DECILES","single_condition","single_condition","ds004504__EC","CN_vs_FTD","kTSP_k9_disjoint","sda_shrinklda","classic_fast",20,-0.03675,-0.0458333333333333,-0.0600854166666667,-0.013,0.0105491877123423,0.00671542253668011,1,0.0136118551126997,0.812566126938294,0.00873004929768415
"best_ktsp_vs_each_classifier","macro_f1","tier1_main","P0_derivative_amplitude_deciles","RAW_DECILES","single_condition","single_condition","ds004504__EC","CN_vs_FTD","kTSP_k9_disjoint","glmnet_ridge","classic_fast",20,0.0151382155426273,0.0245407370407371,-0.0162130014389206,0.0476181834097275,0.48978275936519,0.363810985996717,1,0.525127906948244,1,0.39744057293759
"best_ktsp_vs_each_classifier","mcc","tier1_main","P0_derivative_amplitude_deciles","RAW_DECILES","single_condition","single_condition","ds004504__EC","CN_vs_FTD","kTSP_k9_disjoint","glmnet_ridge","classic_fast",20,0.0154232498532615,0.0272901283825933,-0.0361560416310389,0.0683498229733754,0.513548893500135,0.582287764612335,1,0.549476182345823,1,0.612934489065616
"best_ktsp_vs_each_classifier","balanced_accuracy","tier1_main","P0_derivative_amplitude_deciles","RAW_DECILES","single_condition","single_condition","ds004504__EC","CN_vs_FTD","kTSP_k9_disjoint","glmnet_ridge","classic_fast",20,0.0145833333333333,0.0233333333333333,-0.0106666666666667,0.0397520833333333,0.400834691465134,0.280619312698703,1,0.439824292886816,1,0.313137430479239
"best_ktsp_vs_each_classifier","macro_f1","tier1_main","P0_derivative_amplitude_deciles","RAW_DECILES","single_condition","single_condition","ds004504__EC","CN_vs_FTD","kTSP_k9_disjoint","xgboost_default","classic_fast",20,0.0360495370642429,0.0415953817424405,-0.00316502435473024,0.0783460179526355,0.15063055879143,0.108983417271088,1,0.173291793299876,1,0.125936393291035
"best_ktsp_vs_each_classifier","mcc","tier1_main","P0_derivative_amplitude_deciles","RAW_DECILES","single_condition","single_condition","ds004504__EC","CN_vs_FTD","kTSP_k9_disjoint","xgboost_default","classic_fast",20,0.0955472493041064,0.0891965527256318,0.0262298476938743,0.169020456393132,0.0318228687346354,0.020276818226914,1,0.0404593930122503,1,0.0264464054753008
"best_ktsp_vs_each_classifier","balanced_accuracy","tier1_main","P0_derivative_amplitude_deciles","RAW_DECILES","single_condition","single_condition","ds004504__EC","CN_vs_FTD","kTSP_k9_disjoint","xgboost_default","classic_fast",20,0.0426666666666667,0.0433333333333334,0.00616666666666668,0.08116875,0.0545262210772923,0.0407451108654293,1,0.0650312728444771,1,0.048931772863795
"best_ktsp_vs_each_classifier","macro_f1","tier1_main","P0_derivative_amplitude_deciles","RAW_DECILES","single_condition","single_condition","ds004504__EC","CN_vs_FTD","kTSP_k9_disjoint","xgboost_shallow","classic_fast",20,0.0360495370642429,0.0415953817424405,-0.00475008622913034,0.0791198080922345,0.15063055879143,0.108983417271088,1,0.173291793299876,1,0.125936393291035
"best_ktsp_vs_each_classifier","mcc","tier1_main","P0_derivative_amplitude_deciles","RAW_DECILES","single_condition","single_condition","ds004504__EC","CN_vs_FTD","kTSP_k9_disjoint","xgboost_shallow","classic_fast",20,0.0955472493041064,0.0891965527256318,0.0240867033482509,0.171201759740503,0.0318228687346354,0.020276818226914,1,0.0404593930122503,1,0.0264464054753008
"best_ktsp_vs_each_classifier","balanced_accuracy","tier1_main","P0_derivative_amplitude_deciles","RAW_DECILES","single_condition","single_condition","ds004504__EC","CN_vs_FTD","kTSP_k9_disjoint","xgboost_shallow","classic_fast",20,0.0426666666666667,0.0433333333333334,0.00708125,0.0815833333333333,0.0545262210772923,0.0407451108654293,1,0.0650312728444771,1,0.048931772863795
"best_ktsp_vs_each_classifier","macro_f1","tier1_main","P0_derivative_amplitude_deciles","RAW_DECILES","single_condition","single_condition","ds006036__EO_or_photomark","AD_FTD_vs_CN","kTSP_k9_disjoint","glmnet_elasticnet","classic_fast",20,0.0140683592253613,0.0140273679621505,-0.0201693596890693,0.0485808445532182,0.40091675928529,0.444783778425942,1,0.433423523551665,1,0.476881576869052
"best_ktsp_vs_each_classifier","mcc","tier1_main","P0_derivative_amplitude_deciles","RAW_DECILES","single_condition","single_condition","ds006036__EO_or_photomark","AD_FTD_vs_CN","kTSP_k9_disjoint","glmnet_elasticnet","classic_fast",20,0.0155597898619519,0.0336290696032114,-0.0469201077107196,0.0747363658560217,0.537901747331259,0.628306551788534,1,0.57200185810277,1,0.656063066124573
"best_ktsp_vs_each_classifier","balanced_accuracy","tier1_main","P0_derivative_amplitude_deciles","RAW_DECILES","single_condition","single_condition","ds006036__EO_or_photomark","AD_FTD_vs_CN","kTSP_k9_disjoint","glmnet_elasticnet","classic_fast",20,0.0166515151515152,0.0212878787878788,-0.0140231060606061,0.0450535984848485,0.161484250327599,0.302665248574884,1,0.182192627287549,1,0.335577674326097
"best_ktsp_vs_each_classifier","macro_f1","tier1_main","P0_derivative_amplitude_deciles","RAW_DECILES","single_condition","single_condition","ds006036__EO_or_photomark","AD_FTD_vs_CN","kTSP_k9_disjoint","svm_linear_liblinear","classic_fast",20,0.068334626968206,0.076414658128921,0.0444034232351098,0.0910926629881545,0.000481928896718165,1.82360472794237e-05,0.108434001761586,0.000832568193665932,0.0045407757725765,3.48630315636041e-05
"best_ktsp_vs_each_classifier","mcc","tier1_main","P0_derivative_amplitude_deciles","RAW_DECILES","single_condition","single_condition","ds006036__EO_or_photomark","AD_FTD_vs_CN","kTSP_k9_disjoint","svm_linear_liblinear","classic_fast",20,0.129550354409439,0.148675822493342,0.0854944488751688,0.172887925629508,0.000418811376312389,2.40427851508878e-05,0.105540466830712,0.000777792556008723,0.00625112413923083,4.79013344002363e-05
"best_ktsp_vs_each_classifier","balanced_accuracy","tier1_main","P0_derivative_amplitude_deciles","RAW_DECILES","single_condition","single_condition","ds006036__EO_or_photomark","AD_FTD_vs_CN","kTSP_k9_disjoint","svm_linear_liblinear","classic_fast",20,0.0503636363636364,0.0615151515151515,0.0275227272727273,0.0723420454545454,0.00265336548285355,0.000464238816189915,0.437428563904007,0.00382202230217137,0.083425099567042,0.000705860188358935
"best_ktsp_vs_each_classifier","macro_f1","tier1_main","P0_derivative_amplitude_deciles","RAW_DECILES","single_condition","single_condition","ds006036__EO_or_photomark","AD_FTD_vs_CN","kTSP_k9_disjoint","knn_euclidean","classic_fast",20,-0.00970518519948004,-0.00640171068744788,-0.0346116127758483,0.0148869950347327,0.537901747331259,0.458255657475844,1,0.573173993057899,1,0.490314695241644
"best_ktsp_vs_each_classifier","mcc","tier1_main","P0_derivative_amplitude_deciles","RAW_DECILES","single_condition","single_condition","ds006036__EO_or_photomark","AD_FTD_vs_CN","kTSP_k9_disjoint","knn_euclidean","classic_fast",20,0.00158587046462073,0.0141839232862046,-0.0449630201037133,0.04605590630177,0.896040840009703,0.947608135478923,1,0.90826751813849,1,0.956808214464155
"best_ktsp_vs_each_classifier","balanced_accuracy","tier1_main","P0_derivative_amplitude_deciles","RAW_DECILES","single_condition","single_condition","ds006036__EO_or_photomark","AD_FTD_vs_CN","kTSP_k9_disjoint","knn_euclidean","classic_fast",20,-0.0113106060606061,-0.00848484848484843,-0.0346901515151515,0.0109327651515151,0.40091675928529,0.359212157415269,1,0.439824292886816,1,0.395742207321907
"best_ktsp_vs_each_classifier","macro_f1","tier1_main","P0_derivative_amplitude_deciles","RAW_DECILES","single_condition","single_condition","ds006036__EO_or_photomark","AD_FTD_vs_CN","kTSP_k9_disjoint","ranger_rf","classic_fast",20,-0.00951981773046739,-0.00250316310098919,-0.0308968965092512,0.0110926285537352,0.48978275936519,0.403791795388752,1,0.525127906948244,1,0.436531670690543
"best_ktsp_vs_each_classifier","mcc","tier1_main","P0_derivative_amplitude_deciles","RAW_DECILES","single_condition","single_condition","ds006036__EO_or_photomark","AD_FTD_vs_CN","kTSP_k9_disjoint","ranger_rf","classic_fast",20,-0.0219824195262264,-0.0128748711453944,-0.0634469411560303,0.0179434697817222,0.40091675928529,0.315775748301972,1,0.439824292886816,1,0.353886614476348
"best_ktsp_vs_each_classifier","balanced_accuracy","tier1_main","P0_derivative_amplitude_deciles","RAW_DECILES","single_condition","single_condition","ds006036__EO_or_photomark","AD_FTD_vs_CN","kTSP_k9_disjoint","ranger_rf","classic_fast",20,0.00547727272727275,0.0096212121212122,-0.0144655303030303,0.0259323863636364,0.601181013818558,0.612653790454454,1,0.637988014664592,1,0.644898726794162
"best_ktsp_vs_each_classifier","macro_f1","tier1_main","P0_derivative_amplitude_deciles","RAW_DECILES","single_condition","single_condition","ds006036__EO_or_photomark","AD_FTD_vs_CN","kTSP_k9_disjoint","xgboost_default","classic_fast",20,0.0812377445783941,0.0992786680858764,0.05593181701522,0.104051135712476,0.000315046961090193,3.6576103697333e-06,0.0790767872336319,0.000583005052551247,0.00106436461759239,8.23358178468102e-06
"best_ktsp_vs_each_classifier","mcc","tier1_main","P0_derivative_amplitude_deciles","RAW_DECILES","single_condition","single_condition","ds006036__EO_or_photomark","AD_FTD_vs_CN","kTSP_k9_disjoint","xgboost_default","classic_fast",20,0.171431813307012,0.205065563124535,0.125420783978055,0.214031856558606,0.000203524868067628,5.1775945026442e-07,0.0614645101564185,0.000464179523663012,0.000173967175288845,1.44749953837365e-06
"best_ktsp_vs_each_classifier","balanced_accuracy","tier1_main","P0_derivative_amplitude_deciles","RAW_DECILES","single_condition","single_condition","ds006036__EO_or_photomark","AD_FTD_vs_CN","kTSP_k9_disjoint","xgboost_default","classic_fast",20,0.0824469696969697,0.0908333333333334,0.0580619318181818,0.103522916666667,0.000272706565159098,1.43043695107194e-06,0.0697269543759944,0.000513794977835981,0.000424839774468365,3.30589873136625e-06
"best_ktsp_vs_each_classifier","macro_f1","tier1_main","P0_derivative_amplitude_deciles","RAW_DECILES","single_condition","single_condition","ds006036__EO_or_photomark","AD_FTD_vs_CN","kTSP_k9_disjoint","glmnet_lasso","classic_fast",20,0.0319976261181372,0.0148942200700072,0.00708022333747266,0.0583182542717951,0.0263310655474143,0.0284390749920341,1,0.0329931423726637,1,0.035378753578607
"best_ktsp_vs_each_classifier","mcc","tier1_main","P0_derivative_amplitude_deciles","RAW_DECILES","single_condition","single_condition","ds006036__EO_or_photomark","AD_FTD_vs_CN","kTSP_k9_disjoint","glmnet_lasso","classic_fast",20,0.0407005248296454,0.0277983670545777,-0.00389836640363599,0.088622691212128,0.211064231877061,0.114412960217236,1,0.243355655379316,1,0.136689606018461
"best_ktsp_vs_each_classifier","balanced_accuracy","tier1_main","P0_derivative_amplitude_deciles","RAW_DECILES","single_condition","single_condition","ds006036__EO_or_photomark","AD_FTD_vs_CN","kTSP_k9_disjoint","glmnet_lasso","classic_fast",20,0.0280606060606061,0.0216666666666667,0.00535984848484849,0.0517227272727272,0.0318228687346354,0.0319830746839064,1,0.0391203114468331,1,0.0391322325544267
"best_ktsp_vs_each_classifier","macro_f1","tier1_main","P0_derivative_amplitude_deciles","RAW_DECILES","single_condition","single_condition","ds006036__EO_or_photomark","AD_FTD_vs_CN","kTSP_k9_disjoint","majority","classic_fast",20,0.266868579028295,0.278894438894439,0.25038334629562,0.281903835402463,9.56917315706463e-05,5.84531582892884e-18,0.0496898731631834,0.00029443609714045,2.82328754537263e-15,7.99885323958684e-17
"best_ktsp_vs_each_classifier","mcc","tier1_main","P0_derivative_amplitude_deciles","RAW_DECILES","single_condition","single_condition","ds006036__EO_or_photomark","AD_FTD_vs_CN","kTSP_k9_disjoint","majority","classic_fast",20,0.377399639458039,0.407350278907255,0.346831745906129,0.402737701806452,9.56917315706463e-05,4.60097763415516e-16,0.0496898731631834,0.000324133170225704,2.23607513019941e-13,6.83573819931624e-15
"best_ktsp_vs_each_classifier","balanced_accuracy","tier1_main","P0_derivative_amplitude_deciles","RAW_DECILES","single_condition","single_condition","ds006036__EO_or_photomark","AD_FTD_vs_CN","kTSP_k9_disjoint","majority","classic_fast",20,0.177719696969697,0.186742424242424,0.162060416666667,0.191068371212121,9.55574483907373e-05,2.37300227808698e-15,0.0490829590524173,0.000299071327167016,1.14616010031601e-12,3.24726627527692e-14
"best_ktsp_vs_each_classifier","macro_f1","tier1_main","P0_derivative_amplitude_deciles","RAW_DECILES","single_condition","single_condition","ds006036__EO_or_photomark","AD_FTD_vs_CN","kTSP_k9_disjoint","glmnet_ridge","classic_fast",20,0.0175655225969269,0.00836575055017458,-0.00825170679949301,0.0453533449861317,0.322508682620795,0.226753224223642,1,0.351581792374871,1,0.253573498056546
"best_ktsp_vs_each_classifier","mcc","tier1_main","P0_derivative_amplitude_deciles","RAW_DECILES","single_condition","single_condition","ds006036__EO_or_photomark","AD_FTD_vs_CN","kTSP_k9_disjoint","glmnet_ridge","classic_fast",20,-0.00645507154659498,-0.0187634051880637,-0.0519381447213824,0.0423278275821778,0.562821054418315,0.796030129772382,1,0.594851520929927,1,0.814382265915241
"best_ktsp_vs_each_classifier","balanced_accuracy","tier1_main","P0_derivative_amplitude_deciles","RAW_DECILES","single_condition","single_condition","ds006036__EO_or_photomark","AD_FTD_vs_CN","kTSP_k9_disjoint","glmnet_ridge","classic_fast",20,0.0261969696969697,0.0256060606060606,0.00369678030303031,0.0490454545454545,0.0239066271188815,0.0403157153028637,1,0.029883283898602,1,0.0486407702029911
"best_ktsp_vs_each_classifier","macro_f1","tier1_main","P0_derivative_amplitude_deciles","RAW_DECILES","single_condition","single_condition","ds006036__EO_or_photomark","AD_FTD_vs_CN","kTSP_k9_disjoint","sda_shrinklda","classic_fast",20,-0.0479051611818291,-0.0333792458843609,-0.0676409748941514,-0.0291291801991241,0.000315046961090167,0.000158721749845881,0.0790767872336319,0.000583005052551247,0.0319030717190221,0.000257922843499557
"best_ktsp_vs_each_classifier","mcc","tier1_main","P0_derivative_amplitude_deciles","RAW_DECILES","single_condition","single_condition","ds006036__EO_or_photomark","AD_FTD_vs_CN","kTSP_k9_disjoint","sda_shrinklda","classic_fast",20,-0.0728339394977479,-0.0445110757973396,-0.112314286486608,-0.0379476385593225,0.00182529413147666,0.00127765102247665,0.354107061506472,0.00283329238318771,0.222311277910937,0.00191463553800535
"best_ktsp_vs_each_classifier","balanced_accuracy","tier1_main","P0_derivative_amplitude_deciles","RAW_DECILES","single_condition","single_condition","ds006036__EO_or_photomark","AD_FTD_vs_CN","kTSP_k9_disjoint","sda_shrinklda","classic_fast",20,-0.0394393939393939,-0.0261363636363636,-0.0591823863636363,-0.0208467803030303,0.0012398205261794,0.00076579012966659,0.238814743557706,0.00191495929591055,0.126355371394987,0.00111856985232199
"best_ktsp_vs_each_classifier","macro_f1","tier1_main","P0_derivative_amplitude_deciles","RAW_DECILES","single_condition","single_condition","ds006036__EO_or_photomark","AD_FTD_vs_CN","kTSP_k9_disjoint","xgboost_shallow","classic_fast",20,0.0812377445783941,0.0992786680858764,0.0565491252752739,0.104465360330097,0.000315046961090193,3.6576103697333e-06,0.0790767872336319,0.000583005052551247,0.00106436461759239,8.23358178468102e-06
"best_ktsp_vs_each_classifier","mcc","tier1_main","P0_derivative_amplitude_deciles","RAW_DECILES","single_condition","single_condition","ds006036__EO_or_photomark","AD_FTD_vs_CN","kTSP_k9_disjoint","xgboost_shallow","classic_fast",20,0.171431813307012,0.205065563124535,0.124464313765929,0.213071639806857,0.000203524868067628,5.1775945026442e-07,0.0614645101564185,0.000464179523663012,0.000173967175288845,1.44749953837365e-06
"best_ktsp_vs_each_classifier","balanced_accuracy","tier1_main","P0_derivative_amplitude_deciles","RAW_DECILES","single_condition","single_condition","ds006036__EO_or_photomark","AD_FTD_vs_CN","kTSP_k9_disjoint","xgboost_shallow","classic_fast",20,0.0824469696969697,0.0908333333333334,0.0587028409090909,0.10415928030303,0.000272706565159098,1.43043695107194e-06,0.0697269543759944,0.000513794977835981,0.000424839774468365,3.30589873136625e-06
"best_ktsp_vs_each_classifier","macro_f1","tier1_main","P0_derivative_amplitude_deciles","RAW_DECILES","single_condition","single_condition","ds006036__EO_or_photomark","AD_vs_CN","kTSP_k9_disjoint","sda_shrinklda","classic_fast",20,-0.0341999839685598,-0.0299076250546839,-0.0556542532201201,-0.0123704065885954,0.0105491877123423,0.00758009458495745,1,0.0138524687131767,0.928554922627594,0.00987882001047086
"best_ktsp_vs_each_classifier","mcc","tier1_main","P0_derivative_amplitude_deciles","RAW_DECILES","single_condition","single_condition","ds006036__EO_or_photomark","AD_vs_CN","kTSP_k9_disjoint","sda_shrinklda","classic_fast",20,-0.0183399684989142,-0.0129075666215321,-0.0592436328468894,0.0239623419729339,0.40091675928529,0.421409330311342,1,0.439824292886816,1,0.460363133953567
"best_ktsp_vs_each_classifier","balanced_accuracy","tier1_main","P0_derivative_amplitude_deciles","RAW_DECILES","single_condition","single_condition","ds006036__EO_or_photomark","AD_vs_CN","kTSP_k9_disjoint","sda_shrinklda","classic_fast",20,-0.026547619047619,-0.0223214285714285,-0.0462380952380952,-0.00648169642857144,0.0216782152709683,0.0216271174323119,1,0.0274274256469672,1,0.0268403366701723
"best_ktsp_vs_each_classifier","macro_f1","tier1_main","P0_derivative_amplitude_deciles","RAW_DECILES","single_condition","single_condition","ds006036__EO_or_photomark","AD_vs_CN","kTSP_k9_disjoint","glmnet_elasticnet","classic_fast",20,0.0078512403489184,0.00872440339158609,-0.0118935644098763,0.0272895225517517,0.588284480889313,0.468330177673968,1,0.62303040745915,1,0.500065076777132
"best_ktsp_vs_each_classifier","mcc","tier1_main","P0_derivative_amplitude_deciles","RAW_DECILES","single_condition","single_condition","ds006036__EO_or_photomark","AD_vs_CN","kTSP_k9_disjoint","glmnet_elasticnet","classic_fast",20,0.0358171559748127,0.0333535448746087,0.00388608529600967,0.0663300677331335,0.064607095537442,0.04502054343299,1,0.0788631213133095,1,0.0554755511496559
"best_ktsp_vs_each_classifier","balanced_accuracy","tier1_main","P0_derivative_amplitude_deciles","RAW_DECILES","single_condition","single_condition","ds006036__EO_or_photomark","AD_vs_CN","kTSP_k9_disjoint","glmnet_elasticnet","classic_fast",20,0.00517261904761904,0.00214285714285711,-0.0111787202380952,0.0220541666666666,0.562821054418315,0.560523348110976,1,0.599727353068697,1,0.597278977495302
"best_ktsp_vs_each_classifier","macro_f1","tier1_main","P0_derivative_amplitude_deciles","RAW_DECILES","single_condition","single_condition","ds006036__EO_or_photomark","AD_vs_CN","kTSP_k9_disjoint","knn_euclidean","classic_fast",20,0.0410435290114083,0.0431432456432457,0.023441534539377,0.0581386892411854,0.001413190930041,0.000288660400796877,0.261440322057584,0.00214871135561789,0.0548454761514067,0.000453484617566091
"best_ktsp_vs_each_classifier","mcc","tier1_main","P0_derivative_amplitude_deciles","RAW_DECILES","single_condition","single_condition","ds006036__EO_or_photomark","AD_vs_CN","kTSP_k9_disjoint","knn_euclidean","classic_fast",20,0.139288418949198,0.149126166324529,0.105817894749501,0.173502264601808,9.56917315706463e-05,1.70645526881824e-07,0.0496898731631834,0.000324133170225704,6.07498075699293e-05,5.37791963506354e-07
"best_ktsp_vs_each_classifier","balanced_accuracy","tier1_main","P0_derivative_amplitude_deciles","RAW_DECILES","single_condition","single_condition","ds006036__EO_or_photomark","AD_vs_CN","kTSP_k9_disjoint","knn_euclidean","classic_fast",20,0.0444345238095238,0.0465476190476191,0.0288212797619048,0.0605837797619047,0.000272370915531228,2.53317069851968e-05,0.0697269543759944,0.000513794977835981,0.00605427796946204,4.67109490507175e-05
"best_ktsp_vs_each_classifier","macro_f1","tier1_main","P0_derivative_amplitude_deciles","RAW_DECILES","single_condition","single_condition","ds006036__EO_or_photomark","AD_vs_CN","kTSP_k9_disjoint","svm_linear_liblinear","classic_fast",20,0.104766615565377,0.109164054040215,0.08043622002997,0.12921500373981,9.56917315706463e-05,1.24230848552136e-07,0.0496898731631834,0.00029443609714045,4.26111810533828e-05,3.62921580039949e-07
"best_ktsp_vs_each_classifier","mcc","tier1_main","P0_derivative_amplitude_deciles","RAW_DECILES","single_condition","single_condition","ds006036__EO_or_photomark","AD_vs_CN","kTSP_k9_disjoint","svm_linear_liblinear","classic_fast",20,0.247655465252745,0.246234748738977,0.198652951453155,0.296804432572253,0.00011157661051997,1.11917649331475e-08,0.0496898731631834,0.000324133170225704,4.52147303299159e-06,4.97411774806556e-08
"best_ktsp_vs_each_classifier","balanced_accuracy","tier1_main","P0_derivative_amplitude_deciles","RAW_DECILES","single_condition","single_condition","ds006036__EO_or_photomark","AD_vs_CN","kTSP_k9_disjoint","svm_linear_liblinear","classic_fast",20,0.101244047619048,0.1025,0.0786831845238095,0.124171875,0.00011157661051997,6.90852561504249e-08,0.0490829590524173,0.000299071327167016,2.43870954211e-05,2.13835316656077e-07
"best_ktsp_vs_each_classifier","macro_f1","tier1_main","P0_derivative_amplitude_deciles","RAW_DECILES","single_condition","single_condition","ds006036__EO_or_photomark","AD_vs_CN","kTSP_k9_disjoint","glmnet_lasso","classic_fast",20,0.0158481045098692,0.00928929601530221,-0.0038199385442129,0.0361194527469005,0.225010647054924,0.147100596023919,1,0.252167104458104,1,0.168114966884479
"best_ktsp_vs_each_classifier","mcc","tier1_main","P0_derivative_amplitude_deciles","RAW_DECILES","single_condition","single_condition","ds006036__EO_or_photomark","AD_vs_CN","kTSP_k9_disjoint","glmnet_lasso","classic_fast",20,0.0494825799130597,0.0431330963808301,0.0104269189292158,0.0885151733166054,0.0263310655474143,0.0230650101050863,1,0.0340600847877,1,0.0298353364543405
"best_ktsp_vs_each_classifier","balanced_accuracy","tier1_main","P0_derivative_amplitude_deciles","RAW_DECILES","single_condition","single_condition","ds006036__EO_or_photomark","AD_vs_CN","kTSP_k9_disjoint","glmnet_lasso","classic_fast",20,0.0138392857142857,0.0122619047619048,-0.00391160714285714,0.0315491071428571,0.140309233576715,0.153671559505074,1,0.160001757587482,1,0.175239497681224
"best_ktsp_vs_each_classifier","macro_f1","tier1_main","P0_derivative_amplitude_deciles","RAW_DECILES","single_condition","single_condition","ds006036__EO_or_photomark","AD_vs_CN","kTSP_k9_disjoint","xgboost_shallow","classic_fast",20,0.0629112660645169,0.0505248801765831,0.0397538718140305,0.0865606836028179,0.000553830376860853,8.57468496457351e-05,0.121288852532527,0.000932012284684931,0.0176638510270214,0.000141102410809438
"best_ktsp_vs_each_classifier","mcc","tier1_main","P0_derivative_amplitude_deciles","RAW_DECILES","single_condition","single_condition","ds006036__EO_or_photomark","AD_vs_CN","kTSP_k9_disjoint","xgboost_shallow","classic_fast",20,0.173678088405384,0.146173981117023,0.123005706099081,0.221362893116261,0.000363481868201676,2.13244135259915e-06,0.0945052857324358,0.000705263326361611,0.00067385146742133,5.38286166675513e-06
"best_ktsp_vs_each_classifier","balanced_accuracy","tier1_main","P0_derivative_amplitude_deciles","RAW_DECILES","single_condition","single_condition","ds006036__EO_or_photomark","AD_vs_CN","kTSP_k9_disjoint","xgboost_shallow","classic_fast",20,0.065422619047619,0.0541666666666666,0.0419994047619048,0.0876970238095238,0.000481928896718165,3.1765506972138e-05,0.107829277627722,0.000832568193665932,0.00733783211056388,5.67631052423084e-05
"best_ktsp_vs_each_classifier","macro_f1","tier1_main","P0_derivative_amplitude_deciles","RAW_DECILES","single_condition","single_condition","ds006036__EO_or_photomark","AD_vs_CN","kTSP_k9_disjoint","ranger_rf","classic_fast",20,0.00111169605248554,0.00177618133500484,-0.0184704015390354,0.0190512638805983,0.779481323802983,0.910825947463248,1,0.801048000746148,1,0.92145815696671
"best_ktsp_vs_each_classifier","mcc","tier1_main","P0_derivative_amplitude_deciles","RAW_DECILES","single_condition","single_condition","ds006036__EO_or_photomark","AD_vs_CN","kTSP_k9_disjoint","ranger_rf","classic_fast",20,0.0574400283753663,0.0505950834483147,0.0213580477773893,0.0941653930328632,0.0117369771161822,0.00539952411435817,1,0.0158114717627324,0.782930996581935,0.00746742696666556
"best_ktsp_vs_each_classifier","balanced_accuracy","tier1_main","P0_derivative_amplitude_deciles","RAW_DECILES","single_condition","single_condition","ds006036__EO_or_photomark","AD_vs_CN","kTSP_k9_disjoint","ranger_rf","classic_fast",20,0.00848214285714286,0.00374999999999998,-0.00729821428571429,0.0239675595238095,0.341105564996993,0.316303596763594,1,0.376592131206871,1,0.349209915747492
"best_ktsp_vs_each_classifier","macro_f1","tier1_main","P0_derivative_amplitude_deciles","RAW_DECILES","single_condition","single_condition","ds006036__EO_or_photomark","AD_vs_CN","kTSP_k9_disjoint","xgboost_default","classic_fast",20,0.0629112660645169,0.0505248801765831,0.0386559873745536,0.086800108149934,0.000553830376860853,8.57468496457351e-05,0.121288852532527,0.000932012284684931,0.0176638510270214,0.000141102410809438
"best_ktsp_vs_each_classifier","mcc","tier1_main","P0_derivative_amplitude_deciles","RAW_DECILES","single_condition","single_condition","ds006036__EO_or_photomark","AD_vs_CN","kTSP_k9_disjoint","xgboost_default","classic_fast",20,0.173678088405384,0.146173981117023,0.123207431887124,0.221882882588747,0.000363481868201676,2.13244135259915e-06,0.0945052857324358,0.000705263326361611,0.00067385146742133,5.38286166675513e-06
"best_ktsp_vs_each_classifier","balanced_accuracy","tier1_main","P0_derivative_amplitude_deciles","RAW_DECILES","single_condition","single_condition","ds006036__EO_or_photomark","AD_vs_CN","kTSP_k9_disjoint","xgboost_default","classic_fast",20,0.065422619047619,0.0541666666666666,0.0425528273809524,0.0880241071428571,0.000481928896718165,3.1765506972138e-05,0.107829277627722,0.000832568193665932,0.00733783211056388,5.67631052423084e-05
"best_ktsp_vs_each_classifier","macro_f1","tier1_main","P0_derivative_amplitude_deciles","RAW_DECILES","single_condition","single_condition","ds006036__EO_or_photomark","AD_vs_CN","kTSP_k9_disjoint","majority","classic_fast",20,0.326634057634832,0.32899048320101,0.312859889262569,0.339643424409698,9.56917315706463e-05,4.31254938069914e-21,0.0496898731631834,0.00029443609714045,2.14764959158817e-18,9.7501116433198e-20
"best_ktsp_vs_each_classifier","mcc","tier1_main","P0_derivative_amplitude_deciles","RAW_DECILES","single_condition","single_condition","ds006036__EO_or_photomark","AD_vs_CN","kTSP_k9_disjoint","majority","classic_fast",20,0.453067945093474,0.447931645219313,0.427859631096336,0.477129967075601,9.56917315706463e-05,8.64595110187339e-19,0.0496898731631834,0.000324133170225704,4.27109984432545e-16,1.66514613813858e-17
"best_ktsp_vs_each_classifier","balanced_accuracy","tier1_main","P0_derivative_amplitude_deciles","RAW_DECILES","single_condition","single_condition","ds006036__EO_or_photomark","AD_vs_CN","kTSP_k9_disjoint","majority","classic_fast",20,0.19702380952381,0.193511904761905,0.186189880952381,0.208369196428571,9.5423308128284e-05,1.60174064200946e-18,0.0490829590524173,0.000299071327167016,7.9446335843669e-16,3.33162053537967e-17
"best_ktsp_vs_each_classifier","macro_f1","tier1_main","P0_derivative_amplitude_deciles","RAW_DECILES","single_condition","single_condition","ds006036__EO_or_photomark","AD_vs_CN","kTSP_k9_disjoint","glmnet_ridge","classic_fast",20,0.0425045750603026,0.0548023055375997,0.0249804340944143,0.0605393575529218,0.001413190930041,0.000201419660667742,0.261440322057584,0.00214871135561789,0.0400825124728807,0.000325273986171509
"best_ktsp_vs_each_classifier","mcc","tier1_main","P0_derivative_amplitude_deciles","RAW_DECILES","single_condition","single_condition","ds006036__EO_or_photomark","AD_vs_CN","kTSP_k9_disjoint","glmnet_ridge","classic_fast",20,0.119035599841214,0.136093762375104,0.0820202305943029,0.156071016765248,0.000203524868067628,5.62394435887484e-06,0.0614645101564185,0.000464179523663012,0.00161407203099708,1.2497654130833e-05
"best_ktsp_vs_each_classifier","balanced_accuracy","tier1_main","P0_derivative_amplitude_deciles","RAW_DECILES","single_condition","single_condition","ds006036__EO_or_photomark","AD_vs_CN","kTSP_k9_disjoint","glmnet_ridge","classic_fast",20,0.0427142857142857,0.0582142857142857,0.0260528273809524,0.0595605654761905,0.00124104092831123,0.000112114717145593,0.238814743557706,0.00191495929591055,0.023431975883429,0.000186857861909322
"best_ktsp_vs_each_classifier","macro_f1","tier1_main","P0_derivative_amplitude_deciles","RAW_DECILES","single_condition","single_condition","ds006036__EO_or_photomark","AD_vs_FTD","kTSP_k9_nondisjoint","sda_shrinklda","classic_fast",20,0.114102568827801,0.129225243710538,0.0786880602917464,0.147718833124435,0.000272706565159098,4.46241258709127e-06,0.0719945332019989,0.000527165107370746,0.00126732517473392,9.7909474484703e-06
"best_ktsp_vs_each_classifier","mcc","tier1_main","P0_derivative_amplitude_deciles","RAW_DECILES","single_condition","single_condition","ds006036__EO_or_photomark","AD_vs_FTD","kTSP_k9_nondisjoint","sda_shrinklda","classic_fast",20,0.243175056650475,0.265815741927864,0.16984599813014,0.314524264050377,0.000151093078387232,4.07483600860058e-06,0.0496898731631834,0.000372362088916532,0.00119392695051997,9.29348563365044e-06
"best_ktsp_vs_each_classifier","balanced_accuracy","tier1_main","P0_derivative_amplitude_deciles","RAW_DECILES","single_condition","single_condition","ds006036__EO_or_photomark","AD_vs_FTD","kTSP_k9_nondisjoint","sda_shrinklda","classic_fast",20,0.120214285714286,0.132142857142857,0.0856236607142857,0.153517857142857,0.000151093078387232,1.91485322582081e-06,0.0490829590524173,0.000335762396416189,0.000557222288713856,4.32923338011662e-06
"best_ktsp_vs_each_classifier","macro_f1","tier1_main","P0_derivative_amplitude_deciles","RAW_DECILES","single_condition","single_condition","ds006036__EO_or_photomark","AD_vs_FTD","kTSP_k9_nondisjoint","svm_linear_liblinear","classic_fast",20,0.0840773514411285,0.0752736152736152,0.0541733477511051,0.114479179722281,0.000315046961090193,3.57181195343225e-05,0.0790767872336319,0.000583005052551247,0.00850091244916875,6.56304669888611e-05
"best_ktsp_vs_each_classifier","mcc","tier1_main","P0_derivative_amplitude_deciles","RAW_DECILES","single_condition","single_condition","ds006036__EO_or_photomark","AD_vs_FTD","kTSP_k9_nondisjoint","svm_linear_liblinear","classic_fast",20,0.186129408120133,0.155007515527667,0.122725486216014,0.250099814130435,0.000203524868067628,1.57053772041861e-05,0.0614645101564185,0.000464179523663012,0.00422474646792606,3.24079212149872e-05
"best_ktsp_vs_each_classifier","balanced_accuracy","tier1_main","P0_derivative_amplitude_deciles","RAW_DECILES","single_condition","single_condition","ds006036__EO_or_photomark","AD_vs_FTD","kTSP_k9_nondisjoint","svm_linear_liblinear","classic_fast",20,0.0904107142857143,0.0794642857142857,0.0612129464285714,0.11876875,0.000203524868067628,1.22118186599697e-05,0.0558262482113221,0.000418311981799078,0.00309488700478318,2.36945735193443e-05
"best_ktsp_vs_each_classifier","macro_f1","tier1_main","P0_derivative_amplitude_deciles","RAW_DECILES","single_condition","single_condition","ds006036__EO_or_photomark","AD_vs_FTD","kTSP_k9_nondisjoint","glmnet_lasso","classic_fast",20,0.169646946062194,0.136727593012423,0.141341511139789,0.200578260285681,9.56917315706463e-05,1.2497278308838e-09,0.0496898731631834,0.00029443609714045,5.23635961140311e-07,6.37116149078014e-09
"best_ktsp_vs_each_classifier","mcc","tier1_main","P0_derivative_amplitude_deciles","RAW_DECILES","single_condition","single_condition","ds006036__EO_or_photomark","AD_vs_FTD","kTSP_k9_nondisjoint","glmnet_lasso","classic_fast",20,0.252719942323114,0.221818559381044,0.196049300213453,0.313541432113792,9.56917315706463e-05,1.19084399178349e-07,0.0496898731631834,0.000324133170225704,4.32276369017408e-05,3.91923339067985e-07
"best_ktsp_vs_each_classifier","balanced_accuracy","tier1_main","P0_derivative_amplitude_deciles","RAW_DECILES","single_condition","single_condition","ds006036__EO_or_photomark","AD_vs_FTD","kTSP_k9_nondisjoint","glmnet_lasso","classic_fast",20,0.126178571428571,0.113571428571429,0.098875,0.155288392857143,9.56917315706463e-05,7.26261478340491e-08,0.0490829590524173,0.000299071327167016,2.54917778897512e-05,2.21760657801513e-07
"best_ktsp_vs_each_classifier","macro_f1","tier1_main","P0_derivative_amplitude_deciles","RAW_DECILES","single_condition","single_condition","ds006036__EO_or_photomark","AD_vs_FTD","kTSP_k9_nondisjoint","glmnet_elasticnet","classic_fast",20,0.194098647826202,0.199667667643674,0.162723605583658,0.22288203174964,9.56917315706463e-05,1.26009216032366e-10,0.0496898731631834,0.00029443609714045,5.59480919183703e-08,8.50971329049742e-10
"best_ktsp_vs_each_classifier","mcc","tier1_main","P0_derivative_amplitude_deciles","RAW_DECILES","single_condition","single_condition","ds006036__EO_or_photomark","AD_vs_FTD","kTSP_k9_nondisjoint","glmnet_elasticnet","classic_fast",20,0.302355404400251,0.285771095528059,0.242699579735235,0.361412167252996,0.00011157661051997,6.83285614859754e-09,0.0496898731631834,0.000324133170225704,2.82196958937078e-06,3.28627928485903e-08
"best_ktsp_vs_each_classifier","balanced_accuracy","tier1_main","P0_derivative_amplitude_deciles","RAW_DECILES","single_condition","single_condition","ds006036__EO_or_photomark","AD_vs_FTD","kTSP_k9_nondisjoint","glmnet_elasticnet","classic_fast",20,0.14375,0.135535714285714,0.116444642857143,0.171053571428571,0.00011157661051997,4.20227109890646e-09,0.0490829590524173,0.000299071327167016,1.68090843956258e-06,1.80593468713336e-08
"best_ktsp_vs_each_classifier","macro_f1","tier1_main","P0_derivative_amplitude_deciles","RAW_DECILES","single_condition","single_condition","ds006036__EO_or_photomark","AD_vs_FTD","kTSP_k9_nondisjoint","ranger_rf","classic_fast",20,0.144241041895841,0.145247611865259,0.121082863887488,0.166780439342649,9.56917315706463e-05,3.28822248067513e-10,0.0496898731631834,0.00029443609714045,1.43366500157436e-07,1.99845733565526e-09
"best_ktsp_vs_each_classifier","mcc","tier1_main","P0_derivative_amplitude_deciles","RAW_DECILES","single_condition","single_condition","ds006036__EO_or_photomark","AD_vs_FTD","kTSP_k9_nondisjoint","ranger_rf","classic_fast",20,0.263336367490055,0.262481869082429,0.212042814452619,0.315167318623461,0.00011157661051997,1.02334472609724e-08,0.0496898731631834,0.000324133170225704,4.16501303521576e-06,4.6678882243032e-08
"best_ktsp_vs_each_classifier","balanced_accuracy","tier1_main","P0_derivative_amplitude_deciles","RAW_DECILES","single_condition","single_condition","ds006036__EO_or_photomark","AD_vs_FTD","kTSP_k9_nondisjoint","ranger_rf","classic_fast",20,0.130589285714286,0.134285714285714,0.107338392857143,0.152929017857143,9.56917315706463e-05,1.37272490725672e-09,0.0490829590524173,0.000299071327167016,5.73799011233309e-07,6.93026166770383e-09
"best_ktsp_vs_each_classifier","macro_f1","tier1_main","P0_derivative_amplitude_deciles","RAW_DECILES","single_condition","single_condition","ds006036__EO_or_photomark","AD_vs_FTD","kTSP_k9_nondisjoint","majority","classic_fast",20,0.234619554336273,0.238211978939533,0.212283865059949,0.255037620692216,9.56917315706463e-05,2.09540528552648e-14,0.0496898731631834,0.00029443609714045,9.99508321196131e-12,2.47638806471311e-13
"best_ktsp_vs_each_classifier","mcc","tier1_main","P0_derivative_amplitude_deciles","RAW_DECILES","single_condition","single_condition","ds006036__EO_or_photomark","AD_vs_FTD","kTSP_k9_nondisjoint","majority","classic_fast",20,0.270532458930249,0.265682247271572,0.224338648546766,0.313528987387815,9.56917315706463e-05,7.86125545617562e-10,0.0496898731631834,0.000324133170225704,3.4825361670858e-07,5.24083697078375e-09
"best_ktsp_vs_each_classifier","balanced_accuracy","tier1_main","P0_derivative_amplitude_deciles","RAW_DECILES","single_condition","single_condition","ds006036__EO_or_photomark","AD_vs_FTD","kTSP_k9_nondisjoint","majority","classic_fast",20,0.131625,0.128392857142857,0.108124553571429,0.153232589285714,9.56917315706463e-05,6.77092354663122e-10,0.0490829590524173,0.000299071327167016,2.87087158377164e-07,3.62977344767859e-09
"best_ktsp_vs_each_classifier","macro_f1","tier1_main","P0_derivative_amplitude_deciles","RAW_DECILES","single_condition","single_condition","ds006036__EO_or_photomark","AD_vs_FTD","kTSP_k9_nondisjoint","xgboost_default","classic_fast",20,0.0757683852954751,0.0758200214817862,0.0474420841209444,0.105231409210415,0.000833948987816191,8.49143110419494e-05,0.169291644526687,0.00134258041382182,0.0176621766967255,0.000140622425929343
"best_ktsp_vs_each_classifier","mcc","tier1_main","P0_derivative_amplitude_deciles","RAW_DECILES","single_condition","single_condition","ds006036__EO_or_photomark","AD_vs_FTD","kTSP_k9_nondisjoint","xgboost_default","classic_fast",20,0.161947004820606,0.150522654465051,0.0988620348026373,0.222156879568208,0.000833948987816191,6.83964047561179e-05,0.185970624283011,0.0014171682145897,0.0161415515224438,0.000124357099556578
"best_ktsp_vs_each_classifier","balanced_accuracy","tier1_main","P0_derivative_amplitude_deciles","RAW_DECILES","single_condition","single_condition","ds006036__EO_or_photomark","AD_vs_FTD","kTSP_k9_nondisjoint","xgboost_default","classic_fast",20,0.0826785714285714,0.0855357142857143,0.0513736607142857,0.11176875,0.000418811376312389,3.20110061490892e-05,0.0957965072394227,0.000738243781974381,0.00733783211056388,5.68113419710798e-05
"best_ktsp_vs_each_classifier","macro_f1","tier1_main","P0_derivative_amplitude_deciles","RAW_DECILES","single_condition","single_condition","ds006036__EO_or_photomark","AD_vs_FTD","kTSP_k9_nondisjoint","knn_euclidean","classic_fast",20,0.12777498121074,0.125976578031532,0.101484622526167,0.153481797709729,9.56917315706463e-05,9.67473429564726e-09,0.0496898731631834,0.00029443609714045,3.77314637530243e-06,3.84035254483708e-08
"best_ktsp_vs_each_classifier","mcc","tier1_main","P0_derivative_amplitude_deciles","RAW_DECILES","single_condition","single_condition","ds006036__EO_or_photomark","AD_vs_FTD","kTSP_k9_nondisjoint","knn_euclidean","classic_fast",20,0.197900749186439,0.20627562556519,0.141084886069664,0.253440808156361,0.000175476155215737,1.62254682649834e-06,0.0542221319616627,0.00041856697574396,0.000522460078132464,4.23982085316148e-06
"best_ktsp_vs_each_classifier","balanced_accuracy","tier1_main","P0_derivative_amplitude_deciles","RAW_DECILES","single_condition","single_condition","ds006036__EO_or_photomark","AD_vs_FTD","kTSP_k9_nondisjoint","knn_euclidean","classic_fast",20,0.100803571428571,0.0998214285714286,0.0769450892857143,0.124196428571429,0.000150892436409977,1.25868055912241e-07,0.0490829590524173,0.000335762396416189,4.25434028983375e-05,3.57657863794346e-07
"best_ktsp_vs_each_classifier","macro_f1","tier1_main","P0_derivative_amplitude_deciles","RAW_DECILES","single_condition","single_condition","ds006036__EO_or_photomark","AD_vs_FTD","kTSP_k9_nondisjoint","glmnet_ridge","classic_fast",20,0.214762286775832,0.218599456099456,0.1909839173651,0.238933164342752,9.56917315706463e-05,4.35649018870684e-13,0.0496898731631834,0.00029443609714045,2.06061985925834e-10,4.71953103776574e-12
"best_ktsp_vs_each_classifier","mcc","tier1_main","P0_derivative_amplitude_deciles","RAW_DECILES","single_condition","single_condition","ds006036__EO_or_photomark","AD_vs_FTD","kTSP_k9_nondisjoint","glmnet_ridge","classic_fast",20,0.298091000511638,0.312252200079893,0.247926322509946,0.34701558074216,9.56917315706463e-05,4.09859590296791e-10,0.0496898731631834,0.000324133170225704,1.84026956043259e-07,2.96009704103238e-09
"best_ktsp_vs_each_classifier","balanced_accuracy","tier1_main","P0_derivative_amplitude_deciles","RAW_DECILES","single_condition","single_condition","ds006036__EO_or_photomark","AD_vs_FTD","kTSP_k9_nondisjoint","glmnet_ridge","classic_fast",20,0.141339285714286,0.15125,0.117820535714286,0.164196875,9.55574483907373e-05,3.71392396019518e-10,0.0490829590524173,0.000299071327167016,1.60441515080432e-07,2.16993310033876e-09
"best_ktsp_vs_each_classifier","macro_f1","tier1_main","P0_derivative_amplitude_deciles","RAW_DECILES","single_condition","single_condition","ds006036__EO_or_photomark","AD_vs_FTD","kTSP_k9_nondisjoint","xgboost_shallow","classic_fast",20,0.0757683852954751,0.0758200214817862,0.045891341418944,0.103673898408738,0.000833948987816191,8.49143110419494e-05,0.169291644526687,0.00134258041382182,0.0176621766967255,0.000140622425929343
"best_ktsp_vs_each_classifier","mcc","tier1_main","P0_derivative_amplitude_deciles","RAW_DECILES","single_condition","single_condition","ds006036__EO_or_photomark","AD_vs_FTD","kTSP_k9_nondisjoint","xgboost_shallow","classic_fast",20,0.161947004820606,0.150522654465051,0.0989569452232096,0.221214660484402,0.000833948987816191,6.83964047561179e-05,0.185970624283011,0.0014171682145897,0.0161415515224438,0.000124357099556578
"best_ktsp_vs_each_classifier","balanced_accuracy","tier1_main","P0_derivative_amplitude_deciles","RAW_DECILES","single_condition","single_condition","ds006036__EO_or_photomark","AD_vs_FTD","kTSP_k9_nondisjoint","xgboost_shallow","classic_fast",20,0.0826785714285714,0.0855357142857143,0.0539102678571429,0.110787946428571,0.000418811376312389,3.20110061490892e-05,0.0957965072394227,0.000738243781974381,0.00733783211056388,5.68113419710798e-05
"best_ktsp_vs_each_classifier","macro_f1","tier1_main","P0_derivative_amplitude_deciles","RAW_DECILES","single_condition","single_condition","ds006036__EO_or_photomark","CN_vs_FTD","kTSP_k5_disjoint","svm_linear_liblinear","classic_fast",20,-0.0138323620823621,-0.0071467421467421,-0.0339953657453657,0.00536404914529912,0.40091675928529,0.193863903903074,1,0.433423523551665,1,0.218675119370062
"best_ktsp_vs_each_classifier","mcc","tier1_main","P0_derivative_amplitude_deciles","RAW_DECILES","single_condition","single_condition","ds006036__EO_or_photomark","CN_vs_FTD","kTSP_k5_disjoint","svm_linear_liblinear","classic_fast",20,-0.0275866196192117,0.000333512735699315,-0.068786438804992,0.00851898735700606,0.360375187544933,0.177588530430027,1,0.399563107725726,1,0.206129544249138
"best_ktsp_vs_each_classifier","balanced_accuracy","tier1_main","P0_derivative_amplitude_deciles","RAW_DECILES","single_condition","single_condition","ds006036__EO_or_photomark","CN_vs_FTD","kTSP_k5_disjoint","svm_linear_liblinear","classic_fast",20,-0.0101666666666667,0.00166666666666659,-0.0293333333333334,0.00683333333333329,0.614236818861365,0.308035906700017,1,0.650515571910204,1,0.340805684008529
"best_ktsp_vs_each_classifier","macro_f1","tier1_main","P0_derivative_amplitude_deciles","RAW_DECILES","single_condition","single_condition","ds006036__EO_or_photomark","CN_vs_FTD","kTSP_k5_disjoint","glmnet_elasticnet","classic_fast",20,0.00917736756707345,0.00702963702963694,-0.0172816398878899,0.0357764314525344,0.614267673184373,0.517172724876165,1,0.649225996048524,1,0.546605318974809
"best_ktsp_vs_each_classifier","mcc","tier1_main","P0_derivative_amplitude_deciles","RAW_DECILES","single_condition","single_condition","ds006036__EO_or_photomark","CN_vs_FTD","kTSP_k5_disjoint","glmnet_elasticnet","classic_fast",20,-0.0125666188184103,-0.0213191481064781,-0.0696408977865324,0.0446177402113747,0.640744318210405,0.677911083001719,1,0.671748075543167,1,0.705027526321788
"best_ktsp_vs_each_classifier","balanced_accuracy","tier1_main","P0_derivative_amplitude_deciles","RAW_DECILES","single_condition","single_condition","ds006036__EO_or_photomark","CN_vs_FTD","kTSP_k5_disjoint","glmnet_elasticnet","classic_fast",20,0.00483333333333332,0.0083333333333333,-0.0198354166666667,0.02941875,0.70885689658319,0.709616871047441,1,0.737211172446518,1,0.733599946212066
"best_ktsp_vs_each_classifier","macro_f1","tier1_main","P0_derivative_amplitude_deciles","RAW_DECILES","single_condition","single_condition","ds006036__EO_or_photomark","CN_vs_FTD","kTSP_k5_disjoint","sda_shrinklda","classic_fast",20,-0.080230907980908,-0.0844893994893995,-0.096677210983461,-0.0636886287323787,9.56917315705946e-05,1.9565393271195e-08,0.0496898731631834,0.00029443609714045,7.37615326324053e-06,7.0652809034871e-08
"best_ktsp_vs_each_classifier","mcc","tier1_main","P0_derivative_amplitude_deciles","RAW_DECILES","single_condition","single_condition","ds006036__EO_or_photomark","CN_vs_FTD","kTSP_k5_disjoint","sda_shrinklda","classic_fast",20,-0.150926861164991,-0.143670746373353,-0.185339243275318,-0.116321337484426,0.000111576610520002,9.03161180254643e-08,0.0496898731631834,0.000324133170225704,3.34169636694218e-05,3.11022393200274e-07
"best_ktsp_vs_each_classifier","balanced_accuracy","tier1_main","P0_derivative_amplitude_deciles","RAW_DECILES","single_condition","single_condition","ds006036__EO_or_photomark","CN_vs_FTD","kTSP_k5_disjoint","sda_shrinklda","classic_fast",20,-0.0753333333333333,-0.0733333333333334,-0.0920833333333333,-0.0605,9.55574483907745e-05,2.96141636977108e-08,0.0490829590524173,0.000299071327167016,1.10164688955484e-05,1.03351443777246e-07
"best_ktsp_vs_each_classifier","macro_f1","tier1_main","P0_derivative_amplitude_deciles","RAW_DECILES","single_condition","single_condition","ds006036__EO_or_photomark","CN_vs_FTD","kTSP_k5_disjoint","knn_euclidean","classic_fast",20,0.0874070986203339,0.086304945054945,0.0612580486302913,0.114912351986249,0.000151093078387232,5.00036065969845e-06,0.0496898731631834,0.000358759820828257,0.00141010170603496,1.08794457867916e-05
"best_ktsp_vs_each_classifier","mcc","tier1_main","P0_derivative_amplitude_deciles","RAW_DECILES","single_condition","single_condition","ds006036__EO_or_photomark","CN_vs_FTD","kTSP_k5_disjoint","knn_euclidean","classic_fast",20,0.093716344624475,0.0914226940278612,0.0441373369003064,0.143074331795094,0.00429083743463043,0.00200162277812951,0.699406501844758,0.00616363388399952,0.322261267278851,0.00289123290174262
"best_ktsp_vs_each_classifier","balanced_accuracy","tier1_main","P0_derivative_amplitude_deciles","RAW_DECILES","single_condition","single_condition","ds006036__EO_or_photomark","CN_vs_FTD","kTSP_k5_disjoint","knn_euclidean","classic_fast",20,0.0580833333333333,0.0666666666666666,0.0363333333333333,0.0798374999999999,0.000635624201131391,6.15442889859285e-05,0.136509934261847,0.00106278001475351,0.0134166549989324,0.000105620561956049
"best_ktsp_vs_each_classifier","macro_f1","tier1_main","P0_derivative_amplitude_deciles","RAW_DECILES","single_condition","single_condition","ds006036__EO_or_photomark","CN_vs_FTD","kTSP_k5_disjoint","xgboost_default","classic_fast",20,0.041292957042957,0.0407475857475857,0.0108072517760018,0.0715856809856809,0.0289651011534133,0.01836140110299,1,0.0361195505989807,1,0.0231745839163952
"best_ktsp_vs_each_classifier","mcc","tier1_main","P0_derivative_amplitude_deciles","RAW_DECILES","single_condition","single_condition","ds006036__EO_or_photomark","CN_vs_FTD","kTSP_k5_disjoint","xgboost_default","classic_fast",20,0.0997297869913905,0.0824974518260967,0.0389891709570531,0.163174106002352,0.0117369771161822,0.00580589595231314,1,0.0158114717627324,0.830243121180779,0.00796587307441381
"best_ktsp_vs_each_classifier","balanced_accuracy","tier1_main","P0_derivative_amplitude_deciles","RAW_DECILES","single_condition","single_condition","ds006036__EO_or_photomark","CN_vs_FTD","kTSP_k5_disjoint","xgboost_default","classic_fast",20,0.0454166666666666,0.0416666666666666,0.0166666666666667,0.0732520833333333,0.00997184712488508,0.00629130901873219,1,0.0129634012623506,0.781790997753998,0.0082198007279918
"best_ktsp_vs_each_classifier","macro_f1","tier1_main","P0_derivative_amplitude_deciles","RAW_DECILES","single_condition","single_condition","ds006036__EO_or_photomark","CN_vs_FTD","kTSP_k5_disjoint","glmnet_lasso","classic_fast",20,0.0553405613993849,0.0506366182836771,0.0232485794842413,0.0866681191153618,0.00607045578069321,0.00312541964222432,0.880216088200515,0.00828513649858398,0.437558749911405,0.00426566460356076
"best_ktsp_vs_each_classifier","mcc","tier1_main","P0_derivative_amplitude_deciles","RAW_DECILES","single_condition","single_condition","ds006036__EO_or_photomark","CN_vs_FTD","kTSP_k5_disjoint","glmnet_lasso","classic_fast",20,0.0775316379694253,0.0710434130478469,0.0158655679465886,0.138907629097771,0.0239066271188815,0.0279802835444123,1,0.0310011124733625,1,0.0358368163623014
"best_ktsp_vs_each_classifier","balanced_accuracy","tier1_main","P0_derivative_amplitude_deciles","RAW_DECILES","single_condition","single_condition","ds006036__EO_or_photomark","CN_vs_FTD","kTSP_k5_disjoint","glmnet_lasso","classic_fast",20,0.0453333333333333,0.05,0.0180833333333333,0.07141875,0.00718412837372662,0.00415639870788971,0.905200175089554,0.00945758671984263,0.527862635901993,0.00548560235559048
"best_ktsp_vs_each_classifier","macro_f1","tier1_main","P0_derivative_amplitude_deciles","RAW_DECILES","single_condition","single_condition","ds006036__EO_or_photomark","CN_vs_FTD","kTSP_k5_disjoint","majority","classic_fast",20,0.299113499245852,0.30378002716238,0.284113376451979,0.313438483983337,9.56917315706463e-05,2.00440869028142e-19,0.0496898731631834,0.00029443609714045,9.84164666928175e-17,3.47430839648779e-18
"best_ktsp_vs_each_classifier","mcc","tier1_main","P0_derivative_amplitude_deciles","RAW_DECILES","single_condition","single_condition","ds006036__EO_or_photomark","CN_vs_FTD","kTSP_k5_disjoint","majority","classic_fast",20,0.361228100447563,0.373199197174237,0.330782771702447,0.389806799164684,9.56917315706463e-05,1.90515138387664e-15,0.0496898731631834,0.000324133170225704,9.22093269796291e-13,2.67751005301581e-14
"best_ktsp_vs_each_classifier","balanced_accuracy","tier1_main","P0_derivative_amplitude_deciles","RAW_DECILES","single_condition","single_condition","ds006036__EO_or_photomark","CN_vs_FTD","kTSP_k5_disjoint","majority","classic_fast",20,0.170333333333333,0.179166666666667,0.15558125,0.183583333333333,9.5289310686697e-05,2.06657870739469e-15,0.0490829590524173,0.000299071327167016,1.00022409437903e-12,2.90438088606822e-14
"best_ktsp_vs_each_classifier","macro_f1","tier1_main","P0_derivative_amplitude_deciles","RAW_DECILES","single_condition","single_condition","ds006036__EO_or_photomark","CN_vs_FTD","kTSP_k5_disjoint","ranger_rf","classic_fast",20,-0.00946095571095573,-0.00122627372627371,-0.0348073135198135,0.0152468815906316,0.466621508656949,0.470573413236965,1,0.502366841618247,1,0.50143068623611
"best_ktsp_vs_each_classifier","mcc","tier1_main","P0_derivative_amplitude_deciles","RAW_DECILES","single_condition","single_condition","ds006036__EO_or_photomark","CN_vs_FTD","kTSP_k5_disjoint","ranger_rf","classic_fast",20,-0.0160070866533871,-0.039579555575341,-0.0659334927352955,0.0378235041697948,0.466621508656949,0.558110991828205,1,0.504455685034539,1,0.588676908216362
"best_ktsp_vs_each_classifier","balanced_accuracy","tier1_main","P0_derivative_amplitude_deciles","RAW_DECILES","single_condition","single_condition","ds006036__EO_or_photomark","CN_vs_FTD","kTSP_k5_disjoint","ranger_rf","classic_fast",20,-0.00691666666666669,-0.0116666666666667,-0.0315833333333334,0.0172520833333333,0.466543854481833,0.593379596615066,1,0.504455685034539,1,0.628426456700274
"best_ktsp_vs_each_classifier","macro_f1","tier1_main","P0_derivative_amplitude_deciles","RAW_DECILES","single_condition","single_condition","ds006036__EO_or_photomark","CN_vs_FTD","kTSP_k5_disjoint","glmnet_ridge","classic_fast",20,-0.0211664414017355,-0.0270651570651571,-0.0464180375180375,0.00431162295629209,0.112594551560966,0.130495738436751,1,0.131571161374612,1,0.149466484553107
"best_ktsp_vs_each_classifier","mcc","tier1_main","P0_derivative_amplitude_deciles","RAW_DECILES","single_condition","single_condition","ds006036__EO_or_photomark","CN_vs_FTD","kTSP_k5_disjoint","glmnet_ridge","classic_fast",20,-0.0611004082620538,-0.0705855396374544,-0.108029314828861,-0.0134066113098346,0.0196328327501722,0.0214515527614747,1,0.0257804874497211,1,0.0278870185899171
"best_ktsp_vs_each_classifier","balanced_accuracy","tier1_main","P0_derivative_amplitude_deciles","RAW_DECILES","single_condition","single_condition","ds006036__EO_or_photomark","CN_vs_FTD","kTSP_k5_disjoint","glmnet_ridge","classic_fast",20,-0.0210833333333334,-0.0291666666666667,-0.0409166666666667,-0.000333333333333363,0.0619073464484022,0.0700858301950093,1,0.0736654923413482,1,0.0815316145445298
"best_ktsp_vs_each_classifier","macro_f1","tier1_main","P0_derivative_amplitude_deciles","RAW_DECILES","single_condition","single_condition","ds006036__EO_or_photomark","CN_vs_FTD","kTSP_k5_disjoint","xgboost_shallow","classic_fast",20,0.041292957042957,0.0407475857475857,0.00852921245421247,0.0707911095848595,0.0289651011534133,0.01836140110299,1,0.0361195505989807,1,0.0231745839163952
"best_ktsp_vs_each_classifier","mcc","tier1_main","P0_derivative_amplitude_deciles","RAW_DECILES","single_condition","single_condition","ds006036__EO_or_photomark","CN_vs_FTD","kTSP_k5_disjoint","xgboost_shallow","classic_fast",20,0.0997297869913905,0.0824974518260967,0.0384130142211315,0.160079042932625,0.0117369771161822,0.00580589595231314,1,0.0158114717627324,0.830243121180779,0.00796587307441381
"best_ktsp_vs_each_classifier","balanced_accuracy","tier1_main","P0_derivative_amplitude_deciles","RAW_DECILES","single_condition","single_condition","ds006036__EO_or_photomark","CN_vs_FTD","kTSP_k5_disjoint","xgboost_shallow","classic_fast",20,0.0454166666666666,0.0416666666666666,0.01525,0.0736666666666666,0.00997184712488508,0.00629130901873219,1,0.0129634012623506,0.781790997753998,0.0082198007279918
"best_ktsp_vs_each_classifier","macro_f1","tier1_main","P0_derivative_amplitude_deciles","REGION_AGGREGATES_ALL","single_condition","single_condition","ds004504__EC","AD_FTD_vs_CN","kTSP_k9_disjoint","glmnet_elasticnet","classic_fast",20,0.119061622217532,0.112378515565172,0.0948423165464304,0.144609016436445,9.56917315706463e-05,2.30273167757299e-08,0.0496898731631834,0.00029443609714045,8.61221647412299e-06,8.14571749889766e-08
"best_ktsp_vs_each_classifier","mcc","tier1_main","P0_derivative_amplitude_deciles","REGION_AGGREGATES_ALL","single_condition","single_condition","ds004504__EC","AD_FTD_vs_CN","kTSP_k9_disjoint","glmnet_elasticnet","classic_fast",20,0.20098331546116,0.200701806314592,0.158845415342247,0.24432218273868,9.56917315706463e-05,3.2096223131759e-08,0.0496898731631834,0.000324133170225704,1.2645911913913e-05,1.31417606523738e-07
"best_ktsp_vs_each_classifier","balanced_accuracy","tier1_main","P0_derivative_amplitude_deciles","REGION_AGGREGATES_ALL","single_condition","single_condition","ds004504__EC","AD_FTD_vs_CN","kTSP_k9_disjoint","glmnet_elasticnet","classic_fast",20,0.113371212121212,0.113257575757576,0.0941280303030303,0.132644507575758,9.55574483907373e-05,6.09626268793008e-10,0.0490829590524173,0.000299071327167016,2.60310416774614e-07,3.37240063587621e-09
"best_ktsp_vs_each_classifier","macro_f1","tier1_main","P0_derivative_amplitude_deciles","REGION_AGGREGATES_ALL","single_condition","single_condition","ds004504__EC","AD_FTD_vs_CN","kTSP_k9_disjoint","svm_linear_liblinear","classic_fast",20,0.110487730752193,0.0946548489569317,0.0892802449654791,0.133163471034052,9.56917315706463e-05,7.97933960248272e-09,0.0496898731631834,0.00029443609714045,3.13588046377571e-06,3.24160671350861e-08
"best_ktsp_vs_each_classifier","mcc","tier1_main","P0_derivative_amplitude_deciles","REGION_AGGREGATES_ALL","single_condition","single_condition","ds004504__EC","AD_FTD_vs_CN","kTSP_k9_disjoint","svm_linear_liblinear","classic_fast",20,0.226779922222834,0.206099563238687,0.186252736294251,0.269373021548813,9.56917315706463e-05,3.00758014885451e-09,0.0496898731631834,0.000324133170225704,1.2779998123948e-06,1.61231100763334e-08
"best_ktsp_vs_each_classifier","balanced_accuracy","tier1_main","P0_derivative_amplitude_deciles","REGION_AGGREGATES_ALL","single_condition","single_condition","ds004504__EC","AD_FTD_vs_CN","kTSP_k9_disjoint","svm_linear_liblinear","classic_fast",20,0.0936818181818181,0.0853787878787879,0.0737482954545454,0.114844696969697,9.55574483907373e-05,4.02413289773616e-08,0.0490829590524173,0.000299071327167016,1.45673610898049e-05,1.31606862064327e-07
"best_ktsp_vs_each_classifier","macro_f1","tier1_main","P0_derivative_amplitude_deciles","REGION_AGGREGATES_ALL","single_condition","single_condition","ds004504__EC","AD_FTD_vs_CN","kTSP_k9_disjoint","majority","classic_fast",20,0.341073142992597,0.343938763330068,0.327494729247878,0.354073816089392,9.56917315706463e-05,2.27541278729211e-21,0.0496898731631834,0.00029443609714045,1.13543098085876e-18,5.3782484063268e-20
"best_ktsp_vs_each_classifier","mcc","tier1_main","P0_derivative_amplitude_deciles","REGION_AGGREGATES_ALL","single_condition","single_condition","ds004504__EC","AD_FTD_vs_CN","kTSP_k9_disjoint","majority","classic_fast",20,0.521453294406437,0.521320787392848,0.498452488969858,0.543689112602189,9.56917315706463e-05,1.81168496685719e-20,0.0496898731631834,0.000324133170225704,9.0765416839545e-18,4.71038091382868e-19
"best_ktsp_vs_each_classifier","balanced_accuracy","tier1_main","P0_derivative_amplitude_deciles","REGION_AGGREGATES_ALL","single_condition","single_condition","ds004504__EC","AD_FTD_vs_CN","kTSP_k9_disjoint","majority","classic_fast",20,0.242924242424242,0.243863636363636,0.231135416666667,0.254416856060606,9.55574483907373e-05,1.05914483184981e-19,0.0490829590524173,0.000299071327167016,5.30631560756753e-17,2.75377656280949e-18
"best_ktsp_vs_each_classifier","macro_f1","tier1_main","P0_derivative_amplitude_deciles","REGION_AGGREGATES_ALL","single_condition","single_condition","ds004504__EC","AD_FTD_vs_CN","kTSP_k9_disjoint","ranger_rf","classic_fast",20,0.0263299523881109,0.0266367891367891,0.00977642126595305,0.0420920549332695,0.00760127216539086,0.00531193134981149,1,0.0102400557668478,0.701174938175116,0.00710078226710019
"best_ktsp_vs_each_classifier","mcc","tier1_main","P0_derivative_amplitude_deciles","REGION_AGGREGATES_ALL","single_condition","single_condition","ds004504__EC","AD_FTD_vs_CN","kTSP_k9_disjoint","ranger_rf","classic_fast",20,0.0540143609200923,0.0610096101214112,0.0258703940068591,0.0825373472585862,0.00541443666045427,0.00214803224328101,0.84465211903086,0.00767168137176082,0.341537126681681,0.00308557117819372
"best_ktsp_vs_each_classifier","balanced_accuracy","tier1_main","P0_derivative_amplitude_deciles","REGION_AGGREGATES_ALL","single_condition","single_condition","ds004504__EC","AD_FTD_vs_CN","kTSP_k9_disjoint","ranger_rf","classic_fast",20,0.0329242424242424,0.0408333333333333,0.019355303030303,0.0457206439393939,0.00123738209097257,0.000166137750810309,0.238814743557706,0.00191495929591055,0.0330614124112515,0.000268296988886213
"best_ktsp_vs_each_classifier","macro_f1","tier1_main","P0_derivative_amplitude_deciles","REGION_AGGREGATES_ALL","single_condition","single_condition","ds004504__EC","AD_FTD_vs_CN","kTSP_k9_disjoint","xgboost_default","classic_fast",20,0.0905601119018762,0.0846833963138311,0.0720608535725116,0.107969022188579,0.00011157661051997,1.04038757184484e-08,0.0496898731631834,0.000297537628053339,4.01589602732108e-06,3.97795248058321e-08
"best_ktsp_vs_each_classifier","mcc","tier1_main","P0_derivative_amplitude_deciles","REGION_AGGREGATES_ALL","single_condition","single_condition","ds004504__EC","AD_FTD_vs_CN","kTSP_k9_disjoint","xgboost_default","classic_fast",20,0.194180649874774,0.198689562785077,0.159025802382624,0.228460904119446,0.00011157661051997,1.98215482041492e-09,0.0496898731631834,0.000324133170225704,8.60255192060076e-07,1.16611385318539e-08
"best_ktsp_vs_each_classifier","balanced_accuracy","tier1_main","P0_derivative_amplitude_deciles","REGION_AGGREGATES_ALL","single_condition","single_condition","ds004504__EC","AD_FTD_vs_CN","kTSP_k9_disjoint","xgboost_default","classic_fast",20,0.0880075757575757,0.0811363636363636,0.0715371212121212,0.103290340909091,0.000111422865463284,2.5428487200658e-09,0.0490829590524173,0.000299071327167016,1.02985373162665e-06,1.13015498669591e-08
"best_ktsp_vs_each_classifier","macro_f1","tier1_main","P0_derivative_amplitude_deciles","REGION_AGGREGATES_ALL","single_condition","single_condition","ds004504__EC","AD_FTD_vs_CN","kTSP_k9_disjoint","glmnet_lasso","classic_fast",20,0.12167320398069,0.140879448941301,0.0993530353141681,0.143984688607464,9.56917315706463e-05,3.28386882411137e-09,0.0496898731631834,0.00029443609714045,1.32668300494099e-06,1.45949725516061e-08
"best_ktsp_vs_each_classifier","mcc","tier1_main","P0_derivative_amplitude_deciles","REGION_AGGREGATES_ALL","single_condition","single_condition","ds004504__EC","AD_FTD_vs_CN","kTSP_k9_disjoint","glmnet_lasso","classic_fast",20,0.203751252620736,0.202731303547964,0.166177275165604,0.241347673616525,9.56917315706463e-05,4.35580491297368e-09,0.0496898731631834,0.000324133170225704,1.820726453623e-06,2.1990471405304e-08
"best_ktsp_vs_each_classifier","balanced_accuracy","tier1_main","P0_derivative_amplitude_deciles","REGION_AGGREGATES_ALL","single_condition","single_condition","ds004504__EC","AD_FTD_vs_CN","kTSP_k9_disjoint","glmnet_lasso","classic_fast",20,0.116166666666667,0.13,0.0965142045454545,0.134636931818182,9.55574483907373e-05,4.19738739449525e-10,0.0490829590524173,0.000299071327167016,1.80487657963296e-07,2.39177336229145e-09
"best_ktsp_vs_each_classifier","macro_f1","tier1_main","P0_derivative_amplitude_deciles","REGION_AGGREGATES_ALL","single_condition","single_condition","ds004504__EC","AD_FTD_vs_CN","kTSP_k9_disjoint","sda_shrinklda","classic_fast",20,0.0235701204887603,0.0161587760066021,0.00658310415834643,0.0417947852348939,0.0239066271188815,0.0180636395171096,1,0.0301003537574296,1,0.022909981826578
"best_ktsp_vs_each_classifier","mcc","tier1_main","P0_derivative_amplitude_deciles","REGION_AGGREGATES_ALL","single_condition","single_condition","ds004504__EC","AD_FTD_vs_CN","kTSP_k9_disjoint","sda_shrinklda","classic_fast",20,0.0638478764906471,0.0442749853490276,0.0328026041579773,0.0950357513080251,0.00265336548285355,0.000852216826543158,0.480259152396493,0.00397622493107742,0.154955791836151,0.00129956818123883
"best_ktsp_vs_each_classifier","balanced_accuracy","tier1_main","P0_derivative_amplitude_deciles","REGION_AGGREGATES_ALL","single_condition","single_condition","ds004504__EC","AD_FTD_vs_CN","kTSP_k9_disjoint","sda_shrinklda","classic_fast",20,0.0226893939393939,0.0171212121212121,0.00697727272727271,0.03920625,0.0349032054351019,0.0134354572380125,1,0.0425243749941402,1,0.017165694751269
"best_ktsp_vs_each_classifier","macro_f1","tier1_main","P0_derivative_amplitude_deciles","REGION_AGGREGATES_ALL","single_condition","single_condition","ds004504__EC","AD_FTD_vs_CN","kTSP_k9_disjoint","knn_euclidean","classic_fast",20,0.0531411553753625,0.056273690078038,0.0404984032190178,0.0657249288165034,0.000151093078387232,1.62032167768657e-07,0.0496898731631834,0.000358759820828257,5.44428083702688e-05,4.55441768863253e-07
"best_ktsp_vs_each_classifier","mcc","tier1_main","P0_derivative_amplitude_deciles","REGION_AGGREGATES_ALL","single_condition","single_condition","ds004504__EC","AD_FTD_vs_CN","kTSP_k9_disjoint","knn_euclidean","classic_fast",20,0.123626478196444,0.129135991493946,0.10224107675245,0.144050778664485,9.56917315706463e-05,9.08567623029988e-10,0.0496898731631834,0.000324133170225704,3.97952618887135e-07,5.69223089127222e-09
"best_ktsp_vs_each_classifier","balanced_accuracy","tier1_main","P0_derivative_amplitude_deciles","REGION_AGGREGATES_ALL","single_condition","single_condition","ds004504__EC","AD_FTD_vs_CN","kTSP_k9_disjoint","knn_euclidean","classic_fast",20,0.0452878787878788,0.0478030303030303,0.0328030303030303,0.0574405303030303,0.000235449561167833,1.07005656560065e-06,0.0626295832706436,0.000466112496020886,0.000324934819210265,2.55242850510246e-06
"best_ktsp_vs_each_classifier","macro_f1","tier1_main","P0_derivative_amplitude_deciles","REGION_AGGREGATES_ALL","single_condition","single_condition","ds004504__EC","AD_FTD_vs_CN","kTSP_k9_disjoint","xgboost_shallow","classic_fast",20,0.0905601119018762,0.0846833963138311,0.0721730858270829,0.107252072800836,0.00011157661051997,1.04038757184484e-08,0.0496898731631834,0.000297537628053339,4.01589602732108e-06,3.97795248058321e-08
"best_ktsp_vs_each_classifier","mcc","tier1_main","P0_derivative_amplitude_deciles","REGION_AGGREGATES_ALL","single_condition","single_condition","ds004504__EC","AD_FTD_vs_CN","kTSP_k9_disjoint","xgboost_shallow","classic_fast",20,0.194180649874774,0.198689562785077,0.157998192963244,0.228339600463083,0.00011157661051997,1.98215482041492e-09,0.0496898731631834,0.000324133170225704,8.60255192060076e-07,1.16611385318539e-08
"best_ktsp_vs_each_classifier","balanced_accuracy","tier1_main","P0_derivative_amplitude_deciles","REGION_AGGREGATES_ALL","single_condition","single_condition","ds004504__EC","AD_FTD_vs_CN","kTSP_k9_disjoint","xgboost_shallow","classic_fast",20,0.0880075757575757,0.0811363636363636,0.0716208333333333,0.10406875,0.000111422865463284,2.5428487200658e-09,0.0490829590524173,0.000299071327167016,1.02985373162665e-06,1.13015498669591e-08
"best_ktsp_vs_each_classifier","macro_f1","tier1_main","P0_derivative_amplitude_deciles","REGION_AGGREGATES_ALL","single_condition","single_condition","ds004504__EC","AD_FTD_vs_CN","kTSP_k9_disjoint","glmnet_ridge","classic_fast",20,0.099208642850061,0.102776038727694,0.077009793451119,0.120104771151028,9.56917315706463e-05,3.78427578258991e-08,0.0496898731631834,0.00029443609714045,1.37747638486273e-05,1.24557034656241e-07
"best_ktsp_vs_each_classifier","mcc","tier1_main","P0_derivative_amplitude_deciles","REGION_AGGREGATES_ALL","single_condition","single_condition","ds004504__EC","AD_FTD_vs_CN","kTSP_k9_disjoint","glmnet_ridge","classic_fast",20,0.160460355980101,0.16009208550812,0.125137135842598,0.195552490983601,9.56917315706463e-05,5.25205832725627e-08,0.0496898731631834,0.000324133170225704,1.98527804770287e-05,1.90983939172955e-07
"best_ktsp_vs_each_classifier","balanced_accuracy","tier1_main","P0_derivative_amplitude_deciles","REGION_AGGREGATES_ALL","single_condition","single_condition","ds004504__EC","AD_FTD_vs_CN","kTSP_k9_disjoint","glmnet_ridge","classic_fast",20,0.0958560606060606,0.0975,0.0785524621212121,0.112735037878788,9.55574483907373e-05,1.51951567696925e-09,0.0490829590524173,0.000299071327167016,6.32118521619207e-07,7.52522049546675e-09
"best_ktsp_vs_each_classifier","macro_f1","tier1_main","P0_derivative_amplitude_deciles","REGION_AGGREGATES_ALL","single_condition","single_condition","ds004504__EC","AD_vs_CN","kTSP_k5_nondisjoint","glmnet_elasticnet","classic_fast",20,0.0601409746084669,0.0593289304434815,0.0388388315492128,0.0813018437122733,0.00023574535856441,3.66968248941456e-05,0.0653014643223415,0.000478857759584016,0.00862375385012422,6.67214998075375e-05
"best_ktsp_vs_each_classifier","mcc","tier1_main","P0_derivative_amplitude_deciles","REGION_AGGREGATES_ALL","single_condition","single_condition","ds004504__EC","AD_vs_CN","kTSP_k5_nondisjoint","glmnet_elasticnet","classic_fast",20,0.0840164168409299,0.0861373014368581,0.043249826472963,0.124667430333505,0.00234534072287751,0.000978019840014024,0.426852011563707,0.00359757279025459,0.17462290380306,0.00148271229389881
"best_ktsp_vs_each_classifier","balanced_accuracy","tier1_main","P0_derivative_amplitude_deciles","REGION_AGGREGATES_ALL","single_condition","single_condition","ds004504__EC","AD_vs_CN","kTSP_k5_nondisjoint","glmnet_elasticnet","classic_fast",20,0.0545833333333333,0.0489880952380952,0.0357854166666666,0.0741620535714285,0.00023574535856441,3.01202630200824e-05,0.0626295832706436,0.000466112496020886,0.00698790102065912,5.41956289634701e-05
"best_ktsp_vs_each_classifier","macro_f1","tier1_main","P0_derivative_amplitude_deciles","REGION_AGGREGATES_ALL","single_condition","single_condition","ds004504__EC","AD_vs_CN","kTSP_k5_nondisjoint","svm_linear_liblinear","classic_fast",20,0.0971310501933567,0.108770967594497,0.0770512272997471,0.11586791410881,0.00011157661051997,8.21872868593521e-09,0.0496898731631834,0.000297537628053339,3.2217416448866e-06,3.31297590440799e-08
"best_ktsp_vs_each_classifier","mcc","tier1_main","P0_derivative_amplitude_deciles","REGION_AGGREGATES_ALL","single_condition","single_condition","ds004504__EC","AD_vs_CN","kTSP_k5_nondisjoint","svm_linear_liblinear","classic_fast",20,0.193376293147779,0.205095089248778,0.150580877505824,0.232574743182874,0.00011157661051997,2.50498325451409e-08,0.0496898731631834,0.000324133170225704,9.94478352042092e-06,1.0504768486672e-07
"best_ktsp_vs_each_classifier","balanced_accuracy","tier1_main","P0_derivative_amplitude_deciles","REGION_AGGREGATES_ALL","single_condition","single_condition","ds004504__EC","AD_vs_CN","kTSP_k5_nondisjoint","svm_linear_liblinear","classic_fast",20,0.094125,0.102440476190476,0.0747974702380952,0.112559821428571,0.00011157661051997,1.16693662169358e-08,0.0490829590524173,0.000299071327167016,4.49270599352029e-06,4.46181649471076e-08
"best_ktsp_vs_each_classifier","macro_f1","tier1_main","P0_derivative_amplitude_deciles","REGION_AGGREGATES_ALL","single_condition","single_condition","ds004504__EC","AD_vs_CN","kTSP_k5_nondisjoint","sda_shrinklda","classic_fast",20,0.0037157179765539,0.0032173300555654,-0.021717935648373,0.0281034363211607,0.722844049740984,0.781173909049239,1,0.751757811730624,1,0.798055859932425
"best_ktsp_vs_each_classifier","mcc","tier1_main","P0_derivative_amplitude_deciles","REGION_AGGREGATES_ALL","single_condition","single_condition","ds004504__EC","AD_vs_CN","kTSP_k5_nondisjoint","sda_shrinklda","classic_fast",20,0.00676797323873604,-0.00738110933453232,-0.0434978268087599,0.0565237635080651,0.640744318210405,0.797154948751649,1,0.671748075543167,1,0.814382265915241
"best_ktsp_vs_each_classifier","balanced_accuracy","tier1_main","P0_derivative_amplitude_deciles","REGION_AGGREGATES_ALL","single_condition","single_condition","ds004504__EC","AD_vs_CN","kTSP_k5_nondisjoint","sda_shrinklda","classic_fast",20,0.00484523809523809,-0.00107142857142861,-0.0183102678571429,0.0284169642857143,0.667686215745583,0.699325780837922,1,0.699993613281659,1,0.724401207242469
"best_ktsp_vs_each_classifier","macro_f1","tier1_main","P0_derivative_amplitude_deciles","REGION_AGGREGATES_ALL","single_condition","single_condition","ds004504__EC","AD_vs_CN","kTSP_k5_nondisjoint","glmnet_lasso","classic_fast",20,0.0663459708935715,0.0585239352151116,0.0440318932830156,0.0904237095592746,0.000203524868067628,2.31550935621559e-05,0.0590222117396071,0.000435526466646777,0.00571930810985252,4.39439731836536e-05
"best_ktsp_vs_each_classifier","mcc","tier1_main","P0_derivative_amplitude_deciles","REGION_AGGREGATES_ALL","single_condition","single_condition","ds004504__EC","AD_vs_CN","kTSP_k5_nondisjoint","glmnet_lasso","classic_fast",20,0.102154192727248,0.0954848442226056,0.0556615024963822,0.149831824395098,0.00124104092831123,0.000493828039911823,0.253172349375491,0.00202937510289887,0.0972841238626291,0.000790386242291769
"best_ktsp_vs_each_classifier","balanced_accuracy","tier1_main","P0_derivative_amplitude_deciles","REGION_AGGREGATES_ALL","single_condition","single_condition","ds004504__EC","AD_vs_CN","kTSP_k5_nondisjoint","glmnet_lasso","classic_fast",20,0.0627380952380952,0.0604166666666667,0.0411308035714286,0.085090625,0.000315046961090193,2.85165584796774e-05,0.0764639985089908,0.000578884875501415,0.00669517834501079,5.16676320886142e-05
"best_ktsp_vs_each_classifier","macro_f1","tier1_main","P0_derivative_amplitude_deciles","REGION_AGGREGATES_ALL","single_condition","single_condition","ds004504__EC","AD_vs_CN","kTSP_k5_nondisjoint","ranger_rf","classic_fast",20,-0.0400915709247753,-0.0436530372791983,-0.0589702172827173,-0.0204998686566701,0.00234534072287745,0.000910290143553587,0.394017241443412,0.00340664015613493,0.149287583542788,0.00132591281413968
"best_ktsp_vs_each_classifier","mcc","tier1_main","P0_derivative_amplitude_deciles","REGION_AGGREGATES_ALL","single_condition","single_condition","ds004504__EC","AD_vs_CN","kTSP_k5_nondisjoint","ranger_rf","classic_fast",20,-0.0748886752717428,-0.0802304952725544,-0.111805835024124,-0.0381082093697798,0.00182529413147666,0.00100524569437025,0.354107061506472,0.00283329238318771,0.176923242209165,0.00151515293064502
"best_ktsp_vs_each_classifier","balanced_accuracy","tier1_main","P0_derivative_amplitude_deciles","REGION_AGGREGATES_ALL","single_condition","single_condition","ds004504__EC","AD_vs_CN","kTSP_k5_nondisjoint","ranger_rf","classic_fast",20,-0.0389226190476191,-0.0430357142857143,-0.057068005952381,-0.0203028273809524,0.00182529413147666,0.000711642894380244,0.326727649534322,0.00275116796628372,0.120979292044641,0.00104972708845151
"best_ktsp_vs_each_classifier","macro_f1","tier1_main","P0_derivative_amplitude_deciles","REGION_AGGREGATES_ALL","single_condition","single_condition","ds004504__EC","AD_vs_CN","kTSP_k5_nondisjoint","majority","classic_fast",20,0.378395300648784,0.380049702619362,0.362279201470184,0.393964696510275,9.56917315706463e-05,8.57177067370182e-21,0.0496898731631834,0.00029443609714045,4.26017002482981e-18,1.85721697930206e-19
"best_ktsp_vs_each_classifier","mcc","tier1_main","P0_derivative_amplitude_deciles","REGION_AGGREGATES_ALL","single_condition","single_condition","ds004504__EC","AD_vs_CN","kTSP_k5_nondisjoint","majority","classic_fast",20,0.498826754694397,0.499521252423543,0.466069991186576,0.529821864424182,9.56917315706463e-05,2.17284402709996e-17,0.0496898731631834,0.000324133170225704,1.06686641730608e-14,3.76626298030659e-16
"best_ktsp_vs_each_classifier","balanced_accuracy","tier1_main","P0_derivative_amplitude_deciles","REGION_AGGREGATES_ALL","single_condition","single_condition","ds004504__EC","AD_vs_CN","kTSP_k5_nondisjoint","majority","classic_fast",20,0.241363095238095,0.242916666666667,0.226259672619048,0.256530357142857,9.56917315706463e-05,1.55245691058417e-17,0.0490829590524173,0.000299071327167016,7.59151429275657e-15,2.52274247969927e-16
"best_ktsp_vs_each_classifier","macro_f1","tier1_main","P0_derivative_amplitude_deciles","REGION_AGGREGATES_ALL","single_condition","single_condition","ds004504__EC","AD_vs_CN","kTSP_k5_nondisjoint","xgboost_shallow","classic_fast",20,0.0316804665922313,0.0448219917337564,0.00233216460826756,0.0593053622031563,0.064607095537442,0.0443038568245266,1,0.0772314705275169,1,0.0538271157681164
"best_ktsp_vs_each_classifier","mcc","tier1_main","P0_derivative_amplitude_deciles","REGION_AGGREGATES_ALL","single_condition","single_condition","ds004504__EC","AD_vs_CN","kTSP_k5_nondisjoint","xgboost_shallow","classic_fast",20,0.0669814265934898,0.0946575316738938,0.0126553051861789,0.118791895496638,0.0318228687346354,0.0302372186568488,1,0.0404593930122503,1,0.0384434075832796
"best_ktsp_vs_each_classifier","balanced_accuracy","tier1_main","P0_derivative_amplitude_deciles","REGION_AGGREGATES_ALL","single_condition","single_condition","ds004504__EC","AD_vs_CN","kTSP_k5_nondisjoint","xgboost_shallow","classic_fast",20,0.0308154761904762,0.0430357142857143,0.00296041666666664,0.0557876488095238,0.045792839376136,0.0376149664268871,1,0.0551210103601637,1,0.0457004264999562
"best_ktsp_vs_each_classifier","macro_f1","tier1_main","P0_derivative_amplitude_deciles","REGION_AGGREGATES_ALL","single_condition","single_condition","ds004504__EC","AD_vs_CN","kTSP_k5_nondisjoint","xgboost_default","classic_fast",20,0.0316804665922313,0.0448219917337564,0.00215684703368527,0.0586343921805319,0.064607095537442,0.0443038568245266,1,0.0772314705275169,1,0.0538271157681164
"best_ktsp_vs_each_classifier","mcc","tier1_main","P0_derivative_amplitude_deciles","REGION_AGGREGATES_ALL","single_condition","single_condition","ds004504__EC","AD_vs_CN","kTSP_k5_nondisjoint","xgboost_default","classic_fast",20,0.0669814265934898,0.0946575316738938,0.00990709286438212,0.119332488895516,0.0318228687346354,0.0302372186568488,1,0.0404593930122503,1,0.0384434075832796
"best_ktsp_vs_each_classifier","balanced_accuracy","tier1_main","P0_derivative_amplitude_deciles","REGION_AGGREGATES_ALL","single_condition","single_condition","ds004504__EC","AD_vs_CN","kTSP_k5_nondisjoint","xgboost_default","classic_fast",20,0.0308154761904762,0.0430357142857143,0.00370208333333331,0.0568452380952381,0.045792839376136,0.0376149664268871,1,0.0551210103601637,1,0.0457004264999562
"best_ktsp_vs_each_classifier","macro_f1","tier1_main","P0_derivative_amplitude_deciles","REGION_AGGREGATES_ALL","single_condition","single_condition","ds004504__EC","AD_vs_CN","kTSP_k5_nondisjoint","glmnet_ridge","classic_fast",20,0.0350691364019538,0.0338060524786531,0.0133532970727243,0.0563888193291057,0.00607045578069321,0.00586867169847429,0.880216088200515,0.00828513649858398,0.762927320801658,0.00780488307725482
"best_ktsp_vs_each_classifier","mcc","tier1_main","P0_derivative_amplitude_deciles","REGION_AGGREGATES_ALL","single_condition","single_condition","ds004504__EC","AD_vs_CN","kTSP_k5_nondisjoint","glmnet_ridge","classic_fast",20,0.0422457308672486,0.0209751627644482,0.00225300714378349,0.0827635843531425,0.08938770059908,0.0593245125980585,1,0.107100470763875,1,0.0724148980070198
"best_ktsp_vs_each_classifier","balanced_accuracy","tier1_main","P0_derivative_amplitude_deciles","REGION_AGGREGATES_ALL","single_condition","single_condition","ds004504__EC","AD_vs_CN","kTSP_k5_nondisjoint","glmnet_ridge","classic_fast",20,0.0346309523809524,0.0254166666666666,0.0152373511904762,0.053863244047619,0.00482310961577714,0.00318962236995362,0.66938718895534,0.00653129427136488,0.430599019943738,0.00429690060201005
"best_ktsp_vs_each_classifier","macro_f1","tier1_main","P0_derivative_amplitude_deciles","REGION_AGGREGATES_ALL","single_condition","single_condition","ds004504__EC","AD_vs_CN","kTSP_k5_nondisjoint","knn_euclidean","classic_fast",20,0.0201749076087312,0.0154277911630853,-0.00513854546189104,0.0454154971254236,0.30458604753525,0.148550489863122,1,0.334851468749112,1,0.169399681422859
"best_ktsp_vs_each_classifier","mcc","tier1_main","P0_derivative_amplitude_deciles","REGION_AGGREGATES_ALL","single_condition","single_condition","ds004504__EC","AD_vs_CN","kTSP_k5_nondisjoint","knn_euclidean","classic_fast",20,0.0340309129684806,0.0112079092116916,-0.0138333879606281,0.0846577813153443,0.27076012686279,0.200257540700259,1,0.305412724443928,1,0.229369870405584
"best_ktsp_vs_each_classifier","balanced_accuracy","tier1_main","P0_derivative_amplitude_deciles","REGION_AGGREGATES_ALL","single_condition","single_condition","ds004504__EC","AD_vs_CN","kTSP_k5_nondisjoint","knn_euclidean","classic_fast",20,0.0142321428571428,0.00934523809523807,-0.0097449404761905,0.039869494047619,0.380314081024951,0.27656022114402,1,0.418990089264777,1,0.309938178868298
"best_ktsp_vs_each_classifier","macro_f1","tier1_main","P0_derivative_amplitude_deciles","REGION_AGGREGATES_ALL","single_condition","single_condition","ds004504__EC","AD_vs_FTD","kTSP_k9_disjoint","svm_linear_liblinear","classic_fast",20,0.0630032037106341,0.0622782596660306,0.0285576421181588,0.0975088914256967,0.0105491877123423,0.00265640897232971,1,0.0138524687131767,0.382522892015478,0.00366401237562719
"best_ktsp_vs_each_classifier","mcc","tier1_main","P0_derivative_amplitude_deciles","REGION_AGGREGATES_ALL","single_condition","single_condition","ds004504__EC","AD_vs_FTD","kTSP_k9_disjoint","svm_linear_liblinear","classic_fast",20,0.164988950689447,0.190703693454713,0.0928327612465135,0.235137492599035,0.00265336548285355,0.000253688073110988,0.480259152396493,0.00397622493107742,0.0535281834264186,0.00042554128392811
"best_ktsp_vs_each_classifier","balanced_accuracy","tier1_main","P0_derivative_amplitude_deciles","REGION_AGGREGATES_ALL","single_condition","single_condition","ds004504__EC","AD_vs_FTD","kTSP_k9_disjoint","svm_linear_liblinear","classic_fast",20,0.0788214285714286,0.0921428571428571,0.0438214285714286,0.114018303571429,0.00338292225374581,0.000433374251128325,0.517161924525305,0.0047161382625947,0.0793594149806575,0.000664762863087696
"best_ktsp_vs_each_classifier","macro_f1","tier1_main","P0_derivative_amplitude_deciles","REGION_AGGREGATES_ALL","single_condition","single_condition","ds004504__EC","AD_vs_FTD","kTSP_k9_disjoint","ranger_rf","classic_fast",20,0.000292603724105303,0.00441364191364196,-0.0303656860747611,0.0313393257230815,0.955342600235536,0.986058036733911,1,0.957183337422888,1,0.986058036733911
"best_ktsp_vs_each_classifier","mcc","tier1_main","P0_derivative_amplitude_deciles","REGION_AGGREGATES_ALL","single_condition","single_condition","ds004504__EC","AD_vs_FTD","kTSP_k9_disjoint","ranger_rf","classic_fast",20,0.0305912095392095,0.0351755595025741,-0.0353861971899286,0.094607937524818,0.30458604753525,0.383567695499854,1,0.341346432582608,1,0.425277615479582
"best_ktsp_vs_each_classifier","balanced_accuracy","tier1_main","P0_derivative_amplitude_deciles","REGION_AGGREGATES_ALL","single_condition","single_condition","ds004504__EC","AD_vs_FTD","kTSP_k9_disjoint","ranger_rf","classic_fast",20,0.0121785714285714,0.0151785714285715,-0.0198223214285714,0.0431272321428571,0.422175673993565,0.47720182902608,1,0.460233439154411,1,0.514823549986642
"best_ktsp_vs_each_classifier","macro_f1","tier1_main","P0_derivative_amplitude_deciles","REGION_AGGREGATES_ALL","single_condition","single_condition","ds004504__EC","AD_vs_FTD","kTSP_k9_disjoint","glmnet_lasso","classic_fast",20,0.0746674262270238,0.0771775592828224,0.0425852638900917,0.106238531098245,0.001413190930041,0.000279858958208454,0.261440322057584,0.00214871135561789,0.0534530610178148,0.000440989873540595
"best_ktsp_vs_each_classifier","mcc","tier1_main","P0_derivative_amplitude_deciles","REGION_AGGREGATES_ALL","single_condition","single_condition","ds004504__EC","AD_vs_FTD","kTSP_k9_disjoint","glmnet_lasso","classic_fast",20,0.00227439590827573,0.0110881049894091,-0.0604642071753301,0.064569662063668,0.985107284492357,0.945613051122611,1,0.985107284492357,1,0.956651335766066
"best_ktsp_vs_each_classifier","balanced_accuracy","tier1_main","P0_derivative_amplitude_deciles","REGION_AGGREGATES_ALL","single_condition","single_condition","ds004504__EC","AD_vs_FTD","kTSP_k9_disjoint","glmnet_lasso","classic_fast",20,0.0031607142857143,0.00625000000000001,-0.0268044642857143,0.0320544642857143,0.955342600235536,0.838836878880343,1,0.96088617431814,1,0.853610913929116
"best_ktsp_vs_each_classifier","macro_f1","tier1_main","P0_derivative_amplitude_deciles","REGION_AGGREGATES_ALL","single_condition","single_condition","ds004504__EC","AD_vs_FTD","kTSP_k9_disjoint","majority","classic_fast",20,0.0785039136560034,0.0735827880409924,0.0523666261359469,0.105353884367052,0.000363481868201676,2.04516657111447e-05,0.0868721665002006,0.000656286706475248,0.00507201309636388,3.89555537355137e-05
"best_ktsp_vs_each_classifier","mcc","tier1_main","P0_derivative_amplitude_deciles","REGION_AGGREGATES_ALL","single_condition","single_condition","ds004504__EC","AD_vs_FTD","kTSP_k9_disjoint","majority","classic_fast",20,-0.0189058991344702,0.00986332957094463,-0.0732560390143482,0.0319489673957277,0.640744318210405,0.502887682869705,1,0.671748075543167,1,0.538069125704211
"best_ktsp_vs_each_classifier","balanced_accuracy","tier1_main","P0_derivative_amplitude_deciles","REGION_AGGREGATES_ALL","single_condition","single_condition","ds004504__EC","AD_vs_FTD","kTSP_k9_disjoint","majority","classic_fast",20,-0.00755357142857142,0.00928571428571429,-0.034840625,0.0164647321428571,0.667686215745583,0.581174601789482,1,0.699993613281659,1,0.616756720266389
"best_ktsp_vs_each_classifier","macro_f1","tier1_main","P0_derivative_amplitude_deciles","REGION_AGGREGATES_ALL","single_condition","single_condition","ds004504__EC","AD_vs_FTD","kTSP_k9_disjoint","glmnet_elasticnet","classic_fast",20,0.0745951527832333,0.0735201374133263,0.0477407222206758,0.104159275403819,0.000481928896718165,6.47015112073433e-05,0.108434001761586,0.000832568193665932,0.0140402279319935,0.000110673637591508
"best_ktsp_vs_each_classifier","mcc","tier1_main","P0_derivative_amplitude_deciles","REGION_AGGREGATES_ALL","single_condition","single_condition","ds004504__EC","AD_vs_FTD","kTSP_k9_disjoint","glmnet_elasticnet","classic_fast",20,0.00164961901448055,0.0353456891428259,-0.0588119032036641,0.063113062160455,0.955342600235536,0.960351829015469,1,0.96088617431814,1,0.96592447018964
"best_ktsp_vs_each_classifier","balanced_accuracy","tier1_main","P0_derivative_amplitude_deciles","REGION_AGGREGATES_ALL","single_condition","single_condition","ds004504__EC","AD_vs_FTD","kTSP_k9_disjoint","glmnet_elasticnet","classic_fast",20,0.000392857142857153,0.01625,-0.0281964285714285,0.0292513392857143,0.985107284492357,0.979862520706035,1,0.988910787521285,1,0.981750502441499
"best_ktsp_vs_each_classifier","macro_f1","tier1_main","P0_derivative_amplitude_deciles","REGION_AGGREGATES_ALL","single_condition","single_condition","ds004504__EC","AD_vs_FTD","kTSP_k9_disjoint","xgboost_default","classic_fast",20,0.000568244534962814,0.00533751379339614,-0.0386232420421855,0.0417309989223882,0.896040840009703,0.979156474103928,1,0.90826751813849,1,0.981043095441315
"best_ktsp_vs_each_classifier","mcc","tier1_main","P0_derivative_amplitude_deciles","REGION_AGGREGATES_ALL","single_condition","single_condition","ds004504__EC","AD_vs_FTD","kTSP_k9_disjoint","xgboost_default","classic_fast",20,0.0357524040438961,0.0600325476317161,-0.0451437362493443,0.120320111889359,0.466621508656949,0.416190851339592,1,0.504455685034539,1,0.456580680794489
"best_ktsp_vs_each_classifier","balanced_accuracy","tier1_main","P0_derivative_amplitude_deciles","REGION_AGGREGATES_ALL","single_condition","single_condition","ds004504__EC","AD_vs_FTD","kTSP_k9_disjoint","xgboost_default","classic_fast",20,0.0175,0.0310714285714286,-0.020465625,0.0561433035714286,0.466621508656949,0.40487524522591,1,0.504455685034539,1,0.442300688061918
"best_ktsp_vs_each_classifier","macro_f1","tier1_main","P0_derivative_amplitude_deciles","REGION_AGGREGATES_ALL","single_condition","single_condition","ds004504__EC","AD_vs_FTD","kTSP_k9_disjoint","glmnet_ridge","classic_fast",20,0.0582744367775328,0.0608599660573345,0.027624753064488,0.0873250095084654,0.0029979578809507,0.00138215198181278,0.485669176714013,0.00433038360581767,0.212851405199168,0.00195836248104263
"best_ktsp_vs_each_classifier","mcc","tier1_main","P0_derivative_amplitude_deciles","REGION_AGGREGATES_ALL","single_condition","single_condition","ds004504__EC","AD_vs_FTD","kTSP_k9_disjoint","glmnet_ridge","classic_fast",20,-0.0262266313553347,-0.00670742112975219,-0.0900909580608385,0.0297420321809271,0.588284480889313,0.409169965754547,1,0.620502900735178,1,0.450780470746535
"best_ktsp_vs_each_classifier","balanced_accuracy","tier1_main","P0_derivative_amplitude_deciles","REGION_AGGREGATES_ALL","single_condition","single_condition","ds004504__EC","AD_vs_FTD","kTSP_k9_disjoint","glmnet_ridge","classic_fast",20,-0.0100535714285714,0.00446428571428575,-0.0387366071428571,0.0161611607142857,0.69506336282602,0.490656813277904,1,0.724314526391844,1,0.528243360050746
"best_ktsp_vs_each_classifier","macro_f1","tier1_main","P0_derivative_amplitude_deciles","REGION_AGGREGATES_ALL","single_condition","single_condition","ds004504__EC","AD_vs_FTD","kTSP_k9_disjoint","sda_shrinklda","classic_fast",20,-0.053991300838824,-0.0403531483136746,-0.0876637715429995,-0.0210892168525489,0.0105491877123423,0.00622535388001208,1,0.0138524687131767,0.796845296641546,0.00823710945955796
"best_ktsp_vs_each_classifier","mcc","tier1_main","P0_derivative_amplitude_deciles","REGION_AGGREGATES_ALL","single_condition","single_condition","ds004504__EC","AD_vs_FTD","kTSP_k9_disjoint","sda_shrinklda","classic_fast",20,-0.0727641821920734,-0.0589147207732771,-0.138518599141386,-0.0101990108716092,0.0825692915324791,0.0426778828433651,1,0.0996195628698123,1,0.0530921030587317
"best_ktsp_vs_each_classifier","balanced_accuracy","tier1_main","P0_derivative_amplitude_deciles","REGION_AGGREGATES_ALL","single_condition","single_condition","ds004504__EC","AD_vs_FTD","kTSP_k9_disjoint","sda_shrinklda","classic_fast",20,-0.0318928571428571,-0.0296428571428571,-0.0627339285714286,-0.00162455357142857,0.100398718077964,0.0634918190415697,1,0.116794929307698,1,0.0745276431187726
"best_ktsp_vs_each_classifier","macro_f1","tier1_main","P0_derivative_amplitude_deciles","REGION_AGGREGATES_ALL","single_condition","single_condition","ds004504__EC","AD_vs_FTD","kTSP_k9_disjoint","xgboost_shallow","classic_fast",20,0.000568244534962814,0.00533751379339614,-0.0392180783548237,0.0441318669967373,0.896040840009703,0.979156474103928,1,0.90826751813849,1,0.981043095441315
"best_ktsp_vs_each_classifier","mcc","tier1_main","P0_derivative_amplitude_deciles","REGION_AGGREGATES_ALL","single_condition","single_condition","ds004504__EC","AD_vs_FTD","kTSP_k9_disjoint","xgboost_shallow","classic_fast",20,0.0357524040438961,0.0600325476317161,-0.0438725073980287,0.121858415625127,0.466621508656949,0.416190851339592,1,0.504455685034539,1,0.456580680794489
"best_ktsp_vs_each_classifier","balanced_accuracy","tier1_main","P0_derivative_amplitude_deciles","REGION_AGGREGATES_ALL","single_condition","single_condition","ds004504__EC","AD_vs_FTD","kTSP_k9_disjoint","xgboost_shallow","classic_fast",20,0.0175,0.0310714285714286,-0.0203258928571429,0.0571794642857143,0.466621508656949,0.40487524522591,1,0.504455685034539,1,0.442300688061918
"best_ktsp_vs_each_classifier","macro_f1","tier1_main","P0_derivative_amplitude_deciles","REGION_AGGREGATES_ALL","single_condition","single_condition","ds004504__EC","AD_vs_FTD","kTSP_k9_disjoint","knn_euclidean","classic_fast",20,0.0602036911317097,0.0648613886113886,0.0272271667928305,0.0934287045578261,0.00607045578069321,0.00289771163258264,0.880216088200515,0.00828513649858398,0.414372763459318,0.00398626997074861
"best_ktsp_vs_each_classifier","mcc","tier1_main","P0_derivative_amplitude_deciles","REGION_AGGREGATES_ALL","single_condition","single_condition","ds004504__EC","AD_vs_FTD","kTSP_k9_disjoint","knn_euclidean","classic_fast",20,0.150614448450712,0.157378319124829,0.085004194287579,0.214972520967837,0.00108844053343016,0.000266896656990681,0.228572512020333,0.00179110467526482,0.056048297968043,0.00044625807599728
"best_ktsp_vs_each_classifier","balanced_accuracy","tier1_main","P0_derivative_amplitude_deciles","REGION_AGGREGATES_ALL","single_condition","single_condition","ds004504__EC","AD_vs_FTD","kTSP_k9_disjoint","knn_euclidean","classic_fast",20,0.0695535714285714,0.0753571428571429,0.0376424107142857,0.0999285714285714,0.00108844053343016,0.000306739565077534,0.212032665906267,0.00173085344765652,0.057973777799654,0.000480435463374452
"best_ktsp_vs_each_classifier","macro_f1","tier1_main","P0_derivative_amplitude_deciles","REGION_AGGREGATES_ALL","single_condition","single_condition","ds004504__EC","CN_vs_FTD","kTSP_CV_disjoint","glmnet_elasticnet","classic_fast",20,0.200209831018655,0.218770396270396,0.164471193634797,0.233868593579623,9.56917315706463e-05,1.39802384216912e-09,0.0496898731631834,0.00029443609714045,5.82975942184522e-07,6.99011921084559e-09
"best_ktsp_vs_each_classifier","mcc","tier1_main","P0_derivative_amplitude_deciles","REGION_AGGREGATES_ALL","single_condition","single_condition","ds004504__EC","CN_vs_FTD","kTSP_CV_disjoint","glmnet_elasticnet","classic_fast",20,0.359276256420178,0.377810308232849,0.297389052877711,0.419841110245079,9.56917315706463e-05,8.85646160343795e-10,0.0496898731631834,0.000324133170225704,3.8968431055127e-07,5.68562967134288e-09
"best_ktsp_vs_each_classifier","balanced_accuracy","tier1_main","P0_derivative_amplitude_deciles","REGION_AGGREGATES_ALL","single_condition","single_condition","ds004504__EC","CN_vs_FTD","kTSP_CV_disjoint","glmnet_elasticnet","classic_fast",20,0.1825,0.188333333333333,0.151666666666667,0.210752083333333,9.56917315706463e-05,3.81369898352101e-10,0.0490829590524173,0.000299071327167016,1.64370426189756e-07,2.20347052381214e-09
"best_ktsp_vs_each_classifier","macro_f1","tier1_main","P0_derivative_amplitude_deciles","REGION_AGGREGATES_ALL","single_condition","single_condition","ds004504__EC","CN_vs_FTD","kTSP_CV_disjoint","knn_euclidean","classic_fast",20,0.145300092064798,0.138490398490398,0.122071435508935,0.169541185693392,9.56917315706463e-05,4.52873325437875e-10,0.0496898731631834,0.00029443609714045,1.95641276589162e-07,2.64600145199657e-09
"best_ktsp_vs_each_classifier","mcc","tier1_main","P0_derivative_amplitude_deciles","REGION_AGGREGATES_ALL","single_condition","single_condition","ds004504__EC","CN_vs_FTD","kTSP_CV_disjoint","knn_euclidean","classic_fast",20,0.224544658834923,0.221384495982215,0.188298841190039,0.261243871407434,9.56917315706463e-05,3.83161462169636e-10,0.0496898731631834,0.000324133170225704,1.72422657976336e-07,2.80625296236916e-09
"best_ktsp_vs_each_classifier","balanced_accuracy","tier1_main","P0_derivative_amplitude_deciles","REGION_AGGREGATES_ALL","single_condition","single_condition","ds004504__EC","CN_vs_FTD","kTSP_CV_disjoint","knn_euclidean","classic_fast",20,0.13275,0.133333333333333,0.112916666666667,0.152583333333333,9.55574483907373e-05,1.13514139581673e-10,0.0490829590524173,0.000299071327167016,4.98327072763546e-08,7.19845763200855e-10
"best_ktsp_vs_each_classifier","macro_f1","tier1_main","P0_derivative_amplitude_deciles","REGION_AGGREGATES_ALL","single_condition","single_condition","ds004504__EC","CN_vs_FTD","kTSP_CV_disjoint","svm_linear_liblinear","classic_fast",20,0.117288711288711,0.135414307914308,0.0946336219336219,0.138837522200022,9.56917315706463e-05,3.08579834890046e-09,0.0496898731631834,0.00029443609714045,1.25591992800249e-06,1.40755714160372e-08
"best_ktsp_vs_each_classifier","mcc","tier1_main","P0_derivative_amplitude_deciles","REGION_AGGREGATES_ALL","single_condition","single_condition","ds004504__EC","CN_vs_FTD","kTSP_CV_disjoint","svm_linear_liblinear","classic_fast",20,0.227058601678135,0.251899112241527,0.186143855381826,0.269905784158395,9.56917315706463e-05,3.82468820277055e-09,0.0496898731631834,0.000324133170225704,1.6101937333664e-06,1.98883786544069e-08
"best_ktsp_vs_each_classifier","balanced_accuracy","tier1_main","P0_derivative_amplitude_deciles","REGION_AGGREGATES_ALL","single_condition","single_condition","ds004504__EC","CN_vs_FTD","kTSP_CV_disjoint","svm_linear_liblinear","classic_fast",20,0.116,0.136666666666667,0.0955,0.136833333333333,9.55574483907373e-05,1.61485098567917e-09,0.0490829590524173,0.000299071327167016,6.70163159056856e-07,7.92191049578461e-09
"best_ktsp_vs_each_classifier","macro_f1","tier1_main","P0_derivative_amplitude_deciles","REGION_AGGREGATES_ALL","single_condition","single_condition","ds004504__EC","CN_vs_FTD","kTSP_CV_disjoint","ranger_rf","classic_fast",20,0.0393857531357531,0.0551964701964702,0.0117931616994117,0.0655389464701965,0.0216782152709682,0.0130107514873771,1,0.0274943218070817,1,0.0167051624035459
"best_ktsp_vs_each_classifier","mcc","tier1_main","P0_derivative_amplitude_deciles","REGION_AGGREGATES_ALL","single_condition","single_condition","ds004504__EC","CN_vs_FTD","kTSP_CV_disjoint","ranger_rf","classic_fast",20,0.0793844587441251,0.111798437924211,0.0319521684413562,0.125558445256325,0.00848955537682006,0.00404526161089915,1,0.0117408744573043,0.610834503245771,0.00568523253423664
"best_ktsp_vs_each_classifier","balanced_accuracy","tier1_main","P0_derivative_amplitude_deciles","REGION_AGGREGATES_ALL","single_condition","single_condition","ds004504__EC","CN_vs_FTD","kTSP_CV_disjoint","ranger_rf","classic_fast",20,0.0413333333333333,0.0575000000000001,0.0174145833333333,0.0640833333333333,0.00678758108458144,0.00342994665567096,0.889173122080169,0.00897096460298824,0.452752958548566,0.0045850186656784
"best_ktsp_vs_each_classifier","macro_f1","tier1_main","P0_derivative_amplitude_deciles","REGION_AGGREGATES_ALL","single_condition","single_condition","ds004504__EC","CN_vs_FTD","kTSP_CV_disjoint","xgboost_default","classic_fast",20,0.11782412032412,0.108444610944611,0.082818734043734,0.154772489316239,0.000175476155215737,7.99941917856102e-06,0.052818322719909,0.000396728698748622,0.0021758420165686,1.66387918914069e-05
"best_ktsp_vs_each_classifier","mcc","tier1_main","P0_derivative_amplitude_deciles","REGION_AGGREGATES_ALL","single_condition","single_condition","ds004504__EC","CN_vs_FTD","kTSP_CV_disjoint","xgboost_default","classic_fast",20,0.236643741023057,0.210530746810592,0.172992744017121,0.303676105472339,0.00011157661051997,2.04536750496742e-06,0.0496898731631834,0.000324133170225704,0.000650426866579638,5.21368187540714e-06
"best_ktsp_vs_each_classifier","balanced_accuracy","tier1_main","P0_derivative_amplitude_deciles","REGION_AGGREGATES_ALL","single_condition","single_condition","ds004504__EC","CN_vs_FTD","kTSP_CV_disjoint","xgboost_default","classic_fast",20,0.118666666666667,0.105833333333333,0.0862479166666667,0.15291875,0.00011157661051997,1.9751083782426e-06,0.0490829590524173,0.000299071327167016,0.000572781429690355,4.4269670546817e-06
"best_ktsp_vs_each_classifier","macro_f1","tier1_main","P0_derivative_amplitude_deciles","REGION_AGGREGATES_ALL","single_condition","single_condition","ds004504__EC","CN_vs_FTD","kTSP_CV_disjoint","glmnet_lasso","classic_fast",20,0.219417848491378,0.243952991452991,0.183791176144117,0.250659903862477,9.56917315706463e-05,1.14372397759781e-10,0.0496898731631834,0.00029443609714045,5.08957170031027e-08,7.82547984672189e-10
"best_ktsp_vs_each_classifier","mcc","tier1_main","P0_derivative_amplitude_deciles","REGION_AGGREGATES_ALL","single_condition","single_condition","ds004504__EC","CN_vs_FTD","kTSP_CV_disjoint","glmnet_lasso","classic_fast",20,0.398496066169317,0.425508698114422,0.339044919293643,0.450916247462509,9.56917315706463e-05,3.64682092961818e-11,0.0496898731631834,0.000324133170225704,1.70306537413169e-08,3.51175348778047e-10
"best_ktsp_vs_each_classifier","balanced_accuracy","tier1_main","P0_derivative_amplitude_deciles","REGION_AGGREGATES_ALL","single_condition","single_condition","ds004504__EC","CN_vs_FTD","kTSP_CV_disjoint","glmnet_lasso","classic_fast",20,0.197416666666667,0.209166666666667,0.167747916666667,0.222916666666667,9.55574483907373e-05,3.13069078911345e-11,0.0490829590524173,0.000299071327167016,1.41507223667928e-08,2.35936117440434e-10
"best_ktsp_vs_each_classifier","macro_f1","tier1_main","P0_derivative_amplitude_deciles","REGION_AGGREGATES_ALL","single_condition","single_condition","ds004504__EC","CN_vs_FTD","kTSP_CV_disjoint","majority","classic_fast",20,0.402692559074912,0.406833362715716,0.384060179648783,0.420092381474734,9.56917315706463e-05,1.95806009435732e-20,0.0496898731631834,0.00029443609714045,9.67281686612517e-18,3.77107870024373e-19
"best_ktsp_vs_each_classifier","mcc","tier1_main","P0_derivative_amplitude_deciles","REGION_AGGREGATES_ALL","single_condition","single_condition","ds004504__EC","CN_vs_FTD","kTSP_CV_disjoint","majority","classic_fast",20,0.556930051899034,0.562057097761154,0.525728039029953,0.586121918485819,9.56917315706463e-05,7.93562805465673e-19,0.0496898731631834,0.000324133170225704,3.92813588705508e-16,1.58712561093135e-17
"best_ktsp_vs_each_classifier","balanced_accuracy","tier1_main","P0_derivative_amplitude_deciles","REGION_AGGREGATES_ALL","single_condition","single_condition","ds004504__EC","CN_vs_FTD","kTSP_CV_disjoint","majority","classic_fast",20,0.269833333333333,0.274166666666667,0.253916666666667,0.284833333333333,9.5423308128284e-05,2.43832925835436e-18,0.0490829590524173,0.000299071327167016,1.20453465362705e-15,4.69604153460839e-17
"best_ktsp_vs_each_classifier","macro_f1","tier1_main","P0_derivative_amplitude_deciles","REGION_AGGREGATES_ALL","single_condition","single_condition","ds004504__EC","CN_vs_FTD","kTSP_CV_disjoint","sda_shrinklda","classic_fast",20,0.0561968031968032,0.068491230991231,0.0298416847041847,0.0817073058885558,0.00108844053343016,0.000569357769515537,0.211157463485451,0.00170993678967885,0.101345682973766,0.00086316629780781
"best_ktsp_vs_each_classifier","mcc","tier1_main","P0_derivative_amplitude_deciles","REGION_AGGREGATES_ALL","single_condition","single_condition","ds004504__EC","CN_vs_FTD","kTSP_CV_disjoint","sda_shrinklda","classic_fast",20,0.106683738825869,0.113524636022433,0.0603041511493095,0.151733908475599,0.00108844053343016,0.000290744957041024,0.228572512020333,0.00179110467526482,0.060765696021574,0.000484574928401707
"best_ktsp_vs_each_classifier","balanced_accuracy","tier1_main","P0_derivative_amplitude_deciles","REGION_AGGREGATES_ALL","single_condition","single_condition","ds004504__EC","CN_vs_FTD","kTSP_CV_disjoint","sda_shrinklda","classic_fast",20,0.0559166666666667,0.0683333333333334,0.0317479166666667,0.0790020833333333,0.000951402010451519,0.000297086663928036,0.192183206111207,0.00153008080656485,0.0564464661463268,0.000466722251488153
"best_ktsp_vs_each_classifier","macro_f1","tier1_main","P0_derivative_amplitude_deciles","REGION_AGGREGATES_ALL","single_condition","single_condition","ds004504__EC","CN_vs_FTD","kTSP_CV_disjoint","glmnet_ridge","classic_fast",20,0.151008213192037,0.159003774003774,0.124823966433893,0.176379945993549,0.00011157661051997,1.12886966120961e-09,0.0496898731631834,0.000297537628053339,4.75254127369247e-07,5.87012223828999e-09
"best_ktsp_vs_each_classifier","mcc","tier1_main","P0_derivative_amplitude_deciles","REGION_AGGREGATES_ALL","single_condition","single_condition","ds004504__EC","CN_vs_FTD","kTSP_CV_disjoint","glmnet_ridge","classic_fast",20,0.251100396867343,0.263123461064239,0.199563611387693,0.300718594227939,0.00011157661051997,1.28547339957046e-08,0.0496898731631834,0.000324133170225704,5.16760306627326e-06,5.59505579567459e-08
"best_ktsp_vs_each_classifier","balanced_accuracy","tier1_main","P0_derivative_amplitude_deciles","REGION_AGGREGATES_ALL","single_condition","single_condition","ds004504__EC","CN_vs_FTD","kTSP_CV_disjoint","glmnet_ridge","classic_fast",20,0.135083333333333,0.1475,0.11125,0.1565875,0.000111422865463284,6.65809840215069e-10,0.0490829590524173,0.000299071327167016,2.82969182091404e-07,3.60646996783162e-09
"best_ktsp_vs_each_classifier","macro_f1","tier1_main","P0_derivative_amplitude_deciles","REGION_AGGREGATES_ALL","single_condition","single_condition","ds004504__EC","CN_vs_FTD","kTSP_CV_disjoint","xgboost_shallow","classic_fast",20,0.11782412032412,0.108444610944611,0.0817805548618048,0.155808338883339,0.000175476155215737,7.99941917856102e-06,0.052818322719909,0.000396728698748622,0.0021758420165686,1.66387918914069e-05
"best_ktsp_vs_each_classifier","mcc","tier1_main","P0_derivative_amplitude_deciles","REGION_AGGREGATES_ALL","single_condition","single_condition","ds004504__EC","CN_vs_FTD","kTSP_CV_disjoint","xgboost_shallow","classic_fast",20,0.236643741023057,0.210530746810592,0.173139027072724,0.305126381730781,0.00011157661051997,2.04536750496742e-06,0.0496898731631834,0.000324133170225704,0.000650426866579638,5.21368187540714e-06
"best_ktsp_vs_each_classifier","balanced_accuracy","tier1_main","P0_derivative_amplitude_deciles","REGION_AGGREGATES_ALL","single_condition","single_condition","ds004504__EC","CN_vs_FTD","kTSP_CV_disjoint","xgboost_shallow","classic_fast",20,0.118666666666667,0.105833333333333,0.0867479166666667,0.152754166666667,0.00011157661051997,1.9751083782426e-06,0.0490829590524173,0.000299071327167016,0.000572781429690355,4.4269670546817e-06
"best_ktsp_vs_each_classifier","macro_f1","tier1_main","P0_derivative_amplitude_deciles","REGION_AGGREGATES_ALL","single_condition","single_condition","ds006036__EO_or_photomark","AD_FTD_vs_CN","kTSP_k9_disjoint","glmnet_elasticnet","classic_fast",20,0.0819647250550549,0.0784160580937193,0.0576292555951739,0.105424752174778,0.000272706565159098,3.97021577241412e-06,0.0719945332019989,0.000527165107370746,0.00114739235822768,8.89875948989371e-06
"best_ktsp_vs_each_classifier","mcc","tier1_main","P0_derivative_amplitude_deciles","REGION_AGGREGATES_ALL","single_condition","single_condition","ds006036__EO_or_photomark","AD_FTD_vs_CN","kTSP_k9_disjoint","glmnet_elasticnet","classic_fast",20,0.137271567548724,0.134737219432321,0.0956045312644365,0.178135929683072,0.000175476155215737,2.99590459705013e-06,0.0542221319616627,0.00041856697574396,0.000916746806697338,7.24590879286542e-06
"best_ktsp_vs_each_classifier","balanced_accuracy","tier1_main","P0_derivative_amplitude_deciles","REGION_AGGREGATES_ALL","single_condition","single_condition","ds006036__EO_or_photomark","AD_FTD_vs_CN","kTSP_k9_disjoint","glmnet_elasticnet","classic_fast",20,0.0651666666666666,0.0721212121212121,0.0446458333333333,0.0856515151515151,0.00023574535856441,7.04839276690813e-06,0.0626295832706436,0.000466112496020886,0.00189601765429829,1.45423731988541e-05
"best_ktsp_vs_each_classifier","macro_f1","tier1_main","P0_derivative_amplitude_deciles","REGION_AGGREGATES_ALL","single_condition","single_condition","ds006036__EO_or_photomark","AD_FTD_vs_CN","kTSP_k9_disjoint","glmnet_lasso","classic_fast",20,0.0972867808076204,0.100371249523423,0.0716572596986278,0.123716002654614,0.00011157661051997,6.59398908641457e-07,0.0496898731631834,0.000297537628053339,0.000209688852947983,1.68910065267762e-06
"best_ktsp_vs_each_classifier","mcc","tier1_main","P0_derivative_amplitude_deciles","REGION_AGGREGATES_ALL","single_condition","single_condition","ds006036__EO_or_photomark","AD_FTD_vs_CN","kTSP_k9_disjoint","glmnet_lasso","classic_fast",20,0.160526998539027,0.163302098671941,0.114326894170648,0.20840313428664,0.00011157661051997,2.31109414061333e-06,0.0496898731631834,0.000324133170225704,0.000718750277730746,5.72270930056634e-06
"best_ktsp_vs_each_classifier","balanced_accuracy","tier1_main","P0_derivative_amplitude_deciles","REGION_AGGREGATES_ALL","single_condition","single_condition","ds006036__EO_or_photomark","AD_FTD_vs_CN","kTSP_k9_disjoint","glmnet_lasso","classic_fast",20,0.0826515151515151,0.0807575757575757,0.062674053030303,0.102545454545455,9.56917315706463e-05,1.68510263984037e-07,0.0490829590524173,0.000299071327167016,5.66194486986366e-05,4.73650471738916e-07
"best_ktsp_vs_each_classifier","macro_f1","tier1_main","P0_derivative_amplitude_deciles","REGION_AGGREGATES_ALL","single_condition","single_condition","ds006036__EO_or_photomark","AD_FTD_vs_CN","kTSP_k9_disjoint","svm_linear_liblinear","classic_fast",20,0.0652103688240056,0.0770803265299833,0.0430044547179877,0.0863144207122594,0.000315046961090193,1.40455579118383e-05,0.0790767872336319,0.000583005052551247,0.00356757170960692,2.73546446223068e-05
"best_ktsp_vs_each_classifier","mcc","tier1_main","P0_derivative_amplitude_deciles","REGION_AGGREGATES_ALL","single_condition","single_condition","ds006036__EO_or_photomark","AD_FTD_vs_CN","kTSP_k9_disjoint","svm_linear_liblinear","classic_fast",20,0.136368778006163,0.145084369945105,0.094101530805417,0.177723836484441,0.00023574535856441,7.21419492174247e-06,0.0688376447008077,0.000515073892661736,0.00204161716285312,1.57621065517062e-05
"best_ktsp_vs_each_classifier","balanced_accuracy","tier1_main","P0_derivative_amplitude_deciles","REGION_AGGREGATES_ALL","single_condition","single_condition","ds006036__EO_or_photomark","AD_FTD_vs_CN","kTSP_k9_disjoint","svm_linear_liblinear","classic_fast",20,0.0437727272727273,0.0489393939393939,0.0208556818181818,0.0661443181818182,0.00338292225374581,0.00140546997890573,0.517161924525305,0.0047161382625947,0.21082049683586,0.00196993096773849
"best_ktsp_vs_each_classifier","macro_f1","tier1_main","P0_derivative_amplitude_deciles","REGION_AGGREGATES_ALL","single_condition","single_condition","ds006036__EO_or_photomark","AD_FTD_vs_CN","kTSP_k9_disjoint","knn_euclidean","classic_fast",20,0.00319992119343413,0.00128011923664095,-0.0165983871943907,0.0244966837302899,0.808266974005183,0.770291764722725,1,0.828991768210444,1,0.788487633180742
"best_ktsp_vs_each_classifier","mcc","tier1_main","P0_derivative_amplitude_deciles","REGION_AGGREGATES_ALL","single_condition","single_condition","ds006036__EO_or_photomark","AD_FTD_vs_CN","kTSP_k9_disjoint","knn_euclidean","classic_fast",20,0.0266822860031587,0.0163383967550899,-0.0097537881988375,0.0659535162066383,0.341105564996993,0.202479783716918,1,0.380632819309949,1,0.231405467105049
"best_ktsp_vs_each_classifier","balanced_accuracy","tier1_main","P0_derivative_amplitude_deciles","REGION_AGGREGATES_ALL","single_condition","single_condition","ds006036__EO_or_photomark","AD_FTD_vs_CN","kTSP_k9_disjoint","knn_euclidean","classic_fast",20,-0.00403030303030306,-0.00795454545454555,-0.0228645833333334,0.0154560606060606,0.562821054418315,0.688179182957055,1,0.599727353068697,1,0.714277794685965
"best_ktsp_vs_each_classifier","macro_f1","tier1_main","P0_derivative_amplitude_deciles","REGION_AGGREGATES_ALL","single_condition","single_condition","ds006036__EO_or_photomark","AD_FTD_vs_CN","kTSP_k9_disjoint","ranger_rf","classic_fast",20,0.00672838242138722,0.000523534436577877,-0.0112880076760355,0.0262593168364027,0.640744318210405,0.489543008070727,1,0.675835792027202,1,0.520577431895252
"best_ktsp_vs_each_classifier","mcc","tier1_main","P0_derivative_amplitude_deciles","REGION_AGGREGATES_ALL","single_condition","single_condition","ds006036__EO_or_photomark","AD_FTD_vs_CN","kTSP_k9_disjoint","ranger_rf","classic_fast",20,0.00870535466431696,-0.0042429885278232,-0.0224218006310076,0.0430315460294636,0.896040840009703,0.618531879758743,1,0.90826751813849,1,0.647156091498081
"best_ktsp_vs_each_classifier","balanced_accuracy","tier1_main","P0_derivative_amplitude_deciles","REGION_AGGREGATES_ALL","single_condition","single_condition","ds006036__EO_or_photomark","AD_FTD_vs_CN","kTSP_k9_disjoint","ranger_rf","classic_fast",20,0.0120757575757576,0.00545454545454543,-0.00312897727272728,0.0287589015151515,0.304808803121227,0.16323084807567,1,0.338676447912474,1,0.185733131289603
"best_ktsp_vs_each_classifier","macro_f1","tier1_main","P0_derivative_amplitude_deciles","REGION_AGGREGATES_ALL","single_condition","single_condition","ds006036__EO_or_photomark","AD_FTD_vs_CN","kTSP_k9_disjoint","sda_shrinklda","classic_fast",20,-0.00143399464556649,-0.00692850708068105,-0.0222331314930186,0.0178034516058471,0.955342600235536,0.892581064209255,1,0.957183337422888,1,0.904760532921662
"best_ktsp_vs_each_classifier","mcc","tier1_main","P0_derivative_amplitude_deciles","REGION_AGGREGATES_ALL","single_condition","single_condition","ds006036__EO_or_photomark","AD_FTD_vs_CN","kTSP_k9_disjoint","sda_shrinklda","classic_fast",20,0.013226998024228,-0.000917397665444852,-0.0232501521490136,0.0518868450027037,0.562821054418315,0.504681806050888,1,0.594851520929927,1,0.538879957179593
"best_ktsp_vs_each_classifier","balanced_accuracy","tier1_main","P0_derivative_amplitude_deciles","REGION_AGGREGATES_ALL","single_condition","single_condition","ds006036__EO_or_photomark","AD_FTD_vs_CN","kTSP_k9_disjoint","sda_shrinklda","classic_fast",20,-0.00185606060606063,-0.00916666666666671,-0.0206979166666667,0.0165770833333333,0.866585628639051,0.850787827654852,1,0.878410383805666,1,0.860719203074948
"best_ktsp_vs_each_classifier","macro_f1","tier1_main","P0_derivative_amplitude_deciles","REGION_AGGREGATES_ALL","single_condition","single_condition","ds006036__EO_or_photomark","AD_FTD_vs_CN","kTSP_k9_disjoint","majority","classic_fast",20,0.305783145321001,0.299569673482717,0.292086140111901,0.319713717484207,9.56917315706463e-05,3.16101101374847e-20,0.0496898731631834,0.00029443609714045,1.558378429778e-17,5.87044902553288e-19
"best_ktsp_vs_each_classifier","mcc","tier1_main","P0_derivative_amplitude_deciles","REGION_AGGREGATES_ALL","single_condition","single_condition","ds006036__EO_or_photomark","AD_FTD_vs_CN","kTSP_k9_disjoint","majority","classic_fast",20,0.452115251019529,0.422337325670686,0.427787551141335,0.477151507883898,9.56917315706463e-05,1.48609282509643e-18,0.0496898731631834,0.000324133170225704,7.3264376277254e-16,2.75988667517909e-17
"best_ktsp_vs_each_classifier","balanced_accuracy","tier1_main","P0_derivative_amplitude_deciles","REGION_AGGREGATES_ALL","single_condition","single_condition","ds006036__EO_or_photomark","AD_FTD_vs_CN","kTSP_k9_disjoint","majority","classic_fast",20,0.206030303030303,0.197651515151515,0.194355681818182,0.218522727272727,9.5423308128284e-05,4.87666166434153e-18,0.0490829590524173,0.000299071327167016,2.40419420052038e-15,9.05665737663427e-17
"best_ktsp_vs_each_classifier","macro_f1","tier1_main","P0_derivative_amplitude_deciles","REGION_AGGREGATES_ALL","single_condition","single_condition","ds006036__EO_or_photomark","AD_FTD_vs_CN","kTSP_k9_disjoint","xgboost_default","classic_fast",20,0.073856995845424,0.0772530573707485,0.0496879340413525,0.0980891068490034,0.00023574535856441,1.09564809789764e-05,0.0653014643223415,0.000478857759584016,0.00289251097844976,2.20828298801074e-05
"best_ktsp_vs_each_classifier","mcc","tier1_main","P0_derivative_amplitude_deciles","REGION_AGGREGATES_ALL","single_condition","single_condition","ds006036__EO_or_photomark","AD_FTD_vs_CN","kTSP_k9_disjoint","xgboost_default","classic_fast",20,0.163630915572527,0.198002028008348,0.117549506222723,0.209861390115283,0.000175476155215737,2.25808603974005e-06,0.0542221319616627,0.00041856697574396,0.000706780930438636,5.61820450078865e-06
"best_ktsp_vs_each_classifier","balanced_accuracy","tier1_main","P0_derivative_amplitude_deciles","REGION_AGGREGATES_ALL","single_condition","single_condition","ds006036__EO_or_photomark","AD_FTD_vs_CN","kTSP_k9_disjoint","xgboost_default","classic_fast",20,0.0656742424242424,0.0702272727272727,0.0438861742424242,0.0871914772727272,0.000368836105378634,1.21368117834635e-05,0.0860432347115663,0.000659088573185188,0.00309488700478318,2.36372364322135e-05
"best_ktsp_vs_each_classifier","macro_f1","tier1_main","P0_derivative_amplitude_deciles","REGION_AGGREGATES_ALL","single_condition","single_condition","ds006036__EO_or_photomark","AD_FTD_vs_CN","kTSP_k9_disjoint","glmnet_ridge","classic_fast",20,0.126505436797641,0.113699305969171,0.101099943908956,0.154690289282182,9.56917315706463e-05,2.28393984243303e-08,0.0496898731631834,0.00029443609714045,8.56477440912386e-06,8.13458026072038e-08
"best_ktsp_vs_each_classifier","mcc","tier1_main","P0_derivative_amplitude_deciles","REGION_AGGREGATES_ALL","single_condition","single_condition","ds006036__EO_or_photomark","AD_FTD_vs_CN","kTSP_k9_disjoint","glmnet_ridge","classic_fast",20,0.191876784591973,0.158578099228038,0.147950112630404,0.241788200711467,9.56917315706463e-05,2.89968679957927e-07,0.0496898731631834,0.000324133170225704,0.000100909100625359,8.71582159411111e-07
"best_ktsp_vs_each_classifier","balanced_accuracy","tier1_main","P0_derivative_amplitude_deciles","REGION_AGGREGATES_ALL","single_condition","single_condition","ds006036__EO_or_photomark","AD_FTD_vs_CN","kTSP_k9_disjoint","glmnet_ridge","classic_fast",20,0.105545454545455,0.0996212121212121,0.0865359848484848,0.124947159090909,9.56917315706463e-05,2.20455604282661e-09,0.0490829590524173,0.000299071327167016,8.99458865473256e-07,1.01448596661047e-08
"best_ktsp_vs_each_classifier","macro_f1","tier1_main","P0_derivative_amplitude_deciles","REGION_AGGREGATES_ALL","single_condition","single_condition","ds006036__EO_or_photomark","AD_FTD_vs_CN","kTSP_k9_disjoint","xgboost_shallow","classic_fast",20,0.073856995845424,0.0772530573707485,0.0499761613520294,0.0963182706446236,0.00023574535856441,1.09564809789764e-05,0.0653014643223415,0.000478857759584016,0.00289251097844976,2.20828298801074e-05
"best_ktsp_vs_each_classifier","mcc","tier1_main","P0_derivative_amplitude_deciles","REGION_AGGREGATES_ALL","single_condition","single_condition","ds006036__EO_or_photomark","AD_FTD_vs_CN","kTSP_k9_disjoint","xgboost_shallow","classic_fast",20,0.163630915572527,0.198002028008348,0.117764722389403,0.209350630842136,0.000175476155215737,2.25808603974005e-06,0.0542221319616627,0.00041856697574396,0.000706780930438636,5.61820450078865e-06
"best_ktsp_vs_each_classifier","balanced_accuracy","tier1_main","P0_derivative_amplitude_deciles","REGION_AGGREGATES_ALL","single_condition","single_condition","ds006036__EO_or_photomark","AD_FTD_vs_CN","kTSP_k9_disjoint","xgboost_shallow","classic_fast",20,0.0656742424242424,0.0702272727272727,0.044544696969697,0.0874104166666666,0.000368836105378634,1.21368117834635e-05,0.0860432347115663,0.000659088573185188,0.00309488700478318,2.36372364322135e-05
"best_ktsp_vs_each_classifier","macro_f1","tier1_main","P0_derivative_amplitude_deciles","REGION_AGGREGATES_ALL","single_condition","single_condition","ds006036__EO_or_photomark","AD_vs_CN","kTSP_k9_disjoint","glmnet_elasticnet","classic_fast",20,0.0993536329081995,0.0987054620645952,0.07916918460474,0.118740001717624,9.56917315706463e-05,1.18823039886805e-08,0.0496898731631834,0.00029443609714045,4.55092242766463e-06,4.47738990877816e-08
"best_ktsp_vs_each_classifier","mcc","tier1_main","P0_derivative_amplitude_deciles","REGION_AGGREGATES_ALL","single_condition","single_condition","ds006036__EO_or_photomark","AD_vs_CN","kTSP_k9_disjoint","glmnet_elasticnet","classic_fast",20,0.205647917947845,0.201110189347317,0.165841874034842,0.245292810934269,9.56917315706463e-05,5.9192597161233e-09,0.0496898731631834,0.000324133170225704,2.45649278219117e-06,2.90378778526804e-08
"best_ktsp_vs_each_classifier","balanced_accuracy","tier1_main","P0_derivative_amplitude_deciles","REGION_AGGREGATES_ALL","single_condition","single_condition","ds006036__EO_or_photomark","AD_vs_CN","kTSP_k9_disjoint","glmnet_elasticnet","classic_fast",20,0.0896428571428571,0.0894642857142857,0.0712495535714286,0.107668005952381,9.56917315706463e-05,1.88586478995646e-08,0.0490829590524173,0.000299071327167016,7.18514484973412e-06,7.00464064840972e-08
"best_ktsp_vs_each_classifier","macro_f1","tier1_main","P0_derivative_amplitude_deciles","REGION_AGGREGATES_ALL","single_condition","single_condition","ds006036__EO_or_photomark","AD_vs_CN","kTSP_k9_disjoint","glmnet_lasso","classic_fast",20,0.1008196272252,0.0973081656905186,0.0797537612230821,0.123265075199353,9.56917315706463e-05,3.78461759147808e-08,0.0496898731631834,0.00029443609714045,1.37747638486273e-05,1.24557034656241e-07
"best_ktsp_vs_each_classifier","mcc","tier1_main","P0_derivative_amplitude_deciles","REGION_AGGREGATES_ALL","single_condition","single_condition","ds006036__EO_or_photomark","AD_vs_CN","kTSP_k9_disjoint","glmnet_lasso","classic_fast",20,0.199082532758011,0.182707598989646,0.156965685778516,0.241733346124784,9.56917315706463e-05,3.91898430232501e-08,0.0496898731631834,0.000324133170225704,1.5205659093021e-05,1.53223446406692e-07
"best_ktsp_vs_each_classifier","balanced_accuracy","tier1_main","P0_derivative_amplitude_deciles","REGION_AGGREGATES_ALL","single_condition","single_condition","ds006036__EO_or_photomark","AD_vs_CN","kTSP_k9_disjoint","glmnet_lasso","classic_fast",20,0.0907678571428572,0.0878571428571429,0.0704099702380953,0.111006845238095,9.56917315706463e-05,5.86413468634651e-08,0.0490829590524173,0.000299071327167016,2.09936021771205e-05,1.8707668938038e-07
"best_ktsp_vs_each_classifier","macro_f1","tier1_main","P0_derivative_amplitude_deciles","REGION_AGGREGATES_ALL","single_condition","single_condition","ds006036__EO_or_photomark","AD_vs_CN","kTSP_k9_disjoint","svm_linear_liblinear","classic_fast",20,0.167382788822804,0.180538317032125,0.147589860108717,0.186475457017398,9.56917315706463e-05,1.01782036742981e-12,0.0496898731631834,0.00029443609714045,4.7735775232458e-10,1.01782036742981e-11
"best_ktsp_vs_each_classifier","mcc","tier1_main","P0_derivative_amplitude_deciles","REGION_AGGREGATES_ALL","single_condition","single_condition","ds006036__EO_or_photomark","AD_vs_CN","kTSP_k9_disjoint","svm_linear_liblinear","classic_fast",20,0.368930330240138,0.38237372240423,0.334002858517897,0.40324860190824,9.56917315706463e-05,2.79387595437753e-14,0.0496898731631834,0.000324133170225704,1.34944208596435e-11,3.82319867441136e-13
"best_ktsp_vs_each_classifier","balanced_accuracy","tier1_main","P0_derivative_amplitude_deciles","REGION_AGGREGATES_ALL","single_condition","single_condition","ds006036__EO_or_photomark","AD_vs_CN","kTSP_k9_disjoint","svm_linear_liblinear","classic_fast",20,0.155958333333333,0.163214285714286,0.138249553571429,0.172529761904762,9.56917315706463e-05,4.48323958675405e-13,0.0490829590524173,0.000299071327167016,2.11160584536116e-10,4.66256917022421e-12
"best_ktsp_vs_each_classifier","macro_f1","tier1_main","P0_derivative_amplitude_deciles","REGION_AGGREGATES_ALL","single_condition","single_condition","ds006036__EO_or_photomark","AD_vs_CN","kTSP_k9_disjoint","xgboost_default","classic_fast",20,0.0742785859221618,0.0841222747840396,0.0531437180187374,0.0957693590680046,0.00023574535856441,3.58590111540788e-06,0.0653014643223415,0.000478857759584016,0.00105066902681451,8.14265755463798e-06
"best_ktsp_vs_each_classifier","mcc","tier1_main","P0_derivative_amplitude_deciles","REGION_AGGREGATES_ALL","single_condition","single_condition","ds006036__EO_or_photomark","AD_vs_CN","kTSP_k9_disjoint","xgboost_default","classic_fast",20,0.192756633471239,0.210257701112599,0.149605794948201,0.235296404268163,9.56917315706463e-05,4.85173541648815e-08,0.0496898731631834,0.000324133170225704,1.85336292909847e-05,1.8020731546956e-07
"best_ktsp_vs_each_classifier","balanced_accuracy","tier1_main","P0_derivative_amplitude_deciles","REGION_AGGREGATES_ALL","single_condition","single_condition","ds006036__EO_or_photomark","AD_vs_CN","kTSP_k9_disjoint","xgboost_default","classic_fast",20,0.0714940476190476,0.0786904761904762,0.05185625,0.0900953869047619,0.000151093078387232,1.14896153918939e-06,0.0490829590524173,0.000335762396416189,0.000345837423296006,2.70343891573974e-06
"best_ktsp_vs_each_classifier","macro_f1","tier1_main","P0_derivative_amplitude_deciles","REGION_AGGREGATES_ALL","single_condition","single_condition","ds006036__EO_or_photomark","AD_vs_CN","kTSP_k9_disjoint","knn_euclidean","classic_fast",20,0.0834467978701725,0.0761901742048801,0.0626400090943628,0.102327498086709,0.000129926100333799,1.3524629969205e-07,0.0496898731631834,0.000329568644749149,4.62542344946812e-05,3.92894278435006e-07
"best_ktsp_vs_each_classifier","mcc","tier1_main","P0_derivative_amplitude_deciles","REGION_AGGREGATES_ALL","single_condition","single_condition","ds006036__EO_or_photomark","AD_vs_CN","kTSP_k9_disjoint","knn_euclidean","classic_fast",20,0.212200732639191,0.193887698453021,0.176569597614403,0.247575101980693,9.56917315706463e-05,5.61845194753397e-10,0.0496898731631834,0.000324133170225704,2.51144802054769e-07,3.94810136853739e-09
"best_ktsp_vs_each_classifier","balanced_accuracy","tier1_main","P0_derivative_amplitude_deciles","REGION_AGGREGATES_ALL","single_condition","single_condition","ds006036__EO_or_photomark","AD_vs_CN","kTSP_k9_disjoint","knn_euclidean","classic_fast",20,0.080125,0.071547619047619,0.062039880952381,0.0982263392857143,0.00011157661051997,4.13155967216927e-08,0.0490829590524173,0.000299071327167016,1.49149304165311e-05,1.34275689345501e-07
"best_ktsp_vs_each_classifier","macro_f1","tier1_main","P0_derivative_amplitude_deciles","REGION_AGGREGATES_ALL","single_condition","single_condition","ds006036__EO_or_photomark","AD_vs_CN","kTSP_k9_disjoint","sda_shrinklda","classic_fast",20,0.0479543901231208,0.0469264322708595,0.0333227451964101,0.0621143822208064,0.000175476155215737,4.18326067331302e-06,0.052818322719909,0.000396728698748622,0.00120477907391415,9.33603240396039e-06
"best_ktsp_vs_each_classifier","mcc","tier1_main","P0_derivative_amplitude_deciles","REGION_AGGREGATES_ALL","single_condition","single_condition","ds006036__EO_or_photomark","AD_vs_CN","kTSP_k9_disjoint","sda_shrinklda","classic_fast",20,0.133055206065965,0.120790328355856,0.10581943883154,0.162464932225349,9.56917315706463e-05,3.27140806645486e-08,0.0496898731631834,0.000324133170225704,1.28566337011676e-05,1.32900952699729e-07
"best_ktsp_vs_each_classifier","balanced_accuracy","tier1_main","P0_derivative_amplitude_deciles","REGION_AGGREGATES_ALL","single_condition","single_condition","ds006036__EO_or_photomark","AD_vs_CN","kTSP_k9_disjoint","sda_shrinklda","classic_fast",20,0.0472678571428571,0.0447619047619047,0.0345709821428572,0.0606727678571429,0.000151093078387232,1.48751130562981e-06,0.0490829590524173,0.000335762396416189,0.000438815835160795,3.42259238463497e-06
"best_ktsp_vs_each_classifier","macro_f1","tier1_main","P0_derivative_amplitude_deciles","REGION_AGGREGATES_ALL","single_condition","single_condition","ds006036__EO_or_photomark","AD_vs_CN","kTSP_k9_disjoint","ranger_rf","classic_fast",20,0.0409833255409881,0.0350336836366248,0.0216866536187841,0.0618006138598244,0.00108844053343016,0.000750593762840413,0.211157463485451,0.00170993678967885,0.129852720971391,0.00112157688700292
"best_ktsp_vs_each_classifier","mcc","tier1_main","P0_derivative_amplitude_deciles","REGION_AGGREGATES_ALL","single_condition","single_condition","ds006036__EO_or_photomark","AD_vs_CN","kTSP_k9_disjoint","ranger_rf","classic_fast",20,0.12750557566949,0.123528240726396,0.0919073751538866,0.164515812113848,0.000129926100333799,2.67245496817695e-06,0.0496898731631834,0.000350059959448578,0.000823116130198499,6.52430320869489e-06
"best_ktsp_vs_each_classifier","balanced_accuracy","tier1_main","P0_derivative_amplitude_deciles","REGION_AGGREGATES_ALL","single_condition","single_condition","ds006036__EO_or_photomark","AD_vs_CN","kTSP_k9_disjoint","ranger_rf","classic_fast",20,0.0414523809523809,0.0342261904761905,0.0244700892857143,0.0594293154761904,0.000481380703695189,0.000266621491675509,0.107829277627722,0.000832568193665932,0.0509247049100223,0.000420130835367469
"best_ktsp_vs_each_classifier","macro_f1","tier1_main","P0_derivative_amplitude_deciles","REGION_AGGREGATES_ALL","single_condition","single_condition","ds006036__EO_or_photomark","AD_vs_CN","kTSP_k9_disjoint","majority","classic_fast",20,0.399796415916385,0.409879048110472,0.386456097557413,0.411342903314865,9.55574483907373e-05,2.03009897676012e-23,0.0496898731631834,0.00029443609714045,1.02113978531034e-20,5.86473037730702e-22
"best_ktsp_vs_each_classifier","mcc","tier1_main","P0_derivative_amplitude_deciles","REGION_AGGREGATES_ALL","single_condition","single_condition","ds006036__EO_or_photomark","AD_vs_CN","kTSP_k9_disjoint","majority","classic_fast",20,0.587803364779136,0.615821625554558,0.565108774655702,0.609161760682229,9.55574483907373e-05,8.42603816395488e-22,0.0496898731631834,0.000324133170225704,4.25514927279721e-19,2.73846240328534e-20
"best_ktsp_vs_each_classifier","balanced_accuracy","tier1_main","P0_derivative_amplitude_deciles","REGION_AGGREGATES_ALL","single_condition","single_condition","ds006036__EO_or_photomark","AD_vs_CN","kTSP_k9_disjoint","majority","classic_fast",20,0.261815476190476,0.274940476190476,0.250553422619048,0.271952976190476,9.48881743254582e-05,3.77784401007236e-21,0.0490829590524173,0.000299071327167016,1.90403338107647e-18,1.15557581484566e-19
"best_ktsp_vs_each_classifier","macro_f1","tier1_main","P0_derivative_amplitude_deciles","REGION_AGGREGATES_ALL","single_condition","single_condition","ds006036__EO_or_photomark","AD_vs_CN","kTSP_k9_disjoint","xgboost_shallow","classic_fast",20,0.0742785859221618,0.0841222747840396,0.0526085834154236,0.096143881940428,0.00023574535856441,3.58590111540788e-06,0.0653014643223415,0.000478857759584016,0.00105066902681451,8.14265755463798e-06
"best_ktsp_vs_each_classifier","mcc","tier1_main","P0_derivative_amplitude_deciles","REGION_AGGREGATES_ALL","single_condition","single_condition","ds006036__EO_or_photomark","AD_vs_CN","kTSP_k9_disjoint","xgboost_shallow","classic_fast",20,0.192756633471239,0.210257701112599,0.148743039860908,0.233578773758689,9.56917315706463e-05,4.85173541648815e-08,0.0496898731631834,0.000324133170225704,1.85336292909847e-05,1.8020731546956e-07
"best_ktsp_vs_each_classifier","balanced_accuracy","tier1_main","P0_derivative_amplitude_deciles","REGION_AGGREGATES_ALL","single_condition","single_condition","ds006036__EO_or_photomark","AD_vs_CN","kTSP_k9_disjoint","xgboost_shallow","classic_fast",20,0.0714940476190476,0.0786904761904762,0.0517613095238095,0.0905895833333333,0.000151093078387232,1.14896153918939e-06,0.0490829590524173,0.000335762396416189,0.000345837423296006,2.70343891573974e-06
"best_ktsp_vs_each_classifier","macro_f1","tier1_main","P0_derivative_amplitude_deciles","REGION_AGGREGATES_ALL","single_condition","single_condition","ds006036__EO_or_photomark","AD_vs_CN","kTSP_k9_disjoint","glmnet_ridge","classic_fast",20,0.106260625597313,0.110563725490196,0.0842148781580477,0.129277378544658,9.56917315706463e-05,2.4958353567036e-08,0.0496898731631834,0.00029443609714045,9.26149659741951e-06,8.65222923657249e-08
"best_ktsp_vs_each_classifier","mcc","tier1_main","P0_derivative_amplitude_deciles","REGION_AGGREGATES_ALL","single_condition","single_condition","ds006036__EO_or_photomark","AD_vs_CN","kTSP_k9_disjoint","glmnet_ridge","classic_fast",20,0.228254973358796,0.233543193438557,0.188362267912652,0.269585597754954,9.56917315706463e-05,2.00963857871847e-09,0.0496898731631834,0.000324133170225704,8.68163866006381e-07,1.16611385318539e-08
"best_ktsp_vs_each_classifier","balanced_accuracy","tier1_main","P0_derivative_amplitude_deciles","REGION_AGGREGATES_ALL","single_condition","single_condition","ds006036__EO_or_photomark","AD_vs_CN","kTSP_k9_disjoint","glmnet_ridge","classic_fast",20,0.0985297619047619,0.102142857142857,0.079165625,0.118107589285714,9.56917315706463e-05,7.92629897881104e-09,0.0490829590524173,0.000299071327167016,3.08333030275749e-06,3.12248141589526e-08
"best_ktsp_vs_each_classifier","macro_f1","tier1_main","P0_derivative_amplitude_deciles","REGION_AGGREGATES_ALL","single_condition","single_condition","ds006036__EO_or_photomark","AD_vs_FTD","kTSP_k9_disjoint","svm_linear_liblinear","classic_fast",20,-0.00998870552392225,-0.00593629409805874,-0.0398540998088599,0.0192957212013133,0.667686215745583,0.530674506816396,1,0.701407741793339,1,0.559737816520336
"best_ktsp_vs_each_classifier","mcc","tier1_main","P0_derivative_amplitude_deciles","REGION_AGGREGATES_ALL","single_condition","single_condition","ds006036__EO_or_photomark","AD_vs_FTD","kTSP_k9_disjoint","svm_linear_liblinear","classic_fast",20,-0.0147402115576028,-0.00654035115163869,-0.0794479436761434,0.0455971537552572,0.866585628639051,0.65297704006625,1,0.881848389221735,1,0.680457035740381
"best_ktsp_vs_each_classifier","balanced_accuracy","tier1_main","P0_derivative_amplitude_deciles","REGION_AGGREGATES_ALL","single_condition","single_condition","ds006036__EO_or_photomark","AD_vs_FTD","kTSP_k9_disjoint","svm_linear_liblinear","classic_fast",20,-0.00617857142857143,-0.00160714285714292,-0.0361080357142857,0.0212897321428571,0.779481323802983,0.676140648348571,1,0.797894268459746,1,0.706010315544693
"best_ktsp_vs_each_classifier","macro_f1","tier1_main","P0_derivative_amplitude_deciles","REGION_AGGREGATES_ALL","single_condition","single_condition","ds006036__EO_or_photomark","AD_vs_FTD","kTSP_k9_disjoint","xgboost_default","classic_fast",20,0.0425822727753842,0.053819743637855,0.0106516184387508,0.0709244904132675,0.0117369771161822,0.0132812652888382,1,0.0151070002485513,1,0.0169686927523239
"best_ktsp_vs_each_classifier","mcc","tier1_main","P0_derivative_amplitude_deciles","REGION_AGGREGATES_ALL","single_condition","single_condition","ds006036__EO_or_photomark","AD_vs_FTD","kTSP_k9_disjoint","xgboost_default","classic_fast",20,0.0940875708669227,0.130825659201171,0.0307964817271939,0.152605269143891,0.0117369771161822,0.00906537168380663,1,0.0158114717627324,1,0.0122441383781284
"best_ktsp_vs_each_classifier","balanced_accuracy","tier1_main","P0_derivative_amplitude_deciles","REGION_AGGREGATES_ALL","single_condition","single_condition","ds006036__EO_or_photomark","AD_vs_FTD","kTSP_k9_disjoint","xgboost_default","classic_fast",20,0.04725,0.0660714285714286,0.0187308035714286,0.0731254464285714,0.00607045578069321,0.00382726897516215,0.824980995200677,0.00813566238649605,0.501343888652195,0.00507698945684775
"best_ktsp_vs_each_classifier","macro_f1","tier1_main","P0_derivative_amplitude_deciles","REGION_AGGREGATES_ALL","single_condition","single_condition","ds006036__EO_or_photomark","AD_vs_FTD","kTSP_k9_disjoint","glmnet_lasso","classic_fast",20,0.101089204139514,0.11890272738957,0.0758501609351261,0.12337819381341,0.000175476155215737,1.49464669877116e-07,0.052818322719909,0.000396728698748622,5.05190584184653e-05,4.24708351563391e-07
"best_ktsp_vs_each_classifier","mcc","tier1_main","P0_derivative_amplitude_deciles","REGION_AGGREGATES_ALL","single_condition","single_condition","ds006036__EO_or_photomark","AD_vs_FTD","kTSP_k9_disjoint","glmnet_lasso","classic_fast",20,0.0928130279362772,0.111231866113123,0.0423402040057504,0.138465970989852,0.00265336548285355,0.00140405011373892,0.480259152396493,0.00397622493107742,0.241496619563095,0.00209199443880871
"best_ktsp_vs_each_classifier","balanced_accuracy","tier1_main","P0_derivative_amplitude_deciles","REGION_AGGREGATES_ALL","single_condition","single_condition","ds006036__EO_or_photomark","AD_vs_FTD","kTSP_k9_disjoint","glmnet_lasso","classic_fast",20,0.0450178571428571,0.0498214285714285,0.0224464285714286,0.0652861607142857,0.0018252941314767,0.000713552273421312,0.326727649534322,0.00275116796628372,0.120979292044641,0.00104972708845151
"best_ktsp_vs_each_classifier","macro_f1","tier1_main","P0_derivative_amplitude_deciles","REGION_AGGREGATES_ALL","single_condition","single_condition","ds006036__EO_or_photomark","AD_vs_FTD","kTSP_k9_disjoint","majority","classic_fast",20,0.138190675208864,0.147698317764107,0.119353978636602,0.157281072869124,9.56917315706463e-05,1.69865587986983e-11,0.0496898731631834,0.00029443609714045,7.7798439298038e-09,1.40206517068621e-10
"best_ktsp_vs_each_classifier","mcc","tier1_main","P0_derivative_amplitude_deciles","REGION_AGGREGATES_ALL","single_condition","single_condition","ds006036__EO_or_photomark","AD_vs_FTD","kTSP_k9_disjoint","majority","classic_fast",20,0.075947994243655,0.0986571047609617,0.038897933410321,0.111874627193597,0.00338292225374581,0.000819031187120565,0.575096783136788,0.00498334156359157,0.151708011482587,0.00126754826578183
"best_ktsp_vs_each_classifier","balanced_accuracy","tier1_main","P0_derivative_amplitude_deciles","REGION_AGGREGATES_ALL","single_condition","single_condition","ds006036__EO_or_photomark","AD_vs_FTD","kTSP_k9_disjoint","majority","classic_fast",20,0.0376785714285714,0.0483928571428571,0.0203383928571429,0.0545535714285714,0.00234534072287751,0.000499951053251596,0.403398604334922,0.00343542866449663,0.0884913364255326,0.00075573996421753
"best_ktsp_vs_each_classifier","macro_f1","tier1_main","P0_derivative_amplitude_deciles","REGION_AGGREGATES_ALL","single_condition","single_condition","ds006036__EO_or_photomark","AD_vs_FTD","kTSP_k9_disjoint","glmnet_elasticnet","classic_fast",20,0.101325381318028,0.0999568555799206,0.0809464077975688,0.120066218007569,9.56917315706463e-05,7.00714415717818e-09,0.0496898731631834,0.00029443609714045,2.77482908624256e-06,2.91497196938612e-08
"best_ktsp_vs_each_classifier","mcc","tier1_main","P0_derivative_amplitude_deciles","REGION_AGGREGATES_ALL","single_condition","single_condition","ds006036__EO_or_photomark","AD_vs_FTD","kTSP_k9_disjoint","glmnet_elasticnet","classic_fast",20,0.0917439160057593,0.0925920036448663,0.0440730240341903,0.137580679256004,0.00338292225374581,0.001595390160113,0.575096783136788,0.00498334156359157,0.264834766578758,0.00233690953030637
"best_ktsp_vs_each_classifier","balanced_accuracy","tier1_main","P0_derivative_amplitude_deciles","REGION_AGGREGATES_ALL","single_condition","single_condition","ds006036__EO_or_photomark","AD_vs_FTD","kTSP_k9_disjoint","glmnet_elasticnet","classic_fast",20,0.0450714285714286,0.04875,0.0233026785714286,0.0666080357142857,0.00234534072287751,0.00085971172907124,0.403398604334922,0.00343542866449663,0.13841358838047,0.00124180583088068
"best_ktsp_vs_each_classifier","macro_f1","tier1_main","P0_derivative_amplitude_deciles","REGION_AGGREGATES_ALL","single_condition","single_condition","ds006036__EO_or_photomark","AD_vs_FTD","kTSP_k9_disjoint","xgboost_shallow","classic_fast",20,0.0425822727753842,0.053819743637855,0.0112049668823179,0.0696493097599425,0.0117369771161822,0.0132812652888382,1,0.0151070002485513,1,0.0169686927523239
"best_ktsp_vs_each_classifier","mcc","tier1_main","P0_derivative_amplitude_deciles","REGION_AGGREGATES_ALL","single_condition","single_condition","ds006036__EO_or_photomark","AD_vs_FTD","kTSP_k9_disjoint","xgboost_shallow","classic_fast",20,0.0940875708669227,0.130825659201171,0.0285085044475632,0.153104496233451,0.0117369771161822,0.00906537168380663,1,0.0158114717627324,1,0.0122441383781284
"best_ktsp_vs_each_classifier","balanced_accuracy","tier1_main","P0_derivative_amplitude_deciles","REGION_AGGREGATES_ALL","single_condition","single_condition","ds006036__EO_or_photomark","AD_vs_FTD","kTSP_k9_disjoint","xgboost_shallow","classic_fast",20,0.04725,0.0660714285714286,0.0172299107142857,0.072696875,0.00607045578069321,0.00382726897516215,0.824980995200677,0.00813566238649605,0.501343888652195,0.00507698945684775
"best_ktsp_vs_each_classifier","macro_f1","tier1_main","P0_derivative_amplitude_deciles","REGION_AGGREGATES_ALL","single_condition","single_condition","ds006036__EO_or_photomark","AD_vs_FTD","kTSP_k9_disjoint","glmnet_ridge","classic_fast",20,0.129570986418123,0.139221965684814,0.107451070964209,0.152087517918313,9.56917315706463e-05,1.0149623363912e-09,0.0496898731631834,0.00029443609714045,4.29329068293479e-07,5.38551443799414e-09
"best_ktsp_vs_each_classifier","mcc","tier1_main","P0_derivative_amplitude_deciles","REGION_AGGREGATES_ALL","single_condition","single_condition","ds006036__EO_or_photomark","AD_vs_FTD","kTSP_k9_disjoint","glmnet_ridge","classic_fast",20,0.103419393386831,0.11787649448229,0.0566299855047011,0.150611149301525,0.00265336548285355,0.000359675049498515,0.480259152396493,0.00397622493107742,0.0729062987349046,0.000586304155922344
"best_ktsp_vs_each_classifier","balanced_accuracy","tier1_main","P0_derivative_amplitude_deciles","REGION_AGGREGATES_ALL","single_condition","single_condition","ds006036__EO_or_photomark","AD_vs_FTD","kTSP_k9_disjoint","glmnet_ridge","classic_fast",20,0.0462321428571429,0.0632142857142857,0.0258727678571428,0.0673933035714286,0.00338292225374581,0.000431301168373139,0.517161924525305,0.0047161382625947,0.0793594149806575,0.000664154844838104
"best_ktsp_vs_each_classifier","macro_f1","tier1_main","P0_derivative_amplitude_deciles","REGION_AGGREGATES_ALL","single_condition","single_condition","ds006036__EO_or_photomark","AD_vs_FTD","kTSP_k9_disjoint","sda_shrinklda","classic_fast",20,0.0105510634016826,0.00225504758399492,-0.0129349439357083,0.0355017586988175,0.588284480889313,0.416132271421483,1,0.62303040745915,1,0.448939379956787
"best_ktsp_vs_each_classifier","mcc","tier1_main","P0_derivative_amplitude_deciles","REGION_AGGREGATES_ALL","single_condition","single_condition","ds006036__EO_or_photomark","AD_vs_FTD","kTSP_k9_disjoint","sda_shrinklda","classic_fast",20,0.0357578075439346,0.0298898228966182,-0.0126328657036997,0.0845076976546257,0.254850657012459,0.189710521490851,1,0.289350090931177,1,0.218734969346436
"best_ktsp_vs_each_classifier","balanced_accuracy","tier1_main","P0_derivative_amplitude_deciles","REGION_AGGREGATES_ALL","single_condition","single_condition","ds006036__EO_or_photomark","AD_vs_FTD","kTSP_k9_disjoint","sda_shrinklda","classic_fast",20,0.0192321428571429,0.0125,-0.00233973214285715,0.0416799107142857,0.121275800667467,0.113022809088677,1,0.139212839618284,1,0.129739206900909
"best_ktsp_vs_each_classifier","macro_f1","tier1_main","P0_derivative_amplitude_deciles","REGION_AGGREGATES_ALL","single_condition","single_condition","ds006036__EO_or_photomark","AD_vs_FTD","kTSP_k9_disjoint","ranger_rf","classic_fast",20,0.0777318102863768,0.0687303636336144,0.051345513338141,0.105772012239137,0.000363481868201676,3.28242440886127e-05,0.0868721665002006,0.000656286706475248,0.00784499433717844,6.05269749151724e-05
"best_ktsp_vs_each_classifier","mcc","tier1_main","P0_derivative_amplitude_deciles","REGION_AGGREGATES_ALL","single_condition","single_condition","ds006036__EO_or_photomark","AD_vs_FTD","kTSP_k9_disjoint","ranger_rf","classic_fast",20,0.156593880650177,0.134196843793785,0.100728108549896,0.215881969691509,0.000272706565159098,4.32099575367879e-05,0.0769032513748625,0.000571804088236818,0.0105432296389762,8.11161657730314e-05
"best_ktsp_vs_each_classifier","balanced_accuracy","tier1_main","P0_derivative_amplitude_deciles","REGION_AGGREGATES_ALL","single_condition","single_condition","ds006036__EO_or_photomark","AD_vs_FTD","kTSP_k9_disjoint","ranger_rf","classic_fast",20,0.0725178571428571,0.0701785714285715,0.0482254464285714,0.0984142857142857,0.000272706565159098,2.31376105763197e-05,0.0697269543759944,0.000513794977835981,0.00559930175946936,4.31238620060438e-05
"best_ktsp_vs_each_classifier","macro_f1","tier1_main","P0_derivative_amplitude_deciles","REGION_AGGREGATES_ALL","single_condition","single_condition","ds006036__EO_or_photomark","AD_vs_FTD","kTSP_k9_disjoint","knn_euclidean","classic_fast",20,0.0365350512490605,0.0385663193016134,0.0152888324684861,0.0576649194469531,0.00679723087226414,0.0030796074142324,0.944815091244715,0.00922861632787824,0.434224645406769,0.00421419961947592
"best_ktsp_vs_each_classifier","mcc","tier1_main","P0_derivative_amplitude_deciles","REGION_AGGREGATES_ALL","single_condition","single_condition","ds006036__EO_or_photomark","AD_vs_FTD","kTSP_k9_disjoint","knn_euclidean","classic_fast",20,0.0694979179717684,0.0607029587585829,0.0276457273714032,0.113189860287754,0.00679723087226414,0.00556320587235189,1,0.00947603231522082,0.801101645618672,0.00767338741014053
"best_ktsp_vs_each_classifier","balanced_accuracy","tier1_main","P0_derivative_amplitude_deciles","REGION_AGGREGATES_ALL","single_condition","single_condition","ds006036__EO_or_photomark","AD_vs_FTD","kTSP_k9_disjoint","knn_euclidean","classic_fast",20,0.0368214285714286,0.0305357142857143,0.0173571428571429,0.0578071428571428,0.00454881461326817,0.00223535756347204,0.636834045857544,0.00620835590262323,0.310714701322614,0.00304289511257974
"best_ktsp_vs_each_classifier","macro_f1","tier1_main","P0_derivative_amplitude_deciles","REGION_AGGREGATES_ALL","single_condition","single_condition","ds006036__EO_or_photomark","CN_vs_FTD","TSP_k1","glmnet_elasticnet","classic_fast",20,0.118504807284219,0.113700466200466,0.0891095999180558,0.146375758432744,9.56917315706463e-05,3.36594598964503e-07,0.0496898731631834,0.00029443609714045,0.000109729839262428,8.97585597238674e-07
"best_ktsp_vs_each_classifier","mcc","tier1_main","P0_derivative_amplitude_deciles","REGION_AGGREGATES_ALL","single_condition","single_condition","ds006036__EO_or_photomark","CN_vs_FTD","TSP_k1","glmnet_elasticnet","classic_fast",20,0.211839224710274,0.241926373556631,0.145895589968076,0.274170328892518,0.000315046961090193,3.99464766543307e-06,0.0856927734165254,0.000630093922180386,0.00117442641363732,9.15073474019911e-06
"best_ktsp_vs_each_classifier","balanced_accuracy","tier1_main","P0_derivative_amplitude_deciles","REGION_AGGREGATES_ALL","single_condition","single_condition","ds006036__EO_or_photomark","CN_vs_FTD","TSP_k1","glmnet_elasticnet","classic_fast",20,0.119083333333333,0.125833333333333,0.0885833333333333,0.146752083333333,0.000150892436409977,2.26453040333371e-07,0.0490829590524173,0.000335762396416189,7.47295033100125e-05,6.16521366352634e-07
"best_ktsp_vs_each_classifier","macro_f1","tier1_main","P0_derivative_amplitude_deciles","REGION_AGGREGATES_ALL","single_condition","single_condition","ds006036__EO_or_photomark","CN_vs_FTD","TSP_k1","svm_linear_liblinear","classic_fast",20,0.10045843045843,0.127406204906205,0.0601289973914974,0.133870992895993,0.00160712458710077,6.23935457635074e-05,0.286068176503926,0.00239456958536505,0.0136017929764446,0.000107078032333412
"best_ktsp_vs_each_classifier","mcc","tier1_main","P0_derivative_amplitude_deciles","REGION_AGGREGATES_ALL","single_condition","single_condition","ds006036__EO_or_photomark","CN_vs_FTD","TSP_k1","svm_linear_liblinear","classic_fast",20,0.218655549053387,0.265826826631655,0.137029237153143,0.285184771016331,0.000953358041013486,2.30672484948738e-05,0.204018620776868,0.00159918123008714,0.00606668635415181,4.64808871100848e-05
"best_ktsp_vs_each_classifier","balanced_accuracy","tier1_main","P0_derivative_amplitude_deciles","REGION_AGGREGATES_ALL","single_condition","single_condition","ds006036__EO_or_photomark","CN_vs_FTD","TSP_k1","svm_linear_liblinear","classic_fast",20,0.108,0.1325,0.06675,0.140920833333333,0.000953358041013486,2.28275773955431e-05,0.192183206111207,0.00153008080656485,0.00554710130711698,4.26990656319512e-05
"best_ktsp_vs_each_classifier","macro_f1","tier1_main","P0_derivative_amplitude_deciles","REGION_AGGREGATES_ALL","single_condition","single_condition","ds006036__EO_or_photomark","CN_vs_FTD","TSP_k1","glmnet_lasso","classic_fast",20,0.13030067808009,0.151646686646687,0.0947030297317062,0.16442786286426,0.000203524868067628,1.0440780145328e-06,0.0590222117396071,0.000435526466646777,0.000325752340534235,2.59770606486631e-06
"best_ktsp_vs_each_classifier","mcc","tier1_main","P0_derivative_amplitude_deciles","REGION_AGGREGATES_ALL","single_condition","single_condition","ds006036__EO_or_photomark","CN_vs_FTD","TSP_k1","glmnet_lasso","classic_fast",20,0.25772711419259,0.306938024941737,0.178204745801365,0.328639235068257,0.000272706565159098,2.51465160568433e-06,0.0769032513748625,0.000571804088236818,0.000779541997762143,6.19724566329788e-06
"best_ktsp_vs_each_classifier","balanced_accuracy","tier1_main","P0_derivative_amplitude_deciles","REGION_AGGREGATES_ALL","single_condition","single_condition","ds006036__EO_or_photomark","CN_vs_FTD","TSP_k1","glmnet_lasso","classic_fast",20,0.13375,0.16,0.0964104166666667,0.166085416666667,0.000175247457788075,5.15101582219379e-07,0.0495303716259305,0.00037243918658034,0.000160711693652446,1.28159245336879e-06
"best_ktsp_vs_each_classifier","macro_f1","tier1_main","P0_derivative_amplitude_deciles","REGION_AGGREGATES_ALL","single_condition","single_condition","ds006036__EO_or_photomark","CN_vs_FTD","TSP_k1","knn_euclidean","classic_fast",20,0.0957968967307203,0.0855850032320621,0.0660672981838423,0.128077998064027,0.000151093078387232,1.22615341756091e-05,0.0496898731631834,0.000358759820828257,0.00315121428313153,2.4151506709533e-05
"best_ktsp_vs_each_classifier","mcc","tier1_main","P0_derivative_amplitude_deciles","REGION_AGGREGATES_ALL","single_condition","single_condition","ds006036__EO_or_photomark","CN_vs_FTD","TSP_k1","knn_euclidean","classic_fast",20,0.158096416613444,0.13170180731049,0.0994065227876705,0.225537674369158,0.000272706565159098,0.000126613982725982,0.0769032513748625,0.000571804088236818,0.028108304165168,0.000220198230827795
"best_ktsp_vs_each_classifier","balanced_accuracy","tier1_main","P0_derivative_amplitude_deciles","REGION_AGGREGATES_ALL","single_condition","single_condition","ds006036__EO_or_photomark","CN_vs_FTD","TSP_k1","knn_euclidean","classic_fast",20,0.09375,0.0791666666666667,0.0656666666666667,0.124,0.000151093078387232,6.62369999278534e-06,0.0490829590524173,0.000335762396416189,0.00179502269804483,1.37772959849935e-05
"best_ktsp_vs_each_classifier","macro_f1","tier1_main","P0_derivative_amplitude_deciles","REGION_AGGREGATES_ALL","single_condition","single_condition","ds006036__EO_or_photomark","CN_vs_FTD","TSP_k1","xgboost_default","classic_fast",20,0.161595598845599,0.155938783438784,0.128965542790543,0.195120902708403,9.56917315706463e-05,1.46819308348063e-08,0.0496898731631834,0.00029443609714045,5.59381564806121e-06,5.41461279014134e-08
"best_ktsp_vs_each_classifier","mcc","tier1_main","P0_derivative_amplitude_deciles","REGION_AGGREGATES_ALL","single_condition","single_condition","ds006036__EO_or_photomark","CN_vs_FTD","TSP_k1","xgboost_default","classic_fast",20,0.335753538580537,0.332251004237248,0.266847637083129,0.402727862627152,0.00011157661051997,9.61161712746953e-09,0.0496898731631834,0.000324133170225704,3.94076302226251e-06,4.462536523468e-08
"best_ktsp_vs_each_classifier","balanced_accuracy","tier1_main","P0_derivative_amplitude_deciles","REGION_AGGREGATES_ALL","single_condition","single_condition","ds006036__EO_or_photomark","CN_vs_FTD","TSP_k1","xgboost_default","classic_fast",20,0.164666666666667,0.150833333333333,0.13225,0.19625,9.5423308128284e-05,6.1662105194942e-09,0.0490829590524173,0.000299071327167016,2.41715452364173e-06,2.46648420779768e-08
"best_ktsp_vs_each_classifier","macro_f1","tier1_main","P0_derivative_amplitude_deciles","REGION_AGGREGATES_ALL","single_condition","single_condition","ds006036__EO_or_photomark","CN_vs_FTD","TSP_k1","sda_shrinklda","classic_fast",20,-0.00630459817959815,0.00535353535353533,-0.0418121975246975,0.0265599244505495,0.955342600235536,0.729502342203998,1,0.957183337422888,1,0.751170728606097
"best_ktsp_vs_each_classifier","mcc","tier1_main","P0_derivative_amplitude_deciles","REGION_AGGREGATES_ALL","single_condition","single_condition","ds006036__EO_or_photomark","CN_vs_FTD","TSP_k1","sda_shrinklda","classic_fast",20,0.00563664861618933,0.0399924134329039,-0.0619904249959315,0.0668688226412362,0.537901747331259,0.871977432109544,1,0.57200185810277,1,0.885602079486256
"best_ktsp_vs_each_classifier","balanced_accuracy","tier1_main","P0_derivative_amplitude_deciles","REGION_AGGREGATES_ALL","single_condition","single_condition","ds006036__EO_or_photomark","CN_vs_FTD","TSP_k1","sda_shrinklda","classic_fast",20,0.00258333333333334,0.0208333333333334,-0.0321666666666666,0.0338333333333333,0.537901747331259,0.882188968821254,1,0.576719399200525,1,0.889027642998163
"best_ktsp_vs_each_classifier","macro_f1","tier1_main","P0_derivative_amplitude_deciles","REGION_AGGREGATES_ALL","single_condition","single_condition","ds006036__EO_or_photomark","CN_vs_FTD","TSP_k1","majority","classic_fast",20,0.37725338713574,0.376361334743688,0.350720105139958,0.401594539733143,9.56917315706463e-05,5.20284867490463e-17,0.0496898731631834,0.00029443609714045,2.50777306130403e-14,6.93713156653951e-16
"best_ktsp_vs_each_classifier","mcc","tier1_main","P0_derivative_amplitude_deciles","REGION_AGGREGATES_ALL","single_condition","single_condition","ds006036__EO_or_photomark","CN_vs_FTD","TSP_k1","majority","classic_fast",20,0.524762836562852,0.534346126166755,0.470089201820982,0.575239788210304,9.56917315706463e-05,7.42219339346465e-14,0.0496898731631834,0.000324133170225704,3.56265282886303e-11,9.41351357219907e-13
"best_ktsp_vs_each_classifier","balanced_accuracy","tier1_main","P0_derivative_amplitude_deciles","REGION_AGGREGATES_ALL","single_condition","single_condition","ds006036__EO_or_photomark","CN_vs_FTD","TSP_k1","majority","classic_fast",20,0.253583333333333,0.251666666666667,0.22725,0.277675,9.51554559698309e-05,6.48394578146978e-14,0.0490829590524173,0.000299071327167016,3.09284213776108e-11,7.66284501446429e-13
"best_ktsp_vs_each_classifier","macro_f1","tier1_main","P0_derivative_amplitude_deciles","REGION_AGGREGATES_ALL","single_condition","single_condition","ds006036__EO_or_photomark","CN_vs_FTD","TSP_k1","xgboost_shallow","classic_fast",20,0.161595598845599,0.155938783438784,0.128996528471528,0.193322152153402,9.56917315706463e-05,1.46819308348063e-08,0.0496898731631834,0.00029443609714045,5.59381564806121e-06,5.41461279014134e-08
"best_ktsp_vs_each_classifier","mcc","tier1_main","P0_derivative_amplitude_deciles","REGION_AGGREGATES_ALL","single_condition","single_condition","ds006036__EO_or_photomark","CN_vs_FTD","TSP_k1","xgboost_shallow","classic_fast",20,0.335753538580537,0.332251004237248,0.269570817266214,0.400936549019017,0.00011157661051997,9.61161712746953e-09,0.0496898731631834,0.000324133170225704,3.94076302226251e-06,4.462536523468e-08
"best_ktsp_vs_each_classifier","balanced_accuracy","tier1_main","P0_derivative_amplitude_deciles","REGION_AGGREGATES_ALL","single_condition","single_condition","ds006036__EO_or_photomark","CN_vs_FTD","TSP_k1","xgboost_shallow","classic_fast",20,0.164666666666667,0.150833333333333,0.13325,0.197083333333333,9.5423308128284e-05,6.1662105194942e-09,0.0490829590524173,0.000299071327167016,2.41715452364173e-06,2.46648420779768e-08
"best_ktsp_vs_each_classifier","macro_f1","tier1_main","P0_derivative_amplitude_deciles","REGION_AGGREGATES_ALL","single_condition","single_condition","ds006036__EO_or_photomark","CN_vs_FTD","TSP_k1","glmnet_ridge","classic_fast",20,0.0310238372738373,0.0266511266511267,-0.00174505286380285,0.0647144064269064,0.112594551560966,0.086123206388205,1,0.131571161374612,1,0.101551173065457
"best_ktsp_vs_each_classifier","mcc","tier1_main","P0_derivative_amplitude_deciles","REGION_AGGREGATES_ALL","single_condition","single_condition","ds006036__EO_or_photomark","CN_vs_FTD","TSP_k1","glmnet_ridge","classic_fast",20,0.0698716715134322,0.0841891639661789,0.0101936141000623,0.130557421293817,0.064607095537442,0.041828324550315,1,0.0788631213133095,1,0.0521600210219755
"best_ktsp_vs_each_classifier","balanced_accuracy","tier1_main","P0_derivative_amplitude_deciles","REGION_AGGREGATES_ALL","single_condition","single_condition","ds006036__EO_or_photomark","CN_vs_FTD","TSP_k1","glmnet_ridge","classic_fast",20,0.0410833333333333,0.0475,0.01125,0.072,0.0254454453849653,0.0169702182385404,1,0.0317305314153044,1,0.0213668607361768
"best_ktsp_vs_each_classifier","macro_f1","tier1_main","P0_derivative_amplitude_deciles","REGION_AGGREGATES_ALL","single_condition","single_condition","ds006036__EO_or_photomark","CN_vs_FTD","TSP_k1","ranger_rf","classic_fast",20,0.0883122155622156,0.0935622710622711,0.0614679563492064,0.111305556249306,0.000315046961090193,1.96184399560898e-06,0.0790767872336319,0.000583005052551247,0.000592476886673911,4.65825971560122e-06
"best_ktsp_vs_each_classifier","mcc","tier1_main","P0_derivative_amplitude_deciles","REGION_AGGREGATES_ALL","single_condition","single_condition","ds006036__EO_or_photomark","CN_vs_FTD","TSP_k1","ranger_rf","classic_fast",20,0.190648583518455,0.206877328783705,0.140428680623729,0.237138568028172,0.000151093078387232,4.40655825986069e-07,0.0496898731631834,0.000372362088916532,0.000149822980835263,1.26597253874451e-06
"best_ktsp_vs_each_classifier","balanced_accuracy","tier1_main","P0_derivative_amplitude_deciles","REGION_AGGREGATES_ALL","single_condition","single_condition","ds006036__EO_or_photomark","CN_vs_FTD","TSP_k1","ranger_rf","classic_fast",20,0.097,0.111666666666667,0.0714979166666667,0.119583333333333,0.00020300453895028,3.54195395485328e-07,0.0558262482113221,0.000418311981799078,0.000114405112741761,9.24748485507403e-07
"best_ktsp_vs_each_classifier","macro_f1","tier1_main","P1_psd_bandpower_from_derivatives","PSD_ABSOLUTE_CHANNEL_BAND","single_condition","single_condition","ds004504__EC","AD_FTD_vs_CN","kTSP_k9_disjoint","svm_linear_liblinear","classic_fast",20,0.00369710950322071,0.00367314170800515,-0.0155274794281549,0.0239984178582033,0.779481323802983,0.724192093207738,1,0.801048000746148,1,0.747182318388936
"best_ktsp_vs_each_classifier","mcc","tier1_main","P1_psd_bandpower_from_derivatives","PSD_ABSOLUTE_CHANNEL_BAND","single_condition","single_condition","ds004504__EC","AD_FTD_vs_CN","kTSP_k9_disjoint","svm_linear_liblinear","classic_fast",20,0.0298238880354751,0.0171956901603244,-0.00926390074175018,0.0696221438557248,0.15063055879143,0.168299308641955,1,0.178423440937457,1,0.197107298409496
"best_ktsp_vs_each_classifier","balanced_accuracy","tier1_main","P1_psd_bandpower_from_derivatives","PSD_ABSOLUTE_CHANNEL_BAND","single_condition","single_condition","ds004504__EC","AD_FTD_vs_CN","kTSP_k9_disjoint","svm_linear_liblinear","classic_fast",20,0.0362045454545455,0.0410606060606061,0.0165909090909091,0.0554704545454545,0.00606603672941675,0.00238634224179225,0.824980995200677,0.00813566238649605,0.32931522936733,0.00323994246927407
"best_ktsp_vs_each_classifier","macro_f1","tier1_main","P1_psd_bandpower_from_derivatives","PSD_ABSOLUTE_CHANNEL_BAND","single_condition","single_condition","ds004504__EC","AD_FTD_vs_CN","kTSP_k9_disjoint","ranger_rf","classic_fast",20,-0.0239924971608395,-0.0270563912389192,-0.0430593632815716,-0.00495569961259999,0.0418880664903521,0.0237477120002209,1,0.0517382293942591,1,0.0296134538132251
"best_ktsp_vs_each_classifier","mcc","tier1_main","P1_psd_bandpower_from_derivatives","PSD_ABSOLUTE_CHANNEL_BAND","single_condition","single_condition","ds004504__EC","AD_FTD_vs_CN","kTSP_k9_disjoint","ranger_rf","classic_fast",20,-0.0419361496209074,-0.0522761775645177,-0.0770719216415521,-0.00866762587860437,0.0545262210772923,0.032815331355241,1,0.0676697731746826,1,0.0414174085066148
"best_ktsp_vs_each_classifier","balanced_accuracy","tier1_main","P1_psd_bandpower_from_derivatives","PSD_ABSOLUTE_CHANNEL_BAND","single_condition","single_condition","ds004504__EC","AD_FTD_vs_CN","kTSP_k9_disjoint","ranger_rf","classic_fast",20,0.0177121212121212,0.0197727272727273,0.000189015151515201,0.0349488636363636,0.0761787095979551,0.0700024202780176,1,0.0898252358071128,1,0.0815316145445298
"best_ktsp_vs_each_classifier","macro_f1","tier1_main","P1_psd_bandpower_from_derivatives","PSD_ABSOLUTE_CHANNEL_BAND","single_condition","single_condition","ds004504__EC","AD_FTD_vs_CN","kTSP_k9_disjoint","knn_euclidean","classic_fast",20,0.0294782411480823,0.0363032921894815,0.0118571703767359,0.0468126671695688,0.0117369771161822,0.00596636979239894,1,0.0151070002485513,0.769661703219464,0.00791457217359044
"best_ktsp_vs_each_classifier","mcc","tier1_main","P1_psd_bandpower_from_derivatives","PSD_ABSOLUTE_CHANNEL_BAND","single_condition","single_condition","ds004504__EC","AD_FTD_vs_CN","kTSP_k9_disjoint","knn_euclidean","classic_fast",20,0.0804032583259583,0.0802700874561481,0.0451089363808875,0.115539131311472,0.00124104092831123,0.000368170409080111,0.253172349375491,0.00202937510289887,0.0740022522251024,0.000598276914755181
"best_ktsp_vs_each_classifier","balanced_accuracy","tier1_main","P1_psd_bandpower_from_derivatives","PSD_ABSOLUTE_CHANNEL_BAND","single_condition","single_condition","ds004504__EC","AD_FTD_vs_CN","kTSP_k9_disjoint","knn_euclidean","classic_fast",20,0.0607272727272727,0.0684848484848485,0.0429922348484849,0.078136553030303,0.000203524868067628,2.85320719196914e-06,0.0558262482113221,0.000418311981799078,0.000804604428135298,6.20781481097888e-06
"best_ktsp_vs_each_classifier","macro_f1","tier1_main","P1_psd_bandpower_from_derivatives","PSD_ABSOLUTE_CHANNEL_BAND","single_condition","single_condition","ds004504__EC","AD_FTD_vs_CN","kTSP_k9_disjoint","glmnet_elasticnet","classic_fast",20,0.0216418421818364,0.0152628809086946,0.000171823300077361,0.0430608698577632,0.0761787095979551,0.0670131118135611,1,0.0904404771482574,1,0.0795589455320817
"best_ktsp_vs_each_classifier","mcc","tier1_main","P1_psd_bandpower_from_derivatives","PSD_ABSOLUTE_CHANNEL_BAND","single_condition","single_condition","ds004504__EC","AD_FTD_vs_CN","kTSP_k9_disjoint","glmnet_elasticnet","classic_fast",20,0.0422591622118574,0.0467836509323837,0.00038914423869639,0.083609989855052,0.070197451493027,0.0677851260698157,1,0.0850878199915479,1,0.0821637891755342
"best_ktsp_vs_each_classifier","balanced_accuracy","tier1_main","P1_psd_bandpower_from_derivatives","PSD_ABSOLUTE_CHANNEL_BAND","single_condition","single_condition","ds004504__EC","AD_FTD_vs_CN","kTSP_k9_disjoint","glmnet_elasticnet","classic_fast",20,0.0639545454545455,0.0681818181818182,0.0433785984848485,0.0846818181818182,0.000272370915531228,1.00426126850783e-05,0.0697269543759944,0.000513794977835981,0.00262112191080544,2.00852253701566e-05
"best_ktsp_vs_each_classifier","macro_f1","tier1_main","P1_psd_bandpower_from_derivatives","PSD_ABSOLUTE_CHANNEL_BAND","single_condition","single_condition","ds004504__EC","AD_FTD_vs_CN","kTSP_k9_disjoint","majority","classic_fast",20,0.352974709439516,0.355910596423115,0.337746522609679,0.368170805617123,9.56917315706463e-05,9.61041859692137e-21,0.0496898731631834,0.00029443609714045,4.766767624073e-18,1.99896706815965e-19
"best_ktsp_vs_each_classifier","mcc","tier1_main","P1_psd_bandpower_from_derivatives","PSD_ABSOLUTE_CHANNEL_BAND","single_condition","single_condition","ds004504__EC","AD_FTD_vs_CN","kTSP_k9_disjoint","majority","classic_fast",20,0.556501280478315,0.571298237258526,0.527092829454261,0.585222858024738,9.56917315706463e-05,4.66983729550163e-19,0.0496898731631834,0.000324133170225704,2.32090913586431e-16,1.01179808069202e-17
"best_ktsp_vs_each_classifier","balanced_accuracy","tier1_main","P1_psd_bandpower_from_derivatives","PSD_ABSOLUTE_CHANNEL_BAND","single_condition","single_condition","ds004504__EC","AD_FTD_vs_CN","kTSP_k9_disjoint","majority","classic_fast",20,0.28819696969697,0.289318181818182,0.273575189393939,0.303643939393939,9.56917315706463e-05,4.21826264038958e-19,0.0490829590524173,0.000299071327167016,2.09647653227362e-16,9.13956905417742e-18
"best_ktsp_vs_each_classifier","macro_f1","tier1_main","P1_psd_bandpower_from_derivatives","PSD_ABSOLUTE_CHANNEL_BAND","single_condition","single_condition","ds004504__EC","AD_FTD_vs_CN","kTSP_k9_disjoint","xgboost_default","classic_fast",20,0.0584425376661132,0.0585275326270077,0.0355133649219078,0.0798128520345582,0.000481928896718165,6.09851172965705e-05,0.108434001761586,0.000832568193665932,0.0134167258052455,0.000105007486735817
"best_ktsp_vs_each_classifier","mcc","tier1_main","P1_psd_bandpower_from_derivatives","PSD_ABSOLUTE_CHANNEL_BAND","single_condition","single_condition","ds004504__EC","AD_FTD_vs_CN","kTSP_k9_disjoint","xgboost_default","classic_fast",20,0.13871895905439,0.132365575309162,0.0954177523796921,0.178917281927832,0.000418811376312389,3.9366512369856e-06,0.105540466830712,0.000777792556008723,0.00116918541738472,9.09803841436673e-06
"best_ktsp_vs_each_classifier","balanced_accuracy","tier1_main","P1_psd_bandpower_from_derivatives","PSD_ABSOLUTE_CHANNEL_BAND","single_condition","single_condition","ds004504__EC","AD_FTD_vs_CN","kTSP_k9_disjoint","xgboost_default","classic_fast",20,0.0869015151515152,0.0884090909090909,0.0641816287878788,0.108061174242424,0.000150892436409977,3.55672494425924e-07,0.0490829590524173,0.000335762396416189,0.000114526543205148,9.24748485507403e-07
"best_ktsp_vs_each_classifier","macro_f1","tier1_main","P1_psd_bandpower_from_derivatives","PSD_ABSOLUTE_CHANNEL_BAND","single_condition","single_condition","ds004504__EC","AD_FTD_vs_CN","kTSP_k9_disjoint","glmnet_lasso","classic_fast",20,0.025340311136115,0.0134771363192079,0.00613125917865904,0.0483141813634315,0.045792839376136,0.0315853368363495,1,0.0558973626187576,1,0.0390127675888402
"best_ktsp_vs_each_classifier","mcc","tier1_main","P1_psd_bandpower_from_derivatives","PSD_ABSOLUTE_CHANNEL_BAND","single_condition","single_condition","ds004504__EC","AD_FTD_vs_CN","kTSP_k9_disjoint","glmnet_lasso","classic_fast",20,0.045670004927765,0.0281259630314697,0.0100975272129202,0.0861068794972804,0.064607095537442,0.0403324414227685,1,0.0788631213133095,1,0.0506591051686947
"best_ktsp_vs_each_classifier","balanced_accuracy","tier1_main","P1_psd_bandpower_from_derivatives","PSD_ABSOLUTE_CHANNEL_BAND","single_condition","single_condition","ds004504__EC","AD_FTD_vs_CN","kTSP_k9_disjoint","glmnet_lasso","classic_fast",20,0.0656666666666667,0.0563636363636364,0.0474392045454546,0.086705303030303,9.55574483907373e-05,3.96550005821671e-06,0.0490829590524173,0.000299071327167016,0.00109447801606781,8.41657155213343e-06
"best_ktsp_vs_each_classifier","macro_f1","tier1_main","P1_psd_bandpower_from_derivatives","PSD_ABSOLUTE_CHANNEL_BAND","single_condition","single_condition","ds004504__EC","AD_FTD_vs_CN","kTSP_k9_disjoint","sda_shrinklda","classic_fast",20,-0.0216343322434384,-0.0236694259149165,-0.0404815763015937,-0.00244473720715629,0.0593893708302478,0.0408282887523713,1,0.0714872056290019,1,0.0499546121205484
"best_ktsp_vs_each_classifier","mcc","tier1_main","P1_psd_bandpower_from_derivatives","PSD_ABSOLUTE_CHANNEL_BAND","single_condition","single_condition","ds004504__EC","AD_FTD_vs_CN","kTSP_k9_disjoint","sda_shrinklda","classic_fast",20,-0.0262873203623588,-0.0246069874846737,-0.0634098471846062,0.00829577199352333,0.254850657012459,0.175117284537901,1,0.289350090931177,1,0.203715856733128
"best_ktsp_vs_each_classifier","balanced_accuracy","tier1_main","P1_psd_bandpower_from_derivatives","PSD_ABSOLUTE_CHANNEL_BAND","single_condition","single_condition","ds004504__EC","AD_FTD_vs_CN","kTSP_k9_disjoint","sda_shrinklda","classic_fast",20,0.0195454545454546,0.0128030303030303,0.00158825757575761,0.0371289772727273,0.045792839376136,0.0480731966881252,1,0.0551210103601637,1,0.0574668098340808
"best_ktsp_vs_each_classifier","macro_f1","tier1_main","P1_psd_bandpower_from_derivatives","PSD_ABSOLUTE_CHANNEL_BAND","single_condition","single_condition","ds004504__EC","AD_FTD_vs_CN","kTSP_k9_disjoint","glmnet_ridge","classic_fast",20,0.317012183132462,0.323457430250908,0.299995397149561,0.333444417254606,9.56917315706463e-05,6.86696007415496e-19,0.0496898731631834,0.00029443609714045,3.36481043633593e-16,1.15187717372922e-17
"best_ktsp_vs_each_classifier","mcc","tier1_main","P1_psd_bandpower_from_derivatives","PSD_ABSOLUTE_CHANNEL_BAND","single_condition","single_condition","ds004504__EC","AD_FTD_vs_CN","kTSP_k9_disjoint","glmnet_ridge","classic_fast",20,0.508458297463124,0.515695578811732,0.473253126215359,0.542134631556014,9.56917315706463e-05,7.20311228361279e-17,0.0496898731631834,0.000324133170225704,3.52232190668665e-14,1.17050574608708e-15
"best_ktsp_vs_each_classifier","balanced_accuracy","tier1_main","P1_psd_bandpower_from_derivatives","PSD_ABSOLUTE_CHANNEL_BAND","single_condition","single_condition","ds004504__EC","AD_FTD_vs_CN","kTSP_k9_disjoint","glmnet_ridge","classic_fast",20,0.27344696969697,0.276818181818182,0.256280303030303,0.290742803030303,9.55574483907373e-05,1.03910980580223e-17,0.0490829590524173,0.000299071327167016,5.09163804843094e-15,1.74302290005536e-16
"best_ktsp_vs_each_classifier","macro_f1","tier1_main","P1_psd_bandpower_from_derivatives","PSD_ABSOLUTE_CHANNEL_BAND","single_condition","single_condition","ds004504__EC","AD_FTD_vs_CN","kTSP_k9_disjoint","xgboost_shallow","classic_fast",20,0.0584425376661132,0.0585275326270077,0.0363798891833079,0.0797961899483471,0.000481928896718165,6.09851172965705e-05,0.108434001761586,0.000832568193665932,0.0134167258052455,0.000105007486735817
"best_ktsp_vs_each_classifier","mcc","tier1_main","P1_psd_bandpower_from_derivatives","PSD_ABSOLUTE_CHANNEL_BAND","single_condition","single_condition","ds004504__EC","AD_FTD_vs_CN","kTSP_k9_disjoint","xgboost_shallow","classic_fast",20,0.13871895905439,0.132365575309162,0.0953891414849697,0.17776531708404,0.000418811376312389,3.9366512369856e-06,0.105540466830712,0.000777792556008723,0.00116918541738472,9.09803841436673e-06
"best_ktsp_vs_each_classifier","balanced_accuracy","tier1_main","P1_psd_bandpower_from_derivatives","PSD_ABSOLUTE_CHANNEL_BAND","single_condition","single_condition","ds004504__EC","AD_FTD_vs_CN","kTSP_k9_disjoint","xgboost_shallow","classic_fast",20,0.0869015151515152,0.0884090909090909,0.0647876893939394,0.108128787878788,0.000150892436409977,3.55672494425924e-07,0.0490829590524173,0.000335762396416189,0.000114526543205148,9.24748485507403e-07
"best_ktsp_vs_each_classifier","macro_f1","tier1_main","P1_psd_bandpower_from_derivatives","PSD_ABSOLUTE_CHANNEL_BAND","single_condition","single_condition","ds004504__EC","AD_vs_CN","kTSP_k9_disjoint","ranger_rf","classic_fast",20,-0.0111790831717302,-0.0204274565303978,-0.0232316611697127,0.00111692617023499,0.070197451493027,0.0966884840832304,1,0.0837217311384726,1,0.113494383122528
"best_ktsp_vs_each_classifier","mcc","tier1_main","P1_psd_bandpower_from_derivatives","PSD_ABSOLUTE_CHANNEL_BAND","single_condition","single_condition","ds004504__EC","AD_vs_CN","kTSP_k9_disjoint","ranger_rf","classic_fast",20,-0.0193500188461447,-0.0227822084406672,-0.038251049494472,-1.89751803845561e-05,0.0593893708302478,0.0717214568905207,1,0.0733550423556504,1,0.0867329246117924
"best_ktsp_vs_each_classifier","balanced_accuracy","tier1_main","P1_psd_bandpower_from_derivatives","PSD_ABSOLUTE_CHANNEL_BAND","single_condition","single_condition","ds004504__EC","AD_vs_CN","kTSP_k9_disjoint","ranger_rf","classic_fast",20,-0.00623214285714286,-0.0132738095238095,-0.0164761904761905,0.00453035714285714,0.204290825610001,0.280288165457661,1,0.229937725794807,1,0.313137430479239
"best_ktsp_vs_each_classifier","macro_f1","tier1_main","P1_psd_bandpower_from_derivatives","PSD_ABSOLUTE_CHANNEL_BAND","single_condition","single_condition","ds004504__EC","AD_vs_CN","kTSP_k9_disjoint","sda_shrinklda","classic_fast",20,0.0616363409552264,0.0497293882588,0.0464567777123117,0.0776530068851856,0.00011157661051997,3.8574732847126e-07,0.0496898731631834,0.000297537628053339,0.000124982134424688,1.01821629850282e-06
"best_ktsp_vs_each_classifier","mcc","tier1_main","P1_psd_bandpower_from_derivatives","PSD_ABSOLUTE_CHANNEL_BAND","single_condition","single_condition","ds004504__EC","AD_vs_CN","kTSP_k9_disjoint","sda_shrinklda","classic_fast",20,0.124682106729909,0.102343304168916,0.0926038082956732,0.159060308287677,0.00011157661051997,5.84371658199656e-07,0.0496898731631834,0.000324133170225704,0.000194011390522286,1.60779503843291e-06
"best_ktsp_vs_each_classifier","balanced_accuracy","tier1_main","P1_psd_bandpower_from_derivatives","PSD_ABSOLUTE_CHANNEL_BAND","single_condition","single_condition","ds004504__EC","AD_vs_CN","kTSP_k9_disjoint","sda_shrinklda","classic_fast",20,0.0663095238095238,0.0570238095238095,0.0511543154761905,0.0816848214285714,0.00011157661051997,9.31695969920184e-08,0.0490829590524173,0.000299071327167016,3.20503413652543e-05,2.73718590033049e-07
"best_ktsp_vs_each_classifier","macro_f1","tier1_main","P1_psd_bandpower_from_derivatives","PSD_ABSOLUTE_CHANNEL_BAND","single_condition","single_condition","ds004504__EC","AD_vs_CN","kTSP_k9_disjoint","knn_euclidean","classic_fast",20,0.0840892163392163,0.0776215451215451,0.0710601652432535,0.0972397369787075,9.56917315706463e-05,1.42538114663045e-10,0.0496898731631834,0.00029443609714045,6.28593085664028e-08,9.26497745309791e-10
"best_ktsp_vs_each_classifier","mcc","tier1_main","P1_psd_bandpower_from_derivatives","PSD_ABSOLUTE_CHANNEL_BAND","single_condition","single_condition","ds004504__EC","AD_vs_CN","kTSP_k9_disjoint","knn_euclidean","classic_fast",20,0.158954922085064,0.144688685582281,0.132912022925041,0.185728016123577,9.56917315706463e-05,6.96045775205386e-10,0.0496898731631834,0.000324133170225704,3.09740369966397e-07,4.76241846193159e-09
"best_ktsp_vs_each_classifier","balanced_accuracy","tier1_main","P1_psd_bandpower_from_derivatives","PSD_ABSOLUTE_CHANNEL_BAND","single_condition","single_condition","ds004504__EC","AD_vs_CN","kTSP_k9_disjoint","knn_euclidean","classic_fast",20,0.0815416666666667,0.0790476190476191,0.0689455357142857,0.0949644345238095,9.56917315706463e-05,3.48389099616785e-10,0.0490829590524173,0.000299071327167016,1.50852480134068e-07,2.05866286137191e-09
"best_ktsp_vs_each_classifier","macro_f1","tier1_main","P1_psd_bandpower_from_derivatives","PSD_ABSOLUTE_CHANNEL_BAND","single_condition","single_condition","ds004504__EC","AD_vs_CN","kTSP_k9_disjoint","xgboost_default","classic_fast",20,0.0667202209555151,0.0547800728683081,0.0435782195745431,0.0912959094622697,0.00023574535856441,3.62626757126676e-05,0.0653014643223415,0.000478857759584016,0.00859425414390223,6.61634784932883e-05
"best_ktsp_vs_each_classifier","mcc","tier1_main","P1_psd_bandpower_from_derivatives","PSD_ABSOLUTE_CHANNEL_BAND","single_condition","single_condition","ds004504__EC","AD_vs_CN","kTSP_k9_disjoint","xgboost_default","classic_fast",20,0.137258581660786,0.112576124122405,0.0945529830301827,0.181493683697393,0.000151093078387232,8.85950979335993e-06,0.0496898731631834,0.000372362088916532,0.00248066274214078,1.90369631923436e-05
"best_ktsp_vs_each_classifier","balanced_accuracy","tier1_main","P1_psd_bandpower_from_derivatives","PSD_ABSOLUTE_CHANNEL_BAND","single_condition","single_condition","ds004504__EC","AD_vs_CN","kTSP_k9_disjoint","xgboost_default","classic_fast",20,0.071952380952381,0.0616071428571429,0.0502019345238095,0.0951217261904762,0.000129926100333799,6.36838972346777e-06,0.0490829590524173,0.000331184177321449,0.0017385703945067,1.32994484184869e-05
"best_ktsp_vs_each_classifier","macro_f1","tier1_main","P1_psd_bandpower_from_derivatives","PSD_ABSOLUTE_CHANNEL_BAND","single_condition","single_condition","ds004504__EC","AD_vs_CN","kTSP_k9_disjoint","glmnet_elasticnet","classic_fast",20,0.0516304971258531,0.0547017125461397,0.0327676112168275,0.0714073229305524,0.000553830376860853,5.8288055085168e-05,0.121288852532527,0.000932012284684931,0.0128816601738221,0.000101032628814291
"best_ktsp_vs_each_classifier","mcc","tier1_main","P1_psd_bandpower_from_derivatives","PSD_ABSOLUTE_CHANNEL_BAND","single_condition","single_condition","ds004504__EC","AD_vs_CN","kTSP_k9_disjoint","glmnet_elasticnet","classic_fast",20,0.0908928687355754,0.103021306165198,0.0598116525453303,0.124653840387728,0.000363481868201676,4.00244920815335e-05,0.0945052857324358,0.000705263326361611,0.00988604954413878,7.59518539303299e-05
"best_ktsp_vs_each_classifier","balanced_accuracy","tier1_main","P1_psd_bandpower_from_derivatives","PSD_ABSOLUTE_CHANNEL_BAND","single_condition","single_condition","ds004504__EC","AD_vs_CN","kTSP_k9_disjoint","glmnet_elasticnet","classic_fast",20,0.0570952380952381,0.0625595238095238,0.0396247023809524,0.075447619047619,0.000151093078387232,6.93052785662895e-06,0.0490829590524173,0.000335762396416189,0.00187124252128982,1.43580656790719e-05
"best_ktsp_vs_each_classifier","macro_f1","tier1_main","P1_psd_bandpower_from_derivatives","PSD_ABSOLUTE_CHANNEL_BAND","single_condition","single_condition","ds004504__EC","AD_vs_CN","kTSP_k9_disjoint","majority","classic_fast",20,0.442838362488904,0.441367967687627,0.4314992184834,0.453378282679008,9.56917315706463e-05,3.74652131338634e-25,0.0496898731631834,0.00029443609714045,1.90323282720026e-22,1.44640337341427e-23
"best_ktsp_vs_each_classifier","mcc","tier1_main","P1_psd_bandpower_from_derivatives","PSD_ABSOLUTE_CHANNEL_BAND","single_condition","single_condition","ds004504__EC","AD_vs_CN","kTSP_k9_disjoint","majority","classic_fast",20,0.629033474369374,0.625145033293184,0.608774762509309,0.648640762964932,9.56917315706463e-05,3.21557440605236e-23,0.0496898731631834,0.000324133170225704,1.6335117982746e-20,1.28622976242095e-21
"best_ktsp_vs_each_classifier","balanced_accuracy","tier1_main","P1_psd_bandpower_from_derivatives","PSD_ABSOLUTE_CHANNEL_BAND","single_condition","single_condition","ds004504__EC","AD_vs_CN","kTSP_k9_disjoint","majority","classic_fast",20,0.309517857142857,0.308333333333333,0.298285119047619,0.319525446428571,9.56917315706463e-05,1.4094882298331e-22,0.0490829590524173,0.000299071327167016,7.14610532525382e-20,5.23524199652294e-21
"best_ktsp_vs_each_classifier","macro_f1","tier1_main","P1_psd_bandpower_from_derivatives","PSD_ABSOLUTE_CHANNEL_BAND","single_condition","single_condition","ds004504__EC","AD_vs_CN","kTSP_k9_disjoint","glmnet_ridge","classic_fast",20,0.143225490110165,0.134107606789495,0.123592126642707,0.163133532473074,9.56917315706463e-05,1.91156768965756e-11,0.0496898731631834,0.00029443609714045,8.73586434173506e-09,1.55314874784677e-10
"best_ktsp_vs_each_classifier","mcc","tier1_main","P1_psd_bandpower_from_derivatives","PSD_ABSOLUTE_CHANNEL_BAND","single_condition","single_condition","ds004504__EC","AD_vs_CN","kTSP_k9_disjoint","glmnet_ridge","classic_fast",20,0.238199537298586,0.219905486463188,0.204045107430449,0.272519112967314,9.56917315706463e-05,4.52601018287512e-11,0.0496898731631834,0.000324133170225704,2.09101670448831e-08,3.98902592388994e-10
"best_ktsp_vs_each_classifier","balanced_accuracy","tier1_main","P1_psd_bandpower_from_derivatives","PSD_ABSOLUTE_CHANNEL_BAND","single_condition","single_condition","ds004504__EC","AD_vs_CN","kTSP_k9_disjoint","glmnet_ridge","classic_fast",20,0.135041666666667,0.131071428571429,0.11801755952381,0.151637648809524,9.56917315706463e-05,4.08003912059109e-12,0.0490829590524173,0.000299071327167016,1.88905811283368e-09,3.65796610811615e-11
"best_ktsp_vs_each_classifier","macro_f1","tier1_main","P1_psd_bandpower_from_derivatives","PSD_ABSOLUTE_CHANNEL_BAND","single_condition","single_condition","ds004504__EC","AD_vs_CN","kTSP_k9_disjoint","svm_linear_liblinear","classic_fast",20,0.0451151169092346,0.0474350649350649,0.0287987194178371,0.0606711876358935,0.000418811376312389,2.69938284454779e-05,0.0971642393044646,0.000738243781974381,0.00655950031225113,5.04920532073687e-05
"best_ktsp_vs_each_classifier","mcc","tier1_main","P1_psd_bandpower_from_derivatives","PSD_ABSOLUTE_CHANNEL_BAND","single_condition","single_condition","ds004504__EC","AD_vs_CN","kTSP_k9_disjoint","svm_linear_liblinear","classic_fast",20,0.0894921300663971,0.101589509293022,0.0546480167633108,0.124019632157428,0.00108844053343016,9.34909487784099e-05,0.228572512020333,0.00179110467526482,0.0214094272702559,0.000166490730701278
"best_ktsp_vs_each_classifier","balanced_accuracy","tier1_main","P1_psd_bandpower_from_derivatives","PSD_ABSOLUTE_CHANNEL_BAND","single_condition","single_condition","ds004504__EC","AD_vs_CN","kTSP_k9_disjoint","svm_linear_liblinear","classic_fast",20,0.0490595238095238,0.0516071428571429,0.0331604166666667,0.0648220238095238,0.000272706565159098,1.07000027758547e-05,0.0697269543759944,0.000513794977835981,0.00274990071339465,2.10757630433501e-05
"best_ktsp_vs_each_classifier","macro_f1","tier1_main","P1_psd_bandpower_from_derivatives","PSD_ABSOLUTE_CHANNEL_BAND","single_condition","single_condition","ds004504__EC","AD_vs_CN","kTSP_k9_disjoint","glmnet_lasso","classic_fast",20,0.067933288632592,0.0572388722388723,0.0451858234870135,0.0904588295347583,0.00023574535856441,1.74741657692559e-05,0.0653014643223415,0.000478857759584016,0.00436854144231399,3.35297645756941e-05
"best_ktsp_vs_each_classifier","mcc","tier1_main","P1_psd_bandpower_from_derivatives","PSD_ABSOLUTE_CHANNEL_BAND","single_condition","single_condition","ds004504__EC","AD_vs_CN","kTSP_k9_disjoint","glmnet_lasso","classic_fast",20,0.116814041271492,0.120172800375518,0.0749228200867841,0.159547262508816,0.000363481868201676,3.84333132015577e-05,0.0945052857324358,0.000705263326361611,0.00960265258999351,7.34754517088603e-05
"best_ktsp_vs_each_classifier","balanced_accuracy","tier1_main","P1_psd_bandpower_from_derivatives","PSD_ABSOLUTE_CHANNEL_BAND","single_condition","single_condition","ds004504__EC","AD_vs_CN","kTSP_k9_disjoint","glmnet_lasso","classic_fast",20,0.0711309523809524,0.0625595238095238,0.0502848214285715,0.092155505952381,0.000175247457788075,3.61513961757067e-06,0.0495303716259305,0.00037243918658034,0.00100139367406708,7.70439590629815e-06
"best_ktsp_vs_each_classifier","macro_f1","tier1_main","P1_psd_bandpower_from_derivatives","PSD_ABSOLUTE_CHANNEL_BAND","single_condition","single_condition","ds004504__EC","AD_vs_CN","kTSP_k9_disjoint","xgboost_shallow","classic_fast",20,0.0667202209555151,0.0547800728683081,0.0429679299050622,0.0914113619632002,0.00023574535856441,3.62626757126676e-05,0.0653014643223415,0.000478857759584016,0.00859425414390223,6.61634784932883e-05
"best_ktsp_vs_each_classifier","mcc","tier1_main","P1_psd_bandpower_from_derivatives","PSD_ABSOLUTE_CHANNEL_BAND","single_condition","single_condition","ds004504__EC","AD_vs_CN","kTSP_k9_disjoint","xgboost_shallow","classic_fast",20,0.137258581660786,0.112576124122405,0.0962887395621121,0.182598523266157,0.000151093078387232,8.85950979335993e-06,0.0496898731631834,0.000372362088916532,0.00248066274214078,1.90369631923436e-05
"best_ktsp_vs_each_classifier","balanced_accuracy","tier1_main","P1_psd_bandpower_from_derivatives","PSD_ABSOLUTE_CHANNEL_BAND","single_condition","single_condition","ds004504__EC","AD_vs_CN","kTSP_k9_disjoint","xgboost_shallow","classic_fast",20,0.071952380952381,0.0616071428571429,0.0499223214285714,0.0942266369047619,0.000129926100333799,6.36838972346777e-06,0.0490829590524173,0.000331184177321449,0.0017385703945067,1.32994484184869e-05
"best_ktsp_vs_each_classifier","macro_f1","tier1_main","P1_psd_bandpower_from_derivatives","PSD_ABSOLUTE_CHANNEL_BAND","single_condition","single_condition","ds004504__EC","AD_vs_FTD","kTSP_CV_disjoint","ranger_rf","classic_fast",20,-0.0858226403799159,-0.0770178840767076,-0.118897413401012,-0.0527181637065635,0.000833948987816245,7.31276264257338e-05,0.169291644526687,0.00134258041382182,0.015649312055107,0.000123721295823112
"best_ktsp_vs_each_classifier","mcc","tier1_main","P1_psd_bandpower_from_derivatives","PSD_ABSOLUTE_CHANNEL_BAND","single_condition","single_condition","ds004504__EC","AD_vs_FTD","kTSP_CV_disjoint","ranger_rf","classic_fast",20,-0.172051009962721,-0.14332975383923,-0.240049051384756,-0.105068691304709,0.000635624201131427,9.64186156546593e-05,0.147464814662483,0.00113193350886419,0.0219834443692623,0.000171118362254003
"best_ktsp_vs_each_classifier","balanced_accuracy","tier1_main","P1_psd_bandpower_from_derivatives","PSD_ABSOLUTE_CHANNEL_BAND","single_condition","single_condition","ds004504__EC","AD_vs_FTD","kTSP_CV_disjoint","ranger_rf","classic_fast",20,-0.0769642857142857,-0.0632142857142857,-0.105680803571429,-0.0481245535714286,0.000553830376860921,8.87827628834145e-05,0.121288852532527,0.000944235396615341,0.0188219457312839,0.000149407885758497
"best_ktsp_vs_each_classifier","macro_f1","tier1_main","P1_psd_bandpower_from_derivatives","PSD_ABSOLUTE_CHANNEL_BAND","single_condition","single_condition","ds004504__EC","AD_vs_FTD","kTSP_CV_disjoint","svm_linear_liblinear","classic_fast",20,0.0119169678360855,0.0271931907961319,-0.00952283186584659,0.0323787841501464,0.287337268352032,0.289907882770051,1,0.317905062857567,1,0.319390040339887
"best_ktsp_vs_each_classifier","mcc","tier1_main","P1_psd_bandpower_from_derivatives","PSD_ABSOLUTE_CHANNEL_BAND","single_condition","single_condition","ds004504__EC","AD_vs_FTD","kTSP_CV_disjoint","svm_linear_liblinear","classic_fast",20,0.0368282320021578,0.0524068322583474,-0.00982074045039526,0.082863706680292,0.161520771499154,0.152706820973681,1,0.190024437057828,1,0.180062464640168
"best_ktsp_vs_each_classifier","balanced_accuracy","tier1_main","P1_psd_bandpower_from_derivatives","PSD_ABSOLUTE_CHANNEL_BAND","single_condition","single_condition","ds004504__EC","AD_vs_FTD","kTSP_CV_disjoint","svm_linear_liblinear","classic_fast",20,0.0186071428571429,0.0267857142857143,-0.00332232142857141,0.04143125,0.140309233576715,0.132507537637161,1,0.160001757587482,1,0.151770747954458
"best_ktsp_vs_each_classifier","macro_f1","tier1_main","P1_psd_bandpower_from_derivatives","PSD_ABSOLUTE_CHANNEL_BAND","single_condition","single_condition","ds004504__EC","AD_vs_FTD","kTSP_CV_disjoint","xgboost_default","classic_fast",20,-0.0792690804637399,-0.088198051948052,-0.114352073267505,-0.0426304463478129,0.00160712458710071,0.000516731907855362,0.286068176503926,0.00239456958536505,0.0930117434139652,0.000785674245861954
"best_ktsp_vs_each_classifier","mcc","tier1_main","P1_psd_bandpower_from_derivatives","PSD_ABSOLUTE_CHANNEL_BAND","single_condition","single_condition","ds004504__EC","AD_vs_FTD","kTSP_CV_disjoint","xgboost_default","classic_fast",20,-0.149870831210998,-0.161293788354716,-0.222171582299104,-0.0756056765827421,0.00182529413147666,0.00084831025424357,0.354107061506472,0.00283329238318771,0.154955791836151,0.00129741568296075
"best_ktsp_vs_each_classifier","balanced_accuracy","tier1_main","P1_psd_bandpower_from_derivatives","PSD_ABSOLUTE_CHANNEL_BAND","single_condition","single_condition","ds004504__EC","AD_vs_FTD","kTSP_CV_disjoint","xgboost_default","classic_fast",20,-0.068,-0.0707142857142857,-0.100697321428571,-0.034303125,0.00234534072287745,0.000840382806257764,0.403398604334922,0.00343542866449663,0.136982397420015,0.00121726757452378
"best_ktsp_vs_each_classifier","macro_f1","tier1_main","P1_psd_bandpower_from_derivatives","PSD_ABSOLUTE_CHANNEL_BAND","single_condition","single_condition","ds004504__EC","AD_vs_FTD","kTSP_CV_disjoint","knn_euclidean","classic_fast",20,-0.0383949772707513,-0.0509551314698373,-0.0613526818683552,-0.014856261400708,0.00848955537682003,0.00629917501936346,1,0.0113194071690934,0.796845296641546,0.00829258483561772
"best_ktsp_vs_each_classifier","mcc","tier1_main","P1_psd_bandpower_from_derivatives","PSD_ABSOLUTE_CHANNEL_BAND","single_condition","single_condition","ds004504__EC","AD_vs_FTD","kTSP_CV_disjoint","knn_euclidean","classic_fast",20,-0.0740413062738553,-0.0832349307730878,-0.124623588471006,-0.0211976437122145,0.0177580609880869,0.0135886329786746,1,0.0236168586030824,1,0.0180257376247724
"best_ktsp_vs_each_classifier","balanced_accuracy","tier1_main","P1_psd_bandpower_from_derivatives","PSD_ABSOLUTE_CHANNEL_BAND","single_condition","single_condition","ds004504__EC","AD_vs_FTD","kTSP_CV_disjoint","knn_euclidean","classic_fast",20,-0.0321607142857143,-0.0385714285714285,-0.0567508928571428,-0.00760535714285717,0.0289651011534134,0.0227100204353552,1,0.0357763719709619,1,0.0280503815353556
"best_ktsp_vs_each_classifier","macro_f1","tier1_main","P1_psd_bandpower_from_derivatives","PSD_ABSOLUTE_CHANNEL_BAND","single_condition","single_condition","ds004504__EC","AD_vs_FTD","kTSP_CV_disjoint","sda_shrinklda","classic_fast",20,-0.000540740692056468,0.0071011294347208,-0.0283340130543691,0.0253365701818392,0.722844049740984,0.969950970739982,1,0.751757811730624,1,0.975579312929963
"best_ktsp_vs_each_classifier","mcc","tier1_main","P1_psd_bandpower_from_derivatives","PSD_ABSOLUTE_CHANNEL_BAND","single_condition","single_condition","ds004504__EC","AD_vs_FTD","kTSP_CV_disjoint","sda_shrinklda","classic_fast",20,-0.0279167304744508,-0.0158993775758439,-0.0907736622664131,0.0292028644157698,0.513548893500135,0.384624042543716,1,0.549476182345823,1,0.425541493878153
"best_ktsp_vs_each_classifier","balanced_accuracy","tier1_main","P1_psd_bandpower_from_derivatives","PSD_ABSOLUTE_CHANNEL_BAND","single_condition","single_condition","ds004504__EC","AD_vs_FTD","kTSP_CV_disjoint","sda_shrinklda","classic_fast",20,-0.0110535714285714,-0.00267857142857147,-0.0376790178571429,0.0137678571428571,0.640744318210405,0.424364212191077,1,0.674467703379374,1,0.462619266958826
"best_ktsp_vs_each_classifier","macro_f1","tier1_main","P1_psd_bandpower_from_derivatives","PSD_ABSOLUTE_CHANNEL_BAND","single_condition","single_condition","ds004504__EC","AD_vs_FTD","kTSP_CV_disjoint","xgboost_shallow","classic_fast",20,-0.0792690804637399,-0.088198051948052,-0.115623495014188,-0.0429496627007753,0.00160712458710071,0.000516731907855362,0.286068176503926,0.00239456958536505,0.0930117434139652,0.000785674245861954
"best_ktsp_vs_each_classifier","mcc","tier1_main","P1_psd_bandpower_from_derivatives","PSD_ABSOLUTE_CHANNEL_BAND","single_condition","single_condition","ds004504__EC","AD_vs_FTD","kTSP_CV_disjoint","xgboost_shallow","classic_fast",20,-0.149870831210998,-0.161293788354716,-0.219575468864985,-0.0766134439074206,0.00182529413147666,0.00084831025424357,0.354107061506472,0.00283329238318771,0.154955791836151,0.00129741568296075
"best_ktsp_vs_each_classifier","balanced_accuracy","tier1_main","P1_psd_bandpower_from_derivatives","PSD_ABSOLUTE_CHANNEL_BAND","single_condition","single_condition","ds004504__EC","AD_vs_FTD","kTSP_CV_disjoint","xgboost_shallow","classic_fast",20,-0.068,-0.0707142857142857,-0.100036160714286,-0.0343392857142857,0.00234534072287745,0.000840382806257764,0.403398604334922,0.00343542866449663,0.136982397420015,0.00121726757452378
"best_ktsp_vs_each_classifier","macro_f1","tier1_main","P1_psd_bandpower_from_derivatives","PSD_ABSOLUTE_CHANNEL_BAND","single_condition","single_condition","ds004504__EC","AD_vs_FTD","kTSP_CV_disjoint","glmnet_ridge","classic_fast",20,0.0975998909501231,0.108328075433339,0.0670831564408674,0.124805217370349,0.000203524868067628,3.01342645748049e-06,0.0590222117396071,0.000435526466646777,0.000888960804956744,6.93354760128254e-06
"best_ktsp_vs_each_classifier","mcc","tier1_main","P1_psd_bandpower_from_derivatives","PSD_ABSOLUTE_CHANNEL_BAND","single_condition","single_condition","ds004504__EC","AD_vs_FTD","kTSP_CV_disjoint","glmnet_ridge","classic_fast",20,0.0219563882601365,0.0532375321217585,-0.0394489507121945,0.0823479594502515,0.422175673993565,0.496272641533882,1,0.460233439154411,1,0.533185482639708
"best_ktsp_vs_each_classifier","balanced_accuracy","tier1_main","P1_psd_bandpower_from_derivatives","PSD_ABSOLUTE_CHANNEL_BAND","single_condition","single_condition","ds004504__EC","AD_vs_FTD","kTSP_CV_disjoint","glmnet_ridge","classic_fast",20,0.00925000000000001,0.0101785714285715,-0.0172142857142857,0.0353044642857143,0.48128445659953,0.510176969428068,1,0.519228044464223,1,0.5481240167409
"best_ktsp_vs_each_classifier","macro_f1","tier1_main","P1_psd_bandpower_from_derivatives","PSD_ABSOLUTE_CHANNEL_BAND","single_condition","single_condition","ds004504__EC","AD_vs_FTD","kTSP_CV_disjoint","glmnet_lasso","classic_fast",20,0.051093793246657,0.0474099429981783,0.0261715097778468,0.0780390834773671,0.0029979578809507,0.00139079613827453,0.485669176714013,0.00433038360581767,0.212851405199168,0.00196219965683077
"best_ktsp_vs_each_classifier","mcc","tier1_main","P1_psd_bandpower_from_derivatives","PSD_ABSOLUTE_CHANNEL_BAND","single_condition","single_condition","ds004504__EC","AD_vs_FTD","kTSP_CV_disjoint","glmnet_lasso","classic_fast",20,-0.0271914345640506,-0.0452975777108275,-0.0795682666415674,0.0274953769851048,0.27076012686279,0.339960942031225,1,0.305412724443928,1,0.37935555763141
"best_ktsp_vs_each_classifier","balanced_accuracy","tier1_main","P1_psd_bandpower_from_derivatives","PSD_ABSOLUTE_CHANNEL_BAND","single_condition","single_condition","ds004504__EC","AD_vs_FTD","kTSP_CV_disjoint","glmnet_lasso","classic_fast",20,-0.00523214285714285,-0.00607142857142862,-0.0290540178571429,0.0188571428571429,0.537901747331259,0.682314611940567,1,0.576719399200525,1,0.709607196418189
"best_ktsp_vs_each_classifier","macro_f1","tier1_main","P1_psd_bandpower_from_derivatives","PSD_ABSOLUTE_CHANNEL_BAND","single_condition","single_condition","ds004504__EC","AD_vs_FTD","kTSP_CV_disjoint","glmnet_elasticnet","classic_fast",20,0.0527182495437139,0.0657069538648486,0.0181261660649722,0.0859925954130579,0.0117369771161822,0.00688713267926814,1,0.0151070002485513,0.854004452229249,0.00902092945395322
"best_ktsp_vs_each_classifier","mcc","tier1_main","P1_psd_bandpower_from_derivatives","PSD_ABSOLUTE_CHANNEL_BAND","single_condition","single_condition","ds004504__EC","AD_vs_FTD","kTSP_CV_disjoint","glmnet_elasticnet","classic_fast",20,-0.0540217263089014,-0.0331707880144061,-0.125408770299493,0.0175990420719218,0.197753933820609,0.161601185560769,1,0.230049318985943,1,0.189689879213544
"best_ktsp_vs_each_classifier","balanced_accuracy","tier1_main","P1_psd_bandpower_from_derivatives","PSD_ABSOLUTE_CHANNEL_BAND","single_condition","single_condition","ds004504__EC","AD_vs_FTD","kTSP_CV_disjoint","glmnet_elasticnet","classic_fast",20,-0.0116071428571429,-0.0121428571428571,-0.0408401785714286,0.0182879464285714,0.422175673993565,0.464049051410364,1,0.460233439154411,1,0.501674650173366
"best_ktsp_vs_each_classifier","macro_f1","tier1_main","P1_psd_bandpower_from_derivatives","PSD_ABSOLUTE_CHANNEL_BAND","single_condition","single_condition","ds004504__EC","AD_vs_FTD","kTSP_CV_disjoint","majority","classic_fast",20,0.104893590886238,0.108328075433339,0.0800901653719088,0.128998015980408,9.56917315706463e-05,1.10052502444628e-07,0.0496898731631834,0.00029443609714045,3.85183758556198e-05,3.33450376573522e-07
"best_ktsp_vs_each_classifier","mcc","tier1_main","P1_psd_bandpower_from_derivatives","PSD_ABSOLUTE_CHANNEL_BAND","single_condition","single_condition","ds004504__EC","AD_vs_FTD","kTSP_CV_disjoint","majority","classic_fast",20,0.00633391153709883,0.002223865190623,-0.0455882306879847,0.0564973699561884,0.808266974005183,0.81406960753761,1,0.828991768210444,1,0.828407428414007
"best_ktsp_vs_each_classifier","balanced_accuracy","tier1_main","P1_psd_bandpower_from_derivatives","PSD_ABSOLUTE_CHANNEL_BAND","single_condition","single_condition","ds004504__EC","AD_vs_FTD","kTSP_CV_disjoint","majority","classic_fast",20,0.00441071428571429,0.00160714285714286,-0.0205,0.028340625,0.750994967158646,0.729036724979706,1,0.773301748361378,1,0.74772997433816
"best_ktsp_vs_each_classifier","macro_f1","tier1_main","P1_psd_bandpower_from_derivatives","PSD_ABSOLUTE_CHANNEL_BAND","single_condition","single_condition","ds004504__EC","CN_vs_FTD","kTSP_k9_disjoint","glmnet_elasticnet","classic_fast",20,0.10705266955267,0.084999134852076,0.0673985960526402,0.143764847856392,0.000553830376860853,3.77667357890569e-05,0.121288852532527,0.000932012284684931,0.00879076222619809,6.79539882709675e-05
"best_ktsp_vs_each_classifier","mcc","tier1_main","P1_psd_bandpower_from_derivatives","PSD_ABSOLUTE_CHANNEL_BAND","single_condition","single_condition","ds004504__EC","CN_vs_FTD","kTSP_k9_disjoint","glmnet_elasticnet","classic_fast",20,0.219911826599684,0.218515082070526,0.151559886433559,0.285130468857257,0.00023574535856441,5.27646530520266e-06,0.0688376447008077,0.000515073892661736,0.00151962200789837,1.17758023978772e-05
"best_ktsp_vs_each_classifier","balanced_accuracy","tier1_main","P1_psd_bandpower_from_derivatives","PSD_ABSOLUTE_CHANNEL_BAND","single_condition","single_condition","ds004504__EC","CN_vs_FTD","kTSP_k9_disjoint","glmnet_elasticnet","classic_fast",20,0.0935833333333333,0.0883333333333333,0.0605833333333333,0.125752083333333,0.000363481868201676,2.87152347529171e-05,0.0860432347115663,0.000654015818217549,0.00669517834501079,5.18469516372114e-05
"best_ktsp_vs_each_classifier","macro_f1","tier1_main","P1_psd_bandpower_from_derivatives","PSD_ABSOLUTE_CHANNEL_BAND","single_condition","single_condition","ds004504__EC","CN_vs_FTD","kTSP_k9_disjoint","ranger_rf","classic_fast",20,0.0676102231102231,0.0804091741591741,0.0408781336718837,0.0913479846542347,0.000635624201131391,5.54640879130561e-05,0.134116706438723,0.00105262606556797,0.0123130275166985,9.64592833270541e-05
"best_ktsp_vs_each_classifier","mcc","tier1_main","P1_psd_bandpower_from_derivatives","PSD_ABSOLUTE_CHANNEL_BAND","single_condition","single_condition","ds004504__EC","CN_vs_FTD","kTSP_k9_disjoint","ranger_rf","classic_fast",20,0.150597385840744,0.185891822837962,0.100589135236636,0.197891873841251,0.000315046961090193,8.6330167604908e-06,0.0856927734165254,0.000630093922180386,0.00242587770969791,1.87048696477301e-05
"best_ktsp_vs_each_classifier","balanced_accuracy","tier1_main","P1_psd_bandpower_from_derivatives","PSD_ABSOLUTE_CHANNEL_BAND","single_condition","single_condition","ds004504__EC","CN_vs_FTD","kTSP_k9_disjoint","ranger_rf","classic_fast",20,0.0628333333333333,0.0691666666666667,0.03933125,0.0845854166666667,0.000634929926799366,3.311624196141e-05,0.136509934261847,0.00106278001475351,0.00748427068327866,5.83743926099431e-05
"best_ktsp_vs_each_classifier","macro_f1","tier1_main","P1_psd_bandpower_from_derivatives","PSD_ABSOLUTE_CHANNEL_BAND","single_condition","single_condition","ds004504__EC","CN_vs_FTD","kTSP_k9_disjoint","svm_linear_liblinear","classic_fast",20,0.0883438856894739,0.0979731379731379,0.0594733066157699,0.116369323242117,0.000363481868201676,1.29117983124357e-05,0.0868721665002006,0.000656286706475248,0.00330542036798354,2.5336358952704e-05
"best_ktsp_vs_each_classifier","mcc","tier1_main","P1_psd_bandpower_from_derivatives","PSD_ABSOLUTE_CHANNEL_BAND","single_condition","single_condition","ds004504__EC","CN_vs_FTD","kTSP_k9_disjoint","svm_linear_liblinear","classic_fast",20,0.200473345366796,0.221972361562977,0.144977629843004,0.251351882891024,0.000203524868067628,7.37185732575506e-07,0.0614645101564185,0.000464179523663012,0.000243271291749917,2.00699780596473e-06
"best_ktsp_vs_each_classifier","balanced_accuracy","tier1_main","P1_psd_bandpower_from_derivatives","PSD_ABSOLUTE_CHANNEL_BAND","single_condition","single_condition","ds004504__EC","CN_vs_FTD","kTSP_k9_disjoint","svm_linear_liblinear","classic_fast",20,0.0860833333333333,0.0908333333333333,0.0605,0.11125,0.000272370915531228,3.21253228400353e-06,0.0697269543759944,0.000513794977835981,0.000896296507236984,6.90296193256956e-06
"best_ktsp_vs_each_classifier","macro_f1","tier1_main","P1_psd_bandpower_from_derivatives","PSD_ABSOLUTE_CHANNEL_BAND","single_condition","single_condition","ds004504__EC","CN_vs_FTD","kTSP_k9_disjoint","sda_shrinklda","classic_fast",20,0.083616085711674,0.0925502275502276,0.0536478487199076,0.110933943344237,0.000481928896718165,2.49949668856455e-05,0.108434001761586,0.000832568193665932,0.0061487618538688,4.72632101110388e-05
"best_ktsp_vs_each_classifier","mcc","tier1_main","P1_psd_bandpower_from_derivatives","PSD_ABSOLUTE_CHANNEL_BAND","single_condition","single_condition","ds004504__EC","CN_vs_FTD","kTSP_k9_disjoint","sda_shrinklda","classic_fast",20,0.174194663203005,0.175042043026937,0.122869874257821,0.223125724709202,0.000315046961090193,2.56181876027848e-06,0.0856927734165254,0.000630093922180386,0.00079160199692605,6.28370639313589e-06
"best_ktsp_vs_each_classifier","balanced_accuracy","tier1_main","P1_psd_bandpower_from_derivatives","PSD_ABSOLUTE_CHANNEL_BAND","single_condition","single_condition","ds004504__EC","CN_vs_FTD","kTSP_k9_disjoint","sda_shrinklda","classic_fast",20,0.0743333333333333,0.0766666666666667,0.0498333333333334,0.09741875,0.000448820637056757,9.57752565238814e-06,0.10098464333777,0.00078846868672133,0.00250931172092569,1.92290090318218e-05
"best_ktsp_vs_each_classifier","macro_f1","tier1_main","P1_psd_bandpower_from_derivatives","PSD_ABSOLUTE_CHANNEL_BAND","single_condition","single_condition","ds004504__EC","CN_vs_FTD","kTSP_k9_disjoint","knn_euclidean","classic_fast",20,0.138348481583776,0.137277167277167,0.108576949276214,0.170139041391615,9.56917315706463e-05,5.75253691624119e-08,0.0496898731631834,0.00029443609714045,2.0536556790981e-05,1.82397511978379e-07
"best_ktsp_vs_each_classifier","mcc","tier1_main","P1_psd_bandpower_from_derivatives","PSD_ABSOLUTE_CHANNEL_BAND","single_condition","single_condition","ds004504__EC","CN_vs_FTD","kTSP_k9_disjoint","knn_euclidean","classic_fast",20,0.291462493818796,0.283193913895509,0.241744203890691,0.34260860935197,9.56917315706463e-05,1.11917510159464e-09,0.0496898731631834,0.000324133170225704,4.89079519396857e-07,6.92822681939539e-09
"best_ktsp_vs_each_classifier","balanced_accuracy","tier1_main","P1_psd_bandpower_from_derivatives","PSD_ABSOLUTE_CHANNEL_BAND","single_condition","single_condition","ds004504__EC","CN_vs_FTD","kTSP_k9_disjoint","knn_euclidean","classic_fast",20,0.131166666666667,0.129166666666667,0.10775,0.156752083333333,9.56917315706463e-05,5.99517712962761e-09,0.0490829590524173,0.000299071327167016,2.36209978907328e-06,2.45471819480815e-08
"best_ktsp_vs_each_classifier","macro_f1","tier1_main","P1_psd_bandpower_from_derivatives","PSD_ABSOLUTE_CHANNEL_BAND","single_condition","single_condition","ds004504__EC","CN_vs_FTD","kTSP_k9_disjoint","xgboost_shallow","classic_fast",20,0.156795170515759,0.150346703949645,0.113236082014391,0.201560507058301,0.00011157661051997,2.01079884951696e-06,0.0496898731631834,0.000297537628053339,0.000605250453704604,4.73129141062814e-06
"best_ktsp_vs_each_classifier","mcc","tier1_main","P1_psd_bandpower_from_derivatives","PSD_ABSOLUTE_CHANNEL_BAND","single_condition","single_condition","ds004504__EC","CN_vs_FTD","kTSP_k9_disjoint","xgboost_shallow","classic_fast",20,0.353016959217586,0.371199137690515,0.274911532961798,0.437680082812511,9.56917315706463e-05,1.12652313164515e-07,0.0496898731631834,0.000324133170225704,4.12307466182123e-05,3.75507710548382e-07
"best_ktsp_vs_each_classifier","balanced_accuracy","tier1_main","P1_psd_bandpower_from_derivatives","PSD_ABSOLUTE_CHANNEL_BAND","single_condition","single_condition","ds004504__EC","CN_vs_FTD","kTSP_k9_disjoint","xgboost_shallow","classic_fast",20,0.152583333333333,0.160833333333333,0.114164583333333,0.193833333333333,9.5423308128284e-05,8.03269525701879e-07,0.0490829590524173,0.000299071327167016,0.000245800474864775,1.93379700631934e-06
"best_ktsp_vs_each_classifier","macro_f1","tier1_main","P1_psd_bandpower_from_derivatives","PSD_ABSOLUTE_CHANNEL_BAND","single_condition","single_condition","ds004504__EC","CN_vs_FTD","kTSP_k9_disjoint","majority","classic_fast",20,0.392778244631186,0.400727524109877,0.370736217050923,0.414439618796236,9.56917315706463e-05,2.48829594513548e-18,0.0496898731631834,0.00029443609714045,1.20931182933584e-15,3.69689683277272e-17
"best_ktsp_vs_each_classifier","mcc","tier1_main","P1_psd_bandpower_from_derivatives","PSD_ABSOLUTE_CHANNEL_BAND","single_condition","single_condition","ds004504__EC","CN_vs_FTD","kTSP_k9_disjoint","majority","classic_fast",20,0.565408406710025,0.590529280636899,0.527808620220214,0.599559915034438,9.55574483907373e-05,2.59097454074747e-17,0.0496898731631834,0.000324133170225704,1.26957752496626e-14,4.34615084254414e-16
"best_ktsp_vs_each_classifier","balanced_accuracy","tier1_main","P1_psd_bandpower_from_derivatives","PSD_ABSOLUTE_CHANNEL_BAND","single_condition","single_condition","ds004504__EC","CN_vs_FTD","kTSP_k9_disjoint","majority","classic_fast",20,0.25875,0.26,0.241414583333333,0.275833333333333,9.48881743254582e-05,5.4525872456248e-17,0.0490829590524173,0.000299071327167016,2.6608625758649e-14,8.59195565977241e-16
"best_ktsp_vs_each_classifier","macro_f1","tier1_main","P1_psd_bandpower_from_derivatives","PSD_ABSOLUTE_CHANNEL_BAND","single_condition","single_condition","ds004504__EC","CN_vs_FTD","kTSP_k9_disjoint","glmnet_lasso","classic_fast",20,0.116924710910005,0.107882150529209,0.0865851213329154,0.149859475573446,0.000129926100333799,1.54383527334897e-06,0.0496898731631834,0.000329568644749149,0.000473957428918133,3.75137543056759e-06
"best_ktsp_vs_each_classifier","mcc","tier1_main","P1_psd_bandpower_from_derivatives","PSD_ABSOLUTE_CHANNEL_BAND","single_condition","single_condition","ds004504__EC","CN_vs_FTD","kTSP_k9_disjoint","glmnet_lasso","classic_fast",20,0.24250412727303,0.219857677809508,0.189071464361136,0.299962176587849,9.56917315706463e-05,7.72513217176491e-08,0.0496898731631834,0.000324133170225704,2.86602403572478e-05,2.67804581954517e-07
"best_ktsp_vs_each_classifier","balanced_accuracy","tier1_main","P1_psd_bandpower_from_derivatives","PSD_ABSOLUTE_CHANNEL_BAND","single_condition","single_condition","ds004504__EC","CN_vs_FTD","kTSP_k9_disjoint","glmnet_lasso","classic_fast",20,0.105583333333333,0.0883333333333334,0.0800833333333333,0.133166666666667,9.55574483907373e-05,4.82503700557099e-07,0.0490829590524173,0.000299071327167016,0.000151988665675486,1.21797050626064e-06
"best_ktsp_vs_each_classifier","macro_f1","tier1_main","P1_psd_bandpower_from_derivatives","PSD_ABSOLUTE_CHANNEL_BAND","single_condition","single_condition","ds004504__EC","CN_vs_FTD","kTSP_k9_disjoint","xgboost_default","classic_fast",20,0.156795170515759,0.150346703949645,0.114427474282254,0.202108449801832,0.00011157661051997,2.01079884951696e-06,0.0496898731631834,0.000297537628053339,0.000605250453704604,4.73129141062814e-06
"best_ktsp_vs_each_classifier","mcc","tier1_main","P1_psd_bandpower_from_derivatives","PSD_ABSOLUTE_CHANNEL_BAND","single_condition","single_condition","ds004504__EC","CN_vs_FTD","kTSP_k9_disjoint","xgboost_default","classic_fast",20,0.353016959217586,0.371199137690515,0.272706556369008,0.437778057210769,9.56917315706463e-05,1.12652313164515e-07,0.0496898731631834,0.000324133170225704,4.12307466182123e-05,3.75507710548382e-07
"best_ktsp_vs_each_classifier","balanced_accuracy","tier1_main","P1_psd_bandpower_from_derivatives","PSD_ABSOLUTE_CHANNEL_BAND","single_condition","single_condition","ds004504__EC","CN_vs_FTD","kTSP_k9_disjoint","xgboost_default","classic_fast",20,0.152583333333333,0.160833333333333,0.112827083333333,0.1943375,9.5423308128284e-05,8.03269525701879e-07,0.0490829590524173,0.000299071327167016,0.000245800474864775,1.93379700631934e-06
"best_ktsp_vs_each_classifier","macro_f1","tier1_main","P1_psd_bandpower_from_derivatives","PSD_ABSOLUTE_CHANNEL_BAND","single_condition","single_condition","ds004504__EC","CN_vs_FTD","kTSP_k9_disjoint","glmnet_ridge","classic_fast",20,0.21544882568412,0.227008579655638,0.177328362732039,0.254613149962782,9.56917315706463e-05,2.84486731094944e-09,0.0496898731631834,0.00029443609714045,1.16070586286737e-06,1.30914247937496e-08
"best_ktsp_vs_each_classifier","mcc","tier1_main","P1_psd_bandpower_from_derivatives","PSD_ABSOLUTE_CHANNEL_BAND","single_condition","single_condition","ds004504__EC","CN_vs_FTD","kTSP_k9_disjoint","glmnet_ridge","classic_fast",20,0.335079285829423,0.340627473353408,0.266147588036913,0.407404202105129,9.56917315706463e-05,1.16580442340737e-08,0.0496898731631834,0.000324133170225704,4.69819182633171e-06,5.1374432217952e-08
"best_ktsp_vs_each_classifier","balanced_accuracy","tier1_main","P1_psd_bandpower_from_derivatives","PSD_ABSOLUTE_CHANNEL_BAND","single_condition","single_condition","ds004504__EC","CN_vs_FTD","kTSP_k9_disjoint","glmnet_ridge","classic_fast",20,0.165083333333333,0.1675,0.134916666666667,0.194083333333333,9.56917315706463e-05,2.22676895800208e-09,0.0490829590524173,0.000299071327167016,9.06294965906846e-07,1.01571917382551e-08
"best_ktsp_vs_each_classifier","macro_f1","tier1_main","P1_psd_bandpower_from_derivatives","PSD_ABSOLUTE_CHANNEL_BAND","single_condition","single_condition","ds006036__EO_or_photomark","AD_FTD_vs_CN","kTSP_k9_disjoint","svm_linear_liblinear","classic_fast",20,0.0596564172160181,0.0654666785804893,0.0394211799509805,0.0779666227141999,0.000315046961090193,1.03512186125093e-05,0.0790767872336319,0.000583005052551247,0.00274307293231497,2.10259128066596e-05
"best_ktsp_vs_each_classifier","mcc","tier1_main","P1_psd_bandpower_from_derivatives","PSD_ABSOLUTE_CHANNEL_BAND","single_condition","single_condition","ds006036__EO_or_photomark","AD_FTD_vs_CN","kTSP_k9_disjoint","svm_linear_liblinear","classic_fast",20,0.119288991298287,0.143604335194884,0.0843440628782881,0.153222102942246,0.00023574535856441,3.28403897226092e-06,0.0688376447008077,0.000515073892661736,0.000991779769622797,7.77468340587467e-06
"best_ktsp_vs_each_classifier","balanced_accuracy","tier1_main","P1_psd_bandpower_from_derivatives","PSD_ABSOLUTE_CHANNEL_BAND","single_condition","single_condition","ds006036__EO_or_photomark","AD_FTD_vs_CN","kTSP_k9_disjoint","svm_linear_liblinear","classic_fast",20,0.0604772727272728,0.0708333333333334,0.0423325757575758,0.0771594696969697,0.000203524868067628,3.31044031875432e-06,0.0558262482113221,0.000418311981799078,0.000920302408613701,7.08406981791048e-06
"best_ktsp_vs_each_classifier","macro_f1","tier1_main","P1_psd_bandpower_from_derivatives","PSD_ABSOLUTE_CHANNEL_BAND","single_condition","single_condition","ds006036__EO_or_photomark","AD_FTD_vs_CN","kTSP_k9_disjoint","glmnet_elasticnet","classic_fast",20,0.0880572568500027,0.0900666829145091,0.073913599954158,0.102350894591937,9.56917315706463e-05,3.30514097819908e-10,0.0496898731631834,0.00029443609714045,1.4377363255166e-07,1.99845733565526e-09
"best_ktsp_vs_each_classifier","mcc","tier1_main","P1_psd_bandpower_from_derivatives","PSD_ABSOLUTE_CHANNEL_BAND","single_condition","single_condition","ds006036__EO_or_photomark","AD_FTD_vs_CN","kTSP_k9_disjoint","glmnet_elasticnet","classic_fast",20,0.145205265900318,0.152522037372964,0.113270382989797,0.175561834430315,9.56917315706463e-05,4.4248983333503e-08,0.0496898731631834,0.000324133170225704,1.70801075667322e-05,1.70440528395715e-07
"best_ktsp_vs_each_classifier","balanced_accuracy","tier1_main","P1_psd_bandpower_from_derivatives","PSD_ABSOLUTE_CHANNEL_BAND","single_condition","single_condition","ds006036__EO_or_photomark","AD_FTD_vs_CN","kTSP_k9_disjoint","glmnet_elasticnet","classic_fast",20,0.105113636363636,0.1075,0.0910450757575758,0.118865340909091,9.56917315706463e-05,1.36259400244754e-11,0.0490829590524173,0.000299071327167016,6.21342865116079e-09,1.09007520195803e-10
"best_ktsp_vs_each_classifier","macro_f1","tier1_main","P1_psd_bandpower_from_derivatives","PSD_ABSOLUTE_CHANNEL_BAND","single_condition","single_condition","ds006036__EO_or_photomark","AD_FTD_vs_CN","kTSP_k9_disjoint","sda_shrinklda","classic_fast",20,0.0320486580996498,0.0259114943027987,0.0182032520953356,0.0487982247909277,0.000363481868201676,0.000742091415602082,0.0868721665002006,0.000656286706475248,0.129123906314762,0.00111206782741522
"best_ktsp_vs_each_classifier","mcc","tier1_main","P1_psd_bandpower_from_derivatives","PSD_ABSOLUTE_CHANNEL_BAND","single_condition","single_condition","ds006036__EO_or_photomark","AD_FTD_vs_CN","kTSP_k9_disjoint","sda_shrinklda","classic_fast",20,0.0531637433604763,0.0278409487090834,0.0266752294065967,0.0847871112026503,0.000728541800169902,0.00263870470435556,0.166107530438732,0.00127556140097087,0.411637933879467,0.00375925053771203
"best_ktsp_vs_each_classifier","balanced_accuracy","tier1_main","P1_psd_bandpower_from_derivatives","PSD_ABSOLUTE_CHANNEL_BAND","single_condition","single_condition","ds006036__EO_or_photomark","AD_FTD_vs_CN","kTSP_k9_disjoint","sda_shrinklda","classic_fast",20,0.0512803030303031,0.0420454545454546,0.0383560606060607,0.0673486742424242,9.55574483907373e-05,2.20253364632444e-06,0.0490829590524173,0.000299071327167016,0.000632127156495115,4.89451921405432e-06
"best_ktsp_vs_each_classifier","macro_f1","tier1_main","P1_psd_bandpower_from_derivatives","PSD_ABSOLUTE_CHANNEL_BAND","single_condition","single_condition","ds006036__EO_or_photomark","AD_FTD_vs_CN","kTSP_k9_disjoint","ranger_rf","classic_fast",20,0.0767971767030409,0.0717724382608272,0.0620604847472783,0.0925286342418495,9.56917315706463e-05,1.00399533908374e-08,0.0496898731631834,0.00029443609714045,3.89550191564491e-06,3.92539531070334e-08
"best_ktsp_vs_each_classifier","mcc","tier1_main","P1_psd_bandpower_from_derivatives","PSD_ABSOLUTE_CHANNEL_BAND","single_condition","single_condition","ds006036__EO_or_photomark","AD_FTD_vs_CN","kTSP_k9_disjoint","ranger_rf","classic_fast",20,0.133958411005349,0.122120076154649,0.105291810858605,0.164191629740674,9.56917315706463e-05,6.70316238836935e-08,0.0496898731631834,0.000324133170225704,2.50511670629756e-05,2.35516516348112e-07
"best_ktsp_vs_each_classifier","balanced_accuracy","tier1_main","P1_psd_bandpower_from_derivatives","PSD_ABSOLUTE_CHANNEL_BAND","single_condition","single_condition","ds006036__EO_or_photomark","AD_FTD_vs_CN","kTSP_k9_disjoint","ranger_rf","classic_fast",20,0.0951818181818182,0.0892424242424243,0.0819242424242425,0.109143939393939,9.56917315706463e-05,4.03501564525846e-11,0.0490829590524173,0.000299071327167016,1.81575704036631e-08,2.95522272610479e-10
"best_ktsp_vs_each_classifier","macro_f1","tier1_main","P1_psd_bandpower_from_derivatives","PSD_ABSOLUTE_CHANNEL_BAND","single_condition","single_condition","ds006036__EO_or_photomark","AD_FTD_vs_CN","kTSP_k9_disjoint","glmnet_lasso","classic_fast",20,0.0830185695225597,0.0684333782159869,0.0634094128006141,0.103402008677478,9.56917315706463e-05,2.27024638289691e-07,0.0496898731631834,0.00029443609714045,7.5599204550467e-05,6.27940488886379e-07
"best_ktsp_vs_each_classifier","mcc","tier1_main","P1_psd_bandpower_from_derivatives","PSD_ABSOLUTE_CHANNEL_BAND","single_condition","single_condition","ds006036__EO_or_photomark","AD_FTD_vs_CN","kTSP_k9_disjoint","glmnet_lasso","classic_fast",20,0.135141978119384,0.121001243689206,0.0978751107214816,0.175725310937961,0.00011157661051997,1.90390441646495e-06,0.0496898731631834,0.000324133170225704,0.000611153317685249,4.95015148280887e-06
"best_ktsp_vs_each_classifier","balanced_accuracy","tier1_main","P1_psd_bandpower_from_derivatives","PSD_ABSOLUTE_CHANNEL_BAND","single_condition","single_condition","ds006036__EO_or_photomark","AD_FTD_vs_CN","kTSP_k9_disjoint","glmnet_lasso","classic_fast",20,0.0980151515151516,0.0891666666666667,0.0802106060606061,0.116372727272727,9.56917315706463e-05,2.38515928185014e-09,0.0490829590524173,0.000299071327167016,9.68374668431158e-07,1.07850680570615e-08
"best_ktsp_vs_each_classifier","macro_f1","tier1_main","P1_psd_bandpower_from_derivatives","PSD_ABSOLUTE_CHANNEL_BAND","single_condition","single_condition","ds006036__EO_or_photomark","AD_FTD_vs_CN","kTSP_k9_disjoint","glmnet_ridge","classic_fast",20,0.286824707803735,0.280082666735224,0.270014893280897,0.303273433393248,9.56917315706463e-05,4.02130608445447e-18,0.0496898731631834,0.00029443609714045,1.95033345096042e-15,5.80855323310091e-17
"best_ktsp_vs_each_classifier","mcc","tier1_main","P1_psd_bandpower_from_derivatives","PSD_ABSOLUTE_CHANNEL_BAND","single_condition","single_condition","ds006036__EO_or_photomark","AD_FTD_vs_CN","kTSP_k9_disjoint","glmnet_ridge","classic_fast",20,0.430681603050656,0.426107715790029,0.399791434221879,0.462346717640888,9.56917315706463e-05,1.93184316682063e-16,0.0496898731631834,0.000324133170225704,9.42739465408466e-14,3.04411650529311e-15
"best_ktsp_vs_each_classifier","balanced_accuracy","tier1_main","P1_psd_bandpower_from_derivatives","PSD_ABSOLUTE_CHANNEL_BAND","single_condition","single_condition","ds006036__EO_or_photomark","AD_FTD_vs_CN","kTSP_k9_disjoint","glmnet_ridge","classic_fast",20,0.241848484848485,0.241363636363636,0.229021590909091,0.25430303030303,9.56917315706463e-05,3.88363304947042e-19,0.0490829590524173,0.000299071327167016,1.93404925863627e-16,8.78038776402009e-18
"best_ktsp_vs_each_classifier","macro_f1","tier1_main","P1_psd_bandpower_from_derivatives","PSD_ABSOLUTE_CHANNEL_BAND","single_condition","single_condition","ds006036__EO_or_photomark","AD_FTD_vs_CN","kTSP_k9_disjoint","majority","classic_fast",20,0.365140283990001,0.370302473693778,0.356644751969749,0.373345539197115,9.56917315706463e-05,8.56857121200586e-26,0.0496898731631834,0.00029443609714045,4.36140274691098e-23,3.71304752520254e-24
"best_ktsp_vs_each_classifier","mcc","tier1_main","P1_psd_bandpower_from_derivatives","PSD_ABSOLUTE_CHANNEL_BAND","single_condition","single_condition","ds006036__EO_or_photomark","AD_FTD_vs_CN","kTSP_k9_disjoint","majority","classic_fast",20,0.556252125428698,0.566222918280573,0.541491292097693,0.571961607440263,9.56917315706463e-05,1.8406337233305e-24,0.0496898731631834,0.000324133170225704,9.40563832621885e-22,9.48163411137693e-23
"best_ktsp_vs_each_classifier","balanced_accuracy","tier1_main","P1_psd_bandpower_from_derivatives","PSD_ABSOLUTE_CHANNEL_BAND","single_condition","single_condition","ds006036__EO_or_photomark","AD_FTD_vs_CN","kTSP_k9_disjoint","majority","classic_fast",20,0.28194696969697,0.289242424242424,0.273598484848485,0.289985227272727,9.55574483907373e-05,1.0323348273514e-23,0.0490829590524173,0.000299071327167016,5.25458427121861e-21,4.47345091852272e-22
"best_ktsp_vs_each_classifier","macro_f1","tier1_main","P1_psd_bandpower_from_derivatives","PSD_ABSOLUTE_CHANNEL_BAND","single_condition","single_condition","ds006036__EO_or_photomark","AD_FTD_vs_CN","kTSP_k9_disjoint","knn_euclidean","classic_fast",20,0.0741748567039219,0.0771272592142158,0.0600183713579717,0.0888088413600653,9.56917315706463e-05,9.78991979198612e-09,0.0496898731631834,0.00029443609714045,3.8082787990826e-06,3.85663506957029e-08
"best_ktsp_vs_each_classifier","mcc","tier1_main","P1_psd_bandpower_from_derivatives","PSD_ABSOLUTE_CHANNEL_BAND","single_condition","single_condition","ds006036__EO_or_photomark","AD_FTD_vs_CN","kTSP_k9_disjoint","knn_euclidean","classic_fast",20,0.148113601773053,0.142383704035324,0.119725910650195,0.179090361729743,9.56917315706463e-05,8.23468386684858e-09,0.0496898731631834,0.000324133170225704,3.38445506927476e-06,3.8927596461466e-08
"best_ktsp_vs_each_classifier","balanced_accuracy","tier1_main","P1_psd_bandpower_from_derivatives","PSD_ABSOLUTE_CHANNEL_BAND","single_condition","single_condition","ds006036__EO_or_photomark","AD_FTD_vs_CN","kTSP_k9_disjoint","knn_euclidean","classic_fast",20,0.0879166666666667,0.0916666666666667,0.0738251893939394,0.102106818181818,9.55574483907373e-05,4.23159902559257e-10,0.0490829590524173,0.000299071327167016,1.81535598197921e-07,2.39177336229145e-09
"best_ktsp_vs_each_classifier","macro_f1","tier1_main","P1_psd_bandpower_from_derivatives","PSD_ABSOLUTE_CHANNEL_BAND","single_condition","single_condition","ds006036__EO_or_photomark","AD_FTD_vs_CN","kTSP_k9_disjoint","xgboost_default","classic_fast",20,0.111546472685469,0.113732058601624,0.094961236216845,0.127798160868081,9.56917315706463e-05,9.49399366531225e-11,0.0496898731631834,0.00029443609714045,4.27229714939051e-08,6.85677320272552e-10
"best_ktsp_vs_each_classifier","mcc","tier1_main","P1_psd_bandpower_from_derivatives","PSD_ABSOLUTE_CHANNEL_BAND","single_condition","single_condition","ds006036__EO_or_photomark","AD_FTD_vs_CN","kTSP_k9_disjoint","xgboost_default","classic_fast",20,0.222945239795595,0.231130847682012,0.189869835959308,0.256212515350209,9.56917315706463e-05,8.25591208752205e-11,0.0496898731631834,0.000324133170225704,3.78946364817262e-08,6.81440362779598e-10
"best_ktsp_vs_each_classifier","balanced_accuracy","tier1_main","P1_psd_bandpower_from_derivatives","PSD_ABSOLUTE_CHANNEL_BAND","single_condition","single_condition","ds006036__EO_or_photomark","AD_FTD_vs_CN","kTSP_k9_disjoint","xgboost_default","classic_fast",20,0.118954545454545,0.126515151515152,0.101757007575758,0.134977462121212,9.55574483907373e-05,2.22184740397695e-11,0.0490829590524173,0.000299071327167016,1.01094056880951e-08,1.72441888069853e-10
"best_ktsp_vs_each_classifier","macro_f1","tier1_main","P1_psd_bandpower_from_derivatives","PSD_ABSOLUTE_CHANNEL_BAND","single_condition","single_condition","ds006036__EO_or_photomark","AD_FTD_vs_CN","kTSP_k9_disjoint","xgboost_shallow","classic_fast",20,0.111546472685469,0.113732058601624,0.0946880566691302,0.127519022350348,9.56917315706463e-05,9.49399366531225e-11,0.0496898731631834,0.00029443609714045,4.27229714939051e-08,6.85677320272552e-10
"best_ktsp_vs_each_classifier","mcc","tier1_main","P1_psd_bandpower_from_derivatives","PSD_ABSOLUTE_CHANNEL_BAND","single_condition","single_condition","ds006036__EO_or_photomark","AD_FTD_vs_CN","kTSP_k9_disjoint","xgboost_shallow","classic_fast",20,0.222945239795595,0.231130847682012,0.190410507003111,0.254812142591182,9.56917315706463e-05,8.25591208752205e-11,0.0496898731631834,0.000324133170225704,3.78946364817262e-08,6.81440362779598e-10
"best_ktsp_vs_each_classifier","balanced_accuracy","tier1_main","P1_psd_bandpower_from_derivatives","PSD_ABSOLUTE_CHANNEL_BAND","single_condition","single_condition","ds006036__EO_or_photomark","AD_FTD_vs_CN","kTSP_k9_disjoint","xgboost_shallow","classic_fast",20,0.118954545454545,0.126515151515152,0.101794886363636,0.135151893939394,9.55574483907373e-05,2.22184740397695e-11,0.0490829590524173,0.000299071327167016,1.01094056880951e-08,1.72441888069853e-10
"best_ktsp_vs_each_classifier","macro_f1","tier1_main","P1_psd_bandpower_from_derivatives","PSD_ABSOLUTE_CHANNEL_BAND","single_condition","single_condition","ds006036__EO_or_photomark","AD_vs_CN","kTSP_k5_disjoint","glmnet_ridge","classic_fast",20,0.217982124944199,0.216230239059186,0.200646775613233,0.236726984630651,9.56917315706463e-05,3.18547434701344e-15,0.0496898731631834,0.00029443609714045,1.52265673787242e-12,3.85220153592323e-14
"best_ktsp_vs_each_classifier","mcc","tier1_main","P1_psd_bandpower_from_derivatives","PSD_ABSOLUTE_CHANNEL_BAND","single_condition","single_condition","ds006036__EO_or_photomark","AD_vs_CN","kTSP_k5_disjoint","glmnet_ridge","classic_fast",20,0.330368290409659,0.337944920173049,0.300396500195457,0.363790606614063,9.56917315706463e-05,3.0809606968725e-14,0.0496898731631834,0.000324133170225704,1.48502305589254e-11,4.10794759583e-13
"best_ktsp_vs_each_classifier","balanced_accuracy","tier1_main","P1_psd_bandpower_from_derivatives","PSD_ABSOLUTE_CHANNEL_BAND","single_condition","single_condition","ds006036__EO_or_photomark","AD_vs_CN","kTSP_k5_disjoint","glmnet_ridge","classic_fast",20,0.179946428571429,0.182857142857143,0.166791220238095,0.193595386904762,9.56917315706463e-05,2.35101943253531e-16,0.0490829590524173,0.000299071327167016,1.14259544421216e-13,3.4929431569096e-15
"best_ktsp_vs_each_classifier","macro_f1","tier1_main","P1_psd_bandpower_from_derivatives","PSD_ABSOLUTE_CHANNEL_BAND","single_condition","single_condition","ds006036__EO_or_photomark","AD_vs_CN","kTSP_k5_disjoint","sda_shrinklda","classic_fast",20,0.0320035683270977,0.0411050795609619,0.0102468458420664,0.0521388681579858,0.0117369771161822,0.00901264773588316,1,0.0151070002485513,1,0.0116581513001474
"best_ktsp_vs_each_classifier","mcc","tier1_main","P1_psd_bandpower_from_derivatives","PSD_ABSOLUTE_CHANNEL_BAND","single_condition","single_condition","ds006036__EO_or_photomark","AD_vs_CN","kTSP_k5_disjoint","sda_shrinklda","classic_fast",20,0.0623399734354162,0.0780604673900982,0.0175117443402978,0.105373024725665,0.0239066271188815,0.0143989484529781,1,0.0310011124733625,1,0.0190036883135752
"best_ktsp_vs_each_classifier","balanced_accuracy","tier1_main","P1_psd_bandpower_from_derivatives","PSD_ABSOLUTE_CHANNEL_BAND","single_condition","single_condition","ds006036__EO_or_photomark","AD_vs_CN","kTSP_k5_disjoint","sda_shrinklda","classic_fast",20,0.0320833333333333,0.0394642857142857,0.0104046130952381,0.0525125,0.0152223090986034,0.00846090346950706,1,0.0194965535253049,1,0.0109717451474905
"best_ktsp_vs_each_classifier","macro_f1","tier1_main","P1_psd_bandpower_from_derivatives","PSD_ABSOLUTE_CHANNEL_BAND","single_condition","single_condition","ds006036__EO_or_photomark","AD_vs_CN","kTSP_k5_disjoint","xgboost_shallow","classic_fast",20,0.138024196262973,0.138804357407299,0.120109451476886,0.155730012169418,9.56917315706463e-05,6.16494706640517e-12,0.0496898731631834,0.00029443609714045,2.84820554467919e-09,5.34295412421781e-11
"best_ktsp_vs_each_classifier","mcc","tier1_main","P1_psd_bandpower_from_derivatives","PSD_ABSOLUTE_CHANNEL_BAND","single_condition","single_condition","ds006036__EO_or_photomark","AD_vs_CN","kTSP_k5_disjoint","xgboost_shallow","classic_fast",20,0.275061641656199,0.28147505200389,0.234957080244188,0.314313519641048,9.56917315706463e-05,4.25542652948484e-11,0.0496898731631834,0.000324133170225704,1.97451790968097e-08,3.81520999195193e-10
"best_ktsp_vs_each_classifier","balanced_accuracy","tier1_main","P1_psd_bandpower_from_derivatives","PSD_ABSOLUTE_CHANNEL_BAND","single_condition","single_condition","ds006036__EO_or_photomark","AD_vs_CN","kTSP_k5_disjoint","xgboost_shallow","classic_fast",20,0.137083333333333,0.138809523809524,0.119427976190476,0.155143005952381,9.56917315706463e-05,9.27943469862972e-12,0.0490829590524173,0.000299071327167016,4.25926052667104e-09,7.65921594172612e-11
"best_ktsp_vs_each_classifier","macro_f1","tier1_main","P1_psd_bandpower_from_derivatives","PSD_ABSOLUTE_CHANNEL_BAND","single_condition","single_condition","ds006036__EO_or_photomark","AD_vs_CN","kTSP_k5_disjoint","ranger_rf","classic_fast",20,0.107146349565467,0.0997728252140017,0.0932353687978688,0.122136002335083,9.56917315706463e-05,1.97558713373943e-11,0.0496898731631834,0.00029443609714045,9.0086773298518e-09,1.58046970699154e-10
"best_ktsp_vs_each_classifier","mcc","tier1_main","P1_psd_bandpower_from_derivatives","PSD_ABSOLUTE_CHANNEL_BAND","single_condition","single_condition","ds006036__EO_or_photomark","AD_vs_CN","kTSP_k5_disjoint","ranger_rf","classic_fast",20,0.214130190907629,0.204093154362026,0.182261794984873,0.247332813271932,9.56917315706463e-05,1.34925165561168e-10,0.0496898731631834,0.000324133170225704,6.15258754958926e-08,1.07940132448934e-09
"best_ktsp_vs_each_classifier","balanced_accuracy","tier1_main","P1_psd_bandpower_from_derivatives","PSD_ABSOLUTE_CHANNEL_BAND","single_condition","single_condition","ds006036__EO_or_photomark","AD_vs_CN","kTSP_k5_disjoint","ranger_rf","classic_fast",20,0.106214285714286,0.101428571428571,0.0915651785714286,0.121321875,9.56917315706463e-05,3.3618498953907e-11,0.0490829590524173,0.000299071327167016,1.5161943028212e-08,2.49737420800452e-10
"best_ktsp_vs_each_classifier","macro_f1","tier1_main","P1_psd_bandpower_from_derivatives","PSD_ABSOLUTE_CHANNEL_BAND","single_condition","single_condition","ds006036__EO_or_photomark","AD_vs_CN","kTSP_k5_disjoint","glmnet_elasticnet","classic_fast",20,0.0833185306695369,0.0755234643237739,0.0601427031549032,0.106040375293781,0.00011157661051997,1.21062326665257e-06,0.0496898731631834,0.000297537628053339,0.000375293212662296,2.9835265339305e-06
"best_ktsp_vs_each_classifier","mcc","tier1_main","P1_psd_bandpower_from_derivatives","PSD_ABSOLUTE_CHANNEL_BAND","single_condition","single_condition","ds006036__EO_or_photomark","AD_vs_CN","kTSP_k5_disjoint","glmnet_elasticnet","classic_fast",20,0.120537113461531,0.111443938740199,0.0812198869894445,0.158921034933604,0.00023574535856441,1.10067747945299e-05,0.0688376447008077,0.000515073892661736,0.00303786984329025,2.33613179312472e-05
"best_ktsp_vs_each_classifier","balanced_accuracy","tier1_main","P1_psd_bandpower_from_derivatives","PSD_ABSOLUTE_CHANNEL_BAND","single_condition","single_condition","ds006036__EO_or_photomark","AD_vs_CN","kTSP_k5_disjoint","glmnet_elasticnet","classic_fast",20,0.0760595238095238,0.0675595238095238,0.0565052083333333,0.096244494047619,0.000111422865463284,6.63460389717183e-07,0.0490829590524173,0.000299071327167016,0.00020500926042261,1.6273556728912e-06
"best_ktsp_vs_each_classifier","macro_f1","tier1_main","P1_psd_bandpower_from_derivatives","PSD_ABSOLUTE_CHANNEL_BAND","single_condition","single_condition","ds006036__EO_or_photomark","AD_vs_CN","kTSP_k5_disjoint","knn_euclidean","classic_fast",20,0.110258155243449,0.123487900987901,0.088818531019634,0.130665857426887,9.56917315706463e-05,6.19788802988269e-09,0.0496898731631834,0.00029443609714045,2.46675943589331e-06,2.62024534596667e-08
"best_ktsp_vs_each_classifier","mcc","tier1_main","P1_psd_bandpower_from_derivatives","PSD_ABSOLUTE_CHANNEL_BAND","single_condition","single_condition","ds006036__EO_or_photomark","AD_vs_CN","kTSP_k5_disjoint","knn_euclidean","classic_fast",20,0.217289787078278,0.252667815455266,0.171963106652917,0.260139800422274,0.00011157661051997,1.29116672207875e-08,0.0496898731631834,0.000324133170225704,5.1775785555358e-06,5.59505579567459e-08
"best_ktsp_vs_each_classifier","balanced_accuracy","tier1_main","P1_psd_bandpower_from_derivatives","PSD_ABSOLUTE_CHANNEL_BAND","single_condition","single_condition","ds006036__EO_or_photomark","AD_vs_CN","kTSP_k5_disjoint","knn_euclidean","classic_fast",20,0.107363095238095,0.122797619047619,0.0855886904761905,0.128226636904762,9.56917315706463e-05,8.89140599151538e-09,0.0490829590524173,0.000299071327167016,3.44986552470797e-06,3.47600501758755e-08
"best_ktsp_vs_each_classifier","macro_f1","tier1_main","P1_psd_bandpower_from_derivatives","PSD_ABSOLUTE_CHANNEL_BAND","single_condition","single_condition","ds006036__EO_or_photomark","AD_vs_CN","kTSP_k5_disjoint","xgboost_default","classic_fast",20,0.138024196262973,0.138804357407299,0.120183619947949,0.155505738801317,9.56917315706463e-05,6.16494706640517e-12,0.0496898731631834,0.00029443609714045,2.84820554467919e-09,5.34295412421781e-11
"best_ktsp_vs_each_classifier","mcc","tier1_main","P1_psd_bandpower_from_derivatives","PSD_ABSOLUTE_CHANNEL_BAND","single_condition","single_condition","ds006036__EO_or_photomark","AD_vs_CN","kTSP_k5_disjoint","xgboost_default","classic_fast",20,0.275061641656199,0.28147505200389,0.23604163817901,0.313091982660473,9.56917315706463e-05,4.25542652948484e-11,0.0496898731631834,0.000324133170225704,1.97451790968097e-08,3.81520999195193e-10
"best_ktsp_vs_each_classifier","balanced_accuracy","tier1_main","P1_psd_bandpower_from_derivatives","PSD_ABSOLUTE_CHANNEL_BAND","single_condition","single_condition","ds006036__EO_or_photomark","AD_vs_CN","kTSP_k5_disjoint","xgboost_default","classic_fast",20,0.137083333333333,0.138809523809524,0.119160416666667,0.15480505952381,9.56917315706463e-05,9.27943469862972e-12,0.0490829590524173,0.000299071327167016,4.25926052667104e-09,7.65921594172612e-11
"best_ktsp_vs_each_classifier","macro_f1","tier1_main","P1_psd_bandpower_from_derivatives","PSD_ABSOLUTE_CHANNEL_BAND","single_condition","single_condition","ds006036__EO_or_photomark","AD_vs_CN","kTSP_k5_disjoint","svm_linear_liblinear","classic_fast",20,0.0802697962512204,0.0828496503496504,0.0596723330966848,0.0999263092879772,0.00011157661051997,2.87246790158977e-07,0.0496898731631834,0.000297537628053339,9.47914407524626e-05,7.82033145982556e-07
"best_ktsp_vs_each_classifier","mcc","tier1_main","P1_psd_bandpower_from_derivatives","PSD_ABSOLUTE_CHANNEL_BAND","single_condition","single_condition","ds006036__EO_or_photomark","AD_vs_CN","kTSP_k5_disjoint","svm_linear_liblinear","classic_fast",20,0.148938337171702,0.155196480443726,0.10846909425772,0.187253225751293,0.000151093078387232,9.7697317359381e-07,0.0496898731631834,0.000372362088916532,0.000318493254591582,2.60526179625016e-06
"best_ktsp_vs_each_classifier","balanced_accuracy","tier1_main","P1_psd_bandpower_from_derivatives","PSD_ABSOLUTE_CHANNEL_BAND","single_condition","single_condition","ds006036__EO_or_photomark","AD_vs_CN","kTSP_k5_disjoint","svm_linear_liblinear","classic_fast",20,0.0745297619047619,0.085,0.0555763392857143,0.0937979166666666,0.000151093078387232,4.97259630842435e-07,0.0490829590524173,0.000335762396416189,0.000155642264453682,1.24314907710609e-06
"best_ktsp_vs_each_classifier","macro_f1","tier1_main","P1_psd_bandpower_from_derivatives","PSD_ABSOLUTE_CHANNEL_BAND","single_condition","single_condition","ds006036__EO_or_photomark","AD_vs_CN","kTSP_k5_disjoint","glmnet_lasso","classic_fast",20,0.0973308680483603,0.107266736531442,0.0753375323818338,0.117658425443236,0.00011157661051997,7.37937062341164e-08,0.0496898731631834,0.000297537628053339,2.60491783006431e-05,2.28409090724646e-07
"best_ktsp_vs_each_classifier","mcc","tier1_main","P1_psd_bandpower_from_derivatives","PSD_ABSOLUTE_CHANNEL_BAND","single_condition","single_condition","ds006036__EO_or_photomark","AD_vs_CN","kTSP_k5_disjoint","glmnet_lasso","classic_fast",20,0.143379080313255,0.16902752905176,0.0995770913179137,0.183470686820492,0.00023574535856441,3.96425020515909e-06,0.0688376447008077,0.000515073892661736,0.00116945381052193,9.12128365788818e-06
"best_ktsp_vs_each_classifier","balanced_accuracy","tier1_main","P1_psd_bandpower_from_derivatives","PSD_ABSOLUTE_CHANNEL_BAND","single_condition","single_condition","ds006036__EO_or_photomark","AD_vs_CN","kTSP_k5_disjoint","glmnet_lasso","classic_fast",20,0.0895238095238095,0.102738095238095,0.0686900297619048,0.109786458333333,0.00011157661051997,8.39935193253031e-08,0.0490829590524173,0.000299071327167016,2.91457512058802e-05,2.51015115225044e-07
"best_ktsp_vs_each_classifier","macro_f1","tier1_main","P1_psd_bandpower_from_derivatives","PSD_ABSOLUTE_CHANNEL_BAND","single_condition","single_condition","ds006036__EO_or_photomark","AD_vs_CN","kTSP_k5_disjoint","majority","classic_fast",20,0.414542338251704,0.406072699230594,0.403572709045126,0.425759586954798,9.56917315706463e-05,1.34701754096819e-24,0.0496898731631834,0.00029443609714045,6.80243858188935e-22,4.37780700814661e-23
"best_ktsp_vs_each_classifier","mcc","tier1_main","P1_psd_bandpower_from_derivatives","PSD_ABSOLUTE_CHANNEL_BAND","single_condition","single_condition","ds006036__EO_or_photomark","AD_vs_CN","kTSP_k5_disjoint","majority","classic_fast",20,0.568090701693952,0.5508957307152,0.545804097046486,0.592595799861935,9.56917315706463e-05,4.90201915578737e-21,0.0496898731631834,0.000324133170225704,2.46571563536105e-18,1.41613886722746e-19
"best_ktsp_vs_each_classifier","balanced_accuracy","tier1_main","P1_psd_bandpower_from_derivatives","PSD_ABSOLUTE_CHANNEL_BAND","single_condition","single_condition","ds006036__EO_or_photomark","AD_vs_CN","kTSP_k5_disjoint","majority","classic_fast",20,0.27772619047619,0.267797619047619,0.267255505952381,0.288875892857143,9.56917315706463e-05,2.03050863555186e-21,0.0490829590524173,0.000299071327167016,1.02540686095369e-18,6.59915306554356e-20
"best_ktsp_vs_each_classifier","macro_f1","tier1_main","P1_psd_bandpower_from_derivatives","PSD_ABSOLUTE_CHANNEL_BAND","single_condition","single_condition","ds006036__EO_or_photomark","AD_vs_FTD","kTSP_CV_disjoint","ranger_rf","classic_fast",20,0.036098966264214,0.0319079449961802,0.00481779651269784,0.066400386150657,0.045792839376136,0.0381806941028029,1,0.0558973626187576,1,0.0469360778568736
"best_ktsp_vs_each_classifier","mcc","tier1_main","P1_psd_bandpower_from_derivatives","PSD_ABSOLUTE_CHANNEL_BAND","single_condition","single_condition","ds006036__EO_or_photomark","AD_vs_FTD","kTSP_CV_disjoint","ranger_rf","classic_fast",20,0.0803710730040213,0.0746687143149116,0.0158296807936138,0.146217796369371,0.0382688764522296,0.0285361131083425,1,0.0483005236775714,1,0.0364589160106587
"best_ktsp_vs_each_classifier","balanced_accuracy","tier1_main","P1_psd_bandpower_from_derivatives","PSD_ABSOLUTE_CHANNEL_BAND","single_condition","single_condition","ds006036__EO_or_photomark","AD_vs_FTD","kTSP_CV_disjoint","ranger_rf","classic_fast",20,0.0342678571428571,0.0392857142857143,0.00812321428571426,0.0602339285714286,0.0239066271188815,0.0200156743074781,1,0.029883283898602,1,0.0249595938606442
"best_ktsp_vs_each_classifier","macro_f1","tier1_main","P1_psd_bandpower_from_derivatives","PSD_ABSOLUTE_CHANNEL_BAND","single_condition","single_condition","ds006036__EO_or_photomark","AD_vs_FTD","kTSP_CV_disjoint","xgboost_default","classic_fast",20,0.0272472810557176,0.00930965276553514,-0.00103553560410177,0.0594140137146135,0.197753933820609,0.099286510159305,1,0.226004495794981,1,0.115760056687979
"best_ktsp_vs_each_classifier","mcc","tier1_main","P1_psd_bandpower_from_derivatives","PSD_ABSOLUTE_CHANNEL_BAND","single_condition","single_condition","ds006036__EO_or_photomark","AD_vs_FTD","kTSP_CV_disjoint","xgboost_default","classic_fast",20,0.0757271762149472,0.0438603859531543,0.0144461782548943,0.147171074443598,0.0545262210772923,0.0443521132268825,1,0.0676697731746826,1,0.0547817075486435
"best_ktsp_vs_each_classifier","balanced_accuracy","tier1_main","P1_psd_bandpower_from_derivatives","PSD_ABSOLUTE_CHANNEL_BAND","single_condition","single_condition","ds006036__EO_or_photomark","AD_vs_FTD","kTSP_CV_disjoint","xgboost_default","classic_fast",20,0.0329821428571429,0.0182142857142858,0.00451651785714285,0.0658933035714286,0.0731130638672215,0.055193326158819,1,0.0866031736012646,1,0.0653770605981455
"best_ktsp_vs_each_classifier","macro_f1","tier1_main","P1_psd_bandpower_from_derivatives","PSD_ABSOLUTE_CHANNEL_BAND","single_condition","single_condition","ds006036__EO_or_photomark","AD_vs_FTD","kTSP_CV_disjoint","glmnet_ridge","classic_fast",20,0.154579941085746,0.145338732904522,0.136880266618057,0.172642146985926,9.56917315706463e-05,8.22454357857705e-13,0.0496898731631834,0.00029443609714045,3.88198456908837e-10,8.72808706297973e-12
"best_ktsp_vs_each_classifier","mcc","tier1_main","P1_psd_bandpower_from_derivatives","PSD_ABSOLUTE_CHANNEL_BAND","single_condition","single_condition","ds006036__EO_or_photomark","AD_vs_FTD","kTSP_CV_disjoint","glmnet_ridge","classic_fast",20,0.132845184722163,0.116003879373304,0.0912348922995431,0.178291192772307,0.000151093078387232,1.26655368612976e-05,0.0496898731631834,0.000372362088916532,0.00343236048941166,2.63443166714991e-05
"best_ktsp_vs_each_classifier","balanced_accuracy","tier1_main","P1_psd_bandpower_from_derivatives","PSD_ABSOLUTE_CHANNEL_BAND","single_condition","single_condition","ds006036__EO_or_photomark","AD_vs_FTD","kTSP_CV_disjoint","glmnet_ridge","classic_fast",20,0.0566964285714286,0.0519642857142857,0.0411071428571429,0.073340625,0.000151093078387232,2.4357247361203e-06,0.0490829590524173,0.000335762396416189,0.000696617274530407,5.38968877779812e-06
"best_ktsp_vs_each_classifier","macro_f1","tier1_main","P1_psd_bandpower_from_derivatives","PSD_ABSOLUTE_CHANNEL_BAND","single_condition","single_condition","ds006036__EO_or_photomark","AD_vs_FTD","kTSP_CV_disjoint","glmnet_lasso","classic_fast",20,0.0861125044975664,0.0790510023172562,0.0631675846835483,0.110273126121385,0.000151093078387232,1.82045247419583e-06,0.0496898731631834,0.000358759820828257,0.000553417552155533,4.36237459254301e-06
"best_ktsp_vs_each_classifier","mcc","tier1_main","P1_psd_bandpower_from_derivatives","PSD_ABSOLUTE_CHANNEL_BAND","single_condition","single_condition","ds006036__EO_or_photomark","AD_vs_FTD","kTSP_CV_disjoint","glmnet_lasso","classic_fast",20,0.0783448660391875,0.0487242292120849,0.0299402971492068,0.132513204783461,0.00607045578069321,0.00781269908582484,0.928779734446061,0.00857781795097953,1,0.0106350877608087
"best_ktsp_vs_each_classifier","balanced_accuracy","tier1_main","P1_psd_bandpower_from_derivatives","PSD_ABSOLUTE_CHANNEL_BAND","single_condition","single_condition","ds006036__EO_or_photomark","AD_vs_FTD","kTSP_CV_disjoint","glmnet_lasso","classic_fast",20,0.0365535714285714,0.0223214285714286,0.0187303571428571,0.0565736607142857,0.0010177945092289,0.00147326594076346,0.199487723808864,0.00162847121476624,0.219516625173756,0.00205940400321774
"best_ktsp_vs_each_classifier","macro_f1","tier1_main","P1_psd_bandpower_from_derivatives","PSD_ABSOLUTE_CHANNEL_BAND","single_condition","single_condition","ds006036__EO_or_photomark","AD_vs_FTD","kTSP_CV_disjoint","sda_shrinklda","classic_fast",20,0.0505285569263898,0.0378371465136171,0.0162851379152753,0.0820319089203281,0.00946954016958812,0.00830172918290337,1,0.0125937618623678,1,0.0107922479377744
"best_ktsp_vs_each_classifier","mcc","tier1_main","P1_psd_bandpower_from_derivatives","PSD_ABSOLUTE_CHANNEL_BAND","single_condition","single_condition","ds006036__EO_or_photomark","AD_vs_FTD","kTSP_CV_disjoint","sda_shrinklda","classic_fast",20,0.0916918717936311,0.0779167086291945,0.0231423274697113,0.160164946849238,0.0196328327501722,0.0202925303550866,1,0.0257804874497211,1,0.0264464054753008
"best_ktsp_vs_each_classifier","balanced_accuracy","tier1_main","P1_psd_bandpower_from_derivatives","PSD_ABSOLUTE_CHANNEL_BAND","single_condition","single_condition","ds006036__EO_or_photomark","AD_vs_FTD","kTSP_CV_disjoint","sda_shrinklda","classic_fast",20,0.0411607142857143,0.0341071428571428,0.0113924107142857,0.0700727678571428,0.00944202256150417,0.0131281242709314,1,0.0123363108843773,1,0.0168558632614428
"best_ktsp_vs_each_classifier","macro_f1","tier1_main","P1_psd_bandpower_from_derivatives","PSD_ABSOLUTE_CHANNEL_BAND","single_condition","single_condition","ds006036__EO_or_photomark","AD_vs_FTD","kTSP_CV_disjoint","xgboost_shallow","classic_fast",20,0.0272472810557176,0.00930965276553514,-0.00110282678385424,0.0612033266108246,0.197753933820609,0.099286510159305,1,0.226004495794981,1,0.115760056687979
"best_ktsp_vs_each_classifier","mcc","tier1_main","P1_psd_bandpower_from_derivatives","PSD_ABSOLUTE_CHANNEL_BAND","single_condition","single_condition","ds006036__EO_or_photomark","AD_vs_FTD","kTSP_CV_disjoint","xgboost_shallow","classic_fast",20,0.0757271762149472,0.0438603859531543,0.0136041298359803,0.147981212777934,0.0545262210772923,0.0443521132268825,1,0.0676697731746826,1,0.0547817075486435
"best_ktsp_vs_each_classifier","balanced_accuracy","tier1_main","P1_psd_bandpower_from_derivatives","PSD_ABSOLUTE_CHANNEL_BAND","single_condition","single_condition","ds006036__EO_or_photomark","AD_vs_FTD","kTSP_CV_disjoint","xgboost_shallow","classic_fast",20,0.0329821428571429,0.0182142857142858,0.00373169642857143,0.0661258928571429,0.0731130638672215,0.055193326158819,1,0.0866031736012646,1,0.0653770605981455
"best_ktsp_vs_each_classifier","macro_f1","tier1_main","P1_psd_bandpower_from_derivatives","PSD_ABSOLUTE_CHANNEL_BAND","single_condition","single_condition","ds006036__EO_or_photomark","AD_vs_FTD","kTSP_CV_disjoint","majority","classic_fast",20,0.152004470546653,0.142828228702842,0.134481796167584,0.169878640123851,9.56917315706463e-05,9.76593794683224e-13,0.0496898731631834,0.00029443609714045,4.58999083501115e-10,9.95742692618189e-12
"best_ktsp_vs_each_classifier","mcc","tier1_main","P1_psd_bandpower_from_derivatives","PSD_ABSOLUTE_CHANNEL_BAND","single_condition","single_condition","ds006036__EO_or_photomark","AD_vs_FTD","kTSP_CV_disjoint","majority","classic_fast",20,0.108913412718671,0.0837438053429331,0.0677460967311805,0.153563636116195,0.000315046961090193,0.000133087283801242,0.0856927734165254,0.000630093922180386,0.029146115152472,0.000229156912505449
"best_ktsp_vs_each_classifier","balanced_accuracy","tier1_main","P1_psd_bandpower_from_derivatives","PSD_ABSOLUTE_CHANNEL_BAND","single_condition","single_condition","ds006036__EO_or_photomark","AD_vs_FTD","kTSP_CV_disjoint","majority","classic_fast",20,0.0485892857142857,0.0428571428571429,0.0325870535714286,0.0654133928571428,0.000272706565159098,1.78125634064911e-05,0.0697269543759944,0.000513794977835981,0.0043997031614033,3.38048648590342e-05
"best_ktsp_vs_each_classifier","macro_f1","tier1_main","P1_psd_bandpower_from_derivatives","PSD_ABSOLUTE_CHANNEL_BAND","single_condition","single_condition","ds006036__EO_or_photomark","AD_vs_FTD","kTSP_CV_disjoint","glmnet_elasticnet","classic_fast",20,0.118478308241466,0.124717453169466,0.099159093511193,0.137479144132656,9.56917315706463e-05,3.17858486728283e-10,0.0496898731631834,0.00029443609714045,1.3890415870026e-07,1.96769539403223e-09
"best_ktsp_vs_each_classifier","mcc","tier1_main","P1_psd_bandpower_from_derivatives","PSD_ABSOLUTE_CHANNEL_BAND","single_condition","single_condition","ds006036__EO_or_photomark","AD_vs_FTD","kTSP_CV_disjoint","glmnet_elasticnet","classic_fast",20,0.124071599025055,0.127114299090731,0.0731737366935317,0.17526459545832,0.000635624201131391,0.000246962935605328,0.147464814662483,0.00113193350886419,0.0523561423483296,0.000415601056682106
"best_ktsp_vs_each_classifier","balanced_accuracy","tier1_main","P1_psd_bandpower_from_derivatives","PSD_ABSOLUTE_CHANNEL_BAND","single_condition","single_condition","ds006036__EO_or_photomark","AD_vs_FTD","kTSP_CV_disjoint","glmnet_elasticnet","classic_fast",20,0.0552857142857143,0.0508928571428571,0.0346419642857143,0.0778450892857142,0.000553830376860853,7.34943042351205e-05,0.121288852532527,0.000944235396615341,0.0158012754105509,0.000124892281706741
"best_ktsp_vs_each_classifier","macro_f1","tier1_main","P1_psd_bandpower_from_derivatives","PSD_ABSOLUTE_CHANNEL_BAND","single_condition","single_condition","ds006036__EO_or_photomark","AD_vs_FTD","kTSP_CV_disjoint","knn_euclidean","classic_fast",20,0.0161492292107617,0.0264389368801133,-0.0113578366916022,0.041395672635543,0.211064231877061,0.267093406058197,1,0.239114162475102,1,0.296770451175774
"best_ktsp_vs_each_classifier","mcc","tier1_main","P1_psd_bandpower_from_derivatives","PSD_ABSOLUTE_CHANNEL_BAND","single_condition","single_condition","ds006036__EO_or_photomark","AD_vs_FTD","kTSP_CV_disjoint","knn_euclidean","classic_fast",20,0.0349583798964051,0.039030771322737,-0.0200285350898613,0.0877714808284191,0.225010647054924,0.227213111802215,1,0.257721445965992,1,0.257971218640069
"best_ktsp_vs_each_classifier","balanced_accuracy","tier1_main","P1_psd_bandpower_from_derivatives","PSD_ABSOLUTE_CHANNEL_BAND","single_condition","single_condition","ds006036__EO_or_photomark","AD_vs_FTD","kTSP_CV_disjoint","knn_euclidean","classic_fast",20,0.0149285714285714,0.0255357142857143,-0.009071875,0.0368419642857143,0.211064231877061,0.224418024860542,1,0.237048381373805,1,0.252046161830414
"best_ktsp_vs_each_classifier","macro_f1","tier1_main","P1_psd_bandpower_from_derivatives","PSD_ABSOLUTE_CHANNEL_BAND","single_condition","single_condition","ds006036__EO_or_photomark","AD_vs_FTD","kTSP_CV_disjoint","svm_linear_liblinear","classic_fast",20,0.00127575834038682,-0.00133197684668279,-0.0271146847422873,0.0308924123788577,1,0.934497574415561,1,1,1,0.941741741659093
"best_ktsp_vs_each_classifier","mcc","tier1_main","P1_psd_bandpower_from_derivatives","PSD_ABSOLUTE_CHANNEL_BAND","single_condition","single_condition","ds006036__EO_or_photomark","AD_vs_FTD","kTSP_CV_disjoint","svm_linear_liblinear","classic_fast",20,0.0244127292637223,-0.0087908988510474,-0.0395489633687238,0.09249063762176,0.750994967158646,0.489935338623113,1,0.776376506804167,1,0.527466617151177
"best_ktsp_vs_each_classifier","balanced_accuracy","tier1_main","P1_psd_bandpower_from_derivatives","PSD_ABSOLUTE_CHANNEL_BAND","single_condition","single_condition","ds006036__EO_or_photomark","AD_vs_FTD","kTSP_CV_disjoint","svm_linear_liblinear","classic_fast",20,0.00780357142857144,-0.00321428571428573,-0.0211625,0.0375366071428571,0.640744318210405,0.615243943697081,1,0.674467703379374,1,0.646316870146428
"best_ktsp_vs_each_classifier","macro_f1","tier1_main","P1_psd_bandpower_from_derivatives","PSD_ABSOLUTE_CHANNEL_BAND","single_condition","single_condition","ds006036__EO_or_photomark","CN_vs_FTD","kTSP_k3_disjoint","glmnet_elasticnet","classic_fast",20,0.0607563547563547,0.064090909090909,0.0324042096792097,0.0846150058275058,0.00108844053343016,0.000257512959841903,0.211157463485451,0.00170993678967885,0.0502150271691712,0.000410026285028059
"best_ktsp_vs_each_classifier","mcc","tier1_main","P1_psd_bandpower_from_derivatives","PSD_ABSOLUTE_CHANNEL_BAND","single_condition","single_condition","ds006036__EO_or_photomark","CN_vs_FTD","kTSP_k3_disjoint","glmnet_elasticnet","classic_fast",20,0.116570687920984,0.113598495936249,0.0641628925479075,0.163367883309496,0.00108844053343016,0.000319605084236233,0.228572512020333,0.00179110467526482,0.0664778575211364,0.000530973302884476
"best_ktsp_vs_each_classifier","balanced_accuracy","tier1_main","P1_psd_bandpower_from_derivatives","PSD_ABSOLUTE_CHANNEL_BAND","single_condition","single_condition","ds006036__EO_or_photomark","CN_vs_FTD","kTSP_k3_disjoint","glmnet_elasticnet","classic_fast",20,0.06125,0.06,0.0342458333333333,0.08425,0.00108734700464752,0.000167652769206064,0.212032665906267,0.00173085344765652,0.0331952483028007,0.000269905386957131
"best_ktsp_vs_each_classifier","macro_f1","tier1_main","P1_psd_bandpower_from_derivatives","PSD_ABSOLUTE_CHANNEL_BAND","single_condition","single_condition","ds006036__EO_or_photomark","CN_vs_FTD","kTSP_k3_disjoint","glmnet_lasso","classic_fast",20,0.0328789853936913,0.039450826950827,0.0145984872970167,0.0504074864269717,0.00381238961812724,0.00204199227148391,0.590920390809723,0.00534351105505717,0.300172863908134,0.00283913363949634
"best_ktsp_vs_each_classifier","mcc","tier1_main","P1_psd_bandpower_from_derivatives","PSD_ABSOLUTE_CHANNEL_BAND","single_condition","single_condition","ds006036__EO_or_photomark","CN_vs_FTD","kTSP_k3_disjoint","glmnet_lasso","classic_fast",20,0.064238352457395,0.0582546513182091,0.0296920098381714,0.0980072486420678,0.00381238961812724,0.00167102353788371,0.63666906622725,0.00555306050819654,0.275718883750812,0.00244082089803239
"best_ktsp_vs_each_classifier","balanced_accuracy","tier1_main","P1_psd_bandpower_from_derivatives","PSD_ABSOLUTE_CHANNEL_BAND","single_condition","single_condition","ds006036__EO_or_photomark","CN_vs_FTD","kTSP_k3_disjoint","glmnet_lasso","classic_fast",20,0.0346666666666667,0.0433333333333333,0.018,0.0505,0.00299543697166604,0.000713630493295873,0.476274478494901,0.00424778773322715,0.120979292044641,0.00104972708845151
"best_ktsp_vs_each_classifier","macro_f1","tier1_main","P1_psd_bandpower_from_derivatives","PSD_ABSOLUTE_CHANNEL_BAND","single_condition","single_condition","ds006036__EO_or_photomark","CN_vs_FTD","kTSP_k3_disjoint","sda_shrinklda","classic_fast",20,0.0764807414807415,0.0860914085914085,0.0486526279276279,0.104050959457209,0.000728541800169902,4.59569695063105e-05,0.150079610835,0.00119508434097271,0.0104322320779325,8.11007085556695e-05
"best_ktsp_vs_each_classifier","mcc","tier1_main","P1_psd_bandpower_from_derivatives","PSD_ABSOLUTE_CHANNEL_BAND","single_condition","single_condition","ds006036__EO_or_photomark","CN_vs_FTD","kTSP_k3_disjoint","sda_shrinklda","classic_fast",20,0.149126203069941,0.172177370132507,0.097388269471815,0.199283648181678,0.000553830376860853,2.31510572336769e-05,0.130703968939161,0.000999971513776541,0.00606668635415181,4.64808871100848e-05
"best_ktsp_vs_each_classifier","balanced_accuracy","tier1_main","P1_psd_bandpower_from_derivatives","PSD_ABSOLUTE_CHANNEL_BAND","single_condition","single_condition","ds006036__EO_or_photomark","CN_vs_FTD","kTSP_k3_disjoint","sda_shrinklda","classic_fast",20,0.0724166666666667,0.0808333333333333,0.04558125,0.0974166666666667,0.00083220165617548,4.07234395451398e-05,0.171433541172149,0.00136799203048713,0.00908132701856618,7.1061035447895e-05
"best_ktsp_vs_each_classifier","macro_f1","tier1_main","P1_psd_bandpower_from_derivatives","PSD_ABSOLUTE_CHANNEL_BAND","single_condition","single_condition","ds006036__EO_or_photomark","CN_vs_FTD","kTSP_k3_disjoint","ranger_rf","classic_fast",20,0.12180241980242,0.141159396159396,0.0956089105339105,0.146291326728827,0.00011157661051997,2.08487518804544e-08,0.0496898731631834,0.000297537628053339,7.83913070705086e-06,7.47679377781813e-08
"best_ktsp_vs_each_classifier","mcc","tier1_main","P1_psd_bandpower_from_derivatives","PSD_ABSOLUTE_CHANNEL_BAND","single_condition","single_condition","ds006036__EO_or_photomark","CN_vs_FTD","kTSP_k3_disjoint","ranger_rf","classic_fast",20,0.241497575406878,0.256273028197574,0.194840128113289,0.284978029622076,0.00011157661051997,3.98643613479915e-09,0.0496898731631834,0.000324133170225704,1.67430317661564e-06,2.05242256445105e-08
"best_ktsp_vs_each_classifier","balanced_accuracy","tier1_main","P1_psd_bandpower_from_derivatives","PSD_ABSOLUTE_CHANNEL_BAND","single_condition","single_condition","ds006036__EO_or_photomark","CN_vs_FTD","kTSP_k3_disjoint","ranger_rf","classic_fast",20,0.121333333333333,0.136666666666667,0.0959958333333333,0.1435,0.000111422865463284,8.95739754532178e-09,0.0490829590524173,0.000299071327167016,3.46651285003953e-06,3.47600501758755e-08
"best_ktsp_vs_each_classifier","macro_f1","tier1_main","P1_psd_bandpower_from_derivatives","PSD_ABSOLUTE_CHANNEL_BAND","single_condition","single_condition","ds006036__EO_or_photomark","CN_vs_FTD","kTSP_k3_disjoint","svm_linear_liblinear","classic_fast",20,0.112798701298701,0.119623987123987,0.0828204337329337,0.140751780858031,0.000129926100333799,5.60186186898698e-07,0.0496898731631834,0.000329568644749149,0.000179259579807583,1.44923789645434e-06
"best_ktsp_vs_each_classifier","mcc","tier1_main","P1_psd_bandpower_from_derivatives","PSD_ABSOLUTE_CHANNEL_BAND","single_condition","single_condition","ds006036__EO_or_photomark","CN_vs_FTD","kTSP_k3_disjoint","svm_linear_liblinear","classic_fast",20,0.21946601235717,0.184104021701791,0.167689880359252,0.270795412639967,0.00011157661051997,1.68386924154844e-07,0.0496898731631834,0.000324133170225704,6.01141319232793e-05,5.33909759515359e-07
"best_ktsp_vs_each_classifier","balanced_accuracy","tier1_main","P1_psd_bandpower_from_derivatives","PSD_ABSOLUTE_CHANNEL_BAND","single_condition","single_condition","ds006036__EO_or_photomark","CN_vs_FTD","kTSP_k3_disjoint","svm_linear_liblinear","classic_fast",20,0.1135,0.101666666666667,0.0879166666666667,0.139,0.00011157661051997,1.16942213719769e-07,0.0490829590524173,0.000299071327167016,3.97603526647215e-05,3.35966580852376e-07
"best_ktsp_vs_each_classifier","macro_f1","tier1_main","P1_psd_bandpower_from_derivatives","PSD_ABSOLUTE_CHANNEL_BAND","single_condition","single_condition","ds006036__EO_or_photomark","CN_vs_FTD","kTSP_k3_disjoint","xgboost_default","classic_fast",20,0.14234262959263,0.156330891330891,0.111911893661894,0.173026872433122,9.56917315706463e-05,3.33743861921968e-08,0.0496898731631834,0.00029443609714045,1.22483997325362e-05,1.11965682709305e-07
"best_ktsp_vs_each_classifier","mcc","tier1_main","P1_psd_bandpower_from_derivatives","PSD_ABSOLUTE_CHANNEL_BAND","single_condition","single_condition","ds006036__EO_or_photomark","CN_vs_FTD","kTSP_k3_disjoint","xgboost_default","classic_fast",20,0.285572509805515,0.304391269082304,0.229466899820957,0.343041836167882,9.56917315706463e-05,1.09853537601349e-08,0.0496898731631834,0.000324133170225704,4.46005362661478e-06,4.92446892695704e-08
"best_ktsp_vs_each_classifier","balanced_accuracy","tier1_main","P1_psd_bandpower_from_derivatives","PSD_ABSOLUTE_CHANNEL_BAND","single_condition","single_condition","ds006036__EO_or_photomark","CN_vs_FTD","kTSP_k3_disjoint","xgboost_default","classic_fast",20,0.13975,0.1525,0.109666666666667,0.169916666666667,9.5423308128284e-05,2.55693947099909e-08,0.0490829590524173,0.000299071327167016,9.61409241095659e-06,9.10690770492828e-08
"best_ktsp_vs_each_classifier","macro_f1","tier1_main","P1_psd_bandpower_from_derivatives","PSD_ABSOLUTE_CHANNEL_BAND","single_condition","single_condition","ds006036__EO_or_photomark","CN_vs_FTD","kTSP_k3_disjoint","majority","classic_fast",20,0.451178212310565,0.439814825697179,0.432080081274934,0.470385906005759,9.56917315706463e-05,1.30704063358379e-20,0.0496898731631834,0.00029443609714045,6.46985113623977e-18,2.61408126716758e-19
"best_ktsp_vs_each_classifier","mcc","tier1_main","P1_psd_bandpower_from_derivatives","PSD_ABSOLUTE_CHANNEL_BAND","single_condition","single_condition","ds006036__EO_or_photomark","CN_vs_FTD","kTSP_k3_disjoint","majority","classic_fast",20,0.655529521246105,0.64225797694034,0.622570860525575,0.688304533474817,9.56917315706463e-05,2.32486738904679e-19,0.0496898731631834,0.000324133170225704,1.1577839597453e-16,5.25622192306232e-18
"best_ktsp_vs_each_classifier","balanced_accuracy","tier1_main","P1_psd_bandpower_from_derivatives","PSD_ABSOLUTE_CHANNEL_BAND","single_condition","single_condition","ds006036__EO_or_photomark","CN_vs_FTD","kTSP_k3_disjoint","majority","classic_fast",20,0.318333333333333,0.3125,0.299916666666667,0.335752083333333,9.5423308128284e-05,1.75194674365219e-18,0.0490829590524173,0.000299071327167016,8.67213638107836e-16,3.50389348730439e-17
"best_ktsp_vs_each_classifier","macro_f1","tier1_main","P1_psd_bandpower_from_derivatives","PSD_ABSOLUTE_CHANNEL_BAND","single_condition","single_condition","ds006036__EO_or_photomark","CN_vs_FTD","kTSP_k3_disjoint","knn_euclidean","classic_fast",20,0.173773493663199,0.172146464646465,0.151794338708677,0.197377824667163,9.56917315706463e-05,8.15766103609632e-12,0.0496898731631834,0.00029443609714045,3.75252407660431e-09,6.95407170290179e-11
"best_ktsp_vs_each_classifier","mcc","tier1_main","P1_psd_bandpower_from_derivatives","PSD_ABSOLUTE_CHANNEL_BAND","single_condition","single_condition","ds006036__EO_or_photomark","CN_vs_FTD","kTSP_k3_disjoint","knn_euclidean","classic_fast",20,0.327059775287717,0.333926219247287,0.287462221030089,0.369246867077292,9.56917315706463e-05,5.69115080835443e-12,0.0496898731631834,0.000324133170225704,2.69191433235165e-09,6.1654133757173e-11
"best_ktsp_vs_each_classifier","balanced_accuracy","tier1_main","P1_psd_bandpower_from_derivatives","PSD_ABSOLUTE_CHANNEL_BAND","single_condition","single_condition","ds006036__EO_or_photomark","CN_vs_FTD","kTSP_k3_disjoint","knn_euclidean","classic_fast",20,0.167416666666667,0.166666666666667,0.14725,0.188416666666667,9.5423308128284e-05,2.26043689511714e-12,0.0490829590524173,0.000299071327167016,1.0556240300197e-09,2.1767170101128e-11
"best_ktsp_vs_each_classifier","macro_f1","tier1_main","P1_psd_bandpower_from_derivatives","PSD_ABSOLUTE_CHANNEL_BAND","single_condition","single_condition","ds006036__EO_or_photomark","CN_vs_FTD","kTSP_k3_disjoint","xgboost_shallow","classic_fast",20,0.14234262959263,0.156330891330891,0.112516212259962,0.17278459040959,9.56917315706463e-05,3.33743861921968e-08,0.0496898731631834,0.00029443609714045,1.22483997325362e-05,1.11965682709305e-07
"best_ktsp_vs_each_classifier","mcc","tier1_main","P1_psd_bandpower_from_derivatives","PSD_ABSOLUTE_CHANNEL_BAND","single_condition","single_condition","ds006036__EO_or_photomark","CN_vs_FTD","kTSP_k3_disjoint","xgboost_shallow","classic_fast",20,0.285572509805515,0.304391269082304,0.22917626702301,0.342401888566473,9.56917315706463e-05,1.09853537601349e-08,0.0496898731631834,0.000324133170225704,4.46005362661478e-06,4.92446892695704e-08
"best_ktsp_vs_each_classifier","balanced_accuracy","tier1_main","P1_psd_bandpower_from_derivatives","PSD_ABSOLUTE_CHANNEL_BAND","single_condition","single_condition","ds006036__EO_or_photomark","CN_vs_FTD","kTSP_k3_disjoint","xgboost_shallow","classic_fast",20,0.13975,0.1525,0.1099125,0.169666666666667,9.5423308128284e-05,2.55693947099909e-08,0.0490829590524173,0.000299071327167016,9.61409241095659e-06,9.10690770492828e-08
"best_ktsp_vs_each_classifier","macro_f1","tier1_main","P1_psd_bandpower_from_derivatives","PSD_ABSOLUTE_CHANNEL_BAND","single_condition","single_condition","ds006036__EO_or_photomark","CN_vs_FTD","kTSP_k3_disjoint","glmnet_ridge","classic_fast",20,0.202186284303931,0.22035076035076,0.17658406397524,0.226299065068918,9.56917315706463e-05,3.37446329356579e-12,0.0496898731631834,0.00029443609714045,1.57249989480166e-09,3.19040165937129e-11
"best_ktsp_vs_each_classifier","mcc","tier1_main","P1_psd_bandpower_from_derivatives","PSD_ABSOLUTE_CHANNEL_BAND","single_condition","single_condition","ds006036__EO_or_photomark","CN_vs_FTD","kTSP_k3_disjoint","glmnet_ridge","classic_fast",20,0.326006274835465,0.334091844644388,0.28820578116906,0.363796526950471,9.56917315706463e-05,1.24763244775097e-12,0.0496898731631834,0.000324133170225704,5.9137778023396e-10,1.38035930389469e-11
"best_ktsp_vs_each_classifier","balanced_accuracy","tier1_main","P1_psd_bandpower_from_derivatives","PSD_ABSOLUTE_CHANNEL_BAND","single_condition","single_condition","ds006036__EO_or_photomark","CN_vs_FTD","kTSP_k3_disjoint","glmnet_ridge","classic_fast",20,0.178416666666667,0.193333333333333,0.15658125,0.199,9.55574483907373e-05,1.3914062677999e-12,0.0490829590524173,0.000299071327167016,6.52569539598153e-10,1.3914062677999e-11
"best_ktsp_vs_each_classifier","macro_f1","tier1_main","P1_psd_bandpower_from_derivatives","PSD_REGION_ABSOLUTE","single_condition","single_condition","ds004504__EC","AD_FTD_vs_CN","kTSP_k9_nondisjoint","svm_linear_liblinear","classic_fast",20,0.0348297463705203,0.0279289942196121,0.0210543230174446,0.050489015321647,0.000635624201131391,0.000267371659493187,0.134116706438723,0.00105262606556797,0.0513353586226919,0.000422593504366131
"best_ktsp_vs_each_classifier","mcc","tier1_main","P1_psd_bandpower_from_derivatives","PSD_REGION_ABSOLUTE","single_condition","single_condition","ds004504__EC","AD_FTD_vs_CN","kTSP_k9_nondisjoint","svm_linear_liblinear","classic_fast",20,0.0701992471950516,0.0556491585541753,0.0414544481484495,0.09922741134878,0.000635624201131391,0.000242625299858155,0.147464814662483,0.00113193350886419,0.0517829581905159,0.000409627129630652
"best_ktsp_vs_each_classifier","balanced_accuracy","tier1_main","P1_psd_bandpower_from_derivatives","PSD_REGION_ABSOLUTE","single_condition","single_condition","ds004504__EC","AD_FTD_vs_CN","kTSP_k9_nondisjoint","svm_linear_liblinear","classic_fast",20,0.0665984848484849,0.0593181818181818,0.0539090909090909,0.0801596590909091,9.56917315706463e-05,9.47482739388922e-09,0.0490829590524173,0.000299071327167016,3.65728337404124e-06,3.64956314431288e-08
"best_ktsp_vs_each_classifier","macro_f1","tier1_main","P1_psd_bandpower_from_derivatives","PSD_REGION_ABSOLUTE","single_condition","single_condition","ds004504__EC","AD_FTD_vs_CN","kTSP_k9_nondisjoint","ranger_rf","classic_fast",20,0.00850139447354101,0.00951884120426316,-0.00330506915891883,0.019812762663957,0.211064231877061,0.181043544537255,1,0.239114162475102,1,0.205103797732837
"best_ktsp_vs_each_classifier","mcc","tier1_main","P1_psd_bandpower_from_derivatives","PSD_REGION_ABSOLUTE","single_condition","single_condition","ds004504__EC","AD_FTD_vs_CN","kTSP_k9_nondisjoint","ranger_rf","classic_fast",20,0.0126052841639756,0.0133981300073193,-0.00532983203884286,0.0297129125149095,0.172995225897368,0.178319504585755,1,0.201698469656124,1,0.206517020901097
"best_ktsp_vs_each_classifier","balanced_accuracy","tier1_main","P1_psd_bandpower_from_derivatives","PSD_REGION_ABSOLUTE","single_condition","single_condition","ds004504__EC","AD_FTD_vs_CN","kTSP_k9_nondisjoint","ranger_rf","classic_fast",20,0.0457878787878788,0.0493939393939394,0.0347717803030303,0.0560304924242424,0.000129750334353806,1.0714997466585e-07,0.0490829590524173,0.000331184177321449,3.66452913357207e-05,3.11273669420346e-07
"best_ktsp_vs_each_classifier","macro_f1","tier1_main","P1_psd_bandpower_from_derivatives","PSD_REGION_ABSOLUTE","single_condition","single_condition","ds004504__EC","AD_FTD_vs_CN","kTSP_k9_nondisjoint","glmnet_elasticnet","classic_fast",20,0.0382204204575082,0.0313189958762715,0.0254978643849675,0.0522870508790894,0.000203524868067628,3.19764396636649e-05,0.0590222117396071,0.000435526466646777,0.00770632195894324,5.93848165182348e-05
"best_ktsp_vs_each_classifier","mcc","tier1_main","P1_psd_bandpower_from_derivatives","PSD_REGION_ABSOLUTE","single_condition","single_condition","ds004504__EC","AD_FTD_vs_CN","kTSP_k9_nondisjoint","glmnet_elasticnet","classic_fast",20,0.068605575295614,0.0576419854377184,0.0442267214752274,0.0967547363588733,0.00023574535856441,5.3955713665499e-05,0.0688376447008077,0.000515073892661736,0.0131112384207162,0.000100924356496617
"best_ktsp_vs_each_classifier","balanced_accuracy","tier1_main","P1_psd_bandpower_from_derivatives","PSD_REGION_ABSOLUTE","single_condition","single_condition","ds004504__EC","AD_FTD_vs_CN","kTSP_k9_nondisjoint","glmnet_elasticnet","classic_fast",20,0.0753636363636364,0.0722727272727273,0.0645604166666667,0.0870094696969697,9.56917315706463e-05,9.25066948462282e-11,0.0490829590524173,0.000299071327167016,4.08879591220329e-08,6.08904826835933e-10
"best_ktsp_vs_each_classifier","macro_f1","tier1_main","P1_psd_bandpower_from_derivatives","PSD_REGION_ABSOLUTE","single_condition","single_condition","ds004504__EC","AD_FTD_vs_CN","kTSP_k9_nondisjoint","sda_shrinklda","classic_fast",20,0.0165272170425657,0.0187088619914706,0.00708612095557882,0.0266862271364618,0.00848955537682006,0.00414369735552582,1,0.0113194071690934,0.571830235062563,0.00562590763674524
"best_ktsp_vs_each_classifier","mcc","tier1_main","P1_psd_bandpower_from_derivatives","PSD_REGION_ABSOLUTE","single_condition","single_condition","ds004504__EC","AD_FTD_vs_CN","kTSP_k9_nondisjoint","sda_shrinklda","classic_fast",20,0.0332132681934588,0.0330922022032622,0.0134402938441833,0.0542791071331032,0.00679723087226414,0.00589965981736523,1,0.00947603231522082,0.831852034248498,0.00807321869744716
"best_ktsp_vs_each_classifier","balanced_accuracy","tier1_main","P1_psd_bandpower_from_derivatives","PSD_REGION_ABSOLUTE","single_condition","single_condition","ds004504__EC","AD_FTD_vs_CN","kTSP_k9_nondisjoint","sda_shrinklda","classic_fast",20,0.0522727272727273,0.0542424242424242,0.0429007575757576,0.0617660984848485,9.55574483907373e-05,1.81427746224172e-09,0.0490829590524173,0.000299071327167016,7.4929659190583e-07,8.73541000338606e-09
"best_ktsp_vs_each_classifier","macro_f1","tier1_main","P1_psd_bandpower_from_derivatives","PSD_REGION_ABSOLUTE","single_condition","single_condition","ds004504__EC","AD_FTD_vs_CN","kTSP_k9_nondisjoint","knn_euclidean","classic_fast",20,0.0453381957070912,0.0444332455333262,0.0312054786232137,0.0592281648884174,0.000363481868201676,6.54849485976851e-06,0.0868721665002006,0.000656286706475248,0.00180083608643634,1.38423468580473e-05
"best_ktsp_vs_each_classifier","mcc","tier1_main","P1_psd_bandpower_from_derivatives","PSD_REGION_ABSOLUTE","single_condition","single_condition","ds004504__EC","AD_FTD_vs_CN","kTSP_k9_nondisjoint","knn_euclidean","classic_fast",20,0.105160805739206,0.10777442287827,0.0790823782922451,0.131438741055684,0.000151093078387232,5.04260379438035e-07,0.0496898731631834,0.000372362088916532,0.000169935747870618,1.42508368102053e-06
"best_ktsp_vs_each_classifier","balanced_accuracy","tier1_main","P1_psd_bandpower_from_derivatives","PSD_REGION_ABSOLUTE","single_condition","single_condition","ds004504__EC","AD_FTD_vs_CN","kTSP_k9_nondisjoint","knn_euclidean","classic_fast",20,0.0738333333333333,0.0730303030303031,0.0600670454545455,0.087045643939394,0.00011157661051997,2.87371576948455e-09,0.0490829590524173,0.000299071327167016,1.15810745510227e-06,1.26638322045082e-08
"best_ktsp_vs_each_classifier","macro_f1","tier1_main","P1_psd_bandpower_from_derivatives","PSD_REGION_ABSOLUTE","single_condition","single_condition","ds004504__EC","AD_FTD_vs_CN","kTSP_k9_nondisjoint","glmnet_lasso","classic_fast",20,0.0357754078211912,0.0349121808143548,0.0236521637663193,0.0483824087842537,0.00023574535856441,3.18038786974681e-05,0.0653014643223415,0.000478857759584016,0.00769653864478727,5.92760463178616e-05
"best_ktsp_vs_each_classifier","mcc","tier1_main","P1_psd_bandpower_from_derivatives","PSD_REGION_ABSOLUTE","single_condition","single_condition","ds004504__EC","AD_FTD_vs_CN","kTSP_k9_nondisjoint","glmnet_lasso","classic_fast",20,0.0613233614455054,0.0608620467000186,0.0394645493645204,0.083516296361945,0.000315046961090193,3.34532622102384e-05,0.0856927734165254,0.000630093922180386,0.00856403512582104,6.56441371672603e-05
"best_ktsp_vs_each_classifier","balanced_accuracy","tier1_main","P1_psd_bandpower_from_derivatives","PSD_REGION_ABSOLUTE","single_condition","single_condition","ds004504__EC","AD_FTD_vs_CN","kTSP_k9_nondisjoint","glmnet_lasso","classic_fast",20,0.0716590909090909,0.0731818181818182,0.0599316287878788,0.0828640151515152,9.56917315706463e-05,2.89432667178827e-10,0.0490829590524173,0.000299071327167016,1.25613777555611e-07,1.72994237854012e-09
"best_ktsp_vs_each_classifier","macro_f1","tier1_main","P1_psd_bandpower_from_derivatives","PSD_REGION_ABSOLUTE","single_condition","single_condition","ds004504__EC","AD_FTD_vs_CN","kTSP_k9_nondisjoint","majority","classic_fast",20,0.368358092900329,0.368672526488383,0.364617036008016,0.372245227100614,9.56917315706463e-05,1.65338029663309e-32,0.0496898731631834,0.00029443609714045,8.53144233062675e-30,1.71951550849842e-30
"best_ktsp_vs_each_classifier","mcc","tier1_main","P1_psd_bandpower_from_derivatives","PSD_REGION_ABSOLUTE","single_condition","single_condition","ds004504__EC","AD_FTD_vs_CN","kTSP_k9_nondisjoint","majority","classic_fast",20,0.575637602042333,0.577504072711722,0.568111505517395,0.583406861190294,9.56917315706463e-05,2.01410942269974e-30,0.0496898731631834,0.000324133170225704,1.03928046211306e-27,2.09467379960773e-28
"best_ktsp_vs_each_classifier","balanced_accuracy","tier1_main","P1_psd_bandpower_from_derivatives","PSD_REGION_ABSOLUTE","single_condition","single_condition","ds004504__EC","AD_FTD_vs_CN","kTSP_k9_nondisjoint","majority","classic_fast",20,0.299780303030303,0.30030303030303,0.296120833333333,0.303219886363636,9.56917315706463e-05,2.92603448369757e-31,0.0490829590524173,0.000299071327167016,1.50983379358795e-28,3.04307586304548e-29
"best_ktsp_vs_each_classifier","macro_f1","tier1_main","P1_psd_bandpower_from_derivatives","PSD_REGION_ABSOLUTE","single_condition","single_condition","ds004504__EC","AD_FTD_vs_CN","kTSP_k9_nondisjoint","xgboost_default","classic_fast",20,0.0621352922209531,0.0574799499531294,0.0434742231040996,0.0811945760167584,0.000203524868067628,5.12875465804402e-06,0.0590222117396071,0.000435526466646777,0.00144118005891037,1.10661926231655e-05
"best_ktsp_vs_each_classifier","mcc","tier1_main","P1_psd_bandpower_from_derivatives","PSD_REGION_ABSOLUTE","single_condition","single_condition","ds004504__EC","AD_FTD_vs_CN","kTSP_k9_nondisjoint","xgboost_default","classic_fast",20,0.136830374569061,0.148633564344775,0.097339510009415,0.176558955580486,0.000151093078387232,3.41843691691862e-06,0.0496898731631834,0.000372362088916532,0.00102553107507559,8.0071495351247e-06
"best_ktsp_vs_each_classifier","balanced_accuracy","tier1_main","P1_psd_bandpower_from_derivatives","PSD_REGION_ABSOLUTE","single_condition","single_condition","ds004504__EC","AD_FTD_vs_CN","kTSP_k9_nondisjoint","xgboost_default","classic_fast",20,0.0878409090909091,0.0812878787878787,0.0687725378787879,0.106811931818182,9.55574483907373e-05,3.57417613403862e-08,0.0490829590524173,0.000299071327167016,1.30814846505814e-05,1.19139204467954e-07
"best_ktsp_vs_each_classifier","macro_f1","tier1_main","P1_psd_bandpower_from_derivatives","PSD_REGION_ABSOLUTE","single_condition","single_condition","ds004504__EC","AD_FTD_vs_CN","kTSP_k9_nondisjoint","glmnet_ridge","classic_fast",20,0.0542233700824731,0.059586828376302,0.0458136371132705,0.062361314284023,9.56917315706463e-05,1.31688282434452e-10,0.0496898731631834,0.00029443609714045,5.82062208360279e-08,8.66808947669812e-10
"best_ktsp_vs_each_classifier","mcc","tier1_main","P1_psd_bandpower_from_derivatives","PSD_REGION_ABSOLUTE","single_condition","single_condition","ds004504__EC","AD_FTD_vs_CN","kTSP_k9_nondisjoint","glmnet_ridge","classic_fast",20,0.0879049192370802,0.102922993085712,0.069034413978757,0.106651430444126,9.56917315706463e-05,2.79562761444164e-08,0.0496898731631834,0.000324133170225704,1.10427290770445e-05,1.15375107897591e-07
"best_ktsp_vs_each_classifier","balanced_accuracy","tier1_main","P1_psd_bandpower_from_derivatives","PSD_REGION_ABSOLUTE","single_condition","single_condition","ds004504__EC","AD_FTD_vs_CN","kTSP_k9_nondisjoint","glmnet_ridge","classic_fast",20,0.0903257575757576,0.0948484848484849,0.0816814393939394,0.0986672348484848,9.56917315706463e-05,2.67926760732541e-14,0.0490829590524173,0.000299071327167016,1.28336918390887e-11,3.31718846621241e-13
"best_ktsp_vs_each_classifier","macro_f1","tier1_main","P1_psd_bandpower_from_derivatives","PSD_REGION_ABSOLUTE","single_condition","single_condition","ds004504__EC","AD_FTD_vs_CN","kTSP_k9_nondisjoint","xgboost_shallow","classic_fast",20,0.0621352922209531,0.0574799499531294,0.0431085824056267,0.0810671350049353,0.000203524868067628,5.12875465804402e-06,0.0590222117396071,0.000435526466646777,0.00144118005891037,1.10661926231655e-05
"best_ktsp_vs_each_classifier","mcc","tier1_main","P1_psd_bandpower_from_derivatives","PSD_REGION_ABSOLUTE","single_condition","single_condition","ds004504__EC","AD_FTD_vs_CN","kTSP_k9_nondisjoint","xgboost_shallow","classic_fast",20,0.136830374569061,0.148633564344775,0.0959350031230578,0.177031268753182,0.000151093078387232,3.41843691691862e-06,0.0496898731631834,0.000372362088916532,0.00102553107507559,8.0071495351247e-06
"best_ktsp_vs_each_classifier","balanced_accuracy","tier1_main","P1_psd_bandpower_from_derivatives","PSD_REGION_ABSOLUTE","single_condition","single_condition","ds004504__EC","AD_FTD_vs_CN","kTSP_k9_nondisjoint","xgboost_shallow","classic_fast",20,0.0878409090909091,0.0812878787878787,0.068575,0.10601553030303,9.55574483907373e-05,3.57417613403862e-08,0.0490829590524173,0.000299071327167016,1.30814846505814e-05,1.19139204467954e-07
"best_ktsp_vs_each_classifier","macro_f1","tier1_main","P1_psd_bandpower_from_derivatives","PSD_REGION_ABSOLUTE","single_condition","single_condition","ds004504__EC","AD_vs_CN","kTSP_k9_nondisjoint","knn_euclidean","classic_fast",20,0.040504573857515,0.0345909645909646,0.0262273090267576,0.0560848596460729,0.000272706565159098,4.7046057499459e-05,0.0719945332019989,0.000527165107370746,0.0105853629373783,8.26484793909415e-05
"best_ktsp_vs_each_classifier","mcc","tier1_main","P1_psd_bandpower_from_derivatives","PSD_REGION_ABSOLUTE","single_condition","single_condition","ds004504__EC","AD_vs_CN","kTSP_k9_nondisjoint","knn_euclidean","classic_fast",20,0.083219530253045,0.0749846832302873,0.0582526366757684,0.112273194803955,0.000151093078387232,1.47608733087961e-05,0.0496898731631834,0.000372362088916532,0.00398543579337496,3.05802953010916e-05
"best_ktsp_vs_each_classifier","balanced_accuracy","tier1_main","P1_psd_bandpower_from_derivatives","PSD_REGION_ABSOLUTE","single_condition","single_condition","ds004504__EC","AD_vs_CN","kTSP_k9_nondisjoint","knn_euclidean","classic_fast",20,0.0425654761904762,0.0378571428571429,0.029171130952381,0.0580059523809524,0.000150892436409977,1.6889130392246e-05,0.0490829590524173,0.000335762396416189,0.00418850433727702,3.21697721757067e-05
"best_ktsp_vs_each_classifier","macro_f1","tier1_main","P1_psd_bandpower_from_derivatives","PSD_REGION_ABSOLUTE","single_condition","single_condition","ds004504__EC","AD_vs_CN","kTSP_k9_nondisjoint","sda_shrinklda","classic_fast",20,0.0661024539186304,0.0663110418992772,0.0574691617818456,0.0745744451830849,9.56917315706463e-05,9.39350367698444e-12,0.0496898731631834,0.00029443609714045,4.31161818773586e-09,7.87842243876114e-11
"best_ktsp_vs_each_classifier","mcc","tier1_main","P1_psd_bandpower_from_derivatives","PSD_REGION_ABSOLUTE","single_condition","single_condition","ds004504__EC","AD_vs_CN","kTSP_k9_nondisjoint","sda_shrinklda","classic_fast",20,0.124158115110846,0.118721662866428,0.105417379289071,0.143322535889798,9.56917315706463e-05,1.94313502622164e-10,0.0496898731631834,0.000324133170225704,8.80240166878401e-08,1.48592678475772e-09
"best_ktsp_vs_each_classifier","balanced_accuracy","tier1_main","P1_psd_bandpower_from_derivatives","PSD_REGION_ABSOLUTE","single_condition","single_condition","ds004504__EC","AD_vs_CN","kTSP_k9_nondisjoint","sda_shrinklda","classic_fast",20,0.0704345238095238,0.0701190476190477,0.0616065476190477,0.0792382440476191,9.55574483907373e-05,4.06582007035964e-12,0.0490829590524173,0.000299071327167016,1.88654051264687e-09,3.65796610811615e-11
"best_ktsp_vs_each_classifier","macro_f1","tier1_main","P1_psd_bandpower_from_derivatives","PSD_REGION_ABSOLUTE","single_condition","single_condition","ds004504__EC","AD_vs_CN","kTSP_k9_nondisjoint","glmnet_ridge","classic_fast",20,0.0556855066588039,0.0516849735232088,0.0419388493311384,0.0697115674991932,9.56917315706463e-05,3.04347591821346e-07,0.0496898731631834,0.00029443609714045,9.98260101174014e-05,8.20003874337304e-07
"best_ktsp_vs_each_classifier","mcc","tier1_main","P1_psd_bandpower_from_derivatives","PSD_REGION_ABSOLUTE","single_condition","single_condition","ds004504__EC","AD_vs_CN","kTSP_k9_nondisjoint","glmnet_ridge","classic_fast",20,0.0964101452553452,0.0874855738586884,0.0694611741161684,0.124114941463025,0.00011157661051997,2.25013218936234e-06,0.0496898731631834,0.000324133170225704,0.000706541507459775,5.61820450078865e-06
"best_ktsp_vs_each_classifier","balanced_accuracy","tier1_main","P1_psd_bandpower_from_derivatives","PSD_REGION_ABSOLUTE","single_condition","single_condition","ds004504__EC","AD_vs_CN","kTSP_k9_nondisjoint","glmnet_ridge","classic_fast",20,0.0602916666666667,0.053452380952381,0.0467605654761905,0.0738047619047619,9.56917315706463e-05,5.73562722854412e-08,0.0490829590524173,0.000299071327167016,2.05909017504734e-05,1.84106553014997e-07
"best_ktsp_vs_each_classifier","macro_f1","tier1_main","P1_psd_bandpower_from_derivatives","PSD_REGION_ABSOLUTE","single_condition","single_condition","ds004504__EC","AD_vs_CN","kTSP_k9_nondisjoint","svm_linear_liblinear","classic_fast",20,0.0440832273161994,0.0512459599224305,0.030118742399886,0.0564989487432502,0.000272706565159098,5.59056688262176e-06,0.0719945332019989,0.000527165107370746,0.00155976816025147,1.20127883428236e-05
"best_ktsp_vs_each_classifier","mcc","tier1_main","P1_psd_bandpower_from_derivatives","PSD_REGION_ABSOLUTE","single_condition","single_condition","ds004504__EC","AD_vs_CN","kTSP_k9_nondisjoint","svm_linear_liblinear","classic_fast",20,0.0874548112161915,0.0843006114700318,0.0587588968320367,0.114394852335494,0.00023574535856441,1.11924952407919e-05,0.0688376447008077,0.000515073892661736,0.00307793619121777,2.36589330293162e-05
"best_ktsp_vs_each_classifier","balanced_accuracy","tier1_main","P1_psd_bandpower_from_derivatives","PSD_REGION_ABSOLUTE","single_condition","single_condition","ds004504__EC","AD_vs_CN","kTSP_k9_nondisjoint","svm_linear_liblinear","classic_fast",20,0.0477559523809524,0.0514880952380953,0.0341065476190477,0.0603334821428572,0.000203524868067628,1.29722170413756e-06,0.0558262482113221,0.000418311981799078,0.000386572067832993,3.02491159709207e-06
"best_ktsp_vs_each_classifier","macro_f1","tier1_main","P1_psd_bandpower_from_derivatives","PSD_REGION_ABSOLUTE","single_condition","single_condition","ds004504__EC","AD_vs_CN","kTSP_k9_nondisjoint","glmnet_elasticnet","classic_fast",20,0.0422193370784702,0.0394229716791636,0.0271707313809771,0.0574907522216345,0.000418811376312389,4.60090558152356e-05,0.0971642393044646,0.000738243781974381,0.0104322320779325,8.11007085556695e-05
"best_ktsp_vs_each_classifier","mcc","tier1_main","P1_psd_bandpower_from_derivatives","PSD_REGION_ABSOLUTE","single_condition","single_condition","ds004504__EC","AD_vs_CN","kTSP_k9_nondisjoint","glmnet_elasticnet","classic_fast",20,0.0660386574182041,0.0730313456128275,0.0358685581995757,0.0965492415090862,0.00108844053343016,0.000516095696555979,0.228572512020333,0.00179110467526482,0.10012256513186,0.000820702636725103
"best_ktsp_vs_each_classifier","balanced_accuracy","tier1_main","P1_psd_bandpower_from_derivatives","PSD_REGION_ABSOLUTE","single_condition","single_condition","ds004504__EC","AD_vs_CN","kTSP_k9_nondisjoint","glmnet_elasticnet","classic_fast",20,0.0457976190476191,0.0454166666666667,0.0311063988095238,0.0599226190476191,0.000203524868067628,9.36796935293131e-06,0.0558262482113221,0.000418311981799078,0.00246377593982094,1.88811785407918e-05
"best_ktsp_vs_each_classifier","macro_f1","tier1_main","P1_psd_bandpower_from_derivatives","PSD_REGION_ABSOLUTE","single_condition","single_condition","ds004504__EC","AD_vs_CN","kTSP_k9_nondisjoint","majority","classic_fast",20,0.442431013302143,0.44136282577072,0.43902321897229,0.445845133087587,9.56917315706463e-05,7.59223556507523e-35,0.0496898731631834,0.00029443609714045,3.93277802270897e-32,1.31598749794637e-32
"best_ktsp_vs_each_classifier","mcc","tier1_main","P1_psd_bandpower_from_derivatives","PSD_REGION_ABSOLUTE","single_condition","single_condition","ds004504__EC","AD_vs_CN","kTSP_k9_nondisjoint","majority","classic_fast",20,0.624109669737072,0.627945659248493,0.617074862131715,0.6307779978831,9.56917315706463e-05,6.3007700218185e-32,0.0496898731631834,0.000324133170225704,3.25749810128016e-29,8.19100102836405e-30
"best_ktsp_vs_each_classifier","balanced_accuracy","tier1_main","P1_psd_bandpower_from_derivatives","PSD_REGION_ABSOLUTE","single_condition","single_condition","ds004504__EC","AD_vs_CN","kTSP_k9_nondisjoint","majority","classic_fast",20,0.307422619047619,0.306547619047619,0.304303125,0.310536011904762,9.39571702578412e-05,2.54548704615007e-32,0.0487637713638196,0.000299071327167016,1.31856228990574e-29,4.41217754666013e-30
"best_ktsp_vs_each_classifier","macro_f1","tier1_main","P1_psd_bandpower_from_derivatives","PSD_REGION_ABSOLUTE","single_condition","single_condition","ds004504__EC","AD_vs_CN","kTSP_k9_nondisjoint","ranger_rf","classic_fast",20,-0.0037468487394958,-0.00579143895320366,-0.0191337969628411,0.0119272456097824,0.562821054418315,0.65148978273097,1,0.598500916763853,1,0.680270455863663
"best_ktsp_vs_each_classifier","mcc","tier1_main","P1_psd_bandpower_from_derivatives","PSD_REGION_ABSOLUTE","single_condition","single_condition","ds004504__EC","AD_vs_CN","kTSP_k9_nondisjoint","ranger_rf","classic_fast",20,-0.00531595591382902,-0.0206277792148436,-0.0335437832653831,0.0239515917701181,0.537901747331259,0.733190202791392,1,0.57200185810277,1,0.754968129606978
"best_ktsp_vs_each_classifier","balanced_accuracy","tier1_main","P1_psd_bandpower_from_derivatives","PSD_REGION_ABSOLUTE","single_condition","single_condition","ds004504__EC","AD_vs_CN","kTSP_k9_nondisjoint","ranger_rf","classic_fast",20,-0.000589285714285714,-0.00327380952380946,-0.0153215773809524,0.0142858630952381,0.808266974005183,0.941202228707257,1,0.822502595856547,1,0.946663750343856
"best_ktsp_vs_each_classifier","macro_f1","tier1_main","P1_psd_bandpower_from_derivatives","PSD_REGION_ABSOLUTE","single_condition","single_condition","ds004504__EC","AD_vs_CN","kTSP_k9_nondisjoint","glmnet_lasso","classic_fast",20,0.0391232794982795,0.0426445776445776,0.0234951344611271,0.0562189718777954,0.000728541800169902,0.00019484341284434,0.150079610835,0.00119508434097271,0.038968682568868,0.000315634189031329
"best_ktsp_vs_each_classifier","mcc","tier1_main","P1_psd_bandpower_from_derivatives","PSD_REGION_ABSOLUTE","single_condition","single_condition","ds004504__EC","AD_vs_CN","kTSP_k9_nondisjoint","glmnet_lasso","classic_fast",20,0.0616301627506606,0.0662649434039814,0.0318916560215994,0.0917367317492856,0.00160712458710077,0.000736740620090201,0.319817792833054,0.00256351161132639,0.139243977197048,0.00115393109170754
"best_ktsp_vs_each_classifier","balanced_accuracy","tier1_main","P1_psd_bandpower_from_derivatives","PSD_REGION_ABSOLUTE","single_condition","single_condition","ds004504__EC","AD_vs_CN","kTSP_k9_nondisjoint","glmnet_lasso","classic_fast",20,0.0430476190476191,0.0497619047619048,0.0290058035714286,0.0582864583333334,0.000315046961090193,2.20829206990808e-05,0.0764639985089908,0.000578884875501415,0.00538823265057571,4.14553023953863e-05
"best_ktsp_vs_each_classifier","macro_f1","tier1_main","P1_psd_bandpower_from_derivatives","PSD_REGION_ABSOLUTE","single_condition","single_condition","ds004504__EC","AD_vs_CN","kTSP_k9_nondisjoint","xgboost_shallow","classic_fast",20,0.0197755184701779,0.025579273667509,-0.00376938572693219,0.042584457628285,0.140309233576715,0.121634649652187,1,0.162135114355315,1,0.139624763397654
"best_ktsp_vs_each_classifier","mcc","tier1_main","P1_psd_bandpower_from_derivatives","PSD_REGION_ABSOLUTE","single_condition","single_condition","ds004504__EC","AD_vs_CN","kTSP_k9_nondisjoint","xgboost_shallow","classic_fast",20,0.0417195495005478,0.0560007685184285,-0.00257863347502955,0.0889020985807607,0.112594551560966,0.101084749826074,1,0.13367389683037,1,0.121115368455203
"best_ktsp_vs_each_classifier","balanced_accuracy","tier1_main","P1_psd_bandpower_from_derivatives","PSD_REGION_ABSOLUTE","single_condition","single_condition","ds004504__EC","AD_vs_CN","kTSP_k9_nondisjoint","xgboost_shallow","classic_fast",20,0.0236547619047619,0.031547619047619,0.000725595238095248,0.0458758928571429,0.0825692915324792,0.0545406862060893,1,0.0967027738668675,1,0.0648996723733785
"best_ktsp_vs_each_classifier","macro_f1","tier1_main","P1_psd_bandpower_from_derivatives","PSD_REGION_ABSOLUTE","single_condition","single_condition","ds004504__EC","AD_vs_CN","kTSP_k9_nondisjoint","xgboost_default","classic_fast",20,0.0197755184701779,0.025579273667509,-0.00400521091717881,0.0432943191172003,0.140309233576715,0.121634649652187,1,0.162135114355315,1,0.139624763397654
"best_ktsp_vs_each_classifier","mcc","tier1_main","P1_psd_bandpower_from_derivatives","PSD_REGION_ABSOLUTE","single_condition","single_condition","ds004504__EC","AD_vs_CN","kTSP_k9_nondisjoint","xgboost_default","classic_fast",20,0.0417195495005478,0.0560007685184285,-0.00558286263498279,0.088341887816899,0.112594551560966,0.101084749826074,1,0.13367389683037,1,0.121115368455203
"best_ktsp_vs_each_classifier","balanced_accuracy","tier1_main","P1_psd_bandpower_from_derivatives","PSD_REGION_ABSOLUTE","single_condition","single_condition","ds004504__EC","AD_vs_CN","kTSP_k9_nondisjoint","xgboost_default","classic_fast",20,0.0236547619047619,0.031547619047619,0.000593303571428602,0.0459525297619048,0.0825692915324792,0.0545406862060893,1,0.0967027738668675,1,0.0648996723733785
"best_ktsp_vs_each_classifier","macro_f1","tier1_main","P1_psd_bandpower_from_derivatives","PSD_REGION_ABSOLUTE","single_condition","single_condition","ds004504__EC","AD_vs_FTD","kTSP_k5_disjoint","glmnet_elasticnet","classic_fast",20,0.0288114009743267,0.0464320771248016,0.000372816922284816,0.0534626656421064,0.064607095537442,0.05353536261365,1,0.0772314705275169,1,0.0641437524403179
"best_ktsp_vs_each_classifier","mcc","tier1_main","P1_psd_bandpower_from_derivatives","PSD_REGION_ABSOLUTE","single_condition","single_condition","ds004504__EC","AD_vs_FTD","kTSP_k5_disjoint","glmnet_elasticnet","classic_fast",20,-0.0443257883081397,-0.0587422056005473,-0.106717369132459,0.0186424298861929,0.211064231877061,0.187997674824213,1,0.243355655379316,1,0.217241757574646
"best_ktsp_vs_each_classifier","balanced_accuracy","tier1_main","P1_psd_bandpower_from_derivatives","PSD_REGION_ABSOLUTE","single_condition","single_condition","ds004504__EC","AD_vs_FTD","kTSP_k5_disjoint","glmnet_elasticnet","classic_fast",20,-0.0299642857142857,-0.0375,-0.0568950892857143,-0.00389285714285714,0.0545051739373206,0.0465042146163773,1,0.0650312728444771,1,0.0557193354850603
"best_ktsp_vs_each_classifier","macro_f1","tier1_main","P1_psd_bandpower_from_derivatives","PSD_REGION_ABSOLUTE","single_condition","single_condition","ds004504__EC","AD_vs_FTD","kTSP_k5_disjoint","sda_shrinklda","classic_fast",20,-0.0335260287098522,-0.0232547028135263,-0.0610894978355408,-0.00742381214953778,0.0545262210772923,0.0292378543641303,1,0.0662468106546542,1,0.036285642647608
"best_ktsp_vs_each_classifier","mcc","tier1_main","P1_psd_bandpower_from_derivatives","PSD_REGION_ABSOLUTE","single_condition","single_condition","ds004504__EC","AD_vs_FTD","kTSP_k5_disjoint","sda_shrinklda","classic_fast",20,-0.0452348141036104,-0.03299749662973,-0.106056318571578,0.0122474927691387,0.211064231877061,0.160363763119945,1,0.243355655379316,1,0.188663250729347
"best_ktsp_vs_each_classifier","balanced_accuracy","tier1_main","P1_psd_bandpower_from_derivatives","PSD_REGION_ABSOLUTE","single_condition","single_condition","ds004504__EC","AD_vs_FTD","kTSP_k5_disjoint","sda_shrinklda","classic_fast",20,-0.02625,-0.0180357142857143,-0.0523214285714286,-0.00196428571428572,0.0929346527105413,0.0625560908511637,1,0.108354303608703,1,0.0737303147778413
"best_ktsp_vs_each_classifier","macro_f1","tier1_main","P1_psd_bandpower_from_derivatives","PSD_REGION_ABSOLUTE","single_condition","single_condition","ds004504__EC","AD_vs_FTD","kTSP_k5_disjoint","ranger_rf","classic_fast",20,-0.124628053791753,-0.108897890035661,-0.147742112849311,-0.102685620027977,9.56917315705946e-05,3.12181871184097e-09,0.0496898731631834,0.00029443609714045,1.26745839700743e-06,1.41160498274548e-08
"best_ktsp_vs_each_classifier","mcc","tier1_main","P1_psd_bandpower_from_derivatives","PSD_REGION_ABSOLUTE","single_condition","single_condition","ds004504__EC","AD_vs_FTD","kTSP_k5_disjoint","ranger_rf","classic_fast",20,-0.227255249440536,-0.187914419691935,-0.283392425540779,-0.172733625713788,9.56917315705946e-05,1.41433573559187e-07,0.0496898731631834,0.000324133170225704,5.09160864813073e-05,4.56804088514145e-07
"best_ktsp_vs_each_classifier","balanced_accuracy","tier1_main","P1_psd_bandpower_from_derivatives","PSD_REGION_ABSOLUTE","single_condition","single_condition","ds004504__EC","AD_vs_FTD","kTSP_k5_disjoint","ranger_rf","classic_fast",20,-0.106571428571429,-0.09125,-0.129662053571429,-0.0848209821428571,9.56917315705946e-05,2.3599558628114e-08,0.0490829590524173,0.000299071327167016,8.89703360279898e-06,8.52206283793006e-08
"best_ktsp_vs_each_classifier","macro_f1","tier1_main","P1_psd_bandpower_from_derivatives","PSD_REGION_ABSOLUTE","single_condition","single_condition","ds004504__EC","AD_vs_FTD","kTSP_k5_disjoint","svm_linear_liblinear","classic_fast",20,-0.0746211106574884,-0.0707477803414336,-0.105945503768462,-0.044426973249274,0.00108844053343019,0.000235042684944172,0.211157463485451,0.00170993678967885,0.0463034089340018,0.000377229000527683
"best_ktsp_vs_each_classifier","mcc","tier1_main","P1_psd_bandpower_from_derivatives","PSD_REGION_ABSOLUTE","single_condition","single_condition","ds004504__EC","AD_vs_FTD","kTSP_k5_disjoint","svm_linear_liblinear","classic_fast",20,-0.12292165419494,-0.136740097386224,-0.194789234534888,-0.057228035378352,0.00946954016958807,0.00280713637954556,1,0.0129243067931386,0.435106138829561,0.00398828119498276
"best_ktsp_vs_each_classifier","balanced_accuracy","tier1_main","P1_psd_bandpower_from_derivatives","PSD_REGION_ABSOLUTE","single_condition","single_condition","ds004504__EC","AD_vs_FTD","kTSP_k5_disjoint","svm_linear_liblinear","classic_fast",20,-0.0645,-0.0564285714285714,-0.0945361607142857,-0.0346598214285714,0.00182529413147666,0.000682183343420576,0.326727649534322,0.00275116796628372,0.116653351724919,0.00101352953879628
"best_ktsp_vs_each_classifier","macro_f1","tier1_main","P1_psd_bandpower_from_derivatives","PSD_REGION_ABSOLUTE","single_condition","single_condition","ds004504__EC","AD_vs_FTD","kTSP_k5_disjoint","knn_euclidean","classic_fast",20,-0.0884975025834159,-0.0807892833860326,-0.117036385412188,-0.0616361529305318,0.000151093078387285,8.89771088036487e-06,0.0496898731631834,0.000358759820828257,0.00238458651593778,1.82877852086551e-05
"best_ktsp_vs_each_classifier","mcc","tier1_main","P1_psd_bandpower_from_derivatives","PSD_REGION_ABSOLUTE","single_condition","single_condition","ds004504__EC","AD_vs_FTD","kTSP_k5_disjoint","knn_euclidean","classic_fast",20,-0.160871779702177,-0.144281860957656,-0.221180249852632,-0.102003931125401,0.000315046961090167,5.71070364989966e-05,0.0856927734165254,0.000630093922180386,0.0137933524886885,0.000105678501706328
"best_ktsp_vs_each_classifier","balanced_accuracy","tier1_main","P1_psd_bandpower_from_derivatives","PSD_REGION_ABSOLUTE","single_condition","single_condition","ds004504__EC","AD_vs_FTD","kTSP_k5_disjoint","knn_euclidean","classic_fast",20,-0.0775535714285714,-0.0628571428571429,-0.102519196428571,-0.053034375,0.000175476155215645,1.01083072604172e-05,0.0495303716259305,0.00037243918658034,0.00262815988770846,2.01391562276511e-05
"best_ktsp_vs_each_classifier","macro_f1","tier1_main","P1_psd_bandpower_from_derivatives","PSD_REGION_ABSOLUTE","single_condition","single_condition","ds004504__EC","AD_vs_FTD","kTSP_k5_disjoint","xgboost_shallow","classic_fast",20,-0.0627940741319224,-0.0717136948019301,-0.0850163711847148,-0.0385898540937047,0.000833948987816245,7.47910437361948e-05,0.169291644526687,0.00134258041382182,0.0157809102283371,0.000125052549012287
"best_ktsp_vs_each_classifier","mcc","tier1_main","P1_psd_bandpower_from_derivatives","PSD_REGION_ABSOLUTE","single_condition","single_condition","ds004504__EC","AD_vs_FTD","kTSP_k5_disjoint","xgboost_shallow","classic_fast",20,-0.0928503090124621,-0.0965766071038298,-0.146196890065586,-0.0376508577111661,0.00541443666045423,0.00357413247700009,0.84465211903086,0.00767168137176082,0.550416401458014,0.00505040458706535
"best_ktsp_vs_each_classifier","balanced_accuracy","tier1_main","P1_psd_bandpower_from_derivatives","PSD_REGION_ABSOLUTE","single_condition","single_condition","ds004504__EC","AD_vs_FTD","kTSP_k5_disjoint","xgboost_shallow","classic_fast",20,-0.047125,-0.05375,-0.0698040178571429,-0.0226424107142857,0.00299795788095067,0.00102215153156463,0.476274478494901,0.00424778773322715,0.160477790455647,0.00145621588058523
"best_ktsp_vs_each_classifier","macro_f1","tier1_main","P1_psd_bandpower_from_derivatives","PSD_REGION_ABSOLUTE","single_condition","single_condition","ds004504__EC","AD_vs_FTD","kTSP_k5_disjoint","glmnet_lasso","classic_fast",20,0.0237697807008953,0.0108114872743356,-0.00197582345629946,0.0493909694579586,0.140309233576715,0.0999876057442106,1,0.162135114355315,1,0.116316677823243
"best_ktsp_vs_each_classifier","mcc","tier1_main","P1_psd_bandpower_from_derivatives","PSD_REGION_ABSOLUTE","single_condition","single_condition","ds004504__EC","AD_vs_FTD","kTSP_k5_disjoint","glmnet_lasso","classic_fast",20,-0.0541675108803822,-0.0878974555348876,-0.118165689480675,0.0127416726972657,0.0893877005990799,0.135526553658791,1,0.107100470763875,1,0.160532592033193
"best_ktsp_vs_each_classifier","balanced_accuracy","tier1_main","P1_psd_bandpower_from_derivatives","PSD_REGION_ABSOLUTE","single_condition","single_condition","ds004504__EC","AD_vs_FTD","kTSP_k5_disjoint","glmnet_lasso","classic_fast",20,-0.0319821428571429,-0.0346428571428571,-0.058625,-0.00378526785714286,0.0349190540817266,0.0390412582062234,1,0.0425243749941402,1,0.0473227372196648
"best_ktsp_vs_each_classifier","macro_f1","tier1_main","P1_psd_bandpower_from_derivatives","PSD_REGION_ABSOLUTE","single_condition","single_condition","ds004504__EC","AD_vs_FTD","kTSP_k5_disjoint","majority","classic_fast",20,0.0403478996493702,0.0428127062995484,0.0204403257410804,0.058673232938587,0.00338292225374581,0.000761956629231443,0.54126756059933,0.00481950567656942,0.131056540227808,0.00113529354498668
"best_ktsp_vs_each_classifier","mcc","tier1_main","P1_psd_bandpower_from_derivatives","PSD_REGION_ABSOLUTE","single_condition","single_condition","ds004504__EC","AD_vs_FTD","kTSP_k5_disjoint","majority","classic_fast",20,-0.0963084344822446,-0.0934129004167553,-0.145102021498043,-0.0514897292625615,0.00182529413147666,0.000815634470336487,0.354107061506472,0.00283329238318771,0.151708011482587,0.0012660594763432
"best_ktsp_vs_each_classifier","balanced_accuracy","tier1_main","P1_psd_bandpower_from_derivatives","PSD_REGION_ABSOLUTE","single_condition","single_condition","ds004504__EC","AD_vs_FTD","kTSP_k5_disjoint","majority","classic_fast",20,-0.0505178571428571,-0.0516071428571429,-0.0704111607142857,-0.0317138392857143,0.000363051623255554,8.67536887354672e-05,0.0860432347115663,0.000654015818217549,0.0184785357006545,0.000146467266696243
"best_ktsp_vs_each_classifier","macro_f1","tier1_main","P1_psd_bandpower_from_derivatives","PSD_REGION_ABSOLUTE","single_condition","single_condition","ds004504__EC","AD_vs_FTD","kTSP_k5_disjoint","xgboost_default","classic_fast",20,-0.0627940741319224,-0.0717136948019301,-0.0861823841266663,-0.0379832442583216,0.000833948987816245,7.47910437361948e-05,0.169291644526687,0.00134258041382182,0.0157809102283371,0.000125052549012287
"best_ktsp_vs_each_classifier","mcc","tier1_main","P1_psd_bandpower_from_derivatives","PSD_REGION_ABSOLUTE","single_condition","single_condition","ds004504__EC","AD_vs_FTD","kTSP_k5_disjoint","xgboost_default","classic_fast",20,-0.0928503090124621,-0.0965766071038298,-0.144178824149647,-0.0389638900995691,0.00541443666045423,0.00357413247700009,0.84465211903086,0.00767168137176082,0.550416401458014,0.00505040458706535
"best_ktsp_vs_each_classifier","balanced_accuracy","tier1_main","P1_psd_bandpower_from_derivatives","PSD_REGION_ABSOLUTE","single_condition","single_condition","ds004504__EC","AD_vs_FTD","kTSP_k5_disjoint","xgboost_default","classic_fast",20,-0.047125,-0.05375,-0.0691254464285714,-0.0228741071428572,0.00299795788095067,0.00102215153156463,0.476274478494901,0.00424778773322715,0.160477790455647,0.00145621588058523
"best_ktsp_vs_each_classifier","macro_f1","tier1_main","P1_psd_bandpower_from_derivatives","PSD_REGION_ABSOLUTE","single_condition","single_condition","ds004504__EC","AD_vs_FTD","kTSP_k5_disjoint","glmnet_ridge","classic_fast",20,0.0277382566693712,0.0237992605949263,0.00656147996632711,0.0473683758621839,0.0160420619163943,0.0173550572621223,1,0.0204960004828626,1,0.0220651094775149
"best_ktsp_vs_each_classifier","mcc","tier1_main","P1_psd_bandpower_from_derivatives","PSD_REGION_ABSOLUTE","single_condition","single_condition","ds004504__EC","AD_vs_FTD","kTSP_k5_disjoint","glmnet_ridge","classic_fast",20,-0.0876282735568484,-0.0823192695921133,-0.133637941042353,-0.0432815130316957,0.00429083743463042,0.00152489526482668,0.699406501844758,0.00616363388399952,0.257707299755709,0.00225268618667578
"best_ktsp_vs_each_classifier","balanced_accuracy","tier1_main","P1_psd_bandpower_from_derivatives","PSD_REGION_ABSOLUTE","single_condition","single_condition","ds004504__EC","AD_vs_FTD","kTSP_k5_disjoint","glmnet_ridge","classic_fast",20,-0.048875,-0.0448214285714286,-0.0688946428571428,-0.0313566964285714,0.000203004538950262,8.15556080443565e-05,0.0558262482113221,0.000418311981799078,0.0174529001214923,0.000138139792127249
"best_ktsp_vs_each_classifier","macro_f1","tier1_main","P1_psd_bandpower_from_derivatives","PSD_REGION_ABSOLUTE","single_condition","single_condition","ds004504__EC","CN_vs_FTD","kTSP_k5_nondisjoint","glmnet_elasticnet","classic_fast",20,0.104594242358948,0.119067044067044,0.0792950944888445,0.12919682200969,9.56917315706463e-05,1.45968475650478e-07,0.0496898731631834,0.00029443609714045,4.9483313245512e-05,4.17052787572794e-07
"best_ktsp_vs_each_classifier","mcc","tier1_main","P1_psd_bandpower_from_derivatives","PSD_REGION_ABSOLUTE","single_condition","single_condition","ds004504__EC","CN_vs_FTD","kTSP_k5_nondisjoint","glmnet_elasticnet","classic_fast",20,0.197995696752024,0.197593813461859,0.152814124850592,0.241077160721707,0.00011157661051997,7.42208223991003e-08,0.0496898731631834,0.000324133170225704,2.76101459324653e-05,2.59025688909612e-07
"best_ktsp_vs_each_classifier","balanced_accuracy","tier1_main","P1_psd_bandpower_from_derivatives","PSD_REGION_ABSOLUTE","single_condition","single_condition","ds004504__EC","CN_vs_FTD","kTSP_k5_nondisjoint","glmnet_elasticnet","classic_fast",20,0.0955,0.105833333333333,0.0730833333333334,0.116752083333333,0.000143020073393174,8.24776658428335e-08,0.0490829590524173,0.000335762396416189,2.87022277133061e-05,2.47909747042043e-07
"best_ktsp_vs_each_classifier","macro_f1","tier1_main","P1_psd_bandpower_from_derivatives","PSD_REGION_ABSOLUTE","single_condition","single_condition","ds004504__EC","CN_vs_FTD","kTSP_k5_nondisjoint","ranger_rf","classic_fast",20,0.0982548562548562,0.0897582972582972,0.0771465700965701,0.120702559246309,9.56917315706463e-05,5.79209746255947e-08,0.0496898731631834,0.00029443609714045,2.06198669667117e-05,1.82538829123086e-07
"best_ktsp_vs_each_classifier","mcc","tier1_main","P1_psd_bandpower_from_derivatives","PSD_REGION_ABSOLUTE","single_condition","single_condition","ds004504__EC","CN_vs_FTD","kTSP_k5_nondisjoint","ranger_rf","classic_fast",20,0.181089500405395,0.172559827696426,0.140882383248793,0.225071945857586,9.56917315706463e-05,1.39223202204951e-07,0.0496898731631834,0.000324133170225704,5.02595759959872e-05,4.5247540716609e-07
"best_ktsp_vs_each_classifier","balanced_accuracy","tier1_main","P1_psd_bandpower_from_derivatives","PSD_REGION_ABSOLUTE","single_condition","single_condition","ds004504__EC","CN_vs_FTD","kTSP_k5_nondisjoint","ranger_rf","classic_fast",20,0.0913333333333333,0.0858333333333333,0.0714166666666667,0.113333333333333,9.56917315706463e-05,7.29251393924205e-08,0.0490829590524173,0.000299071327167016,2.55237987873472e-05,2.21760657801513e-07
"best_ktsp_vs_each_classifier","macro_f1","tier1_main","P1_psd_bandpower_from_derivatives","PSD_REGION_ABSOLUTE","single_condition","single_condition","ds004504__EC","CN_vs_FTD","kTSP_k5_nondisjoint","sda_shrinklda","classic_fast",20,0.0510996503496504,0.0460289710289711,0.038766973998224,0.0644717053779554,9.56917315706463e-05,3.53870643788763e-07,0.0496898731631834,0.00029443609714045,0.000115007959231348,9.38840483521208e-07
"best_ktsp_vs_each_classifier","mcc","tier1_main","P1_psd_bandpower_from_derivatives","PSD_REGION_ABSOLUTE","single_condition","single_condition","ds004504__EC","CN_vs_FTD","kTSP_k5_nondisjoint","sda_shrinklda","classic_fast",20,0.0755158677615807,0.0735330322079149,0.0525709752369126,0.0996879705792942,9.56917315706463e-05,6.67504423074429e-06,0.0496898731631834,0.000324133170225704,0.00189571256153138,1.4645666666612e-05
"best_ktsp_vs_each_classifier","balanced_accuracy","tier1_main","P1_psd_bandpower_from_derivatives","PSD_REGION_ABSOLUTE","single_condition","single_condition","ds004504__EC","CN_vs_FTD","kTSP_k5_nondisjoint","sda_shrinklda","classic_fast",20,0.0325833333333333,0.0291666666666667,0.0214979166666667,0.04441875,0.00020326458110298,3.2882477465815e-05,0.0558262482113221,0.000418311981799078,0.00746432238474001,5.81594839531423e-05
"best_ktsp_vs_each_classifier","macro_f1","tier1_main","P1_psd_bandpower_from_derivatives","PSD_REGION_ABSOLUTE","single_condition","single_condition","ds004504__EC","CN_vs_FTD","kTSP_k5_nondisjoint","glmnet_lasso","classic_fast",20,0.0948832588979648,0.0887853812853813,0.0704166285103785,0.119181299501152,0.00011157661051997,4.79052613357172e-07,0.0496898731631834,0.000297537628053339,0.000153775888887652,1.24553679472865e-06
"best_ktsp_vs_each_classifier","mcc","tier1_main","P1_psd_bandpower_from_derivatives","PSD_REGION_ABSOLUTE","single_condition","single_condition","ds004504__EC","CN_vs_FTD","kTSP_k5_nondisjoint","glmnet_lasso","classic_fast",20,0.184768637677395,0.171219354087693,0.13408712693476,0.235908346588642,0.000129926100333799,1.13188709375532e-06,0.0496898731631834,0.000350059959448578,0.000365599531282969,2.97263277147862e-06
"best_ktsp_vs_each_classifier","balanced_accuracy","tier1_main","P1_psd_bandpower_from_derivatives","PSD_REGION_ABSOLUTE","single_condition","single_condition","ds004504__EC","CN_vs_FTD","kTSP_k5_nondisjoint","glmnet_lasso","classic_fast",20,0.0874166666666667,0.0833333333333334,0.0643333333333333,0.111333333333333,0.000111422865463284,1.13471357142691e-06,0.0490829590524173,0.000299071327167016,0.000342683498570927,2.69429706457531e-06
"best_ktsp_vs_each_classifier","macro_f1","tier1_main","P1_psd_bandpower_from_derivatives","PSD_REGION_ABSOLUTE","single_condition","single_condition","ds004504__EC","CN_vs_FTD","kTSP_k5_nondisjoint","knn_euclidean","classic_fast",20,0.147457212721919,0.140430402930403,0.124403811180649,0.169811231293217,9.56917315706463e-05,9.84432361403609e-11,0.0496898731631834,0.00029443609714045,4.41025697908817e-08,7.012394903149e-10
"best_ktsp_vs_each_classifier","mcc","tier1_main","P1_psd_bandpower_from_derivatives","PSD_REGION_ABSOLUTE","single_condition","single_condition","ds004504__EC","CN_vs_FTD","kTSP_k5_nondisjoint","knn_euclidean","classic_fast",20,0.26818334432069,0.258907336379947,0.226533079121422,0.310818338781142,9.56917315706463e-05,1.87916837679192e-10,0.0496898731631834,0.000324133170225704,8.53142443063534e-08,1.45845903870418e-09
"best_ktsp_vs_each_classifier","balanced_accuracy","tier1_main","P1_psd_bandpower_from_derivatives","PSD_REGION_ABSOLUTE","single_condition","single_condition","ds004504__EC","CN_vs_FTD","kTSP_k5_nondisjoint","knn_euclidean","classic_fast",20,0.13675,0.130833333333333,0.11725,0.156416666666667,9.5423308128284e-05,6.35964595597567e-11,0.0490829590524173,0.000299071327167016,2.83640209636515e-08,4.40935452947647e-10
"best_ktsp_vs_each_classifier","macro_f1","tier1_main","P1_psd_bandpower_from_derivatives","PSD_REGION_ABSOLUTE","single_condition","single_condition","ds004504__EC","CN_vs_FTD","kTSP_k5_nondisjoint","svm_linear_liblinear","classic_fast",20,0.0676820679320679,0.0739055389055389,0.0466015678765679,0.0895705828893329,0.000129926100333799,8.69148551979162e-06,0.0496898731631834,0.000329568644749149,0.00233800960482395,1.79348113900462e-05
"best_ktsp_vs_each_classifier","mcc","tier1_main","P1_psd_bandpower_from_derivatives","PSD_REGION_ABSOLUTE","single_condition","single_condition","ds004504__EC","CN_vs_FTD","kTSP_k5_nondisjoint","svm_linear_liblinear","classic_fast",20,0.130857481653153,0.131364881379814,0.0853612241280601,0.177636975007791,0.000203524868067628,4.01668458285399e-05,0.0614645101564185,0.000464179523663012,0.00988604954413878,7.59518539303299e-05
"best_ktsp_vs_each_classifier","balanced_accuracy","tier1_main","P1_psd_bandpower_from_derivatives","PSD_REGION_ABSOLUTE","single_condition","single_condition","ds004504__EC","CN_vs_FTD","kTSP_k5_nondisjoint","svm_linear_liblinear","classic_fast",20,0.0625833333333334,0.0650000000000001,0.0411666666666667,0.0860020833333333,0.000162641515230044,2.84901206170672e-05,0.0490829590524173,0.000358362660676369,0.00669517834501079,5.16676320886142e-05
"best_ktsp_vs_each_classifier","macro_f1","tier1_main","P1_psd_bandpower_from_derivatives","PSD_REGION_ABSOLUTE","single_condition","single_condition","ds004504__EC","CN_vs_FTD","kTSP_k5_nondisjoint","xgboost_default","classic_fast",20,0.151211677211677,0.156644466644467,0.128582663170163,0.174347919441669,9.56917315706463e-05,1.13698134878665e-10,0.0496898731631834,0.00029443609714045,5.08230662907634e-08,7.82547984672189e-10
"best_ktsp_vs_each_classifier","mcc","tier1_main","P1_psd_bandpower_from_derivatives","PSD_REGION_ABSOLUTE","single_condition","single_condition","ds004504__EC","CN_vs_FTD","kTSP_k5_nondisjoint","xgboost_default","classic_fast",20,0.282887261884678,0.276750726465794,0.237043598378075,0.331530738113672,9.56917315706463e-05,8.27404197090108e-10,0.0496898731631834,0.000324133170225704,3.65712655113828e-07,5.3781272810857e-09
"best_ktsp_vs_each_classifier","balanced_accuracy","tier1_main","P1_psd_bandpower_from_derivatives","PSD_REGION_ABSOLUTE","single_condition","single_condition","ds004504__EC","CN_vs_FTD","kTSP_k5_nondisjoint","xgboost_default","classic_fast",20,0.13875,0.136666666666667,0.1175,0.161585416666667,9.55574483907373e-05,2.72388675883634e-10,0.0490829590524173,0.000299071327167016,1.19033851361148e-07,1.66637778187635e-09
"best_ktsp_vs_each_classifier","macro_f1","tier1_main","P1_psd_bandpower_from_derivatives","PSD_REGION_ABSOLUTE","single_condition","single_condition","ds004504__EC","CN_vs_FTD","kTSP_k5_nondisjoint","glmnet_ridge","classic_fast",20,0.13081392871834,0.112367077367077,0.103434189074814,0.16027075440899,9.56917315706463e-05,4.57943452932625e-08,0.0496898731631834,0.00029443609714045,1.65317586508678e-05,1.48831622203103e-07
"best_ktsp_vs_each_classifier","mcc","tier1_main","P1_psd_bandpower_from_derivatives","PSD_REGION_ABSOLUTE","single_condition","single_condition","ds004504__EC","CN_vs_FTD","kTSP_k5_nondisjoint","glmnet_ridge","classic_fast",20,0.228348398730195,0.190711569495929,0.180310993501854,0.280429698547204,9.56917315706463e-05,4.12017365686913e-08,0.0496898731631834,0.000324133170225704,1.59450720520835e-05,1.59887335938205e-07
"best_ktsp_vs_each_classifier","balanced_accuracy","tier1_main","P1_psd_bandpower_from_derivatives","PSD_REGION_ABSOLUTE","single_condition","single_condition","ds004504__EC","CN_vs_FTD","kTSP_k5_nondisjoint","glmnet_ridge","classic_fast",20,0.11075,0.0941666666666667,0.0889166666666667,0.133666666666667,9.56917315706463e-05,1.31396995573132e-08,0.0490829590524173,0.000299071327167016,5.04564463000825e-06,4.98733121883419e-08
"best_ktsp_vs_each_classifier","macro_f1","tier1_main","P1_psd_bandpower_from_derivatives","PSD_REGION_ABSOLUTE","single_condition","single_condition","ds004504__EC","CN_vs_FTD","kTSP_k5_nondisjoint","majority","classic_fast",20,0.417752721135074,0.419156595038948,0.414912756238859,0.420180251243854,9.55574483907373e-05,1.86256640561994e-36,0.0496898731631834,0.00029443609714045,9.68534530922371e-34,9.68534530922371e-34
"best_ktsp_vs_each_classifier","mcc","tier1_main","P1_psd_bandpower_from_derivatives","PSD_REGION_ABSOLUTE","single_condition","single_condition","ds004504__EC","CN_vs_FTD","kTSP_k5_nondisjoint","majority","classic_fast",20,0.581904873011579,0.580136515808564,0.575703953781213,0.588484141072979,9.55574483907373e-05,6.26389615978622e-32,0.0496898731631834,0.000324133170225704,3.24469821076926e-29,8.19100102836405e-30
"best_ktsp_vs_each_classifier","balanced_accuracy","tier1_main","P1_psd_bandpower_from_derivatives","PSD_REGION_ABSOLUTE","single_condition","single_condition","ds004504__EC","CN_vs_FTD","kTSP_k5_nondisjoint","majority","classic_fast",20,0.27775,0.278333333333333,0.27525,0.28025,9.36924464045585e-05,1.45554618546507e-33,0.0487200721303704,0.000299071327167016,7.56884016441838e-31,7.51511265361805e-31
"best_ktsp_vs_each_classifier","macro_f1","tier1_main","P1_psd_bandpower_from_derivatives","PSD_REGION_ABSOLUTE","single_condition","single_condition","ds004504__EC","CN_vs_FTD","kTSP_k5_nondisjoint","xgboost_shallow","classic_fast",20,0.151211677211677,0.156644466644467,0.128468177655678,0.175226643495393,9.56917315706463e-05,1.13698134878665e-10,0.0496898731631834,0.00029443609714045,5.08230662907634e-08,7.82547984672189e-10
"best_ktsp_vs_each_classifier","mcc","tier1_main","P1_psd_bandpower_from_derivatives","PSD_REGION_ABSOLUTE","single_condition","single_condition","ds004504__EC","CN_vs_FTD","kTSP_k5_nondisjoint","xgboost_shallow","classic_fast",20,0.282887261884678,0.276750726465794,0.236093342947442,0.331455047149945,9.56917315706463e-05,8.27404197090108e-10,0.0496898731631834,0.000324133170225704,3.65712655113828e-07,5.3781272810857e-09
"best_ktsp_vs_each_classifier","balanced_accuracy","tier1_main","P1_psd_bandpower_from_derivatives","PSD_REGION_ABSOLUTE","single_condition","single_condition","ds004504__EC","CN_vs_FTD","kTSP_k5_nondisjoint","xgboost_shallow","classic_fast",20,0.13875,0.136666666666667,0.117166666666667,0.161002083333333,9.55574483907373e-05,2.72388675883634e-10,0.0490829590524173,0.000299071327167016,1.19033851361148e-07,1.66637778187635e-09
"best_ktsp_vs_each_classifier","macro_f1","tier1_main","P1_psd_bandpower_from_derivatives","PSD_REGION_ABSOLUTE","single_condition","single_condition","ds006036__EO_or_photomark","AD_FTD_vs_CN","kTSP_k9_nondisjoint","svm_linear_liblinear","classic_fast",20,0.0589252624301658,0.0561236999715261,0.046843733075138,0.0717553417417257,9.56917315706463e-05,3.08849513634199e-08,0.0496898731631834,0.00029443609714045,1.13853159523348e-05,1.04968462150185e-07
"best_ktsp_vs_each_classifier","mcc","tier1_main","P1_psd_bandpower_from_derivatives","PSD_REGION_ABSOLUTE","single_condition","single_condition","ds006036__EO_or_photomark","AD_FTD_vs_CN","kTSP_k9_nondisjoint","svm_linear_liblinear","classic_fast",20,0.107293385594434,0.103606030775338,0.0828839163091093,0.131824932974448,0.00011157661051997,1.48950147477506e-07,0.0496898731631834,0.000324133170225704,5.3324152796947e-05,4.75178384590815e-07
"best_ktsp_vs_each_classifier","balanced_accuracy","tier1_main","P1_psd_bandpower_from_derivatives","PSD_REGION_ABSOLUTE","single_condition","single_condition","ds006036__EO_or_photomark","AD_FTD_vs_CN","kTSP_k9_nondisjoint","svm_linear_liblinear","classic_fast",20,0.0708106060606061,0.0692424242424242,0.0585589015151515,0.0840685606060606,9.55574483907373e-05,3.38192179380375e-09,0.0490829590524173,0.000299071327167016,1.3561506393153e-06,1.46549944398163e-08
"best_ktsp_vs_each_classifier","macro_f1","tier1_main","P1_psd_bandpower_from_derivatives","PSD_REGION_ABSOLUTE","single_condition","single_condition","ds006036__EO_or_photomark","AD_FTD_vs_CN","kTSP_k9_nondisjoint","glmnet_elasticnet","classic_fast",20,0.0940129305022791,0.0886581027886953,0.0753821359252639,0.113445142410381,9.56917315706463e-05,1.53377898139872e-08,0.0496898731631834,0.00029443609714045,5.81302233950117e-06,5.6166554248404e-08
"best_ktsp_vs_each_classifier","mcc","tier1_main","P1_psd_bandpower_from_derivatives","PSD_REGION_ABSOLUTE","single_condition","single_condition","ds006036__EO_or_photomark","AD_FTD_vs_CN","kTSP_k9_nondisjoint","glmnet_elasticnet","classic_fast",20,0.143533428448256,0.143964288040614,0.109422600382322,0.178008179341084,9.56917315706463e-05,1.76683928753109e-07,0.0496898731631834,0.000324133170225704,6.27227947073537e-05,5.53467728624197e-07
"best_ktsp_vs_each_classifier","balanced_accuracy","tier1_main","P1_psd_bandpower_from_derivatives","PSD_REGION_ABSOLUTE","single_condition","single_condition","ds006036__EO_or_photomark","AD_FTD_vs_CN","kTSP_k9_nondisjoint","glmnet_elasticnet","classic_fast",20,0.104545454545455,0.103409090909091,0.0892494318181818,0.119750189393939,9.56917315706463e-05,4.47835705615592e-11,0.0490829590524173,0.000299071327167016,2.01078231821401e-08,3.21449658715389e-10
"best_ktsp_vs_each_classifier","macro_f1","tier1_main","P1_psd_bandpower_from_derivatives","PSD_REGION_ABSOLUTE","single_condition","single_condition","ds006036__EO_or_photomark","AD_FTD_vs_CN","kTSP_k9_nondisjoint","ranger_rf","classic_fast",20,0.0673840216744197,0.0706082194777846,0.0524850946935425,0.0809429285464559,0.000151093078387232,3.0854514775975e-08,0.0496898731631834,0.000358759820828257,1.13853159523348e-05,1.04968462150185e-07
"best_ktsp_vs_each_classifier","mcc","tier1_main","P1_psd_bandpower_from_derivatives","PSD_REGION_ABSOLUTE","single_condition","single_condition","ds006036__EO_or_photomark","AD_FTD_vs_CN","kTSP_k9_nondisjoint","ranger_rf","classic_fast",20,0.116254726698747,0.120472982430344,0.0873016380047654,0.142984997419558,0.000151093078387232,1.83258488200402e-07,0.0496898731631834,0.000372362088916532,6.45069878465417e-05,5.63872271385854e-07
"best_ktsp_vs_each_classifier","balanced_accuracy","tier1_main","P1_psd_bandpower_from_derivatives","PSD_REGION_ABSOLUTE","single_condition","single_condition","ds006036__EO_or_photomark","AD_FTD_vs_CN","kTSP_k9_nondisjoint","ranger_rf","classic_fast",20,0.0829469696969697,0.0870454545454546,0.0691513257575758,0.0955458333333333,9.56917315706463e-05,2.79851406110736e-10,0.0490829590524173,0.000299071327167016,1.2173536165817e-07,1.69212478113468e-09
"best_ktsp_vs_each_classifier","macro_f1","tier1_main","P1_psd_bandpower_from_derivatives","PSD_REGION_ABSOLUTE","single_condition","single_condition","ds006036__EO_or_photomark","AD_FTD_vs_CN","kTSP_k9_nondisjoint","glmnet_lasso","classic_fast",20,0.092993969417276,0.0917325777670605,0.071697399891487,0.114165014512529,9.56917315706463e-05,1.12445759005474e-07,0.0496898731631834,0.00029443609714045,3.90769095075479e-05,3.34124541044837e-07
"best_ktsp_vs_each_classifier","mcc","tier1_main","P1_psd_bandpower_from_derivatives","PSD_REGION_ABSOLUTE","single_condition","single_condition","ds006036__EO_or_photomark","AD_FTD_vs_CN","kTSP_k9_nondisjoint","glmnet_lasso","classic_fast",20,0.147928991282585,0.144089359287875,0.110747934003414,0.186573462643784,0.000129926100333799,5.45678950650845e-07,0.0496898731631834,0.000350059959448578,0.000181711090566731,1.50932475711936e-06
"best_ktsp_vs_each_classifier","balanced_accuracy","tier1_main","P1_psd_bandpower_from_derivatives","PSD_REGION_ABSOLUTE","single_condition","single_condition","ds006036__EO_or_photomark","AD_FTD_vs_CN","kTSP_k9_nondisjoint","glmnet_lasso","classic_fast",20,0.103386363636364,0.107121212121212,0.0830897727272727,0.123038825757576,9.56917315706463e-05,6.104857842631e-09,0.0490829590524173,0.000299071327167016,2.39920913215398e-06,2.46648420779768e-08
"best_ktsp_vs_each_classifier","macro_f1","tier1_main","P1_psd_bandpower_from_derivatives","PSD_REGION_ABSOLUTE","single_condition","single_condition","ds006036__EO_or_photomark","AD_FTD_vs_CN","kTSP_k9_nondisjoint","sda_shrinklda","classic_fast",20,0.0834519839137463,0.0883854772441729,0.0736067766778397,0.0931624942696772,9.56917315706463e-05,1.48477167447876e-12,0.0496898731631834,0.00029443609714045,6.94873143656059e-10,1.45675711458293e-11
"best_ktsp_vs_each_classifier","mcc","tier1_main","P1_psd_bandpower_from_derivatives","PSD_REGION_ABSOLUTE","single_condition","single_condition","ds006036__EO_or_photomark","AD_FTD_vs_CN","kTSP_k9_nondisjoint","sda_shrinklda","classic_fast",20,0.128315515028513,0.136125692194399,0.107594148411563,0.147824036186649,9.56917315706463e-05,2.10984230949891e-10,0.0496898731631834,0.000324133170225704,9.53648723893506e-08,1.59002608831802e-09
"best_ktsp_vs_each_classifier","balanced_accuracy","tier1_main","P1_psd_bandpower_from_derivatives","PSD_REGION_ABSOLUTE","single_condition","single_condition","ds006036__EO_or_photomark","AD_FTD_vs_CN","kTSP_k9_nondisjoint","sda_shrinklda","classic_fast",20,0.0956969696969697,0.100454545454545,0.0867346590909091,0.104720075757576,9.55574483907373e-05,2.08162794653327e-14,0.0490829590524173,0.000299071327167016,9.99181414335972e-12,2.64011349316415e-13
"best_ktsp_vs_each_classifier","macro_f1","tier1_main","P1_psd_bandpower_from_derivatives","PSD_REGION_ABSOLUTE","single_condition","single_condition","ds006036__EO_or_photomark","AD_FTD_vs_CN","kTSP_k9_nondisjoint","xgboost_default","classic_fast",20,0.0918724211771819,0.0910516634183683,0.0725552353993509,0.111746516512211,0.00011157661051997,2.4829749590937e-08,0.0496898731631834,0.000297537628053339,9.26149659741951e-06,8.65222923657249e-08
"best_ktsp_vs_each_classifier","mcc","tier1_main","P1_psd_bandpower_from_derivatives","PSD_REGION_ABSOLUTE","single_condition","single_condition","ds006036__EO_or_photomark","AD_FTD_vs_CN","kTSP_k9_nondisjoint","xgboost_default","classic_fast",20,0.173663246816291,0.177674466719744,0.136251148892078,0.211010141553355,0.00011157661051997,3.65012345522938e-08,0.0496898731631834,0.000324133170225704,1.42719827099469e-05,1.43857036974554e-07
"best_ktsp_vs_each_classifier","balanced_accuracy","tier1_main","P1_psd_bandpower_from_derivatives","PSD_REGION_ABSOLUTE","single_condition","single_condition","ds006036__EO_or_photomark","AD_FTD_vs_CN","kTSP_k9_nondisjoint","xgboost_default","classic_fast",20,0.0996287878787879,0.101666666666667,0.0808333333333333,0.11694696969697,9.56917315706463e-05,1.94259456502819e-09,0.0490829590524173,0.000299071327167016,7.98406366226588e-07,9.10044300733929e-09
"best_ktsp_vs_each_classifier","macro_f1","tier1_main","P1_psd_bandpower_from_derivatives","PSD_REGION_ABSOLUTE","single_condition","single_condition","ds006036__EO_or_photomark","AD_FTD_vs_CN","kTSP_k9_nondisjoint","knn_euclidean","classic_fast",20,0.076041278302516,0.0774269044160349,0.0621499311074217,0.0899461423250885,9.56917315706463e-05,3.17353323888699e-09,0.0496898731631834,0.00029443609714045,1.28528096174923e-06,1.42261834846658e-08
"best_ktsp_vs_each_classifier","mcc","tier1_main","P1_psd_bandpower_from_derivatives","PSD_REGION_ABSOLUTE","single_condition","single_condition","ds006036__EO_or_photomark","AD_FTD_vs_CN","kTSP_k9_nondisjoint","knn_euclidean","classic_fast",20,0.129694450252399,0.13174586889446,0.101547726978356,0.159469871728474,9.56917315706463e-05,6.6981730114908e-08,0.0496898731631834,0.000324133170225704,2.50511670629756e-05,2.35516516348112e-07
"best_ktsp_vs_each_classifier","balanced_accuracy","tier1_main","P1_psd_bandpower_from_derivatives","PSD_REGION_ABSOLUTE","single_condition","single_condition","ds006036__EO_or_photomark","AD_FTD_vs_CN","kTSP_k9_nondisjoint","knn_euclidean","classic_fast",20,0.0922575757575758,0.0946212121212122,0.0800751893939394,0.104220075757576,9.56917315706463e-05,8.54094457635785e-12,0.0490829590524173,0.000299071327167016,3.92883450512461e-09,7.28080521263292e-11
"best_ktsp_vs_each_classifier","macro_f1","tier1_main","P1_psd_bandpower_from_derivatives","PSD_REGION_ABSOLUTE","single_condition","single_condition","ds006036__EO_or_photomark","AD_FTD_vs_CN","kTSP_k9_nondisjoint","majority","classic_fast",20,0.37232887533539,0.37731703159964,0.361895738515677,0.381278924713136,9.56917315706463e-05,1.1036012444465e-24,0.0496898731631834,0.00029443609714045,5.58422229689929e-22,3.82581764741453e-23
"best_ktsp_vs_each_classifier","mcc","tier1_main","P1_psd_bandpower_from_derivatives","PSD_REGION_ABSOLUTE","single_condition","single_condition","ds006036__EO_or_photomark","AD_FTD_vs_CN","kTSP_k9_nondisjoint","majority","classic_fast",20,0.566662296564131,0.573324944917325,0.54772388939156,0.583151941205077,9.56917315706463e-05,3.52965520487804e-23,0.0496898731631834,0.000324133170225704,1.78953518887317e-20,1.31101479038327e-21
"best_ktsp_vs_each_classifier","balanced_accuracy","tier1_main","P1_psd_bandpower_from_derivatives","PSD_REGION_ABSOLUTE","single_condition","single_condition","ds006036__EO_or_photomark","AD_FTD_vs_CN","kTSP_k9_nondisjoint","majority","classic_fast",20,0.286219696969697,0.290151515151515,0.276749810606061,0.294742613636364,9.56917315706463e-05,4.30671883201379e-23,0.0490829590524173,0.000299071327167016,2.18781316666301e-20,1.72268753280552e-21
"best_ktsp_vs_each_classifier","macro_f1","tier1_main","P1_psd_bandpower_from_derivatives","PSD_REGION_ABSOLUTE","single_condition","single_condition","ds006036__EO_or_photomark","AD_FTD_vs_CN","kTSP_k9_nondisjoint","glmnet_ridge","classic_fast",20,0.111704802470613,0.116489037449307,0.0971639040864423,0.12553418524332,9.56917315706463e-05,5.7717183136797e-12,0.0496898731631834,0.00029443609714045,2.6723055792337e-09,5.17464400536801e-11
"best_ktsp_vs_each_classifier","mcc","tier1_main","P1_psd_bandpower_from_derivatives","PSD_REGION_ABSOLUTE","single_condition","single_condition","ds006036__EO_or_photomark","AD_FTD_vs_CN","kTSP_k9_nondisjoint","glmnet_ridge","classic_fast",20,0.162863007212765,0.181336877315293,0.135000888126892,0.189007457935705,9.56917315706463e-05,5.15022592767334e-10,0.0496898731631834,0.000324133170225704,2.30730121559766e-07,3.66865408546594e-09
"best_ktsp_vs_each_classifier","balanced_accuracy","tier1_main","P1_psd_bandpower_from_derivatives","PSD_REGION_ABSOLUTE","single_condition","single_condition","ds006036__EO_or_photomark","AD_FTD_vs_CN","kTSP_k9_nondisjoint","glmnet_ridge","classic_fast",20,0.122272727272727,0.130909090909091,0.109083333333333,0.13480303030303,9.5423308128284e-05,2.061512549129e-13,0.0490829590524173,0.000299071327167016,9.77156948287148e-11,2.28082239478103e-12
"best_ktsp_vs_each_classifier","macro_f1","tier1_main","P1_psd_bandpower_from_derivatives","PSD_REGION_ABSOLUTE","single_condition","single_condition","ds006036__EO_or_photomark","AD_FTD_vs_CN","kTSP_k9_nondisjoint","xgboost_shallow","classic_fast",20,0.0918724211771819,0.0910516634183683,0.0723758656614371,0.111363154879698,0.00011157661051997,2.4829749590937e-08,0.0496898731631834,0.000297537628053339,9.26149659741951e-06,8.65222923657249e-08
"best_ktsp_vs_each_classifier","mcc","tier1_main","P1_psd_bandpower_from_derivatives","PSD_REGION_ABSOLUTE","single_condition","single_condition","ds006036__EO_or_photomark","AD_FTD_vs_CN","kTSP_k9_nondisjoint","xgboost_shallow","classic_fast",20,0.173663246816291,0.177674466719744,0.136672194079086,0.211519839452988,0.00011157661051997,3.65012345522938e-08,0.0496898731631834,0.000324133170225704,1.42719827099469e-05,1.43857036974554e-07
"best_ktsp_vs_each_classifier","balanced_accuracy","tier1_main","P1_psd_bandpower_from_derivatives","PSD_REGION_ABSOLUTE","single_condition","single_condition","ds006036__EO_or_photomark","AD_FTD_vs_CN","kTSP_k9_nondisjoint","xgboost_shallow","classic_fast",20,0.0996287878787879,0.101666666666667,0.0815909090909091,0.117788257575758,9.56917315706463e-05,1.94259456502819e-09,0.0490829590524173,0.000299071327167016,7.98406366226588e-07,9.10044300733929e-09
"best_ktsp_vs_each_classifier","macro_f1","tier1_main","P1_psd_bandpower_from_derivatives","PSD_REGION_ABSOLUTE","single_condition","single_condition","ds006036__EO_or_photomark","AD_vs_CN","kTSP_k9_disjoint","sda_shrinklda","classic_fast",20,0.0300985378570518,0.0305468886119041,0.0118416274407567,0.0495336763500947,0.0117369771161822,0.0062678518187863,1,0.0151070002485513,0.796845296641546,0.00827229174053015
"best_ktsp_vs_each_classifier","mcc","tier1_main","P1_psd_bandpower_from_derivatives","PSD_REGION_ABSOLUTE","single_condition","single_condition","ds006036__EO_or_photomark","AD_vs_CN","kTSP_k9_disjoint","sda_shrinklda","classic_fast",20,0.0682677521947888,0.0616224333821456,0.0379044353329011,0.100078418073859,0.000953358041013486,0.000493991401432356,0.204018620776868,0.00159918123008714,0.0972841238626291,0.000790386242291769
"best_ktsp_vs_each_classifier","balanced_accuracy","tier1_main","P1_psd_bandpower_from_derivatives","PSD_REGION_ABSOLUTE","single_condition","single_condition","ds006036__EO_or_photomark","AD_vs_CN","kTSP_k9_disjoint","sda_shrinklda","classic_fast",20,0.0416666666666667,0.0420238095238095,0.0259339285714286,0.058422619047619,0.000635624201131391,0.00012019607372636,0.136509934261847,0.00106278001475351,0.0248805872613566,0.000199050822731552
"best_ktsp_vs_each_classifier","macro_f1","tier1_main","P1_psd_bandpower_from_derivatives","PSD_REGION_ABSOLUTE","single_condition","single_condition","ds006036__EO_or_photomark","AD_vs_CN","kTSP_k9_disjoint","glmnet_elasticnet","classic_fast",20,0.0804477039558309,0.0898854563908744,0.0639180245472621,0.0960293525768177,9.56917315706463e-05,1.22682709487099e-08,0.0496898731631834,0.00029443609714045,4.68647950240717e-06,4.58956898800657e-08
"best_ktsp_vs_each_classifier","mcc","tier1_main","P1_psd_bandpower_from_derivatives","PSD_REGION_ABSOLUTE","single_condition","single_condition","ds006036__EO_or_photomark","AD_vs_CN","kTSP_k9_disjoint","glmnet_elasticnet","classic_fast",20,0.153766125440903,0.159633511163045,0.125187045310858,0.183312510207069,9.56917315706463e-05,6.31269553468883e-09,0.0496898731631834,0.000324133170225704,2.61345595136117e-06,3.06785203554971e-08
"best_ktsp_vs_each_classifier","balanced_accuracy","tier1_main","P1_psd_bandpower_from_derivatives","PSD_REGION_ABSOLUTE","single_condition","single_condition","ds006036__EO_or_photomark","AD_vs_CN","kTSP_k9_disjoint","glmnet_elasticnet","classic_fast",20,0.0880654761904762,0.0961904761904762,0.0729684523809524,0.102928720238095,9.56917315706463e-05,6.25214360461661e-10,0.0490829590524173,0.000299071327167016,2.66341317556668e-07,3.4222259730533e-09
"best_ktsp_vs_each_classifier","macro_f1","tier1_main","P1_psd_bandpower_from_derivatives","PSD_REGION_ABSOLUTE","single_condition","single_condition","ds006036__EO_or_photomark","AD_vs_CN","kTSP_k9_disjoint","xgboost_shallow","classic_fast",20,0.137626460828473,0.138851981351981,0.114444465332139,0.159874399953976,9.56917315706463e-05,5.36033972110781e-10,0.0496898731631834,0.00029443609714045,2.30494608007636e-07,3.00836890084704e-09
"best_ktsp_vs_each_classifier","mcc","tier1_main","P1_psd_bandpower_from_derivatives","PSD_REGION_ABSOLUTE","single_condition","single_condition","ds006036__EO_or_photomark","AD_vs_CN","kTSP_k9_disjoint","xgboost_shallow","classic_fast",20,0.289096448510829,0.29959158643187,0.248827299927197,0.327837106632589,9.56917315706463e-05,3.9269671312218e-11,0.0496898731631834,0.000324133170225704,1.82996668314936e-08,3.64646947899167e-10
"best_ktsp_vs_each_classifier","balanced_accuracy","tier1_main","P1_psd_bandpower_from_derivatives","PSD_REGION_ABSOLUTE","single_condition","single_condition","ds006036__EO_or_photomark","AD_vs_CN","kTSP_k9_disjoint","xgboost_shallow","classic_fast",20,0.143815476190476,0.149642857142857,0.122576636904762,0.16461994047619,9.56917315706463e-05,6.97630644424136e-11,0.0490829590524173,0.000299071327167016,3.1044563676874e-08,4.71127188442274e-10
"best_ktsp_vs_each_classifier","macro_f1","tier1_main","P1_psd_bandpower_from_derivatives","PSD_REGION_ABSOLUTE","single_condition","single_condition","ds006036__EO_or_photomark","AD_vs_CN","kTSP_k9_disjoint","glmnet_ridge","classic_fast",20,0.0996159187819404,0.0984391086209971,0.078222404739868,0.121670988776445,9.56917315706463e-05,4.65848155454406e-08,0.0496898731631834,0.00029443609714045,1.67705335963586e-05,1.49974146637813e-07
"best_ktsp_vs_each_classifier","mcc","tier1_main","P1_psd_bandpower_from_derivatives","PSD_REGION_ABSOLUTE","single_condition","single_condition","ds006036__EO_or_photomark","AD_vs_CN","kTSP_k9_disjoint","glmnet_ridge","classic_fast",20,0.195214722110211,0.196247134155432,0.158363714754563,0.230749881631734,9.56917315706463e-05,4.27156237320667e-09,0.0496898731631834,0.000324133170225704,1.78978463437359e-06,2.17765924908575e-08
"best_ktsp_vs_each_classifier","balanced_accuracy","tier1_main","P1_psd_bandpower_from_derivatives","PSD_REGION_ABSOLUTE","single_condition","single_condition","ds006036__EO_or_photomark","AD_vs_CN","kTSP_k9_disjoint","glmnet_ridge","classic_fast",20,0.104744047619048,0.104285714285714,0.0866590773809524,0.123928720238095,9.55574483907373e-05,1.930979838831e-09,0.0490829590524173,0.000299071327167016,7.9556369359837e-07,9.10044300733929e-09
"best_ktsp_vs_each_classifier","macro_f1","tier1_main","P1_psd_bandpower_from_derivatives","PSD_REGION_ABSOLUTE","single_condition","single_condition","ds006036__EO_or_photomark","AD_vs_CN","kTSP_k9_disjoint","glmnet_lasso","classic_fast",20,0.0944937010014409,0.0801871318396086,0.0699785552628916,0.118351384821963,0.00011157661051997,4.38089656987653e-07,0.0496898731631834,0.000297537628053339,0.000141064869550024,1.14475689263105e-06
"best_ktsp_vs_each_classifier","mcc","tier1_main","P1_psd_bandpower_from_derivatives","PSD_REGION_ABSOLUTE","single_condition","single_condition","ds006036__EO_or_photomark","AD_vs_CN","kTSP_k9_disjoint","glmnet_lasso","classic_fast",20,0.179024395974643,0.157981123622829,0.138688546428252,0.2219417742267,9.56917315706463e-05,1.16932318085692e-07,0.0496898731631834,0.000324133170225704,4.25633637831919e-05,3.87291754169171e-07
"best_ktsp_vs_each_classifier","balanced_accuracy","tier1_main","P1_psd_bandpower_from_derivatives","PSD_REGION_ABSOLUTE","single_condition","single_condition","ds006036__EO_or_photomark","AD_vs_CN","kTSP_k9_disjoint","glmnet_lasso","classic_fast",20,0.101035714285714,0.08625,0.0800994047619048,0.121466220238095,9.56917315706463e-05,1.87189457632203e-08,0.0490829590524173,0.000299071327167016,7.15063728155014e-06,7.00277107688815e-08
"best_ktsp_vs_each_classifier","macro_f1","tier1_main","P1_psd_bandpower_from_derivatives","PSD_REGION_ABSOLUTE","single_condition","single_condition","ds006036__EO_or_photomark","AD_vs_CN","kTSP_k9_disjoint","knn_euclidean","classic_fast",20,0.116281135402265,0.101015731344679,0.0961886407237414,0.13691720500754,9.56917315706463e-05,1.31527798551384e-09,0.0496898731631834,0.00029443609714045,5.49786197944785e-07,6.64023837346793e-09
"best_ktsp_vs_each_classifier","mcc","tier1_main","P1_psd_bandpower_from_derivatives","PSD_REGION_ABSOLUTE","single_condition","single_condition","ds006036__EO_or_photomark","AD_vs_CN","kTSP_k9_disjoint","knn_euclidean","classic_fast",20,0.248129828471699,0.227607628989621,0.214758806199476,0.282278801116491,9.56917315706463e-05,2.06647613762485e-11,0.0496898731631834,0.000324133170225704,9.7124378468368e-09,2.10699527757828e-10
"best_ktsp_vs_each_classifier","balanced_accuracy","tier1_main","P1_psd_bandpower_from_derivatives","PSD_REGION_ABSOLUTE","single_condition","single_condition","ds006036__EO_or_photomark","AD_vs_CN","kTSP_k9_disjoint","knn_euclidean","classic_fast",20,0.12372619047619,0.112142857142857,0.106726190476191,0.141970982142857,9.56917315706463e-05,5.41671522409977e-11,0.0490829590524173,0.000299071327167016,2.4212717051726e-08,3.80634042774578e-10
"best_ktsp_vs_each_classifier","macro_f1","tier1_main","P1_psd_bandpower_from_derivatives","PSD_REGION_ABSOLUTE","single_condition","single_condition","ds006036__EO_or_photomark","AD_vs_CN","kTSP_k9_disjoint","svm_linear_liblinear","classic_fast",20,0.0709320328364446,0.0659317071817072,0.0506554139487963,0.0918273602214779,0.000151093078387232,2.14388839610551e-06,0.0496898731631834,0.000358759820828257,0.000641022630435547,5.02172056745434e-06
"best_ktsp_vs_each_classifier","mcc","tier1_main","P1_psd_bandpower_from_derivatives","PSD_REGION_ABSOLUTE","single_condition","single_condition","ds006036__EO_or_photomark","AD_vs_CN","kTSP_k9_disjoint","svm_linear_liblinear","classic_fast",20,0.159040512209599,0.145172210695017,0.125532642828541,0.195101466226767,9.56917315706463e-05,4.99309284769755e-08,0.0496898731631834,0.000324133170225704,1.89737528212507e-05,1.84142431262605e-07
"best_ktsp_vs_each_classifier","balanced_accuracy","tier1_main","P1_psd_bandpower_from_derivatives","PSD_REGION_ABSOLUTE","single_condition","single_condition","ds006036__EO_or_photomark","AD_vs_CN","kTSP_k9_disjoint","svm_linear_liblinear","classic_fast",20,0.08125,0.0753571428571429,0.0634214285714286,0.101208482142857,9.56917315706463e-05,9.62321142249846e-08,0.0490829590524173,0.000299071327167016,3.30076151791697e-05,2.81127524702202e-07
"best_ktsp_vs_each_classifier","macro_f1","tier1_main","P1_psd_bandpower_from_derivatives","PSD_REGION_ABSOLUTE","single_condition","single_condition","ds006036__EO_or_photomark","AD_vs_CN","kTSP_k9_disjoint","majority","classic_fast",20,0.458961619950397,0.468233316391211,0.442101903992335,0.474950502309868,9.56917315706463e-05,2.91871641631163e-22,0.0496898731631834,0.00029443609714045,1.46519564098844e-19,7.98806598148446e-21
"best_ktsp_vs_each_classifier","mcc","tier1_main","P1_psd_bandpower_from_derivatives","PSD_REGION_ABSOLUTE","single_condition","single_condition","ds006036__EO_or_photomark","AD_vs_CN","kTSP_k9_disjoint","majority","classic_fast",20,0.67248936704632,0.68574717878931,0.646408440791542,0.698055063544233,9.56917315706463e-05,1.83504984103735e-21,0.0496898731631834,0.000324133170225704,9.24865119882826e-19,5.61309363140837e-20
"best_ktsp_vs_each_classifier","balanced_accuracy","tier1_main","P1_psd_bandpower_from_derivatives","PSD_REGION_ABSOLUTE","single_condition","single_condition","ds006036__EO_or_photomark","AD_vs_CN","kTSP_k9_disjoint","majority","classic_fast",20,0.329422619047619,0.339226190476191,0.315136607142857,0.343309821428571,9.55574483907373e-05,1.62487752321931e-20,0.0490829590524173,0.000299071327167016,8.15688516656093e-18,4.44703322144232e-19
"best_ktsp_vs_each_classifier","macro_f1","tier1_main","P1_psd_bandpower_from_derivatives","PSD_REGION_ABSOLUTE","single_condition","single_condition","ds006036__EO_or_photomark","AD_vs_CN","kTSP_k9_disjoint","ranger_rf","classic_fast",20,0.138624540578101,0.151078814975874,0.114829521585656,0.161043015026984,9.56917315706463e-05,5.06425434947819e-10,0.0496898731631834,0.00029443609714045,2.1826936246251e-07,2.92601362414296e-09
"best_ktsp_vs_each_classifier","mcc","tier1_main","P1_psd_bandpower_from_derivatives","PSD_REGION_ABSOLUTE","single_condition","single_condition","ds006036__EO_or_photomark","AD_vs_CN","kTSP_k9_disjoint","ranger_rf","classic_fast",20,0.289030035721353,0.296252592717909,0.248178676016531,0.329739154379386,9.56917315706463e-05,4.82295264543258e-11,0.0496898731631834,0.000324133170225704,2.22338116954442e-08,4.17989229270824e-10
"best_ktsp_vs_each_classifier","balanced_accuracy","tier1_main","P1_psd_bandpower_from_derivatives","PSD_REGION_ABSOLUTE","single_condition","single_condition","ds006036__EO_or_photomark","AD_vs_CN","kTSP_k9_disjoint","ranger_rf","classic_fast",20,0.144696428571429,0.150892857142857,0.124648511904762,0.165097619047619,9.56917315706463e-05,4.51265867042757e-11,0.0490829590524173,0.000299071327167016,2.02167108435155e-08,3.21449658715389e-10
"best_ktsp_vs_each_classifier","macro_f1","tier1_main","P1_psd_bandpower_from_derivatives","PSD_REGION_ABSOLUTE","single_condition","single_condition","ds006036__EO_or_photomark","AD_vs_CN","kTSP_k9_disjoint","xgboost_default","classic_fast",20,0.137626460828473,0.138851981351981,0.114139564109136,0.159950065600249,9.56917315706463e-05,5.36033972110781e-10,0.0496898731631834,0.00029443609714045,2.30494608007636e-07,3.00836890084704e-09
"best_ktsp_vs_each_classifier","mcc","tier1_main","P1_psd_bandpower_from_derivatives","PSD_REGION_ABSOLUTE","single_condition","single_condition","ds006036__EO_or_photomark","AD_vs_CN","kTSP_k9_disjoint","xgboost_default","classic_fast",20,0.289096448510829,0.29959158643187,0.2467134484944,0.329417578324761,9.56917315706463e-05,3.9269671312218e-11,0.0496898731631834,0.000324133170225704,1.82996668314936e-08,3.64646947899167e-10
"best_ktsp_vs_each_classifier","balanced_accuracy","tier1_main","P1_psd_bandpower_from_derivatives","PSD_REGION_ABSOLUTE","single_condition","single_condition","ds006036__EO_or_photomark","AD_vs_CN","kTSP_k9_disjoint","xgboost_default","classic_fast",20,0.143815476190476,0.149642857142857,0.122654464285714,0.165484970238095,9.56917315706463e-05,6.97630644424136e-11,0.0490829590524173,0.000299071327167016,3.1044563676874e-08,4.71127188442274e-10
"best_ktsp_vs_each_classifier","macro_f1","tier1_main","P1_psd_bandpower_from_derivatives","PSD_REGION_ABSOLUTE","single_condition","single_condition","ds006036__EO_or_photomark","AD_vs_FTD","kTSP_k3_nondisjoint","sda_shrinklda","classic_fast",20,0.0901110710754674,0.0886537808596632,0.0636322483706095,0.114925016830435,0.00023574535856441,2.21727089126734e-06,0.0653014643223415,0.000478857759584016,0.000660746725597668,5.17031777335882e-06
"best_ktsp_vs_each_classifier","mcc","tier1_main","P1_psd_bandpower_from_derivatives","PSD_REGION_ABSOLUTE","single_condition","single_condition","ds006036__EO_or_photomark","AD_vs_FTD","kTSP_k3_nondisjoint","sda_shrinklda","classic_fast",20,0.156337383943205,0.189616711525843,0.0995190700304429,0.211158964711003,0.000481928896718165,3.2316689641253e-05,0.115662935212359,0.00088240502216002,0.00833770592744326,6.38961164009564e-05
"best_ktsp_vs_each_classifier","balanced_accuracy","tier1_main","P1_psd_bandpower_from_derivatives","PSD_REGION_ABSOLUTE","single_condition","single_condition","ds006036__EO_or_photomark","AD_vs_FTD","kTSP_k3_nondisjoint","sda_shrinklda","classic_fast",20,0.0776785714285714,0.0885714285714286,0.053375,0.10175,0.000315046961090193,8.06018537772566e-06,0.0764639985089908,0.000578884875501415,0.0021359491250973,1.63722515485052e-05
"best_ktsp_vs_each_classifier","macro_f1","tier1_main","P1_psd_bandpower_from_derivatives","PSD_REGION_ABSOLUTE","single_condition","single_condition","ds006036__EO_or_photomark","AD_vs_FTD","kTSP_k3_nondisjoint","ranger_rf","classic_fast",20,0.0731387018983768,0.0695106282606283,0.042885296590879,0.101439882977789,0.000728541800169902,0.000124953392282463,0.150079610835,0.00119508434097271,0.02536553863334,0.000204326301845537
"best_ktsp_vs_each_classifier","mcc","tier1_main","P1_psd_bandpower_from_derivatives","PSD_REGION_ABSOLUTE","single_condition","single_condition","ds006036__EO_or_photomark","AD_vs_FTD","kTSP_k3_nondisjoint","ranger_rf","classic_fast",20,0.142918874536478,0.146318463124383,0.0828632868749672,0.199098747172707,0.000953358041013486,0.000184224364003817,0.204018620776868,0.00159918123008714,0.0397924626248245,0.000314087440268803
"best_ktsp_vs_each_classifier","balanced_accuracy","tier1_main","P1_psd_bandpower_from_derivatives","PSD_REGION_ABSOLUTE","single_condition","single_condition","ds006036__EO_or_photomark","AD_vs_FTD","kTSP_k3_nondisjoint","ranger_rf","classic_fast",20,0.0679821428571429,0.07375,0.0394816964285714,0.094571875,0.000833948987816191,0.000178143232200475,0.171433541172149,0.00136799203048713,0.0350096385078151,0.00028502917152076
"best_ktsp_vs_each_classifier","macro_f1","tier1_main","P1_psd_bandpower_from_derivatives","PSD_REGION_ABSOLUTE","single_condition","single_condition","ds006036__EO_or_photomark","AD_vs_FTD","kTSP_k3_nondisjoint","svm_linear_liblinear","classic_fast",20,0.0160401328547613,0.0306846258316846,-0.0160817978912213,0.0466050917134121,0.254850657012459,0.350157386397709,1,0.284994283110707,1,0.38333019142486
"best_ktsp_vs_each_classifier","mcc","tier1_main","P1_psd_bandpower_from_derivatives","PSD_REGION_ABSOLUTE","single_condition","single_condition","ds006036__EO_or_photomark","AD_vs_FTD","kTSP_k3_nondisjoint","svm_linear_liblinear","classic_fast",20,0.0301457495634378,0.0923927474801542,-0.0344251211466912,0.0929580105951764,0.360375187544933,0.386981515747809,1,0.399563107725726,1,0.427240739254481
"best_ktsp_vs_each_classifier","balanced_accuracy","tier1_main","P1_psd_bandpower_from_derivatives","PSD_REGION_ABSOLUTE","single_condition","single_condition","ds006036__EO_or_photomark","AD_vs_FTD","kTSP_k3_nondisjoint","svm_linear_liblinear","classic_fast",20,0.0172857142857143,0.0376785714285715,-0.016575,0.0474839285714285,0.15063055879143,0.30239056195145,1,0.170648999066544,1,0.335577674326097
"best_ktsp_vs_each_classifier","macro_f1","tier1_main","P1_psd_bandpower_from_derivatives","PSD_REGION_ABSOLUTE","single_condition","single_condition","ds006036__EO_or_photomark","AD_vs_FTD","kTSP_k3_nondisjoint","glmnet_elasticnet","classic_fast",20,0.117989328868586,0.117995513688238,0.0836459422672271,0.149109897171971,0.000203524868067628,1.34866138804082e-06,0.0590222117396071,0.000435526466646777,0.000416736368904614,3.30803736689258e-06
"best_ktsp_vs_each_classifier","mcc","tier1_main","P1_psd_bandpower_from_derivatives","PSD_REGION_ABSOLUTE","single_condition","single_condition","ds006036__EO_or_photomark","AD_vs_FTD","kTSP_k3_nondisjoint","glmnet_elasticnet","classic_fast",20,0.136600795366971,0.129596140082439,0.0722065077424925,0.199110769577923,0.00265336548285355,0.000586213218025927,0.480259152396493,0.00397622493107742,0.112552937860978,0.00092653760903794
"best_ktsp_vs_each_classifier","balanced_accuracy","tier1_main","P1_psd_bandpower_from_derivatives","PSD_REGION_ABSOLUTE","single_condition","single_condition","ds006036__EO_or_photomark","AD_vs_FTD","kTSP_k3_nondisjoint","glmnet_elasticnet","classic_fast",20,0.0659821428571429,0.0616071428571428,0.0356919642857143,0.0943584821428571,0.0018252941314767,0.000400351963504187,0.326727649534322,0.00275116796628372,0.0740651132482745,0.000619592324470765
"best_ktsp_vs_each_classifier","macro_f1","tier1_main","P1_psd_bandpower_from_derivatives","PSD_REGION_ABSOLUTE","single_condition","single_condition","ds006036__EO_or_photomark","AD_vs_FTD","kTSP_k3_nondisjoint","xgboost_shallow","classic_fast",20,0.07840987504068,0.0703188559806206,0.0406284512206919,0.116964515840841,0.00381238961812724,0.00107720426495361,0.590920390809723,0.00534351105505717,0.172352682392578,0.00154736524247481
"best_ktsp_vs_each_classifier","mcc","tier1_main","P1_psd_bandpower_from_derivatives","PSD_REGION_ABSOLUTE","single_condition","single_condition","ds006036__EO_or_photomark","AD_vs_FTD","kTSP_k3_nondisjoint","xgboost_shallow","classic_fast",20,0.158359646539431,0.154375962301103,0.0799168415932267,0.238426431310893,0.00381238961812724,0.00147542653586652,0.63666906622725,0.00555306050819654,0.252297937633174,0.00218581709017262
"best_ktsp_vs_each_classifier","balanced_accuracy","tier1_main","P1_psd_bandpower_from_derivatives","PSD_REGION_ABSOLUTE","single_condition","single_condition","ds006036__EO_or_photomark","AD_vs_FTD","kTSP_k3_nondisjoint","xgboost_shallow","classic_fast",20,0.0740357142857143,0.0758928571428572,0.0351959821428571,0.113447321428571,0.00403878449487327,0.00178238197084102,0.585623751756624,0.00557073723430796,0.256663003801107,0.00245195403396119
"best_ktsp_vs_each_classifier","macro_f1","tier1_main","P1_psd_bandpower_from_derivatives","PSD_REGION_ABSOLUTE","single_condition","single_condition","ds006036__EO_or_photomark","AD_vs_FTD","kTSP_k3_nondisjoint","xgboost_default","classic_fast",20,0.07840987504068,0.0703188559806206,0.0386177016439013,0.118074288483489,0.00381238961812724,0.00107720426495361,0.590920390809723,0.00534351105505717,0.172352682392578,0.00154736524247481
"best_ktsp_vs_each_classifier","mcc","tier1_main","P1_psd_bandpower_from_derivatives","PSD_REGION_ABSOLUTE","single_condition","single_condition","ds006036__EO_or_photomark","AD_vs_FTD","kTSP_k3_nondisjoint","xgboost_default","classic_fast",20,0.158359646539431,0.154375962301103,0.0799959642773333,0.239536099110022,0.00381238961812724,0.00147542653586652,0.63666906622725,0.00555306050819654,0.252297937633174,0.00218581709017262
"best_ktsp_vs_each_classifier","balanced_accuracy","tier1_main","P1_psd_bandpower_from_derivatives","PSD_REGION_ABSOLUTE","single_condition","single_condition","ds006036__EO_or_photomark","AD_vs_FTD","kTSP_k3_nondisjoint","xgboost_default","classic_fast",20,0.0740357142857143,0.0758928571428572,0.0357491071428571,0.111449107142857,0.00403878449487327,0.00178238197084102,0.585623751756624,0.00557073723430796,0.256663003801107,0.00245195403396119
"best_ktsp_vs_each_classifier","macro_f1","tier1_main","P1_psd_bandpower_from_derivatives","PSD_REGION_ABSOLUTE","single_condition","single_condition","ds006036__EO_or_photomark","AD_vs_FTD","kTSP_k3_nondisjoint","glmnet_lasso","classic_fast",20,0.0997952163076002,0.111518685562803,0.067544757577304,0.12967787202048,0.000272706565159098,7.62895416885541e-06,0.0719945332019989,0.000527165107370746,0.00208270448809753,1.59961942250194e-05
"best_ktsp_vs_each_classifier","mcc","tier1_main","P1_psd_bandpower_from_derivatives","PSD_REGION_ABSOLUTE","single_condition","single_condition","ds006036__EO_or_photomark","AD_vs_FTD","kTSP_k3_nondisjoint","glmnet_lasso","classic_fast",20,0.12247671160851,0.143485229310996,0.0606844473314572,0.179184722611204,0.0029979578809507,0.000975546948620447,0.518646713404466,0.00445410885169818,0.17462290380306,0.00148271229389881
"best_ktsp_vs_each_classifier","balanced_accuracy","tier1_main","P1_psd_bandpower_from_derivatives","PSD_REGION_ABSOLUTE","single_condition","single_condition","ds006036__EO_or_photomark","AD_vs_FTD","kTSP_k3_nondisjoint","glmnet_lasso","classic_fast",20,0.0575,0.0662499999999999,0.0283535714285714,0.08518125,0.00234534072287751,0.000935309957463907,0.403398604334922,0.00343542866449663,0.147778973279297,0.00133983795559568
"best_ktsp_vs_each_classifier","macro_f1","tier1_main","P1_psd_bandpower_from_derivatives","PSD_REGION_ABSOLUTE","single_condition","single_condition","ds006036__EO_or_photomark","AD_vs_FTD","kTSP_k3_nondisjoint","knn_euclidean","classic_fast",20,-0.00401318994043452,0.0119292296111182,-0.0375505928561463,0.0296769332232955,0.925640069588623,0.82442489504293,1,0.932815574004039,1,0.84059008906338
"best_ktsp_vs_each_classifier","mcc","tier1_main","P1_psd_bandpower_from_derivatives","PSD_REGION_ABSOLUTE","single_condition","single_condition","ds006036__EO_or_photomark","AD_vs_FTD","kTSP_k3_nondisjoint","knn_euclidean","classic_fast",20,-0.0128858174849085,0.0225698901407279,-0.0879836340536421,0.0610312111677434,0.925640069588623,0.738410787137865,1,0.936445206587712,1,0.758841125121917
"best_ktsp_vs_each_classifier","balanced_accuracy","tier1_main","P1_psd_bandpower_from_derivatives","PSD_REGION_ABSOLUTE","single_condition","single_condition","ds006036__EO_or_photomark","AD_vs_FTD","kTSP_k3_nondisjoint","knn_euclidean","classic_fast",20,-0.0001607142857143,0.0101785714285714,-0.0353776785714286,0.0328035714285714,0.808266974005183,0.992751038061043,1,0.822502595856547,1,0.992751038061043
"best_ktsp_vs_each_classifier","macro_f1","tier1_main","P1_psd_bandpower_from_derivatives","PSD_REGION_ABSOLUTE","single_condition","single_condition","ds006036__EO_or_photomark","AD_vs_FTD","kTSP_k3_nondisjoint","majority","classic_fast",20,0.170941549936132,0.185287534103323,0.143816475884152,0.195764521962171,9.56917315706463e-05,1.29323953727147e-10,0.0496898731631834,0.00029443609714045,5.72905115011261e-08,8.62159691514313e-10
"best_ktsp_vs_each_classifier","mcc","tier1_main","P1_psd_bandpower_from_derivatives","PSD_REGION_ABSOLUTE","single_condition","single_condition","ds006036__EO_or_photomark","AD_vs_FTD","kTSP_k3_nondisjoint","majority","classic_fast",20,0.131952081219342,0.166148851409669,0.0755991222538645,0.183402730809178,0.001413190930041,0.000163472857210549,0.285464567868281,0.00228928125738729,0.0354736100146892,0.00027962462417594
"best_ktsp_vs_each_classifier","balanced_accuracy","tier1_main","P1_psd_bandpower_from_derivatives","PSD_REGION_ABSOLUTE","single_condition","single_condition","ds006036__EO_or_photomark","AD_vs_FTD","kTSP_k3_nondisjoint","majority","classic_fast",20,0.0640535714285714,0.0764285714285714,0.0373727678571429,0.0883763392857143,0.000953358041013486,0.000141854003655313,0.192183206111207,0.00153008080656485,0.0287963627420286,0.000231962521700512
"best_ktsp_vs_each_classifier","macro_f1","tier1_main","P1_psd_bandpower_from_derivatives","PSD_REGION_ABSOLUTE","single_condition","single_condition","ds006036__EO_or_photomark","AD_vs_FTD","kTSP_k3_nondisjoint","glmnet_ridge","classic_fast",20,0.15729819909193,0.159784510295346,0.128851517868526,0.184594553153889,9.56917315706463e-05,2.17523919434369e-09,0.0496898731631834,0.00029443609714045,8.98373787263943e-07,1.04733738986918e-08
"best_ktsp_vs_each_classifier","mcc","tier1_main","P1_psd_bandpower_from_derivatives","PSD_REGION_ABSOLUTE","single_condition","single_condition","ds006036__EO_or_photomark","AD_vs_FTD","kTSP_k3_nondisjoint","glmnet_ridge","classic_fast",20,0.153916419659376,0.185596693216375,0.0943064266779454,0.212377114941675,0.000833948987816191,7.85995717136856e-05,0.185970624283011,0.0014171682145897,0.0182351006375751,0.000141424834917358
"best_ktsp_vs_each_classifier","balanced_accuracy","tier1_main","P1_psd_bandpower_from_derivatives","PSD_REGION_ABSOLUTE","single_condition","single_condition","ds006036__EO_or_photomark","AD_vs_FTD","kTSP_k3_nondisjoint","glmnet_ridge","classic_fast",20,0.0733214285714286,0.0907142857142857,0.0470892857142857,0.0978428571428571,0.000481928896718165,3.61076379954039e-05,0.107829277627722,0.000832568193665932,0.00812421854896589,6.34323370189529e-05
"best_ktsp_vs_each_classifier","macro_f1","tier1_main","P1_psd_bandpower_from_derivatives","PSD_REGION_ABSOLUTE","single_condition","single_condition","ds006036__EO_or_photomark","CN_vs_FTD","kTSP_k9_nondisjoint","sda_shrinklda","classic_fast",20,0.0384405871905872,0.0364119214119214,0.0212036872849373,0.0578460588023088,0.00124104092831123,0.000816084729473687,0.234556735450823,0.00192639188872191,0.137918319281053,0.00120557971399522
"best_ktsp_vs_each_classifier","mcc","tier1_main","P1_psd_bandpower_from_derivatives","PSD_REGION_ABSOLUTE","single_condition","single_condition","ds006036__EO_or_photomark","CN_vs_FTD","kTSP_k9_nondisjoint","sda_shrinklda","classic_fast",20,0.0596469445197704,0.0709016632285226,0.0265910046227558,0.0986192908239498,0.00381238961812724,0.004710740993525,0.63666906622725,0.00555306050819654,0.701470819920511,0.00654969335998128
"best_ktsp_vs_each_classifier","balanced_accuracy","tier1_main","P1_psd_bandpower_from_derivatives","PSD_REGION_ABSOLUTE","single_condition","single_condition","ds006036__EO_or_photomark","CN_vs_FTD","kTSP_k9_nondisjoint","sda_shrinklda","classic_fast",20,0.0286666666666667,0.03,0.0120833333333333,0.0469166666666666,0.0064153666825002,0.00625432798203199,0.846828402090027,0.00857581150359924,0.781790997753998,0.00821275391579958
"best_ktsp_vs_each_classifier","macro_f1","tier1_main","P1_psd_bandpower_from_derivatives","PSD_REGION_ABSOLUTE","single_condition","single_condition","ds006036__EO_or_photomark","CN_vs_FTD","kTSP_k9_nondisjoint","glmnet_elasticnet","classic_fast",20,-0.00387365412365415,-0.00238317238317243,-0.0233849490786991,0.0151150488400488,0.69506336282602,0.706965011298951,1,0.725768973231989,1,0.733060935029398
"best_ktsp_vs_each_classifier","mcc","tier1_main","P1_psd_bandpower_from_derivatives","PSD_REGION_ABSOLUTE","single_condition","single_condition","ds006036__EO_or_photomark","CN_vs_FTD","kTSP_k9_nondisjoint","glmnet_elasticnet","classic_fast",20,-0.00804565129165038,-0.00117054658464233,-0.0470253503525064,0.0315842061472269,0.808266974005183,0.694513177190516,1,0.828991768210444,1,0.716561214561643
"best_ktsp_vs_each_classifier","balanced_accuracy","tier1_main","P1_psd_bandpower_from_derivatives","PSD_REGION_ABSOLUTE","single_condition","single_condition","ds006036__EO_or_photomark","CN_vs_FTD","kTSP_k9_nondisjoint","glmnet_elasticnet","classic_fast",20,-0.00425,0.000833333333333353,-0.0235020833333333,0.0146666666666667,0.694987645930027,0.681067137723344,1,0.724314526391844,1,0.709607196418189
"best_ktsp_vs_each_classifier","macro_f1","tier1_main","P1_psd_bandpower_from_derivatives","PSD_REGION_ABSOLUTE","single_condition","single_condition","ds006036__EO_or_photomark","CN_vs_FTD","kTSP_k9_nondisjoint","knn_euclidean","classic_fast",20,0.075741563991564,0.0657356532356532,0.0518787906537906,0.101335164835165,0.000203524868067628,1.20884131014238e-05,0.0590222117396071,0.000435526466646777,0.00311881058016734,2.39010449153626e-05
"best_ktsp_vs_each_classifier","mcc","tier1_main","P1_psd_bandpower_from_derivatives","PSD_REGION_ABSOLUTE","single_condition","single_condition","ds006036__EO_or_photomark","CN_vs_FTD","kTSP_k9_nondisjoint","knn_euclidean","classic_fast",20,0.145886024667888,0.121150642947807,0.10274491394804,0.191788295031684,9.56917315706463e-05,9.10253011042131e-06,0.0496898731631834,0.000324133170225704,0.00253050337069712,1.94786652568686e-05
"best_ktsp_vs_each_classifier","balanced_accuracy","tier1_main","P1_psd_bandpower_from_derivatives","PSD_REGION_ABSOLUTE","single_condition","single_condition","ds006036__EO_or_photomark","CN_vs_FTD","kTSP_k9_nondisjoint","knn_euclidean","classic_fast",20,0.0746666666666667,0.0658333333333334,0.0515,0.0997520833333333,0.000168126444130889,8.74888948551127e-06,0.0490829590524173,0.00036888502509731,0.00230970682417497,1.77020332002563e-05
"best_ktsp_vs_each_classifier","macro_f1","tier1_main","P1_psd_bandpower_from_derivatives","PSD_REGION_ABSOLUTE","single_condition","single_condition","ds006036__EO_or_photomark","CN_vs_FTD","kTSP_k9_nondisjoint","ranger_rf","classic_fast",20,0.121786935286935,0.122878787878788,0.105316923354423,0.136660223803974,9.56917315706463e-05,5.16338369232174e-12,0.0496898731631834,0.00029443609714045,2.39581003323729e-09,4.71045529825843e-11
"best_ktsp_vs_each_classifier","mcc","tier1_main","P1_psd_bandpower_from_derivatives","PSD_REGION_ABSOLUTE","single_condition","single_condition","ds006036__EO_or_photomark","CN_vs_FTD","kTSP_k9_nondisjoint","ranger_rf","classic_fast",20,0.239781101808644,0.251652255737924,0.206313354611462,0.272150621413872,9.56917315706463e-05,1.77348962719997e-11,0.0496898731631834,0.000324133170225704,8.35313614411185e-09,1.84442921228797e-10
"best_ktsp_vs_each_classifier","balanced_accuracy","tier1_main","P1_psd_bandpower_from_derivatives","PSD_REGION_ABSOLUTE","single_condition","single_condition","ds006036__EO_or_photomark","CN_vs_FTD","kTSP_k9_nondisjoint","ranger_rf","classic_fast",20,0.119,0.123333333333333,0.103166666666667,0.13416875,9.5423308128284e-05,8.20784376807752e-12,0.0490829590524173,0.000299071327167016,3.78381597708374e-09,7.11346459900052e-11
"best_ktsp_vs_each_classifier","macro_f1","tier1_main","P1_psd_bandpower_from_derivatives","PSD_REGION_ABSOLUTE","single_condition","single_condition","ds006036__EO_or_photomark","CN_vs_FTD","kTSP_k9_nondisjoint","svm_linear_liblinear","classic_fast",20,0.0209543789543789,0.018958818958819,-0.00439934926184928,0.045814010989011,0.0825692915324792,0.115555187805441,1,0.0975818899929299,1,0.133234362879888
"best_ktsp_vs_each_classifier","mcc","tier1_main","P1_psd_bandpower_from_derivatives","PSD_REGION_ABSOLUTE","single_condition","single_condition","ds006036__EO_or_photomark","CN_vs_FTD","kTSP_k9_nondisjoint","svm_linear_liblinear","classic_fast",20,0.0350563865957499,0.0236764881608165,-0.0125407660366098,0.0823270800128509,0.172995225897368,0.174807034745809,1,0.201698469656124,1,0.203715856733128
"best_ktsp_vs_each_classifier","balanced_accuracy","tier1_main","P1_psd_bandpower_from_derivatives","PSD_REGION_ABSOLUTE","single_condition","single_condition","ds006036__EO_or_photomark","CN_vs_FTD","kTSP_k9_nondisjoint","svm_linear_liblinear","classic_fast",20,0.0185833333333333,0.0183333333333333,-0.00525208333333335,0.04266875,0.0929061782689835,0.147671079944232,1,0.108354303608703,1,0.168766948507693
"best_ktsp_vs_each_classifier","macro_f1","tier1_main","P1_psd_bandpower_from_derivatives","PSD_REGION_ABSOLUTE","single_condition","single_condition","ds006036__EO_or_photomark","CN_vs_FTD","kTSP_k9_nondisjoint","glmnet_lasso","classic_fast",20,-0.0214527694527695,-0.0274844599844599,-0.0450462835775336,0.0029539072039072,0.112594551560966,0.0986390761592997,1,0.131571161374612,1,0.115523242348729
"best_ktsp_vs_each_classifier","mcc","tier1_main","P1_psd_bandpower_from_derivatives","PSD_REGION_ABSOLUTE","single_condition","single_condition","ds006036__EO_or_photomark","CN_vs_FTD","kTSP_k9_nondisjoint","glmnet_lasso","classic_fast",20,-0.0468494355534254,-0.0482418952664514,-0.0904261760818846,-0.00288018152608982,0.0761787095979553,0.057482702026828,1,0.092123090676597,1,0.0703317765975307
"best_ktsp_vs_each_classifier","balanced_accuracy","tier1_main","P1_psd_bandpower_from_derivatives","PSD_REGION_ABSOLUTE","single_condition","single_condition","ds006036__EO_or_photomark","CN_vs_FTD","kTSP_k9_nondisjoint","glmnet_lasso","classic_fast",20,-0.02125,-0.0275,-0.0445020833333334,0.00208541666666664,0.0761787095979553,0.0990592703234028,1,0.0898252358071128,1,0.114468490151488
"best_ktsp_vs_each_classifier","macro_f1","tier1_main","P1_psd_bandpower_from_derivatives","PSD_REGION_ABSOLUTE","single_condition","single_condition","ds006036__EO_or_photomark","CN_vs_FTD","kTSP_k9_nondisjoint","glmnet_ridge","classic_fast",20,-0.0221205738705739,-0.0222496947496948,-0.0405402104839605,-0.0029860597735598,0.0177580609880869,0.0410285669965602,1,0.0226328228279539,1,0.0500818188690407
"best_ktsp_vs_each_classifier","mcc","tier1_main","P1_psd_bandpower_from_derivatives","PSD_REGION_ABSOLUTE","single_condition","single_condition","ds006036__EO_or_photomark","CN_vs_FTD","kTSP_k9_nondisjoint","glmnet_ridge","classic_fast",20,-0.0518118276698714,-0.0689030898364894,-0.0901492430694133,-0.00923345634767556,0.0196328327501722,0.0222313697680002,1,0.0257804874497211,1,0.028828708926085
"best_ktsp_vs_each_classifier","balanced_accuracy","tier1_main","P1_psd_bandpower_from_derivatives","PSD_REGION_ABSOLUTE","single_condition","single_condition","ds006036__EO_or_photomark","CN_vs_FTD","kTSP_k9_nondisjoint","glmnet_ridge","classic_fast",20,-0.0243333333333333,-0.0241666666666667,-0.0431666666666667,-0.00391666666666668,0.0144564832186247,0.0281680464009799,1,0.0185614105523082,1,0.0346273856465946
"best_ktsp_vs_each_classifier","macro_f1","tier1_main","P1_psd_bandpower_from_derivatives","PSD_REGION_ABSOLUTE","single_condition","single_condition","ds006036__EO_or_photomark","CN_vs_FTD","kTSP_k9_nondisjoint","majority","classic_fast",20,0.430006300888654,0.43889102727338,0.421043260456863,0.437950012038615,9.56917315706463e-05,3.97113796244936e-27,0.0496898731631834,0.00029443609714045,2.02925149881162e-24,2.06499174047367e-25
"best_ktsp_vs_each_classifier","mcc","tier1_main","P1_psd_bandpower_from_derivatives","PSD_REGION_ABSOLUTE","single_condition","single_condition","ds006036__EO_or_photomark","CN_vs_FTD","kTSP_k9_nondisjoint","majority","classic_fast",20,0.605276302370458,0.620472085038349,0.58861718085046,0.620702966515694,9.56917315706463e-05,2.00573029279127e-24,0.0496898731631834,0.000324133170225704,1.02292244932355e-21,9.48163411137693e-23
"best_ktsp_vs_each_classifier","balanced_accuracy","tier1_main","P1_psd_bandpower_from_derivatives","PSD_REGION_ABSOLUTE","single_condition","single_condition","ds006036__EO_or_photomark","CN_vs_FTD","kTSP_k9_nondisjoint","majority","classic_fast",20,0.294166666666667,0.303333333333333,0.28525,0.302083333333333,9.50217438815404e-05,5.84777507045923e-24,0.0490829590524173,0.000299071327167016,2.98236528593421e-21,2.76440276058073e-22
"best_ktsp_vs_each_classifier","macro_f1","tier1_main","P1_psd_bandpower_from_derivatives","PSD_REGION_ABSOLUTE","single_condition","single_condition","ds006036__EO_or_photomark","CN_vs_FTD","kTSP_k9_nondisjoint","xgboost_default","classic_fast",20,0.150758907758908,0.160347152847153,0.122765276043401,0.178805665168165,9.56917315706463e-05,3.70365782926807e-09,0.0496898731631834,0.00029443609714045,1.49257410519503e-06,1.61840510186504e-08
"best_ktsp_vs_each_classifier","mcc","tier1_main","P1_psd_bandpower_from_derivatives","PSD_REGION_ABSOLUTE","single_condition","single_condition","ds006036__EO_or_photomark","CN_vs_FTD","kTSP_k9_nondisjoint","xgboost_default","classic_fast",20,0.293629109350704,0.313042685319003,0.239468668567315,0.347478348153167,9.56917315706463e-05,2.97928356510878e-09,0.0496898731631834,0.000324133170225704,1.27215408230145e-06,1.61231100763334e-08
"best_ktsp_vs_each_classifier","balanced_accuracy","tier1_main","P1_psd_bandpower_from_derivatives","PSD_REGION_ABSOLUTE","single_condition","single_condition","ds006036__EO_or_photomark","CN_vs_FTD","kTSP_k9_nondisjoint","xgboost_default","classic_fast",20,0.142833333333333,0.1575,0.115747916666667,0.170416666666667,9.5423308128284e-05,4.35833509219349e-09,0.0490829590524173,0.000299071327167016,1.7389757017852e-06,1.84254816905741e-08
"best_ktsp_vs_each_classifier","macro_f1","tier1_main","P1_psd_bandpower_from_derivatives","PSD_REGION_ABSOLUTE","single_condition","single_condition","ds006036__EO_or_photomark","CN_vs_FTD","kTSP_k9_nondisjoint","xgboost_shallow","classic_fast",20,0.150758907758908,0.160347152847153,0.12148390533078,0.178589236457986,9.56917315706463e-05,3.70365782926807e-09,0.0496898731631834,0.00029443609714045,1.49257410519503e-06,1.61840510186504e-08
"best_ktsp_vs_each_classifier","mcc","tier1_main","P1_psd_bandpower_from_derivatives","PSD_REGION_ABSOLUTE","single_condition","single_condition","ds006036__EO_or_photomark","CN_vs_FTD","kTSP_k9_nondisjoint","xgboost_shallow","classic_fast",20,0.293629109350704,0.313042685319003,0.238450917764147,0.345292865460995,9.56917315706463e-05,2.97928356510878e-09,0.0496898731631834,0.000324133170225704,1.27215408230145e-06,1.61231100763334e-08
"best_ktsp_vs_each_classifier","balanced_accuracy","tier1_main","P1_psd_bandpower_from_derivatives","PSD_REGION_ABSOLUTE","single_condition","single_condition","ds006036__EO_or_photomark","CN_vs_FTD","kTSP_k9_nondisjoint","xgboost_shallow","classic_fast",20,0.142833333333333,0.1575,0.115833333333333,0.16991875,9.5423308128284e-05,4.35833509219349e-09,0.0490829590524173,0.000299071327167016,1.7389757017852e-06,1.84254816905741e-08
"best_ktsp_vs_each_classifier","macro_f1","tier4_pooled","P0_derivative_amplitude_deciles","DERIVED_DECILES_ALL","pooled_condition","POOLED_EC_EO_subject_grouped","POOLED_EC_EO_subject_grouped","AD_FTD_vs_CN","kTSP_k9_disjoint","glmnet_elasticnet","classic_fast",20,0.0466364692036827,0.0425593276438809,0.0313946590545037,0.0617803641060388,0.000175476155215737,1.41648554861618e-05,0.052818322719909,0.000396728698748622,0.00358370843799894,2.74840479582244e-05
"best_ktsp_vs_each_classifier","mcc","tier4_pooled","P0_derivative_amplitude_deciles","DERIVED_DECILES_ALL","pooled_condition","POOLED_EC_EO_subject_grouped","POOLED_EC_EO_subject_grouped","AD_FTD_vs_CN","kTSP_k9_disjoint","glmnet_elasticnet","classic_fast",20,0.0627749641648271,0.058727476889246,0.0358141197833142,0.0920605363716163,0.000833948987816191,0.000507822528908602,0.185970624283011,0.0014171682145897,0.0990253931371775,0.000810023665743783
"best_ktsp_vs_each_classifier","balanced_accuracy","tier4_pooled","P0_derivative_amplitude_deciles","DERIVED_DECILES_ALL","pooled_condition","POOLED_EC_EO_subject_grouped","POOLED_EC_EO_subject_grouped","AD_FTD_vs_CN","kTSP_k9_disjoint","glmnet_elasticnet","classic_fast",20,0.0539583333333333,0.0521299533799534,0.0411460737179487,0.0677160110722611,9.56917315706463e-05,2.69539369100241e-07,0.0490829590524173,0.000299071327167016,8.84089130648791e-05,7.26220061824484e-07
"best_ktsp_vs_each_classifier","macro_f1","tier4_pooled","P0_derivative_amplitude_deciles","DERIVED_DECILES_ALL","pooled_condition","POOLED_EC_EO_subject_grouped","POOLED_EC_EO_subject_grouped","AD_FTD_vs_CN","kTSP_k9_disjoint","ranger_rf","classic_fast",20,-0.038334897550149,-0.0416147464147454,-0.0448053936159603,-0.0309872290867746,0.000111576610520002,2.50246804549271e-09,0.0496898731631834,0.000297537628053339,1.02601189865201e-06,1.17232737266325e-08
"best_ktsp_vs_each_classifier","mcc","tier4_pooled","P0_derivative_amplitude_deciles","DERIVED_DECILES_ALL","pooled_condition","POOLED_EC_EO_subject_grouped","POOLED_EC_EO_subject_grouped","AD_FTD_vs_CN","kTSP_k9_disjoint","ranger_rf","classic_fast",20,-0.0842128034265822,-0.0850704054099102,-0.0985115581955705,-0.0697698857554829,0.000111576610520002,7.8395757826996e-10,0.0496898731631834,0.000324133170225704,3.48077164751862e-07,5.24083697078375e-09
"best_ktsp_vs_each_classifier","balanced_accuracy","tier4_pooled","P0_derivative_amplitude_deciles","DERIVED_DECILES_ALL","pooled_condition","POOLED_EC_EO_subject_grouped","POOLED_EC_EO_subject_grouped","AD_FTD_vs_CN","kTSP_k9_disjoint","ranger_rf","classic_fast",20,-0.0301031468531469,-0.03122668997669,-0.0376107954545455,-0.022666673951049,0.000129926100333739,2.97294965459897e-07,0.0490829590524173,0.000331184177321449,9.72154537053865e-05,7.96873103294571e-07
"best_ktsp_vs_each_classifier","macro_f1","tier4_pooled","P0_derivative_amplitude_deciles","DERIVED_DECILES_ALL","pooled_condition","POOLED_EC_EO_subject_grouped","POOLED_EC_EO_subject_grouped","AD_FTD_vs_CN","kTSP_k9_disjoint","svm_linear_liblinear","classic_fast",20,0.0986530367468223,0.0949175508712139,0.0873580375578766,0.11023521526723,9.56917315706463e-05,9.2730602494072e-13,0.0496898731631834,0.00029443609714045,4.36761137747079e-10,9.64398265938349e-12
"best_ktsp_vs_each_classifier","mcc","tier4_pooled","P0_derivative_amplitude_deciles","DERIVED_DECILES_ALL","pooled_condition","POOLED_EC_EO_subject_grouped","POOLED_EC_EO_subject_grouped","AD_FTD_vs_CN","kTSP_k9_disjoint","svm_linear_liblinear","classic_fast",20,0.194320608301963,0.200415578124309,0.172222247425382,0.216789974647727,9.56917315706463e-05,7.80691810752377e-13,0.0496898731631834,0.000324133170225704,3.70828610107379e-10,8.82521177372252e-12
"best_ktsp_vs_each_classifier","balanced_accuracy","tier4_pooled","P0_derivative_amplitude_deciles","DERIVED_DECILES_ALL","pooled_condition","POOLED_EC_EO_subject_grouped","POOLED_EC_EO_subject_grouped","AD_FTD_vs_CN","kTSP_k9_disjoint","svm_linear_liblinear","classic_fast",20,0.079759324009324,0.080979020979021,0.069157532051282,0.0904388913170163,9.56917315706463e-05,1.31810358380699e-11,0.0490829590524173,0.000299071327167016,6.02373337799794e-09,1.07095916184318e-10
"best_ktsp_vs_each_classifier","macro_f1","tier4_pooled","P0_derivative_amplitude_deciles","DERIVED_DECILES_ALL","pooled_condition","POOLED_EC_EO_subject_grouped","POOLED_EC_EO_subject_grouped","AD_FTD_vs_CN","kTSP_k9_disjoint","glmnet_lasso","classic_fast",20,0.0566906159979782,0.0542685518577991,0.0421055733606454,0.0713950981520473,0.00011157661051997,4.26899893077955e-07,0.0496898731631834,0.000297537628053339,0.000137888665464179,1.12115123434614e-06
"best_ktsp_vs_each_classifier","mcc","tier4_pooled","P0_derivative_amplitude_deciles","DERIVED_DECILES_ALL","pooled_condition","POOLED_EC_EO_subject_grouped","POOLED_EC_EO_subject_grouped","AD_FTD_vs_CN","kTSP_k9_disjoint","glmnet_lasso","classic_fast",20,0.0845100652488564,0.0803524248987248,0.0593875453393254,0.111091943368283,0.000175476155215737,6.42441504195939e-06,0.0542221319616627,0.00041856697574396,0.00183738270200039,1.42157269013569e-05
"best_ktsp_vs_each_classifier","balanced_accuracy","tier4_pooled","P0_derivative_amplitude_deciles","DERIVED_DECILES_ALL","pooled_condition","POOLED_EC_EO_subject_grouped","POOLED_EC_EO_subject_grouped","AD_FTD_vs_CN","kTSP_k9_disjoint","glmnet_lasso","classic_fast",20,0.0612325174825175,0.0597261072261073,0.0486214087995338,0.0742045673076923,9.56917315706463e-05,2.02267040706867e-08,0.0490829590524173,0.000299071327167016,7.68614754686095e-06,7.45949369982772e-08
"best_ktsp_vs_each_classifier","macro_f1","tier4_pooled","P0_derivative_amplitude_deciles","DERIVED_DECILES_ALL","pooled_condition","POOLED_EC_EO_subject_grouped","POOLED_EC_EO_subject_grouped","AD_FTD_vs_CN","kTSP_k9_disjoint","glmnet_ridge","classic_fast",20,0.0645745019293224,0.0644245185283722,0.0541337864643819,0.0750077631542945,9.56917315706463e-05,3.79686973507157e-10,0.0496898731631834,0.00029443609714045,1.64404459528599e-07,2.24360484345138e-09
"best_ktsp_vs_each_classifier","mcc","tier4_pooled","P0_derivative_amplitude_deciles","DERIVED_DECILES_ALL","pooled_condition","POOLED_EC_EO_subject_grouped","POOLED_EC_EO_subject_grouped","AD_FTD_vs_CN","kTSP_k9_disjoint","glmnet_ridge","classic_fast",20,0.0817503456728839,0.0814547920573661,0.0621208097833818,0.10182303553647,9.56917315706463e-05,2.14457942216971e-07,0.0496898731631834,0.000324133170225704,7.5274737718157e-05,6.55988999722501e-07
"best_ktsp_vs_each_classifier","balanced_accuracy","tier4_pooled","P0_derivative_amplitude_deciles","DERIVED_DECILES_ALL","pooled_condition","POOLED_EC_EO_subject_grouped","POOLED_EC_EO_subject_grouped","AD_FTD_vs_CN","kTSP_k9_disjoint","glmnet_ridge","classic_fast",20,0.0710203962703962,0.0697435897435897,0.0620785402097902,0.0798477054195804,9.56917315706463e-05,3.51769027151427e-12,0.0490829590524173,0.000299071327167016,1.63924366652565e-09,3.3258162567044e-11
"best_ktsp_vs_each_classifier","macro_f1","tier4_pooled","P0_derivative_amplitude_deciles","DERIVED_DECILES_ALL","pooled_condition","POOLED_EC_EO_subject_grouped","POOLED_EC_EO_subject_grouped","AD_FTD_vs_CN","kTSP_k9_disjoint","sda_shrinklda","classic_fast",20,-0.0488751354578483,-0.050230635901457,-0.0557983726831519,-0.0418763714874396,9.56917315705946e-05,5.80229228515023e-11,0.0496898731631834,0.00029443609714045,2.6226361128879e-08,4.37274201199727e-10
"best_ktsp_vs_each_classifier","mcc","tier4_pooled","P0_derivative_amplitude_deciles","DERIVED_DECILES_ALL","pooled_condition","POOLED_EC_EO_subject_grouped","POOLED_EC_EO_subject_grouped","AD_FTD_vs_CN","kTSP_k9_disjoint","sda_shrinklda","classic_fast",20,-0.091536974957449,-0.089393661288879,-0.105062136250951,-0.0781691160555175,9.56917315705946e-05,9.97047874526272e-11,0.0496898731631834,0.000324133170225704,4.55650878658506e-08,8.10101398052596e-10
"best_ktsp_vs_each_classifier","balanced_accuracy","tier4_pooled","P0_derivative_amplitude_deciles","DERIVED_DECILES_ALL","pooled_condition","POOLED_EC_EO_subject_grouped","POOLED_EC_EO_subject_grouped","AD_FTD_vs_CN","kTSP_k9_disjoint","sda_shrinklda","classic_fast",20,-0.0558980186480187,-0.0571474358974359,-0.0626728511072261,-0.0490623543123543,9.56917315705946e-05,4.03731425592868e-12,0.0490829590524173,0.000299071327167016,1.87735112900683e-09,3.65796610811615e-11
"best_ktsp_vs_each_classifier","macro_f1","tier4_pooled","P0_derivative_amplitude_deciles","DERIVED_DECILES_ALL","pooled_condition","POOLED_EC_EO_subject_grouped","POOLED_EC_EO_subject_grouped","AD_FTD_vs_CN","kTSP_k9_disjoint","xgboost_default","classic_fast",20,0.0409997468762339,0.0438387025252328,0.0275888477071939,0.0542017652662257,0.000363481868201676,1.18718275091246e-05,0.0868721665002006,0.000656286706475248,0.00309854697988151,2.36526831599417e-05
"best_ktsp_vs_each_classifier","mcc","tier4_pooled","P0_derivative_amplitude_deciles","DERIVED_DECILES_ALL","pooled_condition","POOLED_EC_EO_subject_grouped","POOLED_EC_EO_subject_grouped","AD_FTD_vs_CN","kTSP_k9_disjoint","xgboost_default","classic_fast",20,0.0852027925269386,0.0961058977168604,0.0593957407245262,0.110888340832415,0.000315046961090193,4.22633350546684e-06,0.0856927734165254,0.000630093922180386,0.00123408938359632,9.5551887949685e-06
"best_ktsp_vs_each_classifier","balanced_accuracy","tier4_pooled","P0_derivative_amplitude_deciles","DERIVED_DECILES_ALL","pooled_condition","POOLED_EC_EO_subject_grouped","POOLED_EC_EO_subject_grouped","AD_FTD_vs_CN","kTSP_k9_disjoint","xgboost_default","classic_fast",20,0.0391421911421911,0.040743006993007,0.0254089816433566,0.0524946605477855,0.000363481868201676,2.49077929379456e-05,0.0860432347115663,0.000654015818217549,0.00600277809804488,4.60927129100772e-05
"best_ktsp_vs_each_classifier","macro_f1","tier4_pooled","P0_derivative_amplitude_deciles","DERIVED_DECILES_ALL","pooled_condition","POOLED_EC_EO_subject_grouped","POOLED_EC_EO_subject_grouped","AD_FTD_vs_CN","kTSP_k9_disjoint","knn_euclidean","classic_fast",20,0.00249266825158434,-0.000650221457600353,-0.01035185612099,0.0148498651149543,0.750994967158646,0.710529701575563,1,0.774836077227175,1,0.734543627871358
"best_ktsp_vs_each_classifier","mcc","tier4_pooled","P0_derivative_amplitude_deciles","DERIVED_DECILES_ALL","pooled_condition","POOLED_EC_EO_subject_grouped","POOLED_EC_EO_subject_grouped","AD_FTD_vs_CN","kTSP_k9_disjoint","knn_euclidean","classic_fast",20,-0.00761992206551547,-0.0123144316290801,-0.0313210314913337,0.0164112174294453,0.667686215745583,0.550457030202915,1,0.698585175427974,1,0.581783853059991
"best_ktsp_vs_each_classifier","balanced_accuracy","tier4_pooled","P0_derivative_amplitude_deciles","DERIVED_DECILES_ALL","pooled_condition","POOLED_EC_EO_subject_grouped","POOLED_EC_EO_subject_grouped","AD_FTD_vs_CN","kTSP_k9_disjoint","knn_euclidean","classic_fast",20,-0.0263123543123543,-0.024020979020979,-0.0375278554778555,-0.014595236013986,0.00124104092831126,0.000310254640973164,0.238814743557706,0.00191495929591055,0.0583278725029548,0.000484481721639775
"best_ktsp_vs_each_classifier","macro_f1","tier4_pooled","P0_derivative_amplitude_deciles","DERIVED_DECILES_ALL","pooled_condition","POOLED_EC_EO_subject_grouped","POOLED_EC_EO_subject_grouped","AD_FTD_vs_CN","kTSP_k9_disjoint","majority","classic_fast",20,0.353921116227067,0.350681275721699,0.346587023157317,0.361401021249093,9.56917315706463e-05,1.7074949183305e-26,0.0496898731631834,0.00029443609714045,8.70822408348555e-24,8.07179415938055e-25
"best_ktsp_vs_each_classifier","mcc","tier4_pooled","P0_derivative_amplitude_deciles","DERIVED_DECILES_ALL","pooled_condition","POOLED_EC_EO_subject_grouped","POOLED_EC_EO_subject_grouped","AD_FTD_vs_CN","kTSP_k9_disjoint","majority","classic_fast",20,0.525857466137447,0.520646432421599,0.511293990891022,0.540991305208829,9.56917315706463e-05,4.4647814435663e-24,0.0496898731631834,0.000324133170225704,2.27257375477525e-21,1.9347386255454e-22
"best_ktsp_vs_each_classifier","balanced_accuracy","tier4_pooled","P0_derivative_amplitude_deciles","DERIVED_DECILES_ALL","pooled_condition","POOLED_EC_EO_subject_grouped","POOLED_EC_EO_subject_grouped","AD_FTD_vs_CN","kTSP_k9_disjoint","majority","classic_fast",20,0.251339160839161,0.249653263403263,0.244681687062937,0.258001981351981,9.56917315706463e-05,1.3365873488688e-24,0.0490829590524173,0.000299071327167016,6.82996135271957e-22,6.95025421411776e-23
"best_ktsp_vs_each_classifier","macro_f1","tier4_pooled","P0_derivative_amplitude_deciles","DERIVED_DECILES_ALL","pooled_condition","POOLED_EC_EO_subject_grouped","POOLED_EC_EO_subject_grouped","AD_FTD_vs_CN","kTSP_k9_disjoint","xgboost_shallow","classic_fast",20,0.0409997468762339,0.0438387025252328,0.027570799430443,0.0538803088035957,0.000363481868201676,1.18718275091246e-05,0.0868721665002006,0.000656286706475248,0.00309854697988151,2.36526831599417e-05
"best_ktsp_vs_each_classifier","mcc","tier4_pooled","P0_derivative_amplitude_deciles","DERIVED_DECILES_ALL","pooled_condition","POOLED_EC_EO_subject_grouped","POOLED_EC_EO_subject_grouped","AD_FTD_vs_CN","kTSP_k9_disjoint","xgboost_shallow","classic_fast",20,0.0852027925269386,0.0961058977168604,0.0586744626223237,0.110287189972375,0.000315046961090193,4.22633350546684e-06,0.0856927734165254,0.000630093922180386,0.00123408938359632,9.5551887949685e-06
"best_ktsp_vs_each_classifier","balanced_accuracy","tier4_pooled","P0_derivative_amplitude_deciles","DERIVED_DECILES_ALL","pooled_condition","POOLED_EC_EO_subject_grouped","POOLED_EC_EO_subject_grouped","AD_FTD_vs_CN","kTSP_k9_disjoint","xgboost_shallow","classic_fast",20,0.0391421911421911,0.040743006993007,0.0254326267482517,0.0524931162587413,0.000363481868201676,2.49077929379456e-05,0.0860432347115663,0.000654015818217549,0.00600277809804488,4.60927129100772e-05
"best_ktsp_vs_each_classifier","macro_f1","tier4_pooled","P0_derivative_amplitude_deciles","DERIVED_DECILES_ALL","pooled_condition","POOLED_EC_EO_subject_grouped","POOLED_EC_EO_subject_grouped","AD_vs_CN","kTSP_k9_disjoint","svm_linear_liblinear","classic_fast",20,0.0647338384970708,0.0611048918984809,0.0496514215965299,0.0794629208226922,0.00011157661051997,9.91806833284679e-08,0.0496898731631834,0.000297537628053339,3.48124198482922e-05,3.03376207828255e-07
"best_ktsp_vs_each_classifier","mcc","tier4_pooled","P0_derivative_amplitude_deciles","DERIVED_DECILES_ALL","pooled_condition","POOLED_EC_EO_subject_grouped","POOLED_EC_EO_subject_grouped","AD_vs_CN","kTSP_k9_disjoint","svm_linear_liblinear","classic_fast",20,0.14485492614498,0.14924096160521,0.116035906409364,0.173393217175171,0.00011157661051997,9.85737854786289e-09,0.0496898731631834,0.000324133170225704,4.02181044752806e-06,4.53613880078646e-08
"best_ktsp_vs_each_classifier","balanced_accuracy","tier4_pooled","P0_derivative_amplitude_deciles","DERIVED_DECILES_ALL","pooled_condition","POOLED_EC_EO_subject_grouped","POOLED_EC_EO_subject_grouped","AD_vs_CN","kTSP_k9_disjoint","svm_linear_liblinear","classic_fast",20,0.0596101190476191,0.0576190476190476,0.0451546875,0.073860193452381,0.000129926100333799,2.47655841035941e-07,0.0490829590524173,0.000331184177321449,8.14787717008245e-05,6.70734569472339e-07
"best_ktsp_vs_each_classifier","macro_f1","tier4_pooled","P0_derivative_amplitude_deciles","DERIVED_DECILES_ALL","pooled_condition","POOLED_EC_EO_subject_grouped","POOLED_EC_EO_subject_grouped","AD_vs_CN","kTSP_k9_disjoint","glmnet_lasso","classic_fast",20,0.0230619128531659,0.0243680532092721,0.0121194127661949,0.0335209103218735,0.00234534072287751,0.000627795970346977,0.394017241443412,0.00340664015613493,0.109864294810721,0.000943508394741121
"best_ktsp_vs_each_classifier","mcc","tier4_pooled","P0_derivative_amplitude_deciles","DERIVED_DECILES_ALL","pooled_condition","POOLED_EC_EO_subject_grouped","POOLED_EC_EO_subject_grouped","AD_vs_CN","kTSP_k9_disjoint","glmnet_lasso","classic_fast",20,0.0425762666237898,0.0449476758419068,0.0191503688890117,0.0664638497383131,0.00482310961577714,0.00202388180397996,0.762051319292789,0.00689015659396735,0.323821088636794,0.00291528680905701
"best_ktsp_vs_each_classifier","balanced_accuracy","tier4_pooled","P0_derivative_amplitude_deciles","DERIVED_DECILES_ALL","pooled_condition","POOLED_EC_EO_subject_grouped","POOLED_EC_EO_subject_grouped","AD_vs_CN","kTSP_k9_disjoint","glmnet_lasso","classic_fast",20,0.022952380952381,0.0256547619047618,0.0127407738095238,0.0334828125,0.00265336548285355,0.000578411128594352,0.437428563904007,0.00382202230217137,0.100643536375417,0.000866783247461277
"best_ktsp_vs_each_classifier","macro_f1","tier4_pooled","P0_derivative_amplitude_deciles","DERIVED_DECILES_ALL","pooled_condition","POOLED_EC_EO_subject_grouped","POOLED_EC_EO_subject_grouped","AD_vs_CN","kTSP_k9_disjoint","ranger_rf","classic_fast",20,-0.0777810257677134,-0.0785737833296467,-0.0875957053469884,-0.0681553022248013,9.56917315705946e-05,5.03681794333534e-12,0.0496898731631834,0.00029443609714045,2.34212034365093e-09,4.6770452330971e-11
"best_ktsp_vs_each_classifier","mcc","tier4_pooled","P0_derivative_amplitude_deciles","DERIVED_DECILES_ALL","pooled_condition","POOLED_EC_EO_subject_grouped","POOLED_EC_EO_subject_grouped","AD_vs_CN","kTSP_k9_disjoint","ranger_rf","classic_fast",20,-0.135184942660619,-0.131074127377123,-0.154190146626167,-0.116300148837439,9.56917315705946e-05,2.92172752557809e-11,0.0496898731631834,0.000324133170225704,1.36736848197055e-08,2.86660059113322e-10
"best_ktsp_vs_each_classifier","balanced_accuracy","tier4_pooled","P0_derivative_amplitude_deciles","DERIVED_DECILES_ALL","pooled_condition","POOLED_EC_EO_subject_grouped","POOLED_EC_EO_subject_grouped","AD_vs_CN","kTSP_k9_disjoint","ranger_rf","classic_fast",20,-0.0782767857142857,-0.0773809523809524,-0.0881875,-0.068383630952381,9.56917315705946e-05,4.54979137926004e-12,0.0490829590524173,0.000299071327167016,2.10200361721814e-09,4.00998562239868e-11
"best_ktsp_vs_each_classifier","macro_f1","tier4_pooled","P0_derivative_amplitude_deciles","DERIVED_DECILES_ALL","pooled_condition","POOLED_EC_EO_subject_grouped","POOLED_EC_EO_subject_grouped","AD_vs_CN","kTSP_k9_disjoint","xgboost_default","classic_fast",20,-0.00887398218529157,-0.00866958569018067,-0.0217991514033955,0.00384211087906103,0.27076012686279,0.203765896031228,1,0.3008445854031,1,0.228851546298572
"best_ktsp_vs_each_classifier","mcc","tier4_pooled","P0_derivative_amplitude_deciles","DERIVED_DECILES_ALL","pooled_condition","POOLED_EC_EO_subject_grouped","POOLED_EC_EO_subject_grouped","AD_vs_CN","kTSP_k9_disjoint","xgboost_default","classic_fast",20,0.000502326693746963,0.00393324899854414,-0.0259945130507484,0.0249581183459978,0.750994967158646,0.970271775995825,1,0.776376506804167,1,0.972141278454392
"best_ktsp_vs_each_classifier","balanced_accuracy","tier4_pooled","P0_derivative_amplitude_deciles","DERIVED_DECILES_ALL","pooled_condition","POOLED_EC_EO_subject_grouped","POOLED_EC_EO_subject_grouped","AD_vs_CN","kTSP_k9_disjoint","xgboost_default","classic_fast",20,-0.0116041666666667,-0.0147619047619048,-0.0247485119047619,0.000770907738095252,0.15063055879143,0.103037721437626,1,0.170648999066544,1,0.11853897156541
"best_ktsp_vs_each_classifier","macro_f1","tier4_pooled","P0_derivative_amplitude_deciles","DERIVED_DECILES_ALL","pooled_condition","POOLED_EC_EO_subject_grouped","POOLED_EC_EO_subject_grouped","AD_vs_CN","kTSP_k9_disjoint","glmnet_elasticnet","classic_fast",20,0.022943156716036,0.0221087843364344,0.012176487576034,0.034101945636249,0.00160712458710077,0.000925202130832322,0.286068176503926,0.00239456958536505,0.150807947325668,0.00134386901685142
"best_ktsp_vs_each_classifier","mcc","tier4_pooled","P0_derivative_amplitude_deciles","DERIVED_DECILES_ALL","pooled_condition","POOLED_EC_EO_subject_grouped","POOLED_EC_EO_subject_grouped","AD_vs_CN","kTSP_k9_disjoint","glmnet_elasticnet","classic_fast",20,0.040758492769674,0.0422269167092046,0.020074576641683,0.0620524847305226,0.00482310961577714,0.00154906380432762,0.762051319292789,0.00689015659396735,0.258693655322713,0.0022754609555095
"best_ktsp_vs_each_classifier","balanced_accuracy","tier4_pooled","P0_derivative_amplitude_deciles","DERIVED_DECILES_ALL","pooled_condition","POOLED_EC_EO_subject_grouped","POOLED_EC_EO_subject_grouped","AD_vs_CN","kTSP_k9_disjoint","glmnet_elasticnet","classic_fast",20,0.0227291666666667,0.0253869047619047,0.0125950892857143,0.0331017113095238,0.00124104092831123,0.000552031402397958,0.238814743557706,0.00191495929591055,0.0966054954196426,0.000829642570077855
"best_ktsp_vs_each_classifier","macro_f1","tier4_pooled","P0_derivative_amplitude_deciles","DERIVED_DECILES_ALL","pooled_condition","POOLED_EC_EO_subject_grouped","POOLED_EC_EO_subject_grouped","AD_vs_CN","kTSP_k9_disjoint","sda_shrinklda","classic_fast",20,-0.0534231273896928,-0.0562472018137954,-0.0651571470094289,-0.0409838523713048,0.000129926100333739,6.79173998755767e-08,0.0496898731631834,0.000329568644749149,2.41106769558297e-05,2.12753300815059e-07
"best_ktsp_vs_each_classifier","mcc","tier4_pooled","P0_derivative_amplitude_deciles","DERIVED_DECILES_ALL","pooled_condition","POOLED_EC_EO_subject_grouped","POOLED_EC_EO_subject_grouped","AD_vs_CN","kTSP_k9_disjoint","sda_shrinklda","classic_fast",20,-0.0872443204545489,-0.0963697474527707,-0.10856779352872,-0.0634146824966074,0.000272706565159087,5.31207053351663e-07,0.0769032513748625,0.000571804088236818,0.000177423155819455,1.47715330343778e-06
"best_ktsp_vs_each_classifier","balanced_accuracy","tier4_pooled","P0_derivative_amplitude_deciles","DERIVED_DECILES_ALL","pooled_condition","POOLED_EC_EO_subject_grouped","POOLED_EC_EO_subject_grouped","AD_vs_CN","kTSP_k9_disjoint","sda_shrinklda","classic_fast",20,-0.0533303571428572,-0.0588095238095239,-0.0640095238095238,-0.0413982886904762,0.000129750334353757,3.02904692724923e-08,0.0490829590524173,0.000331184177321449,1.12377641000946e-05,1.03964233289143e-07
"best_ktsp_vs_each_classifier","macro_f1","tier4_pooled","P0_derivative_amplitude_deciles","DERIVED_DECILES_ALL","pooled_condition","POOLED_EC_EO_subject_grouped","POOLED_EC_EO_subject_grouped","AD_vs_CN","kTSP_k9_disjoint","glmnet_ridge","classic_fast",20,0.0439419951410342,0.0408265289907779,0.0362441592406342,0.0520710661908138,9.56917315706463e-05,2.47435616508702e-09,0.0496898731631834,0.00029443609714045,1.01696038385076e-06,1.1696956416775e-08
"best_ktsp_vs_each_classifier","mcc","tier4_pooled","P0_derivative_amplitude_deciles","DERIVED_DECILES_ALL","pooled_condition","POOLED_EC_EO_subject_grouped","POOLED_EC_EO_subject_grouped","AD_vs_CN","kTSP_k9_disjoint","glmnet_ridge","classic_fast",20,0.0941979496687226,0.0947010012684002,0.0800967695983155,0.109260508352479,9.56917315706463e-05,1.60319537019853e-10,0.0496898731631834,0.000324133170225704,7.29453893440333e-08,1.26312362500491e-09
"best_ktsp_vs_each_classifier","balanced_accuracy","tier4_pooled","P0_derivative_amplitude_deciles","DERIVED_DECILES_ALL","pooled_condition","POOLED_EC_EO_subject_grouped","POOLED_EC_EO_subject_grouped","AD_vs_CN","kTSP_k9_disjoint","glmnet_ridge","classic_fast",20,0.0434107142857143,0.0396130952380953,0.0363422619047619,0.0508154761904762,9.56917315706463e-05,4.91831850275967e-10,0.0490829590524173,0.000299071327167016,2.10504031918114e-07,2.75002754993014e-09
"best_ktsp_vs_each_classifier","macro_f1","tier4_pooled","P0_derivative_amplitude_deciles","DERIVED_DECILES_ALL","pooled_condition","POOLED_EC_EO_subject_grouped","POOLED_EC_EO_subject_grouped","AD_vs_CN","kTSP_k9_disjoint","majority","classic_fast",20,0.402177643031728,0.401779432584186,0.395823701481466,0.40849015731676,9.56917315706463e-05,1.01377881403513e-28,0.0496898731631834,0.00029443609714045,5.20068531600019e-26,6.58956229122831e-27
"best_ktsp_vs_each_classifier","mcc","tier4_pooled","P0_derivative_amplitude_deciles","DERIVED_DECILES_ALL","pooled_condition","POOLED_EC_EO_subject_grouped","POOLED_EC_EO_subject_grouped","AD_vs_CN","kTSP_k9_disjoint","majority","classic_fast",20,0.549720137759516,0.558120550454757,0.536416337554154,0.563395890824159,9.56917315706463e-05,2.25001743583893e-25,0.0496898731631834,0.000324133170225704,1.15200892714953e-22,1.30001007404027e-23
"best_ktsp_vs_each_classifier","balanced_accuracy","tier4_pooled","P0_derivative_amplitude_deciles","DERIVED_DECILES_ALL","pooled_condition","POOLED_EC_EO_subject_grouped","POOLED_EC_EO_subject_grouped","AD_vs_CN","kTSP_k9_disjoint","majority","classic_fast",20,0.259431547619048,0.261904761904762,0.252913392857143,0.265952604166667,9.56917315706463e-05,5.08508978647602e-25,0.0490829590524173,0.000299071327167016,2.60356597067572e-22,2.93805187663059e-23
"best_ktsp_vs_each_classifier","macro_f1","tier4_pooled","P0_derivative_amplitude_deciles","DERIVED_DECILES_ALL","pooled_condition","POOLED_EC_EO_subject_grouped","POOLED_EC_EO_subject_grouped","AD_vs_CN","kTSP_k9_disjoint","knn_euclidean","classic_fast",20,0.0250913953815461,0.0210794748881418,0.0147446210353589,0.0360705715557103,0.000553830376860853,0.000245321155668551,0.121288852532527,0.000932012284684931,0.0480829465110361,0.000392513849069682
"best_ktsp_vs_each_classifier","mcc","tier4_pooled","P0_derivative_amplitude_deciles","DERIVED_DECILES_ALL","pooled_condition","POOLED_EC_EO_subject_grouped","POOLED_EC_EO_subject_grouped","AD_vs_CN","kTSP_k9_disjoint","knn_euclidean","classic_fast",20,0.043972162057415,0.0395740246595444,0.0235941307747193,0.0656134887694021,0.001413190930041,0.000760652739843359,0.285464567868281,0.00228928125738729,0.143002715090552,0.00118780608023588
"best_ktsp_vs_each_classifier","balanced_accuracy","tier4_pooled","P0_derivative_amplitude_deciles","DERIVED_DECILES_ALL","pooled_condition","POOLED_EC_EO_subject_grouped","POOLED_EC_EO_subject_grouped","AD_vs_CN","kTSP_k9_disjoint","knn_euclidean","classic_fast",20,0.0115684523809524,0.00845238095238099,0.00191941964285715,0.0218589285714286,0.0499998630113825,0.0391492002315448,1,0.060046024863554,1,0.0473432188846588
"best_ktsp_vs_each_classifier","macro_f1","tier4_pooled","P0_derivative_amplitude_deciles","DERIVED_DECILES_ALL","pooled_condition","POOLED_EC_EO_subject_grouped","POOLED_EC_EO_subject_grouped","AD_vs_CN","kTSP_k9_disjoint","xgboost_shallow","classic_fast",20,-0.00887398218529157,-0.00866958569018067,-0.0221470504833062,0.00344233625394244,0.27076012686279,0.203765896031228,1,0.3008445854031,1,0.228851546298572
"best_ktsp_vs_each_classifier","mcc","tier4_pooled","P0_derivative_amplitude_deciles","DERIVED_DECILES_ALL","pooled_condition","POOLED_EC_EO_subject_grouped","POOLED_EC_EO_subject_grouped","AD_vs_CN","kTSP_k9_disjoint","xgboost_shallow","classic_fast",20,0.000502326693746963,0.00393324899854414,-0.0254159804566854,0.0250178780539396,0.750994967158646,0.970271775995825,1,0.776376506804167,1,0.972141278454392
"best_ktsp_vs_each_classifier","balanced_accuracy","tier4_pooled","P0_derivative_amplitude_deciles","DERIVED_DECILES_ALL","pooled_condition","POOLED_EC_EO_subject_grouped","POOLED_EC_EO_subject_grouped","AD_vs_CN","kTSP_k9_disjoint","xgboost_shallow","classic_fast",20,-0.0116041666666667,-0.0147619047619048,-0.0248604166666666,0.000793377976190459,0.15063055879143,0.103037721437626,1,0.170648999066544,1,0.11853897156541
"best_ktsp_vs_each_classifier","macro_f1","tier4_pooled","P0_derivative_amplitude_deciles","DERIVED_DECILES_ALL","pooled_condition","POOLED_EC_EO_subject_grouped","POOLED_EC_EO_subject_grouped","AD_vs_FTD","kTSP_k9_disjoint","glmnet_lasso","classic_fast",20,0.0583055632977931,0.043939337412456,0.0381596965749254,0.0782063119282695,0.000272706565159098,3.82539549639741e-05,0.0719945332019989,0.000527165107370746,0.00883666359667802,6.85932985560915e-05
"best_ktsp_vs_each_classifier","mcc","tier4_pooled","P0_derivative_amplitude_deciles","DERIVED_DECILES_ALL","pooled_condition","POOLED_EC_EO_subject_grouped","POOLED_EC_EO_subject_grouped","AD_vs_FTD","kTSP_k9_disjoint","glmnet_lasso","classic_fast",20,0.0587357301712215,0.0655484312005469,0.0218721379527867,0.0955180902550277,0.00946954016958812,0.00628795748468464,1,0.0129243067931386,0.88031404785585,0.0085819892179423
"best_ktsp_vs_each_classifier","balanced_accuracy","tier4_pooled","P0_derivative_amplitude_deciles","DERIVED_DECILES_ALL","pooled_condition","POOLED_EC_EO_subject_grouped","POOLED_EC_EO_subject_grouped","AD_vs_FTD","kTSP_k9_disjoint","glmnet_lasso","classic_fast",20,0.0355803571428571,0.0328571428571429,0.0183741071428571,0.0520716517857143,0.0029979578809507,0.000714621902522762,0.476274478494901,0.00424778773322715,0.120979292044641,0.00104972708845151
"best_ktsp_vs_each_classifier","macro_f1","tier4_pooled","P0_derivative_amplitude_deciles","DERIVED_DECILES_ALL","pooled_condition","POOLED_EC_EO_subject_grouped","POOLED_EC_EO_subject_grouped","AD_vs_FTD","kTSP_k9_disjoint","glmnet_elasticnet","classic_fast",20,0.0417756515215965,0.0416642703583345,0.0199087655955749,0.0632173263370063,0.00429083743463043,0.00146232567220481,0.639334777759932,0.00598186452012822,0.219348850830722,0.0020496208882655
"best_ktsp_vs_each_classifier","mcc","tier4_pooled","P0_derivative_amplitude_deciles","DERIVED_DECILES_ALL","pooled_condition","POOLED_EC_EO_subject_grouped","POOLED_EC_EO_subject_grouped","AD_vs_FTD","kTSP_k9_disjoint","glmnet_elasticnet","classic_fast",20,0.0279155163944066,0.0223469197875522,-0.0120778963297374,0.0677040370805231,0.161520771499154,0.196711273266927,1,0.190024437057828,1,0.225805435096693
"best_ktsp_vs_each_classifier","balanced_accuracy","tier4_pooled","P0_derivative_amplitude_deciles","DERIVED_DECILES_ALL","pooled_condition","POOLED_EC_EO_subject_grouped","POOLED_EC_EO_subject_grouped","AD_vs_FTD","kTSP_k9_disjoint","glmnet_elasticnet","classic_fast",20,0.0267946428571428,0.0266071428571428,0.0086328125,0.0441258928571428,0.0160420619163943,0.011332488037593,1,0.0204457651875614,1,0.0145863707414564
"best_ktsp_vs_each_classifier","macro_f1","tier4_pooled","P0_derivative_amplitude_deciles","DERIVED_DECILES_ALL","pooled_condition","POOLED_EC_EO_subject_grouped","POOLED_EC_EO_subject_grouped","AD_vs_FTD","kTSP_k9_disjoint","xgboost_default","classic_fast",20,-0.00449715258135466,-0.00233724311525013,-0.0237837091063904,0.0146965166797994,0.69506336282602,0.661295453367728,1,0.725768973231989,1,0.687747271502437
"best_ktsp_vs_each_classifier","mcc","tier4_pooled","P0_derivative_amplitude_deciles","DERIVED_DECILES_ALL","pooled_condition","POOLED_EC_EO_subject_grouped","POOLED_EC_EO_subject_grouped","AD_vs_FTD","kTSP_k9_disjoint","xgboost_default","classic_fast",20,0.00847299308563927,0.0109384085290915,-0.0286284140587145,0.0467390831857284,0.69506336282602,0.681276732992091,1,0.722865897339061,1,0.705704982382246
"best_ktsp_vs_each_classifier","balanced_accuracy","tier4_pooled","P0_derivative_amplitude_deciles","DERIVED_DECILES_ALL","pooled_condition","POOLED_EC_EO_subject_grouped","POOLED_EC_EO_subject_grouped","AD_vs_FTD","kTSP_k9_disjoint","xgboost_default","classic_fast",20,-0.00184821428571428,-0.00562500000000005,-0.0197055803571428,0.0166348214285714,0.722844049740984,0.847193751058093,1,0.745791479891492,1,0.858753899708009
"best_ktsp_vs_each_classifier","macro_f1","tier4_pooled","P0_derivative_amplitude_deciles","DERIVED_DECILES_ALL","pooled_condition","POOLED_EC_EO_subject_grouped","POOLED_EC_EO_subject_grouped","AD_vs_FTD","kTSP_k9_disjoint","majority","classic_fast",20,0.235847501363637,0.239677420428995,0.221541662901869,0.249886859025106,9.56917315706463e-05,5.38798384079391e-18,0.0496898731631834,0.00029443609714045,2.60778417894425e-15,7.57230161408874e-17
"best_ktsp_vs_each_classifier","mcc","tier4_pooled","P0_derivative_amplitude_deciles","DERIVED_DECILES_ALL","pooled_condition","POOLED_EC_EO_subject_grouped","POOLED_EC_EO_subject_grouped","AD_vs_FTD","kTSP_k9_disjoint","majority","classic_fast",20,0.266866346438322,0.277427044261969,0.238145125115362,0.294390275613695,9.56917315706463e-05,2.55481843870712e-13,0.0496898731631834,0.000324133170225704,1.21864839526329e-10,3.01933088210841e-12
"best_ktsp_vs_each_classifier","balanced_accuracy","tier4_pooled","P0_derivative_amplitude_deciles","DERIVED_DECILES_ALL","pooled_condition","POOLED_EC_EO_subject_grouped","POOLED_EC_EO_subject_grouped","AD_vs_FTD","kTSP_k9_disjoint","majority","classic_fast",20,0.122258928571429,0.130089285714286,0.109320758928571,0.134697098214286,9.56917315706463e-05,1.85455224349991e-13,0.0490829590524173,0.000299071327167016,8.80912315662455e-11,2.09645036221728e-12
"best_ktsp_vs_each_classifier","macro_f1","tier4_pooled","P0_derivative_amplitude_deciles","DERIVED_DECILES_ALL","pooled_condition","POOLED_EC_EO_subject_grouped","POOLED_EC_EO_subject_grouped","AD_vs_FTD","kTSP_k9_disjoint","ranger_rf","classic_fast",20,-0.036934771336991,-0.0350109861391489,-0.059755039514762,-0.014934953663529,0.00679723087226417,0.0048462702647746,0.944815091244715,0.00922861632787824,0.654246485744572,0.00652865424270154
"best_ktsp_vs_each_classifier","mcc","tier4_pooled","P0_derivative_amplitude_deciles","DERIVED_DECILES_ALL","pooled_condition","POOLED_EC_EO_subject_grouped","POOLED_EC_EO_subject_grouped","AD_vs_FTD","kTSP_k9_disjoint","ranger_rf","classic_fast",20,-0.0638983084922034,-0.0500601201486717,-0.107523438397043,-0.0202594347066287,0.0177580609880869,0.0115089787048393,1,0.0236168586030824,1,0.0153847530244639
"best_ktsp_vs_each_classifier","balanced_accuracy","tier4_pooled","P0_derivative_amplitude_deciles","DERIVED_DECILES_ALL","pooled_condition","POOLED_EC_EO_subject_grouped","POOLED_EC_EO_subject_grouped","AD_vs_FTD","kTSP_k9_disjoint","ranger_rf","classic_fast",20,-0.0313571428571429,-0.0219642857142858,-0.0505180803571428,-0.0124100446428572,0.00679723087226417,0.00652488582186486,0.889173122080169,0.00897096460298824,0.796036070267513,0.0085036105949116
"best_ktsp_vs_each_classifier","macro_f1","tier4_pooled","P0_derivative_amplitude_deciles","DERIVED_DECILES_ALL","pooled_condition","POOLED_EC_EO_subject_grouped","POOLED_EC_EO_subject_grouped","AD_vs_FTD","kTSP_k9_disjoint","xgboost_shallow","classic_fast",20,-0.00449715258135466,-0.00233724311525013,-0.0236034988997815,0.0146819963743793,0.69506336282602,0.661295453367728,1,0.725768973231989,1,0.687747271502437
"best_ktsp_vs_each_classifier","mcc","tier4_pooled","P0_derivative_amplitude_deciles","DERIVED_DECILES_ALL","pooled_condition","POOLED_EC_EO_subject_grouped","POOLED_EC_EO_subject_grouped","AD_vs_FTD","kTSP_k9_disjoint","xgboost_shallow","classic_fast",20,0.00847299308563927,0.0109384085290915,-0.0310247936384607,0.0474782245685634,0.69506336282602,0.681276732992091,1,0.722865897339061,1,0.705704982382246
"best_ktsp_vs_each_classifier","balanced_accuracy","tier4_pooled","P0_derivative_amplitude_deciles","DERIVED_DECILES_ALL","pooled_condition","POOLED_EC_EO_subject_grouped","POOLED_EC_EO_subject_grouped","AD_vs_FTD","kTSP_k9_disjoint","xgboost_shallow","classic_fast",20,-0.00184821428571428,-0.00562500000000005,-0.0193131696428572,0.0163665178571428,0.722844049740984,0.847193751058093,1,0.745791479891492,1,0.858753899708009
"best_ktsp_vs_each_classifier","macro_f1","tier4_pooled","P0_derivative_amplitude_deciles","DERIVED_DECILES_ALL","pooled_condition","POOLED_EC_EO_subject_grouped","POOLED_EC_EO_subject_grouped","AD_vs_FTD","kTSP_k9_disjoint","glmnet_ridge","classic_fast",20,0.11307475043669,0.120693045312654,0.0930518453386379,0.131399945821699,9.56917315706463e-05,7.70054455837876e-10,0.0496898731631834,0.00029443609714045,3.27273143731097e-07,4.17112830245516e-09
"best_ktsp_vs_each_classifier","mcc","tier4_pooled","P0_derivative_amplitude_deciles","DERIVED_DECILES_ALL","pooled_condition","POOLED_EC_EO_subject_grouped","POOLED_EC_EO_subject_grouped","AD_vs_FTD","kTSP_k9_disjoint","glmnet_ridge","classic_fast",20,0.127047690057341,0.120824151118532,0.0889474830988448,0.164985447306365,0.000203524868067628,3.20865469662442e-06,0.0614645101564185,0.000464179523663012,0.000978639682470447,7.70742808188487e-06
"best_ktsp_vs_each_classifier","balanced_accuracy","tier4_pooled","P0_derivative_amplitude_deciles","DERIVED_DECILES_ALL","pooled_condition","POOLED_EC_EO_subject_grouped","POOLED_EC_EO_subject_grouped","AD_vs_FTD","kTSP_k9_disjoint","glmnet_ridge","classic_fast",20,0.0725625,0.0783035714285714,0.0551607142857143,0.0883850446428571,0.000151093078387232,8.7518397111132e-08,0.0490829590524173,0.000335762396416189,3.02813654004517e-05,2.6005466570165e-07
"best_ktsp_vs_each_classifier","macro_f1","tier4_pooled","P0_derivative_amplitude_deciles","DERIVED_DECILES_ALL","pooled_condition","POOLED_EC_EO_subject_grouped","POOLED_EC_EO_subject_grouped","AD_vs_FTD","kTSP_k9_disjoint","svm_linear_liblinear","classic_fast",20,-0.0199458643434033,-0.014337619669276,-0.0413842051730191,0.0014995099347647,0.0966524473650639,0.086034419006224,1,0.113966604602796,1,0.101551173065457
"best_ktsp_vs_each_classifier","mcc","tier4_pooled","P0_derivative_amplitude_deciles","DERIVED_DECILES_ALL","pooled_condition","POOLED_EC_EO_subject_grouped","POOLED_EC_EO_subject_grouped","AD_vs_FTD","kTSP_k9_disjoint","svm_linear_liblinear","classic_fast",20,-0.0147645152371201,-0.011127039277035,-0.052488255261359,0.0252751345187202,0.40091675928529,0.487505497214738,1,0.439824292886816,1,0.525939540563618
"best_ktsp_vs_each_classifier","balanced_accuracy","tier4_pooled","P0_derivative_amplitude_deciles","DERIVED_DECILES_ALL","pooled_condition","POOLED_EC_EO_subject_grouped","POOLED_EC_EO_subject_grouped","AD_vs_FTD","kTSP_k9_disjoint","svm_linear_liblinear","classic_fast",20,-0.0176071428571428,-0.00928571428571429,-0.03558125,0.000794866071428585,0.104381970287785,0.0922926584889595,1,0.121157644084036,1,0.106886820521735
"best_ktsp_vs_each_classifier","macro_f1","tier4_pooled","P0_derivative_amplitude_deciles","DERIVED_DECILES_ALL","pooled_condition","POOLED_EC_EO_subject_grouped","POOLED_EC_EO_subject_grouped","AD_vs_FTD","kTSP_k9_disjoint","knn_euclidean","classic_fast",20,0.0724515267856358,0.0663046908173847,0.0547034900918503,0.0910275647426094,9.56917315706463e-05,3.17769476751215e-07,0.0496898731631834,0.00029443609714045,0.000103910618897647,8.51753236652742e-07
"best_ktsp_vs_each_classifier","mcc","tier4_pooled","P0_derivative_amplitude_deciles","DERIVED_DECILES_ALL","pooled_condition","POOLED_EC_EO_subject_grouped","POOLED_EC_EO_subject_grouped","AD_vs_FTD","kTSP_k9_disjoint","knn_euclidean","classic_fast",20,0.152752204829771,0.148515041465205,0.114743042676271,0.189476396804414,9.56917315706463e-05,2.59271128628143e-07,0.0496898731631834,0.000324133170225704,9.074489501985e-05,7.88426823898446e-07
"best_ktsp_vs_each_classifier","balanced_accuracy","tier4_pooled","P0_derivative_amplitude_deciles","DERIVED_DECILES_ALL","pooled_condition","POOLED_EC_EO_subject_grouped","POOLED_EC_EO_subject_grouped","AD_vs_FTD","kTSP_k9_disjoint","knn_euclidean","classic_fast",20,0.0706517857142857,0.0665178571428571,0.0536604910714286,0.0877238839285714,9.56917315706463e-05,1.9911045253093e-07,0.0490829590524173,0.000299071327167016,6.59055597877379e-05,5.44933870084652e-07
"best_ktsp_vs_each_classifier","macro_f1","tier4_pooled","P0_derivative_amplitude_deciles","DERIVED_DECILES_ALL","pooled_condition","POOLED_EC_EO_subject_grouped","POOLED_EC_EO_subject_grouped","AD_vs_FTD","kTSP_k9_disjoint","sda_shrinklda","classic_fast",20,-0.0176847487876785,-0.02494407226572,-0.0337905592337195,-0.00123808944063445,0.0382688764522297,0.0566762033126864,1,0.0473805137027605,1,0.0677508637301079
"best_ktsp_vs_each_classifier","mcc","tier4_pooled","P0_derivative_amplitude_deciles","DERIVED_DECILES_ALL","pooled_condition","POOLED_EC_EO_subject_grouped","POOLED_EC_EO_subject_grouped","AD_vs_FTD","kTSP_k9_disjoint","sda_shrinklda","classic_fast",20,-0.0181751940841972,-0.0305367539389481,-0.0523868862556425,0.0126858712880732,0.27076012686279,0.297710990093996,1,0.305412724443928,1,0.335085962876359
"best_ktsp_vs_each_classifier","balanced_accuracy","tier4_pooled","P0_derivative_amplitude_deciles","DERIVED_DECILES_ALL","pooled_condition","POOLED_EC_EO_subject_grouped","POOLED_EC_EO_subject_grouped","AD_vs_FTD","kTSP_k9_disjoint","sda_shrinklda","classic_fast",20,-0.0114553571428571,-0.0171428571428571,-0.0271616071428571,0.00435848214285713,0.161520771499154,0.183149721222338,1,0.182192627287549,1,0.207038815294816
"best_ktsp_vs_each_classifier","macro_f1","tier4_pooled","P0_derivative_amplitude_deciles","DERIVED_DECILES_ALL","pooled_condition","POOLED_EC_EO_subject_grouped","POOLED_EC_EO_subject_grouped","CN_vs_FTD","kTSP_k9_disjoint","glmnet_elasticnet","classic_fast",20,-0.0151056817733639,-0.00391973016289882,-0.0356000084285234,0.00518177815785001,0.287337268352032,0.162678876791067,1,0.317905062857567,1,0.184700908147063
"best_ktsp_vs_each_classifier","mcc","tier4_pooled","P0_derivative_amplitude_deciles","DERIVED_DECILES_ALL","pooled_condition","POOLED_EC_EO_subject_grouped","POOLED_EC_EO_subject_grouped","CN_vs_FTD","kTSP_k9_disjoint","glmnet_elasticnet","classic_fast",20,-0.0276307670664588,-0.00124452234892797,-0.0706052706641103,0.0116666583872682,0.287337268352032,0.219794234381881,1,0.323409912430858,1,0.250094096014394
"best_ktsp_vs_each_classifier","balanced_accuracy","tier4_pooled","P0_derivative_amplitude_deciles","DERIVED_DECILES_ALL","pooled_condition","POOLED_EC_EO_subject_grouped","POOLED_EC_EO_subject_grouped","CN_vs_FTD","kTSP_k9_disjoint","glmnet_elasticnet","classic_fast",20,-0.00383333333333333,0.00875000000000004,-0.0245010416666667,0.0155833333333333,0.866528028654895,0.716420924449051,1,0.878410383805666,1,0.737700753888132
"best_ktsp_vs_each_classifier","macro_f1","tier4_pooled","P0_derivative_amplitude_deciles","DERIVED_DECILES_ALL","pooled_condition","POOLED_EC_EO_subject_grouped","POOLED_EC_EO_subject_grouped","CN_vs_FTD","kTSP_k9_disjoint","svm_linear_liblinear","classic_fast",20,0.0330357520202325,0.0407270066995468,0.014683131163093,0.0507529631633522,0.00607045578069321,0.00218621167569258,0.880216088200515,0.00828513649858398,0.319186904651117,0.00303154685696038
"best_ktsp_vs_each_classifier","mcc","tier4_pooled","P0_derivative_amplitude_deciles","DERIVED_DECILES_ALL","pooled_condition","POOLED_EC_EO_subject_grouped","POOLED_EC_EO_subject_grouped","CN_vs_FTD","kTSP_k9_disjoint","svm_linear_liblinear","classic_fast",20,0.0728897415214007,0.0822761597583264,0.0345944980761364,0.109068524143809,0.00429083743463043,0.00132216740533327,0.699406501844758,0.00616363388399952,0.228734961122655,0.00197565244475086
"best_ktsp_vs_each_classifier","balanced_accuracy","tier4_pooled","P0_derivative_amplitude_deciles","DERIVED_DECILES_ALL","pooled_condition","POOLED_EC_EO_subject_grouped","POOLED_EC_EO_subject_grouped","CN_vs_FTD","kTSP_k9_disjoint","svm_linear_liblinear","classic_fast",20,0.0412916666666667,0.0495833333333333,0.02308125,0.059,0.00265108220547883,0.000369556163350125,0.437428563904007,0.00382202230217137,0.0691070025464734,0.000575356901024147
"best_ktsp_vs_each_classifier","macro_f1","tier4_pooled","P0_derivative_amplitude_deciles","DERIVED_DECILES_ALL","pooled_condition","POOLED_EC_EO_subject_grouped","POOLED_EC_EO_subject_grouped","CN_vs_FTD","kTSP_k9_disjoint","glmnet_lasso","classic_fast",20,-0.00382148516224075,0.00347988280994072,-0.0230445300622735,0.0147305035490475,0.896040840009703,0.707685748816842,1,0.90826751813849,1,0.733060935029398
"best_ktsp_vs_each_classifier","mcc","tier4_pooled","P0_derivative_amplitude_deciles","DERIVED_DECILES_ALL","pooled_condition","POOLED_EC_EO_subject_grouped","POOLED_EC_EO_subject_grouped","CN_vs_FTD","kTSP_k9_disjoint","glmnet_lasso","classic_fast",20,-0.00128709844560869,0.00852710671350207,-0.0407231415218713,0.0373657919817127,0.985107284492357,0.950975864360044,1,0.985107284492357,1,0.958347770285316
"best_ktsp_vs_each_classifier","balanced_accuracy","tier4_pooled","P0_derivative_amplitude_deciles","DERIVED_DECILES_ALL","pooled_condition","POOLED_EC_EO_subject_grouped","POOLED_EC_EO_subject_grouped","CN_vs_FTD","kTSP_k9_disjoint","glmnet_lasso","classic_fast",20,0.00750000000000001,0.01125,-0.01125,0.0257083333333334,0.411423995462904,0.453825192029015,1,0.45040100555939,1,0.492670354603524
"best_ktsp_vs_each_classifier","macro_f1","tier4_pooled","P0_derivative_amplitude_deciles","DERIVED_DECILES_ALL","pooled_condition","POOLED_EC_EO_subject_grouped","POOLED_EC_EO_subject_grouped","CN_vs_FTD","kTSP_k9_disjoint","ranger_rf","classic_fast",20,-0.0711390368409752,-0.0677006055669403,-0.0892490420649176,-0.053283158198226,9.56917315705946e-05,2.41907551165471e-07,0.0496898731631834,0.00029443609714045,8.03133069869365e-05,6.65565749238334e-07
"best_ktsp_vs_each_classifier","mcc","tier4_pooled","P0_derivative_amplitude_deciles","DERIVED_DECILES_ALL","pooled_condition","POOLED_EC_EO_subject_grouped","POOLED_EC_EO_subject_grouped","CN_vs_FTD","kTSP_k9_disjoint","ranger_rf","classic_fast",20,-0.130756306811998,-0.130895579878053,-0.164506271741499,-0.0979661957753831,0.000151093078387285,4.22213890509621e-07,0.0496898731631834,0.000372362088916532,0.000143974936663781,1.21972901702779e-06
"best_ktsp_vs_each_classifier","balanced_accuracy","tier4_pooled","P0_derivative_amplitude_deciles","DERIVED_DECILES_ALL","pooled_condition","POOLED_EC_EO_subject_grouped","POOLED_EC_EO_subject_grouped","CN_vs_FTD","kTSP_k9_disjoint","ranger_rf","classic_fast",20,-0.0639166666666667,-0.0591666666666666,-0.0815,-0.047875,0.000150892436409981,7.97229881894627e-07,0.0490829590524173,0.000335762396416189,0.00024474957374165,1.93379700631934e-06
"best_ktsp_vs_each_classifier","macro_f1","tier4_pooled","P0_derivative_amplitude_deciles","DERIVED_DECILES_ALL","pooled_condition","POOLED_EC_EO_subject_grouped","POOLED_EC_EO_subject_grouped","CN_vs_FTD","kTSP_k9_disjoint","xgboost_default","classic_fast",20,0.0340234176942876,0.0337217465135085,0.0166929819125279,0.0512302193394404,0.00338292225374581,0.00135528398457841,0.54126756059933,0.00481950567656942,0.212199946220254,0.00192554008737916
"best_ktsp_vs_each_classifier","mcc","tier4_pooled","P0_derivative_amplitude_deciles","DERIVED_DECILES_ALL","pooled_condition","POOLED_EC_EO_subject_grouped","POOLED_EC_EO_subject_grouped","CN_vs_FTD","kTSP_k9_disjoint","xgboost_default","classic_fast",20,0.0815183235209092,0.0843031091927482,0.0494577669615156,0.112591944353426,0.000553830376860853,9.7364590534997e-05,0.130703968939161,0.000999971513776541,0.0221017620514443,0.000171625718909147
"best_ktsp_vs_each_classifier","balanced_accuracy","tier4_pooled","P0_derivative_amplitude_deciles","DERIVED_DECILES_ALL","pooled_condition","POOLED_EC_EO_subject_grouped","POOLED_EC_EO_subject_grouped","CN_vs_FTD","kTSP_k9_disjoint","xgboost_default","classic_fast",20,0.0412083333333333,0.0416666666666667,0.0250833333333333,0.057084375,0.00123982052617944,0.000109251837171838,0.238814743557706,0.00191495929591055,0.0230521376432578,0.00018267188208796
"best_ktsp_vs_each_classifier","macro_f1","tier4_pooled","P0_derivative_amplitude_deciles","DERIVED_DECILES_ALL","pooled_condition","POOLED_EC_EO_subject_grouped","POOLED_EC_EO_subject_grouped","CN_vs_FTD","kTSP_k9_disjoint","sda_shrinklda","classic_fast",20,-0.0577585330321802,-0.0564786935854711,-0.0706791921063555,-0.0459916457390001,9.56917315705946e-05,3.51703309250801e-08,0.0496898731631834,0.00029443609714045,1.28371707876543e-05,1.17234436416934e-07
"best_ktsp_vs_each_classifier","mcc","tier4_pooled","P0_derivative_amplitude_deciles","DERIVED_DECILES_ALL","pooled_condition","POOLED_EC_EO_subject_grouped","POOLED_EC_EO_subject_grouped","CN_vs_FTD","kTSP_k9_disjoint","sda_shrinklda","classic_fast",20,-0.104052990759856,-0.104537098032051,-0.127579410311617,-0.0814725712210299,9.56917315705946e-05,6.64236607932537e-08,0.0496898731631834,0.000324133170225704,2.49088727974701e-05,2.35516516348112e-07
"best_ktsp_vs_each_classifier","balanced_accuracy","tier4_pooled","P0_derivative_amplitude_deciles","DERIVED_DECILES_ALL","pooled_condition","POOLED_EC_EO_subject_grouped","POOLED_EC_EO_subject_grouped","CN_vs_FTD","kTSP_k9_disjoint","sda_shrinklda","classic_fast",20,-0.0477916666666667,-0.0479166666666666,-0.0604166666666667,-0.036665625,9.56917315705946e-05,3.45845330971371e-07,0.0490829590524173,0.000299071327167016,0.000112053887234724,9.12891228959963e-07
"best_ktsp_vs_each_classifier","macro_f1","tier4_pooled","P0_derivative_amplitude_deciles","DERIVED_DECILES_ALL","pooled_condition","POOLED_EC_EO_subject_grouped","POOLED_EC_EO_subject_grouped","CN_vs_FTD","kTSP_k9_disjoint","knn_euclidean","classic_fast",20,0.103243089603682,0.104871870690155,0.0861405755196576,0.120722438172262,9.56917315706463e-05,5.58997159359246e-10,0.0496898731631834,0.00029443609714045,2.38691787046398e-07,3.09232471134902e-09
"best_ktsp_vs_each_classifier","mcc","tier4_pooled","P0_derivative_amplitude_deciles","DERIVED_DECILES_ALL","pooled_condition","POOLED_EC_EO_subject_grouped","POOLED_EC_EO_subject_grouped","CN_vs_FTD","kTSP_k9_disjoint","knn_euclidean","classic_fast",20,0.108913982286138,0.102791559759862,0.0831873845709135,0.134019973398498,0.000129926100333799,1.44327261318331e-07,0.0496898731631834,0.000350059959448578,5.18134868132808e-05,4.63272690651433e-07
"best_ktsp_vs_each_classifier","balanced_accuracy","tier4_pooled","P0_derivative_amplitude_deciles","DERIVED_DECILES_ALL","pooled_condition","POOLED_EC_EO_subject_grouped","POOLED_EC_EO_subject_grouped","CN_vs_FTD","kTSP_k9_disjoint","knn_euclidean","classic_fast",20,0.093,0.0916666666666667,0.078625,0.107751041666667,9.56917315706463e-05,2.11836296774039e-10,0.0490829590524173,0.000299071327167016,9.27842979870293e-08,1.32716716051205e-09
"best_ktsp_vs_each_classifier","macro_f1","tier4_pooled","P0_derivative_amplitude_deciles","DERIVED_DECILES_ALL","pooled_condition","POOLED_EC_EO_subject_grouped","POOLED_EC_EO_subject_grouped","CN_vs_FTD","kTSP_k9_disjoint","xgboost_shallow","classic_fast",20,0.0340234176942876,0.0337217465135085,0.0164747453217775,0.050955873666342,0.00338292225374581,0.00135528398457841,0.54126756059933,0.00481950567656942,0.212199946220254,0.00192554008737916
"best_ktsp_vs_each_classifier","mcc","tier4_pooled","P0_derivative_amplitude_deciles","DERIVED_DECILES_ALL","pooled_condition","POOLED_EC_EO_subject_grouped","POOLED_EC_EO_subject_grouped","CN_vs_FTD","kTSP_k9_disjoint","xgboost_shallow","classic_fast",20,0.0815183235209092,0.0843031091927482,0.0492229647292395,0.111982266798244,0.000553830376860853,9.7364590534997e-05,0.130703968939161,0.000999971513776541,0.0221017620514443,0.000171625718909147
"best_ktsp_vs_each_classifier","balanced_accuracy","tier4_pooled","P0_derivative_amplitude_deciles","DERIVED_DECILES_ALL","pooled_condition","POOLED_EC_EO_subject_grouped","POOLED_EC_EO_subject_grouped","CN_vs_FTD","kTSP_k9_disjoint","xgboost_shallow","classic_fast",20,0.0412083333333333,0.0416666666666667,0.0241666666666667,0.0572927083333333,0.00123982052617944,0.000109251837171838,0.238814743557706,0.00191495929591055,0.0230521376432578,0.00018267188208796
"best_ktsp_vs_each_classifier","macro_f1","tier4_pooled","P0_derivative_amplitude_deciles","DERIVED_DECILES_ALL","pooled_condition","POOLED_EC_EO_subject_grouped","POOLED_EC_EO_subject_grouped","CN_vs_FTD","kTSP_k9_disjoint","majority","classic_fast",20,0.384017446578414,0.378332926137442,0.374329771037057,0.393173560991709,9.56917315706463e-05,3.89416292842302e-25,0.0496898731631834,0.00029443609714045,1.97434060471047e-22,1.44640337341427e-23
"best_ktsp_vs_each_classifier","mcc","tier4_pooled","P0_derivative_amplitude_deciles","DERIVED_DECILES_ALL","pooled_condition","POOLED_EC_EO_subject_grouped","POOLED_EC_EO_subject_grouped","CN_vs_FTD","kTSP_k9_disjoint","majority","classic_fast",20,0.513164864240277,0.515983323148503,0.493721873062894,0.53168620619721,9.56917315706463e-05,8.15832729186685e-22,0.0496898731631834,0.000324133170225704,4.12811360968462e-19,2.73846240328534e-20
"best_ktsp_vs_each_classifier","balanced_accuracy","tier4_pooled","P0_derivative_amplitude_deciles","DERIVED_DECILES_ALL","pooled_condition","POOLED_EC_EO_subject_grouped","POOLED_EC_EO_subject_grouped","CN_vs_FTD","kTSP_k9_disjoint","majority","classic_fast",20,0.252833333333333,0.250833333333333,0.242916666666667,0.262291666666667,9.5423308128284e-05,1.75611604409333e-21,0.0490829590524173,0.000299071327167016,8.88594718311226e-19,6.08786895285688e-20
"best_ktsp_vs_each_classifier","macro_f1","tier4_pooled","P0_derivative_amplitude_deciles","DERIVED_DECILES_ALL","pooled_condition","POOLED_EC_EO_subject_grouped","POOLED_EC_EO_subject_grouped","CN_vs_FTD","kTSP_k9_disjoint","glmnet_ridge","classic_fast",20,0.027422660136434,0.027267447670261,0.0130677018286043,0.0416777659229378,0.00234534072287751,0.00134015333426226,0.394017241443412,0.00340664015613493,0.211744226813438,0.00191977888103685
"best_ktsp_vs_each_classifier","mcc","tier4_pooled","P0_derivative_amplitude_deciles","DERIVED_DECILES_ALL","pooled_condition","POOLED_EC_EO_subject_grouped","POOLED_EC_EO_subject_grouped","CN_vs_FTD","kTSP_k9_disjoint","glmnet_ridge","classic_fast",20,0.038515943075194,0.0331626361864516,0.0127875765370307,0.0636889726880778,0.00679723087226414,0.00924895870180112,1,0.00947603231522082,1,0.0124597371112347
"best_ktsp_vs_each_classifier","balanced_accuracy","tier4_pooled","P0_derivative_amplitude_deciles","DERIVED_DECILES_ALL","pooled_condition","POOLED_EC_EO_subject_grouped","POOLED_EC_EO_subject_grouped","CN_vs_FTD","kTSP_k9_disjoint","glmnet_ridge","classic_fast",20,0.0352916666666667,0.0354166666666667,0.02175,0.0481677083333333,0.000833948987816191,7.29257831610927e-05,0.171433541172149,0.00136799203048713,0.015751969162796,0.000124332482766453
"best_ktsp_vs_each_classifier","macro_f1","tier4_pooled","P0_derivative_amplitude_deciles","REGION_AGGREGATES_ALL","pooled_condition","POOLED_EC_EO_subject_grouped","POOLED_EC_EO_subject_grouped","AD_FTD_vs_CN","kTSP_k9_disjoint","xgboost_default","classic_fast",20,0.0452553883997394,0.0420292511451716,0.031467313155691,0.0588877035386714,0.000175476155215737,4.22814883071029e-06,0.052818322719909,0.000396728698748622,0.00121347871441385,9.35590379561427e-06
"best_ktsp_vs_each_classifier","mcc","tier4_pooled","P0_derivative_amplitude_deciles","REGION_AGGREGATES_ALL","pooled_condition","POOLED_EC_EO_subject_grouped","POOLED_EC_EO_subject_grouped","AD_FTD_vs_CN","kTSP_k9_disjoint","xgboost_default","classic_fast",20,0.0951380617124473,0.0933956136474051,0.0698264976539796,0.119404089264683,0.000151093078387232,7.8500469739077e-07,0.0496898731631834,0.000372362088916532,0.000258266545441563,2.11503856291814e-06
"best_ktsp_vs_each_classifier","balanced_accuracy","tier4_pooled","P0_derivative_amplitude_deciles","REGION_AGGREGATES_ALL","pooled_condition","POOLED_EC_EO_subject_grouped","POOLED_EC_EO_subject_grouped","AD_FTD_vs_CN","kTSP_k9_disjoint","xgboost_default","classic_fast",20,0.0393041958041958,0.0353729603729604,0.0267528627622377,0.0517920891608392,0.00023574535856441,1.0439083633705e-05,0.0626295832706436,0.000466112496020886,0.0027037226611296,2.0640013268162e-05
"best_ktsp_vs_each_classifier","macro_f1","tier4_pooled","P0_derivative_amplitude_deciles","REGION_AGGREGATES_ALL","pooled_condition","POOLED_EC_EO_subject_grouped","POOLED_EC_EO_subject_grouped","AD_FTD_vs_CN","kTSP_k9_disjoint","svm_linear_liblinear","classic_fast",20,0.075520830219733,0.083307445673076,0.0603455459843624,0.0897722858270842,9.56917315706463e-05,6.59677581143467e-09,0.0496898731631834,0.00029443609714045,2.61891999713956e-06,2.76638985640809e-08
"best_ktsp_vs_each_classifier","mcc","tier4_pooled","P0_derivative_amplitude_deciles","REGION_AGGREGATES_ALL","pooled_condition","POOLED_EC_EO_subject_grouped","POOLED_EC_EO_subject_grouped","AD_FTD_vs_CN","kTSP_k9_disjoint","svm_linear_liblinear","classic_fast",20,0.151481032961466,0.177150597047508,0.120953712297528,0.179010874970742,9.56917315706463e-05,4.71580051367418e-09,0.0496898731631834,0.000324133170225704,1.96648881420213e-06,2.35790025683709e-08
"best_ktsp_vs_each_classifier","balanced_accuracy","tier4_pooled","P0_derivative_amplitude_deciles","REGION_AGGREGATES_ALL","pooled_condition","POOLED_EC_EO_subject_grouped","POOLED_EC_EO_subject_grouped","AD_FTD_vs_CN","kTSP_k9_disjoint","svm_linear_liblinear","classic_fast",20,0.0565614801864802,0.0624796037296036,0.041896284965035,0.0714082677738928,0.000129926100333799,7.55198640302317e-07,0.0490829590524173,0.000331184177321449,0.000232601181213114,1.84367743172397e-06
"best_ktsp_vs_each_classifier","macro_f1","tier4_pooled","P0_derivative_amplitude_deciles","REGION_AGGREGATES_ALL","pooled_condition","POOLED_EC_EO_subject_grouped","POOLED_EC_EO_subject_grouped","AD_FTD_vs_CN","kTSP_k9_disjoint","glmnet_elasticnet","classic_fast",20,0.0406330976690774,0.0444131378570675,0.0288475665821099,0.0516167440603382,0.000203524868067628,1.65816351972631e-06,0.0590222117396071,0.000435526466646777,0.000507398037036252,4.01044200119853e-06
"best_ktsp_vs_each_classifier","mcc","tier4_pooled","P0_derivative_amplitude_deciles","REGION_AGGREGATES_ALL","pooled_condition","POOLED_EC_EO_subject_grouped","POOLED_EC_EO_subject_grouped","AD_FTD_vs_CN","kTSP_k9_disjoint","glmnet_elasticnet","classic_fast",20,0.0651537083769254,0.0735274187967752,0.0444810625480586,0.0849162568588312,0.000272706565159098,4.99180607434429e-06,0.0769032513748625,0.000571804088236818,0.0014426319554855,1.11885308562889e-05
"best_ktsp_vs_each_classifier","balanced_accuracy","tier4_pooled","P0_derivative_amplitude_deciles","REGION_AGGREGATES_ALL","pooled_condition","POOLED_EC_EO_subject_grouped","POOLED_EC_EO_subject_grouped","AD_FTD_vs_CN","kTSP_k9_disjoint","glmnet_elasticnet","classic_fast",20,0.0433321678321678,0.0475378787878788,0.0326178831585081,0.053696671037296,0.00011157661051997,1.73283469120347e-07,0.0490829590524173,0.000299071327167016,5.78766786861957e-05,4.81857775094012e-07
"best_ktsp_vs_each_classifier","macro_f1","tier4_pooled","P0_derivative_amplitude_deciles","REGION_AGGREGATES_ALL","pooled_condition","POOLED_EC_EO_subject_grouped","POOLED_EC_EO_subject_grouped","AD_FTD_vs_CN","kTSP_k9_disjoint","sda_shrinklda","classic_fast",20,-0.0106205285466713,-0.0123629694806032,-0.0192643508690845,-0.00192057400995515,0.045792839376136,0.031510093452018,1,0.0558973626187576,1,0.0390124966548794
"best_ktsp_vs_each_classifier","mcc","tier4_pooled","P0_derivative_amplitude_deciles","REGION_AGGREGATES_ALL","pooled_condition","POOLED_EC_EO_subject_grouped","POOLED_EC_EO_subject_grouped","AD_FTD_vs_CN","kTSP_k9_disjoint","sda_shrinklda","classic_fast",20,-0.0112478555114631,-0.0120395590501597,-0.0286839380967495,0.00560797730062169,0.239603230341022,0.232959405232414,1,0.273231753897657,1,0.263919151897288
"best_ktsp_vs_each_classifier","balanced_accuracy","tier4_pooled","P0_derivative_amplitude_deciles","REGION_AGGREGATES_ALL","pooled_condition","POOLED_EC_EO_subject_grouped","POOLED_EC_EO_subject_grouped","AD_FTD_vs_CN","kTSP_k9_disjoint","sda_shrinklda","classic_fast",20,-0.0155847902097902,-0.0159761072261073,-0.0231283945221445,-0.00774356789044289,0.00338014329755101,0.00112665404186606,0.517161924525305,0.0047161382625947,0.174631376489239,0.00160071066057473
"best_ktsp_vs_each_classifier","macro_f1","tier4_pooled","P0_derivative_amplitude_deciles","REGION_AGGREGATES_ALL","pooled_condition","POOLED_EC_EO_subject_grouped","POOLED_EC_EO_subject_grouped","AD_FTD_vs_CN","kTSP_k9_disjoint","knn_euclidean","classic_fast",20,-0.010264732022516,-0.0083194367584421,-0.0181405236819774,-0.00205996481284147,0.0239066271188816,0.0221155947993974,1,0.0301003537574296,1,0.0277111067365943
"best_ktsp_vs_each_classifier","mcc","tier4_pooled","P0_derivative_amplitude_deciles","REGION_AGGREGATES_ALL","pooled_condition","POOLED_EC_EO_subject_grouped","POOLED_EC_EO_subject_grouped","AD_FTD_vs_CN","kTSP_k9_disjoint","knn_euclidean","classic_fast",20,-0.0109632888232421,-0.00379654915651734,-0.0266521673259963,0.00444879289732166,0.239603230341022,0.195107446675143,1,0.273231753897657,1,0.224459894405032
"best_ktsp_vs_each_classifier","balanced_accuracy","tier4_pooled","P0_derivative_amplitude_deciles","REGION_AGGREGATES_ALL","pooled_condition","POOLED_EC_EO_subject_grouped","POOLED_EC_EO_subject_grouped","AD_FTD_vs_CN","kTSP_k9_disjoint","knn_euclidean","classic_fast",20,-0.0245649766899767,-0.0217861305361306,-0.0322874344405594,-0.0169865748834499,0.000151093078387285,7.07542388328861e-06,0.0490829590524173,0.000335762396416189,0.00189621360072135,1.45423731988541e-05
"best_ktsp_vs_each_classifier","macro_f1","tier4_pooled","P0_derivative_amplitude_deciles","REGION_AGGREGATES_ALL","pooled_condition","POOLED_EC_EO_subject_grouped","POOLED_EC_EO_subject_grouped","AD_FTD_vs_CN","kTSP_k9_disjoint","ranger_rf","classic_fast",20,-0.0365824800285846,-0.038595859287104,-0.049369111575449,-0.0229258376629088,0.000418811376312347,4.23091861916572e-05,0.0971642393044646,0.000738243781974381,0.00964649445169784,7.50879754937261e-05
"best_ktsp_vs_each_classifier","mcc","tier4_pooled","P0_derivative_amplitude_deciles","REGION_AGGREGATES_ALL","pooled_condition","POOLED_EC_EO_subject_grouped","POOLED_EC_EO_subject_grouped","AD_FTD_vs_CN","kTSP_k9_disjoint","ranger_rf","classic_fast",20,-0.0746511949371643,-0.0792863536033404,-0.0991737555993902,-0.0494661879383912,0.000315046961090167,1.66474552443993e-05,0.0856927734165254,0.000630093922180386,0.00442822309501021,3.39477518709319e-05
"best_ktsp_vs_each_classifier","balanced_accuracy","tier4_pooled","P0_derivative_amplitude_deciles","REGION_AGGREGATES_ALL","pooled_condition","POOLED_EC_EO_subject_grouped","POOLED_EC_EO_subject_grouped","AD_FTD_vs_CN","kTSP_k9_disjoint","ranger_rf","classic_fast",20,-0.0335052447552448,-0.0347377622377623,-0.0457945002913753,-0.0208219041375292,0.00048192889671816,5.84406740241588e-05,0.107829277627722,0.000832568193665932,0.0128569482853149,0.000100960632865656
"best_ktsp_vs_each_classifier","macro_f1","tier4_pooled","P0_derivative_amplitude_deciles","REGION_AGGREGATES_ALL","pooled_condition","POOLED_EC_EO_subject_grouped","POOLED_EC_EO_subject_grouped","AD_FTD_vs_CN","kTSP_k9_disjoint","majority","classic_fast",20,0.353808763777169,0.355324768790521,0.347577946281399,0.359794503953017,9.56917315706463e-05,3.50880732284595e-28,0.0496898731631834,0.00029443609714045,1.79650934929713e-25,2.02731089764433e-26
"best_ktsp_vs_each_classifier","mcc","tier4_pooled","P0_derivative_amplitude_deciles","REGION_AGGREGATES_ALL","pooled_condition","POOLED_EC_EO_subject_grouped","POOLED_EC_EO_subject_grouped","AD_FTD_vs_CN","kTSP_k9_disjoint","majority","classic_fast",20,0.529632474056325,0.536566492957448,0.518207058301261,0.540307814343823,9.56917315706463e-05,1.55496969725543e-26,0.0496898731631834,0.000324133170225704,7.97699454692035e-24,1.01073030321603e-24
"best_ktsp_vs_each_classifier","balanced_accuracy","tier4_pooled","P0_derivative_amplitude_deciles","REGION_AGGREGATES_ALL","pooled_condition","POOLED_EC_EO_subject_grouped","POOLED_EC_EO_subject_grouped","AD_FTD_vs_CN","kTSP_k9_disjoint","majority","classic_fast",20,0.247273018648019,0.24868006993007,0.241889211829837,0.25262837995338,9.56917315706463e-05,2.75813398838524e-26,0.0490829590524173,0.000299071327167016,1.41492273604163e-23,1.7927870924504e-24
"best_ktsp_vs_each_classifier","macro_f1","tier4_pooled","P0_derivative_amplitude_deciles","REGION_AGGREGATES_ALL","pooled_condition","POOLED_EC_EO_subject_grouped","POOLED_EC_EO_subject_grouped","AD_FTD_vs_CN","kTSP_k9_disjoint","glmnet_ridge","classic_fast",20,0.071612497237794,0.0715691316800123,0.0632667252943352,0.0800885071230083,9.56917315706463e-05,1.85736732723974e-12,0.0496898731631834,0.00029443609714045,8.67390541820959e-10,1.78857594474938e-11
"best_ktsp_vs_each_classifier","mcc","tier4_pooled","P0_derivative_amplitude_deciles","REGION_AGGREGATES_ALL","pooled_condition","POOLED_EC_EO_subject_grouped","POOLED_EC_EO_subject_grouped","AD_FTD_vs_CN","kTSP_k9_disjoint","glmnet_ridge","classic_fast",20,0.0979992702586304,0.0925489619763943,0.0826000018913149,0.114040555447797,9.56917315706463e-05,2.84195461760183e-10,0.0496898731631834,0.000324133170225704,1.28172153253842e-07,2.11116628736136e-09
"best_ktsp_vs_each_classifier","balanced_accuracy","tier4_pooled","P0_derivative_amplitude_deciles","REGION_AGGREGATES_ALL","pooled_condition","POOLED_EC_EO_subject_grouped","POOLED_EC_EO_subject_grouped","AD_FTD_vs_CN","kTSP_k9_disjoint","glmnet_ridge","classic_fast",20,0.0730888694638695,0.0729603729603729,0.0656494828088578,0.0808276515151515,9.56917315706463e-05,1.64600401343609e-13,0.0490829590524173,0.000299071327167016,7.83497910395578e-11,1.90204908219281e-12
"best_ktsp_vs_each_classifier","macro_f1","tier4_pooled","P0_derivative_amplitude_deciles","REGION_AGGREGATES_ALL","pooled_condition","POOLED_EC_EO_subject_grouped","POOLED_EC_EO_subject_grouped","AD_FTD_vs_CN","kTSP_k9_disjoint","glmnet_lasso","classic_fast",20,0.0485328478941209,0.0522995482361382,0.0344340052725396,0.0630921287477169,0.000203524868067628,2.48588081890363e-06,0.0590222117396071,0.000435526466646777,0.000738306603214379,5.77079475816915e-06
"best_ktsp_vs_each_classifier","mcc","tier4_pooled","P0_derivative_amplitude_deciles","REGION_AGGREGATES_ALL","pooled_condition","POOLED_EC_EO_subject_grouped","POOLED_EC_EO_subject_grouped","AD_FTD_vs_CN","kTSP_k9_disjoint","glmnet_lasso","classic_fast",20,0.0751127611460283,0.068678943764753,0.0480549960505749,0.102899515602079,0.000418811376312389,3.6538700386296e-05,0.105540466830712,0.000777792556008723,0.00924429119773288,7.08959858241564e-05
"best_ktsp_vs_each_classifier","balanced_accuracy","tier4_pooled","P0_derivative_amplitude_deciles","REGION_AGGREGATES_ALL","pooled_condition","POOLED_EC_EO_subject_grouped","POOLED_EC_EO_subject_grouped","AD_FTD_vs_CN","kTSP_k9_disjoint","glmnet_lasso","classic_fast",20,0.0508694638694639,0.0494201631701632,0.037740085955711,0.0635501675407925,0.000151093078387232,4.39520960613884e-07,0.0490829590524173,0.000335762396416189,0.000139767665475215,1.12586650009468e-06
"best_ktsp_vs_each_classifier","macro_f1","tier4_pooled","P0_derivative_amplitude_deciles","REGION_AGGREGATES_ALL","pooled_condition","POOLED_EC_EO_subject_grouped","POOLED_EC_EO_subject_grouped","AD_FTD_vs_CN","kTSP_k9_disjoint","xgboost_shallow","classic_fast",20,0.0452553883997394,0.0420292511451716,0.0317196999727006,0.0588047806414869,0.000175476155215737,4.22814883071029e-06,0.052818322719909,0.000396728698748622,0.00121347871441385,9.35590379561427e-06
"best_ktsp_vs_each_classifier","mcc","tier4_pooled","P0_derivative_amplitude_deciles","REGION_AGGREGATES_ALL","pooled_condition","POOLED_EC_EO_subject_grouped","POOLED_EC_EO_subject_grouped","AD_FTD_vs_CN","kTSP_k9_disjoint","xgboost_shallow","classic_fast",20,0.0951380617124473,0.0933956136474051,0.0692704421843119,0.120039409358754,0.000151093078387232,7.8500469739077e-07,0.0496898731631834,0.000372362088916532,0.000258266545441563,2.11503856291814e-06
"best_ktsp_vs_each_classifier","balanced_accuracy","tier4_pooled","P0_derivative_amplitude_deciles","REGION_AGGREGATES_ALL","pooled_condition","POOLED_EC_EO_subject_grouped","POOLED_EC_EO_subject_grouped","AD_FTD_vs_CN","kTSP_k9_disjoint","xgboost_shallow","classic_fast",20,0.0393041958041958,0.0353729603729604,0.0262531541375291,0.0523417686480186,0.00023574535856441,1.0439083633705e-05,0.0626295832706436,0.000466112496020886,0.0027037226611296,2.0640013268162e-05
"best_ktsp_vs_each_classifier","macro_f1","tier4_pooled","P0_derivative_amplitude_deciles","REGION_AGGREGATES_ALL","pooled_condition","POOLED_EC_EO_subject_grouped","POOLED_EC_EO_subject_grouped","AD_vs_CN","kTSP_k9_disjoint","sda_shrinklda","classic_fast",20,-0.020659360669741,-0.0215846845602035,-0.0280041623257286,-0.0133679063837149,0.000272706565159087,4.14007963166655e-05,0.0719945332019989,0.000527165107370746,0.00952193501196242,7.37274454954317e-05
"best_ktsp_vs_each_classifier","mcc","tier4_pooled","P0_derivative_amplitude_deciles","REGION_AGGREGATES_ALL","pooled_condition","POOLED_EC_EO_subject_grouped","POOLED_EC_EO_subject_grouped","AD_vs_CN","kTSP_k9_disjoint","sda_shrinklda","classic_fast",20,-0.0119432419594219,-0.0126026994577096,-0.0286982160809783,0.00377420405283036,0.104381970287785,0.169348588492154,1,0.124492258141395,1,0.197890485429034
"best_ktsp_vs_each_classifier","balanced_accuracy","tier4_pooled","P0_derivative_amplitude_deciles","REGION_AGGREGATES_ALL","pooled_condition","POOLED_EC_EO_subject_grouped","POOLED_EC_EO_subject_grouped","AD_vs_CN","kTSP_k9_disjoint","sda_shrinklda","classic_fast",20,-0.0197440476190476,-0.0193154761904762,-0.026509375,-0.0131334821428572,0.000272706565159087,1.98401677890393e-05,0.0697269543759944,0.000513794977835981,0.00488068127610366,3.7515953637456e-05
"best_ktsp_vs_each_classifier","macro_f1","tier4_pooled","P0_derivative_amplitude_deciles","REGION_AGGREGATES_ALL","pooled_condition","POOLED_EC_EO_subject_grouped","POOLED_EC_EO_subject_grouped","AD_vs_CN","kTSP_k9_disjoint","svm_linear_liblinear","classic_fast",20,0.0890520616076573,0.0875909640505292,0.0742933797332233,0.103550595085048,9.56917315706463e-05,3.52172790632979e-10,0.0496898731631834,0.00029443609714045,1.52842991134713e-07,2.10494081757643e-09
"best_ktsp_vs_each_classifier","mcc","tier4_pooled","P0_derivative_amplitude_deciles","REGION_AGGREGATES_ALL","pooled_condition","POOLED_EC_EO_subject_grouped","POOLED_EC_EO_subject_grouped","AD_vs_CN","kTSP_k9_disjoint","svm_linear_liblinear","classic_fast",20,0.208192953648617,0.205422095414456,0.179552490493848,0.237201875887918,9.56917315706463e-05,2.55209805347734e-11,0.0496898731631834,0.000324133170225704,1.19693398708087e-08,2.55209805347734e-10
"best_ktsp_vs_each_classifier","balanced_accuracy","tier4_pooled","P0_derivative_amplitude_deciles","REGION_AGGREGATES_ALL","pooled_condition","POOLED_EC_EO_subject_grouped","POOLED_EC_EO_subject_grouped","AD_vs_CN","kTSP_k9_disjoint","svm_linear_liblinear","classic_fast",20,0.083,0.0804166666666667,0.0691064732142857,0.0970357886904762,9.56917315706463e-05,9.83093046312201e-10,0.0490829590524173,0.000299071327167016,4.15848358590061e-07,5.2164120824729e-09
"best_ktsp_vs_each_classifier","macro_f1","tier4_pooled","P0_derivative_amplitude_deciles","REGION_AGGREGATES_ALL","pooled_condition","POOLED_EC_EO_subject_grouped","POOLED_EC_EO_subject_grouped","AD_vs_CN","kTSP_k9_disjoint","glmnet_ridge","classic_fast",20,0.0298196770178112,0.0297838158472838,0.0195887117206982,0.0390049692008863,0.000315046961090193,9.70988901540339e-06,0.0790767872336319,0.000583005052551247,0.0025925403671127,1.98785129449203e-05
"best_ktsp_vs_each_classifier","mcc","tier4_pooled","P0_derivative_amplitude_deciles","REGION_AGGREGATES_ALL","pooled_condition","POOLED_EC_EO_subject_grouped","POOLED_EC_EO_subject_grouped","AD_vs_CN","kTSP_k9_disjoint","glmnet_ridge","classic_fast",20,0.0734495972533249,0.0806818313430991,0.0536930195753052,0.0906381857739459,0.000175476155215737,3.43824862185189e-07,0.0542221319616627,0.00041856697574396,0.000118275752591705,1.0101069397531e-06
"best_ktsp_vs_each_classifier","balanced_accuracy","tier4_pooled","P0_derivative_amplitude_deciles","REGION_AGGREGATES_ALL","pooled_condition","POOLED_EC_EO_subject_grouped","POOLED_EC_EO_subject_grouped","AD_vs_CN","kTSP_k9_disjoint","glmnet_ridge","classic_fast",20,0.0296130952380952,0.033125,0.0204253720238095,0.0380302827380952,0.000272370915531228,3.14466072383855e-06,0.0697269543759944,0.000513794977835981,0.000880505002674794,6.78516006803339e-06
"best_ktsp_vs_each_classifier","macro_f1","tier4_pooled","P0_derivative_amplitude_deciles","REGION_AGGREGATES_ALL","pooled_condition","POOLED_EC_EO_subject_grouped","POOLED_EC_EO_subject_grouped","AD_vs_CN","kTSP_k9_disjoint","glmnet_lasso","classic_fast",20,0.0234599269896289,0.022979495622533,0.0110573024528627,0.0353124698999396,0.00607045578069321,0.00174274037890868,0.880216088200515,0.00828513649858398,0.257925576078485,0.00242955763279495
"best_ktsp_vs_each_classifier","mcc","tier4_pooled","P0_derivative_amplitude_deciles","REGION_AGGREGATES_ALL","pooled_condition","POOLED_EC_EO_subject_grouped","POOLED_EC_EO_subject_grouped","AD_vs_CN","kTSP_k9_disjoint","glmnet_lasso","classic_fast",20,0.0494280890013028,0.0456711425296478,0.0274727368857395,0.0698420699686607,0.001413190930041,0.000330524761351051,0.285464567868281,0.00228928125738729,0.0680881008383166,0.000545212133779205
"best_ktsp_vs_each_classifier","balanced_accuracy","tier4_pooled","P0_derivative_amplitude_deciles","REGION_AGGREGATES_ALL","pooled_condition","POOLED_EC_EO_subject_grouped","POOLED_EC_EO_subject_grouped","AD_vs_CN","kTSP_k9_disjoint","glmnet_lasso","classic_fast",20,0.0221220238095238,0.0197023809523809,0.0107409226190476,0.0327185267857143,0.00207038653113267,0.00113054441570768,0.362317642948218,0.00309368102353158,0.174631376489239,0.00160186129746048
"best_ktsp_vs_each_classifier","macro_f1","tier4_pooled","P0_derivative_amplitude_deciles","REGION_AGGREGATES_ALL","pooled_condition","POOLED_EC_EO_subject_grouped","POOLED_EC_EO_subject_grouped","AD_vs_CN","kTSP_k9_disjoint","knn_euclidean","classic_fast",20,-0.00456281442119715,-0.00345957112296336,-0.0126512623710649,0.00335444032809561,0.225010647054924,0.287226176808723,1,0.252167104458104,1,0.317107456349334
"best_ktsp_vs_each_classifier","mcc","tier4_pooled","P0_derivative_amplitude_deciles","REGION_AGGREGATES_ALL","pooled_condition","POOLED_EC_EO_subject_grouped","POOLED_EC_EO_subject_grouped","AD_vs_CN","kTSP_k9_disjoint","knn_euclidean","classic_fast",20,0.0198147057123015,0.0199438576799301,0.00302958003930812,0.0371887409803097,0.064607095537442,0.0410433500119593,1,0.0788631213133095,1,0.0514278120631779
"best_ktsp_vs_each_classifier","balanced_accuracy","tier4_pooled","P0_derivative_amplitude_deciles","REGION_AGGREGATES_ALL","pooled_condition","POOLED_EC_EO_subject_grouped","POOLED_EC_EO_subject_grouped","AD_vs_CN","kTSP_k9_disjoint","knn_euclidean","classic_fast",20,-0.0114107142857143,-0.0114285714285714,-0.0190626488095238,-0.0032140625,0.0105491877123423,0.0100970142420938,1,0.0136118551126997,1,0.0130284054736694
"best_ktsp_vs_each_classifier","macro_f1","tier4_pooled","P0_derivative_amplitude_deciles","REGION_AGGREGATES_ALL","pooled_condition","POOLED_EC_EO_subject_grouped","POOLED_EC_EO_subject_grouped","AD_vs_CN","kTSP_k9_disjoint","glmnet_elasticnet","classic_fast",20,0.0141639509087911,0.00877531167696199,0.00411258580303626,0.0256904408774863,0.0144735765347586,0.0200146743640892,1,0.0185833575261098,1,0.0251392045152811
"best_ktsp_vs_each_classifier","mcc","tier4_pooled","P0_derivative_amplitude_deciles","REGION_AGGREGATES_ALL","pooled_condition","POOLED_EC_EO_subject_grouped","POOLED_EC_EO_subject_grouped","AD_vs_CN","kTSP_k9_disjoint","glmnet_elasticnet","classic_fast",20,0.0375523016364706,0.0368068812655479,0.0174314171227337,0.0572106441847184,0.00338292225374581,0.00173964355819337,0.575096783136788,0.00498334156359157,0.283561899985519,0.0025268565649736
"best_ktsp_vs_each_classifier","balanced_accuracy","tier4_pooled","P0_derivative_amplitude_deciles","REGION_AGGREGATES_ALL","pooled_condition","POOLED_EC_EO_subject_grouped","POOLED_EC_EO_subject_grouped","AD_vs_CN","kTSP_k9_disjoint","glmnet_elasticnet","classic_fast",20,0.0138988095238095,0.00863095238095235,0.00423504464285714,0.0238383928571428,0.0105491877123423,0.0142616156631426,1,0.0136118551126997,1,0.0181765689824366
"best_ktsp_vs_each_classifier","macro_f1","tier4_pooled","P0_derivative_amplitude_deciles","REGION_AGGREGATES_ALL","pooled_condition","POOLED_EC_EO_subject_grouped","POOLED_EC_EO_subject_grouped","AD_vs_CN","kTSP_k9_disjoint","ranger_rf","classic_fast",20,-0.0487800989771098,-0.0481174413226757,-0.056917554617294,-0.0408930015812899,9.56917315705946e-05,5.38035207266874e-10,0.0496898731631834,0.00029443609714045,2.30494608007636e-07,3.00836890084704e-09
"best_ktsp_vs_each_classifier","mcc","tier4_pooled","P0_derivative_amplitude_deciles","REGION_AGGREGATES_ALL","pooled_condition","POOLED_EC_EO_subject_grouped","POOLED_EC_EO_subject_grouped","AD_vs_CN","kTSP_k9_disjoint","ranger_rf","classic_fast",20,-0.0613818520176908,-0.0674312786590874,-0.0763745768465112,-0.0469045652717083,0.000111576610520002,1.79137136624951e-07,0.0496898731631834,0.000324133170225704,6.33410755753202e-05,5.54472089553419e-07
"best_ktsp_vs_each_classifier","balanced_accuracy","tier4_pooled","P0_derivative_amplitude_deciles","REGION_AGGREGATES_ALL","pooled_condition","POOLED_EC_EO_subject_grouped","POOLED_EC_EO_subject_grouped","AD_vs_CN","kTSP_k9_disjoint","ranger_rf","classic_fast",20,-0.0484345238095238,-0.0534821428571429,-0.0556049107142857,-0.0410683779761905,9.56917315705946e-05,1.01477633847239e-10,0.0490829590524173,0.000299071327167016,4.46501588927853e-08,6.51461353093389e-10
"best_ktsp_vs_each_classifier","macro_f1","tier4_pooled","P0_derivative_amplitude_deciles","REGION_AGGREGATES_ALL","pooled_condition","POOLED_EC_EO_subject_grouped","POOLED_EC_EO_subject_grouped","AD_vs_CN","kTSP_k9_disjoint","xgboost_default","classic_fast",20,0.0330605190300563,0.0340438356854243,0.0166051579953577,0.0486040541690134,0.00234534072287751,0.000856510056744931,0.394017241443412,0.00340664015613493,0.143893689533148,0.00125815036584001
"best_ktsp_vs_each_classifier","mcc","tier4_pooled","P0_derivative_amplitude_deciles","REGION_AGGREGATES_ALL","pooled_condition","POOLED_EC_EO_subject_grouped","POOLED_EC_EO_subject_grouped","AD_vs_CN","kTSP_k9_disjoint","xgboost_default","classic_fast",20,0.100352006512011,0.102474884295834,0.0672870687342284,0.131813026521318,0.000418811376312389,1.20796413616573e-05,0.105540466830712,0.000777792556008723,0.00330982173309409,2.53282802744427e-05
"best_ktsp_vs_each_classifier","balanced_accuracy","tier4_pooled","P0_derivative_amplitude_deciles","REGION_AGGREGATES_ALL","pooled_condition","POOLED_EC_EO_subject_grouped","POOLED_EC_EO_subject_grouped","AD_vs_CN","kTSP_k9_disjoint","xgboost_default","classic_fast",20,0.0309226190476191,0.0325,0.0149311755952381,0.0457947916666667,0.0029979578809507,0.00117338789125012,0.476274478494901,0.00424778773322715,0.179528347361268,0.00165355475189719
"best_ktsp_vs_each_classifier","macro_f1","tier4_pooled","P0_derivative_amplitude_deciles","REGION_AGGREGATES_ALL","pooled_condition","POOLED_EC_EO_subject_grouped","POOLED_EC_EO_subject_grouped","AD_vs_CN","kTSP_k9_disjoint","majority","classic_fast",20,0.414640489737356,0.417647267864868,0.408910364245244,0.419051722806482,9.56917315706463e-05,1.01304059093714e-30,0.0496898731631834,0.00029443609714045,5.21715904332629e-28,8.77968512145524e-29
"best_ktsp_vs_each_classifier","mcc","tier4_pooled","P0_derivative_amplitude_deciles","REGION_AGGREGATES_ALL","pooled_condition","POOLED_EC_EO_subject_grouped","POOLED_EC_EO_subject_grouped","AD_vs_CN","kTSP_k9_disjoint","majority","classic_fast",20,0.589959956001317,0.596252322138189,0.577860774594801,0.599558744776958,9.56917315706463e-05,1.22186597493867e-27,0.0496898731631834,0.000324133170225704,6.29260977093416e-25,1.05861861884489e-25
"best_ktsp_vs_each_classifier","balanced_accuracy","tier4_pooled","P0_derivative_amplitude_deciles","REGION_AGGREGATES_ALL","pooled_condition","POOLED_EC_EO_subject_grouped","POOLED_EC_EO_subject_grouped","AD_vs_CN","kTSP_k9_disjoint","majority","classic_fast",20,0.270943452380952,0.273154761904762,0.266199255952381,0.274768154761905,9.5289310686697e-05,5.42587239296959e-29,0.0490829590524173,0.000299071327167016,2.79432428237934e-26,4.70242274057365e-27
"best_ktsp_vs_each_classifier","macro_f1","tier4_pooled","P0_derivative_amplitude_deciles","REGION_AGGREGATES_ALL","pooled_condition","POOLED_EC_EO_subject_grouped","POOLED_EC_EO_subject_grouped","AD_vs_CN","kTSP_k9_disjoint","xgboost_shallow","classic_fast",20,0.0330605190300563,0.0340438356854243,0.0160538516296432,0.0482556028553219,0.00234534072287751,0.000856510056744931,0.394017241443412,0.00340664015613493,0.143893689533148,0.00125815036584001
"best_ktsp_vs_each_classifier","mcc","tier4_pooled","P0_derivative_amplitude_deciles","REGION_AGGREGATES_ALL","pooled_condition","POOLED_EC_EO_subject_grouped","POOLED_EC_EO_subject_grouped","AD_vs_CN","kTSP_k9_disjoint","xgboost_shallow","classic_fast",20,0.100352006512011,0.102474884295834,0.0677113065610378,0.132075088646349,0.000418811376312389,1.20796413616573e-05,0.105540466830712,0.000777792556008723,0.00330982173309409,2.53282802744427e-05
"best_ktsp_vs_each_classifier","balanced_accuracy","tier4_pooled","P0_derivative_amplitude_deciles","REGION_AGGREGATES_ALL","pooled_condition","POOLED_EC_EO_subject_grouped","POOLED_EC_EO_subject_grouped","AD_vs_CN","kTSP_k9_disjoint","xgboost_shallow","classic_fast",20,0.0309226190476191,0.0325,0.0146307291666667,0.0458936755952381,0.0029979578809507,0.00117338789125012,0.476274478494901,0.00424778773322715,0.179528347361268,0.00165355475189719
"best_ktsp_vs_each_classifier","macro_f1","tier4_pooled","P0_derivative_amplitude_deciles","REGION_AGGREGATES_ALL","pooled_condition","POOLED_EC_EO_subject_grouped","POOLED_EC_EO_subject_grouped","AD_vs_FTD","kTSP_k5_nondisjoint","glmnet_elasticnet","classic_fast",20,0.133136497967082,0.126025941730133,0.113597289124231,0.152300738848523,9.56917315706463e-05,6.59649961539812e-11,0.0496898731631834,0.00029443609714045,2.97502132654455e-08,4.90025685715289e-10
"best_ktsp_vs_each_classifier","mcc","tier4_pooled","P0_derivative_amplitude_deciles","REGION_AGGREGATES_ALL","pooled_condition","POOLED_EC_EO_subject_grouped","POOLED_EC_EO_subject_grouped","AD_vs_FTD","kTSP_k5_nondisjoint","glmnet_elasticnet","classic_fast",20,0.113471490909672,0.1226423871481,0.0672206646155865,0.155476565500078,0.000553830376860853,9.25175290600995e-05,0.130703968939161,0.000999971513776541,0.0212790316838229,0.000165323419626295
"best_ktsp_vs_each_classifier","balanced_accuracy","tier4_pooled","P0_derivative_amplitude_deciles","REGION_AGGREGATES_ALL","pooled_condition","POOLED_EC_EO_subject_grouped","POOLED_EC_EO_subject_grouped","AD_vs_FTD","kTSP_k5_nondisjoint","glmnet_elasticnet","classic_fast",20,0.067875,0.0701785714285714,0.0501205357142857,0.0844553571428571,0.000150892436409977,4.1230207623984e-07,0.0490829590524173,0.000335762396416189,0.000131524362320509,1.06137168140949e-06
"best_ktsp_vs_each_classifier","macro_f1","tier4_pooled","P0_derivative_amplitude_deciles","REGION_AGGREGATES_ALL","pooled_condition","POOLED_EC_EO_subject_grouped","POOLED_EC_EO_subject_grouped","AD_vs_FTD","kTSP_k5_nondisjoint","majority","classic_fast",20,0.175869103479421,0.178224244185343,0.15768337997435,0.191186075152378,9.56917315706463e-05,2.39759269403973e-14,0.0496898731631834,0.00029443609714045,1.14125412236291e-11,2.77055155755702e-13
"best_ktsp_vs_each_classifier","mcc","tier4_pooled","P0_derivative_amplitude_deciles","REGION_AGGREGATES_ALL","pooled_condition","POOLED_EC_EO_subject_grouped","POOLED_EC_EO_subject_grouped","AD_vs_FTD","kTSP_k5_nondisjoint","majority","classic_fast",20,0.156693687506154,0.170983841957041,0.124431139216942,0.184909253500455,0.000129926100333799,5.80786580335828e-09,0.0496898731631834,0.000350059959448578,2.41607217419704e-06,2.87627639785362e-08
"best_ktsp_vs_each_classifier","balanced_accuracy","tier4_pooled","P0_derivative_amplitude_deciles","REGION_AGGREGATES_ALL","pooled_condition","POOLED_EC_EO_subject_grouped","POOLED_EC_EO_subject_grouped","AD_vs_FTD","kTSP_k5_nondisjoint","majority","classic_fast",20,0.0776607142857143,0.0851785714285714,0.0620787946428571,0.0919470982142857,0.000111422865463284,5.172248337271e-09,0.0490829590524173,0.000299071327167016,2.04303809322205e-06,2.13457867887375e-08
"best_ktsp_vs_each_classifier","macro_f1","tier4_pooled","P0_derivative_amplitude_deciles","REGION_AGGREGATES_ALL","pooled_condition","POOLED_EC_EO_subject_grouped","POOLED_EC_EO_subject_grouped","AD_vs_FTD","kTSP_k5_nondisjoint","svm_linear_liblinear","classic_fast",20,0.0261281960572336,0.0294783901373638,0.00548014872690645,0.04524219032777,0.0239066271188815,0.0223980012121581,1,0.0301003537574296,1,0.0279975015151976
"best_ktsp_vs_each_classifier","mcc","tier4_pooled","P0_derivative_amplitude_deciles","REGION_AGGREGATES_ALL","pooled_condition","POOLED_EC_EO_subject_grouped","POOLED_EC_EO_subject_grouped","AD_vs_FTD","kTSP_k5_nondisjoint","svm_linear_liblinear","classic_fast",20,0.0863942974633124,0.0936016987090877,0.0453969207343789,0.122185239923082,0.00207038653113267,0.000325893753548599,0.383021508259545,0.00318521004789642,0.0674600069845599,0.000539696661927615
"best_ktsp_vs_each_classifier","balanced_accuracy","tier4_pooled","P0_derivative_amplitude_deciles","REGION_AGGREGATES_ALL","pooled_condition","POOLED_EC_EO_subject_grouped","POOLED_EC_EO_subject_grouped","AD_vs_FTD","kTSP_k5_nondisjoint","svm_linear_liblinear","classic_fast",20,0.0431517857142857,0.0525892857142856,0.0248908482142857,0.05989375,0.00160712458710077,0.000183604765061776,0.292221297453869,0.00245074717094546,0.0356193244219846,0.000291970880220562
"best_ktsp_vs_each_classifier","macro_f1","tier4_pooled","P0_derivative_amplitude_deciles","REGION_AGGREGATES_ALL","pooled_condition","POOLED_EC_EO_subject_grouped","POOLED_EC_EO_subject_grouped","AD_vs_FTD","kTSP_k5_nondisjoint","ranger_rf","classic_fast",20,-0.0252434068512111,-0.019769656119383,-0.0490154905493057,-0.00457803065137079,0.045792839376136,0.0487987022177251,1,0.0558973626187576,1,0.0587391785954098
"best_ktsp_vs_each_classifier","mcc","tier4_pooled","P0_derivative_amplitude_deciles","REGION_AGGREGATES_ALL","pooled_condition","POOLED_EC_EO_subject_grouped","POOLED_EC_EO_subject_grouped","AD_vs_FTD","kTSP_k5_nondisjoint","ranger_rf","classic_fast",20,-0.0291032882926107,-0.0248241483401411,-0.0742206379157601,0.0100489070530921,0.172995225897368,0.204198481567057,1,0.201698469656124,1,0.232857917576469
"best_ktsp_vs_each_classifier","balanced_accuracy","tier4_pooled","P0_derivative_amplitude_deciles","REGION_AGGREGATES_ALL","pooled_condition","POOLED_EC_EO_subject_grouped","POOLED_EC_EO_subject_grouped","AD_vs_FTD","kTSP_k5_nondisjoint","ranger_rf","classic_fast",20,-0.00813392857142859,-0.00508928571428574,-0.0303694196428572,0.01064375,0.627416046116331,0.449965883375993,1,0.663122650366854,1,0.489502634634971
"best_ktsp_vs_each_classifier","macro_f1","tier4_pooled","P0_derivative_amplitude_deciles","REGION_AGGREGATES_ALL","pooled_condition","POOLED_EC_EO_subject_grouped","POOLED_EC_EO_subject_grouped","AD_vs_FTD","kTSP_k5_nondisjoint","xgboost_shallow","classic_fast",20,-0.0216209901894655,-0.0150400216551304,-0.0412006554535353,-0.00288991523257634,0.0593893708302478,0.0470925875552069,1,0.0714872056290019,1,0.0569491756481572
"best_ktsp_vs_each_classifier","mcc","tier4_pooled","P0_derivative_amplitude_deciles","REGION_AGGREGATES_ALL","pooled_condition","POOLED_EC_EO_subject_grouped","POOLED_EC_EO_subject_grouped","AD_vs_FTD","kTSP_k5_nondisjoint","xgboost_shallow","classic_fast",20,-0.012674274958786,-0.0109823900239086,-0.0517303745806486,0.0221884237884273,0.866585628639051,0.514727963740341,1,0.881848389221735,1,0.547358979846579
"best_ktsp_vs_each_classifier","balanced_accuracy","tier4_pooled","P0_derivative_amplitude_deciles","REGION_AGGREGATES_ALL","pooled_condition","POOLED_EC_EO_subject_grouped","POOLED_EC_EO_subject_grouped","AD_vs_FTD","kTSP_k5_nondisjoint","xgboost_shallow","classic_fast",20,-0.00438392857142857,-0.00187499999999996,-0.0226517857142857,0.0117504464285714,1,0.63761968893882,1,1,1,0.667127239935989
"best_ktsp_vs_each_classifier","macro_f1","tier4_pooled","P0_derivative_amplitude_deciles","REGION_AGGREGATES_ALL","pooled_condition","POOLED_EC_EO_subject_grouped","POOLED_EC_EO_subject_grouped","AD_vs_FTD","kTSP_k5_nondisjoint","xgboost_default","classic_fast",20,-0.0216209901894655,-0.0150400216551304,-0.041939083058831,-0.00295023847323407,0.0593893708302478,0.0470925875552069,1,0.0714872056290019,1,0.0569491756481572
"best_ktsp_vs_each_classifier","mcc","tier4_pooled","P0_derivative_amplitude_deciles","REGION_AGGREGATES_ALL","pooled_condition","POOLED_EC_EO_subject_grouped","POOLED_EC_EO_subject_grouped","AD_vs_FTD","kTSP_k5_nondisjoint","xgboost_default","classic_fast",20,-0.012674274958786,-0.0109823900239086,-0.0497226162102324,0.023300485873638,0.866585628639051,0.514727963740341,1,0.881848389221735,1,0.547358979846579
"best_ktsp_vs_each_classifier","balanced_accuracy","tier4_pooled","P0_derivative_amplitude_deciles","REGION_AGGREGATES_ALL","pooled_condition","POOLED_EC_EO_subject_grouped","POOLED_EC_EO_subject_grouped","AD_vs_FTD","kTSP_k5_nondisjoint","xgboost_default","classic_fast",20,-0.00438392857142857,-0.00187499999999996,-0.022753125,0.0123841517857143,1,0.63761968893882,1,1,1,0.667127239935989
"best_ktsp_vs_each_classifier","macro_f1","tier4_pooled","P0_derivative_amplitude_deciles","REGION_AGGREGATES_ALL","pooled_condition","POOLED_EC_EO_subject_grouped","POOLED_EC_EO_subject_grouped","AD_vs_FTD","kTSP_k5_nondisjoint","glmnet_lasso","classic_fast",20,0.146694120600539,0.158354600796376,0.123863551221747,0.167116553872293,9.56917315706463e-05,5.62954575915968e-11,0.0496898731631834,0.00029443609714045,2.55018422889933e-08,4.30494675700446e-10
"best_ktsp_vs_each_classifier","mcc","tier4_pooled","P0_derivative_amplitude_deciles","REGION_AGGREGATES_ALL","pooled_condition","POOLED_EC_EO_subject_grouped","POOLED_EC_EO_subject_grouped","AD_vs_FTD","kTSP_k5_nondisjoint","glmnet_lasso","classic_fast",20,0.153607184297793,0.182502942993772,0.104972114083547,0.199903123666642,0.000418811376312389,7.55736437142012e-06,0.105540466830712,0.000777792556008723,0.00213117675274047,1.64428011428387e-05
"best_ktsp_vs_each_classifier","balanced_accuracy","tier4_pooled","P0_derivative_amplitude_deciles","REGION_AGGREGATES_ALL","pooled_condition","POOLED_EC_EO_subject_grouped","POOLED_EC_EO_subject_grouped","AD_vs_FTD","kTSP_k5_nondisjoint","glmnet_lasso","classic_fast",20,0.0770982142857143,0.0849107142857143,0.0575705357142857,0.0952511160714285,0.000175476155215737,3.03896110582855e-07,0.0495303716259305,0.00037243918658034,9.90701320500106e-05,8.10389628220945e-07
"best_ktsp_vs_each_classifier","macro_f1","tier4_pooled","P0_derivative_amplitude_deciles","REGION_AGGREGATES_ALL","pooled_condition","POOLED_EC_EO_subject_grouped","POOLED_EC_EO_subject_grouped","AD_vs_FTD","kTSP_k5_nondisjoint","sda_shrinklda","classic_fast",20,-0.00458284938811263,-0.00042813804727887,-0.0215033151778265,0.0102353875163675,0.925640069588623,0.584674127362456,1,0.932815574004039,1,0.614203123693894
"best_ktsp_vs_each_classifier","mcc","tier4_pooled","P0_derivative_amplitude_deciles","REGION_AGGREGATES_ALL","pooled_condition","POOLED_EC_EO_subject_grouped","POOLED_EC_EO_subject_grouped","AD_vs_FTD","kTSP_k5_nondisjoint","sda_shrinklda","classic_fast",20,0.0228981127847074,0.0239222131221908,-0.00779454834680187,0.0494783085025293,0.064607095537442,0.142744872519452,1,0.0788631213133095,1,0.168698485704807
"best_ktsp_vs_each_classifier","balanced_accuracy","tier4_pooled","P0_derivative_amplitude_deciles","REGION_AGGREGATES_ALL","pooled_condition","POOLED_EC_EO_subject_grouped","POOLED_EC_EO_subject_grouped","AD_vs_FTD","kTSP_k5_nondisjoint","sda_shrinklda","classic_fast",20,0.0138035714285714,0.0140178571428571,-0.000653348214285712,0.0267946428571429,0.0349190540817266,0.0696163281254175,1,0.0425243749941402,1,0.0813494171353193
"best_ktsp_vs_each_classifier","macro_f1","tier4_pooled","P0_derivative_amplitude_deciles","REGION_AGGREGATES_ALL","pooled_condition","POOLED_EC_EO_subject_grouped","POOLED_EC_EO_subject_grouped","AD_vs_FTD","kTSP_k5_nondisjoint","knn_euclidean","classic_fast",20,0.0403979127361461,0.0506339538088525,0.0136732699251965,0.0640516637315512,0.00760127216539086,0.00524890135867224,1,0.0102400557668478,0.698103880703408,0.00703461006832362
"best_ktsp_vs_each_classifier","mcc","tier4_pooled","P0_derivative_amplitude_deciles","REGION_AGGREGATES_ALL","pooled_condition","POOLED_EC_EO_subject_grouped","POOLED_EC_EO_subject_grouped","AD_vs_FTD","kTSP_k5_nondisjoint","knn_euclidean","classic_fast",20,0.0979848333241698,0.0912727267030526,0.0501657658587706,0.141299328607195,0.00207038653113267,0.000609390128107898,0.383021508259545,0.00318521004789642,0.116393514468609,0.0009602511109579
"best_ktsp_vs_each_classifier","balanced_accuracy","tier4_pooled","P0_derivative_amplitude_deciles","REGION_AGGREGATES_ALL","pooled_condition","POOLED_EC_EO_subject_grouped","POOLED_EC_EO_subject_grouped","AD_vs_FTD","kTSP_k5_nondisjoint","knn_euclidean","classic_fast",20,0.0518482142857143,0.0530357142857142,0.0302676339285714,0.0719111607142857,0.00124104092831123,0.000140276868058902,0.238814743557706,0.00191495929591055,0.0286164810840161,0.000230107165270123
"best_ktsp_vs_each_classifier","macro_f1","tier4_pooled","P0_derivative_amplitude_deciles","REGION_AGGREGATES_ALL","pooled_condition","POOLED_EC_EO_subject_grouped","POOLED_EC_EO_subject_grouped","AD_vs_FTD","kTSP_k5_nondisjoint","glmnet_ridge","classic_fast",20,0.134201745251507,0.146773213159087,0.112342465542025,0.153724447628019,9.56917315706463e-05,1.963302711559e-10,0.0496898731631834,0.00029443609714045,8.61889890374403e-08,1.24502123172034e-09
"best_ktsp_vs_each_classifier","mcc","tier4_pooled","P0_derivative_amplitude_deciles","REGION_AGGREGATES_ALL","pooled_condition","POOLED_EC_EO_subject_grouped","POOLED_EC_EO_subject_grouped","AD_vs_FTD","kTSP_k5_nondisjoint","glmnet_ridge","classic_fast",20,0.141383899200499,0.165037387219522,0.103065026455008,0.174716055603038,0.000203524868067628,4.92111743119871e-07,0.0614645101564185,0.000464179523663012,0.000166333769174517,1.39835030831876e-06
"best_ktsp_vs_each_classifier","balanced_accuracy","tier4_pooled","P0_derivative_amplitude_deciles","REGION_AGGREGATES_ALL","pooled_condition","POOLED_EC_EO_subject_grouped","POOLED_EC_EO_subject_grouped","AD_vs_FTD","kTSP_k5_nondisjoint","glmnet_ridge","classic_fast",20,0.0713839285714286,0.0782142857142857,0.0545,0.0867953125,0.000175476155215737,8.18963290997624e-08,0.0495303716259305,0.00037243918658034,2.85818188558171e-05,2.47593553092305e-07
"best_ktsp_vs_each_classifier","macro_f1","tier4_pooled","P0_derivative_amplitude_deciles","REGION_AGGREGATES_ALL","pooled_condition","POOLED_EC_EO_subject_grouped","POOLED_EC_EO_subject_grouped","CN_vs_FTD","kTSP_CV_disjoint","glmnet_elasticnet","classic_fast",20,0.026879303124282,0.0312824431517392,0.0119028394526003,0.0411098155621017,0.00482310961577714,0.00225456055472905,0.70899711351924,0.00670592780803239,0.326911280435712,0.00311800927781677
"best_ktsp_vs_each_classifier","mcc","tier4_pooled","P0_derivative_amplitude_deciles","REGION_AGGREGATES_ALL","pooled_condition","POOLED_EC_EO_subject_grouped","POOLED_EC_EO_subject_grouped","CN_vs_FTD","kTSP_CV_disjoint","glmnet_elasticnet","classic_fast",20,0.0476181602558931,0.065006242809776,0.0200455966185722,0.0737379186729663,0.00946954016958812,0.00371203329565374,1,0.0129243067931386,0.564229060939369,0.00523104963073156
"best_ktsp_vs_each_classifier","balanced_accuracy","tier4_pooled","P0_derivative_amplitude_deciles","REGION_AGGREGATES_ALL","pooled_condition","POOLED_EC_EO_subject_grouped","POOLED_EC_EO_subject_grouped","CN_vs_FTD","kTSP_CV_disjoint","glmnet_elasticnet","classic_fast",20,0.034125,0.0404166666666667,0.0197489583333333,0.0477510416666667,0.000952379688397675,0.000177713901054899,0.192183206111207,0.00153008080656485,0.0350096385078151,0.00028502917152076
"best_ktsp_vs_each_classifier","macro_f1","tier4_pooled","P0_derivative_amplitude_deciles","REGION_AGGREGATES_ALL","pooled_condition","POOLED_EC_EO_subject_grouped","POOLED_EC_EO_subject_grouped","CN_vs_FTD","kTSP_CV_disjoint","glmnet_lasso","classic_fast",20,0.0316138205740922,0.0336917977402565,0.0167574818002771,0.0464640146945412,0.00207038653113267,0.000589823568932684,0.349895323761422,0.00305852555735509,0.104398771701085,0.000891593766991267
"best_ktsp_vs_each_classifier","mcc","tier4_pooled","P0_derivative_amplitude_deciles","REGION_AGGREGATES_ALL","pooled_condition","POOLED_EC_EO_subject_grouped","POOLED_EC_EO_subject_grouped","CN_vs_FTD","kTSP_CV_disjoint","glmnet_lasso","classic_fast",20,0.0615442121067393,0.0674281296602653,0.0327913917272665,0.0888145064574673,0.00207038653113267,0.000572138600038891,0.383021508259545,0.00318521004789642,0.110422749807506,0.000907049000061656
"best_ktsp_vs_each_classifier","balanced_accuracy","tier4_pooled","P0_derivative_amplitude_deciles","REGION_AGGREGATES_ALL","pooled_condition","POOLED_EC_EO_subject_grouped","POOLED_EC_EO_subject_grouped","CN_vs_FTD","kTSP_CV_disjoint","glmnet_lasso","classic_fast",20,0.0387916666666666,0.0383333333333334,0.024375,0.0529583333333333,0.000727762248970976,6.12047605452864e-05,0.152102310034934,0.00120650234423037,0.0134038425594177,0.000105385680409102
"best_ktsp_vs_each_classifier","macro_f1","tier4_pooled","P0_derivative_amplitude_deciles","REGION_AGGREGATES_ALL","pooled_condition","POOLED_EC_EO_subject_grouped","POOLED_EC_EO_subject_grouped","CN_vs_FTD","kTSP_CV_disjoint","sda_shrinklda","classic_fast",20,-0.021010857316955,-0.0282880901833991,-0.0351699970893381,-0.00683835075993239,0.0196328327501722,0.00950112241407827,1,0.0249610587532752,1,0.0122291674636651
"best_ktsp_vs_each_classifier","mcc","tier4_pooled","P0_derivative_amplitude_deciles","REGION_AGGREGATES_ALL","pooled_condition","POOLED_EC_EO_subject_grouped","POOLED_EC_EO_subject_grouped","CN_vs_FTD","kTSP_CV_disjoint","sda_shrinklda","classic_fast",20,-0.0369590721970619,-0.0534149284357177,-0.0636691276390127,-0.00878816399589021,0.0216782152709683,0.0190080614505229,1,0.0283232963339285,1,0.0249600806926058
"best_ktsp_vs_each_classifier","balanced_accuracy","tier4_pooled","P0_derivative_amplitude_deciles","REGION_AGGREGATES_ALL","pooled_condition","POOLED_EC_EO_subject_grouped","POOLED_EC_EO_subject_grouped","CN_vs_FTD","kTSP_CV_disjoint","sda_shrinklda","classic_fast",20,-0.0189583333333333,-0.0258333333333334,-0.0325447916666667,-0.00487395833333333,0.0217750613596187,0.0162097526949915,1,0.0274830871529168,1,0.0205086895411085
"best_ktsp_vs_each_classifier","macro_f1","tier4_pooled","P0_derivative_amplitude_deciles","REGION_AGGREGATES_ALL","pooled_condition","POOLED_EC_EO_subject_grouped","POOLED_EC_EO_subject_grouped","CN_vs_FTD","kTSP_CV_disjoint","xgboost_default","classic_fast",20,0.0280265958147807,0.0300709121870785,0.0107567969858691,0.0439545307671638,0.00848955537682006,0.0045041128758263,1,0.0113194071690934,0.617063463988204,0.00608347713098618
"best_ktsp_vs_each_classifier","mcc","tier4_pooled","P0_derivative_amplitude_deciles","REGION_AGGREGATES_ALL","pooled_condition","POOLED_EC_EO_subject_grouped","POOLED_EC_EO_subject_grouped","CN_vs_FTD","kTSP_CV_disjoint","xgboost_default","classic_fast",20,0.0560662346792791,0.0640978555625047,0.022650128249682,0.0890254908404579,0.00946954016958812,0.00470785785181551,1,0.0129243067931386,0.701470819920511,0.00654969335998128
"best_ktsp_vs_each_classifier","balanced_accuracy","tier4_pooled","P0_derivative_amplitude_deciles","REGION_AGGREGATES_ALL","pooled_condition","POOLED_EC_EO_subject_grouped","POOLED_EC_EO_subject_grouped","CN_vs_FTD","kTSP_CV_disjoint","xgboost_default","classic_fast",20,0.0327083333333333,0.0345833333333333,0.0147083333333333,0.0490833333333333,0.00338292225374581,0.00165144318490745,0.517161924525305,0.0047161382625947,0.241110704996487,0.00228391078763796
"best_ktsp_vs_each_classifier","macro_f1","tier4_pooled","P0_derivative_amplitude_deciles","REGION_AGGREGATES_ALL","pooled_condition","POOLED_EC_EO_subject_grouped","POOLED_EC_EO_subject_grouped","CN_vs_FTD","kTSP_CV_disjoint","svm_linear_liblinear","classic_fast",20,0.0768227326050383,0.075850633471612,0.0588425243983531,0.0933903144906974,0.000151093078387232,7.35304138592759e-08,0.0496898731631834,0.000358759820828257,2.60297665061837e-05,2.28409090724646e-07
"best_ktsp_vs_each_classifier","mcc","tier4_pooled","P0_derivative_amplitude_deciles","REGION_AGGREGATES_ALL","pooled_condition","POOLED_EC_EO_subject_grouped","POOLED_EC_EO_subject_grouped","CN_vs_FTD","kTSP_CV_disjoint","svm_linear_liblinear","classic_fast",20,0.155126501255401,0.163960289982397,0.121259406696057,0.187211797610633,0.000151093078387232,3.65175555396944e-08,0.0496898731631834,0.000372362088916532,1.42719827099469e-05,1.43857036974554e-07
"best_ktsp_vs_each_classifier","balanced_accuracy","tier4_pooled","P0_derivative_amplitude_deciles","REGION_AGGREGATES_ALL","pooled_condition","POOLED_EC_EO_subject_grouped","POOLED_EC_EO_subject_grouped","CN_vs_FTD","kTSP_CV_disjoint","svm_linear_liblinear","classic_fast",20,0.0815833333333333,0.0858333333333334,0.0645416666666666,0.097709375,0.000150892436409977,1.6587287079051e-08,0.0490829590524173,0.000335762396416189,6.35293095127655e-06,6.25028208775836e-08
"best_ktsp_vs_each_classifier","macro_f1","tier4_pooled","P0_derivative_amplitude_deciles","REGION_AGGREGATES_ALL","pooled_condition","POOLED_EC_EO_subject_grouped","POOLED_EC_EO_subject_grouped","CN_vs_FTD","kTSP_CV_disjoint","majority","classic_fast",20,0.411135390724649,0.417003227620706,0.398385421648999,0.422995217459269,9.56917315706463e-05,1.11684371961183e-23,0.0496898731631834,0.00029443609714045,5.62889234684361e-21,3.41622784822441e-22
"best_ktsp_vs_each_classifier","mcc","tier4_pooled","P0_derivative_amplitude_deciles","REGION_AGGREGATES_ALL","pooled_condition","POOLED_EC_EO_subject_grouped","POOLED_EC_EO_subject_grouped","CN_vs_FTD","kTSP_CV_disjoint","majority","classic_fast",20,0.559144736367995,0.570765856782595,0.535272806862926,0.58229922545595,9.56917315706463e-05,9.94246112513076e-21,0.0496898731631834,0.000324133170225704,4.99111548481564e-18,2.72109462372e-19
"best_ktsp_vs_each_classifier","balanced_accuracy","tier4_pooled","P0_derivative_amplitude_deciles","REGION_AGGREGATES_ALL","pooled_condition","POOLED_EC_EO_subject_grouped","POOLED_EC_EO_subject_grouped","CN_vs_FTD","kTSP_CV_disjoint","majority","classic_fast",20,0.276958333333333,0.283333333333333,0.265083333333333,0.288459375,9.56917315706463e-05,7.2110924804184e-21,0.0490829590524173,0.000299071327167016,3.62717951765046e-18,2.08320449434309e-19
"best_ktsp_vs_each_classifier","macro_f1","tier4_pooled","P0_derivative_amplitude_deciles","REGION_AGGREGATES_ALL","pooled_condition","POOLED_EC_EO_subject_grouped","POOLED_EC_EO_subject_grouped","CN_vs_FTD","kTSP_CV_disjoint","knn_euclidean","classic_fast",20,0.0756362380308973,0.0888057372199306,0.0577499046507217,0.0922011571438465,0.000129926100333799,1.10295124558934e-07,0.0496898731631834,0.000329568644749149,3.85183758556198e-05,3.33450376573522e-07
"best_ktsp_vs_each_classifier","mcc","tier4_pooled","P0_derivative_amplitude_deciles","REGION_AGGREGATES_ALL","pooled_condition","POOLED_EC_EO_subject_grouped","POOLED_EC_EO_subject_grouped","CN_vs_FTD","kTSP_CV_disjoint","knn_euclidean","classic_fast",20,0.107050888706269,0.129658657183456,0.0702880369682017,0.139836354427264,0.000418811376312389,9.94453726647554e-06,0.105540466830712,0.000777792556008723,0.00275463682281372,2.11932761416692e-05
"best_ktsp_vs_each_classifier","balanced_accuracy","tier4_pooled","P0_derivative_amplitude_deciles","REGION_AGGREGATES_ALL","pooled_condition","POOLED_EC_EO_subject_grouped","POOLED_EC_EO_subject_grouped","CN_vs_FTD","kTSP_CV_disjoint","knn_euclidean","classic_fast",20,0.0760416666666667,0.09,0.0595822916666667,0.0914166666666667,9.56917315706463e-05,2.65921115995142e-08,0.0490829590524173,0.000299071327167016,9.94544973821831e-06,9.4067333549302e-08
"best_ktsp_vs_each_classifier","macro_f1","tier4_pooled","P0_derivative_amplitude_deciles","REGION_AGGREGATES_ALL","pooled_condition","POOLED_EC_EO_subject_grouped","POOLED_EC_EO_subject_grouped","CN_vs_FTD","kTSP_CV_disjoint","ranger_rf","classic_fast",20,-0.0431531657931184,-0.0326572921103813,-0.0599557858464654,-0.0269145849162022,0.000315046961090167,7.33997794308905e-05,0.0790767872336319,0.000583005052551247,0.015649312055107,0.000123721295823112
"best_ktsp_vs_each_classifier","mcc","tier4_pooled","P0_derivative_amplitude_deciles","REGION_AGGREGATES_ALL","pooled_condition","POOLED_EC_EO_subject_grouped","POOLED_EC_EO_subject_grouped","CN_vs_FTD","kTSP_CV_disjoint","ranger_rf","classic_fast",20,-0.0838467160123645,-0.0695214032066508,-0.114373276795631,-0.0541092744928835,0.000315046961090167,4.16482458044313e-05,0.0856927734165254,0.000630093922180386,0.0102038202220857,7.84677094866097e-05
"best_ktsp_vs_each_classifier","balanced_accuracy","tier4_pooled","P0_derivative_amplitude_deciles","REGION_AGGREGATES_ALL","pooled_condition","POOLED_EC_EO_subject_grouped","POOLED_EC_EO_subject_grouped","CN_vs_FTD","kTSP_CV_disjoint","ranger_rf","classic_fast",20,-0.039125,-0.0283333333333334,-0.0549166666666667,-0.0235822916666667,0.000635624201131427,0.000146368951672929,0.136509934261847,0.00106278001475351,0.0295665282379317,0.000238595156332048
"best_ktsp_vs_each_classifier","macro_f1","tier4_pooled","P0_derivative_amplitude_deciles","REGION_AGGREGATES_ALL","pooled_condition","POOLED_EC_EO_subject_grouped","POOLED_EC_EO_subject_grouped","CN_vs_FTD","kTSP_CV_disjoint","glmnet_ridge","classic_fast",20,0.0161613111870624,0.0197333755033648,-0.00140755375577081,0.0327268107257605,0.0593893708302478,0.0863327414864629,1,0.0714872056290019,1,0.101567931160545
"best_ktsp_vs_each_classifier","mcc","tier4_pooled","P0_derivative_amplitude_deciles","REGION_AGGREGATES_ALL","pooled_condition","POOLED_EC_EO_subject_grouped","POOLED_EC_EO_subject_grouped","CN_vs_FTD","kTSP_CV_disjoint","glmnet_ridge","classic_fast",20,0.0281703506821699,0.0268240616750924,-0.00446263518885959,0.0581822476924544,0.0318228687346354,0.10067990655863,1,0.0404593930122503,1,0.121115368455203
"best_ktsp_vs_each_classifier","balanced_accuracy","tier4_pooled","P0_derivative_amplitude_deciles","REGION_AGGREGATES_ALL","pooled_condition","POOLED_EC_EO_subject_grouped","POOLED_EC_EO_subject_grouped","CN_vs_FTD","kTSP_CV_disjoint","glmnet_ridge","classic_fast",20,0.02175,0.0275,0.00512500000000002,0.0373333333333334,0.0160420619163943,0.0173729199620943,1,0.0204457651875614,1,0.021821058889587
"best_ktsp_vs_each_classifier","macro_f1","tier4_pooled","P0_derivative_amplitude_deciles","REGION_AGGREGATES_ALL","pooled_condition","POOLED_EC_EO_subject_grouped","POOLED_EC_EO_subject_grouped","CN_vs_FTD","kTSP_CV_disjoint","xgboost_shallow","classic_fast",20,0.0280265958147807,0.0300709121870785,0.0113383534075845,0.0444281897554847,0.00848955537682006,0.0045041128758263,1,0.0113194071690934,0.617063463988204,0.00608347713098618
"best_ktsp_vs_each_classifier","mcc","tier4_pooled","P0_derivative_amplitude_deciles","REGION_AGGREGATES_ALL","pooled_condition","POOLED_EC_EO_subject_grouped","POOLED_EC_EO_subject_grouped","CN_vs_FTD","kTSP_CV_disjoint","xgboost_shallow","classic_fast",20,0.0560662346792791,0.0640978555625047,0.0216015794866095,0.0892986081679261,0.00946954016958812,0.00470785785181551,1,0.0129243067931386,0.701470819920511,0.00654969335998128
"best_ktsp_vs_each_classifier","balanced_accuracy","tier4_pooled","P0_derivative_amplitude_deciles","REGION_AGGREGATES_ALL","pooled_condition","POOLED_EC_EO_subject_grouped","POOLED_EC_EO_subject_grouped","CN_vs_FTD","kTSP_CV_disjoint","xgboost_shallow","classic_fast",20,0.0327083333333333,0.0345833333333333,0.015125,0.049584375,0.00338292225374581,0.00165144318490745,0.517161924525305,0.0047161382625947,0.241110704996487,0.00228391078763796
"best_ktsp_vs_each_classifier","macro_f1","tier4_pooled","P1_psd_bandpower_from_derivatives","PSD_REGION_ABSOLUTE","pooled_condition","POOLED_EC_EO_subject_grouped","POOLED_EC_EO_subject_grouped","AD_FTD_vs_CN","kTSP_CV_nondisjoint","svm_linear_liblinear","classic_fast",20,0.00831276451274618,0.0053052823863517,0.000256017963938886,0.0163925780044328,0.0382688764522296,0.0657147600264009,1,0.0473805137027605,1,0.0781960531206601
"best_ktsp_vs_each_classifier","mcc","tier4_pooled","P1_psd_bandpower_from_derivatives","PSD_REGION_ABSOLUTE","pooled_condition","POOLED_EC_EO_subject_grouped","POOLED_EC_EO_subject_grouped","AD_FTD_vs_CN","kTSP_CV_nondisjoint","svm_linear_liblinear","classic_fast",20,0.0134805392767828,0.0103201714246907,-0.00254690413650816,0.0300950931733708,0.172995225897368,0.120617387890401,1,0.201698469656124,1,0.143198725349335
"best_ktsp_vs_each_classifier","balanced_accuracy","tier4_pooled","P1_psd_bandpower_from_derivatives","PSD_REGION_ABSOLUTE","pooled_condition","POOLED_EC_EO_subject_grouped","POOLED_EC_EO_subject_grouped","AD_FTD_vs_CN","kTSP_CV_nondisjoint","svm_linear_liblinear","classic_fast",20,0.0381523892773893,0.0369813519813519,0.0299777680652681,0.0463173076923077,0.00011157661051997,3.55710745091273e-08,0.0490829590524173,0.000299071327167016,1.30545843448497e-05,1.19139204467954e-07
"best_ktsp_vs_each_classifier","macro_f1","tier4_pooled","P1_psd_bandpower_from_derivatives","PSD_REGION_ABSOLUTE","pooled_condition","POOLED_EC_EO_subject_grouped","POOLED_EC_EO_subject_grouped","AD_FTD_vs_CN","kTSP_CV_nondisjoint","glmnet_lasso","classic_fast",20,0.0183144075228882,0.0186168552320553,0.00992264062936312,0.0269031257311656,0.000833948987816191,0.0006080330554101,0.169291644526687,0.00134258041382182,0.107013817752178,0.000916455619748556
"best_ktsp_vs_each_classifier","mcc","tier4_pooled","P1_psd_bandpower_from_derivatives","PSD_REGION_ABSOLUTE","pooled_condition","POOLED_EC_EO_subject_grouped","POOLED_EC_EO_subject_grouped","AD_FTD_vs_CN","kTSP_CV_nondisjoint","glmnet_lasso","classic_fast",20,0.0311991171746427,0.0265991563207899,0.0154966624593675,0.0485267613400196,0.00265336548285355,0.00153769252873757,0.480259152396493,0.00397622493107742,0.258332344827911,0.00226515613298452
"best_ktsp_vs_each_classifier","balanced_accuracy","tier4_pooled","P1_psd_bandpower_from_derivatives","PSD_REGION_ABSOLUTE","pooled_condition","POOLED_EC_EO_subject_grouped","POOLED_EC_EO_subject_grouped","AD_FTD_vs_CN","kTSP_CV_nondisjoint","glmnet_lasso","classic_fast",20,0.0481418997668998,0.0469085081585082,0.0391980842074592,0.0573433784965035,9.56917315706463e-05,2.98032034469342e-09,0.0490829590524173,0.000299071327167016,1.19808877856676e-06,1.30232485650469e-08
"best_ktsp_vs_each_classifier","macro_f1","tier4_pooled","P1_psd_bandpower_from_derivatives","PSD_REGION_ABSOLUTE","pooled_condition","POOLED_EC_EO_subject_grouped","POOLED_EC_EO_subject_grouped","AD_FTD_vs_CN","kTSP_CV_nondisjoint","xgboost_default","classic_fast",20,0.018910545213543,0.0236093530506289,0.00850634552524175,0.0265005541142267,0.00160712458710077,0.000796126318779397,0.286068176503926,0.00239456958536505,0.136137600511277,0.0011794463981917
"best_ktsp_vs_each_classifier","mcc","tier4_pooled","P1_psd_bandpower_from_derivatives","PSD_REGION_ABSOLUTE","pooled_condition","POOLED_EC_EO_subject_grouped","POOLED_EC_EO_subject_grouped","AD_FTD_vs_CN","kTSP_CV_nondisjoint","xgboost_default","classic_fast",20,0.0450471605007219,0.0543208601699818,0.0251433588333282,0.0599401777128569,0.00160712458710077,0.00013070257237196,0.319817792833054,0.00256351161132639,0.0288852684942032,0.000225798463898403
"best_ktsp_vs_each_classifier","balanced_accuracy","tier4_pooled","P1_psd_bandpower_from_derivatives","PSD_REGION_ABSOLUTE","pooled_condition","POOLED_EC_EO_subject_grouped","POOLED_EC_EO_subject_grouped","AD_FTD_vs_CN","kTSP_CV_nondisjoint","xgboost_default","classic_fast",20,0.0417097902097902,0.0452447552447552,0.0316497377622378,0.0496385343822844,0.000272706565159098,6.23499858028198e-08,0.0697269543759944,0.000513794977835981,2.21965949458039e-05,1.95313208538954e-07
"best_ktsp_vs_each_classifier","macro_f1","tier4_pooled","P1_psd_bandpower_from_derivatives","PSD_REGION_ABSOLUTE","pooled_condition","POOLED_EC_EO_subject_grouped","POOLED_EC_EO_subject_grouped","AD_FTD_vs_CN","kTSP_CV_nondisjoint","ranger_rf","classic_fast",20,-0.0165592027877211,-0.0138601653222193,-0.0237844453326273,-0.00980347406286092,0.00048192889671816,0.00023192358359302,0.108434001761586,0.000832568193665932,0.0459208695514179,0.000373375428694645
"best_ktsp_vs_each_classifier","mcc","tier4_pooled","P1_psd_bandpower_from_derivatives","PSD_REGION_ABSOLUTE","pooled_condition","POOLED_EC_EO_subject_grouped","POOLED_EC_EO_subject_grouped","AD_FTD_vs_CN","kTSP_CV_nondisjoint","ranger_rf","classic_fast",20,-0.0357302798227142,-0.0291395070636405,-0.0484373829586618,-0.0231959695355663,0.000203524868067611,3.59368077064958e-05,0.0614645101564185,0.000464179523663012,0.00912794915744994,6.99892884171454e-05
"best_ktsp_vs_each_classifier","balanced_accuracy","tier4_pooled","P1_psd_bandpower_from_derivatives","PSD_REGION_ABSOLUTE","pooled_condition","POOLED_EC_EO_subject_grouped","POOLED_EC_EO_subject_grouped","AD_FTD_vs_CN","kTSP_CV_nondisjoint","ranger_rf","classic_fast",20,0.0154335664335664,0.0175699300699301,0.00803052884615385,0.0224549898018648,0.00265336548285355,0.000642699248914608,0.437428563904007,0.00382202230217137,0.111186970062227,0.000960355199527575
"best_ktsp_vs_each_classifier","macro_f1","tier4_pooled","P1_psd_bandpower_from_derivatives","PSD_REGION_ABSOLUTE","pooled_condition","POOLED_EC_EO_subject_grouped","POOLED_EC_EO_subject_grouped","AD_FTD_vs_CN","kTSP_CV_nondisjoint","glmnet_elasticnet","classic_fast",20,0.00643549019778926,0.00264731055497136,-0.00408550149197702,0.0169477496864552,0.322508682620795,0.253629786442671,1,0.351581792374871,1,0.28241432323381
"best_ktsp_vs_each_classifier","mcc","tier4_pooled","P1_psd_bandpower_from_derivatives","PSD_REGION_ABSOLUTE","pooled_condition","POOLED_EC_EO_subject_grouped","POOLED_EC_EO_subject_grouped","AD_FTD_vs_CN","kTSP_CV_nondisjoint","glmnet_elasticnet","classic_fast",20,0.00780928119792805,0.00371607219996856,-0.0110024702228775,0.0266177156453001,0.466621508656949,0.441627760095793,1,0.504455685034539,1,0.481439067609669
"best_ktsp_vs_each_classifier","balanced_accuracy","tier4_pooled","P1_psd_bandpower_from_derivatives","PSD_REGION_ABSOLUTE","pooled_condition","POOLED_EC_EO_subject_grouped","POOLED_EC_EO_subject_grouped","AD_FTD_vs_CN","kTSP_CV_nondisjoint","glmnet_elasticnet","classic_fast",20,0.0362054195804196,0.0352505827505827,0.0257038752913753,0.0469120265151515,0.000175476155215737,2.92565926507062e-06,0.0495303716259305,0.00037243918658034,0.000822110253484844,6.33892840765301e-06
"best_ktsp_vs_each_classifier","macro_f1","tier4_pooled","P1_psd_bandpower_from_derivatives","PSD_REGION_ABSOLUTE","pooled_condition","POOLED_EC_EO_subject_grouped","POOLED_EC_EO_subject_grouped","AD_FTD_vs_CN","kTSP_CV_nondisjoint","sda_shrinklda","classic_fast",20,0.0371470285873316,0.0365582845564725,0.0306067285237576,0.0435383604996225,0.00011157661051997,1.05499120456659e-09,0.0496898731631834,0.000297537628053339,4.45206288327103e-07,5.54136794317807e-09
"best_ktsp_vs_each_classifier","mcc","tier4_pooled","P1_psd_bandpower_from_derivatives","PSD_REGION_ABSOLUTE","pooled_condition","POOLED_EC_EO_subject_grouped","POOLED_EC_EO_subject_grouped","AD_FTD_vs_CN","kTSP_CV_nondisjoint","sda_shrinklda","classic_fast",20,0.0560747503538014,0.0517100918370198,0.0430055191319629,0.0690570860053971,0.00011157661051997,1.20888702595909e-07,0.0496898731631834,0.000324133170225704,4.37617103397189e-05,3.95359278930015e-07
"best_ktsp_vs_each_classifier","balanced_accuracy","tier4_pooled","P1_psd_bandpower_from_derivatives","PSD_REGION_ABSOLUTE","pooled_condition","POOLED_EC_EO_subject_grouped","POOLED_EC_EO_subject_grouped","AD_FTD_vs_CN","kTSP_CV_nondisjoint","sda_shrinklda","classic_fast",20,0.0720262237762238,0.070743006993007,0.0657034892191142,0.0784429414335664,9.56917315706463e-05,5.39311427185973e-15,0.0490829590524173,0.000299071327167016,2.59948107903639e-12,7.1908190291463e-14
"best_ktsp_vs_each_classifier","macro_f1","tier4_pooled","P1_psd_bandpower_from_derivatives","PSD_REGION_ABSOLUTE","pooled_condition","POOLED_EC_EO_subject_grouped","POOLED_EC_EO_subject_grouped","AD_FTD_vs_CN","kTSP_CV_nondisjoint","knn_euclidean","classic_fast",20,0.0301693127804464,0.0327194279658677,0.0215469838263656,0.0379798454867719,0.000203524868067628,1.35537180505196e-06,0.0590222117396071,0.000435526466646777,0.000417454515956003,3.30888891374187e-06
"best_ktsp_vs_each_classifier","mcc","tier4_pooled","P1_psd_bandpower_from_derivatives","PSD_REGION_ABSOLUTE","pooled_condition","POOLED_EC_EO_subject_grouped","POOLED_EC_EO_subject_grouped","AD_FTD_vs_CN","kTSP_CV_nondisjoint","knn_euclidean","classic_fast",20,0.0659294509836933,0.0703741605724682,0.0492887066081868,0.0817555521293944,0.000151093078387232,2.68523706093254e-07,0.0496898731631834,0.000372362088916532,9.37147734265456e-05,8.11815855630767e-07
"best_ktsp_vs_each_classifier","balanced_accuracy","tier4_pooled","P1_psd_bandpower_from_derivatives","PSD_REGION_ABSOLUTE","pooled_condition","POOLED_EC_EO_subject_grouped","POOLED_EC_EO_subject_grouped","AD_FTD_vs_CN","kTSP_CV_nondisjoint","knn_euclidean","classic_fast",20,0.0525244755244755,0.054315268065268,0.0444791812354312,0.0598980696386946,9.56917315706463e-05,9.72394172812431e-11,0.0490829590524173,0.000299071327167016,4.28825830210282e-08,6.3205621232808e-10
"best_ktsp_vs_each_classifier","macro_f1","tier4_pooled","P1_psd_bandpower_from_derivatives","PSD_REGION_ABSOLUTE","pooled_condition","POOLED_EC_EO_subject_grouped","POOLED_EC_EO_subject_grouped","AD_FTD_vs_CN","kTSP_CV_nondisjoint","glmnet_ridge","classic_fast",20,0.0457412632607183,0.0468661137347225,0.0377696394066383,0.0536149291987881,9.56917315706463e-05,9.5028635114088e-10,0.0496898731631834,0.00029443609714045,4.02921412883733e-07,5.09431858343564e-09
"best_ktsp_vs_each_classifier","mcc","tier4_pooled","P1_psd_bandpower_from_derivatives","PSD_REGION_ABSOLUTE","pooled_condition","POOLED_EC_EO_subject_grouped","POOLED_EC_EO_subject_grouped","AD_FTD_vs_CN","kTSP_CV_nondisjoint","glmnet_ridge","classic_fast",20,0.0688398283295251,0.0739926612495298,0.0564248326798305,0.0807126317588246,9.56917315706463e-05,1.43193604876713e-09,0.0496898731631834,0.000324133170225704,6.24324117262468e-07,8.76007935716361e-09
"best_ktsp_vs_each_classifier","balanced_accuracy","tier4_pooled","P1_psd_bandpower_from_derivatives","PSD_REGION_ABSOLUTE","pooled_condition","POOLED_EC_EO_subject_grouped","POOLED_EC_EO_subject_grouped","AD_FTD_vs_CN","kTSP_CV_nondisjoint","glmnet_ridge","classic_fast",20,0.0798953962703963,0.0812441724941725,0.0729401369463869,0.0867972756410256,9.56917315706463e-05,6.65043287576501e-15,0.0490829590524173,0.000299071327167016,3.19885821324297e-12,8.64556273849451e-14
"best_ktsp_vs_each_classifier","macro_f1","tier4_pooled","P1_psd_bandpower_from_derivatives","PSD_REGION_ABSOLUTE","pooled_condition","POOLED_EC_EO_subject_grouped","POOLED_EC_EO_subject_grouped","AD_FTD_vs_CN","kTSP_CV_nondisjoint","majority","classic_fast",20,0.380731599973139,0.38071749783926,0.377829792447092,0.38347000955875,9.56917315706463e-05,2.97632566223717e-35,0.0496898731631834,0.00029443609714045,1.54471301870109e-32,7.73844672181665e-33
"best_ktsp_vs_each_classifier","mcc","tier4_pooled","P1_psd_bandpower_from_derivatives","PSD_REGION_ABSOLUTE","pooled_condition","POOLED_EC_EO_subject_grouped","POOLED_EC_EO_subject_grouped","AD_FTD_vs_CN","kTSP_CV_nondisjoint","majority","classic_fast",20,0.582079575604372,0.582692728326606,0.576491712070198,0.587744373886928,9.56917315706463e-05,5.41195148743063e-33,0.0496898731631834,0.000324133170225704,2.81421477346393e-30,2.81421477346393e-30
"best_ktsp_vs_each_classifier","balanced_accuracy","tier4_pooled","P1_psd_bandpower_from_derivatives","PSD_REGION_ABSOLUTE","pooled_condition","POOLED_EC_EO_subject_grouped","POOLED_EC_EO_subject_grouped","AD_FTD_vs_CN","kTSP_CV_nondisjoint","majority","classic_fast",20,0.302393939393939,0.303295454545455,0.299654960664336,0.305077112470862,9.56917315706463e-05,2.89042794369925e-33,0.0490829590524173,0.000299071327167016,1.50013210277991e-30,7.51511265361805e-31
"best_ktsp_vs_each_classifier","macro_f1","tier4_pooled","P1_psd_bandpower_from_derivatives","PSD_REGION_ABSOLUTE","pooled_condition","POOLED_EC_EO_subject_grouped","POOLED_EC_EO_subject_grouped","AD_FTD_vs_CN","kTSP_CV_nondisjoint","xgboost_shallow","classic_fast",20,0.018910545213543,0.0236093530506289,0.00863534959324656,0.0262105809575519,0.00160712458710077,0.000796126318779397,0.286068176503926,0.00239456958536505,0.136137600511277,0.0011794463981917
"best_ktsp_vs_each_classifier","mcc","tier4_pooled","P1_psd_bandpower_from_derivatives","PSD_REGION_ABSOLUTE","pooled_condition","POOLED_EC_EO_subject_grouped","POOLED_EC_EO_subject_grouped","AD_FTD_vs_CN","kTSP_CV_nondisjoint","xgboost_shallow","classic_fast",20,0.0450471605007219,0.0543208601699818,0.0247882884573522,0.0606943974944883,0.00160712458710077,0.00013070257237196,0.319817792833054,0.00256351161132639,0.0288852684942032,0.000225798463898403
"best_ktsp_vs_each_classifier","balanced_accuracy","tier4_pooled","P1_psd_bandpower_from_derivatives","PSD_REGION_ABSOLUTE","pooled_condition","POOLED_EC_EO_subject_grouped","POOLED_EC_EO_subject_grouped","AD_FTD_vs_CN","kTSP_CV_nondisjoint","xgboost_shallow","classic_fast",20,0.0417097902097902,0.0452447552447552,0.0312936115967366,0.0494428394522145,0.000272706565159098,6.23499858028198e-08,0.0697269543759944,0.000513794977835981,2.21965949458039e-05,1.95313208538954e-07
"best_ktsp_vs_each_classifier","macro_f1","tier4_pooled","P1_psd_bandpower_from_derivatives","PSD_REGION_ABSOLUTE","pooled_condition","POOLED_EC_EO_subject_grouped","POOLED_EC_EO_subject_grouped","AD_vs_CN","kTSP_k5_disjoint","ranger_rf","classic_fast",20,-0.0204647772277532,-0.0192350377366948,-0.0308612993381031,-0.011043692223034,0.00182529413147666,0.00102746678486237,0.312125296482509,0.00270413945403955,0.166449619147704,0.00148825272459174
"best_ktsp_vs_each_classifier","mcc","tier4_pooled","P1_psd_bandpower_from_derivatives","PSD_REGION_ABSOLUTE","pooled_condition","POOLED_EC_EO_subject_grouped","POOLED_EC_EO_subject_grouped","AD_vs_CN","kTSP_k5_disjoint","ranger_rf","classic_fast",20,-0.0210286356607764,-0.0252561072033327,-0.0395395249527675,-0.00389837892675371,0.0545262210772923,0.0353523671984846,1,0.0676697731746826,1,0.0445114550683099
"best_ktsp_vs_each_classifier","balanced_accuracy","tier4_pooled","P1_psd_bandpower_from_derivatives","PSD_REGION_ABSOLUTE","pooled_condition","POOLED_EC_EO_subject_grouped","POOLED_EC_EO_subject_grouped","AD_vs_CN","kTSP_k5_disjoint","ranger_rf","classic_fast",20,-0.00967559523809524,-0.00976190476190475,-0.0199882440476191,-0.000627604166666674,0.0825692915324791,0.067929197562152,1,0.0967027738668675,1,0.0795567178655834
"best_ktsp_vs_each_classifier","macro_f1","tier4_pooled","P1_psd_bandpower_from_derivatives","PSD_REGION_ABSOLUTE","pooled_condition","POOLED_EC_EO_subject_grouped","POOLED_EC_EO_subject_grouped","AD_vs_CN","kTSP_k5_disjoint","xgboost_shallow","classic_fast",20,0.0550164877050421,0.0621103179782088,0.0403622785777374,0.0695444410065537,0.000175476155215737,7.34719181651956e-07,0.052818322719909,0.000396728698748622,0.00023290598058367,1.86367792419033e-06
"best_ktsp_vs_each_classifier","mcc","tier4_pooled","P1_psd_bandpower_from_derivatives","PSD_REGION_ABSOLUTE","pooled_condition","POOLED_EC_EO_subject_grouped","POOLED_EC_EO_subject_grouped","AD_vs_CN","kTSP_k5_disjoint","xgboost_shallow","classic_fast",20,0.127306355256398,0.144171089217236,0.0988563888427688,0.154583580540795,0.000129926100333799,4.64161615294829e-08,0.0496898731631834,0.000350059959448578,1.78238060273214e-05,1.74901478227037e-07
"best_ktsp_vs_each_classifier","balanced_accuracy","tier4_pooled","P1_psd_bandpower_from_derivatives","PSD_REGION_ABSOLUTE","pooled_condition","POOLED_EC_EO_subject_grouped","POOLED_EC_EO_subject_grouped","AD_vs_CN","kTSP_k5_disjoint","xgboost_shallow","classic_fast",20,0.0650446428571428,0.0739583333333333,0.0512200148809524,0.0783463541666666,0.00011157661051997,3.0389545115288e-08,0.0490829590524173,0.000299071327167016,1.12441316926566e-05,1.03964233289143e-07
"best_ktsp_vs_each_classifier","macro_f1","tier4_pooled","P1_psd_bandpower_from_derivatives","PSD_REGION_ABSOLUTE","pooled_condition","POOLED_EC_EO_subject_grouped","POOLED_EC_EO_subject_grouped","AD_vs_CN","kTSP_k5_disjoint","xgboost_default","classic_fast",20,0.0550164877050421,0.0621103179782088,0.0399983417776957,0.0688283788118924,0.000175476155215737,7.34719181651956e-07,0.052818322719909,0.000396728698748622,0.00023290598058367,1.86367792419033e-06
"best_ktsp_vs_each_classifier","mcc","tier4_pooled","P1_psd_bandpower_from_derivatives","PSD_REGION_ABSOLUTE","pooled_condition","POOLED_EC_EO_subject_grouped","POOLED_EC_EO_subject_grouped","AD_vs_CN","kTSP_k5_disjoint","xgboost_default","classic_fast",20,0.127306355256398,0.144171089217236,0.0983265397109158,0.154079799122617,0.000129926100333799,4.64161615294829e-08,0.0496898731631834,0.000350059959448578,1.78238060273214e-05,1.74901478227037e-07
"best_ktsp_vs_each_classifier","balanced_accuracy","tier4_pooled","P1_psd_bandpower_from_derivatives","PSD_REGION_ABSOLUTE","pooled_condition","POOLED_EC_EO_subject_grouped","POOLED_EC_EO_subject_grouped","AD_vs_CN","kTSP_k5_disjoint","xgboost_default","classic_fast",20,0.0650446428571428,0.0739583333333333,0.0513332589285714,0.0782294642857143,0.00011157661051997,3.0389545115288e-08,0.0490829590524173,0.000299071327167016,1.12441316926566e-05,1.03964233289143e-07
"best_ktsp_vs_each_classifier","macro_f1","tier4_pooled","P1_psd_bandpower_from_derivatives","PSD_REGION_ABSOLUTE","pooled_condition","POOLED_EC_EO_subject_grouped","POOLED_EC_EO_subject_grouped","AD_vs_CN","kTSP_k5_disjoint","svm_linear_liblinear","classic_fast",20,0.0116245804840749,0.0104543046481123,0.00333420565218461,0.0199408203810702,0.0263310655474143,0.0134568247888142,1,0.0329931423726637,1,0.0171508551229984
"best_ktsp_vs_each_classifier","mcc","tier4_pooled","P1_psd_bandpower_from_derivatives","PSD_REGION_ABSOLUTE","pooled_condition","POOLED_EC_EO_subject_grouped","POOLED_EC_EO_subject_grouped","AD_vs_CN","kTSP_k5_disjoint","svm_linear_liblinear","classic_fast",20,0.0415899277320629,0.0488590673527173,0.0265757023096706,0.0556639760123878,0.000418811376312389,3.3218346146135e-05,0.105540466830712,0.000777792556008723,0.0085371149595567,6.54300757423871e-05
"best_ktsp_vs_each_classifier","balanced_accuracy","tier4_pooled","P1_psd_bandpower_from_derivatives","PSD_REGION_ABSOLUTE","pooled_condition","POOLED_EC_EO_subject_grouped","POOLED_EC_EO_subject_grouped","AD_vs_CN","kTSP_k5_disjoint","svm_linear_liblinear","classic_fast",20,0.0230357142857143,0.0226785714285714,0.0151158482142857,0.0307412946428571,0.000363051623255561,1.52910296593466e-05,0.0860432347115663,0.000654015818217549,0.00380746638517731,2.92328508193391e-05
"best_ktsp_vs_each_classifier","macro_f1","tier4_pooled","P1_psd_bandpower_from_derivatives","PSD_REGION_ABSOLUTE","pooled_condition","POOLED_EC_EO_subject_grouped","POOLED_EC_EO_subject_grouped","AD_vs_CN","kTSP_k5_disjoint","glmnet_elasticnet","classic_fast",20,0.0239758692400446,0.0257213074689371,0.0148180311121278,0.0329545278121858,0.000553830376860853,7.35190007871957e-05,0.121288852532527,0.000932012284684931,0.015649312055107,0.000123721295823112
"best_ktsp_vs_each_classifier","mcc","tier4_pooled","P1_psd_bandpower_from_derivatives","PSD_REGION_ABSOLUTE","pooled_condition","POOLED_EC_EO_subject_grouped","POOLED_EC_EO_subject_grouped","AD_vs_CN","kTSP_k5_disjoint","glmnet_elasticnet","classic_fast",20,0.0617774481253534,0.0618232738933001,0.0456028717813485,0.0789138953941084,9.56917315706463e-05,1.01144132947361e-06,0.0496898731631834,0.000324133170225704,0.000328718432078924,2.68341577207285e-06
"best_ktsp_vs_each_classifier","balanced_accuracy","tier4_pooled","P1_psd_bandpower_from_derivatives","PSD_REGION_ABSOLUTE","pooled_condition","POOLED_EC_EO_subject_grouped","POOLED_EC_EO_subject_grouped","AD_vs_CN","kTSP_k5_disjoint","glmnet_elasticnet","classic_fast",20,0.035110119047619,0.0355357142857143,0.0262782738095238,0.0440569196428571,0.00011157661051997,4.00825034255987e-07,0.0490829590524173,0.000299071327167016,0.000128264010961916,1.03696028762743e-06
"best_ktsp_vs_each_classifier","macro_f1","tier4_pooled","P1_psd_bandpower_from_derivatives","PSD_REGION_ABSOLUTE","pooled_condition","POOLED_EC_EO_subject_grouped","POOLED_EC_EO_subject_grouped","AD_vs_CN","kTSP_k5_disjoint","knn_euclidean","classic_fast",20,0.0683677679850571,0.0701723402424,0.0610401276208357,0.0757003313657278,9.56917315706463e-05,3.42195487139085e-13,0.0496898731631834,0.00029443609714045,1.62200660903926e-10,3.78599262366648e-12
"best_ktsp_vs_each_classifier","mcc","tier4_pooled","P1_psd_bandpower_from_derivatives","PSD_REGION_ABSOLUTE","pooled_condition","POOLED_EC_EO_subject_grouped","POOLED_EC_EO_subject_grouped","AD_vs_CN","kTSP_k5_disjoint","knn_euclidean","classic_fast",20,0.154760894848877,0.160839940647636,0.137889349752333,0.170860114243907,9.56917315706463e-05,1.70735030358709e-13,0.0496898731631834,0.000324133170225704,8.17820795418215e-11,2.11386228063163e-12
"best_ktsp_vs_each_classifier","balanced_accuracy","tier4_pooled","P1_psd_bandpower_from_derivatives","PSD_REGION_ABSOLUTE","pooled_condition","POOLED_EC_EO_subject_grouped","POOLED_EC_EO_subject_grouped","AD_vs_CN","kTSP_k5_disjoint","knn_euclidean","classic_fast",20,0.0766488095238095,0.0793452380952381,0.0688411458333333,0.083735119047619,9.56917315706463e-05,5.17540280148043e-14,0.0490829590524173,0.000299071327167016,2.47384253910765e-11,6.25862664365076e-13
"best_ktsp_vs_each_classifier","macro_f1","tier4_pooled","P1_psd_bandpower_from_derivatives","PSD_REGION_ABSOLUTE","pooled_condition","POOLED_EC_EO_subject_grouped","POOLED_EC_EO_subject_grouped","AD_vs_CN","kTSP_k5_disjoint","sda_shrinklda","classic_fast",20,0.0219134287423857,0.0261516233419695,0.0128532836894239,0.0295948719868989,0.00124104092831123,8.22891037940593e-05,0.234556735450823,0.00192639188872191,0.0171984226929584,0.000137148506323432
"best_ktsp_vs_each_classifier","mcc","tier4_pooled","P1_psd_bandpower_from_derivatives","PSD_REGION_ABSOLUTE","pooled_condition","POOLED_EC_EO_subject_grouped","POOLED_EC_EO_subject_grouped","AD_vs_CN","kTSP_k5_disjoint","sda_shrinklda","classic_fast",20,0.0507399400267315,0.0565595432617819,0.0359443526860389,0.064202946301142,0.000272706565159098,1.99207420530615e-06,0.0769032513748625,0.000571804088236818,0.000635471671492663,5.12811181563961e-06
"best_ktsp_vs_each_classifier","balanced_accuracy","tier4_pooled","P1_psd_bandpower_from_derivatives","PSD_REGION_ABSOLUTE","pooled_condition","POOLED_EC_EO_subject_grouped","POOLED_EC_EO_subject_grouped","AD_vs_CN","kTSP_k5_disjoint","sda_shrinklda","classic_fast",20,0.0357172619047619,0.0395238095238096,0.0277438988095238,0.0427203869047619,0.000151093078387232,3.38142735662237e-08,0.0490829590524173,0.000335762396416189,1.24436526723703e-05,1.14924328460368e-07
"best_ktsp_vs_each_classifier","macro_f1","tier4_pooled","P1_psd_bandpower_from_derivatives","PSD_REGION_ABSOLUTE","pooled_condition","POOLED_EC_EO_subject_grouped","POOLED_EC_EO_subject_grouped","AD_vs_CN","kTSP_k5_disjoint","glmnet_lasso","classic_fast",20,0.0207295747556888,0.0179294617731912,0.0106520815218475,0.0314755463086764,0.00381238961812724,0.00139240706417414,0.590920390809723,0.00534351105505717,0.212851405199168,0.00196219965683077
"best_ktsp_vs_each_classifier","mcc","tier4_pooled","P1_psd_bandpower_from_derivatives","PSD_REGION_ABSOLUTE","pooled_condition","POOLED_EC_EO_subject_grouped","POOLED_EC_EO_subject_grouped","AD_vs_CN","kTSP_k5_disjoint","glmnet_lasso","classic_fast",20,0.0543270109149485,0.0495638709304216,0.0362162369189686,0.0722364737754522,0.00023574535856441,1.58937461525763e-05,0.0688376447008077,0.000515073892661736,0.00425952396889044,3.26669881396824e-05
"best_ktsp_vs_each_classifier","balanced_accuracy","tier4_pooled","P1_psd_bandpower_from_derivatives","PSD_REGION_ABSOLUTE","pooled_condition","POOLED_EC_EO_subject_grouped","POOLED_EC_EO_subject_grouped","AD_vs_CN","kTSP_k5_disjoint","glmnet_lasso","classic_fast",20,0.0322797619047619,0.029672619047619,0.0225050595238095,0.0420863095238095,0.000151093078387232,4.19997777428005e-06,0.0490829590524173,0.000335762396416189,0.00115499388792701,8.87800179929116e-06
"best_ktsp_vs_each_classifier","macro_f1","tier4_pooled","P1_psd_bandpower_from_derivatives","PSD_REGION_ABSOLUTE","pooled_condition","POOLED_EC_EO_subject_grouped","POOLED_EC_EO_subject_grouped","AD_vs_CN","kTSP_k5_disjoint","glmnet_ridge","classic_fast",20,0.0301444910890806,0.0354138856741623,0.0176409871026168,0.0424917798023055,0.00124104092831123,0.000141269715136143,0.234556735450823,0.00192639188872191,0.0285364824575009,0.000230282921225061
"best_ktsp_vs_each_classifier","mcc","tier4_pooled","P1_psd_bandpower_from_derivatives","PSD_REGION_ABSOLUTE","pooled_condition","POOLED_EC_EO_subject_grouped","POOLED_EC_EO_subject_grouped","AD_vs_CN","kTSP_k5_disjoint","glmnet_ridge","classic_fast",20,0.0657938708009827,0.073246365576677,0.0454685488650648,0.0855377455361186,0.00023574535856441,4.63069777218135e-06,0.0688376447008077,0.000515073892661736,0.00134290235393259,1.04240815650836e-05
"best_ktsp_vs_each_classifier","balanced_accuracy","tier4_pooled","P1_psd_bandpower_from_derivatives","PSD_REGION_ABSOLUTE","pooled_condition","POOLED_EC_EO_subject_grouped","POOLED_EC_EO_subject_grouped","AD_vs_CN","kTSP_k5_disjoint","glmnet_ridge","classic_fast",20,0.0424642857142857,0.0461309523809524,0.0312737351190476,0.0528188988095238,0.000151093078387232,3.33621532689844e-07,0.0490829590524173,0.000335762396416189,0.000108426998124199,8.85118352034279e-07
"best_ktsp_vs_each_classifier","macro_f1","tier4_pooled","P1_psd_bandpower_from_derivatives","PSD_REGION_ABSOLUTE","pooled_condition","POOLED_EC_EO_subject_grouped","POOLED_EC_EO_subject_grouped","AD_vs_CN","kTSP_k5_disjoint","majority","classic_fast",20,0.462148195820445,0.467880768056654,0.454355343254623,0.469060202916503,9.56917315706463e-05,6.51990684860411e-29,0.0496898731631834,0.00029443609714045,3.35123212018251e-26,4.84335937324876e-27
"best_ktsp_vs_each_classifier","mcc","tier4_pooled","P1_psd_bandpower_from_derivatives","PSD_REGION_ABSOLUTE","pooled_condition","POOLED_EC_EO_subject_grouped","POOLED_EC_EO_subject_grouped","AD_vs_CN","kTSP_k5_disjoint","majority","classic_fast",20,0.666780326221478,0.669986276503029,0.653877234689026,0.678659517849609,9.56917315706463e-05,1.42506352536812e-27,0.0496898731631834,0.000324133170225704,7.32482652039213e-25,1.05861861884489e-25
"best_ktsp_vs_each_classifier","balanced_accuracy","tier4_pooled","P1_psd_bandpower_from_derivatives","PSD_REGION_ABSOLUTE","pooled_condition","POOLED_EC_EO_subject_grouped","POOLED_EC_EO_subject_grouped","AD_vs_CN","kTSP_k5_disjoint","majority","classic_fast",20,0.330238095238095,0.33327380952381,0.323363020833333,0.336366220238095,9.5423308128284e-05,4.08336945537317e-27,0.0490829590524173,0.000299071327167016,2.09885190006181e-24,3.03336016684864e-25
"best_ktsp_vs_each_classifier","macro_f1","tier4_pooled","P1_psd_bandpower_from_derivatives","PSD_REGION_ABSOLUTE","pooled_condition","POOLED_EC_EO_subject_grouped","POOLED_EC_EO_subject_grouped","AD_vs_FTD","kTSP_k5_disjoint","glmnet_elasticnet","classic_fast",20,-0.0490676044825467,-0.0449399765671113,-0.0703136154261871,-0.0285427016201065,0.000953358041013402,0.000257843452315722,0.18781153407964,0.00152069380775157,0.0502150271691712,0.000410026285028059
"best_ktsp_vs_each_classifier","mcc","tier4_pooled","P1_psd_bandpower_from_derivatives","PSD_REGION_ABSOLUTE","pooled_condition","POOLED_EC_EO_subject_grouped","POOLED_EC_EO_subject_grouped","AD_vs_FTD","kTSP_k5_disjoint","glmnet_elasticnet","classic_fast",20,-0.106417021713934,-0.0954975589987068,-0.146199291664024,-0.0712104749351037,0.000203524868067611,3.37864828786457e-05,0.0614645101564185,0.000464179523663012,0.00861555313405465,6.60487635221645e-05
"best_ktsp_vs_each_classifier","balanced_accuracy","tier4_pooled","P1_psd_bandpower_from_derivatives","PSD_REGION_ABSOLUTE","pooled_condition","POOLED_EC_EO_subject_grouped","POOLED_EC_EO_subject_grouped","AD_vs_FTD","kTSP_k5_disjoint","glmnet_elasticnet","classic_fast",20,-0.0518571428571429,-0.0467857142857142,-0.0671361607142857,-0.0370696428571429,0.000151093078387285,2.84172416790361e-06,0.0490829590524173,0.000335762396416189,0.000804207939516723,6.20781481097888e-06
"best_ktsp_vs_each_classifier","macro_f1","tier4_pooled","P1_psd_bandpower_from_derivatives","PSD_REGION_ABSOLUTE","pooled_condition","POOLED_EC_EO_subject_grouped","POOLED_EC_EO_subject_grouped","AD_vs_FTD","kTSP_k5_disjoint","xgboost_default","classic_fast",20,-0.0926423748468441,-0.0955467134908361,-0.120830517315735,-0.0637286050696854,0.000272706565159087,5.79594815990936e-06,0.0719945332019989,0.000527165107370746,0.00160547764029489,1.23016042577668e-05
"best_ktsp_vs_each_classifier","mcc","tier4_pooled","P1_psd_bandpower_from_derivatives","PSD_REGION_ABSOLUTE","pooled_condition","POOLED_EC_EO_subject_grouped","POOLED_EC_EO_subject_grouped","AD_vs_FTD","kTSP_k5_disjoint","xgboost_default","classic_fast",20,-0.155990565267476,-0.170028945767253,-0.211733355706928,-0.100013764025059,0.000363481868201753,3.82575800398148e-05,0.0945052857324358,0.000705263326361611,0.00960265258999351,7.34093786741833e-05
"best_ktsp_vs_each_classifier","balanced_accuracy","tier4_pooled","P1_psd_bandpower_from_derivatives","PSD_REGION_ABSOLUTE","pooled_condition","POOLED_EC_EO_subject_grouped","POOLED_EC_EO_subject_grouped","AD_vs_FTD","kTSP_k5_disjoint","xgboost_default","classic_fast",20,-0.07875,-0.0853571428571429,-0.104037276785714,-0.0528566964285714,0.000314666660530826,1.23633826943545e-05,0.0764639985089908,0.000578884875501415,0.00311557243897733,2.38109592632012e-05
"best_ktsp_vs_each_classifier","macro_f1","tier4_pooled","P1_psd_bandpower_from_derivatives","PSD_REGION_ABSOLUTE","pooled_condition","POOLED_EC_EO_subject_grouped","POOLED_EC_EO_subject_grouped","AD_vs_FTD","kTSP_k5_disjoint","glmnet_ridge","classic_fast",20,0.030244556688668,0.0346822935395688,0.00967763473493396,0.0506098320136418,0.0160420619163943,0.00936436104504233,1,0.0204960004828626,1,0.012083046509732
"best_ktsp_vs_each_classifier","mcc","tier4_pooled","P1_psd_bandpower_from_derivatives","PSD_REGION_ABSOLUTE","pooled_condition","POOLED_EC_EO_subject_grouped","POOLED_EC_EO_subject_grouped","AD_vs_FTD","kTSP_k5_disjoint","glmnet_ridge","classic_fast",20,-0.00228250201548108,-0.00996195617073179,-0.0336392183022508,0.0284236049698618,0.866585628639051,0.892634730329903,1,0.881848389221735,1,0.904814931328557
"best_ktsp_vs_each_classifier","balanced_accuracy","tier4_pooled","P1_psd_bandpower_from_derivatives","PSD_REGION_ABSOLUTE","pooled_condition","POOLED_EC_EO_subject_grouped","POOLED_EC_EO_subject_grouped","AD_vs_FTD","kTSP_k5_disjoint","glmnet_ridge","classic_fast",20,-0.00261607142857143,-0.0108928571428571,-0.0167859375,0.0118839285714286,0.722844049740984,0.729030714393425,1,0.745791479891492,1,0.74772997433816
"best_ktsp_vs_each_classifier","macro_f1","tier4_pooled","P1_psd_bandpower_from_derivatives","PSD_REGION_ABSOLUTE","pooled_condition","POOLED_EC_EO_subject_grouped","POOLED_EC_EO_subject_grouped","AD_vs_FTD","kTSP_k5_disjoint","svm_linear_liblinear","classic_fast",20,-0.120119087540868,-0.116297306330513,-0.138882429053866,-0.102298582207124,9.56917315705946e-05,1.46084587129622e-10,0.0496898731631834,0.00029443609714045,6.42772183370336e-08,9.37826979103744e-10
"best_ktsp_vs_each_classifier","mcc","tier4_pooled","P1_psd_bandpower_from_derivatives","PSD_REGION_ABSOLUTE","pooled_condition","POOLED_EC_EO_subject_grouped","POOLED_EC_EO_subject_grouped","AD_vs_FTD","kTSP_k5_disjoint","svm_linear_liblinear","classic_fast",20,-0.21067580724281,-0.207996373660678,-0.250099942105192,-0.173251406043033,9.56917315705946e-05,2.23092178570377e-09,0.0496898731631834,0.000324133170225704,9.57065446066917e-07,1.26095579191952e-08
"best_ktsp_vs_each_classifier","balanced_accuracy","tier4_pooled","P1_psd_bandpower_from_derivatives","PSD_REGION_ABSOLUTE","pooled_condition","POOLED_EC_EO_subject_grouped","POOLED_EC_EO_subject_grouped","AD_vs_FTD","kTSP_k5_disjoint","svm_linear_liblinear","classic_fast",20,-0.103357142857143,-0.0928571428571429,-0.122303571428571,-0.0858299107142857,9.55574483907745e-05,1.314245359802e-09,0.0490829590524173,0.000299071327167016,5.50668805757037e-07,6.7000743833043e-09
"best_ktsp_vs_each_classifier","macro_f1","tier4_pooled","P1_psd_bandpower_from_derivatives","PSD_REGION_ABSOLUTE","pooled_condition","POOLED_EC_EO_subject_grouped","POOLED_EC_EO_subject_grouped","AD_vs_FTD","kTSP_k5_disjoint","ranger_rf","classic_fast",20,-0.112553782217335,-0.110113121981341,-0.132241343566425,-0.0933325139588477,9.56917315705946e-05,1.20214478559717e-09,0.0496898731631834,0.00029443609714045,5.0490080995081e-07,6.18926028228244e-09
"best_ktsp_vs_each_classifier","mcc","tier4_pooled","P1_psd_bandpower_from_derivatives","PSD_REGION_ABSOLUTE","pooled_condition","POOLED_EC_EO_subject_grouped","POOLED_EC_EO_subject_grouped","AD_vs_FTD","kTSP_k5_disjoint","ranger_rf","classic_fast",20,-0.195228965334071,-0.18093472974304,-0.24050005161735,-0.151745745499492,9.56917315705946e-05,9.42117991069793e-08,0.0496898731631834,0.000324133170225704,3.46699420713684e-05,3.20196964285159e-07
"best_ktsp_vs_each_classifier","balanced_accuracy","tier4_pooled","P1_psd_bandpower_from_derivatives","PSD_REGION_ABSOLUTE","pooled_condition","POOLED_EC_EO_subject_grouped","POOLED_EC_EO_subject_grouped","AD_vs_FTD","kTSP_k5_disjoint","ranger_rf","classic_fast",20,-0.0955446428571429,-0.0877678571428572,-0.116206026785714,-0.0760533482142857,9.56917315705946e-05,2.94705429646451e-08,0.0490829590524173,0.000299071327167016,1.09925125258126e-05,1.03351443777246e-07
"best_ktsp_vs_each_classifier","macro_f1","tier4_pooled","P1_psd_bandpower_from_derivatives","PSD_REGION_ABSOLUTE","pooled_condition","POOLED_EC_EO_subject_grouped","POOLED_EC_EO_subject_grouped","AD_vs_FTD","kTSP_k5_disjoint","xgboost_shallow","classic_fast",20,-0.0926423748468441,-0.0955467134908361,-0.121035434759969,-0.0647736739282927,0.000272706565159087,5.79594815990936e-06,0.0719945332019989,0.000527165107370746,0.00160547764029489,1.23016042577668e-05
"best_ktsp_vs_each_classifier","mcc","tier4_pooled","P1_psd_bandpower_from_derivatives","PSD_REGION_ABSOLUTE","pooled_condition","POOLED_EC_EO_subject_grouped","POOLED_EC_EO_subject_grouped","AD_vs_FTD","kTSP_k5_disjoint","xgboost_shallow","classic_fast",20,-0.155990565267476,-0.170028945767253,-0.211628149764996,-0.101040983773701,0.000363481868201753,3.82575800398148e-05,0.0945052857324358,0.000705263326361611,0.00960265258999351,7.34093786741833e-05
"best_ktsp_vs_each_classifier","balanced_accuracy","tier4_pooled","P1_psd_bandpower_from_derivatives","PSD_REGION_ABSOLUTE","pooled_condition","POOLED_EC_EO_subject_grouped","POOLED_EC_EO_subject_grouped","AD_vs_FTD","kTSP_k5_disjoint","xgboost_shallow","classic_fast",20,-0.07875,-0.0853571428571429,-0.104082366071429,-0.0520970982142857,0.000314666660530826,1.23633826943545e-05,0.0764639985089908,0.000578884875501415,0.00311557243897733,2.38109592632012e-05
"best_ktsp_vs_each_classifier","macro_f1","tier4_pooled","P1_psd_bandpower_from_derivatives","PSD_REGION_ABSOLUTE","pooled_condition","POOLED_EC_EO_subject_grouped","POOLED_EC_EO_subject_grouped","AD_vs_FTD","kTSP_k5_disjoint","glmnet_lasso","classic_fast",20,-0.0726308877809698,-0.0788665874750215,-0.0945321133428648,-0.0503413905828879,0.000203524868067611,5.63400570188872e-06,0.0590222117396071,0.000435526466646777,0.00156625358512507,1.20563084978689e-05
"best_ktsp_vs_each_classifier","mcc","tier4_pooled","P1_psd_bandpower_from_derivatives","PSD_REGION_ABSOLUTE","pooled_condition","POOLED_EC_EO_subject_grouped","POOLED_EC_EO_subject_grouped","AD_vs_FTD","kTSP_k5_disjoint","glmnet_lasso","classic_fast",20,-0.147414567233825,-0.159883812620003,-0.179517387626636,-0.115597443407275,0.000111576610520002,2.69542105363606e-08,0.0496898731631834,0.000324133170225704,1.06738673723988e-05,1.1212951583126e-07
"best_ktsp_vs_each_classifier","balanced_accuracy","tier4_pooled","P1_psd_bandpower_from_derivatives","PSD_REGION_ABSOLUTE","pooled_condition","POOLED_EC_EO_subject_grouped","POOLED_EC_EO_subject_grouped","AD_vs_FTD","kTSP_k5_disjoint","glmnet_lasso","classic_fast",20,-0.0697321428571429,-0.08,-0.0855370535714286,-0.0543203125,0.000111576610520002,6.03852883178072e-08,0.0490829590524173,0.000299071327167016,2.15575479294572e-05,1.91465548324755e-07
"best_ktsp_vs_each_classifier","macro_f1","tier4_pooled","P1_psd_bandpower_from_derivatives","PSD_REGION_ABSOLUTE","pooled_condition","POOLED_EC_EO_subject_grouped","POOLED_EC_EO_subject_grouped","AD_vs_FTD","kTSP_k5_disjoint","sda_shrinklda","classic_fast",20,-0.00295814707870837,0.00458102995548285,-0.0197975796195373,0.0127533616203107,0.750994967158646,0.737190520150169,1,0.774836077227175,1,0.75609284117966
"best_ktsp_vs_each_classifier","mcc","tier4_pooled","P1_psd_bandpower_from_derivatives","PSD_REGION_ABSOLUTE","pooled_condition","POOLED_EC_EO_subject_grouped","POOLED_EC_EO_subject_grouped","AD_vs_FTD","kTSP_k5_disjoint","sda_shrinklda","classic_fast",20,-0.0350483677344855,-0.0209796247938333,-0.0680820151925613,-0.00526789920152414,0.0418880664903521,0.0429608248027417,1,0.0527404226997169,1,0.0533165367480326
"best_ktsp_vs_each_classifier","balanced_accuracy","tier4_pooled","P1_psd_bandpower_from_derivatives","PSD_REGION_ABSOLUTE","pooled_condition","POOLED_EC_EO_subject_grouped","POOLED_EC_EO_subject_grouped","AD_vs_FTD","kTSP_k5_disjoint","sda_shrinklda","classic_fast",20,-0.0100892857142857,-0.00455357142857138,-0.0240359375,0.00302723214285714,0.341063504675247,0.174730175156406,1,0.376592131206871,1,0.198383604981073
"best_ktsp_vs_each_classifier","macro_f1","tier4_pooled","P1_psd_bandpower_from_derivatives","PSD_REGION_ABSOLUTE","pooled_condition","POOLED_EC_EO_subject_grouped","POOLED_EC_EO_subject_grouped","AD_vs_FTD","kTSP_k5_disjoint","knn_euclidean","classic_fast",20,-0.10273937632164,-0.0973587628862371,-0.122373541323633,-0.0818748007630961,0.000111576610520002,7.68709555785636e-09,0.0496898731631834,0.000297537628053339,3.03640274535326e-06,3.17245213498834e-08
"best_ktsp_vs_each_classifier","mcc","tier4_pooled","P1_psd_bandpower_from_derivatives","PSD_REGION_ABSOLUTE","pooled_condition","POOLED_EC_EO_subject_grouped","POOLED_EC_EO_subject_grouped","AD_vs_FTD","kTSP_k5_disjoint","knn_euclidean","classic_fast",20,-0.170005568925131,-0.168945886189728,-0.212762750134573,-0.124732542668145,0.000151093078387285,6.35320696582293e-07,0.0496898731631834,0.000372362088916532,0.000210291150568739,1.73877243275154e-06
"best_ktsp_vs_each_classifier","balanced_accuracy","tier4_pooled","P1_psd_bandpower_from_derivatives","PSD_REGION_ABSOLUTE","pooled_condition","POOLED_EC_EO_subject_grouped","POOLED_EC_EO_subject_grouped","AD_vs_FTD","kTSP_k5_disjoint","knn_euclidean","classic_fast",20,-0.0855178571428571,-0.0863392857142857,-0.105465178571429,-0.0639732142857143,0.000151093078387285,1.81815052317486e-07,0.0490829590524173,0.000335762396416189,6.03625973694052e-05,5.00231889974034e-07
"best_ktsp_vs_each_classifier","macro_f1","tier4_pooled","P1_psd_bandpower_from_derivatives","PSD_REGION_ABSOLUTE","pooled_condition","POOLED_EC_EO_subject_grouped","POOLED_EC_EO_subject_grouped","AD_vs_FTD","kTSP_k5_disjoint","majority","classic_fast",20,0.123792920376665,0.117778251108871,0.110727947354804,0.137312085155532,9.56917315706463e-05,2.67982347976087e-13,0.0496898731631834,0.00029443609714045,1.27291615288642e-10,3.02936567277316e-12
"best_ktsp_vs_each_classifier","mcc","tier4_pooled","P1_psd_bandpower_from_derivatives","PSD_REGION_ABSOLUTE","pooled_condition","POOLED_EC_EO_subject_grouped","POOLED_EC_EO_subject_grouped","AD_vs_FTD","kTSP_k5_disjoint","majority","classic_fast",20,0.0542847179846055,0.0775940315696211,0.0257973009292633,0.082559459806227,0.00429083743463043,0.00171230522346611,0.699406501844758,0.00616363388399952,0.280818056648442,0.00249411405098705
"best_ktsp_vs_each_classifier","balanced_accuracy","tier4_pooled","P1_psd_bandpower_from_derivatives","PSD_REGION_ABSOLUTE","pooled_condition","POOLED_EC_EO_subject_grouped","POOLED_EC_EO_subject_grouped","AD_vs_FTD","kTSP_k5_disjoint","majority","classic_fast",20,0.0235089285714286,0.0298214285714286,0.0104819196428571,0.0362868303571428,0.00481573517234057,0.00216823003663522,0.66938718895534,0.00653129427136488,0.303552205128931,0.00295926409199558
"best_ktsp_vs_each_classifier","macro_f1","tier4_pooled","P1_psd_bandpower_from_derivatives","PSD_REGION_ABSOLUTE","pooled_condition","POOLED_EC_EO_subject_grouped","POOLED_EC_EO_subject_grouped","CN_vs_FTD","kTSP_k9_nondisjoint","glmnet_elasticnet","classic_fast",20,-0.038008589910959,-0.0363082872579776,-0.0502386751812491,-0.0254453292382942,0.000315046961090167,1.68791354192871e-05,0.0790767872336319,0.000583005052551247,0.00423666299024107,3.25079645112197e-05
"best_ktsp_vs_each_classifier","mcc","tier4_pooled","P1_psd_bandpower_from_derivatives","PSD_REGION_ABSOLUTE","pooled_condition","POOLED_EC_EO_subject_grouped","POOLED_EC_EO_subject_grouped","CN_vs_FTD","kTSP_k9_nondisjoint","glmnet_elasticnet","classic_fast",20,-0.0795090380228987,-0.0724297076116437,-0.102158245612366,-0.0572917618854001,0.000129926100333739,3.28928913325467e-06,0.0496898731631834,0.000350059959448578,0.000991779769622797,7.77468340587467e-06
"best_ktsp_vs_each_classifier","balanced_accuracy","tier4_pooled","P1_psd_bandpower_from_derivatives","PSD_REGION_ABSOLUTE","pooled_condition","POOLED_EC_EO_subject_grouped","POOLED_EC_EO_subject_grouped","CN_vs_FTD","kTSP_k9_nondisjoint","glmnet_elasticnet","classic_fast",20,-0.0415416666666667,-0.0404166666666667,-0.0528760416666667,-0.02925,0.000150892436409981,2.11666529736134e-06,0.0490829590524173,0.000335762396416189,0.000609599605640067,4.72388821728712e-06
"best_ktsp_vs_each_classifier","macro_f1","tier4_pooled","P1_psd_bandpower_from_derivatives","PSD_REGION_ABSOLUTE","pooled_condition","POOLED_EC_EO_subject_grouped","POOLED_EC_EO_subject_grouped","CN_vs_FTD","kTSP_k9_nondisjoint","svm_linear_liblinear","classic_fast",20,-0.0185685576805849,-0.0190666684275178,-0.0279193358729527,-0.00902791109763257,0.00338292225374584,0.00135159201414174,0.54126756059933,0.00481950567656942,0.212199946220254,0.00192554008737916
"best_ktsp_vs_each_classifier","mcc","tier4_pooled","P1_psd_bandpower_from_derivatives","PSD_REGION_ABSOLUTE","pooled_condition","POOLED_EC_EO_subject_grouped","POOLED_EC_EO_subject_grouped","CN_vs_FTD","kTSP_k9_nondisjoint","svm_linear_liblinear","classic_fast",20,-0.0406673730645788,-0.03460590460645,-0.0583564651267593,-0.023090071380433,0.000953358041013402,0.000331321219758133,0.204018620776868,0.00159918123008714,0.0680881008383166,0.000545212133779205
"best_ktsp_vs_each_classifier","balanced_accuracy","tier4_pooled","P1_psd_bandpower_from_derivatives","PSD_REGION_ABSOLUTE","pooled_condition","POOLED_EC_EO_subject_grouped","POOLED_EC_EO_subject_grouped","CN_vs_FTD","kTSP_k9_nondisjoint","svm_linear_liblinear","classic_fast",20,-0.0218333333333333,-0.0199999999999999,-0.0310416666666667,-0.0127916666666667,0.000634929926799287,0.000196441570282472,0.136509934261847,0.00106278001475351,0.0379132230645171,0.000311431757764895
"best_ktsp_vs_each_classifier","macro_f1","tier4_pooled","P1_psd_bandpower_from_derivatives","PSD_REGION_ABSOLUTE","pooled_condition","POOLED_EC_EO_subject_grouped","POOLED_EC_EO_subject_grouped","CN_vs_FTD","kTSP_k9_nondisjoint","knn_euclidean","classic_fast",20,0.0686620043159564,0.0803728957669004,0.0539547310465893,0.0839686057631662,9.56917315706463e-05,5.41453085373807e-08,0.0496898731631834,0.00029443609714045,1.93840204563823e-05,1.72733499628454e-07
"best_ktsp_vs_each_classifier","mcc","tier4_pooled","P1_psd_bandpower_from_derivatives","PSD_REGION_ABSOLUTE","pooled_condition","POOLED_EC_EO_subject_grouped","POOLED_EC_EO_subject_grouped","CN_vs_FTD","kTSP_k9_nondisjoint","knn_euclidean","classic_fast",20,0.129776856659698,0.135304909391629,0.101143532987829,0.158245477243382,9.56917315706463e-05,5.04708511950455e-08,0.0496898731631834,0.000324133170225704,1.91284526029222e-05,1.84822835362138e-07
"best_ktsp_vs_each_classifier","balanced_accuracy","tier4_pooled","P1_psd_bandpower_from_derivatives","PSD_REGION_ABSOLUTE","pooled_condition","POOLED_EC_EO_subject_grouped","POOLED_EC_EO_subject_grouped","CN_vs_FTD","kTSP_k9_nondisjoint","knn_euclidean","classic_fast",20,0.0656666666666667,0.0716666666666667,0.0508322916666666,0.0800833333333333,9.56917315706463e-05,5.50858356840714e-08,0.0490829590524173,0.000299071327167016,1.98309008462657e-05,1.77916984818119e-07
"best_ktsp_vs_each_classifier","macro_f1","tier4_pooled","P1_psd_bandpower_from_derivatives","PSD_REGION_ABSOLUTE","pooled_condition","POOLED_EC_EO_subject_grouped","POOLED_EC_EO_subject_grouped","CN_vs_FTD","kTSP_k9_nondisjoint","xgboost_default","classic_fast",20,0.03726442571241,0.0341449899504483,0.0238038684812661,0.0519205330591726,0.000151093078387232,6.88164491681365e-05,0.0496898731631834,0.000358759820828257,0.0148643530203175,0.00011694298551448
"best_ktsp_vs_each_classifier","mcc","tier4_pooled","P1_psd_bandpower_from_derivatives","PSD_REGION_ABSOLUTE","pooled_condition","POOLED_EC_EO_subject_grouped","POOLED_EC_EO_subject_grouped","CN_vs_FTD","kTSP_k9_nondisjoint","xgboost_default","classic_fast",20,0.0677028467297483,0.0692705098068456,0.0424863747868834,0.0943971149110491,0.000315046961090193,6.95828063360573e-05,0.0856927734165254,0.000630093922180386,0.0162823766826374,0.000125635622551214
"best_ktsp_vs_each_classifier","balanced_accuracy","tier4_pooled","P1_psd_bandpower_from_derivatives","PSD_REGION_ABSOLUTE","pooled_condition","POOLED_EC_EO_subject_grouped","POOLED_EC_EO_subject_grouped","CN_vs_FTD","kTSP_k9_nondisjoint","xgboost_default","classic_fast",20,0.0345416666666666,0.0316666666666667,0.0210822916666666,0.0482510416666666,0.000418325359124117,0.000124518336186416,0.0957965072394227,0.000738243781974381,0.0256507772544017,0.000204903591192836
"best_ktsp_vs_each_classifier","macro_f1","tier4_pooled","P1_psd_bandpower_from_derivatives","PSD_REGION_ABSOLUTE","pooled_condition","POOLED_EC_EO_subject_grouped","POOLED_EC_EO_subject_grouped","CN_vs_FTD","kTSP_k9_nondisjoint","glmnet_lasso","classic_fast",20,-0.0185833048283153,-0.0239217326802235,-0.0298128701487723,-0.00718156481030935,0.0105491877123423,0.00545645925047355,1,0.0138524687131767,0.714796161812035,0.0072752790006314
"best_ktsp_vs_each_classifier","mcc","tier4_pooled","P1_psd_bandpower_from_derivatives","PSD_REGION_ABSOLUTE","pooled_condition","POOLED_EC_EO_subject_grouped","POOLED_EC_EO_subject_grouped","CN_vs_FTD","kTSP_k9_nondisjoint","glmnet_lasso","classic_fast",20,-0.0403435893320695,-0.0436044749592773,-0.0614660412945888,-0.0187127525274076,0.0076012721653909,0.0018783433297926,1,0.0105686137058911,0.304291619426401,0.00272072014343217
"best_ktsp_vs_each_classifier","balanced_accuracy","tier4_pooled","P1_psd_bandpower_from_derivatives","PSD_REGION_ABSOLUTE","pooled_condition","POOLED_EC_EO_subject_grouped","POOLED_EC_EO_subject_grouped","CN_vs_FTD","kTSP_k9_nondisjoint","glmnet_lasso","classic_fast",20,-0.022375,-0.0275,-0.0332927083333333,-0.0116239583333333,0.00398856178633808,0.000748874959571151,0.58233002080536,0.00553080567705547,0.124313243288811,0.00109694360275211
"best_ktsp_vs_each_classifier","macro_f1","tier4_pooled","P1_psd_bandpower_from_derivatives","PSD_REGION_ABSOLUTE","pooled_condition","POOLED_EC_EO_subject_grouped","POOLED_EC_EO_subject_grouped","CN_vs_FTD","kTSP_k9_nondisjoint","ranger_rf","classic_fast",20,-0.00928836532568117,-0.00754789541981632,-0.0182089300038886,-0.000876012250317842,0.0761787095979553,0.0519008459811105,1,0.0904404771482574,1,0.0623289605315876
"best_ktsp_vs_each_classifier","mcc","tier4_pooled","P1_psd_bandpower_from_derivatives","PSD_REGION_ABSOLUTE","pooled_condition","POOLED_EC_EO_subject_grouped","POOLED_EC_EO_subject_grouped","CN_vs_FTD","kTSP_k9_nondisjoint","ranger_rf","classic_fast",20,-0.0247233713832836,-0.0232111573203218,-0.0410018384038112,-0.00863093310062063,0.0196328327501722,0.0104668184286576,1,0.0257804874497211,1,0.014063942074682
"best_ktsp_vs_each_classifier","balanced_accuracy","tier4_pooled","P1_psd_bandpower_from_derivatives","PSD_REGION_ABSOLUTE","pooled_condition","POOLED_EC_EO_subject_grouped","POOLED_EC_EO_subject_grouped","CN_vs_FTD","kTSP_k9_nondisjoint","ranger_rf","classic_fast",20,-0.0122916666666667,-0.01,-0.0207927083333334,-0.00425,0.0125503883934565,0.00965260598776749,1,0.0161539652589043,1,0.0124859579941271
"best_ktsp_vs_each_classifier","macro_f1","tier4_pooled","P1_psd_bandpower_from_derivatives","PSD_REGION_ABSOLUTE","pooled_condition","POOLED_EC_EO_subject_grouped","POOLED_EC_EO_subject_grouped","CN_vs_FTD","kTSP_k9_nondisjoint","xgboost_shallow","classic_fast",20,0.03726442571241,0.0341449899504483,0.0237977729786491,0.0519226802742446,0.000151093078387232,6.88164491681365e-05,0.0496898731631834,0.000358759820828257,0.0148643530203175,0.00011694298551448
"best_ktsp_vs_each_classifier","mcc","tier4_pooled","P1_psd_bandpower_from_derivatives","PSD_REGION_ABSOLUTE","pooled_condition","POOLED_EC_EO_subject_grouped","POOLED_EC_EO_subject_grouped","CN_vs_FTD","kTSP_k9_nondisjoint","xgboost_shallow","classic_fast",20,0.0677028467297483,0.0692705098068456,0.043231223037402,0.0946743097650652,0.000315046961090193,6.95828063360573e-05,0.0856927734165254,0.000630093922180386,0.0162823766826374,0.000125635622551214
"best_ktsp_vs_each_classifier","balanced_accuracy","tier4_pooled","P1_psd_bandpower_from_derivatives","PSD_REGION_ABSOLUTE","pooled_condition","POOLED_EC_EO_subject_grouped","POOLED_EC_EO_subject_grouped","CN_vs_FTD","kTSP_k9_nondisjoint","xgboost_shallow","classic_fast",20,0.0345416666666666,0.0316666666666667,0.021125,0.0484583333333333,0.000418325359124117,0.000124518336186416,0.0957965072394227,0.000738243781974381,0.0256507772544017,0.000204903591192836
"best_ktsp_vs_each_classifier","macro_f1","tier4_pooled","P1_psd_bandpower_from_derivatives","PSD_REGION_ABSOLUTE","pooled_condition","POOLED_EC_EO_subject_grouped","POOLED_EC_EO_subject_grouped","CN_vs_FTD","kTSP_k9_nondisjoint","sda_shrinklda","classic_fast",20,0.0162740160951058,0.0133063658720544,0.00768375704925039,0.0258676355173732,0.00338292225374581,0.00296340898637954,0.54126756059933,0.00481950567656942,0.420804076065895,0.0040658909575656
"best_ktsp_vs_each_classifier","mcc","tier4_pooled","P1_psd_bandpower_from_derivatives","PSD_REGION_ABSOLUTE","pooled_condition","POOLED_EC_EO_subject_grouped","POOLED_EC_EO_subject_grouped","CN_vs_FTD","kTSP_k9_nondisjoint","sda_shrinklda","classic_fast",20,0.00851132866601952,0.00599644329367388,-0.00864111866625384,0.0258818102480323,0.40091675928529,0.360008021093626,1,0.439824292886816,1,0.400008912326251
"best_ktsp_vs_each_classifier","balanced_accuracy","tier4_pooled","P1_psd_bandpower_from_derivatives","PSD_REGION_ABSOLUTE","pooled_condition","POOLED_EC_EO_subject_grouped","POOLED_EC_EO_subject_grouped","CN_vs_FTD","kTSP_k9_nondisjoint","sda_shrinklda","classic_fast",20,0.00345833333333332,0.00291666666666662,-0.00491666666666668,0.0123333333333333,0.681269845757264,0.460186673974224,1,0.712797424132348,1,0.498535563472075
"best_ktsp_vs_each_classifier","macro_f1","tier4_pooled","P1_psd_bandpower_from_derivatives","PSD_REGION_ABSOLUTE","pooled_condition","POOLED_EC_EO_subject_grouped","POOLED_EC_EO_subject_grouped","CN_vs_FTD","kTSP_k9_nondisjoint","majority","classic_fast",20,0.432537516979538,0.43409995656866,0.429067940259516,0.436047391371703,9.56917315706463e-05,1.63830873886839e-34,0.0496898731631834,0.00029443609714045,8.47005617994958e-32,2.12980136052891e-32
"best_ktsp_vs_each_classifier","mcc","tier4_pooled","P1_psd_bandpower_from_derivatives","PSD_REGION_ABSOLUTE","pooled_condition","POOLED_EC_EO_subject_grouped","POOLED_EC_EO_subject_grouped","CN_vs_FTD","kTSP_k9_nondisjoint","majority","classic_fast",20,0.593715338485572,0.595533493530655,0.587331251692699,0.599765427730829,9.56917315706463e-05,2.70198547689441e-32,0.0496898731631834,0.000324133170225704,1.4023304625082e-29,7.02516223992548e-30
"best_ktsp_vs_each_classifier","balanced_accuracy","tier4_pooled","P1_psd_bandpower_from_derivatives","PSD_REGION_ABSOLUTE","pooled_condition","POOLED_EC_EO_subject_grouped","POOLED_EC_EO_subject_grouped","CN_vs_FTD","kTSP_k9_nondisjoint","majority","classic_fast",20,0.291916666666667,0.293333333333333,0.288541666666667,0.295208333333333,9.47547472054389e-05,1.03629891673219e-31,0.0490829590524173,0.000299071327167016,5.35766539950543e-29,1.34718859175185e-29
"best_ktsp_vs_each_classifier","macro_f1","tier4_pooled","P1_psd_bandpower_from_derivatives","PSD_REGION_ABSOLUTE","pooled_condition","POOLED_EC_EO_subject_grouped","POOLED_EC_EO_subject_grouped","CN_vs_FTD","kTSP_k9_nondisjoint","glmnet_ridge","classic_fast",20,-0.0178292978056104,-0.0150558194080539,-0.0289262689645397,-0.00667792916349824,0.0117369771161821,0.00658635844715629,1,0.0151070002485513,0.823294805894536,0.00864875351646785
"best_ktsp_vs_each_classifier","mcc","tier4_pooled","P1_psd_bandpower_from_derivatives","PSD_REGION_ABSOLUTE","pooled_condition","POOLED_EC_EO_subject_grouped","POOLED_EC_EO_subject_grouped","CN_vs_FTD","kTSP_k9_nondisjoint","glmnet_ridge","classic_fast",20,-0.0399387803769834,-0.0380959403278679,-0.0615871832585475,-0.0188957150872054,0.00265336548285359,0.00223082885665653,0.480259152396493,0.00397622493107742,0.352470959351731,0.00319567770099558
"best_ktsp_vs_each_classifier","balanced_accuracy","tier4_pooled","P1_psd_bandpower_from_derivatives","PSD_REGION_ABSOLUTE","pooled_condition","POOLED_EC_EO_subject_grouped","POOLED_EC_EO_subject_grouped","CN_vs_FTD","kTSP_k9_nondisjoint","glmnet_ridge","classic_fast",20,-0.0224583333333333,-0.0208333333333333,-0.033709375,-0.0120833333333333,0.00141319093004105,0.000834552497472561,0.258613940197512,0.00217413989237085,0.1368666095855,0.00121559467418972
