matching_id,world,condition,task,matched_n,repeats,mean_unmatched_frozen_macro_f1,mean_original_on_matched_macro_f1,mean_matched_model_macro_f1,mean_delta_vs_original_same_participants_macro_f1,mean_delta_vs_unmatched_frozen_macro_f1,mean_unmatched_frozen_balanced_accuracy,mean_original_on_matched_balanced_accuracy,mean_matched_model_balanced_accuracy,mean_delta_vs_original_same_participants_balanced_accuracy,mean_delta_vs_unmatched_frozen_balanced_accuracy,mean_unmatched_frozen_mcc,mean_original_on_matched_mcc,mean_matched_model_mcc,mean_delta_vs_original_same_participants_mcc,mean_delta_vs_unmatched_frozen_mcc,mean_directed_jaccard_vs_original,median_directed_jaccard_vs_original,mean_overlap_coefficient_vs_original
1,PSD_ABSOLUTE_CHANNEL_BAND,ds004504__EC,AD_FTD_vs_CN,46,20,0.7514211727263497,0.7818995770427785,0.7540279494864233,-0.027871627556355333,0.0026067767600733926,0.7847749853886616,0.7826086956521737,0.7565217391304349,-0.026086956521739153,-0.028253246258226845,0.5373508102617003,0.5687894715501808,0.5234911326395214,-0.04529833891065948,-0.01385967762217886,0.17564209483327123,0.15476190476190477,0.3231111111111108
1,PSD_ABSOLUTE_CHANNEL_BAND,ds004504__EC,AD_vs_CN,36,20,0.7836115951114164,0.7535416304678961,0.7503757706984954,-0.0031658597694009583,-0.03323582441292121,0.7911159003831418,0.7583333333333334,0.7541666666666667,-0.004166666666666674,-0.0369492337164751,0.5811321623428458,0.5362280983552788,0.5237885472895717,-0.012439551065707266,-0.05734361505327412,0.24670165781930475,0.2,0.4791111111111111
1,PSD_ABSOLUTE_CHANNEL_BAND,ds004504__EC,CN_vs_FTD,30,20,0.7508459355660262,0.746231904847953,0.7770885048461238,0.030856599998170704,0.02624256928009745,0.7482383808095953,0.7499999999999998,0.78,0.03000000000000001,0.031761619190404794,0.5330553015141499,0.5153785776021379,0.5732727467444976,0.057894169142359564,0.04021744523034761,0.15672367175308344,0.125,0.3586666666666666
1,PSD_ABSOLUTE_CHANNEL_BAND,ds006036__EO_or_photomark,AD_FTD_vs_CN,46,20,0.7616482251411292,0.7500833321442143,0.7389096989453142,-0.011173633198900367,-0.022738526195814946,0.7755260081823494,0.7510869565217392,0.7391304347826086,-0.011956521739130426,-0.036395573399740824,0.5312714262543523,0.5061696299427416,0.4790926094068551,-0.02707702053588651,-0.052178816847497124,0.2187526542085365,0.2,0.4057777777777779
1,PSD_ABSOLUTE_CHANNEL_BAND,ds006036__EO_or_photomark,AD_vs_CN,36,20,0.7626391212349524,0.7633856533769459,0.7989750217731098,0.03558936839616393,0.03633590053815761,0.7656848659003832,0.7638888888888891,0.8,0.036111111111111094,0.03431513409961686,0.5292697177533573,0.5296777948004797,0.6055770343666322,0.07589923956615244,0.07630731661327471,0.13140180734298376,0.125,0.2906666666666663
1,PSD_ABSOLUTE_CHANNEL_BAND,ds006036__EO_or_photomark,CN_vs_FTD,30,20,0.8114509144347595,0.8143247182391986,0.7737056613739242,-0.04061905686527413,-0.03774525306083538,0.812031484257871,0.8150000000000002,0.7749999999999999,-0.04000000000000005,-0.037031484257871096,0.6266972756714023,0.6342152945840764,0.5570016704113276,-0.07721362417274905,-0.0696956052600747,0.20225308841485298,0.2,0.4755555555555556
1,PSD_REGION_ABSOLUTE,ds004504__EC,AD_FTD_vs_CN,46,20,0.7009026994926423,0.7776457445766811,0.8228783383079922,0.045232593731311145,0.12197563881534998,0.7665546464056108,0.783695652173913,0.8239130434782609,0.040217391304347816,0.057358397072650114,0.5118202181071633,0.6013986471990023,0.6553507377000345,0.05395209050103232,0.14353051959287133,0.44426950826950834,0.4642857142857143,0.7362222222222221
1,PSD_REGION_ABSOLUTE,ds004504__EC,AD_vs_CN,36,20,0.7652554122221629,0.7182566098607538,0.762294707960468,0.04403809809971439,-0.0029607042616947633,0.7870929118773947,0.7375,0.763888888888889,0.0263888888888889,-0.02320402298850576,0.5991327263043457,0.5506727465496858,0.5343462767600664,-0.0163264697896194,-0.06478644954427924,0.32744505494505477,0.30952380952380953,0.6108888888888887
1,PSD_REGION_ABSOLUTE,ds004504__EC,CN_vs_FTD,30,20,0.739249417220629,0.7196528182900704,0.6710573672300184,-0.048595451060052114,-0.06819204999061053,0.7374062968515742,0.7216666666666666,0.6816666666666666,-0.03999999999999997,-0.055739630184907504,0.4919891945700571,0.4485179111913006,0.39113110702849774,-0.0573868041628028,-0.10085808754155931,0.22155361305361299,0.2,0.5135555555555555
1,PSD_REGION_ABSOLUTE,ds006036__EO_or_photomark,AD_FTD_vs_CN,46,20,0.6895878367824292,0.720766601961441,0.6983851088381601,-0.022381493123281044,0.008797272055730753,0.750175336060783,0.7293478260869566,0.708695652173913,-0.020652173913043442,-0.04147968388687013,0.4782095374593268,0.4896718635643724,0.4491250870611855,-0.04054677650318703,-0.029084450398141372,0.21830747846924312,0.2,0.382222222222222
1,PSD_REGION_ABSOLUTE,ds006036__EO_or_photomark,AD_vs_CN,36,20,0.7406512791172641,0.7460263571036114,0.7148414813657873,-0.031184875737824025,-0.02580979775147705,0.7632183908045979,0.7569444444444445,0.7249999999999999,-0.03194444444444445,-0.03821839080459771,0.5512020459290409,0.5572623863295144,0.48277565715545656,-0.0744867291740579,-0.06842638877358433,0.30556185481185466,0.2727272727272727,0.5713333333333331
1,PSD_REGION_ABSOLUTE,ds006036__EO_or_photomark,CN_vs_FTD,30,20,0.6971671013639449,0.7216348972608565,0.7372745301339709,0.01563963287311442,0.04010742877002594,0.7003373313343327,0.7300000000000002,0.7416666666666666,0.01166666666666662,0.04132933533233381,0.4580854129548431,0.4889256897159907,0.4999382274428651,0.011012537726874489,0.04185281448802196,0.344078255078255,0.30952380952380953,0.5706666666666665
2,PSD_ABSOLUTE_CHANNEL_BAND,ds004504__EC,AD_FTD_vs_CN,50,20,0.7514211727263497,0.7881869876451195,0.7817760171085174,-0.006410970536602056,0.030354844382167716,0.7847749853886616,0.7890000000000001,0.783,-0.006,-0.0017749853886615597,0.5373508102617003,0.5823404325401351,0.5724299617003186,-0.009910470839816724,0.03507915143861827,0.23010472697237389,0.2,0.41377777777777763
2,PSD_ABSOLUTE_CHANNEL_BAND,ds004504__EC,AD_vs_CN,36,20,0.7836115951114164,0.7747785944455048,0.7375017750399311,-0.037276819405573425,-0.046109820071485216,0.7911159003831418,0.7777777777777776,0.7416666666666666,-0.036111111111111135,-0.04944923371647511,0.5811321623428458,0.569183948379462,0.4985470208223252,-0.07063692755713687,-0.08258514152052057,0.22202152259505187,0.2,0.452222222222222
2,PSD_ABSOLUTE_CHANNEL_BAND,ds004504__EC,CN_vs_FTD,30,20,0.7508459355660262,0.7543031817464358,0.7442760773452457,-0.010027104401190068,-0.006569858220780533,0.7482383808095953,0.7583333333333333,0.7499999999999998,-0.008333333333333331,0.0017616191904048118,0.5330553015141499,0.5351629018916897,0.5200575642803051,-0.015105337611384533,-0.01299773723384473,0.12105263200851431,0.09090909090909091,0.2484444444444442
2,PSD_ABSOLUTE_CHANNEL_BAND,ds006036__EO_or_photomark,AD_FTD_vs_CN,50,20,0.7616482251411292,0.747617012183723,0.7313333500739971,-0.016283662109725938,-0.030314875067131986,0.7755260081823494,0.748,0.732,-0.016000000000000004,-0.043526008182349515,0.5312714262543523,0.49736776233303803,0.46625884256192024,-0.031108919771117856,-0.06501258369243196,0.27384418359418355,0.2727272727272727,0.5284444444444444
2,PSD_ABSOLUTE_CHANNEL_BAND,ds006036__EO_or_photomark,AD_vs_CN,36,20,0.7626391212349524,0.7648014344831295,0.7760062239452927,0.011204789462163084,0.013367102710340356,0.7656848659003832,0.7652777777777778,0.7777777777777778,0.012499999999999966,0.012092911877394624,0.5292697177533573,0.5323297637058385,0.5642689486102475,0.031939184904409036,0.034999230856890114,0.11785342925048804,0.09090909090909091,0.266222222222222
2,PSD_ABSOLUTE_CHANNEL_BAND,ds006036__EO_or_photomark,CN_vs_FTD,30,20,0.8114509144347595,0.8193377949381763,0.8110868581064634,-0.008250936831712874,-0.00036405632829642485,0.812031484257871,0.8200000000000003,0.8116666666666669,-0.008333333333333349,-0.00036481759120439715,0.6266972756714023,0.6443800102741013,0.6272193564663606,-0.017160653807740674,0.0005220807949584322,0.20677124672712885,0.2,0.496
2,PSD_REGION_ABSOLUTE,ds004504__EC,AD_FTD_vs_CN,50,20,0.7009026994926423,0.764492049285866,0.8065619030508051,0.04206985376493917,0.1056592035581629,0.7665546464056108,0.772,0.8080000000000002,0.036,0.04144535359438927,0.5118202181071633,0.5835815116601928,0.6267214776802013,0.043139966020008726,0.11490125957303823,0.4441917526917532,0.4642857142857143,0.7339999999999999
2,PSD_REGION_ABSOLUTE,ds004504__EC,AD_vs_CN,36,20,0.7652554122221629,0.7215527175533877,0.7727126005212686,0.05115988296788095,0.007457188299105627,0.7870929118773947,0.7402777777777778,0.775,0.03472222222222223,-0.012092911877394646,0.5991327263043457,0.5569655149295276,0.5611850588047765,0.00421954387524916,-0.03794766749956901,0.26465262515262516,0.2,0.5206666666666665
2,PSD_REGION_ABSOLUTE,ds004504__EC,CN_vs_FTD,30,20,0.739249417220629,0.7524980932417507,0.7117250322271097,-0.04077306101464069,-0.02752438499351916,0.7374062968515742,0.7550000000000001,0.7166666666666666,-0.038333333333333316,-0.020739630184907532,0.4919891945700571,0.5182165748270741,0.4478901095333855,-0.07032646529368845,-0.044099085036671495,0.25512245107833326,0.2,0.5364444444444446
2,PSD_REGION_ABSOLUTE,ds006036__EO_or_photomark,AD_FTD_vs_CN,50,20,0.6895878367824292,0.7116964801528028,0.6996047552305928,-0.01209172492220995,0.010016918448163681,0.750175336060783,0.7220000000000001,0.71,-0.012,-0.040175336060783204,0.4782095374593268,0.47965298758475966,0.4521514336549529,-0.027501553929806726,-0.026058103804373945,0.3136221001220999,0.2857142857142857,0.5142222222222221
2,PSD_REGION_ABSOLUTE,ds006036__EO_or_photomark,AD_vs_CN,36,20,0.7406512791172641,0.7460263571036114,0.6876097211236128,-0.05841663597999832,-0.053041557993651345,0.7632183908045979,0.7569444444444445,0.7041666666666666,-0.05277777777777779,-0.05905172413793106,0.5512020459290409,0.5572623863295144,0.455554138771217,-0.10170824755829751,-0.09564790715782392,0.3089921744921744,0.2727272727272727,0.5991111111111113
2,PSD_REGION_ABSOLUTE,ds006036__EO_or_photomark,CN_vs_FTD,30,20,0.6971671013639449,0.7088837824792531,0.7204056495592079,0.011521867079954885,0.023238548195262988,0.7003373313343327,0.7166666666666668,0.7249999999999999,0.008333333333333309,0.024662668665667152,0.4580854129548431,0.45656462348544646,0.46268535293889573,0.00612072945344905,0.004599939984052453,0.3501398878898878,0.2857142857142857,0.5564444444444443
3,PSD_ABSOLUTE_CHANNEL_BAND,ds004504__EC,AD_FTD_vs_CN,48,20,0.7514211727263497,0.7446629363020636,0.7646885893862272,0.020025653084163764,0.013267416659877563,0.7847749853886616,0.746875,0.7677083333333333,0.020833333333333325,-0.017066652055328257,0.5373508102617003,0.502573785714565,0.549295598940167,0.046721813225601996,0.011944788678466873,0.17638104379280845,0.16666666666666666,0.34555555555555545
3,PSD_ABSOLUTE_CHANNEL_BAND,ds004504__EC,AD_vs_CN,36,20,0.7836115951114164,0.7269136790826628,0.7125266430508115,-0.014387036031851357,-0.07108495206060492,0.7911159003831418,0.7305555555555555,0.7180555555555556,-0.0125,-0.07306034482758621,0.5811321623428458,0.4719394633961068,0.4551511253821941,-0.016788338013912787,-0.1259810369606517,0.27265374331550796,0.2727272727272727,0.5126666666666667
3,PSD_ABSOLUTE_CHANNEL_BAND,ds004504__EC,CN_vs_FTD,30,20,0.7508459355660262,0.7415286742975353,0.6358341352455236,-0.10569453905201143,-0.11501180032050248,0.7482383808095953,0.7449999999999999,0.6383333333333331,-0.10666666666666665,-0.10990504747626187,0.5330553015141499,0.5043111893943908,0.2814088483701823,-0.2229023410242085,-0.2516464531439676,0.12424388683212208,0.125,0.2548888888888886
3,PSD_ABSOLUTE_CHANNEL_BAND,ds006036__EO_or_photomark,AD_FTD_vs_CN,48,20,0.7616482251411292,0.7650666292764063,0.7377331940987734,-0.027333435177632877,-0.023915031042355723,0.7755260081823494,0.765625,0.7385416666666667,-0.027083333333333348,-0.03698434151568285,0.5312714262543523,0.5337060657816245,0.4797648777950993,-0.05394118798652531,-0.051506548459252885,0.28026838847427066,0.2792207792207792,0.5124444444444444
3,PSD_ABSOLUTE_CHANNEL_BAND,ds006036__EO_or_photomark,AD_vs_CN,36,20,0.7626391212349524,0.7353438519005469,0.7590503654348467,0.023706513534299884,-0.003588755800105431,0.7656848659003832,0.7361111111111112,0.7597222222222223,0.023611111111111117,-0.005962643678160901,0.5292697177533573,0.47463438566196403,0.5221451493769682,0.04751076371500408,-0.007124568376389251,0.16080597670303554,0.125,0.3397777777777776
3,PSD_ABSOLUTE_CHANNEL_BAND,ds006036__EO_or_photomark,CN_vs_FTD,30,20,0.8114509144347595,0.7958780479971305,0.8043504463700515,0.008472398372921009,-0.007100468064708187,0.812031484257871,0.7966666666666666,0.8050000000000003,0.008333333333333349,-0.007031484257871051,0.6266972756714023,0.5981046475069427,0.6138026254315907,0.015697977924647978,-0.012894650239811558,0.180970741676624,0.2,0.4511111111111113
3,PSD_REGION_ABSOLUTE,ds004504__EC,AD_FTD_vs_CN,48,20,0.7009026994926423,0.7407874975003644,0.7900397129411406,0.049252215440776084,0.08913701344849846,0.7665546464056108,0.7510416666666667,0.79375,0.04270833333333329,0.027195353594389227,0.5118202181071633,0.5478679157193974,0.606150840780166,0.058282925060768466,0.09433062267300281,0.38415245865245884,0.3333333333333333,0.6868888888888889
3,PSD_REGION_ABSOLUTE,ds004504__EC,AD_vs_CN,36,20,0.7652554122221629,0.7017861505962252,0.7438436861357284,0.04205753553950327,-0.02141172608643438,0.7870929118773947,0.7194444444444443,0.7472222222222222,0.02777777777777778,-0.03987068965517244,0.5991327263043457,0.4983368754874616,0.5074116016242765,0.009074726136814922,-0.09172112468006913,0.26696464646464624,0.2,0.5302222222222224
3,PSD_REGION_ABSOLUTE,ds004504__EC,CN_vs_FTD,30,20,0.739249417220629,0.7344916164441945,0.7182973598096134,-0.01619425663458109,-0.020952057411015485,0.7374062968515742,0.7366666666666666,0.7233333333333333,-0.013333333333333341,-0.014072963518240883,0.4919891945700571,0.47974702931445606,0.46838333134211085,-0.011363697972345363,-0.02360586322794636,0.2223478188478186,0.2,0.5564444444444444
3,PSD_REGION_ABSOLUTE,ds006036__EO_or_photomark,AD_FTD_vs_CN,48,20,0.6895878367824292,0.7483935100257972,0.7304708838222223,-0.01792262620357505,0.040883047039792925,0.750175336060783,0.7552083333333333,0.7395833333333333,-0.015625000000000007,-0.01059200272744985,0.4782095374593268,0.5401635063939232,0.5140427368523032,-0.026120769541620036,0.035833199392976335,0.2934708902208901,0.2857142857142857,0.5091111111111113
3,PSD_REGION_ABSOLUTE,ds006036__EO_or_photomark,AD_vs_CN,36,20,0.7406512791172641,0.7382365541614521,0.6977605940707312,-0.04047596009072062,-0.04289068504653305,0.7632183908045979,0.7486111111111111,0.7097222222222221,-0.0388888888888889,-0.053496168582375506,0.5512020459290409,0.5363254835892047,0.4567220910359266,-0.07960339255327813,-0.09447995489311418,0.31818928293928284,0.2727272727272727,0.6055555555555554
3,PSD_REGION_ABSOLUTE,ds006036__EO_or_photomark,CN_vs_FTD,30,20,0.6971671013639449,0.7088837824792531,0.7257258393839277,0.016842056904674652,0.028558738019982755,0.7003373313343327,0.7166666666666668,0.7316666666666667,0.015000000000000003,0.03132933533233385,0.4580854129548431,0.45656462348544646,0.4827044214529465,0.02613979796749989,0.02461900849810329,0.4016487401487401,0.38461538461538464,0.6424444444444443
4,PSD_ABSOLUTE_CHANNEL_BAND,ds004504__EC,AD_FTD_vs_CN,50,20,0.7514211727263497,0.7616941840532625,0.7541323379445484,-0.0075618461087141155,0.002711165218198608,0.7847749853886616,0.7630000000000001,0.759,-0.004000000000000009,-0.025774985388661582,0.5373508102617003,0.5322981761068432,0.5397750128306109,0.007476836723767641,0.0024242025689106576,0.15553038464803165,0.14583333333333331,0.3377777777777776
4,PSD_ABSOLUTE_CHANNEL_BAND,ds004504__EC,AD_vs_CN,36,20,0.7836115951114164,0.7591688372542956,0.718886284397444,-0.040282552856851825,-0.06472531071397261,0.7911159003831418,0.7611111111111112,0.7222222222222223,-0.038888888888888896,-0.06889367816091954,0.5811321623428458,0.5297832946783507,0.4553993000609241,-0.07438399461742663,-0.12573286228192165,0.17894824293353698,0.16666666666666666,0.35111111111111093
4,PSD_ABSOLUTE_CHANNEL_BAND,ds004504__EC,CN_vs_FTD,30,20,0.7508459355660262,0.7447420586375186,0.76929810453995,0.02455604590243159,0.01845216897392387,0.7482383808095953,0.7483333333333333,0.7716666666666667,0.023333333333333338,0.023428285857071452,0.5330553015141499,0.5114057387141152,0.5549147290904968,0.04350899037638165,0.02185942757634693,0.1270524410230292,0.125,0.2713333333333331
4,PSD_ABSOLUTE_CHANNEL_BAND,ds006036__EO_or_photomark,AD_FTD_vs_CN,50,20,0.7616482251411292,0.7751259893790556,0.7667290888963777,-0.008396900482678044,0.005080863755248466,0.7755260081823494,0.776,0.767,-0.009000000000000013,-0.008526008182349503,0.5312714262543523,0.5562106187200213,0.5352928892462467,-0.02091772947377452,0.0040214629918946835,0.26113270879447337,0.2727272727272727,0.5075555555555554
4,PSD_ABSOLUTE_CHANNEL_BAND,ds006036__EO_or_photomark,AD_vs_CN,36,20,0.7626391212349524,0.7719101982259875,0.7939073114731008,0.021997113247113266,0.031268190238148696,0.7656848659003832,0.7722222222222224,0.7944444444444445,0.02222222222222221,0.02875957854406131,0.5292697177533573,0.545683000943631,0.5917437507794762,0.046060749835845294,0.0624740330261188,0.16660055467408405,0.15476190476190477,0.3493333333333331
4,PSD_ABSOLUTE_CHANNEL_BAND,ds006036__EO_or_photomark,CN_vs_FTD,30,20,0.8114509144347595,0.8176391468113524,0.8139323525635319,-0.003706794247820272,0.0024814381287721343,0.812031484257871,0.8183333333333336,0.8150000000000001,-0.0033333333333333435,0.002968515742128941,0.6266972756714023,0.6411145117133519,0.6362580247236982,-0.004856486989653902,0.009560749052295831,0.22896332262508723,0.2,0.512
4,PSD_REGION_ABSOLUTE,ds004504__EC,AD_FTD_vs_CN,50,20,0.7009026994926423,0.708953018590804,0.7843312369242086,0.07537821833340459,0.08342853743156638,0.7665546464056108,0.724,0.789,0.06500000000000003,0.02244535359438927,0.5118202181071633,0.5038996424284341,0.6006130867607524,0.0967134443323183,0.08879286865358911,0.3478738483738483,0.3333333333333333,0.6235555555555551
4,PSD_REGION_ABSOLUTE,ds004504__EC,AD_vs_CN,36,20,0.7652554122221629,0.71202992640799,0.7444291196104909,0.032399193202500544,-0.02082629261167232,0.7870929118773947,0.7277777777777776,0.7513888888888889,0.02361111111111112,-0.035704022988505765,0.5991327263043457,0.5111891561978531,0.5300913671774353,0.018902210979582258,-0.06904135912691034,0.3090713730713728,0.3333333333333333,0.6313333333333331
4,PSD_REGION_ABSOLUTE,ds004504__EC,CN_vs_FTD,30,20,0.739249417220629,0.7390616763401803,0.688263878884135,-0.050797797456045166,-0.05098553833649383,0.7374062968515742,0.7416666666666665,0.6933333333333332,-0.04833333333333331,-0.04407296351824087,0.4919891945700571,0.4915525255119032,0.39838902849282687,-0.09316349701907627,-0.09360016607723023,0.18349080494668726,0.14285714285714285,0.5037777777777779
4,PSD_REGION_ABSOLUTE,ds006036__EO_or_photomark,AD_FTD_vs_CN,50,20,0.6895878367824292,0.7443662952389636,0.6956289218877341,-0.04873737335122929,0.006041085105304961,0.750175336060783,0.7509999999999999,0.708,-0.04300000000000001,-0.04217533606078319,0.4782095374593268,0.529926160900984,0.44981076356816374,-0.08011539733282036,-0.02839877389116314,0.3446351703851704,0.2857142857142857,0.5779999999999997
4,PSD_REGION_ABSOLUTE,ds006036__EO_or_photomark,AD_vs_CN,36,20,0.7406512791172641,0.7764242986285791,0.8066479756150363,0.030223676986456817,0.0659966964977718,0.7632183908045979,0.7847222222222223,0.8125000000000002,0.027777777777777773,0.049281609195402296,0.5512020459290409,0.6107002207625483,0.6642104907769452,0.05351027001439675,0.11300844484790411,0.35108985458985464,0.3333333333333333,0.6424444444444442
4,PSD_REGION_ABSOLUTE,ds006036__EO_or_photomark,CN_vs_FTD,30,20,0.6971671013639449,0.7200602366273723,0.7267860650629192,0.006725828435547065,0.02961896369897442,0.7003373313343327,0.7283333333333335,0.7349999999999998,0.006666666666666615,0.03466266866566715,0.4580854129548431,0.48485142470384135,0.5013576781331694,0.016506253429328026,0.04327226517832622,0.3796616994116995,0.3333333333333333,0.6253333333333334
5,PSD_ABSOLUTE_CHANNEL_BAND,ds004504__EC,AD_FTD_vs_CN,48,20,0.7514211727263497,0.757821691742153,0.7285373986738956,-0.029284293068257715,-0.02288377405245437,0.7847749853886616,0.7593749999999999,0.7322916666666666,-0.027083333333333338,-0.05248331872199493,0.5373508102617003,0.5256905785980266,0.47865919600005424,-0.04703138259797223,-0.05869161426164603,0.19649739965916427,0.2,0.37955555555555565
5,PSD_ABSOLUTE_CHANNEL_BAND,ds004504__EC,AD_vs_CN,36,20,0.7836115951114164,0.754783936052271,0.7707310186809024,0.015947082628631353,-0.012880576430513874,0.7911159003831418,0.7569444444444444,0.7722222222222224,0.015277777777777779,-0.018893678160919546,0.5811321623428458,0.5221074089777495,0.5521961473606327,0.030088738382883173,-0.028936014982213022,0.2429560047795341,0.2,0.45888888888888885
5,PSD_ABSOLUTE_CHANNEL_BAND,ds004504__EC,CN_vs_FTD,30,20,0.7508459355660262,0.7462559314749209,0.6892040698206494,-0.05705186165427121,-0.06164186574537665,0.7482383808095953,0.7500000000000002,0.6916666666666667,-0.05833333333333333,-0.05657171414292851,0.5330553015141499,0.5154525040350336,0.3908083651004226,-0.12464413893461104,-0.14224693641372724,0.152490587843529,0.125,0.3288888888888886
5,PSD_ABSOLUTE_CHANNEL_BAND,ds006036__EO_or_photomark,AD_FTD_vs_CN,48,20,0.7616482251411292,0.7734502006603625,0.7678411216968876,-0.005609078963475017,0.006192896555758354,0.7755260081823494,0.7739583333333334,0.76875,-0.005208333333333326,-0.006776008182349513,0.5312714262543523,0.5502190201608937,0.5421523077183521,-0.008066712442541802,0.010880881463999912,0.24000515987280682,0.2,0.44888888888888884
5,PSD_ABSOLUTE_CHANNEL_BAND,ds006036__EO_or_photomark,AD_vs_CN,36,20,0.7626391212349524,0.7453669209861159,0.727905345013251,-0.017461575972864844,-0.03473377622170108,0.7656848659003832,0.7458333333333333,0.7305555555555554,-0.015277777777777756,-0.03512931034482756,0.5292697177533573,0.49330577902249895,0.46927904587147695,-0.024026733151021905,-0.05999067188188034,0.14767079815609224,0.13392857142857142,0.3144444444444443
5,PSD_ABSOLUTE_CHANNEL_BAND,ds006036__EO_or_photomark,CN_vs_FTD,30,20,0.8114509144347595,0.8673827963776807,0.8547970752468809,-0.012585721130799764,0.043346160812120976,0.812031484257871,0.8683333333333335,0.8550000000000001,-0.01333333333333333,0.04296851574212895,0.6266972756714023,0.7444466669357986,0.7119987436972859,-0.03244792323851259,0.0853014680258837,0.24523722519310734,0.2,0.5577777777777777
5,PSD_REGION_ABSOLUTE,ds004504__EC,AD_FTD_vs_CN,48,20,0.7009026994926423,0.7321116729820835,0.7785638721496061,0.046452199167522655,0.07766117265696393,0.7665546464056108,0.7437499999999999,0.78125,0.03749999999999999,0.014695353594389244,0.5118202181071633,0.5368635689281882,0.5760444317597166,0.03918086283152855,0.06422421365255351,0.3679799922299922,0.3333333333333333,0.6477777777777775
5,PSD_REGION_ABSOLUTE,ds004504__EC,AD_vs_CN,36,20,0.7652554122221629,0.7301507891249118,0.7577118877551546,0.027561098630242854,-0.007543524467008322,0.7870929118773947,0.7430555555555556,0.7597222222222222,0.016666666666666663,-0.027370689655172437,0.5991327263043457,0.5362020448943483,0.5293983406284366,-0.006803704265911689,-0.06973438567590902,0.3600356310356311,0.3333333333333333,0.7042222222222222
5,PSD_REGION_ABSOLUTE,ds004504__EC,CN_vs_FTD,30,20,0.739249417220629,0.7296742437448942,0.7198742015176902,-0.009800042227204103,-0.019375215702938837,0.7374062968515742,0.7316666666666667,0.725,-0.006666666666666654,-0.012406296851574194,0.4919891945700571,0.4687061710560462,0.46775884881221313,-0.0009473222438330959,-0.024230345757843986,0.255922827172827,0.2,0.538
5,PSD_REGION_ABSOLUTE,ds006036__EO_or_photomark,AD_FTD_vs_CN,48,20,0.6895878367824292,0.7293819608135433,0.7298314001447157,0.0004494393311722078,0.04024356336228627,0.750175336060783,0.7375,0.7354166666666667,-0.0020833333333333147,-0.014758669394116502,0.4782095374593268,0.5048980199444284,0.4904712442889162,-0.014426775655512345,0.01226170682958926,0.35498207348207345,0.2857142857142857,0.5995555555555552
5,PSD_REGION_ABSOLUTE,ds006036__EO_or_photomark,AD_vs_CN,36,20,0.7406512791172641,0.7425460545777828,0.7529642582006344,0.010418203622851951,0.012312979083370229,0.7632183908045979,0.7527777777777779,0.759722222222222,0.006944444444444442,-0.0034961685823754864,0.5512020459290409,0.5465145425923378,0.5470313375588947,0.0005167949665568661,-0.004170708370146156,0.2922661227661227,0.2727272727272727,0.5677777777777775
5,PSD_REGION_ABSOLUTE,ds006036__EO_or_photomark,CN_vs_FTD,30,20,0.6971671013639449,0.738700306986954,0.7291328053783277,-0.00956750160862659,0.03196570401438247,0.7003373313343327,0.7483333333333333,0.7316666666666667,-0.016666666666666646,0.03132933533233383,0.4580854129548431,0.5344225949131686,0.47175001740652167,-0.06267257750664695,0.01366460445167846,0.3222610445110445,0.2857142857142857,0.5766666666666665
6,PSD_ABSOLUTE_CHANNEL_BAND,ds004504__EC,AD_FTD_vs_CN,48,20,0.7514211727263497,0.7899399857674096,0.7682432290342158,-0.02169675673319396,0.016822056307866096,0.7847749853886616,0.790625,0.76875,-0.021874999999999978,-0.016024985388661577,0.5373508102617003,0.5848969305707731,0.5398519878266417,-0.045044942744131344,0.00250117756494144,0.1872519931049342,0.2,0.3442222222222221
6,PSD_ABSOLUTE_CHANNEL_BAND,ds004504__EC,AD_vs_CN,36,20,0.7836115951114164,0.7760736340093299,0.7606791299538089,-0.015394504055520758,-0.022932465157607322,0.7911159003831418,0.7791666666666666,0.7625000000000001,-0.016666666666666663,-0.02861590038314175,0.5811321623428458,0.572209285306354,0.5323907860680691,-0.039818499238284843,-0.04874137627477645,0.2245581803817097,0.2,0.4459999999999999
6,PSD_ABSOLUTE_CHANNEL_BAND,ds004504__EC,CN_vs_FTD,30,20,0.7508459355660262,0.7510900985333526,0.651479166167302,-0.09961093236605052,-0.09936676939872417,0.7482383808095953,0.7550000000000001,0.6566666666666665,-0.09833333333333336,-0.09157171414292854,0.5330553015141499,0.5270241155299532,0.32219235574288363,-0.20483175978706963,-0.2108629457712663,0.1507706215353274,0.125,0.2911111111111109
6,PSD_ABSOLUTE_CHANNEL_BAND,ds006036__EO_or_photomark,AD_FTD_vs_CN,48,20,0.7616482251411292,0.7905917301194023,0.769306153798109,-0.02128557632129337,0.0076579286569798954,0.7755260081823494,0.7916666666666665,0.771875,-0.019791666666666662,-0.0036510081823494965,0.5312714262543523,0.5895734133666702,0.5565642372227524,-0.033009176143917865,0.02529281096840036,0.22396394128747055,0.2,0.4391111111111111
6,PSD_ABSOLUTE_CHANNEL_BAND,ds006036__EO_or_photomark,AD_vs_CN,36,20,0.7626391212349524,0.8275345935407854,0.8479133825921753,0.02037878905138968,0.08527426135722294,0.7656848659003832,0.8277777777777778,0.8486111111111112,0.020833333333333315,0.08292624521072797,0.5292697177533573,0.6570715287464896,0.7038125637149842,0.04674103496849478,0.17454284596162675,0.13359837058366458,0.1111111111111111,0.32333333333333314
6,PSD_ABSOLUTE_CHANNEL_BAND,ds006036__EO_or_photomark,CN_vs_FTD,30,20,0.8114509144347595,0.8109329882796933,0.7723823088005719,-0.038550679479121226,-0.03906860563418792,0.812031484257871,0.8116666666666669,0.7733333333333337,-0.03833333333333333,-0.038698150924537725,0.6266972756714023,0.6277482445575322,0.5512746072775239,-0.07647363728000844,-0.07542266839387832,0.19755225330225323,0.2,0.45
6,PSD_REGION_ABSOLUTE,ds004504__EC,AD_FTD_vs_CN,48,20,0.7009026994926423,0.7468123682449235,0.7374643137620133,-0.00934805448291029,0.0365616142693711,0.7665546464056108,0.7562499999999999,0.7447916666666667,-0.011458333333333353,-0.021762979738944095,0.5118202181071633,0.5563289435739301,0.5183970669547773,-0.037931876619152885,0.006576848847614109,0.5388180153180157,0.5,0.7873333333333331
6,PSD_REGION_ABSOLUTE,ds004504__EC,AD_vs_CN,36,20,0.7652554122221629,0.71248349938885,0.7504394447781042,0.037955945389254064,-0.014815967444058881,0.7870929118773947,0.7333333333333333,0.7541666666666667,0.02083333333333335,-0.03292624521072798,0.5991327263043457,0.5454475247166858,0.5235632515399731,-0.02188427317671255,-0.07556947476437242,0.22418733064321286,0.2,0.4724444444444443
6,PSD_REGION_ABSOLUTE,ds004504__EC,CN_vs_FTD,30,20,0.739249417220629,0.7524980932417507,0.7604403396045541,0.007942246362803523,0.02119092238392506,0.7374062968515742,0.7550000000000001,0.7633333333333335,0.008333333333333342,0.025927036481759126,0.4919891945700571,0.5182165748270741,0.5395082314724073,0.021291656645333244,0.04751903690235021,0.21427935952935934,0.2,0.5124444444444446
6,PSD_REGION_ABSOLUTE,ds006036__EO_or_photomark,AD_FTD_vs_CN,48,20,0.6895878367824292,0.7540548716810326,0.7537793798302346,-0.0002754918507978932,0.06419154304780544,0.750175336060783,0.7604166666666667,0.7562499999999999,-0.004166666666666629,0.006074663939216835,0.4782095374593268,0.549017282546153,0.5247162700413556,-0.024301012504797333,0.04650673258202882,0.3406870351870351,0.2792207792207792,0.5948888888888887
6,PSD_REGION_ABSOLUTE,ds006036__EO_or_photomark,AD_vs_CN,36,20,0.7406512791172641,0.7953485494333365,0.8010524301105791,0.005703880677242384,0.06040115099331474,0.7632183908045979,0.8027777777777777,0.8055555555555556,0.002777777777777779,0.04233716475095785,0.5512020459290409,0.6473993357207053,0.6321339822899705,-0.015265353430734794,0.0809319363609298,0.24677550227550213,0.25,0.5731111111111111
6,PSD_REGION_ABSOLUTE,ds006036__EO_or_photomark,CN_vs_FTD,30,20,0.6971671013639449,0.7104606369972842,0.7168182599182702,0.006357622920986211,0.019651158554325317,0.7003373313343327,0.7183333333333335,0.7233333333333334,0.004999999999999999,0.022996001999000516,0.4580854129548431,0.4603622151975659,0.4658724456062842,0.005510230408718059,0.007787032651440926,0.346982664394429,0.2857142857142857,0.5304444444444443
7,PSD_ABSOLUTE_CHANNEL_BAND,ds004504__EC,AD_FTD_vs_CN,46,20,0.7514211727263497,0.8268721044051841,0.7833564589031476,-0.04351564550203644,0.03193528617679791,0.7847749853886616,0.8271739130434781,0.783695652173913,-0.0434782608695652,-0.0010793332147485402,0.5373508102617003,0.6561426811085703,0.5691412688182526,-0.08700141229031769,0.03179045855655236,0.1662104349898467,0.16666666666666666,0.36177777777777753
7,PSD_ABSOLUTE_CHANNEL_BAND,ds004504__EC,AD_vs_CN,36,20,0.7836115951114164,0.7562525584866236,0.7403946442906982,-0.015857914195925443,-0.043216950820718164,0.7911159003831418,0.7583333333333333,0.7444444444444444,-0.013888888888888878,-0.0466714559386973,0.5811321623428458,0.5244582752612451,0.5028216281983477,-0.021636647062897283,-0.07831053414449797,0.25821566342154556,0.2727272727272727,0.5051111111111112
7,PSD_ABSOLUTE_CHANNEL_BAND,ds004504__EC,CN_vs_FTD,30,20,0.7508459355660262,0.7478797595378479,0.7673728091468391,0.019493049608991307,0.016526873580812933,0.7482383808095953,0.7516666666666667,0.7716666666666668,0.01999999999999999,0.02342828585707147,0.5330553015141499,0.5189514586814727,0.5641489821731944,0.04519752349172156,0.03109368065904447,0.15776611950141356,0.16666666666666666,0.3535555555555554
7,PSD_ABSOLUTE_CHANNEL_BAND,ds006036__EO_or_photomark,AD_FTD_vs_CN,46,20,0.7616482251411292,0.7931474359414854,0.7606337184145893,-0.03251371752689627,-0.00101450672653991,0.7755260081823494,0.7934782608695653,0.7608695652173914,-0.032608695652173926,-0.014656442964958216,0.5312714262543523,0.5886781353093229,0.5228864446895629,-0.06579169061975991,-0.008384981564789267,0.21397557834322534,0.2,0.40466666666666656
7,PSD_ABSOLUTE_CHANNEL_BAND,ds006036__EO_or_photomark,AD_vs_CN,36,20,0.7626391212349524,0.7996749255263188,0.8302497462559384,0.03057482072961949,0.06761062502098597,0.7656848659003832,0.7999999999999999,0.8305555555555557,0.030555555555555548,0.06487068965517243,0.5292697177533573,0.6018145223229542,0.6630046617327933,0.061190139409839216,0.13373494397943597,0.1983659020717844,0.16666666666666666,0.42355555555555563
7,PSD_ABSOLUTE_CHANNEL_BAND,ds006036__EO_or_photomark,CN_vs_FTD,30,20,0.8114509144347595,0.8375945699757494,0.7787933591302613,-0.05880121084548799,-0.032657555304498424,0.812031484257871,0.8383333333333336,0.7800000000000001,-0.05833333333333336,-0.03203148425787107,0.6266972756714023,0.6817521763797096,0.5664708749891889,-0.11528130139052084,-0.0602264006822133,0.22553049728049718,0.2,0.47755555555555573
7,PSD_REGION_ABSOLUTE,ds004504__EC,AD_FTD_vs_CN,46,20,0.7009026994926423,0.7618528616252052,0.8212164392132489,0.059363577588043816,0.1203137397206068,0.7665546464056108,0.7695652173913043,0.8228260869565217,0.05326086956521738,0.056271440550910976,0.5118202181071633,0.5791156597071445,0.6572862355402411,0.07817057583309674,0.14546601743307805,0.4253320013320016,0.3666666666666667,0.6924444444444441
7,PSD_REGION_ABSOLUTE,ds004504__EC,AD_vs_CN,36,20,0.7652554122221629,0.7071429955808546,0.6938748468074906,-0.013268148773364307,-0.07138056541467255,0.7870929118773947,0.7236111111111111,0.7069444444444443,-0.016666666666666673,-0.08014846743295022,0.5991327263043457,0.5041357445904369,0.4531045233359253,-0.051031221254511414,-0.14602820296842026,0.3756016761016763,0.3333333333333333,0.7140000000000001
7,PSD_REGION_ABSOLUTE,ds004504__EC,CN_vs_FTD,30,20,0.739249417220629,0.7230862400854916,0.7259171737418221,0.0028309336563303532,-0.013332243478806821,0.7374062968515742,0.725,0.7316666666666667,0.006666666666666665,-0.005739630184907541,0.4919891945700571,0.45477527021964204,0.4851818259494995,0.03040655572985753,-0.006807368620557594,0.25450327450327437,0.2,0.5631111111111112
7,PSD_REGION_ABSOLUTE,ds006036__EO_or_photomark,AD_FTD_vs_CN,46,20,0.6895878367824292,0.7416897998104554,0.7263132490029859,-0.01537655080746927,0.03672541222055667,0.750175336060783,0.7499999999999999,0.733695652173913,-0.016304347826086973,-0.016479683886870145,0.4782095374593268,0.535475829656994,0.4948667239341833,-0.04060910572281072,0.0166571864748565,0.30582239982239967,0.2727272727272727,0.5404444444444443
7,PSD_REGION_ABSOLUTE,ds006036__EO_or_photomark,AD_vs_CN,36,20,0.7406512791172641,0.7840968449846418,0.8027479672593302,0.018651122274688247,0.062096688142065884,0.7632183908045979,0.7916666666666667,0.8083333333333332,0.016666666666666653,0.045114942528735616,0.5512020459290409,0.6219310164488832,0.6485069540969868,0.026575937648103704,0.097304908167946,0.3862489732489733,0.39230769230769236,0.6913333333333332
7,PSD_REGION_ABSOLUTE,ds006036__EO_or_photomark,CN_vs_FTD,30,20,0.6971671013639449,0.7216348972608565,0.7296517249046011,0.008016827643744711,0.032484623540656225,0.7003373313343327,0.7300000000000002,0.7350000000000001,0.004999999999999965,0.034662668665667154,0.4580854129548431,0.4889256897159907,0.4897688088855852,0.0008431191695945639,0.031683395930742035,0.33326817626817623,0.2857142857142857,0.5493333333333331
8,PSD_ABSOLUTE_CHANNEL_BAND,ds004504__EC,AD_FTD_vs_CN,46,20,0.7514211727263497,0.7385545802551603,0.7143520549643841,-0.024202525290776232,-0.037069117761965635,0.7847749853886616,0.741304347826087,0.7217391304347827,-0.019565217391304363,-0.063035854953879,0.5373508102617003,0.493568032348677,0.4691464198122436,-0.02442161253643339,-0.06820439044945664,0.14253967764261868,0.125,0.26688888888888856
8,PSD_ABSOLUTE_CHANNEL_BAND,ds004504__EC,AD_vs_CN,36,20,0.7836115951114164,0.8092408958662827,0.8150424617452481,0.0058015658789652425,0.03143086663383168,0.7911159003831418,0.8097222222222223,0.8152777777777779,0.005555555555555586,0.024161877394636034,0.5811321623428458,0.6221161061566407,0.632019837313188,0.00990373115654758,0.05088767497034239,0.18303031935384872,0.16666666666666666,0.371111111111111
8,PSD_ABSOLUTE_CHANNEL_BAND,ds004504__EC,CN_vs_FTD,30,20,0.7508459355660262,0.7493438836370416,0.679626094963263,-0.06971778867377879,-0.07121984060276329,0.7482383808095953,0.7533333333333333,0.6833333333333332,-0.06999999999999999,-0.06490504747626187,0.5330553015141499,0.5246671083572435,0.37598040253149456,-0.1486867058257489,-0.15707489898265534,0.16428385013679134,0.16666666666666666,0.3568888888888887
8,PSD_ABSOLUTE_CHANNEL_BAND,ds006036__EO_or_photomark,AD_FTD_vs_CN,46,20,0.7616482251411292,0.7665272741496845,0.7448715464429334,-0.021655727706751206,-0.016776678698195713,0.7755260081823494,0.7673913043478259,0.7456521739130435,-0.02173913043478263,-0.029873834269306048,0.5312714262543523,0.5388078481181352,0.4944043839031821,-0.044403464214953205,-0.0368670423511702,0.23641812762400988,0.2,0.4817777777777777
8,PSD_ABSOLUTE_CHANNEL_BAND,ds006036__EO_or_photomark,AD_vs_CN,36,20,0.7626391212349524,0.7353438519005469,0.8066488081967957,0.07130495629624888,0.04400968696184356,0.7656848659003832,0.7361111111111112,0.8069444444444445,0.07083333333333335,0.041259578544061336,0.5292697177533573,0.47463438566196403,0.6157391192063673,0.1411047335444033,0.08646940145300995,0.11141818965348374,0.09090909090909091,0.26399999999999973
8,PSD_ABSOLUTE_CHANNEL_BAND,ds006036__EO_or_photomark,CN_vs_FTD,30,20,0.8114509144347595,0.8309683872375672,0.7795348294976352,-0.051433557739931655,-0.03191608493712427,0.812031484257871,0.831666666666667,0.78,-0.051666666666666694,-0.03203148425787108,0.6266972756714023,0.6679192357515257,0.5626354245541056,-0.1052838111974201,-0.06406185111729656,0.21358617199793656,0.2,0.4524444444444446
8,PSD_REGION_ABSOLUTE,ds004504__EC,AD_FTD_vs_CN,46,20,0.7009026994926423,0.7054265231034348,0.781976924783128,0.0765504016796933,0.08107422529048584,0.7665546464056108,0.7217391304347827,0.7869565217391304,0.06521739130434784,0.02040187533351969,0.5118202181071633,0.501380174194858,0.600164182587714,0.09878400839285581,0.08834396448055062,0.33314368964368946,0.3333333333333333,0.5839999999999997
8,PSD_REGION_ABSOLUTE,ds004504__EC,AD_vs_CN,36,20,0.7652554122221629,0.7541874646216142,0.7332223479477056,-0.02096511667390838,-0.03203306427445722,0.7870929118773947,0.7638888888888888,0.7361111111111113,-0.02777777777777779,-0.050981800766283544,0.5991327263043457,0.5706858994701399,0.48060848338357437,-0.0900774160865655,-0.11852424292077117,0.3531811521811521,0.3333333333333333,0.6555555555555554
8,PSD_REGION_ABSOLUTE,ds004504__EC,CN_vs_FTD,30,20,0.739249417220629,0.7292961620068372,0.7245974159282983,-0.00469874607853894,-0.014652001292330574,0.7374062968515742,0.7316666666666666,0.7300000000000001,-0.0016666666666666496,-0.0074062968515742015,0.4919891945700571,0.4703629803432327,0.48173653567187114,0.011373555328638516,-0.010252658898185957,0.257421717171717,0.2,0.5464444444444446
8,PSD_REGION_ABSOLUTE,ds006036__EO_or_photomark,AD_FTD_vs_CN,46,20,0.6895878367824292,0.7488669077458063,0.738403794451235,-0.010463113294571263,0.04881595766880583,0.750175336060783,0.7554347826086957,0.7445652173913044,-0.010869565217391302,-0.005610118669478842,0.4782095374593268,0.5389677360834265,0.5140898640420436,-0.024877872041382774,0.03588032658271693,0.34020551670551674,0.2857142857142857,0.5806666666666662
8,PSD_REGION_ABSOLUTE,ds006036__EO_or_photomark,AD_vs_CN,36,20,0.7406512791172641,0.7651332032681148,0.7278479070869222,-0.037285296181192765,-0.012803372030342102,0.7632183908045979,0.7722222222222221,0.7347222222222222,-0.03750000000000001,-0.02849616858237549,0.5512020459290409,0.5770636127384563,0.49317930710039565,-0.08388430563806067,-0.05802273882864521,0.3988866133866133,0.4,0.6402222222222222
8,PSD_REGION_ABSOLUTE,ds006036__EO_or_photomark,CN_vs_FTD,30,20,0.6971671013639449,0.7402836403202874,0.7197375597740134,-0.020546080546274027,0.022570458410068363,0.7003373313343327,0.7499999999999998,0.7283333333333333,-0.021666666666666667,0.02799600199900048,0.4580854129548431,0.5388710072011056,0.48753479625689594,-0.05133621094420955,0.029449383302052823,0.39298939948939937,0.3333333333333333,0.6084444444444445
9,PSD_ABSOLUTE_CHANNEL_BAND,ds004504__EC,AD_FTD_vs_CN,50,20,0.7514211727263497,0.7719418351120175,0.7395034808476117,-0.0324383542644058,-0.011917691878738118,0.7847749853886616,0.7729999999999999,0.7459999999999998,-0.027000000000000024,-0.038774985388661594,0.5373508102617003,0.5513262183832491,0.5152111703778992,-0.03611504800534983,-0.02213963988380096,0.18017149027443138,0.16666666666666666,0.34488888888888874
9,PSD_ABSOLUTE_CHANNEL_BAND,ds004504__EC,AD_vs_CN,36,20,0.7836115951114164,0.7535076569801122,0.7167200181790825,-0.03678763880102975,-0.0668915769323339,0.7911159003831418,0.7555555555555554,0.7208333333333333,-0.03472222222222223,-0.07028256704980844,0.5811321623428458,0.5191882185507637,0.4553587489133585,-0.06382946963740524,-0.12577341342948728,0.23718498168498162,0.2,0.46955555555555556
9,PSD_ABSOLUTE_CHANNEL_BAND,ds004504__EC,CN_vs_FTD,30,20,0.7508459355660262,0.7510900985333526,0.6978549086993764,-0.05323518983397609,-0.05299102686664978,0.7482383808095953,0.7550000000000001,0.7016666666666665,-0.053333333333333344,-0.04657171414292853,0.5330553015141499,0.5270241155299532,0.4128358194139777,-0.11418829611597556,-0.12021948210017228,0.14076047481929832,0.125,0.29533333333333306
9,PSD_ABSOLUTE_CHANNEL_BAND,ds006036__EO_or_photomark,AD_FTD_vs_CN,50,20,0.7616482251411292,0.7737297642183204,0.7566329052944093,-0.017096858923911124,-0.0050153198467196795,0.7755260081823494,0.7739999999999999,0.7569999999999999,-0.017000000000000008,-0.0185260081823495,0.5312714262543523,0.5492506927965997,0.5155496999068128,-0.033700992889786736,-0.015721726347539235,0.19562532728709198,0.2,0.4002222222222223
9,PSD_ABSOLUTE_CHANNEL_BAND,ds006036__EO_or_photomark,AD_vs_CN,36,20,0.7626391212349524,0.7634793190985141,0.8118840747594618,0.048404755660947624,0.04924495352450951,0.7656848659003832,0.763888888888889,0.8125,0.048611111111111105,0.046815134099616865,0.5292697177533573,0.5292579143575763,0.6284012146197098,0.09914330026213361,0.09913149686635248,0.16298540022069424,0.16666666666666666,0.33933333333333304
9,PSD_ABSOLUTE_CHANNEL_BAND,ds006036__EO_or_photomark,CN_vs_FTD,30,20,0.8114509144347595,0.8409979480009296,0.8313109746024793,-0.009686973398450205,0.019860060167719414,0.812031484257871,0.841666666666667,0.8316666666666668,-0.009999999999999992,0.01963518240879562,0.6266972756714023,0.6880509451601199,0.6656189588026478,-0.022431986357472147,0.03892168313124568,0.22650979575979563,0.2,0.49844444444444447
9,PSD_REGION_ABSOLUTE,ds004504__EC,AD_FTD_vs_CN,50,20,0.7009026994926423,0.7350327921950467,0.8108026710240457,0.07576987882899902,0.10989997153140359,0.7665546464056108,0.746,0.8140000000000001,0.06800000000000003,0.047445353594389277,0.5118202181071633,0.5401049477239513,0.6500759682883679,0.10997102056441681,0.1382557501812049,0.46368598068598127,0.4642857142857143,0.7715555555555553
9,PSD_REGION_ABSOLUTE,ds004504__EC,AD_vs_CN,36,20,0.7652554122221629,0.7024394550393028,0.6946283954532445,-0.007811059586058405,-0.07062701676891843,0.7870929118773947,0.7194444444444443,0.7055555555555556,-0.013888888888888885,-0.0815373563218391,0.5991327263043457,0.49736641368293366,0.4432655218064592,-0.05410089187647447,-0.15586720449788644,0.35434898434898443,0.3333333333333333,0.6468888888888885
9,PSD_REGION_ABSOLUTE,ds004504__EC,CN_vs_FTD,30,20,0.739249417220629,0.7459913349131149,0.746696880296919,0.000705545383804168,0.007447463076290123,0.7374062968515742,0.7483333333333335,0.7516666666666667,0.003333333333333355,0.014260369815092478,0.4919891945700571,0.5038903968981432,0.5250014816444821,0.021111084746338937,0.033012287074425085,0.23877605727605716,0.2,0.5553333333333335
9,PSD_REGION_ABSOLUTE,ds006036__EO_or_photomark,AD_FTD_vs_CN,50,20,0.6895878367824292,0.7190321532345619,0.7181538823648829,-0.0008782708696791763,0.028566045582453597,0.750175336060783,0.7310000000000001,0.726,-0.004999999999999999,-0.024175336060783186,0.4782095374593268,0.5054251981417668,0.4787971709584859,-0.0266280271832809,0.0005876334991591348,0.32590598290598277,0.2727272727272727,0.5699999999999998
9,PSD_REGION_ABSOLUTE,ds006036__EO_or_photomark,AD_vs_CN,36,20,0.7406512791172641,0.7500764872589627,0.7495679295386981,-0.000508557720264502,0.008916650421433798,0.7632183908045979,0.7611111111111111,0.7583333333333332,-0.00277777777777779,-0.004885057471264382,0.5512020459290409,0.5679585132751421,0.5535688314274109,-0.01438968184773135,0.002366785498370008,0.3180387390387391,0.2727272727272727,0.5979999999999999
9,PSD_REGION_ABSOLUTE,ds006036__EO_or_photomark,CN_vs_FTD,30,20,0.6971671013639449,0.7275401412153333,0.7156889999583405,-0.011851141256992747,0.018521898594395465,0.7003373313343327,0.7366666666666666,0.72,-0.016666666666666673,0.019662668665667148,0.4580854129548431,0.5059078285975637,0.4521844559860394,-0.053723372611524364,-0.005900956968803791,0.37869100344100354,0.3333333333333333,0.6108888888888888
10,PSD_ABSOLUTE_CHANNEL_BAND,ds004504__EC,AD_FTD_vs_CN,50,20,0.7514211727263497,0.810497881266321,0.8183156537713403,0.007817772505019121,0.06689448104499045,0.7847749853886616,0.8110000000000002,0.8190000000000002,0.007999999999999997,0.034225014611338436,0.5373508102617003,0.6245773296105332,0.6424590076874643,0.017881678076931126,0.10510819742576419,0.20701591708944633,0.2,0.4002222222222221
10,PSD_ABSOLUTE_CHANNEL_BAND,ds004504__EC,AD_vs_CN,36,20,0.7836115951114164,0.8008528267729119,0.7983089597021483,-0.002543867070763367,0.01469736459073212,0.7911159003831418,0.8013888888888887,0.7986111111111112,-0.00277777777777779,0.007495210727969348,0.5811321623428458,0.6052391406762351,0.599045688603072,-0.0061934520731632085,0.017913526260226208,0.17837287385816786,0.15476190476190477,0.3886666666666667
10,PSD_ABSOLUTE_CHANNEL_BAND,ds004504__EC,CN_vs_FTD,30,20,0.7508459355660262,0.7462559314749209,0.688605419645272,-0.05765051182964882,-0.06224051592075426,0.7482383808095953,0.7500000000000002,0.6916666666666664,-0.05833333333333335,-0.05657171414292853,0.5330553015141499,0.5154525040350336,0.3904904162688487,-0.12496208776618509,-0.14256488524530128,0.13350717419835062,0.125,0.28022222222222193
10,PSD_ABSOLUTE_CHANNEL_BAND,ds006036__EO_or_photomark,AD_FTD_vs_CN,50,20,0.7616482251411292,0.7596626911316113,0.7285634657596599,-0.031099225371951443,-0.03308475938146923,0.7755260081823494,0.7599999999999999,0.7289999999999999,-0.03100000000000002,-0.046526008182349525,0.5312714262543523,0.5214734308990743,0.45951944806509315,-0.061953982833981125,-0.07175197818925903,0.2615130425130424,0.2727272727272727,0.4713333333333335
10,PSD_ABSOLUTE_CHANNEL_BAND,ds006036__EO_or_photomark,AD_vs_CN,36,20,0.7626391212349524,0.7367423932990883,0.7308714385146273,-0.005870954784461008,-0.031767682720324916,0.7656848659003832,0.7375,0.7333333333333333,-0.004166666666666657,-0.032351532567049784,0.5292697177533573,0.47737349365638215,0.4741109003594053,-0.003262593296976926,-0.055158817393952043,0.14342873629638336,0.125,0.3099999999999998
10,PSD_ABSOLUTE_CHANNEL_BAND,ds006036__EO_or_photomark,CN_vs_FTD,30,20,0.8114509144347595,0.8458991785672824,0.8159854722181533,-0.029913706349128884,0.004534557783393478,0.812031484257871,0.8466666666666669,0.8166666666666667,-0.03000000000000001,0.0046351824087956075,0.6266972756714023,0.6987375345659551,0.6371829892432824,-0.06155454532267266,0.010485713571880217,0.2574563296180941,0.2727272727272727,0.5768888888888891
10,PSD_REGION_ABSOLUTE,ds004504__EC,AD_FTD_vs_CN,50,20,0.7009026994926423,0.7862746936559724,0.8787617470681461,0.0924870534121737,0.17785904757550391,0.7665546464056108,0.792,0.8789999999999999,0.087,0.11244535359438927,0.5118202181071633,0.6172395817101254,0.7603987919276947,0.14315921021756903,0.24857857382053136,0.3545707625707625,0.3333333333333333,0.6002222222222221
10,PSD_REGION_ABSOLUTE,ds004504__EC,AD_vs_CN,36,20,0.7652554122221629,0.7605183527080464,0.7562715897003821,-0.004246763007664178,-0.00898382252178071,0.7870929118773947,0.7694444444444446,0.7583333333333334,-0.011111111111111132,-0.028759578544061325,0.5991327263043457,0.5812397225107621,0.5263839739609109,-0.05485574854985118,-0.0727487523434347,0.38867538017538017,0.4,0.6997777777777775
10,PSD_REGION_ABSOLUTE,ds004504__EC,CN_vs_FTD,30,20,0.739249417220629,0.7296742437448942,0.7097454752371626,-0.01992876850773146,-0.029503941983466193,0.7374062968515742,0.7316666666666667,0.7150000000000001,-0.016666666666666646,-0.022406296851574185,0.4919891945700571,0.4687061710560462,0.44795600394651575,-0.020750167109530364,-0.04403319062354126,0.24996381396381373,0.2,0.5633333333333336
10,PSD_REGION_ABSOLUTE,ds006036__EO_or_photomark,AD_FTD_vs_CN,50,20,0.6895878367824292,0.736214618314046,0.7919238345429489,0.05570921622890281,0.10233599776051956,0.750175336060783,0.7450000000000001,0.796,0.051000000000000045,0.04582466393921686,0.4782095374593268,0.5240333542867182,0.6157583630066024,0.09172500871988436,0.1375488255472756,0.3478694361194362,0.2857142857142857,0.5775555555555553
10,PSD_REGION_ABSOLUTE,ds006036__EO_or_photomark,AD_vs_CN,36,20,0.7406512791172641,0.7399855621135213,0.7124301865201874,-0.027555375593333608,-0.02822109259707683,0.7632183908045979,0.7500000000000001,0.7194444444444444,-0.03055555555555557,-0.043773946360153276,0.5512020459290409,0.538963776958119,0.46032256664922266,-0.07864121030889647,-0.0908794792798182,0.32015429015429014,0.2727272727272727,0.6122222222222221
10,PSD_REGION_ABSOLUTE,ds006036__EO_or_photomark,CN_vs_FTD,30,20,0.6971671013639449,0.7200602366273723,0.7386465399863719,0.018586303358999422,0.04147943862242678,0.7003373313343327,0.7283333333333335,0.7433333333333332,0.014999999999999968,0.0429960019990005,0.4580854129548431,0.48485142470384135,0.507168016824145,0.022316592120303624,0.049082603869301814,0.3579137806637806,0.2857142857142857,0.5826666666666663
11,PSD_ABSOLUTE_CHANNEL_BAND,ds004504__EC,AD_FTD_vs_CN,46,20,0.7514211727263497,0.8224449266436459,0.8466346042287339,0.024189677585088422,0.09521343150238452,0.7847749853886616,0.8228260869565217,0.8467391304347827,0.02391304347826086,0.06196414504612102,0.5373508102617003,0.6481057701984272,0.6943424719995747,0.04623670180114749,0.15699166173787435,0.1930029578264872,0.16666666666666666,0.4031111111111111
11,PSD_ABSOLUTE_CHANNEL_BAND,ds004504__EC,AD_vs_CN,36,20,0.7836115951114164,0.7627478239445645,0.7844713010303048,0.02172347708574011,0.0008597059188883594,0.7911159003831418,0.7652777777777777,0.7875,0.022222222222222216,-0.003615900383141779,0.5811321623428458,0.5408866689826193,0.5920564334452395,0.05116976446262028,0.010924271102393792,0.26315651015651004,0.2727272727272727,0.504
11,PSD_ABSOLUTE_CHANNEL_BAND,ds004504__EC,CN_vs_FTD,30,20,0.7508459355660262,0.7493438836370416,0.7242736373019285,-0.02507024633511314,-0.026572298264097627,0.7482383808095953,0.7533333333333333,0.7283333333333335,-0.024999999999999974,-0.019905047476261845,0.5330553015141499,0.5246671083572435,0.47075218603923374,-0.053914922318009685,-0.06230311547491611,0.15928619093324978,0.14285714285714285,0.3497777777777777
11,PSD_ABSOLUTE_CHANNEL_BAND,ds006036__EO_or_photomark,AD_FTD_vs_CN,46,20,0.7616482251411292,0.7548000916623293,0.7387574444030721,-0.016042647259257182,-0.022890780738056966,0.7755260081823494,0.7554347826086956,0.7391304347826086,-0.016304347826086946,-0.03639557339974082,0.5312714262543523,0.5134403266778218,0.479429151346823,-0.034011175330998934,-0.05184227490752935,0.26117476967476966,0.2727272727272727,0.49266666666666675
11,PSD_ABSOLUTE_CHANNEL_BAND,ds006036__EO_or_photomark,AD_vs_CN,36,20,0.7626391212349524,0.7453669209861159,0.720414714302098,-0.024952206684017837,-0.04222440693285408,0.7656848659003832,0.7458333333333333,0.7222222222222222,-0.02361111111111111,-0.04346264367816091,0.5292697177533573,0.49330577902249895,0.4499114164758512,-0.043394362546647705,-0.07935830127750616,0.1688494903789021,0.15476190476190477,0.3522222222222219
11,PSD_ABSOLUTE_CHANNEL_BAND,ds006036__EO_or_photomark,CN_vs_FTD,30,20,0.8114509144347595,0.8309683872375672,0.7830397697176757,-0.04792861751989129,-0.028411144717083902,0.812031484257871,0.831666666666667,0.7833333333333334,-0.04833333333333334,-0.02869815092453773,0.6266972756714023,0.6679192357515257,0.5681782328904565,-0.09974100286106923,-0.0585190427809457,0.20905294542059236,0.18333333333333335,0.44244444444444453
11,PSD_REGION_ABSOLUTE,ds004504__EC,AD_FTD_vs_CN,46,20,0.7009026994926423,0.7478694680365484,0.7772382024655531,0.029368734429004395,0.07633550297291067,0.7665546464056108,0.7576086956521739,0.7815217391304347,0.023913043478260888,0.014967092724824032,0.5118202181071633,0.5606758185288686,0.5844138173387006,0.023737998809832024,0.07259359923153735,0.35337695637695643,0.3333333333333333,0.5997777777777779
11,PSD_REGION_ABSOLUTE,ds004504__EC,AD_vs_CN,36,20,0.7652554122221629,0.7301507891249118,0.7535975069486648,0.023446717823753106,-0.011657905273498071,0.7870929118773947,0.7430555555555556,0.7569444444444444,0.01388888888888889,-0.03014846743295021,0.5991327263043457,0.5362020448943483,0.5262129007430281,-0.009989144151320212,-0.07291982556131753,0.3599044844044845,0.3333333333333333,0.6653333333333333
11,PSD_REGION_ABSOLUTE,ds004504__EC,CN_vs_FTD,30,20,0.739249417220629,0.7292961620068372,0.7237398128465651,-0.005556349160272122,-0.015509604374063757,0.7374062968515742,0.7316666666666666,0.7316666666666665,1.1102230246251566e-17,-0.005739630184907541,0.4919891945700571,0.4703629803432327,0.4948996160906297,0.02453663574739712,0.002910421520572651,0.27546953046953027,0.2,0.5573333333333335
11,PSD_REGION_ABSOLUTE,ds006036__EO_or_photomark,AD_FTD_vs_CN,46,20,0.6895878367824292,0.712156816416995,0.6903320021736601,-0.021824814243334968,0.000744165391230861,0.750175336060783,0.7228260869565217,0.7032608695652175,-0.01956521739130434,-0.046914466495565806,0.4782095374593268,0.48266013036741084,0.44375926585125863,-0.038900864516152156,-0.03445027160806812,0.35100727050727043,0.2857142857142857,0.5455555555555557
11,PSD_REGION_ABSOLUTE,ds006036__EO_or_photomark,AD_vs_CN,36,20,0.7406512791172641,0.7425460545777828,0.7602142737790188,0.017668219201236457,0.019562994661754735,0.7632183908045979,0.7527777777777779,0.7666666666666666,0.013888888888888905,0.003448275862068978,0.5512020459290409,0.5465145425923378,0.563095183087583,0.01658064049524533,0.011893137158542311,0.3060358530358529,0.2727272727272727,0.5782222222222217
11,PSD_REGION_ABSOLUTE,ds006036__EO_or_photomark,CN_vs_FTD,30,20,0.6971671013639449,0.7402836403202874,0.7196922951922405,-0.020591345128046813,0.022525193828295577,0.7003373313343327,0.7499999999999998,0.7266666666666665,-0.023333333333333327,0.02632933533233382,0.4580854129548431,0.5388710072011056,0.4778180542088675,-0.06105295299223808,0.01973264125402432,0.3726850094350094,0.3333333333333333,0.6066666666666666
12,PSD_ABSOLUTE_CHANNEL_BAND,ds004504__EC,AD_FTD_vs_CN,48,20,0.7514211727263497,0.7644658244577586,0.7440730087822691,-0.020392815675489413,-0.00734816394408046,0.7847749853886616,0.7656250000000001,0.7479166666666667,-0.017708333333333333,-0.03685831872199492,0.5373508102617003,0.5365541966003874,0.5129691077730929,-0.023585088827294674,-0.024381702488607358,0.17724690505572854,0.16666666666666666,0.3719999999999999
12,PSD_ABSOLUTE_CHANNEL_BAND,ds004504__EC,AD_vs_CN,36,20,0.7836115951114164,0.7803682713577457,0.8023710836119804,0.022002812254234637,0.018759488500563932,0.7911159003831418,0.7833333333333333,0.8041666666666668,0.020833333333333325,0.013050766283524895,0.5811321623428458,0.5807308123964623,0.618754845277241,0.038024032880778796,0.03762268293439534,0.25923902894491113,0.2727272727272727,0.4857777777777779
12,PSD_ABSOLUTE_CHANNEL_BAND,ds004504__EC,CN_vs_FTD,30,20,0.7508459355660262,0.7542005563335489,0.7006091045583798,-0.05359145177516918,-0.05023683100764664,0.7482383808095953,0.7583333333333335,0.7066666666666667,-0.05166666666666667,-0.041571714142928526,0.5330553015141499,0.5355504030221898,0.4293349903446617,-0.1062154126775281,-0.10372031116948828,0.15798130627542384,0.125,0.3111111111111108
12,PSD_ABSOLUTE_CHANNEL_BAND,ds006036__EO_or_photomark,AD_FTD_vs_CN,48,20,0.7616482251411292,0.7599099194538311,0.7371319832897699,-0.022777936164061284,-0.024516241851359265,0.7755260081823494,0.7604166666666667,0.7375,-0.022916666666666686,-0.03802600818234953,0.5312714262543523,0.5230090120639352,0.47631920863529204,-0.04668980342864314,-0.05495221761906004,0.23678257690022397,0.2,0.46355555555555583
12,PSD_ABSOLUTE_CHANNEL_BAND,ds006036__EO_or_photomark,AD_vs_CN,36,20,0.7626391212349524,0.8275345935407854,0.8664314973660948,0.03889690382530942,0.10379237613114267,0.7656848659003832,0.8277777777777778,0.8666666666666666,0.0388888888888889,0.10098180076628353,0.5292697177533573,0.6570715287464896,0.7364770971743325,0.07940556842784305,0.207207379420975,0.1526687479187479,0.15476190476190477,0.35155555555555545
12,PSD_ABSOLUTE_CHANNEL_BAND,ds006036__EO_or_photomark,CN_vs_FTD,30,20,0.8114509144347595,0.8192401775113819,0.7811540483627527,-0.03808612914862916,-0.030296866072007166,0.812031484257871,0.8200000000000003,0.7816666666666668,-0.03833333333333336,-0.030364817591204407,0.6266972756714023,0.644986558773901,0.5661269685593833,-0.07885959021451774,-0.06057030711201884,0.17659949201125666,0.14285714285714285,0.40622222222222254
12,PSD_REGION_ABSOLUTE,ds004504__EC,AD_FTD_vs_CN,48,20,0.7009026994926423,0.6941623229058679,0.7931774247745846,0.09901510186871688,0.09227472528194261,0.7665546464056108,0.7114583333333333,0.7958333333333332,0.084375,0.02927868692772259,0.5118202181071633,0.48204987107452535,0.6063674331978082,0.12431756212328278,0.09454721509064491,0.3353528138528137,0.3333333333333333,0.5899999999999997
12,PSD_REGION_ABSOLUTE,ds004504__EC,AD_vs_CN,36,20,0.7652554122221629,0.7250159245513391,0.7514370221052143,0.02642109755387558,-0.013818390116948487,0.7870929118773947,0.7430555555555555,0.7569444444444444,0.0138888888888889,-0.030148467432950198,0.5991327263043457,0.5592826229377339,0.5350821923071928,-0.02420043063054102,-0.06405053399715277,0.369553169053169,0.3333333333333333,0.7013333333333334
12,PSD_REGION_ABSOLUTE,ds004504__EC,CN_vs_FTD,30,20,0.739249417220629,0.7586777087830466,0.7202616821665723,-0.038416026616473996,-0.018987735054056442,0.7374062968515742,0.7616666666666667,0.7266666666666668,-0.03499999999999999,-0.010739630184907534,0.4919891945700571,0.5344435642585326,0.4767826238258368,-0.05766094043269572,-0.015206570744220296,0.2282089299589297,0.2,0.5575555555555556
12,PSD_REGION_ABSOLUTE,ds006036__EO_or_photomark,AD_FTD_vs_CN,48,20,0.6895878367824292,0.7389397821029962,0.7451020501803777,0.006162268077381611,0.05551421339794856,0.750175336060783,0.7468750000000001,0.753125,0.006250000000000011,0.002949663939216823,0.4782095374593268,0.5255820170833598,0.5422109463299816,0.016628929246621692,0.06400140887065467,0.3702476412476412,0.38461538461538464,0.6002222222222222
12,PSD_REGION_ABSOLUTE,ds006036__EO_or_photomark,AD_vs_CN,36,20,0.7406512791172641,0.7920220376601177,0.7996755522399251,0.007653514579806953,0.05902427312266064,0.7632183908045979,0.7999999999999999,0.8055555555555557,0.005555555555555558,0.04233716475095785,0.5512020459290409,0.6426646568582111,0.64547794878123,0.0028132919230189875,0.0942759028521892,0.33273581973581956,0.3333333333333333,0.6495555555555553
12,PSD_REGION_ABSOLUTE,ds006036__EO_or_photomark,CN_vs_FTD,30,20,0.6971671013639449,0.7290717672483725,0.7364196733816287,0.007347906133256204,0.03925257201768382,0.7003373313343327,0.7383333333333331,0.74,0.001666666666666694,0.03966266866566718,0.4580854129548431,0.5105368996878685,0.4920874747418861,-0.018449424945982475,0.03400206178704289,0.3861893661893662,0.38461538461538464,0.6384444444444444
13,PSD_ABSOLUTE_CHANNEL_BAND,ds004504__EC,AD_FTD_vs_CN,48,20,0.7514211727263497,0.7973816869707552,0.7951148894575393,-0.0022667975132159234,0.04369371673118946,0.7847749853886616,0.7979166666666666,0.7958333333333334,-0.002083333333333376,0.01105834794467172,0.5373508102617003,0.5985228745967227,0.5954853596755953,-0.0030375149211273795,0.05813454941389521,0.24313899009487222,0.2,0.40577777777777785
13,PSD_ABSOLUTE_CHANNEL_BAND,ds004504__EC,AD_vs_CN,36,20,0.7836115951114164,0.7808389224447869,0.7463437364898278,-0.034495185954959,-0.03726785862158862,0.7911159003831418,0.7819444444444443,0.7472222222222223,-0.03472222222222224,-0.04389367816091955,0.5811321623428458,0.5685040652894703,0.4974958628914812,-0.071008202397989,-0.08363629945136448,0.19131470163823094,0.16666666666666666,0.38244444444444414
13,PSD_ABSOLUTE_CHANNEL_BAND,ds004504__EC,CN_vs_FTD,30,20,0.7508459355660262,0.7399015398579009,0.7535632881854623,0.013661748327561668,0.0027173526194361752,0.7482383808095953,0.7433333333333334,0.755,0.011666666666666681,0.0067616191904047995,0.5330553015141499,0.5005607742522361,0.5167155445093381,0.01615477025710196,-0.016339757004811734,0.12208699796935081,0.125,0.2666666666666664
13,PSD_ABSOLUTE_CHANNEL_BAND,ds006036__EO_or_photomark,AD_FTD_vs_CN,48,20,0.7616482251411292,0.8057709309299959,0.7886097164201682,-0.017161214509827834,0.02696149127903914,0.7755260081823494,0.80625,0.7895833333333333,-0.016666666666666673,0.014057325150983818,0.5312714262543523,0.6155910874149251,0.5848212325632443,-0.030769854851680867,0.05354980630889208,0.22757108414461336,0.2,0.42244444444444446
13,PSD_ABSOLUTE_CHANNEL_BAND,ds006036__EO_or_photomark,AD_vs_CN,36,20,0.7626391212349524,0.7620635379923304,0.7837578810827648,0.021694343090434436,0.021118759847812734,0.7656848659003832,0.7625000000000001,0.7847222222222223,0.022222222222222216,0.01903735632183909,0.5292697177533573,0.5266059454522175,0.5741272389832053,0.047521293530987975,0.04485752122984807,0.18344627268156674,0.16666666666666666,0.4039999999999999
13,PSD_ABSOLUTE_CHANNEL_BAND,ds006036__EO_or_photomark,CN_vs_FTD,30,20,0.8114509144347595,0.8226782279332339,0.8107103063748932,-0.011967921558340672,-0.0007406080598668041,0.812031484257871,0.8233333333333336,0.8116666666666668,-0.011666666666666691,-0.00036481759120440274,0.6266972756714023,0.6509334222703814,0.6299762339586275,-0.02095718831175399,0.0032789582872253366,0.2148908575085045,0.2,0.4842222222222224
13,PSD_REGION_ABSOLUTE,ds004504__EC,AD_FTD_vs_CN,48,20,0.7009026994926423,0.7480776896909731,0.7867432373738386,0.038665547682865384,0.0858405378811963,0.7665546464056108,0.7572916666666667,0.7885416666666667,0.03124999999999999,0.021987020261055923,0.5118202181071633,0.5581242780526001,0.5866336914424626,0.028509413389862515,0.07481347333529939,0.4203585858585861,0.3333333333333333,0.6926666666666663
13,PSD_REGION_ABSOLUTE,ds004504__EC,AD_vs_CN,36,20,0.7652554122221629,0.7426282471279744,0.7821575971373624,0.03952935000938827,0.016902184915199743,0.7870929118773947,0.7541666666666667,0.7861111111111112,0.03194444444444445,-0.0009818007662835415,0.5991327263043457,0.5560016078345997,0.5930008367507685,0.03699922891616874,-0.006131889553577047,0.2344332889332887,0.2,0.4937777777777779
13,PSD_REGION_ABSOLUTE,ds004504__EC,CN_vs_FTD,30,20,0.739249417220629,0.7048169063060323,0.7267003017854206,0.02188339547938837,-0.012549115435208202,0.7374062968515742,0.7066666666666667,0.735,0.028333333333333356,-0.002406296851574191,0.4919891945700571,0.4175880182827976,0.5081711394257853,0.09058312114298764,0.016181944855728082,0.25281227106227083,0.2,0.5288888888888891
13,PSD_REGION_ABSOLUTE,ds006036__EO_or_photomark,AD_FTD_vs_CN,48,20,0.6895878367824292,0.7817425276413106,0.8073346032279638,0.025592075586653017,0.11774676644553442,0.750175336060783,0.7874999999999999,0.8093750000000002,0.021875000000000026,0.05919966393921684,0.4782095374593268,0.6053116944296454,0.6319014215943615,0.026589727164716075,0.1536918841350347,0.4487485847485847,0.4,0.6882222222222221
13,PSD_REGION_ABSOLUTE,ds006036__EO_or_photomark,AD_vs_CN,36,20,0.7406512791172641,0.7754036510558541,0.789473211487141,0.014069560431286904,0.04882193236987685,0.7632183908045979,0.7833333333333334,0.7944444444444444,0.011111111111111094,0.031226053639846724,0.5512020459290409,0.6056034010272586,0.6188452847849184,0.01324188375765974,0.06764323885587767,0.29475510600510607,0.2727272727272727,0.578222222222222
13,PSD_REGION_ABSOLUTE,ds006036__EO_or_photomark,CN_vs_FTD,30,20,0.6971671013639449,0.7200602366273723,0.7421916638938445,0.022131427266472336,0.04502456252989969,0.7003373313343327,0.7283333333333335,0.7516666666666666,0.023333333333333296,0.051329335332333824,0.4580854129548431,0.48485142470384135,0.5413556977173803,0.056504273013538955,0.08327028476253713,0.36888383838383837,0.30952380952380953,0.5931111111111111
14,PSD_ABSOLUTE_CHANNEL_BAND,ds004504__EC,AD_FTD_vs_CN,48,20,0.7514211727263497,0.7623377734694539,0.7088939998003562,-0.053443773669097805,-0.042527172925993735,0.7847749853886616,0.7635416666666668,0.7145833333333333,-0.04895833333333335,-0.07019165205532826,0.5373508102617003,0.5327253353445103,0.44628330023272006,-0.08644203511179026,-0.0910675100289801,0.2048166147577912,0.16666666666666666,0.38133333333333297
14,PSD_ABSOLUTE_CHANNEL_BAND,ds004504__EC,AD_vs_CN,36,20,0.7836115951114164,0.7760736340093299,0.7631464247636037,-0.012927209245726195,-0.020465170347812763,0.7911159003831418,0.7791666666666666,0.7652777777777777,-0.013888888888888912,-0.025838122605364,0.5811321623428458,0.572209285306354,0.5409171852028476,-0.03129210010350645,-0.04021497713999806,0.27092307692307677,0.2727272727272727,0.5173333333333334
14,PSD_ABSOLUTE_CHANNEL_BAND,ds004504__EC,CN_vs_FTD,30,20,0.7508459355660262,0.7606218868277694,0.6925364145963558,-0.06808547223141322,-0.058309520969670195,0.7482383808095953,0.7649999999999999,0.6966666666666665,-0.06833333333333334,-0.05157171414292855,0.5330553015141499,0.5496612785550454,0.40524490883855274,-0.14441636971649283,-0.1278103926755972,0.15998874001815172,0.16666666666666666,0.32844444444444426
14,PSD_ABSOLUTE_CHANNEL_BAND,ds006036__EO_or_photomark,AD_FTD_vs_CN,48,20,0.7616482251411292,0.7575680342930216,0.7590169822063066,0.001448947913285037,-0.0026312429348224918,0.7755260081823494,0.7583333333333334,0.7593749999999999,0.001041666666666652,-0.016151008182349512,0.5312714262543523,0.5197565898296208,0.5201584483371742,0.0004018585075532266,-0.011112977917178024,0.2267778691896338,0.2,0.45511111111111113
14,PSD_ABSOLUTE_CHANNEL_BAND,ds006036__EO_or_photomark,AD_vs_CN,36,20,0.7626391212349524,0.7633856533769459,0.7530572423287204,-0.010328411048225322,-0.009581878906231639,0.7656848659003832,0.7638888888888891,0.7541666666666667,-0.009722222222222238,-0.01151819923371647,0.5292697177533573,0.5296777948004797,0.5132306107858033,-0.016447184014676316,-0.016039106967554017,0.1326126993921111,0.125,0.3066666666666663
14,PSD_ABSOLUTE_CHANNEL_BAND,ds006036__EO_or_photomark,CN_vs_FTD,30,20,0.8114509144347595,0.8193377949381763,0.8145291667736746,-0.004808628164501566,0.003078252338914883,0.812031484257871,0.8200000000000003,0.8150000000000002,-0.005000000000000016,0.0029685157421289353,0.6266972756714023,0.6443800102741013,0.6331692651927348,-0.011210745081366555,0.006471989521332547,0.2293263027821849,0.2,0.5328888888888891
14,PSD_REGION_ABSOLUTE,ds004504__EC,AD_FTD_vs_CN,48,20,0.7009026994926423,0.7068438425214572,0.758459649529885,0.051615807008427626,0.05755695003724266,0.7665546464056108,0.721875,0.7645833333333332,0.04270833333333336,-0.001971313072277392,0.5118202181071633,0.49938965268377944,0.555580375601278,0.056190722917498735,0.04376015749411495,0.4039781884781889,0.3333333333333333,0.7035555555555557
14,PSD_REGION_ABSOLUTE,ds004504__EC,AD_vs_CN,36,20,0.7652554122221629,0.749552992811722,0.79283132056873,0.04327832775700778,0.02757590834656697,0.7870929118773947,0.763888888888889,0.7944444444444443,0.030555555555555548,0.007351532567049785,0.5991327263043457,0.5936109475433045,0.5989389505483683,0.005328003005063886,-0.0001937757559773684,0.23280974580974567,0.2,0.47244444444444433
14,PSD_REGION_ABSOLUTE,ds004504__EC,CN_vs_FTD,30,20,0.739249417220629,0.7605051372758631,0.7191535068687664,-0.04135163040709644,-0.020095910351862388,0.7374062968515742,0.7633333333333334,0.7233333333333333,-0.039999999999999994,-0.01407296351824086,0.4919891945700571,0.5363512244156257,0.46086628118928596,-0.07548494322633963,-0.031122913380771184,0.24654867354867335,0.2,0.5411111111111111
14,PSD_REGION_ABSOLUTE,ds006036__EO_or_photomark,AD_FTD_vs_CN,48,20,0.6895878367824292,0.7378172470652392,0.7023697061666926,-0.035447540898546584,0.012781869384263322,0.750175336060783,0.7447916666666667,0.7114583333333334,-0.033333333333333305,-0.03871700272744984,0.4782095374593268,0.5175989155301365,0.4515980732913792,-0.06600084223875717,-0.02661146416794754,0.3249106171606171,0.2857142857142857,0.5493333333333333
14,PSD_REGION_ABSOLUTE,ds006036__EO_or_photomark,AD_vs_CN,36,20,0.7406512791172641,0.7478459007583673,0.7407283349642497,-0.007117565794117514,7.705584698540213e-05,0.7632183908045979,0.7583333333333334,0.7472222222222223,-0.011111111111111105,-0.01599616858237548,0.5512020459290409,0.5595889094764511,0.5206612675237464,-0.03892764195270478,-0.030540778405294455,0.27816469641469643,0.2727272727272727,0.5662222222222222
14,PSD_REGION_ABSOLUTE,ds006036__EO_or_photomark,CN_vs_FTD,30,20,0.6971671013639449,0.7088837824792531,0.7218526099747842,0.012968827495531132,0.024685508610839235,0.7003373313343327,0.7166666666666668,0.7249999999999999,0.008333333333333326,0.02466266866566717,0.4580854129548431,0.45656462348544646,0.4580228267883423,0.001458203302895683,-6.258616650090254e-05,0.33964765789765783,0.2857142857142857,0.548222222222222
15,PSD_ABSOLUTE_CHANNEL_BAND,ds004504__EC,AD_FTD_vs_CN,50,20,0.7514211727263497,0.7636588282723115,0.7329842261708602,-0.030674602101451114,-0.01843694655548943,0.7847749853886616,0.765,0.739,-0.026000000000000023,-0.04577498538866159,0.5373508102617003,0.5363316699696503,0.5003629185823004,-0.035968751387349986,-0.03698789167939985,0.18200310310604423,0.16666666666666666,0.33133333333333304
15,PSD_ABSOLUTE_CHANNEL_BAND,ds004504__EC,AD_vs_CN,36,20,0.7836115951114164,0.8010465689222542,0.7569674217152047,-0.04407914720704973,-0.026644173396211827,0.7911159003831418,0.8027777777777777,0.7583333333333332,-0.04444444444444444,-0.03278256704980843,0.5811321623428458,0.6144952577547402,0.522698466823242,-0.09179679093149835,-0.058433695519603736,0.215797986327398,0.2,0.4333333333333335
15,PSD_ABSOLUTE_CHANNEL_BAND,ds004504__EC,CN_vs_FTD,30,20,0.7508459355660262,0.7493438836370416,0.7001735374721305,-0.04917034616491139,-0.05067239809389588,0.7482383808095953,0.7533333333333333,0.7050000000000001,-0.04833333333333333,-0.0432383808095952,0.5330553015141499,0.5246671083572435,0.42488240000942856,-0.09978470834781498,-0.1081729015047214,0.17192787441316845,0.16666666666666666,0.3691111111111109
15,PSD_ABSOLUTE_CHANNEL_BAND,ds006036__EO_or_photomark,AD_FTD_vs_CN,50,20,0.7616482251411292,0.7931562355217097,0.7763932182955998,-0.01676301722610978,0.014744993154470693,0.7755260081823494,0.7939999999999999,0.777,-0.017000000000000026,0.0014739918176504996,0.5312714262543523,0.5929984067183683,0.557295938477476,-0.0357024682408922,0.02602451222312398,0.2547531994149641,0.2727272727272727,0.4604444444444444
15,PSD_ABSOLUTE_CHANNEL_BAND,ds006036__EO_or_photomark,AD_vs_CN,36,20,0.7626391212349524,0.7746480947167866,0.7823107426977397,0.007662647980952913,0.01967162146278732,0.7656848659003832,0.775,0.7833333333333332,0.008333333333333331,0.017648467432950215,0.5292697177533573,0.551406819197252,0.5718084779036281,0.020401658706376273,0.04253876015027076,0.11814084771437715,0.1111111111111111,0.2804444444444442
15,PSD_ABSOLUTE_CHANNEL_BAND,ds006036__EO_or_photomark,CN_vs_FTD,30,20,0.8114509144347595,0.8309683872375672,0.8045487337465149,-0.02641965349105222,-0.00690218068824483,0.812031484257871,0.831666666666667,0.805,-0.02666666666666666,-0.007031484257871051,0.6266972756714023,0.6679192357515257,0.6126136198378109,-0.055305615913714766,-0.0140836558335912,0.1979311325928972,0.2,0.43199999999999983
15,PSD_REGION_ABSOLUTE,ds004504__EC,AD_FTD_vs_CN,50,20,0.7009026994926423,0.7418953698233418,0.7701144895002068,0.028219119676865134,0.06921179000756468,0.7665546464056108,0.7519999999999999,0.7759999999999999,0.02400000000000002,0.009445353594389277,0.5118202181071633,0.5500719119416801,0.5826473362508529,0.03257542430917266,0.07082711814368961,0.42388744588744615,0.4,0.7266666666666662
15,PSD_REGION_ABSOLUTE,ds004504__EC,AD_vs_CN,36,20,0.7652554122221629,0.7499610214087779,0.802189867966469,0.05222884655769118,0.03693445574430599,0.7870929118773947,0.763888888888889,0.8055555555555556,0.041666666666666644,0.01846264367816089,0.5991327263043457,0.5938639043194158,0.6291472204034295,0.03528331608401371,0.030014494099083983,0.44108807858807886,0.4,0.7339999999999993
15,PSD_REGION_ABSOLUTE,ds004504__EC,CN_vs_FTD,30,20,0.739249417220629,0.7358610670092423,0.716645338177787,-0.019215728831455205,-0.022604079042841833,0.7374062968515742,0.7383333333333333,0.7233333333333334,-0.01499999999999999,-0.014072963518240878,0.4919891945700571,0.4844357180986358,0.47226570217513586,-0.012170015923499788,-0.01972349239492127,0.2528541458541456,0.2,0.5411111111111112
15,PSD_REGION_ABSOLUTE,ds006036__EO_or_photomark,AD_FTD_vs_CN,50,20,0.6895878367824292,0.766528027418255,0.7243143350706216,-0.042213692347633475,0.034726498288192305,0.750175336060783,0.7720000000000001,0.733,-0.039000000000000014,-0.017175336060783176,0.4782095374593268,0.5701990715997919,0.49937940051492874,-0.07081967108486324,0.02116986305560179,0.33603535353535335,0.2857142857142857,0.5991111111111109
15,PSD_REGION_ABSOLUTE,ds006036__EO_or_photomark,AD_vs_CN,36,20,0.7406512791172641,0.748618396179211,0.7245687280231662,-0.024049668156044667,-0.016082551094098074,0.7632183908045979,0.7597222222222223,0.7388888888888888,-0.020833333333333343,-0.024329501915708828,0.5512020459290409,0.5646670044810271,0.5298012922091048,-0.034865712271922464,-0.02140075371993613,0.36872066822066835,0.4,0.6717777777777776
15,PSD_REGION_ABSOLUTE,ds006036__EO_or_photomark,CN_vs_FTD,30,20,0.6971671013639449,0.7402836403202874,0.7289561556278293,-0.011327484692458029,0.031789054263884356,0.7003373313343327,0.7499999999999998,0.7333333333333333,-0.016666666666666656,0.03299600199900049,0.4580854129548431,0.5388710072011056,0.4810181362323216,-0.05785287096878404,0.022932723277478317,0.38050313575313566,0.38461538461538464,0.5935555555555554
16,PSD_ABSOLUTE_CHANNEL_BAND,ds004504__EC,AD_FTD_vs_CN,46,20,0.7514211727263497,0.7852693609736893,0.7894586708364801,0.004189309862791091,0.03803749811013054,0.7847749853886616,0.7858695652173914,0.7902173913043478,0.00434782608695653,0.005442405915686238,0.5373508102617003,0.5745515560608279,0.584784994660555,0.01023343859972703,0.04743418439885477,0.1932253906224493,0.2,0.3666666666666664
16,PSD_ABSOLUTE_CHANNEL_BAND,ds004504__EC,AD_vs_CN,36,20,0.7836115951114164,0.777959589410655,0.7701350085434837,-0.007824580867171266,-0.013476586567932703,0.7911159003831418,0.7791666666666666,0.7708333333333334,-0.008333333333333337,-0.02028256704980843,0.5811321623428458,0.5631674907983383,0.5448987742555707,-0.018268716542767738,-0.03623338808727515,0.26462142432730656,0.26136363636363635,0.49977777777777777
16,PSD_ABSOLUTE_CHANNEL_BAND,ds004504__EC,CN_vs_FTD,30,20,0.7508459355660262,0.7447420586375186,0.7569494076875236,0.012207349050005107,0.006103472121497389,0.7482383808095953,0.7483333333333333,0.7583333333333333,0.010000000000000026,0.010094952523738137,0.5330553015141499,0.5114057387141152,0.5247830682205911,0.013377329506475947,-0.008272233293558778,0.15133329252446895,0.14285714285714285,0.342222222222222
16,PSD_ABSOLUTE_CHANNEL_BAND,ds006036__EO_or_photomark,AD_FTD_vs_CN,46,20,0.7616482251411292,0.798564817391252,0.816042232406487,0.017477415015234893,0.054394007265357834,0.7755260081823494,0.7989130434782609,0.8163043478260867,0.017391304347826077,0.040778339643737435,0.5312714262543523,0.5996263460426499,0.634268848889753,0.03464250284710306,0.10299742263540079,0.1949634972870266,0.16666666666666666,0.3951111111111111
16,PSD_ABSOLUTE_CHANNEL_BAND,ds006036__EO_or_photomark,AD_vs_CN,36,20,0.7626391212349524,0.7996749255263188,0.8329773808527678,0.03330245532644914,0.07033825961781562,0.7656848659003832,0.7999999999999999,0.8333333333333334,0.03333333333333332,0.06764846743295021,0.5292697177533573,0.6018145223229542,0.6688392593662653,0.06702473704331115,0.13956954161290794,0.20665275410863637,0.2,0.457111111111111
16,PSD_ABSOLUTE_CHANNEL_BAND,ds006036__EO_or_photomark,CN_vs_FTD,30,20,0.8114509144347595,0.8092099791926604,0.791151256543306,-0.01805872264935443,-0.020299657891453944,0.812031484257871,0.8100000000000003,0.7933333333333334,-0.016666666666666663,-0.01869815092453772,0.6266972756714023,0.6245636969809985,0.5962393623848693,-0.02832433459612922,-0.030457913286532867,0.21432252877841101,0.2,0.49311111111111117
16,PSD_REGION_ABSOLUTE,ds004504__EC,AD_FTD_vs_CN,46,20,0.7009026994926423,0.7333365445894238,0.78087075167089,0.047534207081466454,0.07996805217824789,0.7665546464056108,0.7445652173913044,0.782608695652174,0.03804347826086957,0.016054049246563167,0.5118202181071633,0.5375957432020825,0.5744909389496006,0.03689519574751796,0.06267072084243741,0.3626004828504828,0.3333333333333333,0.6262222222222218
16,PSD_REGION_ABSOLUTE,ds004504__EC,AD_vs_CN,36,20,0.7652554122221629,0.7379138715923259,0.7391803516175417,0.001266480025215716,-0.026075060604621336,0.7870929118773947,0.7500000000000001,0.7472222222222222,-0.0027777777777777735,-0.039870689655172424,0.5991327263043457,0.5489626079665376,0.5233625393724859,-0.025600068594051683,-0.07577018693185972,0.275215118215118,0.25,0.5471111111111111
16,PSD_REGION_ABSOLUTE,ds004504__EC,CN_vs_FTD,30,20,0.739249417220629,0.7390616763401803,0.7308854905828472,-0.00817618575733286,-0.008363926637781521,0.7374062968515742,0.7416666666666665,0.7366666666666667,-0.004999999999999982,-0.0007396301849075359,0.4919891945700571,0.4915525255119032,0.49548281303488373,0.003930287522980547,0.0034936184648265895,0.18273289618877844,0.14285714285714285,0.47266666666666673
16,PSD_REGION_ABSOLUTE,ds006036__EO_or_photomark,AD_FTD_vs_CN,46,20,0.6895878367824292,0.7621084160928262,0.7817794516868409,0.019671035594014813,0.09219161490441169,0.750175336060783,0.7684782608695652,0.7869565217391306,0.018478260869565215,0.03678118567834725,0.4782095374593268,0.5673107559032252,0.5996820204849811,0.03237126458175586,0.12147248302565423,0.34017493617493616,0.2792207792207792,0.5888888888888889
16,PSD_REGION_ABSOLUTE,ds006036__EO_or_photomark,AD_vs_CN,36,20,0.7406512791172641,0.7857184599579484,0.8149749322513411,0.029256472293392455,0.07432365313407666,0.7632183908045979,0.7930555555555555,0.8180555555555555,0.024999999999999967,0.05483716475095783,0.5512020459290409,0.6248114948708834,0.6587933644635606,0.03398186959267748,0.10759131853451982,0.3197042957042956,0.30952380952380953,0.6328888888888887
16,PSD_REGION_ABSOLUTE,ds006036__EO_or_photomark,CN_vs_FTD,30,20,0.6971671013639449,0.7216348972608565,0.7172089261985952,-0.004425971062261297,0.020041824834650217,0.7003373313343327,0.7300000000000002,0.7283333333333333,-0.0016666666666666718,0.02799600199900052,0.4580854129548431,0.4889256897159907,0.5002409284417256,0.01131523872573496,0.042155515486882435,0.38532808857808865,0.3333333333333333,0.6053333333333333
17,PSD_ABSOLUTE_CHANNEL_BAND,ds004504__EC,AD_FTD_vs_CN,48,20,0.7514211727263497,0.8036791926009028,0.7868678491087595,-0.016811343492143315,0.03544667638240982,0.7847749853886616,0.8041666666666666,0.7875,-0.01666666666666667,0.002725014611338422,0.5373508102617003,0.6109463674709721,0.5787187667344363,-0.032227600736535814,0.041367956472736125,0.217059698471463,0.2,0.4504444444444442
17,PSD_ABSOLUTE_CHANNEL_BAND,ds004504__EC,AD_vs_CN,36,20,0.7836115951114164,0.8339019114647984,0.84978943118262,0.015887519717821607,0.06617783607120367,0.7911159003831418,0.8347222222222224,0.85,0.015277777777777756,0.05888409961685821,0.5811321623428458,0.6750455140107936,0.7017960882272062,0.026750574216412543,0.12066392588436037,0.14610052692405628,0.125,0.3488888888888888
17,PSD_ABSOLUTE_CHANNEL_BAND,ds004504__EC,CN_vs_FTD,30,20,0.7508459355660262,0.7526984438916979,0.66007717430341,-0.09262126958828808,-0.09076876126261639,0.7482383808095953,0.7566666666666667,0.6666666666666665,-0.09000000000000001,-0.08157171414292855,0.5330553015141499,0.5306971204376731,0.3497932565763153,-0.18090386386135776,-0.18326204493783457,0.16479025876084694,0.15476190476190477,0.3428888888888887
17,PSD_ABSOLUTE_CHANNEL_BAND,ds006036__EO_or_photomark,AD_FTD_vs_CN,48,20,0.7616482251411292,0.7663356870037562,0.7654130894959046,-0.0009225975078516024,0.0037648643547755155,0.7755260081823494,0.7666666666666667,0.765625,-0.001041666666666652,-0.009901008182349519,0.5312714262543523,0.5347155488397916,0.5323717982884901,-0.0023437505513014324,0.0011003720341380447,0.22860430256018482,0.2,0.46044444444444443
17,PSD_ABSOLUTE_CHANNEL_BAND,ds006036__EO_or_photomark,AD_vs_CN,36,20,0.7626391212349524,0.7633856533769459,0.8091867106572987,0.045801057280352955,0.046547589422346644,0.7656848659003832,0.7638888888888891,0.8097222222222223,0.04583333333333333,0.0440373563218391,0.5292697177533573,0.5296777948004797,0.6230035759426931,0.09332578114221352,0.09373385818933581,0.10939445521798458,0.09090909090909091,0.2635555555555553
17,PSD_ABSOLUTE_CHANNEL_BAND,ds006036__EO_or_photomark,CN_vs_FTD,30,20,0.8114509144347595,0.8109329882796933,0.7760967285814339,-0.03483625969825914,-0.03535418585332583,0.812031484257871,0.8116666666666669,0.7766666666666668,-0.035,-0.0353648175912044,0.6266972756714023,0.6277482445575322,0.5555408752343811,-0.07220736932315115,-0.07115640043702103,0.16836863953040418,0.16666666666666666,0.38177777777777755
17,PSD_REGION_ABSOLUTE,ds004504__EC,AD_FTD_vs_CN,48,20,0.7009026994926423,0.749363380073645,0.7816280891955083,0.032264709121863425,0.08072538970286618,0.7665546464056108,0.7583333333333333,0.7843749999999999,0.026041666666666664,0.017820353594389243,0.5118202181071633,0.5597685368095788,0.5836412253406751,0.02387268853109615,0.0718210072335118,0.4214978354978357,0.4,0.7024444444444441
17,PSD_REGION_ABSOLUTE,ds004504__EC,AD_vs_CN,36,20,0.7652554122221629,0.7725003320622059,0.7710744170748041,-0.0014259149874019772,0.00581900485264108,0.7870929118773947,0.7833333333333333,0.7722222222222221,-0.011111111111111094,-0.01487068965517242,0.5991327263043457,0.6227552335978802,0.5497421983631325,-0.0730130352347477,-0.049390527941213125,0.3651939449439449,0.3333333333333333,0.6817777777777776
17,PSD_REGION_ABSOLUTE,ds004504__EC,CN_vs_FTD,30,20,0.739249417220629,0.7524980932417507,0.7218804554163951,-0.030617637825355266,-0.01736896180423373,0.7374062968515742,0.7550000000000001,0.7283333333333333,-0.02666666666666665,-0.009072963518240867,0.4919891945700571,0.5182165748270741,0.4820598526138836,-0.03615672221319044,-0.009929341956173478,0.23062035187035174,0.2,0.5371111111111113
17,PSD_REGION_ABSOLUTE,ds006036__EO_or_photomark,AD_FTD_vs_CN,48,20,0.6895878367824292,0.7270349389034257,0.7011796557746078,-0.025855283128818025,0.01159181899217841,0.750175336060783,0.7375,0.7135416666666666,-0.02395833333333333,-0.03663366939411652,0.4782095374593268,0.5156932648368128,0.46460628791159986,-0.05108697692521284,-0.013603249547726895,0.353027639027639,0.2857142857142857,0.5753333333333333
17,PSD_REGION_ABSOLUTE,ds006036__EO_or_photomark,AD_vs_CN,36,20,0.7406512791172641,0.773109152897782,0.7356069328124583,-0.03750222008532396,-0.005044346304806107,0.7632183908045979,0.7805555555555556,0.7430555555555556,-0.03750000000000002,-0.02016283524904216,0.5512020459290409,0.5970717694849526,0.5133777426664491,-0.08369402681850333,-0.03782430326259163,0.3505215895215894,0.2792207792207792,0.5995555555555555
17,PSD_REGION_ABSOLUTE,ds006036__EO_or_photomark,CN_vs_FTD,30,20,0.6971671013639449,0.7104606369972842,0.7355564488570658,0.025095811859781846,0.03838934749312095,0.7003373313343327,0.7183333333333335,0.7383333333333335,0.019999999999999973,0.03799600199900049,0.4580854129548431,0.4603622151975659,0.48472211941504906,0.024359904217483047,0.02663670646020591,0.3411655011655011,0.2857142857142857,0.5395555555555553
18,PSD_ABSOLUTE_CHANNEL_BAND,ds004504__EC,AD_FTD_vs_CN,46,20,0.7514211727263497,0.7830472255317702,0.7663904390320859,-0.016656786499684263,0.014969266305736102,0.7847749853886616,0.7836956521739131,0.768478260869565,-0.01521739130434785,-0.016296724519096382,0.5373508102617003,0.5702133102276822,0.5479054472186273,-0.022307863009054758,0.010554636956927177,0.1926855056707997,0.16666666666666666,0.3528888888888887
18,PSD_ABSOLUTE_CHANNEL_BAND,ds004504__EC,AD_vs_CN,36,20,0.7836115951114164,0.7563342297434995,0.7279205506932108,-0.028413679050288947,-0.055691044418205736,0.7911159003831418,0.7583333333333334,0.7305555555555555,-0.02777777777777778,-0.06056034482758621,0.5811321623428458,0.5237113169053457,0.4711646896123873,-0.05254662729295843,-0.10996747273045848,0.15476335429276605,0.14285714285714285,0.3153333333333332
18,PSD_ABSOLUTE_CHANNEL_BAND,ds004504__EC,CN_vs_FTD,30,20,0.7508459355660262,0.7415301969697745,0.7264651587901794,-0.01506503817959517,-0.0243807767758469,0.7482383808095953,0.7449999999999998,0.7316666666666667,-0.013333333333333298,-0.016571714142928518,0.5330553015141499,0.5038221356300128,0.4800420978105996,-0.023780037819413225,-0.05301320370355036,0.15908006209476794,0.125,0.32066666666666643
18,PSD_ABSOLUTE_CHANNEL_BAND,ds006036__EO_or_photomark,AD_FTD_vs_CN,46,20,0.7616482251411292,0.7571344424586718,0.7363746990447055,-0.020759743413966247,-0.025273526096423738,0.7755260081823494,0.7576086956521738,0.7369565217391305,-0.020652173913043477,-0.038569486443219086,0.5312714262543523,0.5169902932273001,0.4760809708200607,-0.04090932240723931,-0.05519045543429148,0.26211177711177697,0.2727272727272727,0.4813333333333334
18,PSD_ABSOLUTE_CHANNEL_BAND,ds006036__EO_or_photomark,AD_vs_CN,36,20,0.7626391212349524,0.7453669209861159,0.766022873731852,0.02065595274573599,0.00338375249689975,0.7656848659003832,0.7458333333333333,0.7666666666666668,0.02083333333333335,0.0009818007662835472,0.5292697177533573,0.49330577902249895,0.5358956108185302,0.04258983179603136,0.006625893065172921,0.14533947261888439,0.125,0.3077777777777776
18,PSD_ABSOLUTE_CHANNEL_BAND,ds006036__EO_or_photomark,CN_vs_FTD,30,20,0.8114509144347595,0.8374928432786473,0.8094212245842118,-0.028071618694434898,-0.0020296898505476058,0.812031484257871,0.8383333333333335,0.8100000000000002,-0.028333333333333315,-0.0020314842578710414,0.6266972756714023,0.6823529627803728,0.6235690630851375,-0.05878389969523514,-0.003128212586264592,0.2154514374514374,0.2,0.526
18,PSD_REGION_ABSOLUTE,ds004504__EC,AD_FTD_vs_CN,46,20,0.7009026994926423,0.7953493755681996,0.8234031404844071,0.02805376491620768,0.12250044099176502,0.7665546464056108,0.8,0.8249999999999998,0.024999999999999967,0.05844535359438924,0.5118202181071633,0.6299747829600575,0.6600366670795528,0.030061884119495275,0.14821644897238961,0.3847943167943169,0.3333333333333333,0.6899999999999996
18,PSD_REGION_ABSOLUTE,ds004504__EC,AD_vs_CN,36,20,0.7652554122221629,0.7133244618645141,0.7575565045718543,0.04423204270733976,-0.007698907650308872,0.7870929118773947,0.7291666666666666,0.761111111111111,0.03194444444444445,-0.025981800766283546,0.5991327263043457,0.5147549511703002,0.5363986949067268,0.021643743736426593,-0.06273403139761886,0.25801653901653887,0.2,0.5126666666666667
18,PSD_REGION_ABSOLUTE,ds004504__EC,CN_vs_FTD,30,20,0.739249417220629,0.7390616763401803,0.7276535428894766,-0.011408133450703817,-0.011595874331152478,0.7374062968515742,0.7416666666666665,0.7333333333333332,-0.008333333333333337,-0.004072963518240891,0.4919891945700571,0.4915525255119032,0.4898481127539055,-0.0017044127579976143,-0.0021410818161515703,0.17250495746083977,0.14285714285714285,0.4513333333333334
18,PSD_REGION_ABSOLUTE,ds006036__EO_or_photomark,AD_FTD_vs_CN,46,20,0.6895878367824292,0.7279592144345898,0.7036641604157328,-0.02429505401885697,0.014076323633303528,0.750175336060783,0.7358695652173914,0.7130434782608697,-0.02282608695652173,-0.03713185779991363,0.4782095374593268,0.5012118953641245,0.4572847303368645,-0.04392716502726001,-0.0209248071224623,0.2977681207681206,0.2727272727272727,0.5331111111111109
18,PSD_REGION_ABSOLUTE,ds006036__EO_or_photomark,AD_vs_CN,36,20,0.7406512791172641,0.7644586057253864,0.7651511180076211,0.0006925122822347751,0.024499838890356857,0.7632183908045979,0.7722222222222223,0.773611111111111,0.001388888888888884,0.010392720306513403,0.5512020459290409,0.5794465822801482,0.5911083329533697,0.011661750673221583,0.03990628702432892,0.35007930957930944,0.3333333333333333,0.6237777777777775
18,PSD_REGION_ABSOLUTE,ds006036__EO_or_photomark,CN_vs_FTD,30,20,0.6971671013639449,0.7418261329377226,0.7384558947896543,-0.0033702381480682497,0.04128879342570955,0.7003373313343327,0.7516666666666667,0.7466666666666665,-0.004999999999999999,0.04632933533233383,0.4580854129548431,0.5435975522671682,0.5258141352344802,-0.017783417032688036,0.06772872227963697,0.40692957042957034,0.38461538461538464,0.6371111111111109
19,PSD_ABSOLUTE_CHANNEL_BAND,ds004504__EC,AD_FTD_vs_CN,48,20,0.7514211727263497,0.7567403676162936,0.7252868850153094,-0.031453482600984316,-0.02613428771104049,0.7847749853886616,0.7583333333333334,0.73125,-0.027083333333333327,-0.05352498538866159,0.5373508102617003,0.5239600181391884,0.4838039491606903,-0.04015606897849826,-0.053546861101010014,0.21358365653953887,0.2,0.3977777777777775
19,PSD_ABSOLUTE_CHANNEL_BAND,ds004504__EC,AD_vs_CN,36,20,0.7836115951114164,0.7760736340093299,0.7734319823056484,-0.002641651703681386,-0.010179612805767952,0.7911159003831418,0.7791666666666666,0.7750000000000001,-0.004166666666666674,-0.016115900383141764,0.5811321623428458,0.572209285306354,0.5569505985342247,-0.015258686772129448,-0.02418156380862106,0.22997170313346768,0.2,0.45533333333333315
19,PSD_ABSOLUTE_CHANNEL_BAND,ds004504__EC,CN_vs_FTD,30,20,0.7508459355660262,0.746231904847953,0.7725341453322585,0.026302240484305524,0.02168820976623227,0.7482383808095953,0.7499999999999998,0.7750000000000001,0.025000000000000022,0.026761619190404807,0.5330553015141499,0.5153785776021379,0.5628653066723582,0.047486729070220265,0.0298100051582083,0.15666373985491622,0.125,0.3506666666666664
19,PSD_ABSOLUTE_CHANNEL_BAND,ds006036__EO_or_photomark,AD_FTD_vs_CN,48,20,0.7616482251411292,0.77426912057159,0.7692412771425581,-0.005027843429032069,0.007593052001428885,0.7755260081823494,0.7749999999999999,0.7708333333333334,-0.00416666666666668,-0.004692674849016182,0.5312714262543523,0.5536782604595147,0.5496561410275017,-0.004022119432012897,0.018384714773149586,0.21411418973183668,0.2,0.4193333333333334
19,PSD_ABSOLUTE_CHANNEL_BAND,ds006036__EO_or_photomark,AD_vs_CN,36,20,0.7626391212349524,0.773232313610603,0.7694569973955697,-0.0037753162150332975,0.00681787616061752,0.7656848659003832,0.7736111111111111,0.7708333333333333,-0.002777777777777768,0.005148467432950226,0.5292697177533573,0.5487548502918932,0.5478959425072055,-0.0008589077846875598,0.018626224753848154,0.13646660529013463,0.125,0.3137777777777775
19,PSD_ABSOLUTE_CHANNEL_BAND,ds006036__EO_or_photomark,CN_vs_FTD,30,20,0.8114509144347595,0.8360074683594488,0.7961523939204002,-0.03985507443904847,-0.01529852051435962,0.812031484257871,0.8366666666666669,0.7966666666666666,-0.040000000000000015,-0.015364817591204399,0.6266972756714023,0.6777381463085552,0.5971484943488276,-0.08058965195972775,-0.029548781322574623,0.18274928666105125,0.2,0.46711111111111114
19,PSD_REGION_ABSOLUTE,ds004504__EC,AD_FTD_vs_CN,48,20,0.7009026994926423,0.7493205921126372,0.8202953573970128,0.07097476528437549,0.11939265790437062,0.7665546464056108,0.7583333333333334,0.8239583333333332,0.06562500000000002,0.05740368692772261,0.5118202181071633,0.5594485662894637,0.6750570496174421,0.11560848332797828,0.1632368315102788,0.4605165945165949,0.42857142857142855,0.7839999999999998
19,PSD_REGION_ABSOLUTE,ds004504__EC,AD_vs_CN,36,20,0.7652554122221629,0.749552992811722,0.7937860272090147,0.04423303439729268,0.02853061498685187,0.7870929118773947,0.763888888888889,0.7944444444444445,0.030555555555555558,0.007351532567049795,0.5991327263043457,0.5936109475433045,0.5930076712083516,-0.0006032763349526488,-0.006125055095993903,0.2565851093351092,0.2,0.5193333333333332
19,PSD_REGION_ABSOLUTE,ds004504__EC,CN_vs_FTD,30,20,0.739249417220629,0.7130338492215047,0.7051016077495754,-0.007932241471929441,-0.03414780947105369,0.7374062968515742,0.7149999999999999,0.7150000000000001,1.1102230246251566e-17,-0.0224062968515742,0.4919891945700571,0.43493511087745806,0.4671036035285283,0.0321684926510704,-0.02488559104152873,0.24522016872016864,0.2,0.5206666666666667
19,PSD_REGION_ABSOLUTE,ds006036__EO_or_photomark,AD_FTD_vs_CN,48,20,0.6895878367824292,0.7435966740357107,0.7547401859343974,0.011143511898686476,0.065152349151968,0.750175336060783,0.7510416666666667,0.7604166666666666,0.009375000000000017,0.010241330605883486,0.4782095374593268,0.5324699158515636,0.5483216290834303,0.015851713231866835,0.07011209162410355,0.34744769119769114,0.2857142857142857,0.6088888888888886
19,PSD_REGION_ABSOLUTE,ds006036__EO_or_photomark,AD_vs_CN,36,20,0.7406512791172641,0.7504063932226288,0.749237152988951,-0.001169240233677693,0.008585873871686722,0.7632183908045979,0.7611111111111112,0.7569444444444443,-0.004166666666666674,-0.006273946360153271,0.5512020459290409,0.5671396751106699,0.5459956861144966,-0.021143988996173327,-0.005206359814544292,0.2750110445110444,0.2727272727272727,0.553111111111111
19,PSD_REGION_ABSOLUTE,ds006036__EO_or_photomark,CN_vs_FTD,30,20,0.6971671013639449,0.7402836403202874,0.724106024705769,-0.016177615614518293,0.026938923341824093,0.7003373313343327,0.7499999999999998,0.7300000000000001,-0.019999999999999997,0.029662668665667153,0.4580854129548431,0.5388710072011056,0.48086279361631534,-0.05800821358479019,0.022777380661472186,0.36659731934731943,0.3333333333333333,0.6022222222222219
20,PSD_ABSOLUTE_CHANNEL_BAND,ds004504__EC,AD_FTD_vs_CN,46,20,0.7514211727263497,0.8269133824132592,0.8137049566031445,-0.01320842581011467,0.062283783876794695,0.7847749853886616,0.8271739130434783,0.8141304347826086,-0.013043478260869573,0.029355449393947092,0.5373508102617003,0.6557348434012933,0.631376751880346,-0.024358091520947256,0.09402594161864568,0.17607592897298774,0.16666666666666666,0.33133333333333326
20,PSD_ABSOLUTE_CHANNEL_BAND,ds004504__EC,AD_vs_CN,36,20,0.7836115951114164,0.8080984666650419,0.826047727363517,0.017949260698474835,0.04243613225210043,0.7911159003831418,0.8097222222222221,0.826388888888889,0.01666666666666668,0.03527298850574713,0.5811321623428458,0.6289013029514099,0.6553851184676521,0.026483815516242376,0.07425295612480654,0.14941083426377544,0.125,0.3173333333333331
20,PSD_ABSOLUTE_CHANNEL_BAND,ds004504__EC,CN_vs_FTD,30,20,0.7508459355660262,0.7463846757817347,0.6860951500587003,-0.06028952572303441,-0.06475078550732598,0.7482383808095953,0.7499999999999998,0.6883333333333331,-0.06166666666666668,-0.05990504747626189,0.5330553015141499,0.514982103594989,0.3807995502541981,-0.1341825533407907,-0.15225575125995178,0.1393771000241588,0.125,0.29533333333333317
20,PSD_ABSOLUTE_CHANNEL_BAND,ds006036__EO_or_photomark,AD_FTD_vs_CN,46,20,0.7616482251411292,0.737612624908126,0.7112169797441752,-0.02639564516395058,-0.05043124539695389,0.7755260081823494,0.7380434782608696,0.7130434782608696,-0.024999999999999988,-0.062482529921479936,0.5312714262543523,0.4773630122700735,0.43126370803123154,-0.046099304238841954,-0.10000771822312063,0.19596440324381498,0.2,0.3704444444444443
20,PSD_ABSOLUTE_CHANNEL_BAND,ds006036__EO_or_photomark,AD_vs_CN,36,20,0.7626391212349524,0.7994583949140838,0.7934600332102221,-0.005998361703861493,0.03082091197527003,0.7656848659003832,0.8,0.7944444444444445,-0.005555555555555564,0.02875957854406132,0.5292697177533573,0.6028353865202363,0.5953665179642226,-0.007468868556013553,0.06609680021086525,0.11977082721200365,0.09090909090909091,0.2748888888888887
20,PSD_ABSOLUTE_CHANNEL_BAND,ds006036__EO_or_photomark,CN_vs_FTD,30,20,0.8114509144347595,0.782188980392622,0.7516597398503805,-0.0305292405422411,-0.05979117458437908,0.812031484257871,0.7833333333333334,0.7533333333333335,-0.030000000000000006,-0.05869815092453774,0.6266972756714023,0.5723560344112644,0.5135169331997951,-0.058839101211469416,-0.11318034247160724,0.18646771692359923,0.2,0.4651111111111112
20,PSD_REGION_ABSOLUTE,ds004504__EC,AD_FTD_vs_CN,46,20,0.7009026994926423,0.8118855156434781,0.8463563501415408,0.03447083449806284,0.14545365064889865,0.7665546464056108,0.8152173913043477,0.8478260869565217,0.032608695652173905,0.08127144055091098,0.5118202181071633,0.6547377849703852,0.7066717653315924,0.05193398036120718,0.19485154722442913,0.49219069819069844,0.5,0.7653333333333332
20,PSD_REGION_ABSOLUTE,ds004504__EC,AD_vs_CN,36,20,0.7652554122221629,0.7448580318965584,0.7244020177138284,-0.020456014182730253,-0.040853394508334626,0.7870929118773947,0.7597222222222223,0.7319444444444445,-0.02777777777777779,-0.055148467432950224,0.5991327263043457,0.5855299207254829,0.4872053033769161,-0.09832461734856676,-0.11192742292742941,0.34661682761682755,0.3333333333333333,0.6528888888888886
20,PSD_REGION_ABSOLUTE,ds004504__EC,CN_vs_FTD,30,20,0.739249417220629,0.761851170300391,0.7444856536352683,-0.017365516665122444,0.005236236414639528,0.7374062968515742,0.7650000000000001,0.75,-0.014999999999999996,0.012593703148425811,0.4919891945700571,0.5422569529570829,0.5251499008552099,-0.017107052101873126,0.03316070628515265,0.20646911421911407,0.2,0.567111111111111
20,PSD_REGION_ABSOLUTE,ds006036__EO_or_photomark,AD_FTD_vs_CN,46,20,0.6895878367824292,0.7110545038534155,0.6974304899696302,-0.013624013883785485,0.007842653187200854,0.750175336060783,0.725,0.7141304347826087,-0.010869565217391297,-0.036044901278174495,0.4782095374593268,0.4989778014273424,0.48330872843444217,-0.015669072992900237,0.005099190975115386,0.38355744255744256,0.3333333333333333,0.6286666666666665
20,PSD_REGION_ABSOLUTE,ds006036__EO_or_photomark,AD_vs_CN,36,20,0.7406512791172641,0.7876670588481283,0.7933023323515902,0.005635273503461607,0.052651053234325826,0.7632183908045979,0.7958333333333334,0.798611111111111,0.00277777777777779,0.0353927203065134,0.5512020459290409,0.6363048676268287,0.6282776324650257,-0.008027235161802756,0.07707558653598494,0.29040512265512247,0.26136363636363635,0.5633333333333332
20,PSD_REGION_ABSOLUTE,ds006036__EO_or_photomark,CN_vs_FTD,30,20,0.6971671013639449,0.7104606369972842,0.72444385696105,0.013983219963765925,0.02727675559710503,0.7003373313343327,0.7183333333333335,0.735,0.016666666666666646,0.03466266866566716,0.4580854129548431,0.4603622151975659,0.5106281077582728,0.05026589256070681,0.05254269480342967,0.3829062326562326,0.3333333333333333,0.5924444444444442
21,PSD_ABSOLUTE_CHANNEL_BAND,ds004504__EC,AD_FTD_vs_CN,50,20,0.7514211727263497,0.7944060466847886,0.8217963477741665,0.027390301089378073,0.07037517504781693,0.7847749853886616,0.7950000000000002,0.8230000000000001,0.028000000000000004,0.03822501461133845,0.5373508102617003,0.5932452643997712,0.6532437587669322,0.05999849436716091,0.11589294850523198,0.19877941829412415,0.18333333333333335,0.373333333333333
21,PSD_ABSOLUTE_CHANNEL_BAND,ds004504__EC,AD_vs_CN,36,20,0.7836115951114164,0.7760736340093299,0.7803088038895931,0.004235169880263329,-0.003302791221823237,0.7911159003831418,0.7791666666666666,0.7819444444444443,0.0027777777777777735,-0.009171455938697315,0.5811321623428458,0.572209285306354,0.5719067039247611,-0.00030258138159300894,-0.00922545841808462,0.23825735212499904,0.2,0.46466666666666656
21,PSD_ABSOLUTE_CHANNEL_BAND,ds004504__EC,CN_vs_FTD,30,20,0.7508459355660262,0.7525557453047858,0.7443935609087453,-0.008162184396040445,-0.006452374657280918,0.7482383808095953,0.7566666666666666,0.7483333333333333,-0.008333333333333337,9.495252373812325e-05,0.5330553015141499,0.532250711441346,0.5121154849279058,-0.020135226513439936,-0.020939816586243953,0.16567903012020657,0.125,0.34399999999999975
21,PSD_ABSOLUTE_CHANNEL_BAND,ds006036__EO_or_photomark,AD_FTD_vs_CN,50,20,0.7616482251411292,0.7387438160623853,0.705964136018448,-0.03277968004393727,-0.05568408912268117,0.7755260081823494,0.7390000000000001,0.7090000000000001,-0.03000000000000001,-0.06652600818234952,0.5312714262543523,0.4787826122036927,0.42752560385136873,-0.05125700835232402,-0.10374582240298343,0.15893307183013058,0.16666666666666666,0.3217777777777776
21,PSD_ABSOLUTE_CHANNEL_BAND,ds006036__EO_or_photomark,AD_vs_CN,36,20,0.7626391212349524,0.773232313610603,0.7461223771064421,-0.027109936504160735,-0.016516744128509918,0.7656848659003832,0.7736111111111111,0.7486111111111111,-0.025000000000000033,-0.01707375478927204,0.5292697177533573,0.5487548502918932,0.507956206836252,-0.04079864345564107,-0.02131351091710535,0.10688117927823805,0.09090909090909091,0.24644444444444422
21,PSD_ABSOLUTE_CHANNEL_BAND,ds006036__EO_or_photomark,CN_vs_FTD,30,20,0.8114509144347595,0.8092099791926604,0.7765387857073146,-0.032671193485345675,-0.03491212872744519,0.812031484257871,0.8100000000000003,0.7783333333333333,-0.03166666666666668,-0.03369815092453774,0.6266972756714023,0.6245636969809985,0.5654546441603149,-0.05910905282068377,-0.06124263151108742,0.21881261222437687,0.2,0.43266666666666653
21,PSD_REGION_ABSOLUTE,ds004504__EC,AD_FTD_vs_CN,50,20,0.7009026994926423,0.7474050215251102,0.818308546402478,0.07090352487736788,0.11740584690983588,0.7665546464056108,0.7569999999999999,0.8200000000000001,0.06300000000000003,0.0534453535943893,0.5118202181071633,0.5588285584195916,0.6521761560369381,0.0933475976173467,0.14035593792977513,0.40691991341991374,0.4,0.7026666666666666
21,PSD_REGION_ABSOLUTE,ds004504__EC,AD_vs_CN,36,20,0.7652554122221629,0.7346140631903059,0.7271541461166237,-0.0074599170736822425,-0.03810126610553927,0.7870929118773947,0.7513888888888889,0.7319444444444444,-0.019444444444444438,-0.05514846743295021,0.5991327263043457,0.5738691560348885,0.4761422152694731,-0.09772694076541535,-0.12299051103487242,0.2310417637917637,0.2,0.48422222222222217
21,PSD_REGION_ABSOLUTE,ds004504__EC,CN_vs_FTD,30,20,0.739249417220629,0.7358610670092423,0.7106048263733433,-0.025256240635898892,-0.028644590847285524,0.7374062968515742,0.7383333333333333,0.7183333333333333,-0.01999999999999998,-0.019072963518240865,0.4919891945700571,0.4844357180986358,0.465108198344955,-0.019327519753680612,-0.026880996225102094,0.2560003885003883,0.2,0.5275555555555557
21,PSD_REGION_ABSOLUTE,ds006036__EO_or_photomark,AD_FTD_vs_CN,50,20,0.6895878367824292,0.705311689306584,0.7207834912061595,0.015471801899575272,0.0311956544237302,0.750175336060783,0.7180000000000001,0.732,0.013999999999999995,-0.018175336060783198,0.4782095374593268,0.47711552431482185,0.5062599991244794,0.029144474809657483,0.028050461665152505,0.404541403041403,0.38461538461538464,0.6337777777777776
21,PSD_REGION_ABSOLUTE,ds006036__EO_or_photomark,AD_vs_CN,36,20,0.7406512791172641,0.7520922999085355,0.7209624343159386,-0.031129865592596933,-0.01968884480132583,0.7632183908045979,0.7625000000000001,0.7333333333333334,-0.029166666666666674,-0.02988505747126438,0.5512020459290409,0.569494111560026,0.5092339487038828,-0.06026016285614335,-0.041968097225158055,0.2864174159174159,0.2727272727272727,0.5733333333333334
21,PSD_REGION_ABSOLUTE,ds006036__EO_or_photomark,CN_vs_FTD,30,20,0.6971671013639449,0.7216348972608565,0.731989897096407,0.0103549998355506,0.034822795732462115,0.7003373313343327,0.7300000000000002,0.7383333333333335,0.008333333333333304,0.037996001999000495,0.4580854129548431,0.4889256897159907,0.5024336031174902,0.013507913401499469,0.04434819016264694,0.35460303585303593,0.3351648351648352,0.57
22,PSD_ABSOLUTE_CHANNEL_BAND,ds004504__EC,AD_FTD_vs_CN,48,20,0.7514211727263497,0.7888239180471222,0.7580214728449863,-0.03080244520213591,0.00660030011863647,0.7847749853886616,0.7895833333333333,0.7593750000000001,-0.03020833333333333,-0.025399985388661596,0.5373508102617003,0.5830919282153431,0.524467995849231,-0.058623932366112116,-0.012882814412469332,0.15457039855569266,0.16666666666666666,0.30511111111111083
22,PSD_ABSOLUTE_CHANNEL_BAND,ds004504__EC,AD_vs_CN,36,20,0.7836115951114164,0.7297363538671531,0.699893025168673,-0.029843328698479932,-0.08371856994274332,0.7911159003831418,0.7333333333333332,0.7083333333333333,-0.024999999999999974,-0.08278256704980844,0.5811321623428458,0.4782876352677562,0.4417233136298024,-0.03656432163795374,-0.13940884871304335,0.2648051001286295,0.26136363636363635,0.48844444444444457
22,PSD_ABSOLUTE_CHANNEL_BAND,ds004504__EC,CN_vs_FTD,30,20,0.7508459355660262,0.7366896781901568,0.7102668708030467,-0.02642280738711005,-0.04057906476297955,0.7482383808095953,0.7399999999999999,0.7116666666666666,-0.02833333333333332,-0.036571714142928535,0.5330553015141499,0.4929771711681338,0.4277912953210074,-0.06518587584712643,-0.10526400619314254,0.12506310846016722,0.1111111111111111,0.2804444444444441
22,PSD_ABSOLUTE_CHANNEL_BAND,ds006036__EO_or_photomark,AD_FTD_vs_CN,48,20,0.7616482251411292,0.7632402338363653,0.7456340198120566,-0.017606214024308432,-0.016014205329072266,0.7755260081823494,0.7635416666666668,0.7458333333333332,-0.017708333333333305,-0.029692674849016176,0.5312714262543523,0.5283649754321977,0.49243770746954646,-0.035927267962651395,-0.03883371878480576,0.22860197155785392,0.2,0.45155555555555565
22,PSD_ABSOLUTE_CHANNEL_BAND,ds006036__EO_or_photomark,AD_vs_CN,36,20,0.7626391212349524,0.7620635379923304,0.803685380620365,0.0416218426280346,0.0410462593854129,0.7656848659003832,0.7625000000000001,0.8041666666666668,0.041666666666666664,0.03848180076628353,0.5292697177533573,0.5266059454522175,0.6111623469920324,0.08455640153981492,0.08189262923867499,0.16370904585610466,0.14285714285714285,0.35422222222222216
22,PSD_ABSOLUTE_CHANNEL_BAND,ds006036__EO_or_photomark,CN_vs_FTD,30,20,0.8114509144347595,0.8442785575643615,0.8127991014579872,-0.03147945610637409,0.0013481870232274983,0.812031484257871,0.8450000000000001,0.8133333333333335,-0.031666666666666655,0.0013018490754622858,0.6266972756714023,0.6948154076509073,0.6301917403570931,-0.0646236672938143,0.0034944646856909316,0.21545964166552392,0.2,0.5208888888888888
22,PSD_REGION_ABSOLUTE,ds004504__EC,AD_FTD_vs_CN,48,20,0.7009026994926423,0.7421504071763161,0.7795706200571182,0.0374202128808022,0.07866792056447605,0.7665546464056108,0.7520833333333334,0.7843750000000002,0.03229166666666668,0.017820353594389264,0.5118202181071633,0.5492005189807224,0.5926416200519988,0.0434411010712764,0.0808214019448356,0.43868759018759035,0.4,0.7499999999999999
22,PSD_REGION_ABSOLUTE,ds004504__EC,AD_vs_CN,36,20,0.7652554122221629,0.700491615139701,0.7116518550098065,0.011160239870105499,-0.053603557212356365,0.7870929118773947,0.7180555555555554,0.7194444444444447,0.0013888888888889007,-0.06764846743295021,0.5991327263043457,0.49477108051501456,0.46399043395280276,-0.030780646562211543,-0.1351422923515427,0.33922027972027985,0.3333333333333333,0.6266666666666667
22,PSD_REGION_ABSOLUTE,ds004504__EC,CN_vs_FTD,30,20,0.739249417220629,0.7048169063060323,0.7209123874624244,0.016095481156391984,-0.018337029758204587,0.7374062968515742,0.7066666666666667,0.7300000000000001,0.023333333333333366,-0.007406296851574179,0.4919891945700571,0.4175880182827976,0.49947091915391734,0.08188290087111984,0.007481724583860286,0.2450447330447329,0.18333333333333335,0.5206666666666667
22,PSD_REGION_ABSOLUTE,ds006036__EO_or_photomark,AD_FTD_vs_CN,48,20,0.6895878367824292,0.734317671860915,0.737611464844355,0.0032937929834398914,0.048023628061925686,0.750175336060783,0.7437500000000001,0.7468750000000001,0.003125,-0.0033003360607831767,0.4782095374593268,0.5260784465821614,0.5315927996545486,0.005514353072387154,0.05338326219522184,0.33220690420690396,0.2857142857142857,0.5355555555555555
22,PSD_REGION_ABSOLUTE,ds006036__EO_or_photomark,AD_vs_CN,36,20,0.7406512791172641,0.7500764872589627,0.7585750701599174,0.008498582900954899,0.0179237910426532,0.7632183908045979,0.7611111111111111,0.7666666666666667,0.005555555555555547,0.003448275862068956,0.5512020459290409,0.5679585132751421,0.5668968282118957,-0.0010616850632465507,0.015694782282854806,0.3065371295371295,0.2727272727272727,0.5819999999999999
22,PSD_REGION_ABSOLUTE,ds006036__EO_or_photomark,CN_vs_FTD,30,20,0.6971671013639449,0.738700306986954,0.7323046011793871,-0.006395705807566837,0.03513749981544222,0.7003373313343327,0.7483333333333333,0.7383333333333334,-0.009999999999999992,0.03799600199900048,0.4580854129548431,0.5344225949131686,0.4963145080130472,-0.038108086900121414,0.038229095058204,0.3740369907869908,0.3333333333333333,0.6433333333333333
23,PSD_ABSOLUTE_CHANNEL_BAND,ds004504__EC,AD_FTD_vs_CN,46,20,0.7514211727263497,0.7571415051703199,0.7858817417388752,0.02874023656855525,0.0344605690125253,0.7847749853886616,0.7586956521739131,0.7902173913043478,0.0315217391304348,0.005442405915686255,0.5373508102617003,0.5237283708372521,0.6035513063787731,0.079822935541521,0.0662004961170728,0.18519599518128918,0.18333333333333335,0.3586666666666665
23,PSD_ABSOLUTE_CHANNEL_BAND,ds004504__EC,AD_vs_CN,36,20,0.7836115951114164,0.7804945686018814,0.7446390278712748,-0.03585554073060644,-0.03897256724014158,0.7911159003831418,0.7833333333333333,0.7472222222222222,-0.036111111111111135,-0.04389367816091955,0.5811321623428458,0.579512740634764,0.5052884747993119,-0.07422426583545197,-0.0758436875435337,0.18788677825442524,0.16666666666666666,0.37044444444444424
23,PSD_ABSOLUTE_CHANNEL_BAND,ds004504__EC,CN_vs_FTD,30,20,0.7508459355660262,0.7415286742975353,0.6395679815350401,-0.10196069276249504,-0.11127795403098606,0.7482383808095953,0.7449999999999999,0.6449999999999998,-0.1,-0.10323838080959521,0.5330553015141499,0.5043111893943908,0.2978253968753316,-0.2064857925190592,-0.23522990463881838,0.14050710400710398,0.125,0.2946666666666665
23,PSD_ABSOLUTE_CHANNEL_BAND,ds006036__EO_or_photomark,AD_FTD_vs_CN,46,20,0.7616482251411292,0.7540376518222951,0.7414119851182626,-0.01262566670403244,-0.020236240022866482,0.7755260081823494,0.7543478260869565,0.742391304347826,-0.011956521739130449,-0.03313470383452344,0.5312714262543523,0.509831617219273,0.48786292526179575,-0.021968691957477155,-0.043408500992556345,0.15813908150672848,0.15476190476190477,0.3139999999999996
23,PSD_ABSOLUTE_CHANNEL_BAND,ds006036__EO_or_photomark,AD_vs_CN,36,20,0.7626391212349524,0.7897415750424649,0.8023054969039876,0.012563921861522493,0.03966637566903537,0.7656848659003832,0.7902777777777777,0.8027777777777778,0.012499999999999994,0.037092911877394656,0.5292697177533573,0.583178717856603,0.6089947987123074,0.025816080855704582,0.07972508095895002,0.1289875271787036,0.125,0.2908888888888886
23,PSD_ABSOLUTE_CHANNEL_BAND,ds006036__EO_or_photomark,CN_vs_FTD,30,20,0.8114509144347595,0.8458795882643912,0.8230919275385352,-0.022787660725855936,0.011641013103775244,0.812031484257871,0.8466666666666669,0.8233333333333336,-0.023333333333333324,0.011301849075462283,0.6266972756714023,0.6986874547114564,0.6483848248546701,-0.05030262985678661,0.02168754918326778,0.14743836718836711,0.14285714285714285,0.4144444444444446
23,PSD_REGION_ABSOLUTE,ds004504__EC,AD_FTD_vs_CN,46,20,0.7009026994926423,0.7609311474465974,0.8139348115936917,0.0530036641470942,0.1130321121010494,0.7665546464056108,0.7684782608695653,0.816304347826087,0.04782608695652172,0.0497497014204762,0.5118202181071633,0.5756042496115324,0.6462050271782259,0.07060077756669358,0.13438480907106282,0.3865214785214786,0.3333333333333333,0.7162222222222219
23,PSD_REGION_ABSOLUTE,ds004504__EC,AD_vs_CN,36,20,0.7652554122221629,0.7312605393388913,0.7707268432765086,0.03946630393761729,0.005471431054345832,0.7870929118773947,0.7486111111111111,0.7749999999999999,0.02638888888888888,-0.012092911877394669,0.5991327263043457,0.5698934642416851,0.5712399419529276,0.0013464777112424929,-0.027892784351418037,0.24548673548673533,0.2,0.49333333333333335
23,PSD_REGION_ABSOLUTE,ds004504__EC,CN_vs_FTD,30,20,0.739249417220629,0.7279188446896236,0.7052571969858132,-0.02266164770381012,-0.03399222023481549,0.7374062968515742,0.7300000000000001,0.7183333333333332,-0.011666666666666659,-0.019072963518240876,0.4919891945700571,0.465880555162616,0.483724607537249,0.017844052374633036,-0.008264587032808057,0.21531077256077233,0.2,0.5106666666666669
23,PSD_REGION_ABSOLUTE,ds006036__EO_or_photomark,AD_FTD_vs_CN,46,20,0.6895878367824292,0.7137738372228382,0.7077469864623994,-0.006026850760438934,0.018159149679969965,0.750175336060783,0.7271739130434783,0.7184782608695653,-0.008695652173913044,-0.03169707519121797,0.4782095374593268,0.5020799307230546,0.47187115556336245,-0.030208775159692114,-0.0063383818959644065,0.3087081807081805,0.2857142857142857,0.5239999999999999
23,PSD_REGION_ABSOLUTE,ds006036__EO_or_photomark,AD_vs_CN,36,20,0.7406512791172641,0.781739169569763,0.7720338589747522,-0.009705310595011302,0.03138257985748772,0.7632183908045979,0.7902777777777779,0.7777777777777778,-0.012499999999999983,0.014559386973180072,0.5512020459290409,0.6238061568685801,0.584874602894241,-0.03893155397433899,0.03367255696520022,0.3064436396936396,0.2727272727272727,0.5868888888888889
23,PSD_REGION_ABSOLUTE,ds006036__EO_or_photomark,CN_vs_FTD,30,20,0.6971671013639449,0.7477447002040487,0.7074133374146411,-0.0403313627894078,0.010246236050696073,0.7003373313343327,0.7583333333333334,0.7166666666666666,-0.04166666666666662,0.01632933533233385,0.4580854129548431,0.5629504477664758,0.4613580490868758,-0.10159239867959995,0.0032726361320326164,0.38872288822288814,0.38461538461538464,0.7017777777777777
24,PSD_ABSOLUTE_CHANNEL_BAND,ds004504__EC,AD_FTD_vs_CN,48,20,0.7514211727263497,0.7644931141632011,0.7313641647251383,-0.03312894943806265,-0.02005700800121147,0.7847749853886616,0.7656250000000001,0.7333333333333333,-0.03229166666666668,-0.05144165205532826,0.5373508102617003,0.5365618817312227,0.47364705608284446,-0.06291482564837814,-0.0637037541788557,0.18153482302011711,0.16666666666666666,0.3251111111111108
24,PSD_ABSOLUTE_CHANNEL_BAND,ds004504__EC,AD_vs_CN,36,20,0.7836115951114164,0.8092408958662827,0.8164193726577628,0.007178476791479876,0.03280777754634632,0.7911159003831418,0.8097222222222223,0.8166666666666667,0.0069444444444444805,0.02555076628352493,0.5811321623428458,0.6221161061566407,0.6349890084968648,0.012872902340224123,0.053856846154018936,0.17503999431940606,0.16666666666666666,0.3537777777777778
24,PSD_ABSOLUTE_CHANNEL_BAND,ds004504__EC,CN_vs_FTD,30,20,0.7508459355660262,0.7399015398579009,0.7381824833304459,-0.0017190565274547431,-0.012663452235580236,0.7482383808095953,0.7433333333333334,0.74,-0.0033333333333333214,-0.008238380809595203,0.5330553015141499,0.5005607742522361,0.48761050046330023,-0.01295027378893612,-0.045444801050849803,0.12362359046182572,0.125,0.2817777777777774
24,PSD_ABSOLUTE_CHANNEL_BAND,ds006036__EO_or_photomark,AD_FTD_vs_CN,48,20,0.7616482251411292,0.8152067702662469,0.8109398460931978,-0.004266924173049064,0.049291620952068634,0.7755260081823494,0.815625,0.8114583333333334,-0.004166666666666668,0.03593232515098382,0.5312714262543523,0.6339151019479907,0.6265065121018969,-0.007408589846093902,0.0952350858475447,0.23642266883443333,0.2,0.4631111111111112
24,PSD_ABSOLUTE_CHANNEL_BAND,ds006036__EO_or_photomark,AD_vs_CN,36,20,0.7626391212349524,0.7453669209861159,0.8094740162542019,0.06410709526808599,0.04683489501924976,0.7656848659003832,0.7458333333333333,0.8097222222222221,0.06388888888888891,0.04403735632183911,0.5292697177533573,0.49330577902249895,0.620856925243501,0.12755114622100214,0.09158720749014367,0.11125881308234244,0.1111111111111111,0.26155555555555543
24,PSD_ABSOLUTE_CHANNEL_BAND,ds006036__EO_or_photomark,CN_vs_FTD,30,20,0.8114509144347595,0.8226782279332339,0.809111850368455,-0.013566377564778614,-0.002339064066304747,0.812031484257871,0.8233333333333336,0.8100000000000002,-0.013333333333333353,-0.0020314842578710635,0.6266972756714023,0.6509334222703814,0.6262875136072792,-0.02464590866310245,-0.0004097620641231259,0.2306778401337224,0.2,0.5028888888888889
24,PSD_REGION_ABSOLUTE,ds004504__EC,AD_FTD_vs_CN,48,20,0.7009026994926423,0.70775232750819,0.7544926661527651,0.046740338644575226,0.05358996666012293,0.7665546464056108,0.7229166666666668,0.759375,0.03645833333333333,-0.007179646405610751,0.5118202181071633,0.5025436648506282,0.5399869504144691,0.03744328556384083,0.028166732307305837,0.3978578643578646,0.3333333333333333,0.6866666666666664
24,PSD_REGION_ABSOLUTE,ds004504__EC,AD_vs_CN,36,20,0.7652554122221629,0.7541874646216142,0.7460083834801536,-0.008179081141460732,-0.01924702874200957,0.7870929118773947,0.7638888888888888,0.7486111111111111,-0.015277777777777784,-0.03848180076628354,0.5991327263043457,0.5706858994701399,0.5069815447110979,-0.06370435475904183,-0.09215118159324756,0.3773283383283382,0.358974358974359,0.666222222222222
24,PSD_REGION_ABSOLUTE,ds004504__EC,CN_vs_FTD,30,20,0.739249417220629,0.7114940280062801,0.6824934533038501,-0.02900057470243008,-0.05675596391677877,0.7374062968515742,0.7133333333333334,0.693333333333333,-0.01999999999999998,-0.04407296351824086,0.4919891945700571,0.43115923825650365,0.4183347793139685,-0.012824458942535175,-0.07365441525608865,0.2186392953451776,0.18333333333333335,0.5286666666666666
24,PSD_REGION_ABSOLUTE,ds006036__EO_or_photomark,AD_FTD_vs_CN,48,20,0.6895878367824292,0.744675503483631,0.7112125896618217,-0.03346291382180909,0.02162475287939255,0.750175336060783,0.753125,0.7166666666666667,-0.03645833333333331,-0.0335086693941165,0.4782095374593268,0.542005535414145,0.44927764635298634,-0.09272788906115856,-0.028931891106340313,0.24893020868020865,0.2,0.5088888888888886
24,PSD_REGION_ABSOLUTE,ds006036__EO_or_photomark,AD_vs_CN,36,20,0.7406512791172641,0.7677252423437146,0.7612453922749081,-0.006479850068806731,0.02059411315764355,0.7632183908045979,0.7749999999999999,0.7694444444444446,-0.005555555555555564,0.006226053639846735,0.5512020459290409,0.584468230889969,0.5763133949548214,-0.008154835935147719,0.025111349025780504,0.3778782328782328,0.4,0.6408888888888888
24,PSD_REGION_ABSOLUTE,ds006036__EO_or_photomark,CN_vs_FTD,30,20,0.6971671013639449,0.7200602366273723,0.7482002139585253,0.028139977331153067,0.05103311259458042,0.7003373313343327,0.7283333333333335,0.7533333333333335,0.024999999999999967,0.052996001999000494,0.4580854129548431,0.48485142470384135,0.5281531891299811,0.043301764426139595,0.07006777617513779,0.36598640248640246,0.3333333333333333,0.614
25,PSD_ABSOLUTE_CHANNEL_BAND,ds004504__EC,AD_FTD_vs_CN,50,20,0.7514211727263497,0.7616315247726779,0.7464100033345706,-0.015221521438107321,-0.005011169391779019,0.7847749853886616,0.763,0.7500000000000002,-0.013000000000000012,-0.03477498538866158,0.5373508102617003,0.5323955051002741,0.5156799391307298,-0.01671556596954409,-0.021670871130970236,0.1916197087226498,0.2,0.34977777777777774
25,PSD_ABSOLUTE_CHANNEL_BAND,ds004504__EC,AD_vs_CN,36,20,0.7836115951114164,0.8063803976874796,0.8024420584482502,-0.003938339239229349,0.018830463336833962,0.7911159003831418,0.8069444444444445,0.8027777777777777,-0.004166666666666657,0.011661877394636028,0.5811321623428458,0.616705712696766,0.6074827746670487,-0.009222938029717392,0.026350612324202893,0.2189626174479115,0.2,0.4333333333333331
25,PSD_ABSOLUTE_CHANNEL_BAND,ds004504__EC,CN_vs_FTD,30,20,0.7508459355660262,0.7493438836370416,0.715038249937918,-0.0343056336991238,-0.03580768562810829,0.7482383808095953,0.7533333333333333,0.7183333333333333,-0.03499999999999999,-0.029905047476261864,0.5330553015141499,0.5246671083572435,0.4484798659655834,-0.07618724239166001,-0.08457543554856646,0.14803460918166794,0.125,0.3113333333333331
25,PSD_ABSOLUTE_CHANNEL_BAND,ds006036__EO_or_photomark,AD_FTD_vs_CN,50,20,0.7616482251411292,0.7657040846230719,0.766786015838597,0.001081931215524773,0.00513779069746767,0.7755260081823494,0.7659999999999999,0.7670000000000001,0.0010000000000000009,-0.008526008182349498,0.5312714262543523,0.5332280069813548,0.5351199876975244,0.0018919807161696333,0.0038485614431723186,0.21159324825501297,0.2,0.40488888888888885
25,PSD_ABSOLUTE_CHANNEL_BAND,ds006036__EO_or_photomark,AD_vs_CN,36,20,0.7626391212349524,0.7620635379923304,0.800789835611817,0.03872629761948649,0.038150714376864785,0.7656848659003832,0.7625000000000001,0.8013888888888887,0.038888888888888876,0.035704022988505744,0.5292697177533573,0.5266059454522175,0.606098868943523,0.07949292349130563,0.07682915119016574,0.19084796412737579,0.16666666666666666,0.4079999999999999
25,PSD_ABSOLUTE_CHANNEL_BAND,ds006036__EO_or_photomark,CN_vs_FTD,30,20,0.8114509144347595,0.8392916839216898,0.7959806414972082,-0.04331104242448138,-0.015470272937551544,0.812031484257871,0.8400000000000002,0.7966666666666669,-0.04333333333333333,-0.015364817591204394,0.6266972756714023,0.6847532332570885,0.5969655252617049,-0.0877877079953836,-0.02973175040969724,0.22192532467532455,0.2,0.47644444444444434
25,PSD_REGION_ABSOLUTE,ds004504__EC,AD_FTD_vs_CN,50,20,0.7009026994926423,0.7336527302967556,0.855501865791134,0.12184913549437851,0.1545991662984919,0.7665546464056108,0.7449999999999999,0.8570000000000002,0.11200000000000002,0.09044535359438925,0.5118202181071633,0.5387196732544695,0.7251682966654556,0.1864486234109862,0.21334807855829246,0.3945829725829728,0.4,0.6919999999999997
25,PSD_REGION_ABSOLUTE,ds004504__EC,AD_vs_CN,36,20,0.7652554122221629,0.769608000971566,0.7677438873804368,-0.0018641135911289964,0.002488475158273884,0.7870929118773947,0.7777777777777778,0.7708333333333333,-0.0069444444444444475,-0.01625957854406132,0.5991327263043457,0.595211142052403,0.5564288063109702,-0.03878233574143279,-0.0427039199933754,0.27204190254190236,0.2,0.53
25,PSD_REGION_ABSOLUTE,ds004504__EC,CN_vs_FTD,30,20,0.739249417220629,0.7292961620068372,0.7310321716833326,0.0017360096764950483,-0.008217245537296585,0.7374062968515742,0.7316666666666666,0.7366666666666666,0.005000000000000027,-0.0007396301849075249,0.4919891945700571,0.4703629803432327,0.49651933533629766,0.026156354993064918,0.004530140766240443,0.2850719280719278,0.2,0.5706666666666668
25,PSD_REGION_ABSOLUTE,ds006036__EO_or_photomark,AD_FTD_vs_CN,50,20,0.6895878367824292,0.7340424946171827,0.7745400268998492,0.04049753228266647,0.08495219011742002,0.750175336060783,0.7439999999999999,0.78,0.03600000000000001,0.029824663939216824,0.4782095374593268,0.5280268924266939,0.5865053196802444,0.05847842725355055,0.10829578222091758,0.3661517371517371,0.3333333333333333,0.6237777777777777
25,PSD_REGION_ABSOLUTE,ds006036__EO_or_photomark,AD_vs_CN,36,20,0.7406512791172641,0.7754036510558541,0.7862814257470921,0.010877774691237779,0.04563014662982773,0.7632183908045979,0.7833333333333334,0.7902777777777777,0.006944444444444436,0.027059386973180066,0.5512020459290409,0.6056034010272586,0.6030254160509916,-0.0025779849762671532,0.05182337012195076,0.3217582417582417,0.2727272727272727,0.6186666666666665
25,PSD_REGION_ABSOLUTE,ds006036__EO_or_photomark,CN_vs_FTD,30,20,0.6971671013639449,0.738700306986954,0.734049179923806,-0.004651127063147941,0.03688207855986112,0.7003373313343327,0.7483333333333333,0.7400000000000002,-0.008333333333333309,0.039662668665667165,0.4580854129548431,0.5344225949131686,0.5010722642594071,-0.03335033065376148,0.04298685130456394,0.3948553668553668,0.38461538461538464,0.6497777777777778
26,PSD_ABSOLUTE_CHANNEL_BAND,ds004504__EC,AD_FTD_vs_CN,46,20,0.7514211727263497,0.8093695112435914,0.7893886483673751,-0.019980862876216338,0.03796747564102509,0.7847749853886616,0.8097826086956523,0.7913043478260869,-0.018478260869565243,0.0065293624374253454,0.5373508102617003,0.622154131449945,0.593245756419283,-0.028908375030662244,0.05589494615758274,0.2061170169699581,0.2,0.3655555555555555
26,PSD_ABSOLUTE_CHANNEL_BAND,ds004504__EC,AD_vs_CN,36,20,0.7836115951114164,0.7808172371272215,0.8044596468559273,0.023642409728705637,0.020848051744510855,0.7911159003831418,0.7819444444444443,0.8055555555555557,0.02361111111111111,0.014439655172413796,0.5811321623428458,0.5688732546769949,0.617875823897749,0.04900256922075409,0.0367436615549033,0.251478381096028,0.26136363636363635,0.4860000000000001
26,PSD_ABSOLUTE_CHANNEL_BAND,ds004504__EC,CN_vs_FTD,30,20,0.7508459355660262,0.7366896781901568,0.7039886621733894,-0.03270101601676721,-0.04685727339263672,0.7482383808095953,0.7399999999999999,0.7066666666666667,-0.03333333333333331,-0.041571714142928526,0.5330553015141499,0.4929771711681338,0.42078232581928204,-0.07219484534885179,-0.11227297569486785,0.13069625309331181,0.125,0.2844444444444441
26,PSD_ABSOLUTE_CHANNEL_BAND,ds006036__EO_or_photomark,AD_FTD_vs_CN,46,20,0.7616482251411292,0.7811603154109938,0.7867350298639579,0.005574714452964086,0.02508680472282886,0.7755260081823494,0.7815217391304347,0.7869565217391303,0.005434782608695654,0.01143051355678092,0.5312714262543523,0.5647889701537367,0.5750237075107257,0.010234737356989071,0.043752281256373635,0.24389065509653737,0.2,0.4491111111111112
26,PSD_ABSOLUTE_CHANNEL_BAND,ds006036__EO_or_photomark,AD_vs_CN,36,20,0.7626391212349524,0.7353438519005469,0.7612672854529553,0.025923433552408375,-0.0013718357819969384,0.7656848659003832,0.7361111111111112,0.7625,0.0263888888888889,-0.003184865900383116,0.5292697177533573,0.47463438566196403,0.529587276424117,0.054952890762152796,0.0003175586707594658,0.15270384680678795,0.13392857142857142,0.32644444444444426
26,PSD_ABSOLUTE_CHANNEL_BAND,ds006036__EO_or_photomark,CN_vs_FTD,30,20,0.8114509144347595,0.8360074683594488,0.7912254960284023,-0.044781972331046464,-0.020225418406357616,0.812031484257871,0.8366666666666669,0.7916666666666665,-0.04500000000000002,-0.020364817591204405,0.6266972756714023,0.6777381463085552,0.5857251225911779,-0.09201302371737743,-0.040972153080224304,0.1831513943572766,0.2,0.4497777777777779
26,PSD_REGION_ABSOLUTE,ds004504__EC,AD_FTD_vs_CN,46,20,0.7009026994926423,0.75260098419879,0.8243171954867228,0.07171621128793279,0.12341449599408047,0.7665546464056108,0.7619565217391304,0.826086956521739,0.06413043478260869,0.05953231011612838,0.5118202181071633,0.5681514095271252,0.6643023653942925,0.09615095586716753,0.15248214728712942,0.38713924963924967,0.3333333333333333,0.6811111111111109
26,PSD_REGION_ABSOLUTE,ds004504__EC,AD_vs_CN,36,20,0.7652554122221629,0.7574792447995568,0.78125662929262,0.023777384493063308,0.01600121707045704,0.7870929118773947,0.7666666666666667,0.7819444444444444,0.015277777777777796,-0.005148467432950199,0.5991327263043457,0.5754782498762022,0.567817785666585,-0.007660464209617038,-0.03131494063776054,0.36417293817293817,0.38461538461538464,0.6711111111111111
26,PSD_REGION_ABSOLUTE,ds004504__EC,CN_vs_FTD,30,20,0.739249417220629,0.7114940280062801,0.6915101821671683,-0.019983845839111856,-0.04773923505346055,0.7374062968515742,0.7133333333333334,0.7033333333333334,-0.009999999999999981,-0.034072963518240865,0.4919891945700571,0.43115923825650365,0.4455361867291564,0.014376948472652713,-0.04645300784090078,0.20450585525585513,0.16666666666666666,0.4944444444444445
26,PSD_REGION_ABSOLUTE,ds006036__EO_or_photomark,AD_FTD_vs_CN,46,20,0.6895878367824292,0.7411678891538687,0.750061447650822,0.008893558496953391,0.06047361086839274,0.750175336060783,0.7510869565217391,0.758695652173913,0.007608695652173908,0.008520316113129861,0.4782095374593268,0.5429095996529735,0.5546721232141814,0.01176252356120797,0.07646258575485468,0.3491471306471307,0.2857142857142857,0.6017777777777777
26,PSD_REGION_ABSOLUTE,ds006036__EO_or_photomark,AD_vs_CN,36,20,0.7406512791172641,0.7399855621135213,0.7250193702251476,-0.014966191888373493,-0.015631908892116714,0.7632183908045979,0.7500000000000001,0.7319444444444445,-0.018055555555555537,-0.031273946360153244,0.5512020459290409,0.538963776958119,0.48622756068600054,-0.05273621627211841,-0.06497448524304014,0.3144973914973914,0.2727272727272727,0.5957777777777774
26,PSD_REGION_ABSOLUTE,ds006036__EO_or_photomark,CN_vs_FTD,30,20,0.6971671013639449,0.7402836403202874,0.75759510130338,0.017311460983092893,0.060427999939435276,0.7003373313343327,0.7499999999999998,0.7616666666666669,0.011666666666666704,0.061329335332333854,0.4580854129548431,0.5388710072011056,0.5375754553249499,-0.0012955518761555928,0.07949004237010679,0.36540917415917407,0.3333333333333333,0.5824444444444441
27,PSD_ABSOLUTE_CHANNEL_BAND,ds004504__EC,AD_FTD_vs_CN,48,20,0.7514211727263497,0.8077987483642417,0.8053907305977364,-0.002408017766505466,0.053969557871386506,0.7847749853886616,0.8083333333333333,0.80625,-0.0020833333333333203,0.02147501461133842,0.5373508102617003,0.6193749834261645,0.6178827979320001,-0.0014921854941644496,0.08053198767029984,0.1508823153970212,0.125,0.2977777777777776
27,PSD_ABSOLUTE_CHANNEL_BAND,ds004504__EC,AD_vs_CN,36,20,0.7836115951114164,0.778084663775453,0.7778573926794745,-0.00022727109597869277,-0.005754202431941862,0.7911159003831418,0.7791666666666666,0.7791666666666666,-5.551115123125783e-18,-0.011949233716475105,0.5811321623428458,0.5633432377295826,0.5652127769344644,0.00186953920488174,-0.015919385408381413,0.22063446520799457,0.2,0.42177777777777775
27,PSD_ABSOLUTE_CHANNEL_BAND,ds004504__EC,CN_vs_FTD,30,20,0.7508459355660262,0.7509677116999689,0.7225611783794325,-0.028406533320536408,-0.028284757186593828,0.7482383808095953,0.7550000000000001,0.7266666666666668,-0.02833333333333332,-0.021571714142928522,0.5330553015141499,0.5281660630036826,0.4670727961542228,-0.06109326684945983,-0.06598250535992714,0.1576871037459272,0.13392857142857142,0.3235555555555554
27,PSD_ABSOLUTE_CHANNEL_BAND,ds006036__EO_or_photomark,AD_FTD_vs_CN,48,20,0.7616482251411292,0.7711996563801252,0.7380609423668507,-0.033138714013274305,-0.02358728277427834,0.7755260081823494,0.771875,0.7385416666666667,-0.03333333333333334,-0.03698434151568285,0.5312714262543523,0.5469800066512118,0.47887952892014757,-0.06810047773106434,-0.05239189733420463,0.2610982628482627,0.225,0.48133333333333334
27,PSD_ABSOLUTE_CHANNEL_BAND,ds006036__EO_or_photomark,AD_vs_CN,36,20,0.7626391212349524,0.7733259793321712,0.7794059175909018,0.006079938258730838,0.01676679635594986,0.7656848659003832,0.7736111111111111,0.7805555555555554,0.006944444444444436,0.014870689655172426,0.5292697177533573,0.5483349698489898,0.5666475290699271,0.01831255922093748,0.037377811316569774,0.1792053665288959,0.16666666666666666,0.39888888888888885
27,PSD_ABSOLUTE_CHANNEL_BAND,ds006036__EO_or_photomark,CN_vs_FTD,30,20,0.8114509144347595,0.8176391468113524,0.7871599647619981,-0.030479182049354004,-0.024290949672761596,0.812031484257871,0.8183333333333336,0.7883333333333334,-0.03000000000000002,-0.023698150924537736,0.6266972756714023,0.6411145117133519,0.5837735553132165,-0.05734095640013546,-0.042923720358185743,0.22498317368905588,0.2,0.4751111111111113
27,PSD_REGION_ABSOLUTE,ds004504__EC,AD_FTD_vs_CN,48,20,0.7009026994926423,0.7645201631043468,0.8483150789295975,0.08379491582525062,0.14741237943695526,0.7665546464056108,0.7718750000000002,0.8489583333333333,0.0770833333333333,0.08240368692772257,0.5118202181071633,0.5820978876191731,0.7046607908035558,0.12256290318438265,0.19284057269639254,0.3916645021645022,0.3333333333333333,0.6573333333333331
27,PSD_REGION_ABSOLUTE,ds004504__EC,AD_vs_CN,36,20,0.7652554122221629,0.7320388806088259,0.7302860166589749,-0.001752863949850869,-0.03496939556318795,0.7870929118773947,0.7444444444444446,0.7402777777777777,-0.004166666666666668,-0.04681513409961688,0.5991327263043457,0.5386796682386359,0.5188058080895448,-0.019873860149090934,-0.0803269182148007,0.38098845598845615,0.3333333333333333,0.7053333333333329
27,PSD_REGION_ABSOLUTE,ds004504__EC,CN_vs_FTD,30,20,0.739249417220629,0.7292961620068372,0.7258253904785233,-0.003470771528313771,-0.013424026742105405,0.7374062968515742,0.7316666666666666,0.7316666666666665,1.6653345369377347e-17,-0.0057396301849075345,0.4919891945700571,0.4703629803432327,0.48490498415349836,0.01454200381026573,-0.007084210416558737,0.29157686757686735,0.2,0.6035555555555556
27,PSD_REGION_ABSOLUTE,ds006036__EO_or_photomark,AD_FTD_vs_CN,48,20,0.6895878367824292,0.7363215468450791,0.7104592777092597,-0.025862269135819394,0.020871440926830475,0.750175336060783,0.7447916666666665,0.7208333333333334,-0.02395833333333334,-0.029342002727449877,0.4782095374593268,0.5224546796386169,0.47518648935024965,-0.04726819028836718,-0.003023048109077167,0.34159837384837366,0.2857142857142857,0.5651111111111109
27,PSD_REGION_ABSOLUTE,ds006036__EO_or_photomark,AD_vs_CN,36,20,0.7406512791172641,0.7543643989,0.7819198655886596,0.027555466688659713,0.041268586471395405,0.7632183908045979,0.7652777777777777,0.788888888888889,0.023611111111111128,0.025670498084291206,0.5512020459290409,0.578720033203634,0.6173029616951811,0.03858292849154714,0.06610091576614027,0.2986755466755467,0.2727272727272727,0.5748888888888886
27,PSD_REGION_ABSOLUTE,ds006036__EO_or_photomark,CN_vs_FTD,30,20,0.6971671013639449,0.7200602366273723,0.7288581315390241,0.008797894911651932,0.031691030175079286,0.7003373313343327,0.7283333333333335,0.735,0.00666666666666661,0.03466266866566714,0.4580854129548431,0.48485142470384135,0.4914390029289568,0.006587578225115254,0.033353589974113446,0.3863643856143854,0.38461538461538464,0.6226666666666667
28,PSD_ABSOLUTE_CHANNEL_BAND,ds004504__EC,AD_FTD_vs_CN,46,20,0.7514211727263497,0.7972369880448142,0.8049219415196569,0.00768495347484287,0.05350076879330725,0.7847749853886616,0.7978260869565216,0.8054347826086957,0.007608695652173897,0.020659797220034054,0.5373508102617003,0.5983829297422723,0.61374186911247,0.01535893937019774,0.07639105885076987,0.1709054230083641,0.2,0.31333333333333296
28,PSD_ABSOLUTE_CHANNEL_BAND,ds004504__EC,AD_vs_CN,36,20,0.7836115951114164,0.7996390232945074,0.7493176807885674,-0.050321342505940045,-0.034293914322849006,0.7911159003831418,0.8013888888888887,0.7513888888888888,-0.049999999999999975,-0.039727011494252853,0.5811321623428458,0.612212130288069,0.5109195000161296,-0.10129263027193944,-0.07021266232671607,0.2649411781029427,0.2727272727272727,0.5226666666666666
28,PSD_ABSOLUTE_CHANNEL_BAND,ds004504__EC,CN_vs_FTD,30,20,0.7508459355660262,0.7415301969697745,0.7153464067827333,-0.02618379018704133,-0.03549952878329306,0.7482383808095953,0.7449999999999998,0.7183333333333334,-0.026666666666666637,-0.02990504747626186,0.5330553015141499,0.5038221356300128,0.44544441963218995,-0.058377715997822786,-0.08761088188195992,0.15764278858396502,0.16666666666666666,0.3344444444444444
28,PSD_ABSOLUTE_CHANNEL_BAND,ds006036__EO_or_photomark,AD_FTD_vs_CN,46,20,0.7616482251411292,0.7606027950841627,0.7420032108446267,-0.018599584239535984,-0.01964501429650235,0.7755260081823494,0.7608695652173911,0.7423913043478261,-0.018478260869565222,-0.033134703834523424,0.5312714262543523,0.5228573874789052,0.48632291204170786,-0.0365344754371974,-0.04494851421264438,0.1885010071627718,0.18333333333333335,0.37888888888888866
28,PSD_ABSOLUTE_CHANNEL_BAND,ds006036__EO_or_photomark,AD_vs_CN,36,20,0.7626391212349524,0.7648014344831295,0.7409401036635943,-0.023861330819535165,-0.021699017571357893,0.7656848659003832,0.7652777777777778,0.7430555555555554,-0.022222222222222237,-0.02262931034482758,0.5292697177533573,0.5323297637058385,0.4949200910093161,-0.037409672696522275,-0.0343496267440412,0.13658075747781626,0.125,0.3077777777777775
28,PSD_ABSOLUTE_CHANNEL_BAND,ds006036__EO_or_photomark,CN_vs_FTD,30,20,0.8114509144347595,0.8392916839216898,0.836327860113664,-0.002963823808025684,0.024876945678904156,0.812031484257871,0.8400000000000002,0.8366666666666669,-0.0033333333333333106,0.024635182408795624,0.6266972756714023,0.6847532332570885,0.6760273097889337,-0.008725923468154895,0.04933003411753149,0.21102627927627915,0.2,0.49400000000000005
28,PSD_REGION_ABSOLUTE,ds004504__EC,AD_FTD_vs_CN,46,20,0.7009026994926423,0.7274442447621874,0.7841417770943352,0.05669753233214764,0.08323907760169287,0.7665546464056108,0.7391304347826086,0.7847826086956522,0.04565217391304349,0.01822796229004143,0.5118202181071633,0.5267093609774909,0.5730358914530361,0.04632653047554519,0.0612156733458729,0.34017997688585916,0.3333333333333333,0.5846666666666667
28,PSD_REGION_ABSOLUTE,ds004504__EC,AD_vs_CN,36,20,0.7652554122221629,0.7514840298715152,0.7859086600281445,0.03442463015662938,0.020653247805981677,0.7870929118773947,0.7652777777777777,0.7875000000000001,0.02222222222222221,0.0004070881226053369,0.5991327263043457,0.5959337162442205,0.5845420908244386,-0.011391625419781887,-0.014590635479906952,0.31455233655233633,0.30952380952380953,0.5773333333333331
28,PSD_REGION_ABSOLUTE,ds004504__EC,CN_vs_FTD,30,20,0.739249417220629,0.7390616763401803,0.6926155169601457,-0.046446159380034616,-0.04663390026048328,0.7374062968515742,0.7416666666666665,0.6983333333333333,-0.043333333333333314,-0.03907296351824087,0.4919891945700571,0.4915525255119032,0.41257121883600095,-0.07898130667590228,-0.07941797573405623,0.2172527374586197,0.2,0.5146666666666667
28,PSD_REGION_ABSOLUTE,ds006036__EO_or_photomark,AD_FTD_vs_CN,46,20,0.6895878367824292,0.7224746566960981,0.7606855179340167,0.03821086123791861,0.07109768115158742,0.750175336060783,0.7347826086956523,0.767391304347826,0.032608695652173905,0.017215968287042905,0.4782095374593268,0.5151323120137167,0.5659266409408802,0.05079432892716336,0.08771710348155327,0.3031229603729602,0.2727272727272727,0.5522222222222221
28,PSD_REGION_ABSOLUTE,ds006036__EO_or_photomark,AD_vs_CN,36,20,0.7406512791172641,0.7478459007583673,0.7182754350419859,-0.029570465716381188,-0.022375844075278272,0.7632183908045979,0.7583333333333334,0.7263888888888889,-0.03194444444444443,-0.03682950191570881,0.5512020459290409,0.5595889094764511,0.4788356602760812,-0.08075324920036994,-0.07236638565295958,0.28789793539793523,0.2727272727272727,0.5908888888888888
28,PSD_REGION_ABSOLUTE,ds006036__EO_or_photomark,CN_vs_FTD,30,20,0.6971671013639449,0.738700306986954,0.7376148511067511,-0.0010854558802030512,0.04044774974280601,0.7003373313343327,0.7483333333333333,0.7433333333333332,-0.004999999999999988,0.042996001999000485,0.4580854129548431,0.5344225949131686,0.5067883371141648,-0.02763425779900387,0.04870292415932155,0.39024592074592074,0.38461538461538464,0.6448888888888891
29,PSD_ABSOLUTE_CHANNEL_BAND,ds004504__EC,AD_FTD_vs_CN,48,20,0.7514211727263497,0.7847828242094279,0.769828962630655,-0.01495386157877317,0.018407789904305104,0.7847749853886616,0.7854166666666667,0.7729166666666668,-0.0125,-0.011858318721994915,0.5373508102617003,0.5742680048501843,0.5601094144624403,-0.01415859038774396,0.022758604200740103,0.11458080318374432,0.09090909090909091,0.2315555555555553
29,PSD_ABSOLUTE_CHANNEL_BAND,ds004504__EC,AD_vs_CN,36,20,0.7836115951114164,0.8080984666650419,0.8566830281536164,0.04858456148857439,0.0730714330422,0.7911159003831418,0.8097222222222221,0.8569444444444445,0.04722222222222222,0.06582854406130269,0.5811321623428458,0.6289013029514099,0.716189087161552,0.08728778421014212,0.1350569248187063,0.15086247412717996,0.125,0.3064444444444441
29,PSD_ABSOLUTE_CHANNEL_BAND,ds004504__EC,CN_vs_FTD,30,20,0.7508459355660262,0.7463846757817347,0.7162433946026214,-0.03014128117911326,-0.03460254096340482,0.7482383808095953,0.7499999999999998,0.72,-0.02999999999999997,-0.028238380809595186,0.5330553015141499,0.514982103594989,0.45241398662215027,-0.06256811697283851,-0.08064131489199955,0.1393194126135302,0.125,0.2755555555555553
29,PSD_ABSOLUTE_CHANNEL_BAND,ds006036__EO_or_photomark,AD_FTD_vs_CN,48,20,0.7616482251411292,0.7411172791152736,0.7006277584505456,-0.04048952066472783,-0.061020466690583385,0.7755260081823494,0.7416666666666667,0.7020833333333334,-0.039583333333333325,-0.07344267484901619,0.5312714262543523,0.48524900588495734,0.4076590070644917,-0.07758999882046566,-0.12361241918986048,0.19031500688853625,0.16666666666666666,0.38288888888888906
29,PSD_ABSOLUTE_CHANNEL_BAND,ds006036__EO_or_photomark,AD_vs_CN,36,20,0.7626391212349524,0.7633856533769459,0.81176681988021,0.048381166503264045,0.04912769864525773,0.7656848659003832,0.7638888888888891,0.8125,0.04861111111111109,0.046815134099616865,0.5292697177533573,0.5296777948004797,0.6299995048059488,0.10032171000546912,0.10072978705259143,0.13501501929443097,0.125,0.28422222222222193
29,PSD_ABSOLUTE_CHANNEL_BAND,ds006036__EO_or_photomark,CN_vs_FTD,30,20,0.8114509144347595,0.8108375647374457,0.7942243082183909,-0.016613256519054664,-0.017226606216368966,0.812031484257871,0.8116666666666669,0.795,-0.016666666666666673,-0.01703148425787106,0.6266972756714023,0.6280781197573022,0.5935641708257895,-0.03451394893151274,-0.03313310484561265,0.1827494156170626,0.16666666666666666,0.47377777777777763
29,PSD_REGION_ABSOLUTE,ds004504__EC,AD_FTD_vs_CN,48,20,0.7009026994926423,0.7240513414217415,0.766849580545169,0.04279823912342741,0.06594688105252697,0.7665546464056108,0.7364583333333334,0.7729166666666667,0.036458333333333356,0.006362020261055934,0.5118202181071633,0.5236439923816273,0.5719938002644558,0.048349807882828624,0.06017358215729275,0.3999906204906207,0.3333333333333333,0.691333333333333
29,PSD_REGION_ABSOLUTE,ds004504__EC,AD_vs_CN,36,20,0.7652554122221629,0.7595288865413204,0.7790858334094838,0.01955694686816357,0.013830421187321047,0.7870929118773947,0.7722222222222223,0.7805555555555556,0.008333333333333321,-0.00653735632183911,0.5991327263043457,0.6052998634204556,0.5678985422668774,-0.03740132115357826,-0.031234184037468266,0.32428771228771214,0.3333333333333333,0.641111111111111
29,PSD_REGION_ABSOLUTE,ds004504__EC,CN_vs_FTD,30,20,0.739249417220629,0.761851170300391,0.7403267262181893,-0.021524444082201506,0.0010773089975604667,0.7374062968515742,0.7650000000000001,0.7466666666666665,-0.018333333333333368,0.009260369815092439,0.4919891945700571,0.5422569529570829,0.5225614931226403,-0.019695459834442614,0.03057229855258317,0.19224435695023925,0.2,0.5328888888888889
29,PSD_REGION_ABSOLUTE,ds006036__EO_or_photomark,AD_FTD_vs_CN,48,20,0.6895878367824292,0.7155269850262905,0.711433698435782,-0.004093286590508766,0.021845861653352637,0.750175336060783,0.725,0.721875,-0.003125000000000011,-0.028300336060783193,0.4782095374593268,0.4831763012352847,0.4794976676809989,-0.0036786335542859094,0.001288130221672104,0.34755183705183706,0.2857142857142857,0.5517777777777778
29,PSD_REGION_ABSOLUTE,ds006036__EO_or_photomark,AD_vs_CN,36,20,0.7406512791172641,0.7714547928232135,0.7547561448252553,-0.016698647997958282,0.014104865707990999,0.7632183908045979,0.7791666666666667,0.7597222222222222,-0.01944444444444446,-0.0034961685823754864,0.5512020459290409,0.5945711855528903,0.5409403619957883,-0.053630823557101893,-0.010261683933252394,0.2843373293373292,0.2727272727272727,0.5286666666666666
29,PSD_REGION_ABSOLUTE,ds006036__EO_or_photomark,CN_vs_FTD,30,20,0.6971671013639449,0.7306486217664034,0.7175549670487331,-0.01309365471767045,0.020387865684788165,0.7003373313343327,0.7399999999999999,0.7249999999999999,-0.015000000000000003,0.024662668665667152,0.4580854129548431,0.5143344913999879,0.47251212992419145,-0.04182236147579663,0.014426716969348205,0.40766500166500164,0.358974358974359,0.6064444444444441
30,PSD_ABSOLUTE_CHANNEL_BAND,ds004504__EC,AD_FTD_vs_CN,48,20,0.7514211727263497,0.7621513113165582,0.7320128638788825,-0.030138447437675613,-0.019408308847467158,0.7847749853886616,0.7645833333333333,0.734375,-0.03020833333333332,-0.05039998538866158,0.5373508102617003,0.5397799641692989,0.4767960166400386,-0.06298394752926029,-0.06055479362166155,0.1490451476627947,0.125,0.27577777777777746
30,PSD_ABSOLUTE_CHANNEL_BAND,ds004504__EC,AD_vs_CN,36,20,0.7836115951114164,0.8283270110446967,0.8483401053640991,0.020013094319402375,0.06472851025268275,0.7911159003831418,0.8291666666666666,0.8486111111111111,0.01944444444444444,0.057495210727969356,0.5811321623428458,0.6641681103318489,0.6990343336275161,0.034866223295667145,0.11790217128467032,0.23198079534844226,0.2,0.45466666666666683
30,PSD_ABSOLUTE_CHANNEL_BAND,ds004504__EC,CN_vs_FTD,30,20,0.7508459355660262,0.7447357069163327,0.7416291895386627,-0.003106517377669754,-0.009216746027363481,0.7482383808095953,0.7483333333333333,0.7466666666666667,-0.0016666666666666496,-0.0015717141429285263,0.5330553015141499,0.5121323857471558,0.5142140245740829,0.002081638826927218,-0.018841276940066966,0.1070683173036114,0.07692307692307693,0.22399999999999973
30,PSD_ABSOLUTE_CHANNEL_BAND,ds006036__EO_or_photomark,AD_FTD_vs_CN,48,20,0.7616482251411292,0.7677520618518573,0.7367654081839049,-0.030986653667952075,-0.024882816957224007,0.7755260081823494,0.76875,0.7375,-0.03125000000000001,-0.03802600818234951,0.5312714262543523,0.5420640973455338,0.47737488089929847,-0.06468921644623551,-0.053896545355053706,0.2714742838860485,0.26136363636363635,0.4951111111111113
30,PSD_ABSOLUTE_CHANNEL_BAND,ds006036__EO_or_photomark,AD_vs_CN,36,20,0.7626391212349524,0.7648014344831295,0.7664010157472892,0.0015995812641597996,0.0037618945123370716,0.7656848659003832,0.7652777777777778,0.7680555555555555,0.0027777777777777514,0.002370689655172409,0.5292697177533573,0.5323297637058385,0.5440334834517045,0.011703719745866134,0.014763765698347206,0.13643578480343177,0.125,0.2988888888888886
30,PSD_ABSOLUTE_CHANNEL_BAND,ds006036__EO_or_photomark,CN_vs_FTD,30,20,0.8114509144347595,0.7958780479971305,0.804286262868368,0.008408214871237513,-0.007164651566391683,0.812031484257871,0.7966666666666666,0.805,0.008333333333333331,-0.0070314842578710676,0.6266972756714023,0.5981046475069427,0.6142463907728061,0.01614174326586338,-0.01245088489859616,0.1802438672438672,0.16666666666666666,0.40800000000000003
30,PSD_REGION_ABSOLUTE,ds004504__EC,AD_FTD_vs_CN,48,20,0.7009026994926423,0.7086987283038589,0.7622444013924188,0.05354567308855964,0.06134170189977656,0.7665546464056108,0.7250000000000002,0.7645833333333334,0.039583333333333325,-0.00197131307227742,0.5118202181071633,0.5103275326477996,0.5403803255242233,0.030052792876423706,0.028560107417060176,0.2844813519813518,0.2,0.5277777777777777
30,PSD_REGION_ABSOLUTE,ds004504__EC,AD_vs_CN,36,20,0.7652554122221629,0.7775809171400633,0.7821967577191912,0.004615840579127872,0.016941345497028266,0.7870929118773947,0.7875,0.7861111111111111,-0.001388888888888884,-0.0009818007662835472,0.5991327263043457,0.6294433071037954,0.5927618492827222,-0.03668145782107301,-0.006370877021623303,0.352553613053613,0.3333333333333333,0.6922222222222216
30,PSD_REGION_ABSOLUTE,ds004504__EC,CN_vs_FTD,30,20,0.739249417220629,0.7344916164441945,0.7050575771980572,-0.029434039246137376,-0.03419184002257177,0.7374062968515742,0.7366666666666666,0.7116666666666666,-0.024999999999999988,-0.02573963018490753,0.4919891945700571,0.47974702931445606,0.44548635740573533,-0.034260671908720806,-0.046502837164321804,0.19252075702075697,0.2,0.5191111111111111
30,PSD_REGION_ABSOLUTE,ds006036__EO_or_photomark,AD_FTD_vs_CN,48,20,0.6895878367824292,0.759638525538035,0.7747834625877991,0.015144937049763756,0.08519562580536962,0.750175336060783,0.7645833333333335,0.7770833333333333,0.012500000000000016,0.02690799727255015,0.4782095374593268,0.5522694466180968,0.565118526797436,0.012849080179338977,0.08690898933810914,0.36989743589743607,0.3333333333333333,0.6113333333333331
30,PSD_REGION_ABSOLUTE,ds006036__EO_or_photomark,AD_vs_CN,36,20,0.7406512791172641,0.7478459007583673,0.7131417235999317,-0.034704177158435545,-0.02750955551733263,0.7632183908045979,0.7583333333333334,0.7222222222222222,-0.036111111111111115,-0.040996168582375495,0.5512020459290409,0.5595889094764511,0.4702237214387367,-0.08936518803771447,-0.08097832449030413,0.29138883338883315,0.2727272727272727,0.6051111111111109
30,PSD_REGION_ABSOLUTE,ds006036__EO_or_photomark,CN_vs_FTD,30,20,0.6971671013639449,0.7088837824792531,0.7338130480082731,0.02492926552902013,0.03664594664432823,0.7003373313343327,0.7166666666666668,0.7383333333333331,0.02166666666666666,0.03799600199900051,0.4580854129548431,0.45656462348544646,0.490967544115941,0.03440292063049447,0.03288213116109786,0.39603560328560333,0.38461538461538464,0.6182222222222221
31,PSD_ABSOLUTE_CHANNEL_BAND,ds004504__EC,AD_FTD_vs_CN,46,20,0.7514211727263497,0.7854148125277118,0.7543507746066079,-0.031064037921103755,0.002929601880258237,0.7847749853886616,0.7858695652173913,0.7565217391304349,-0.02934782608695652,-0.02825324625822682,0.5373508102617003,0.5742647281605089,0.5221760364944901,-0.05208869166601887,-0.015174773767210142,0.22945885487061954,0.2,0.40511111111111103
31,PSD_ABSOLUTE_CHANNEL_BAND,ds004504__EC,AD_vs_CN,36,20,0.7836115951114164,0.7836681641267554,0.7911713176419057,0.007503153515150384,0.007559722530489421,0.7911159003831418,0.7847222222222221,0.7916666666666667,0.006944444444444453,0.0005507662835249116,0.5811321623428458,0.5742552557967212,0.5857139646837058,0.011458708886984803,0.004581802340860269,0.1751669049904343,0.16666666666666666,0.37777777777777766
31,PSD_ABSOLUTE_CHANNEL_BAND,ds004504__EC,CN_vs_FTD,30,20,0.7508459355660262,0.7366896781901568,0.7099547362681402,-0.026734941922016607,-0.040891199297886115,0.7482383808095953,0.7399999999999999,0.7133333333333333,-0.026666666666666644,-0.03490504747626186,0.5330553015141499,0.4929771711681338,0.43496831148865234,-0.05800885967948148,-0.09808699002549759,0.13543819579113692,0.125,0.28999999999999976
31,PSD_ABSOLUTE_CHANNEL_BAND,ds006036__EO_or_photomark,AD_FTD_vs_CN,46,20,0.7616482251411292,0.775001931765052,0.7576605460811193,-0.017341385683932585,-0.003987679060009669,0.7755260081823494,0.7760869565217391,0.758695652173913,-0.01739130434782608,-0.016830356008436475,0.5312714262543523,0.5577501946393593,0.5222051037916563,-0.0355450908477031,-0.00906632246269587,0.21841582437170665,0.2,0.44488888888888894
31,PSD_ABSOLUTE_CHANNEL_BAND,ds006036__EO_or_photomark,AD_vs_CN,36,20,0.7626391212349524,0.7620635379923304,0.79229473298262,0.030231194990289416,0.029655611747667714,0.7656848659003832,0.7625000000000001,0.7930555555555557,0.03055555555555555,0.027370689655172427,0.5292697177533573,0.5266059454522175,0.5893992987587561,0.0627933533065387,0.060129581005398766,0.16363812821165755,0.14285714285714285,0.3553333333333332
31,PSD_ABSOLUTE_CHANNEL_BAND,ds006036__EO_or_photomark,CN_vs_FTD,30,20,0.8114509144347595,0.8143247182391986,0.7822031920720618,-0.03212152616713653,-0.029247722362697782,0.812031484257871,0.8150000000000002,0.7833333333333332,-0.03166666666666671,-0.02869815092453775,0.6266972756714023,0.6342152945840764,0.5737518735555086,-0.06046342102856811,-0.052945402115893735,0.2011239397857044,0.2,0.4662222222222222
31,PSD_REGION_ABSOLUTE,ds004504__EC,AD_FTD_vs_CN,46,20,0.7009026994926423,0.7412041916979638,0.7754473112573992,0.034243119559435375,0.07454461176475695,0.7665546464056108,0.7510869565217392,0.7782608695652173,0.027173913043478264,0.011706223159606621,0.5118202181071633,0.546602608477028,0.570242339508314,0.023639731031286047,0.05842212140115087,0.37693403818403826,0.3333333333333333,0.6468888888888888
31,PSD_REGION_ABSOLUTE,ds004504__EC,AD_vs_CN,36,20,0.7652554122221629,0.741310949162368,0.7693085926208629,0.02799764345849477,0.004053180398699846,0.7870929118773947,0.7527777777777779,0.7722222222222223,0.019444444444444438,-0.014870689655172442,0.5991327263043457,0.5525629972236411,0.5593365458174008,0.006773548593759798,-0.03979618048694466,0.34135769785769776,0.3333333333333333,0.6491111111111106
31,PSD_REGION_ABSOLUTE,ds004504__EC,CN_vs_FTD,30,20,0.739249417220629,0.7114940280062801,0.7130090086155753,0.0015149806092950857,-0.02624040860505361,0.7374062968515742,0.7133333333333334,0.7216666666666665,0.008333333333333337,-0.015739630184907545,0.4919891945700571,0.43115923825650365,0.47688306366001587,0.04572382540351232,-0.015106130910041163,0.23535636585636566,0.2,0.5317777777777779
31,PSD_REGION_ABSOLUTE,ds006036__EO_or_photomark,AD_FTD_vs_CN,46,20,0.6895878367824292,0.7330595268636013,0.7360971732156669,0.003037646352065604,0.04650933643323765,0.750175336060783,0.7413043478260869,0.7413043478260869,1.1102230246251566e-17,-0.008870988234696226,0.4782095374593268,0.5144001695097057,0.5022989297456104,-0.012101239764095379,0.024089392286283543,0.3458651348651346,0.3333333333333333,0.5904444444444444
31,PSD_REGION_ABSOLUTE,ds006036__EO_or_photomark,AD_vs_CN,36,20,0.7406512791172641,0.7754036510558541,0.7951267379891016,0.019723086933247168,0.054475458871837114,0.7632183908045979,0.7833333333333334,0.8,0.016666666666666642,0.03678160919540227,0.5512020459290409,0.6056034010272586,0.6304754410088672,0.02487203998160838,0.07927339507982628,0.29325374625374623,0.2727272727272727,0.5844444444444442
31,PSD_REGION_ABSOLUTE,ds006036__EO_or_photomark,CN_vs_FTD,30,20,0.6971671013639449,0.7216348972608565,0.7417081424017155,0.020073245140858953,0.04454104103777047,0.7003373313343327,0.7300000000000002,0.745,0.014999999999999975,0.04466266866566716,0.4580854129548431,0.4889256897159907,0.5039379794126362,0.0150122896966456,0.04585256645779307,0.3527882672882673,0.2857142857142857,0.5773333333333331
32,PSD_ABSOLUTE_CHANNEL_BAND,ds004504__EC,AD_FTD_vs_CN,50,20,0.7514211727263497,0.7923299860281781,0.7547605319414513,-0.037569454086726656,0.0033393592151017117,0.7847749853886616,0.7929999999999999,0.7590000000000001,-0.034000000000000016,-0.025774985388661575,0.5373508102617003,0.589441220619069,0.5352827252343848,-0.05415849538468424,-0.00206808502731545,0.218685535053182,0.2,0.3988888888888888
32,PSD_ABSOLUTE_CHANNEL_BAND,ds004504__EC,AD_vs_CN,36,20,0.7836115951114164,0.8310488819663628,0.819229565700154,-0.011819316266209101,0.03561797058873751,0.7911159003831418,0.8319444444444445,0.8194444444444446,-0.012499999999999978,0.028328544061302703,0.5811321623428458,0.6693612035040258,0.6402013406710995,-0.02915986283292616,0.05906917832825383,0.15254187152716558,0.125,0.356222222222222
32,PSD_ABSOLUTE_CHANNEL_BAND,ds004504__EC,CN_vs_FTD,30,20,0.7508459355660262,0.7542005563335489,0.6919043795795702,-0.06229617675397856,-0.05894155598645603,0.7482383808095953,0.7583333333333335,0.6949999999999998,-0.06333333333333334,-0.0532383808095952,0.5330553015141499,0.5355504030221898,0.397450820208095,-0.1380995828140948,-0.13560448130605493,0.13539614144025908,0.125,0.2726666666666664
32,PSD_ABSOLUTE_CHANNEL_BAND,ds006036__EO_or_photomark,AD_FTD_vs_CN,50,20,0.7616482251411292,0.7937376352489831,0.7778749612682054,-0.01586267398077774,0.016226736127076445,0.7755260081823494,0.7939999999999999,0.778,-0.016000000000000014,0.002473991817650506,0.5312714262543523,0.5894466526486699,0.5566245048164125,-0.03282214783225738,0.025353078562060392,0.23983335945100653,0.225,0.42111111111111116
32,PSD_ABSOLUTE_CHANNEL_BAND,ds006036__EO_or_photomark,AD_vs_CN,36,20,0.7626391212349524,0.7633856533769459,0.7884713805611638,0.025085727184217893,0.025832259326211575,0.7656848659003832,0.7638888888888891,0.788888888888889,0.025,0.023204022988505768,0.5292697177533573,0.5296777948004797,0.5801571551626603,0.05047936036218077,0.05088743740930306,0.09625639719757363,0.09090909090909091,0.2306666666666665
32,PSD_ABSOLUTE_CHANNEL_BAND,ds006036__EO_or_photomark,CN_vs_FTD,30,20,0.8114509144347595,0.7907446208580027,0.7826621848416899,-0.00808243601631269,-0.0287887295930698,0.812031484257871,0.7916666666666666,0.7833333333333334,-0.008333333333333326,-0.028698150924537737,0.6266972756714023,0.5886044105845472,0.5700709225307694,-0.018533488053777688,-0.05662635314063273,0.19432040018804708,0.2,0.4137777777777778
32,PSD_REGION_ABSOLUTE,ds004504__EC,AD_FTD_vs_CN,50,20,0.7009026994926423,0.7442162597659647,0.7598956281488843,0.015679368382919567,0.058992928656242026,0.7665546464056108,0.754,0.768,0.014000000000000012,0.0014453535943892704,0.5118202181071633,0.5533216286454228,0.5764634164569579,0.023141787811535162,0.0646431983497947,0.48305050505050523,0.5,0.7891111111111111
32,PSD_REGION_ABSOLUTE,ds004504__EC,AD_vs_CN,36,20,0.7652554122221629,0.7738423574640267,0.7867903844111481,0.012948026947121305,0.021534972188985195,0.7870929118773947,0.7847222222222221,0.7875000000000001,0.0027777777777777844,0.00040708812260534244,0.5991327263043457,0.6263032513990644,0.577741910663296,-0.04856134073576842,-0.021390815641049693,0.25805019980019966,0.2,0.5026666666666667
32,PSD_REGION_ABSOLUTE,ds004504__EC,CN_vs_FTD,30,20,0.739249417220629,0.7586777087830466,0.7267272385754905,-0.03195047020755591,-0.012522178645138354,0.7374062968515742,0.7616666666666667,0.7333333333333331,-0.028333333333333342,-0.004072963518240885,0.4919891945700571,0.5344435642585326,0.4924428349588279,-0.042000729299704526,0.0004536403887708845,0.24809726384726358,0.2,0.5864444444444444
32,PSD_REGION_ABSOLUTE,ds006036__EO_or_photomark,AD_FTD_vs_CN,50,20,0.6895878367824292,0.7555650033566919,0.7746271179993862,0.019062114642694472,0.08503928121695707,0.750175336060783,0.764,0.78,0.01600000000000002,0.02982466393921685,0.4782095374593268,0.5663130872339306,0.586268981233571,0.019955893999640185,0.10805944377424406,0.39412065712065697,0.4,0.6257777777777772
32,PSD_REGION_ABSOLUTE,ds006036__EO_or_photomark,AD_vs_CN,36,20,0.7406512791172641,0.773109152897782,0.7299732549384635,-0.04313589795931875,-0.010678024178800894,0.7632183908045979,0.7805555555555556,0.7388888888888887,-0.04166666666666668,-0.024329501915708818,0.5512020459290409,0.5970717694849526,0.5097916839394973,-0.08728008554545523,-0.04141036198954353,0.3479820179820179,0.30952380952380953,0.6213333333333333
32,PSD_REGION_ABSOLUTE,ds006036__EO_or_photomark,CN_vs_FTD,30,20,0.6971671013639449,0.7088837824792531,0.7194265435928365,0.010542761113583493,0.022259442228891597,0.7003373313343327,0.7166666666666668,0.725,0.008333333333333321,0.024662668665667166,0.4580854129548431,0.45656462348544646,0.46710325276669173,0.010538629281245165,0.00901783981184857,0.40195448995449,0.38461538461538464,0.6288888888888886
33,PSD_ABSOLUTE_CHANNEL_BAND,ds004504__EC,AD_FTD_vs_CN,48,20,0.7514211727263497,0.8121441635768181,0.8025858020749383,-0.00955836150187978,0.051164629348588606,0.7847749853886616,0.8125,0.803125,-0.009374999999999984,0.01835001461133843,0.5373508102617003,0.6271642872327912,0.6092229978909739,-0.017941289341817285,0.07187218762927369,0.12330111228640629,0.09090909090909091,0.2806666666666664
33,PSD_ABSOLUTE_CHANNEL_BAND,ds004504__EC,AD_vs_CN,36,20,0.7836115951114164,0.7562525584866236,0.7433096678697669,-0.012942890616856707,-0.040301927241649424,0.7911159003831418,0.7583333333333333,0.7472222222222221,-0.011111111111111117,-0.04389367816091954,0.5811321623428458,0.5244582752612451,0.509673064830197,-0.01478521043104801,-0.0714590975126487,0.2708172187289833,0.2727272727272727,0.5044444444444444
33,PSD_ABSOLUTE_CHANNEL_BAND,ds004504__EC,CN_vs_FTD,30,20,0.7508459355660262,0.7495917084005321,0.7619657419411247,0.012374033540592595,0.011119806375098356,0.7482383808095953,0.7533333333333332,0.7650000000000001,0.011666666666666681,0.01676161919040481,0.5330553015141499,0.522803299947754,0.5434493594134195,0.020646059465665535,0.010394057899269494,0.11864100931747988,0.1111111111111111,0.24444444444444421
33,PSD_ABSOLUTE_CHANNEL_BAND,ds006036__EO_or_photomark,AD_FTD_vs_CN,48,20,0.7616482251411292,0.7554555734035697,0.758093141789556,0.002637568385986,-0.003555083351573285,0.7755260081823494,0.7562500000000001,0.7583333333333334,0.0020833333333333593,-0.01719267484901616,0.5312714262543523,0.5158293020343647,0.5177120772660505,0.0018827752316858237,-0.013559348988301639,0.22445028990617225,0.2,0.4368888888888888
33,PSD_ABSOLUTE_CHANNEL_BAND,ds006036__EO_or_photomark,AD_vs_CN,36,20,0.7626391212349524,0.7353438519005469,0.7803106866264762,0.04496683472592915,0.017671565391523834,0.7656848659003832,0.7361111111111112,0.7805555555555556,0.044444444444444446,0.014870689655172431,0.5292697177533573,0.47463438566196403,0.5623015681686386,0.08766718250667453,0.033031850415281186,0.1621679023590789,0.16666666666666666,0.3428888888888888
33,PSD_ABSOLUTE_CHANNEL_BAND,ds006036__EO_or_photomark,CN_vs_FTD,30,20,0.8114509144347595,0.782188980392622,0.7723351922385367,-0.009853788154085047,-0.03911572219622302,0.812031484257871,0.7833333333333334,0.7733333333333333,-0.010000000000000004,-0.03869815092453774,0.6266972756714023,0.5723560344112644,0.5515903272132744,-0.020765707197989987,-0.07510694845812785,0.1946678321678321,0.2,0.4662222222222223
33,PSD_REGION_ABSOLUTE,ds004504__EC,AD_FTD_vs_CN,48,20,0.7009026994926423,0.7642799295452066,0.779334867098874,0.015054937553667203,0.07843216760623166,0.7665546464056108,0.7718750000000001,0.7822916666666666,0.01041666666666664,0.0157370202610559,0.5118202181071633,0.5822229453408843,0.5765584855365377,-0.005664459804346858,0.06473826742937432,0.3831510156510158,0.3333333333333333,0.6911111111111107
33,PSD_REGION_ABSOLUTE,ds004504__EC,AD_vs_CN,36,20,0.7652554122221629,0.7287648902896142,0.7341895032237733,0.005424612934158929,-0.03106590899838981,0.7870929118773947,0.7416666666666667,0.7388888888888888,-0.0027777777777777844,-0.048204022988505776,0.5991327263043457,0.5341343154404944,0.4928856051754993,-0.04124871026499509,-0.10624712112884631,0.3730558885558885,0.38461538461538464,0.6851111111111113
33,PSD_REGION_ABSOLUTE,ds004504__EC,CN_vs_FTD,30,20,0.739249417220629,0.761851170300391,0.7436825636957521,-0.018168606604638805,0.004433146475123167,0.7374062968515742,0.7650000000000001,0.7500000000000002,-0.015000000000000003,0.012593703148425806,0.4919891945700571,0.5422569529570829,0.5275507013125926,-0.014706251644490251,0.035561506742535526,0.20104541700129933,0.2,0.5097777777777777
33,PSD_REGION_ABSOLUTE,ds006036__EO_or_photomark,AD_FTD_vs_CN,48,20,0.6895878367824292,0.7246779880963623,0.7156272381190802,-0.00905074997728208,0.026039401336650964,0.750175336060783,0.7333333333333333,0.7291666666666666,-0.004166666666666674,-0.02100866939411653,0.4782095374593268,0.49786828206906264,0.5075140933162369,0.009645811247174257,0.02930455585691012,0.34679822954822936,0.358974358974359,0.5831111111111111
33,PSD_REGION_ABSOLUTE,ds006036__EO_or_photomark,AD_vs_CN,36,20,0.7406512791172641,0.7382365541614521,0.68473577456584,-0.05350077959561185,-0.05591550455142428,0.7632183908045979,0.7486111111111111,0.6972222222222222,-0.05138888888888889,-0.06599616858237548,0.5512020459290409,0.5363254835892047,0.4268536645416085,-0.10947181904759624,-0.12434838138743225,0.34283855033855026,0.3333333333333333,0.6215555555555554
33,PSD_REGION_ABSOLUTE,ds006036__EO_or_photomark,CN_vs_FTD,30,20,0.6971671013639449,0.7104606369972842,0.7344839775981888,0.024023340600904997,0.0373168762342441,0.7003373313343327,0.7183333333333335,0.7450000000000001,0.026666666666666644,0.04466266866566716,0.4580854129548431,0.4603622151975659,0.5320313689783698,0.07166915378080371,0.07394595602352658,0.3867827727827728,0.3333333333333333,0.591111111111111
34,PSD_ABSOLUTE_CHANNEL_BAND,ds004504__EC,AD_FTD_vs_CN,44,20,0.7514211727263497,0.7915693374259493,0.7702980948358242,-0.0212712425901253,0.0188769221094744,0.7847749853886616,0.7920454545454545,0.7715909090909091,-0.020454545454545447,-0.013184076297752501,0.5373508102617003,0.5867292693295195,0.5497748428212429,-0.03695442650827654,0.01242403255954264,0.16094125808831689,0.14583333333333331,0.3104444444444442
34,PSD_ABSOLUTE_CHANNEL_BAND,ds004504__EC,AD_vs_CN,36,20,0.7836115951114164,0.8052038380738191,0.8467658038555872,0.0415619657817682,0.06315420874417077,0.7911159003831418,0.8069444444444445,0.8472222222222223,0.04027777777777777,0.05610632183908045,0.5811321623428458,0.6236646670431855,0.6983866595877662,0.07472199254458076,0.11725449724492054,0.24751245813010506,0.25,0.49422222222222234
34,PSD_ABSOLUTE_CHANNEL_BAND,ds004504__EC,CN_vs_FTD,30,20,0.7508459355660262,0.7415301969697745,0.7590995799288632,0.01756938295908884,0.008253644362837109,0.7482383808095953,0.7449999999999998,0.7616666666666667,0.016666666666666708,0.013428285857071487,0.5330553015141499,0.5038221356300128,0.5348744549062411,0.031052319276228375,0.0018191533920912301,0.1409596628861334,0.125,0.2917777777777776
34,PSD_ABSOLUTE_CHANNEL_BAND,ds006036__EO_or_photomark,AD_FTD_vs_CN,44,20,0.7616482251411292,0.811502086949264,0.8054741838835497,-0.006027903065713986,0.04382595874242082,0.7755260081823494,0.8125,0.8056818181818184,-0.006818181818181784,0.030155809999468663,0.5312714262543523,0.631595157985107,0.6126613400040921,-0.018933817981014983,0.08138991374973983,0.21349211899211887,0.2,0.45222222222222236
34,PSD_ABSOLUTE_CHANNEL_BAND,ds006036__EO_or_photomark,AD_vs_CN,36,20,0.7626391212349524,0.8275345935407854,0.8705561970325905,0.043021603491804734,0.10791707579763803,0.7656848659003832,0.8277777777777778,0.8708333333333332,0.04305555555555555,0.10514846743295019,0.5292697177533573,0.6570715287464896,0.7453437424955104,0.08827221374902092,0.21607402474215287,0.16035361697126396,0.14285714285714285,0.38755555555555576
34,PSD_ABSOLUTE_CHANNEL_BAND,ds006036__EO_or_photomark,CN_vs_FTD,30,20,0.8114509144347595,0.8092099791926604,0.7850986778971101,-0.024111301295550152,-0.026352236537649665,0.812031484257871,0.8100000000000003,0.7866666666666668,-0.023333333333333345,-0.025364817591204403,0.6266972756714023,0.6245636969809985,0.5809636832546402,-0.04360001372635832,-0.04573359241676197,0.2125502732561555,0.2,0.5031111111111111
34,PSD_REGION_ABSOLUTE,ds004504__EC,AD_FTD_vs_CN,44,20,0.7009026994926423,0.7137953761777502,0.7485836902700072,0.03478831409225704,0.047680990777365144,0.7665546464056108,0.7272727272727273,0.7511363636363636,0.023863636363636326,-0.015418282769247126,0.5118202181071633,0.5059935634902503,0.5124453081844795,0.006451744694229386,0.000625090077316301,0.31742972713560924,0.2857142857142857,0.5597777777777774
34,PSD_REGION_ABSOLUTE,ds004504__EC,AD_vs_CN,36,20,0.7652554122221629,0.7547685283484756,0.7616037783224161,0.006835249973940372,-0.0036516338997469476,0.7870929118773947,0.7680555555555557,0.7666666666666665,-0.001388888888888895,-0.020426245210728,0.5991327263043457,0.5985527311963693,0.5531844674590676,-0.04536826373730183,-0.045948258845278186,0.3873226218226218,0.3333333333333333,0.6857777777777776
34,PSD_REGION_ABSOLUTE,ds004504__EC,CN_vs_FTD,30,20,0.739249417220629,0.7390616763401803,0.720990985418414,-0.01807069092176618,-0.018258431802214842,0.7374062968515742,0.7416666666666665,0.7266666666666668,-0.014999999999999975,-0.010739630184907529,0.4919891945700571,0.4915525255119032,0.4741324698426405,-0.017420055669262767,-0.01785672472741673,0.18834997355585587,0.2,0.5108888888888888
34,PSD_REGION_ABSOLUTE,ds006036__EO_or_photomark,AD_FTD_vs_CN,44,20,0.6895878367824292,0.7772773553737479,0.7471303132071812,-0.03014704216656665,0.05754247642475195,0.750175336060783,0.7829545454545455,0.7511363636363637,-0.03181818181818179,0.0009610275755804587,0.4782095374593268,0.5955993863051721,0.5182172679725562,-0.07738211833261602,0.04000773051322938,0.2657854367854367,0.2,0.527111111111111
34,PSD_REGION_ABSOLUTE,ds006036__EO_or_photomark,AD_vs_CN,36,20,0.7406512791172641,0.7937035277883149,0.8029232090633578,0.009219681275042768,0.06227192994609347,0.7632183908045979,0.8013888888888887,0.8069444444444445,0.005555555555555558,0.04372605363984673,0.5512020459290409,0.6452581655328846,0.6346252851239881,-0.01063288040889639,0.08342323919494735,0.2689411699411696,0.25,0.6095555555555555
34,PSD_REGION_ABSOLUTE,ds006036__EO_or_photomark,CN_vs_FTD,30,20,0.6971671013639449,0.7216348972608565,0.7309459894027803,0.009311092141923976,0.03377888803883549,0.7003373313343327,0.7300000000000002,0.7416666666666666,0.011666666666666636,0.04132933533233383,0.4580854129548431,0.4889256897159907,0.5280559143799162,0.03913022466392544,0.06997050142507291,0.3826158008658008,0.3333333333333333,0.5924444444444441
35,PSD_ABSOLUTE_CHANNEL_BAND,ds004504__EC,AD_FTD_vs_CN,46,20,0.7514211727263497,0.766448600230158,0.7547182234587158,-0.011730376771442147,0.0032970507323659636,0.7847749853886616,0.7673913043478261,0.7597826086956523,-0.007608695652173908,-0.02499237669300941,0.5373508102617003,0.5390803367454985,0.5420589928213853,0.002978656075886893,0.004708182559685067,0.267777841439606,0.2727272727272727,0.4644444444444444
35,PSD_ABSOLUTE_CHANNEL_BAND,ds004504__EC,AD_vs_CN,36,20,0.7836115951114164,0.8283270110446967,0.852586333515126,0.024259322470429296,0.06897473840370968,0.7911159003831418,0.8291666666666666,0.8527777777777779,0.0236111111111111,0.06166187739463601,0.5811321623428458,0.6641681103318489,0.7072809419903345,0.043112831658485555,0.12614877964748872,0.21750866453807619,0.2,0.4400000000000003
35,PSD_ABSOLUTE_CHANNEL_BAND,ds004504__EC,CN_vs_FTD,30,20,0.7508459355660262,0.7494629640937183,0.7273232301496345,-0.022139733944083573,-0.023522705416391693,0.7482383808095953,0.7533333333333333,0.7283333333333332,-0.025000000000000033,-0.019905047476261883,0.5330553015141499,0.5232737003877986,0.4614594288476848,-0.061814271540113916,-0.07159587266646514,0.14184124698830572,0.125,0.35133333333333333
35,PSD_ABSOLUTE_CHANNEL_BAND,ds006036__EO_or_photomark,AD_FTD_vs_CN,46,20,0.7616482251411292,0.7558674172842142,0.7780179158369533,0.02215049855273893,0.01636969069582428,0.7755260081823494,0.7565217391304347,0.7782608695652173,0.0217391304347826,0.002734861382867865,0.5312714262543523,0.5156710437671141,0.5577335039185819,0.0420624601514679,0.026462077664229738,0.2800489690048512,0.2727272727272727,0.4944444444444443
35,PSD_ABSOLUTE_CHANNEL_BAND,ds006036__EO_or_photomark,AD_vs_CN,36,20,0.7626391212349524,0.7648014344831295,0.8013226808407724,0.03652124635764274,0.03868355960582001,0.7656848659003832,0.7652777777777778,0.8027777777777778,0.03749999999999999,0.03709291187739465,0.5292697177533573,0.5323297637058385,0.614667233936819,0.08233747023098051,0.08539751618346156,0.1431064474740945,0.125,0.30333333333333296
35,PSD_ABSOLUTE_CHANNEL_BAND,ds006036__EO_or_photomark,CN_vs_FTD,30,20,0.8114509144347595,0.8673827963776807,0.836342840382746,-0.03103995599493456,0.02489192594798618,0.812031484257871,0.8683333333333335,0.8366666666666667,-0.03166666666666666,0.024635182408795614,0.6266972756714023,0.7444466669357986,0.6758610847271072,-0.06858558220869126,0.04916380905570502,0.2413925796425795,0.2,0.5399999999999999
35,PSD_REGION_ABSOLUTE,ds004504__EC,AD_FTD_vs_CN,46,20,0.7009026994926423,0.7717814801105247,0.8384590306772658,0.06667755056674132,0.13755633118462388,0.7665546464056108,0.7782608695652173,0.8413043478260869,0.06304347826086956,0.07474970142047621,0.5118202181071633,0.5920355300950139,0.7035163087673562,0.11148077867234238,0.1916960906601931,0.42512898212898237,0.41428571428571426,0.7499999999999997
35,PSD_REGION_ABSOLUTE,ds004504__EC,AD_vs_CN,36,20,0.7652554122221629,0.7775809171400633,0.778594068029153,0.0010131508890896645,0.013338655806990058,0.7870929118773947,0.7875,0.7805555555555556,-0.006944444444444436,-0.0065373563218391,0.5991327263043457,0.6294433071037954,0.5708613363351586,-0.05858197076863666,-0.028271389969186954,0.35971267621267616,0.3333333333333333,0.6979999999999995
35,PSD_REGION_ABSOLUTE,ds004504__EC,CN_vs_FTD,30,20,0.739249417220629,0.7230862400854916,0.7122005957701287,-0.01088564431536318,-0.027048821450500353,0.7374062968515742,0.725,0.7183333333333332,-0.006666666666666659,-0.019072963518240865,0.4919891945700571,0.45477527021964204,0.4597303363738483,0.004955066154206289,-0.03225885819620884,0.24150849150849132,0.2,0.5424444444444445
35,PSD_REGION_ABSOLUTE,ds006036__EO_or_photomark,AD_FTD_vs_CN,46,20,0.6895878367824292,0.7319323295514955,0.7533769230538162,0.02144459350232077,0.06378908627138688,0.750175336060783,0.7402173913043477,0.7608695652173914,0.020652173913043487,0.010694229156608125,0.4782095374593268,0.5126564087615172,0.5569389667987072,0.044282558037189904,0.07872942933938044,0.33518570318570307,0.2857142857142857,0.5593333333333331
35,PSD_REGION_ABSOLUTE,ds006036__EO_or_photomark,AD_vs_CN,36,20,0.7406512791172641,0.7478459007583673,0.7354452691045584,-0.012400631653808775,-0.0052060100127058586,0.7632183908045979,0.7583333333333334,0.7430555555555556,-0.01527777777777779,-0.020162835249042166,0.5512020459290409,0.5595889094764511,0.5131468056665877,-0.04644210380986353,-0.0380552402624532,0.2911312298812297,0.2727272727272727,0.5846666666666664
35,PSD_REGION_ABSOLUTE,ds006036__EO_or_photomark,CN_vs_FTD,30,20,0.6971671013639449,0.738700306986954,0.720094405710774,-0.01860590127618007,0.02292730434682899,0.7003373313343327,0.7483333333333333,0.725,-0.023333333333333296,0.02466266866566718,0.4580854129548431,0.5344225949131686,0.46338271645675544,-0.07103987845641317,0.005297303501912242,0.34993095793095785,0.2857142857142857,0.5844444444444443
36,PSD_ABSOLUTE_CHANNEL_BAND,ds004504__EC,AD_FTD_vs_CN,50,20,0.7514211727263497,0.7972953573902177,0.8071032960773934,0.009807938687175582,0.05568212335104352,0.7847749853886616,0.7980000000000002,0.8090000000000002,0.011,0.024225014611338448,0.5373508102617003,0.5995934752604524,0.6304684296405976,0.03087495438014511,0.09311761937889731,0.17482507851625492,0.16666666666666666,0.3288888888888886
36,PSD_ABSOLUTE_CHANNEL_BAND,ds004504__EC,AD_vs_CN,36,20,0.7836115951114164,0.7788976929458815,0.803563310213689,0.024665617267807565,0.019951715102272664,0.7911159003831418,0.7819444444444443,0.8055555555555556,0.023611111111111104,0.014439655172413796,0.5811321623428458,0.5785768680744219,0.6218334089311409,0.04325654085671918,0.04070124658829533,0.2387672686790333,0.2,0.4671111111111109
36,PSD_ABSOLUTE_CHANNEL_BAND,ds004504__EC,CN_vs_FTD,30,20,0.7508459355660262,0.7415301969697745,0.7222126664336802,-0.019317530536094453,-0.028633269132346185,0.7482383808095953,0.7449999999999998,0.7249999999999999,-0.019999999999999962,-0.023238380809595182,0.5330553015141499,0.5038221356300128,0.4588235210903943,-0.04499861453961855,-0.07423178042375571,0.1329949805096863,0.125,0.27399999999999974
36,PSD_ABSOLUTE_CHANNEL_BAND,ds006036__EO_or_photomark,AD_FTD_vs_CN,50,20,0.7616482251411292,0.7724963052287104,0.7486238533575265,-0.023872451871183788,-0.013024371783602629,0.7755260081823494,0.773,0.749,-0.02400000000000002,-0.026526008182349514,0.5312714262543523,0.5484721369696453,0.49927297067427706,-0.04919916629536832,-0.03199845558007518,0.25191528732705193,0.25,0.44266666666666643
36,PSD_ABSOLUTE_CHANNEL_BAND,ds006036__EO_or_photomark,AD_vs_CN,36,20,0.7626391212349524,0.7994583949140838,0.8241806230022176,0.02472222808813368,0.06154150176726521,0.7656848659003832,0.8,0.825,0.024999999999999988,0.05931513409961686,0.5292697177533573,0.6028353865202363,0.6567968865089199,0.053961499988683846,0.12752716875556264,0.1503205568940863,0.14285714285714285,0.3415555555555554
36,PSD_ABSOLUTE_CHANNEL_BAND,ds006036__EO_or_photomark,CN_vs_FTD,30,20,0.8114509144347595,0.8176391468113524,0.7952657971180431,-0.022373349693308998,-0.01618511731671659,0.812031484257871,0.8183333333333336,0.7966666666666666,-0.021666666666666688,-0.015364817591204404,0.6266972756714023,0.6411145117133519,0.6008437059072944,-0.04027080580605763,-0.0258535697641079,0.22172782772782765,0.2,0.5246666666666668
36,PSD_REGION_ABSOLUTE,ds004504__EC,AD_FTD_vs_CN,50,20,0.7009026994926423,0.7963208325029296,0.8296881400568863,0.033367307553956636,0.12878544056424418,0.7665546464056108,0.8010000000000002,0.8320000000000001,0.03099999999999999,0.06544535359438927,0.5118202181071633,0.6320898149664973,0.6820565662135996,0.049966751247102495,0.1702363481064365,0.48572222222222267,0.5,0.7835555555555552
36,PSD_REGION_ABSOLUTE,ds004504__EC,AD_vs_CN,36,20,0.7652554122221629,0.7482286715836319,0.7855392504421499,0.03731057885851824,0.020283838219987166,0.7870929118773947,0.7625,0.788888888888889,0.02638888888888888,0.0017959770114942264,0.5991327263043457,0.5899074821891899,0.5949746037662252,0.005067121577035469,-0.004158122538120307,0.3576711066711066,0.3333333333333333,0.6942222222222221
36,PSD_REGION_ABSOLUTE,ds004504__EC,CN_vs_FTD,30,20,0.739249417220629,0.7390616763401803,0.7180167932944999,-0.021044883045680463,-0.021232623926129124,0.7374062968515742,0.7416666666666665,0.7233333333333333,-0.018333333333333306,-0.01407296351824086,0.4919891945700571,0.4915525255119032,0.46404401986263216,-0.027508505649271087,-0.027945174707425045,0.21057541478129704,0.2,0.5571111111111111
36,PSD_REGION_ABSOLUTE,ds006036__EO_or_photomark,AD_FTD_vs_CN,50,20,0.6895878367824292,0.7331063022130929,0.6758191591809076,-0.05728714303218526,-0.013768677601521595,0.750175336060783,0.742,0.6930000000000001,-0.04900000000000002,-0.05717533606078319,0.4782095374593268,0.5188042950093552,0.43265858464454165,-0.08614571036481353,-0.045550952814785196,0.31060475635475615,0.2792207792207792,0.5208888888888888
36,PSD_REGION_ABSOLUTE,ds006036__EO_or_photomark,AD_vs_CN,36,20,0.7406512791172641,0.7622299434417782,0.8064517109402158,0.044221767498437516,0.06580043182295142,0.7632183908045979,0.7736111111111111,0.8111111111111112,0.03749999999999998,0.047892720306513384,0.5512020459290409,0.6000008348941881,0.651055310393902,0.05105447549971383,0.09985326446486116,0.25003155178155173,0.25,0.516222222222222
36,PSD_REGION_ABSOLUTE,ds006036__EO_or_photomark,CN_vs_FTD,30,20,0.6971671013639449,0.7200602366273723,0.729654794714897,0.009594558087524819,0.032487693350952175,0.7003373313343327,0.7283333333333335,0.7383333333333334,0.009999999999999959,0.03799600199900049,0.4580854129548431,0.48485142470384135,0.5109357372850665,0.026084312581225066,0.052850324330223256,0.38288594738594744,0.3333333333333333,0.6224444444444445
37,PSD_ABSOLUTE_CHANNEL_BAND,ds004504__EC,AD_FTD_vs_CN,48,20,0.7514211727263497,0.7599016317306759,0.7827964041488258,0.022894772418149707,0.03137523142247597,0.7847749853886616,0.7614583333333333,0.7854166666666667,0.02395833333333335,0.0006416812780050852,0.5373508102617003,0.5299500158766379,0.5852785340495779,0.05532851817294001,0.04792772378787772,0.15157964584435168,0.125,0.3146666666666664
37,PSD_ABSOLUTE_CHANNEL_BAND,ds004504__EC,AD_vs_CN,36,20,0.7836115951114164,0.7760736340093299,0.769532738970626,-0.006540895038703948,-0.014078856140790514,0.7911159003831418,0.7791666666666666,0.7708333333333334,-0.008333333333333342,-0.02028256704980843,0.5811321623428458,0.572209285306354,0.5475441719786494,-0.024665113327704626,-0.03358799036419624,0.22232422969187662,0.2,0.42888888888888876
37,PSD_ABSOLUTE_CHANNEL_BAND,ds004504__EC,CN_vs_FTD,30,20,0.7508459355660262,0.7415286742975353,0.6377496846325161,-0.10377898966501908,-0.11309625093351014,0.7482383808095953,0.7449999999999999,0.6433333333333332,-0.10166666666666666,-0.10490504747626184,0.5330553015141499,0.5043111893943908,0.2964244554921807,-0.20788673390221,-0.23663084602196918,0.13956695428754246,0.125,0.28688888888888864
37,PSD_ABSOLUTE_CHANNEL_BAND,ds006036__EO_or_photomark,AD_FTD_vs_CN,48,20,0.7616482251411292,0.7711910503131061,0.7432764231442073,-0.02791462716889868,-0.01837180199692177,0.7755260081823494,0.7718750000000001,0.74375,-0.02812499999999999,-0.031776008182349505,0.5312714262543523,0.5471304469700208,0.4892882872458948,-0.05784215972412597,-0.04198313900845739,0.27133104803693014,0.2727272727272727,0.4919999999999999
37,PSD_ABSOLUTE_CHANNEL_BAND,ds006036__EO_or_photomark,AD_vs_CN,36,20,0.7626391212349524,0.8010194014837978,0.8202601018825864,0.01924070039878863,0.05762098064763417,0.7656848659003832,0.8013888888888887,0.8208333333333332,0.019444444444444414,0.055148467432950175,0.5292697177533573,0.6048084701898119,0.6458806972578184,0.041072227068006686,0.11661097950446102,0.1572698755492872,0.14285714285714285,0.3479999999999998
37,PSD_ABSOLUTE_CHANNEL_BAND,ds006036__EO_or_photomark,CN_vs_FTD,30,20,0.8114509144347595,0.8159523037839838,0.8109686380373173,-0.004983665746666305,-0.00048227639744234386,0.812031484257871,0.816666666666667,0.8116666666666669,-0.005000000000000016,-0.00036481759120438604,0.6266972756714023,0.6377297173603802,0.6272302992559573,-0.010499418104422962,0.0005330235845551368,0.15711537482125715,0.14285714285714285,0.41666666666666674
37,PSD_REGION_ABSOLUTE,ds004504__EC,AD_FTD_vs_CN,48,20,0.7009026994926423,0.7572558087060483,0.8022876964260398,0.04503188771999146,0.1013849969333976,0.7665546464056108,0.7656250000000001,0.8052083333333332,0.03958333333333332,0.038653686927722586,0.5118202181071633,0.5723803808088894,0.6260517573315886,0.053671376522699155,0.11423153922442533,0.40081096681096695,0.3333333333333333,0.679111111111111
37,PSD_REGION_ABSOLUTE,ds004504__EC,AD_vs_CN,36,20,0.7652554122221629,0.727769209996494,0.7992889341167204,0.07151972412022645,0.034033521894557536,0.7870929118773947,0.7458333333333333,0.8,0.05416666666666666,0.012907088122605336,0.5991327263043457,0.565224527875549,0.6051824350999058,0.039957907224356784,0.006049708795560155,0.25768734043734026,0.2,0.528
37,PSD_REGION_ABSOLUTE,ds004504__EC,CN_vs_FTD,30,20,0.739249417220629,0.7344916164441945,0.7288014756904665,-0.005690140753727974,-0.01044794153016237,0.7374062968515742,0.7366666666666666,0.7399999999999999,0.0033333333333333383,0.0025937031484257965,0.4919891945700571,0.47974702931445606,0.5270169174846339,0.04726988817017774,0.03502772291457674,0.21203651903651885,0.2,0.49422222222222234
37,PSD_REGION_ABSOLUTE,ds006036__EO_or_photomark,AD_FTD_vs_CN,48,20,0.6895878367824292,0.7633079754965191,0.7698483617687731,0.006540386272254117,0.08026052498634399,0.750175336060783,0.7687499999999999,0.7749999999999998,0.006250000000000028,0.02482466393921682,0.4782095374593268,0.5634281413082427,0.5768184103236454,0.013390269015402714,0.0986088728643186,0.3373808413808412,0.2857142857142857,0.5882222222222222
37,PSD_REGION_ABSOLUTE,ds006036__EO_or_photomark,AD_vs_CN,36,20,0.7406512791172641,0.7817017707804982,0.7609194199665945,-0.020782350813903738,0.02026814084933016,0.7632183908045979,0.7888888888888889,0.7680555555555555,-0.020833333333333353,0.00483716475095784,0.5512020459290409,0.6137446029849801,0.5690128325764705,-0.04473177040850957,0.017810786647429726,0.29350394050394035,0.2727272727272727,0.5975555555555555
37,PSD_REGION_ABSOLUTE,ds006036__EO_or_photomark,CN_vs_FTD,30,20,0.6971671013639449,0.7306486217664034,0.73562605628457,0.0049774345181663685,0.03845895492062498,0.7003373313343327,0.7399999999999999,0.7383333333333333,-0.0016666666666666607,0.037996001999000495,0.4580854129548431,0.5143344913999879,0.4857150844226477,-0.02861940697734034,0.0276296714678045,0.38837881562881565,0.3333333333333333,0.6077777777777775
38,PSD_ABSOLUTE_CHANNEL_BAND,ds004504__EC,AD_FTD_vs_CN,46,20,0.7514211727263497,0.7919583725530901,0.7332698239799764,-0.058688548573113605,-0.018151348746373374,0.7847749853886616,0.7923913043478261,0.7369565217391304,-0.055434782608695644,-0.04781846364953115,0.5373508102617003,0.5871052454387575,0.486373573739729,-0.10073167169902857,-0.05097723652197127,0.1738090112501877,0.16666666666666666,0.3328888888888887
38,PSD_ABSOLUTE_CHANNEL_BAND,ds004504__EC,AD_vs_CN,36,20,0.7836115951114164,0.7804945686018814,0.7566615589004364,-0.02383300970144487,-0.02695003621098001,0.7911159003831418,0.7833333333333333,0.7583333333333335,-0.025000000000000012,-0.03278256704980843,0.5811321623428458,0.579512740634764,0.5242154609233932,-0.05529727971137077,-0.056916701419452466,0.14160405933935347,0.125,0.30777777777777754
38,PSD_ABSOLUTE_CHANNEL_BAND,ds004504__EC,CN_vs_FTD,30,20,0.7508459355660262,0.7463846757817347,0.7190493643681499,-0.027335311413584668,-0.031796571197876225,0.7482383808095953,0.7499999999999998,0.7216666666666665,-0.02833333333333331,-0.026571714142928526,0.5330553015141499,0.514982103594989,0.45222668978555597,-0.06275541380943292,-0.08082861172859396,0.15345154192213012,0.125,0.31044444444444413
38,PSD_ABSOLUTE_CHANNEL_BAND,ds006036__EO_or_photomark,AD_FTD_vs_CN,46,20,0.7616482251411292,0.8001842824478276,0.8053209660458609,0.005136683598033487,0.04367274090473178,0.7755260081823494,0.8010869565217391,0.8065217391304348,0.005434782608695637,0.030995730948085238,0.5312714262543523,0.6076578316468229,0.6202190392459759,0.012561207599152954,0.08894761299162371,0.2460285270285269,0.2,0.502888888888889
38,PSD_ABSOLUTE_CHANNEL_BAND,ds006036__EO_or_photomark,AD_vs_CN,36,20,0.7626391212349524,0.773232313610603,0.7754796442064242,0.002247330595821295,0.012840522971472113,0.7656848659003832,0.7736111111111111,0.776388888888889,0.0027777777777777566,0.010704022988505752,0.5292697177533573,0.5487548502918932,0.5573549132717815,0.008600062979888478,0.028085195518424193,0.12932015043779746,0.1111111111111111,0.3115555555555553
38,PSD_ABSOLUTE_CHANNEL_BAND,ds006036__EO_or_photomark,CN_vs_FTD,30,20,0.8114509144347595,0.8126975341412136,0.8146594885102951,0.00196195436908157,0.003208574075535331,0.812031484257871,0.8133333333333337,0.8150000000000002,0.001666666666666644,0.002968515742128941,0.6266972756714023,0.6306917695257657,0.6321218849874822,0.0014301154617166495,0.005424609316080092,0.17785441356029583,0.16666666666666666,0.48111111111111127
38,PSD_REGION_ABSOLUTE,ds004504__EC,AD_FTD_vs_CN,46,20,0.7009026994926423,0.7610836690638081,0.7879890005792174,0.026905331515409414,0.08708630108657527,0.7665546464056108,0.768478260869565,0.7913043478260869,0.0228260869565217,0.024749701420476194,0.5118202181071633,0.5748389561270538,0.5971403025690495,0.022301346441995714,0.0853200844618863,0.3979435564435566,0.3333333333333333,0.6446666666666663
38,PSD_REGION_ABSOLUTE,ds004504__EC,AD_vs_CN,36,20,0.7652554122221629,0.7312605393388913,0.7811891355452838,0.04992859620639222,0.015933723323120763,0.7870929118773947,0.7486111111111111,0.7833333333333333,0.034722222222222224,-0.0037595785440613207,0.5991327263043457,0.5698934642416851,0.5741123042875931,0.004218840045907948,-0.025020422016752576,0.2521873126873124,0.2,0.49911111111111106
38,PSD_REGION_ABSOLUTE,ds004504__EC,CN_vs_FTD,30,20,0.739249417220629,0.7553492469786146,0.7330068660942999,-0.022342380884314738,-0.006242551126329049,0.7374062968515742,0.7583333333333335,0.7366666666666666,-0.021666666666666678,-0.0007396301849075471,0.4919891945700571,0.527935041592881,0.48896686367127434,-0.03896817792160657,-0.003022330898782827,0.24750333000332986,0.2,0.5564444444444447
38,PSD_REGION_ABSOLUTE,ds006036__EO_or_photomark,AD_FTD_vs_CN,46,20,0.6895878367824292,0.7584099713431421,0.7861109776550665,0.027701006311924375,0.09652314087263728,0.750175336060783,0.7652173913043477,0.7880434782608694,0.022826086956521767,0.03786814220008639,0.4782095374593268,0.5614685063068823,0.586595756604241,0.02512725029735884,0.10838621914491427,0.25250438450438445,0.2,0.5002222222222222
38,PSD_REGION_ABSOLUTE,ds006036__EO_or_photomark,AD_vs_CN,36,20,0.7406512791172641,0.772374680200163,0.7572406329754932,-0.015134047224669805,0.01658935385822901,0.7632183908045979,0.7805555555555556,0.7666666666666668,-0.01388888888888889,0.0034482758620689724,0.5512020459290409,0.5997417087739709,0.5770211509376623,-0.022720557836308518,0.025819105008621564,0.3489056499056498,0.39230769230769236,0.6242222222222222
38,PSD_REGION_ABSOLUTE,ds006036__EO_or_photomark,CN_vs_FTD,30,20,0.6971671013639449,0.7275401412153333,0.6920200489581968,-0.03552009225713629,-0.005147052405748076,0.7003373313343327,0.7366666666666666,0.7049999999999998,-0.03166666666666666,0.004662668665667158,0.4580854129548431,0.5059078285975637,0.4488658502841082,-0.05704197831345553,-0.009219562670734963,0.39161782661782674,0.38461538461538464,0.6659999999999998
39,PSD_ABSOLUTE_CHANNEL_BAND,ds004504__EC,AD_FTD_vs_CN,46,20,0.7514211727263497,0.7895249387037051,0.7695868229571937,-0.019938115746511286,0.018165650230843877,0.7847749853886616,0.7902173913043479,0.7706521739130433,-0.019565217391304346,-0.01412281147561813,0.5373508102617003,0.5838669634646897,0.5464978698462473,-0.037369093618442414,0.009147059584547165,0.15677949338243458,0.125,0.3022222222222219
39,PSD_ABSOLUTE_CHANNEL_BAND,ds004504__EC,AD_vs_CN,36,20,0.7836115951114164,0.7760736340093299,0.7733252846410739,-0.002748349368255798,-0.010286310470342364,0.7911159003831418,0.7791666666666666,0.775,-0.004166666666666674,-0.016115900383141764,0.5811321623428458,0.572209285306354,0.5577157436680844,-0.014493541638269561,-0.023416418674761172,0.25237699065640223,0.25,0.4946666666666665
39,PSD_ABSOLUTE_CHANNEL_BAND,ds004504__EC,CN_vs_FTD,30,20,0.7508459355660262,0.7415301969697745,0.7264958212913745,-0.015034375678400092,-0.024350114274651825,0.7482383808095953,0.7449999999999998,0.7283333333333333,-0.016666666666666653,-0.019905047476261872,0.5330553015141499,0.5038221356300128,0.46245846804136204,-0.041363667588650795,-0.07059683347278793,0.1490754947666712,0.125,0.3182222222222221
39,PSD_ABSOLUTE_CHANNEL_BAND,ds006036__EO_or_photomark,AD_FTD_vs_CN,46,20,0.7616482251411292,0.7703302027609032,0.7430954207974213,-0.027234781963482037,-0.018552804343707874,0.7755260081823494,0.7706521739130434,0.7434782608695653,-0.02717391304347826,-0.03204774731278429,0.5312714262543523,0.5427253650623675,0.48810213250178974,-0.054623232560577696,-0.04316929375256243,0.24949227569815804,0.2,0.4382222222222222
39,PSD_ABSOLUTE_CHANNEL_BAND,ds006036__EO_or_photomark,AD_vs_CN,36,20,0.7626391212349524,0.7633856533769459,0.7763962257567133,0.013010572379767415,0.013757104521761099,0.7656848659003832,0.7638888888888891,0.7777777777777777,0.013888888888888857,0.012092911877394624,0.5292697177533573,0.5296777948004797,0.562125239106142,0.032447444305662355,0.03285552135278465,0.129524787304199,0.11805555555555555,0.297333333333333
39,PSD_ABSOLUTE_CHANNEL_BAND,ds006036__EO_or_photomark,CN_vs_FTD,30,20,0.8114509144347595,0.8392916839216898,0.824556905242696,-0.014734778678993653,0.013105990807936185,0.812031484257871,0.8400000000000002,0.8250000000000002,-0.014999999999999986,0.01296851574212895,0.6266972756714023,0.6847532332570885,0.6535633705711122,-0.03118986268597628,0.02686609489971009,0.22465189385777606,0.2,0.5519999999999999
39,PSD_REGION_ABSOLUTE,ds004504__EC,AD_FTD_vs_CN,46,20,0.7009026994926423,0.7658622803000242,0.7851021662372984,0.019239885937274142,0.08419946674465612,0.7665546464056108,0.7728260869565216,0.7891304347826086,0.01630434782608693,0.02257578837699793,0.5118202181071633,0.5836363038010839,0.5998362286956926,0.01619992489460876,0.08801601058852952,0.437626262626263,0.4,0.7393333333333331
39,PSD_REGION_ABSOLUTE,ds004504__EC,AD_vs_CN,36,20,0.7652554122221629,0.749552992811722,0.7920894366074276,0.042536443795705384,0.026834024385264575,0.7870929118773947,0.763888888888889,0.7930555555555554,0.029166666666666674,0.005962643678160911,0.5991327263043457,0.5936109475433045,0.5924283169258319,-0.0011826306174724161,-0.006704409378513671,0.23874136974136964,0.2,0.47311111111111115
39,PSD_REGION_ABSOLUTE,ds004504__EC,CN_vs_FTD,30,20,0.739249417220629,0.7324889045856093,0.7094787233928859,-0.02301018119272345,-0.029770693827743083,0.7374062968515742,0.735,0.715,-0.019999999999999955,-0.022406296851574185,0.4919891945700571,0.47768605136006315,0.44819967867357613,-0.029486372686486923,-0.04378951589648096,0.22402427148015375,0.2,0.5422222222222224
39,PSD_REGION_ABSOLUTE,ds006036__EO_or_photomark,AD_FTD_vs_CN,46,20,0.6895878367824292,0.7217833026467118,0.7277393686483535,0.00595606600164193,0.03815153186592439,0.750175336060783,0.731521739130435,0.7358695652173914,0.004347826086956524,-0.01430577084339189,0.4782095374593268,0.49785236758881657,0.5017672952071124,0.003914927618295589,0.023557757747785377,0.3824945054945055,0.38461538461538464,0.5937777777777777
39,PSD_REGION_ABSOLUTE,ds006036__EO_or_photomark,AD_vs_CN,36,20,0.7406512791172641,0.7478459007583673,0.7437300863936999,-0.00411581436466738,0.0030788072764355357,0.7632183908045979,0.7583333333333334,0.7513888888888889,-0.006944444444444436,-0.011829501915708812,0.5512020459290409,0.5595889094764511,0.5332184032262692,-0.02637050625018208,-0.017983642702771745,0.2764372016872016,0.2727272727272727,0.5533333333333333
39,PSD_REGION_ABSOLUTE,ds006036__EO_or_photomark,CN_vs_FTD,30,20,0.6971671013639449,0.738700306986954,0.723661155569084,-0.015039151417869939,0.026494054205139124,0.7003373313343327,0.7483333333333333,0.7333333333333334,-0.015000000000000008,0.03299600199900047,0.4580854129548431,0.5344225949131686,0.4986852121001489,-0.03573738281301978,0.040599799145305634,0.3989519092019092,0.38461538461538464,0.6433333333333334
40,PSD_ABSOLUTE_CHANNEL_BAND,ds004504__EC,AD_FTD_vs_CN,44,20,0.7514211727263497,0.8065091631963606,0.7313003131147454,-0.0752088500816153,-0.020120859611604248,0.7847749853886616,0.8068181818181819,0.7329545454545453,-0.07386363636363635,-0.05182043993411613,0.5373508102617003,0.6152125023804393,0.4720505776789383,-0.14316192470150085,-0.06530023258276182,0.17721416165533804,0.16666666666666666,0.34666666666666646
40,PSD_ABSOLUTE_CHANNEL_BAND,ds004504__EC,AD_vs_CN,36,20,0.7836115951114164,0.7804945686018814,0.7521488107012694,-0.028345757900611834,-0.03146278441014698,0.7911159003831418,0.7833333333333333,0.7541666666666669,-0.029166666666666684,-0.0369492337164751,0.5811321623428458,0.579512740634764,0.5154760711131597,-0.06403666952160424,-0.06565609122968596,0.14877233550762967,0.14285714285714285,0.3066666666666664
40,PSD_ABSOLUTE_CHANNEL_BAND,ds004504__EC,CN_vs_FTD,30,20,0.7508459355660262,0.7542005563335489,0.7091458519646906,-0.045054704368858,-0.04170008360133547,0.7482383808095953,0.7583333333333335,0.7116666666666666,-0.04666666666666668,-0.03657171414292854,0.5330553015141499,0.5355504030221898,0.4298447222437991,-0.10570568077839068,-0.1032105792703508,0.1459090843796726,0.125,0.29577777777777753
40,PSD_ABSOLUTE_CHANNEL_BAND,ds006036__EO_or_photomark,AD_FTD_vs_CN,44,20,0.7616482251411292,0.7768243580532015,0.7681184675465934,-0.008705890506608232,0.006470242405464272,0.7755260081823494,0.7772727272727272,0.7693181818181818,-0.007954545454545447,-0.006207826364167707,0.5312714262543523,0.5568246516680545,0.5441876080521484,-0.012637043615906044,0.01291618179779622,0.18713331929508395,0.2,0.39466666666666683
40,PSD_ABSOLUTE_CHANNEL_BAND,ds006036__EO_or_photomark,AD_vs_CN,36,20,0.7626391212349524,0.7633856533769459,0.7813228330256192,0.017937179648673456,0.01868371179066714,0.7656848659003832,0.7638888888888891,0.7819444444444446,0.018055555555555547,0.016259578544061314,0.5292697177533573,0.5296777948004797,0.5672553112188148,0.03757751641833521,0.037985593465457504,0.12566448910566552,0.1111111111111111,0.2937777777777775
40,PSD_ABSOLUTE_CHANNEL_BAND,ds006036__EO_or_photomark,CN_vs_FTD,30,20,0.8114509144347595,0.8126975341412136,0.7762050533407597,-0.03649248080045373,-0.03524586109399997,0.812031484257871,0.8133333333333337,0.7766666666666668,-0.036666666666666695,-0.0353648175912044,0.6266972756714023,0.6306917695257657,0.5557542476047451,-0.07493752192102056,-0.07094302806665709,0.18329417804417794,0.16666666666666666,0.4168888888888892
40,PSD_REGION_ABSOLUTE,ds004504__EC,AD_FTD_vs_CN,44,20,0.7009026994926423,0.7648736640019436,0.7681618634648409,0.0032881994628975175,0.06725916397219873,0.7665546464056108,0.7715909090909091,0.7715909090909091,5.551115123125783e-18,0.005036262685298332,0.5118202181071633,0.5792907504941482,0.56055032609515,-0.018740424398998142,0.04873010798798688,0.4449947829947832,0.4,0.7099999999999997
40,PSD_REGION_ABSOLUTE,ds004504__EC,AD_vs_CN,36,20,0.7652554122221629,0.7312605393388913,0.7774771200429097,0.046216580704018,0.012221707820746535,0.7870929118773947,0.7486111111111111,0.7791666666666667,0.03055555555555554,-0.007926245210728006,0.5991327263043457,0.5698934642416851,0.5660800360521296,-0.0038134281895554345,-0.033052690252215966,0.25366250416250397,0.2,0.48800000000000004
40,PSD_REGION_ABSOLUTE,ds004504__EC,CN_vs_FTD,30,20,0.739249417220629,0.7521836522134362,0.7389688118524436,-0.01321484036099257,-0.00028060536818532713,0.7374062968515742,0.7550000000000001,0.7449999999999998,-0.010000000000000004,0.00759370314842579,0.4919891945700571,0.5199153892907675,0.5174591269641188,-0.002456262326648628,0.02546993239406183,0.2718041958041957,0.2,0.5684444444444444
40,PSD_REGION_ABSOLUTE,ds006036__EO_or_photomark,AD_FTD_vs_CN,44,20,0.6895878367824292,0.722134040323479,0.7437500085864022,0.021615968262923058,0.054162171803972745,0.750175336060783,0.7340909090909091,0.7488636363636365,0.01477272727272727,-0.0013116996971468176,0.4782095374593268,0.5123031577378907,0.5181359881341814,0.0058328303962904395,0.039926450674854494,0.30771023421023413,0.2727272727272727,0.536
40,PSD_REGION_ABSOLUTE,ds006036__EO_or_photomark,AD_vs_CN,36,20,0.7406512791172641,0.7697826411245634,0.7311119846503079,-0.03867065647425558,-0.009539294466956377,0.7632183908045979,0.7777777777777778,0.738888888888889,-0.0388888888888889,-0.024329501915708818,0.5512020459290409,0.5923370906224582,0.5068324790388591,-0.08550461158359905,-0.04436956689018175,0.3423461815961815,0.2792207792207792,0.5993333333333333
40,PSD_REGION_ABSOLUTE,ds006036__EO_or_photomark,CN_vs_FTD,30,20,0.6971671013639449,0.7275401412153333,0.7137273380329648,-0.013812803182368438,0.016560236669019773,0.7003373313343327,0.7366666666666666,0.72,-0.016666666666666653,0.019662668665667172,0.4580854129548431,0.5059078285975637,0.45795262484804633,-0.047955203749517464,-0.00013278810679688557,0.4114774114774116,0.38461538461538464,0.6613333333333332
41,PSD_ABSOLUTE_CHANNEL_BAND,ds004504__EC,AD_FTD_vs_CN,48,20,0.7514211727263497,0.7707329688379636,0.7657298009986147,-0.005003167839348943,0.014308628272264973,0.7847749853886616,0.771875,0.7687499999999998,-0.003124999999999989,-0.016024985388661574,0.5373508102617003,0.5493033108085997,0.5499326326656561,0.0006293218570563753,0.012581822403955837,0.20013475250239954,0.2,0.374222222222222
41,PSD_ABSOLUTE_CHANNEL_BAND,ds004504__EC,AD_vs_CN,36,20,0.7836115951114164,0.8095470717230622,0.8482396195554089,0.038692547832346755,0.06462802444399263,0.7911159003831418,0.8111111111111112,0.8486111111111109,0.03750000000000001,0.05749521072796935,0.5811321623428458,0.6311657440193114,0.7000259767028807,0.06886023268356907,0.11889381436003481,0.18908985295749997,0.16666666666666666,0.3717777777777777
41,PSD_ABSOLUTE_CHANNEL_BAND,ds004504__EC,CN_vs_FTD,30,20,0.7508459355660262,0.7542005563335489,0.7053439527475642,-0.048856603585984495,-0.04550198281846197,0.7482383808095953,0.7583333333333335,0.7099999999999997,-0.048333333333333346,-0.0382383808095952,0.5330553015141499,0.5355504030221898,0.43507405632331614,-0.10047634669887376,-0.09798124519083393,0.15827637395284447,0.125,0.3166666666666664
41,PSD_ABSOLUTE_CHANNEL_BAND,ds006036__EO_or_photomark,AD_FTD_vs_CN,48,20,0.7616482251411292,0.8147026620567445,0.8224552093759353,0.007752547319191011,0.060806984234806405,0.7755260081823494,0.815625,0.8229166666666667,0.0072916666666667015,0.047390658484317165,0.5312714262543523,0.6374183214958559,0.6488279583634007,0.011409636867544815,0.1175565321090486,0.28571136216724435,0.2857142857142857,0.5062222222222222
41,PSD_ABSOLUTE_CHANNEL_BAND,ds006036__EO_or_photomark,AD_vs_CN,36,20,0.7626391212349524,0.7897415750424649,0.8246534963562828,0.03491192131381763,0.06201437512133051,0.7656848659003832,0.7902777777777777,0.825,0.0347222222222222,0.059315134099616876,0.5292697177533573,0.583178717856603,0.6526656286092509,0.06948691075264805,0.12339591085589349,0.1277484998661469,0.125,0.29999999999999977
41,PSD_ABSOLUTE_CHANNEL_BAND,ds006036__EO_or_photomark,CN_vs_FTD,30,20,0.8114509144347595,0.8126975341412136,0.8180224844316891,0.005324950290475733,0.006571569996929494,0.812031484257871,0.8133333333333337,0.8183333333333336,0.004999999999999988,0.006301849075462285,0.6266972756714023,0.6306917695257657,0.6391349605358647,0.008443191010099138,0.01243768486446258,0.16167089283265745,0.14285714285714285,0.3546666666666667
41,PSD_REGION_ABSOLUTE,ds004504__EC,AD_FTD_vs_CN,48,20,0.7009026994926423,0.7397121404266142,0.7725735816960906,0.03286144126947626,0.07167088220344833,0.7665546464056108,0.75,0.7802083333333334,0.030208333333333327,0.013653686927722586,0.5118202181071633,0.545812301192773,0.5995279859220444,0.053715684729271296,0.08770776781488125,0.46182306582306615,0.4642857142857143,0.7428888888888885
41,PSD_REGION_ABSOLUTE,ds004504__EC,AD_vs_CN,36,20,0.7652554122221629,0.758109269845719,0.74280736581225,-0.015301904033469154,-0.022448046409913047,0.7870929118773947,0.7708333333333335,0.748611111111111,-0.0222222222222222,-0.038481800766283526,0.5991327263043457,0.603167617064515,0.5176789834952358,-0.08548863356927924,-0.08145374280910982,0.37618797868797876,0.3333333333333333,0.669111111111111
41,PSD_REGION_ABSOLUTE,ds004504__EC,CN_vs_FTD,30,20,0.739249417220629,0.7586777087830466,0.7308091206663516,-0.027868588116695014,-0.00844029655427746,0.7374062968515742,0.7616666666666667,0.7383333333333333,-0.023333333333333338,0.0009270364817591193,0.4919891945700571,0.5344435642585326,0.5066569660486889,-0.027786598209843492,0.014667771478631913,0.24192540792540776,0.2,0.5588888888888889
41,PSD_REGION_ABSOLUTE,ds006036__EO_or_photomark,AD_FTD_vs_CN,48,20,0.6895878367824292,0.7805707777580231,0.74531133575037,-0.03525944200765293,0.055723498967940835,0.750175336060783,0.7854166666666667,0.7499999999999999,-0.03541666666666668,-0.00017533606078319331,0.4782095374593268,0.5974376573279787,0.5174901482259803,-0.07994750910199845,0.03928061076665347,0.3151783771783771,0.2727272727272727,0.5662222222222222
41,PSD_REGION_ABSOLUTE,ds006036__EO_or_photomark,AD_vs_CN,36,20,0.7406512791172641,0.781739169569763,0.7680709061989662,-0.013668263370797223,0.027419627081701797,0.7632183908045979,0.7902777777777779,0.7722222222222223,-0.018055555555555537,0.009003831417624519,0.5512020459290409,0.6238061568685801,0.5651015707816365,-0.05870458608694342,0.013899524852595796,0.31405913530913504,0.2792207792207792,0.6119999999999999
41,PSD_REGION_ABSOLUTE,ds006036__EO_or_photomark,CN_vs_FTD,30,20,0.6971671013639449,0.7275401412153333,0.7395170667054174,0.011976925490084273,0.042349965341472486,0.7003373313343327,0.7366666666666666,0.7416666666666665,0.0050000000000000044,0.04132933533233383,0.4580854129548431,0.5059078285975637,0.4901260830255092,-0.0157817455720545,0.03204067007066608,0.3844904539904541,0.38461538461538464,0.6259999999999999
42,PSD_ABSOLUTE_CHANNEL_BAND,ds004504__EC,AD_FTD_vs_CN,48,20,0.7514211727263497,0.817440961821247,0.8130263713212058,-0.004414590500041271,0.06160519859485595,0.7847749853886616,0.8177083333333333,0.8135416666666666,-0.004166666666666663,0.02876668127800509,0.5373508102617003,0.6368404756097713,0.6298246102436166,-0.00701586536615465,0.09247379998191656,0.26244693215281434,0.26136363636363635,0.45044444444444437
42,PSD_ABSOLUTE_CHANNEL_BAND,ds004504__EC,AD_vs_CN,36,20,0.7836115951114164,0.8066776195533049,0.7996948120167933,-0.006982807536511537,0.016083216905376996,0.7911159003831418,0.8083333333333333,0.8000000000000002,-0.008333333333333321,0.008884099616858243,0.5811321623428458,0.6251256720128108,0.6017287894302571,-0.023396882582553725,0.020596627087411373,0.17269236972178142,0.16666666666666666,0.35555555555555557
42,PSD_ABSOLUTE_CHANNEL_BAND,ds004504__EC,CN_vs_FTD,30,20,0.7508459355660262,0.7525557453047858,0.7550148890168602,0.002459143712074463,0.0041689534508339895,0.7482383808095953,0.7566666666666666,0.7583333333333334,0.0016666666666666553,0.010094952523738116,0.5330553015141499,0.532250711441346,0.5328392650431281,0.0005885536017822158,-0.00021603647102180212,0.1413774232303643,0.125,0.322222222222222
42,PSD_ABSOLUTE_CHANNEL_BAND,ds006036__EO_or_photomark,AD_FTD_vs_CN,48,20,0.7616482251411292,0.8139700153470747,0.8055836084508377,-0.008386406896237014,0.04393538330970857,0.7755260081823494,0.815625,0.80625,-0.009374999999999994,0.030723991817650488,0.5312714262543523,0.6428926745862443,0.6165503871397595,-0.026342287446484775,0.08527896088540743,0.2317546065046064,0.2,0.47422222222222243
42,PSD_ABSOLUTE_CHANNEL_BAND,ds006036__EO_or_photomark,AD_vs_CN,36,20,0.7626391212349524,0.773232313610603,0.7815018879724762,0.008269574361873134,0.01886276673752395,0.7656848659003832,0.7736111111111111,0.7819444444444444,0.008333333333333321,0.016259578544061314,0.5292697177533573,0.5487548502918932,0.5662509701781148,0.017496119886221705,0.03698125242475743,0.12224896182249126,0.09090909090909091,0.29577777777777764
42,PSD_ABSOLUTE_CHANNEL_BAND,ds006036__EO_or_photomark,CN_vs_FTD,30,20,0.8114509144347595,0.8176391468113524,0.7722653580959175,-0.0453737887154347,-0.0391855563388423,0.812031484257871,0.8183333333333336,0.7733333333333334,-0.045000000000000026,-0.038698150924537746,0.6266972756714023,0.6411145117133519,0.5521728599220779,-0.0889416517912742,-0.07452441574932447,0.20777964519140976,0.2,0.4362222222222222
42,PSD_REGION_ABSOLUTE,ds004504__EC,AD_FTD_vs_CN,48,20,0.7009026994926423,0.7807212230169582,0.81254657107403,0.03182534805707168,0.11164387158138785,0.7665546464056108,0.7864583333333333,0.8145833333333334,0.028125,0.048028686927722594,0.5118202181071633,0.6064613613029917,0.6418307014007553,0.03536934009776352,0.13001048329359205,0.41987479187479215,0.38461538461538464,0.7039999999999997
42,PSD_REGION_ABSOLUTE,ds004504__EC,AD_vs_CN,36,20,0.7652554122221629,0.7594335910738093,0.8071774134129008,0.04774382233909168,0.04192200119073805,0.7870929118773947,0.7722222222222224,0.8083333333333332,0.036111111111111135,0.021240421455938695,0.5991327263043457,0.6068710824186295,0.6210611727652091,0.014190090346579472,0.021928446460863414,0.2684988622488621,0.2,0.518888888888889
42,PSD_REGION_ABSOLUTE,ds004504__EC,CN_vs_FTD,30,20,0.739249417220629,0.7358610670092423,0.7204583409648689,-0.015402726044373326,-0.01879107625575996,0.7374062968515742,0.7383333333333333,0.7266666666666667,-0.011666666666666641,-0.010739630184907529,0.4919891945700571,0.4844357180986358,0.4774379309749185,-0.006997787123717023,-0.014551263595138506,0.24990403060991273,0.2,0.5655555555555556
42,PSD_REGION_ABSOLUTE,ds006036__EO_or_photomark,AD_FTD_vs_CN,48,20,0.6895878367824292,0.7666338608297292,0.7162913989338342,-0.050342461895895085,0.026703562151404913,0.750175336060783,0.7718749999999999,0.7260416666666665,-0.04583333333333334,-0.024133669394116524,0.4782095374593268,0.5689621417551177,0.48382384408106993,-0.0851382976740478,0.005614306621743155,0.3152790820290819,0.2727272727272727,0.552888888888889
42,PSD_REGION_ABSOLUTE,ds006036__EO_or_photomark,AD_vs_CN,36,20,0.7406512791172641,0.772374680200163,0.7891996229619591,0.016824942761796136,0.048548343844694954,0.7632183908045979,0.7805555555555556,0.7958333333333332,0.015277777777777756,0.03261494252873562,0.5512020459290409,0.5997417087739709,0.6239648686388171,0.024223159864846182,0.07276282270977626,0.37276728826728844,0.4,0.6448888888888888
42,PSD_REGION_ABSOLUTE,ds006036__EO_or_photomark,CN_vs_FTD,30,20,0.6971671013639449,0.7200602366273723,0.7347740321106685,0.014713795483296193,0.03760693074672355,0.7003373313343327,0.7283333333333335,0.7400000000000002,0.011666666666666641,0.03966266866566717,0.4580854129548431,0.48485142470384135,0.49887588707660546,0.014024462372764094,0.040790474121762274,0.3664505772005772,0.38461538461538464,0.6095555555555556
43,PSD_ABSOLUTE_CHANNEL_BAND,ds004504__EC,AD_FTD_vs_CN,50,20,0.7514211727263497,0.7984256791000888,0.7877948515144064,-0.0106308275856823,0.03637367878805676,0.7847749853886616,0.7990000000000002,0.789,-0.009999999999999998,0.004225014611338446,0.5373508102617003,0.6009328988722112,0.5844103078814707,-0.016522590990740584,0.04705949761977052,0.2332480264833205,0.2,0.4144444444444443
43,PSD_ABSOLUTE_CHANNEL_BAND,ds004504__EC,AD_vs_CN,36,20,0.7836115951114164,0.8310488819663628,0.8232850243686156,-0.0077638575977473315,0.03967342925719928,0.7911159003831418,0.8319444444444445,0.8236111111111108,-0.008333333333333321,0.03249521072796936,0.5811321623428458,0.6693612035040258,0.6494220597966711,-0.019939143707354577,0.06828989745382541,0.13660066404184046,0.125,0.3355555555555553
43,PSD_ABSOLUTE_CHANNEL_BAND,ds004504__EC,CN_vs_FTD,30,20,0.7508459355660262,0.7542005563335489,0.6780042158428765,-0.07619634049067225,-0.0728417197231497,0.7482383808095953,0.7583333333333335,0.6833333333333332,-0.07500000000000001,-0.06490504747626187,0.5330553015141499,0.5355504030221898,0.37766298118235386,-0.1578874218398359,-0.155392320331796,0.1642633134839016,0.16666666666666666,0.3268888888888886
43,PSD_ABSOLUTE_CHANNEL_BAND,ds006036__EO_or_photomark,AD_FTD_vs_CN,50,20,0.7616482251411292,0.7653640678415046,0.7847678179013322,0.01940375005982773,0.02311959276020311,0.7755260081823494,0.7659999999999999,0.785,0.01900000000000001,0.009473991817650513,0.5312714262543523,0.5347069402942257,0.5712025191471496,0.036495578852923975,0.03993109289279752,0.28826112776112756,0.2727272727272727,0.5182222222222223
43,PSD_ABSOLUTE_CHANNEL_BAND,ds006036__EO_or_photomark,AD_vs_CN,36,20,0.7626391212349524,0.773232313610603,0.7796138182748089,0.006381504664205895,0.016974697039856712,0.7656848659003832,0.7736111111111111,0.7805555555555557,0.006944444444444425,0.01487068965517242,0.5292697177533573,0.5487548502918932,0.5658145159147703,0.017059665622877307,0.036544798161413025,0.1009566316036904,0.09090909090909091,0.24399999999999986
43,PSD_ABSOLUTE_CHANNEL_BAND,ds006036__EO_or_photomark,CN_vs_FTD,30,20,0.8114509144347595,0.8042848607305645,0.7694320955829864,-0.03485276514757801,-0.04201881885177336,0.812031484257871,0.805,0.77,-0.03500000000000002,-0.04203148425787108,0.6266972756714023,0.6142662674127595,0.5427236506572918,-0.07154261675546772,-0.08397362501411039,0.16926410517586976,0.16666666666666666,0.3906666666666667
43,PSD_REGION_ABSOLUTE,ds004504__EC,AD_FTD_vs_CN,50,20,0.7009026994926423,0.7531509179006701,0.7836255215519271,0.030474603651257065,0.08272282205928505,0.7665546464056108,0.7620000000000001,0.7849999999999999,0.02300000000000002,0.018445353594389285,0.5118202181071633,0.5669353541761811,0.5769013294748164,0.009965975298635238,0.06508111136765317,0.30237032412032394,0.2727272727272727,0.5495555555555556
43,PSD_REGION_ABSOLUTE,ds004504__EC,AD_vs_CN,36,20,0.7652554122221629,0.7738423574640267,0.7981405899207756,0.02429823245674882,0.03288517769861271,0.7870929118773947,0.7847222222222221,0.798611111111111,0.013888888888888895,0.011518199233716452,0.5991327263043457,0.6263032513990644,0.5997831553079908,-0.026520096091073496,0.0006504290036452226,0.26007004107004095,0.2,0.5024444444444446
43,PSD_REGION_ABSOLUTE,ds004504__EC,CN_vs_FTD,30,20,0.739249417220629,0.7586777087830466,0.7186946110082133,-0.039983097774833304,-0.02055480621241575,0.7374062968515742,0.7616666666666667,0.7283333333333333,-0.033333333333333326,-0.009072963518240867,0.4919891945700571,0.5344435642585326,0.49161486963203965,-0.042828694626492886,-0.0003743249380174757,0.24910764235764216,0.2,0.5417777777777779
43,PSD_REGION_ABSOLUTE,ds006036__EO_or_photomark,AD_FTD_vs_CN,50,20,0.6895878367824292,0.7364853495802529,0.7139206643551261,-0.02256468522512669,0.02433282757269688,0.750175336060783,0.7439999999999999,0.7190000000000001,-0.025000000000000012,-0.0311753360607832,0.4782095374593268,0.5178265809464476,0.45524092111544257,-0.06258565983100502,-0.022968616343884213,0.32367474192474177,0.2727272727272727,0.5486666666666665
43,PSD_REGION_ABSOLUTE,ds006036__EO_or_photomark,AD_vs_CN,36,20,0.7406512791172641,0.7757011919733816,0.7658908689870205,-0.009810322986361125,0.025239589869756347,0.7632183908045979,0.7833333333333333,0.7749999999999999,-0.008333333333333349,0.011781609195402293,0.5512020459290409,0.6044763876364654,0.5916850372145456,-0.012791350421919673,0.04048299128550477,0.35104484404484404,0.38461538461538464,0.6115555555555555
43,PSD_REGION_ABSOLUTE,ds006036__EO_or_photomark,CN_vs_FTD,30,20,0.6971671013639449,0.7291148018488174,0.7257708343896524,-0.0033439674591650924,0.02860373302570728,0.7003373313343327,0.7383333333333331,0.7300000000000001,-0.008333333333333321,0.029662668665667163,0.4580854129548431,0.509982093609713,0.4721041699652492,-0.03787792364446385,0.014018757010406021,0.38994225219225226,0.38461538461538464,0.5957777777777777
44,PSD_ABSOLUTE_CHANNEL_BAND,ds004504__EC,AD_FTD_vs_CN,48,20,0.7514211727263497,0.7793118789124636,0.7885662150121748,0.009254336099711113,0.037145042285825,0.7847749853886616,0.7802083333333334,0.790625,0.01041666666666664,0.005850014611338411,0.5373508102617003,0.5646466129352634,0.5917930364838518,0.02714642354858849,0.05444222622215169,0.18077179683062028,0.16666666666666666,0.33644444444444427
44,PSD_ABSOLUTE_CHANNEL_BAND,ds004504__EC,AD_vs_CN,36,20,0.7836115951114164,0.8092408958662827,0.8401262961324882,0.03088540026620524,0.056514701021071666,0.7911159003831418,0.8097222222222223,0.840277777777778,0.03055555555555557,0.04916187739463602,0.5811321623428458,0.6221161061566407,0.6817340876750159,0.059617981518375364,0.10060192533217016,0.20874084902026066,0.2,0.3939999999999999
44,PSD_ABSOLUTE_CHANNEL_BAND,ds004504__EC,CN_vs_FTD,30,20,0.7508459355660262,0.7415286742975353,0.6585988869471374,-0.08292978735039766,-0.09224704861888869,0.7482383808095953,0.7449999999999999,0.6616666666666664,-0.0833333333333333,-0.08657171414292855,0.5330553015141499,0.5043111893943908,0.3292158744774029,-0.17509531491698782,-0.203839427036747,0.12093478906714195,0.125,0.2617777777777776
44,PSD_ABSOLUTE_CHANNEL_BAND,ds006036__EO_or_photomark,AD_FTD_vs_CN,48,20,0.7616482251411292,0.7452717773856038,0.726565521560636,-0.01870625582496786,-0.03508270358049327,0.7755260081823494,0.7458333333333333,0.7270833333333333,-0.018749999999999996,-0.04844267484901618,0.5312714262543523,0.4938035566452615,0.45577207559803623,-0.03803148104722524,-0.07549935065631594,0.20840457418398586,0.2,0.38399999999999984
44,PSD_ABSOLUTE_CHANNEL_BAND,ds006036__EO_or_photomark,AD_vs_CN,36,20,0.7626391212349524,0.7353438519005469,0.764789956183145,0.029446104282598067,0.0021508349481927534,0.7656848659003832,0.7361111111111112,0.7652777777777778,0.029166666666666667,-0.00040708812260534797,0.5292697177533573,0.47463438566196403,0.5325776355910623,0.05794324992909814,0.0033079178377048183,0.16457037896743779,0.16666666666666666,0.34555555555555534
44,PSD_ABSOLUTE_CHANNEL_BAND,ds006036__EO_or_photomark,CN_vs_FTD,30,20,0.8114509144347595,0.7874229673749567,0.7475603231919277,-0.03986264418302875,-0.0638905912428319,0.812031484257871,0.7883333333333332,0.7483333333333333,-0.039999999999999994,-0.06369815092453773,0.6266972756714023,0.5817619181937299,0.5002113696832827,-0.08155054851044721,-0.12648590598811943,0.16543633164221386,0.15476190476190477,0.41222222222222227
44,PSD_REGION_ABSOLUTE,ds004504__EC,AD_FTD_vs_CN,48,20,0.7009026994926423,0.7397266920311936,0.8405993599009742,0.10087266786978051,0.13969666040833184,0.7665546464056108,0.75,0.8416666666666668,0.09166666666666665,0.0751120202610559,0.5118202181071633,0.5458337237412934,0.6914609781049783,0.145627254363685,0.1796407599978151,0.42326406926406945,0.4,0.7159999999999997
44,PSD_REGION_ABSOLUTE,ds004504__EC,AD_vs_CN,36,20,0.7652554122221629,0.7682714549448153,0.7800085236693164,0.011737068724501221,0.014753111447153505,0.7870929118773947,0.776388888888889,0.7819444444444444,0.005555555555555541,-0.005148467432950226,0.5991327263043457,0.5918939649091692,0.5735094632374238,-0.018384501671745514,-0.025623263066921847,0.35010611610611597,0.3333333333333333,0.6437777777777777
44,PSD_REGION_ABSOLUTE,ds004504__EC,CN_vs_FTD,30,20,0.739249417220629,0.7344916164441945,0.7251549687272615,-0.009336647716933062,-0.014094448493367457,0.7374062968515742,0.7366666666666666,0.7333333333333332,-0.0033333333333333435,-0.004072963518240885,0.4919891945700571,0.47974702931445606,0.4982383141850665,0.018491284870610487,0.006249119615009483,0.23086147186147152,0.2,0.5471111111111113
44,PSD_REGION_ABSOLUTE,ds006036__EO_or_photomark,AD_FTD_vs_CN,48,20,0.6895878367824292,0.7268538550495203,0.75489406041742,0.028040205367899425,0.06530622363499072,0.750175336060783,0.7354166666666666,0.7593749999999999,0.023958333333333366,0.009199663939216835,0.4782095374593268,0.5013341758912774,0.5403331783631611,0.03899900247188372,0.06212364090383423,0.37381873681873684,0.358974358974359,0.6086666666666666
44,PSD_REGION_ABSOLUTE,ds006036__EO_or_photomark,AD_vs_CN,36,20,0.7406512791172641,0.7634788431935464,0.7530272803799613,-0.010451562813585225,0.012376001262696867,0.7632183908045979,0.7708333333333333,0.7569444444444444,-0.013888888888888895,-0.006273946360153266,0.5512020459290409,0.5745630288063941,0.5304909682666953,-0.04407206053969874,-0.020711077662345458,0.3427852147852147,0.3333333333333333,0.6277777777777773
44,PSD_REGION_ABSOLUTE,ds006036__EO_or_photomark,CN_vs_FTD,30,20,0.6971671013639449,0.7104606369972842,0.7372852505876263,0.02682461359034206,0.04011814922368116,0.7003373313343327,0.7183333333333335,0.7433333333333334,0.024999999999999984,0.0429960019990005,0.4580854129548431,0.4603622151975659,0.5059806759023292,0.04561846070476315,0.04789526294748603,0.34735711510711503,0.3333333333333333,0.5711111111111108
45,PSD_ABSOLUTE_CHANNEL_BAND,ds004504__EC,AD_FTD_vs_CN,46,20,0.7514211727263497,0.7320616787852317,0.7109113973925154,-0.021150281392716207,-0.04050977533383435,0.7847749853886616,0.734782608695652,0.717391304347826,-0.017391304347826077,-0.0673836810408355,0.5373508102617003,0.47937003598496347,0.4520736662446191,-0.027296369740344373,-0.08527714401708111,0.189480922672099,0.16666666666666666,0.3528888888888886
45,PSD_ABSOLUTE_CHANNEL_BAND,ds004504__EC,AD_vs_CN,36,20,0.7836115951114164,0.7519638033432743,0.6991238575228453,-0.052839945820429224,-0.08448773758857116,0.7911159003831418,0.7541666666666668,0.7041666666666666,-0.04999999999999998,-0.08694923371647509,0.5811321623428458,0.5160784536374792,0.42267874565497543,-0.09339970798250383,-0.15845341668787025,0.23265248477013173,0.2,0.4479999999999997
45,PSD_ABSOLUTE_CHANNEL_BAND,ds004504__EC,CN_vs_FTD,30,20,0.7508459355660262,0.7525557453047858,0.7463602986368846,-0.006195446667901144,-0.004485636929141617,0.7482383808095953,0.7566666666666666,0.7483333333333333,-0.008333333333333337,9.495252373812325e-05,0.5330553015141499,0.532250711441346,0.5050816660047502,-0.027169045436595707,-0.02797363550939972,0.15130524540818654,0.125,0.33111111111111086
45,PSD_ABSOLUTE_CHANNEL_BAND,ds006036__EO_or_photomark,AD_FTD_vs_CN,46,20,0.7616482251411292,0.7897771344133397,0.7709202256276801,-0.018856908785659533,0.009272000486551113,0.7755260081823494,0.7902173913043478,0.7717391304347826,-0.0184782608695652,-0.003786877747566897,0.5312714262543523,0.5828267073680695,0.5469322663666526,-0.03589444100141701,0.01566084011230038,0.23651361546949773,0.2,0.44400000000000006
45,PSD_ABSOLUTE_CHANNEL_BAND,ds006036__EO_or_photomark,AD_vs_CN,36,20,0.7626391212349524,0.7996749255263188,0.8049884752835604,0.005313549757241692,0.04234935404860818,0.7656848659003832,0.7999999999999999,0.8055555555555554,0.005555555555555541,0.03987068965517242,0.5292697177533573,0.6018145223229542,0.6149470546885564,0.013132532365602124,0.08567733693519888,0.17117314874667813,0.16666666666666666,0.39266666666666644
45,PSD_ABSOLUTE_CHANNEL_BAND,ds006036__EO_or_photomark,CN_vs_FTD,30,20,0.8114509144347595,0.8392916839216898,0.8114158919963982,-0.02787579192529136,-3.502243836152052e-05,0.812031484257871,0.8400000000000002,0.8116666666666668,-0.028333333333333332,-0.00036481759120439715,0.6266972756714023,0.6847532332570885,0.6249016402124558,-0.05985159304463274,-0.001795635458946354,0.21733252858252844,0.2,0.48288888888888887
45,PSD_REGION_ABSOLUTE,ds004504__EC,AD_FTD_vs_CN,46,20,0.7009026994926423,0.6884884229142783,0.7828407719191157,0.09435234900483742,0.08193807242647351,0.7665546464056108,0.7065217391304348,0.7880434782608694,0.08152173913043478,0.021488831855258805,0.5118202181071633,0.47249658319330845,0.6028775290219892,0.1303809458286807,0.09105731091482594,0.4189367021867024,0.4,0.7106666666666664
45,PSD_REGION_ABSOLUTE,ds004504__EC,AD_vs_CN,36,20,0.7652554122221629,0.6948527413682959,0.7212050866786284,0.02635234531033222,-0.04405032554353479,0.7870929118773947,0.7138888888888888,0.7333333333333332,0.01944444444444444,-0.053759578544061326,0.5991327263043457,0.48831483568634837,0.5080296934154769,0.019714857729128562,-0.09110303288886863,0.23750507825507813,0.2,0.4762222222222223
45,PSD_REGION_ABSOLUTE,ds004504__EC,CN_vs_FTD,30,20,0.739249417220629,0.7292961620068372,0.7190899124710476,-0.010206249535789547,-0.02015950474958118,0.7374062968515742,0.7316666666666666,0.7266666666666665,-0.004999999999999993,-0.010739630184907544,0.4919891945700571,0.4703629803432327,0.4807318384271292,0.010368858083896473,-0.011257356142928004,0.2693244712803535,0.2,0.5651111111111112
45,PSD_REGION_ABSOLUTE,ds006036__EO_or_photomark,AD_FTD_vs_CN,46,20,0.6895878367824292,0.7536817909289091,0.7258434891387925,-0.027838301790116593,0.036255652356363126,0.750175336060783,0.7619565217391304,0.7391304347826086,-0.02282608695652173,-0.01104490127817448,0.4782095374593268,0.5611574258897924,0.5292548988740349,-0.031902527015757395,0.051045361414708154,0.28191477966477957,0.2727272727272727,0.5093333333333332
45,PSD_REGION_ABSOLUTE,ds006036__EO_or_photomark,AD_vs_CN,36,20,0.7406512791172641,0.7873634816029701,0.7947073215078847,0.007343839904914507,0.05405604239062034,0.7632183908045979,0.7944444444444445,0.7999999999999999,0.005555555555555547,0.036781609195402284,0.5512020459290409,0.6269526650587041,0.6298122451178602,0.002859580059156022,0.07861019918881922,0.28487734487734473,0.2727272727272727,0.5748888888888886
45,PSD_REGION_ABSOLUTE,ds006036__EO_or_photomark,CN_vs_FTD,30,20,0.6971671013639449,0.738700306986954,0.736406324992161,-0.0022939819947931095,0.039239223628215955,0.7003373313343327,0.7483333333333333,0.7416666666666666,-0.006666666666666654,0.04132933533233382,0.4580854129548431,0.5344225949131686,0.5025247713486378,-0.03189782356453067,0.04443935839379474,0.38268950493950504,0.38461538461538464,0.6364444444444445
46,PSD_ABSOLUTE_CHANNEL_BAND,ds004504__EC,AD_FTD_vs_CN,46,20,0.7514211727263497,0.7665263696871825,0.7523419604550187,-0.014184409232163714,0.0009207877286689537,0.7847749853886616,0.7673913043478261,0.7543478260869566,-0.01304347826086959,-0.030427159301705094,0.5373508102617003,0.5389953581914868,0.5153131422238068,-0.023682215967680033,-0.02203766803789343,0.20007636481165889,0.2,0.37044444444444424
46,PSD_ABSOLUTE_CHANNEL_BAND,ds004504__EC,AD_vs_CN,36,20,0.7836115951114164,0.7788976929458815,0.8098081673710544,0.030910474425172852,0.02619657225963795,0.7911159003831418,0.7819444444444443,0.8111111111111112,0.029166666666666636,0.019995210727969327,0.5811321623428458,0.5785768680744219,0.6303357324208914,0.05175886434646959,0.049203570078045725,0.2122760833937303,0.2,0.41955555555555546
46,PSD_ABSOLUTE_CHANNEL_BAND,ds004504__EC,CN_vs_FTD,30,20,0.7508459355660262,0.7543031817464358,0.7558774147219358,0.0015742329754998897,0.005031479155909424,0.7482383808095953,0.7583333333333333,0.7583333333333332,-5.551115123125783e-18,0.010094952523738137,0.5330553015141499,0.5351629018916897,0.5265350517012248,-0.008627850190464914,-0.006520249812925108,0.11699922789628663,0.09090909090909091,0.2537777777777775
46,PSD_ABSOLUTE_CHANNEL_BAND,ds006036__EO_or_photomark,AD_FTD_vs_CN,46,20,0.7616482251411292,0.7747316705642175,0.773662742466393,-0.001068928097824634,0.012014517325263919,0.7755260081823494,0.775,0.773913043478261,-0.0010869565217391352,-0.001612964704088654,0.5312714262543523,0.5512546613331749,0.5491059368334872,-0.0021487244996877706,0.017834510579135,0.21528952420128886,0.2,0.43955555555555564
46,PSD_ABSOLUTE_CHANNEL_BAND,ds006036__EO_or_photomark,AD_vs_CN,36,20,0.7626391212349524,0.7910506418275381,0.8245385046013917,0.033487862773853495,0.06189938336643937,0.7656848659003832,0.7916666666666666,0.825,0.03333333333333331,0.05931513409961685,0.5292697177533573,0.586360403791877,0.6534762764593683,0.0671158726674913,0.12420655870601091,0.1562203597056537,0.16666666666666666,0.35755555555555524
46,PSD_ABSOLUTE_CHANNEL_BAND,ds006036__EO_or_photomark,CN_vs_FTD,30,20,0.8114509144347595,0.8109329882796933,0.7470547205816788,-0.06387826769801433,-0.06439619385308104,0.812031484257871,0.8116666666666669,0.7483333333333334,-0.06333333333333334,-0.06369815092453775,0.6266972756714023,0.6277482445575322,0.5016579736877903,-0.1260902708697422,-0.12503930198361207,0.18155589671766129,0.16666666666666666,0.43200000000000005
46,PSD_REGION_ABSOLUTE,ds004504__EC,AD_FTD_vs_CN,46,20,0.7009026994926423,0.7210721315872696,0.736772746880079,0.01570061529280945,0.03587004738743681,0.7665546464056108,0.733695652173913,0.7445652173913042,0.010869565217391302,-0.021989429014306394,0.5118202181071633,0.5181422078243301,0.5171232931841856,-0.0010189146401446997,0.005303075077022259,0.4286847041847046,0.42857142857142855,0.7159999999999995
46,PSD_REGION_ABSOLUTE,ds004504__EC,AD_vs_CN,36,20,0.7652554122221629,0.7264663428556156,0.8019348244977115,0.0754684816420958,0.03667941227554853,0.7870929118773947,0.7444444444444445,0.8027777777777778,0.05833333333333333,0.015684865900383115,0.5991327263043457,0.5613518652402456,0.6109875894847645,0.04963572424451892,0.011854863180418895,0.31642715617715594,0.3333333333333333,0.6219999999999997
46,PSD_REGION_ABSOLUTE,ds004504__EC,CN_vs_FTD,30,20,0.739249417220629,0.7459913349131149,0.7391478813043174,-0.0068434536087974614,-0.00010153591631150704,0.7374062968515742,0.7483333333333335,0.7449999999999999,-0.003333333333333327,0.007593703148425795,0.4919891945700571,0.5038903968981432,0.5140470144879927,0.010156617589849449,0.02205781991793558,0.2299935064935063,0.2,0.5148888888888888
46,PSD_REGION_ABSOLUTE,ds006036__EO_or_photomark,AD_FTD_vs_CN,46,20,0.6895878367824292,0.7440135852648265,0.740613212167577,-0.0034003730972495204,0.05102537538514775,0.750175336060783,0.7532608695652174,0.7478260869565218,-0.00543478260869566,-0.002349249104261447,0.4782095374593268,0.5462507587531662,0.5268502791596666,-0.019400479593499553,0.04864074170033981,0.3530175380175381,0.3333333333333333,0.6159999999999999
46,PSD_REGION_ABSOLUTE,ds006036__EO_or_photomark,AD_vs_CN,36,20,0.7406512791172641,0.779092027531168,0.7624651984649804,-0.01662682906618764,0.021813919347716065,0.7632183908045979,0.7861111111111111,0.7680555555555556,-0.018055555555555564,0.004837164750957856,0.5512020459290409,0.6064954323863978,0.5616188415109455,-0.04487659087545205,0.01041679558190485,0.28596792096792084,0.2727272727272727,0.5955555555555555
46,PSD_REGION_ABSOLUTE,ds006036__EO_or_photomark,CN_vs_FTD,30,20,0.6971671013639449,0.7104606369972842,0.7262948818717765,0.01583424487449252,0.029127780507831623,0.7003373313343327,0.7183333333333335,0.7333333333333331,0.01499999999999998,0.0329960019990005,0.4580854129548431,0.4603622151975659,0.49039013606496296,0.030027920867396897,0.03230472311011975,0.36162353332941555,0.2857142857142857,0.5455555555555555
47,PSD_ABSOLUTE_CHANNEL_BAND,ds004504__EC,AD_FTD_vs_CN,48,20,0.7514211727263497,0.7996314230812983,0.7832863232940637,-0.01634509978723454,0.03186515056771404,0.7847749853886616,0.7999999999999999,0.784375,-0.01562500000000001,-0.0003999853886615945,0.5373508102617003,0.6021140563222566,0.5746177842810942,-0.027496272041162385,0.037266974019394064,0.19425980718627772,0.2,0.34755555555555534
47,PSD_ABSOLUTE_CHANNEL_BAND,ds004504__EC,AD_vs_CN,36,20,0.7836115951114164,0.7851176525973352,0.7797456121449929,-0.00537204045234233,-0.003865982966423509,0.7911159003831418,0.7861111111111111,0.7805555555555557,-0.005555555555555536,-0.010560344827586199,0.5811321623428458,0.5767097187734103,0.564381848401174,-0.012327870372236252,-0.016750313941671733,0.20876498338263041,0.2,0.41111111111111115
47,PSD_ABSOLUTE_CHANNEL_BAND,ds004504__EC,CN_vs_FTD,30,20,0.7508459355660262,0.7399015398579009,0.7530855927208739,0.013184052862973106,0.002239657154847613,0.7482383808095953,0.7433333333333334,0.7566666666666668,0.013333333333333381,0.0084282858570715,0.5330553015141499,0.5005607742522361,0.5288826826799047,0.028321908427668463,-0.004172618834245231,0.13618298694769274,0.125,0.3077777777777775
47,PSD_ABSOLUTE_CHANNEL_BAND,ds006036__EO_or_photomark,AD_FTD_vs_CN,48,20,0.7616482251411292,0.7982225056819747,0.8276092162403991,0.02938671055842449,0.06596099109927013,0.7755260081823494,0.8,0.828125,0.02812500000000002,0.05259899181765049,0.5312714262543523,0.6105488348160979,0.6599389658313578,0.04939013101526004,0.1286675395770057,0.2534296536796536,0.2,0.4833333333333335
47,PSD_ABSOLUTE_CHANNEL_BAND,ds006036__EO_or_photomark,AD_vs_CN,36,20,0.7626391212349524,0.7620635379923304,0.817753103681896,0.05568956568956571,0.055113982446944,0.7656848659003832,0.7625000000000001,0.8180555555555558,0.05555555555555558,0.052370689655172456,0.5292697177533573,0.5266059454522175,0.6379397486903374,0.11133380323811985,0.10867003093697995,0.17110553009082424,0.16666666666666666,0.3655555555555555
47,PSD_ABSOLUTE_CHANNEL_BAND,ds006036__EO_or_photomark,CN_vs_FTD,30,20,0.8114509144347595,0.8143247182391986,0.780605367328671,-0.033719350910527426,-0.030845547106088674,0.812031484257871,0.8150000000000002,0.7816666666666665,-0.03333333333333338,-0.030364817591204425,0.6266972756714023,0.6342152945840764,0.5695060375153018,-0.06470925706877484,-0.057191238156100485,0.2029738855915325,0.2,0.46666666666666673
47,PSD_REGION_ABSOLUTE,ds004504__EC,AD_FTD_vs_CN,48,20,0.7009026994926423,0.7300593445498992,0.7443324117234086,0.014273067173509301,0.04342971223076628,0.7665546464056108,0.7416666666666665,0.7458333333333333,0.004166666666666663,-0.020721313072277415,0.5118202181071633,0.5321204504873421,0.4974981062685668,-0.0346223442187753,-0.014322111838596408,0.30011777111777077,0.2792207792207792,0.544222222222222
47,PSD_REGION_ABSOLUTE,ds004504__EC,AD_vs_CN,36,20,0.7652554122221629,0.7398762628144259,0.724499239077405,-0.015377023737020679,-0.040756173144757886,0.7870929118773947,0.7513888888888889,0.7319444444444445,-0.01944444444444446,-0.05514846743295021,0.5991327263043457,0.5504830073537417,0.4897367565021204,-0.060746250851621254,-0.10939596980222514,0.35769752469752475,0.3333333333333333,0.6808888888888889
47,PSD_REGION_ABSOLUTE,ds004504__EC,CN_vs_FTD,30,20,0.739249417220629,0.7114940280062801,0.7151460580544576,0.0036520300481774235,-0.024103359166171272,0.7374062968515742,0.7133333333333334,0.7283333333333333,0.015000000000000008,-0.009072963518240874,0.4919891945700571,0.43115923825650365,0.5066371428233107,0.0754779045668072,0.014647948253253709,0.22102200577200562,0.14285714285714285,0.5313333333333333
47,PSD_REGION_ABSOLUTE,ds006036__EO_or_photomark,AD_FTD_vs_CN,48,20,0.6895878367824292,0.7764188840643083,0.7666328011726197,-0.009786082891688624,0.07704496439019036,0.750175336060783,0.7802083333333332,0.7697916666666667,-0.010416666666666675,0.019616330605883477,0.4782095374593268,0.5798711412493553,0.5521467273831075,-0.02772441386624782,0.07393718992378069,0.31193084693084683,0.2727272727272727,0.5944444444444446
47,PSD_REGION_ABSOLUTE,ds006036__EO_or_photomark,AD_vs_CN,36,20,0.7406512791172641,0.7738229211234325,0.771533879047146,-0.0022890420762867346,0.030882599929881703,0.7632183908045979,0.7819444444444446,0.7763888888888889,-0.005555555555555541,0.013170498084291198,0.5512020459290409,0.6029361888667942,0.5757915896597419,-0.02714459920705208,0.024589543730701185,0.3871229881229883,0.3333333333333333,0.6893333333333331
47,PSD_REGION_ABSOLUTE,ds006036__EO_or_photomark,CN_vs_FTD,30,20,0.6971671013639449,0.7216348972608565,0.7360701300636279,0.01443523280277137,0.03890302869968289,0.7003373313343327,0.7300000000000002,0.74,0.009999999999999959,0.03966266866566715,0.4580854129548431,0.4889256897159907,0.49487746382828196,0.00595177411229122,0.036792050873438696,0.3524805194805195,0.3333333333333333,0.5846666666666667
48,PSD_ABSOLUTE_CHANNEL_BAND,ds004504__EC,AD_FTD_vs_CN,48,20,0.7514211727263497,0.7698365837322422,0.7309917308402424,-0.038844852892000084,-0.020429441886107562,0.7847749853886616,0.7708333333333333,0.7375,-0.03333333333333337,-0.0472749853886616,0.5373508102617003,0.5465714449006478,0.49449092876055945,-0.05208051614008835,-0.04285988150114074,0.1932928248222366,0.2,0.3648888888888886
48,PSD_ABSOLUTE_CHANNEL_BAND,ds004504__EC,AD_vs_CN,36,20,0.7836115951114164,0.8023486126468986,0.8121328179068117,0.009784205259913026,0.028521222795395273,0.7911159003831418,0.8041666666666666,0.8125000000000002,0.008333333333333354,0.021384099616858256,0.5811321623428458,0.6176643347489686,0.6273527833530816,0.009688448604113031,0.04622062101023593,0.24297542979895906,0.2,0.49155555555555547
48,PSD_ABSOLUTE_CHANNEL_BAND,ds004504__EC,CN_vs_FTD,30,20,0.7508459355660262,0.7415286742975353,0.6344076386331263,-0.10712103566440903,-0.11643829693290006,0.7482383808095953,0.7449999999999999,0.6399999999999999,-0.10499999999999998,-0.1082383808095952,0.5330553015141499,0.5043111893943908,0.28824508520656006,-0.21606610418783062,-0.2448102163075898,0.14785757216639564,0.125,0.2984444444444441
48,PSD_ABSOLUTE_CHANNEL_BAND,ds006036__EO_or_photomark,AD_FTD_vs_CN,48,20,0.7616482251411292,0.7844623771399094,0.757465780777543,-0.026996596362366242,-0.004182444363586035,0.7755260081823494,0.7854166666666667,0.7583333333333333,-0.02708333333333334,-0.01719267484901619,0.5312714262543523,0.5761121563185215,0.5210612256475381,-0.055050930670983364,-0.010210200606814022,0.2178392522510168,0.2,0.41155555555555556
48,PSD_ABSOLUTE_CHANNEL_BAND,ds006036__EO_or_photomark,AD_vs_CN,36,20,0.7626391212349524,0.773232313610603,0.7804586285004242,0.007226314889821078,0.017819507265471896,0.7656848659003832,0.7736111111111111,0.7819444444444443,0.008333333333333304,0.0162595785440613,0.5292697177533573,0.5487548502918932,0.5720485186651767,0.023293668373283713,0.042778800911819424,0.13458685432214834,0.11805555555555555,0.3071111111111109
48,PSD_ABSOLUTE_CHANNEL_BAND,ds006036__EO_or_photomark,CN_vs_FTD,30,20,0.8114509144347595,0.7874229673749567,0.7423537691099484,-0.045069198265008124,-0.06909714532481129,0.812031484257871,0.7883333333333332,0.7433333333333334,-0.045000000000000005,-0.06869815092453775,0.6266972756714023,0.5817619181937299,0.49068033844651804,-0.09108157974721184,-0.1360169372248841,0.1626754258813082,0.14285714285714285,0.4102222222222224
48,PSD_REGION_ABSOLUTE,ds004504__EC,AD_FTD_vs_CN,48,20,0.7009026994926423,0.7017295025676328,0.7716556144002862,0.06992611183265356,0.0707529149076441,0.7665546464056108,0.7177083333333333,0.778125,0.060416666666666674,0.011570353594389265,0.5118202181071633,0.4925630171349572,0.5862437503394614,0.09368073320450421,0.07442353223229824,0.44656782106782145,0.4,0.7368888888888887
48,PSD_REGION_ABSOLUTE,ds004504__EC,AD_vs_CN,36,20,0.7652554122221629,0.7771860344144885,0.8037553753923723,0.026569340977883653,0.03849996317020933,0.7870929118773947,0.7874999999999999,0.8041666666666666,0.01666666666666667,0.017073754789272016,0.5991327263043457,0.6306773806994125,0.6106833359047139,-0.019994044794698705,0.0115506096003682,0.2654925352425352,0.2,0.5262222222222221
48,PSD_REGION_ABSOLUTE,ds004504__EC,CN_vs_FTD,30,20,0.739249417220629,0.7344916164441945,0.7328866959313204,-0.001604920512873953,-0.006362721289308348,0.7374062968515742,0.7366666666666666,0.74,0.0033333333333333327,0.002593703148425791,0.4919891945700571,0.47974702931445606,0.5131206458683368,0.03337361655388068,0.02113145129827968,0.2169774947274945,0.2,0.5197777777777778
48,PSD_REGION_ABSOLUTE,ds006036__EO_or_photomark,AD_FTD_vs_CN,48,20,0.6895878367824292,0.7723180413445945,0.7587113499802557,-0.013606691364338864,0.06912351319782642,0.750175336060783,0.7770833333333333,0.7635416666666666,-0.013541666666666641,0.013366330605883502,0.4782095374593268,0.5775080966328315,0.5487390039798962,-0.028769092652935285,0.07052946652056939,0.375210705960706,0.3333333333333333,0.5966666666666665
48,PSD_REGION_ABSOLUTE,ds006036__EO_or_photomark,AD_vs_CN,36,20,0.7406512791172641,0.7504063932226288,0.7465625283416999,-0.00384386488092901,0.0059112492244354055,0.7632183908045979,0.7611111111111112,0.7555555555555555,-0.005555555555555575,-0.007662835249042171,0.5512020459290409,0.5671396751106699,0.5467082873891042,-0.02043138772156569,-0.004493758539936657,0.29424073149073143,0.2727272727272727,0.5702222222222219
48,PSD_REGION_ABSOLUTE,ds006036__EO_or_photomark,CN_vs_FTD,30,20,0.6971671013639449,0.7104606369972842,0.7280501073498722,0.017589470352588128,0.03088300598592723,0.7003373313343327,0.7183333333333335,0.7349999999999998,0.01666666666666663,0.03466266866566715,0.4580854129548431,0.4603622151975659,0.491477297066082,0.03111508186851596,0.03339188411123882,0.3430853868353868,0.2857142857142857,0.5504444444444442
49,PSD_ABSOLUTE_CHANNEL_BAND,ds004504__EC,AD_FTD_vs_CN,48,20,0.7514211727263497,0.7554898487800301,0.7600217432991043,0.004531894519074331,0.0086005705727546,0.7847749853886616,0.7572916666666668,0.765625,0.008333333333333337,-0.0191499853886616,0.5373508102617003,0.5221875764089824,0.5565431632559649,0.034355586846982394,0.01919235299426459,0.16427494401023807,0.16666666666666666,0.3406666666666664
49,PSD_ABSOLUTE_CHANNEL_BAND,ds004504__EC,AD_vs_CN,36,20,0.7836115951114164,0.8310488819663628,0.8345815452781397,0.0035326633117767014,0.05096995016672331,0.7911159003831418,0.8319444444444445,0.8347222222222221,0.0027777777777778013,0.04360632183908048,0.5811321623428458,0.6693612035040258,0.6706647367527105,0.0013035332486849265,0.08953257440986492,0.17880827342592048,0.16666666666666666,0.3826666666666665
49,PSD_ABSOLUTE_CHANNEL_BAND,ds004504__EC,CN_vs_FTD,30,20,0.7508459355660262,0.7463846757817347,0.7067068795024858,-0.039677796279248875,-0.04413905606354043,0.7482383808095953,0.7499999999999998,0.7099999999999999,-0.039999999999999994,-0.038238380809595206,0.5330553015141499,0.514982103594989,0.4304785084842119,-0.08450359511077707,-0.10257679302993812,0.1610369205957441,0.14285714285714285,0.3322222222222221
49,PSD_ABSOLUTE_CHANNEL_BAND,ds006036__EO_or_photomark,AD_FTD_vs_CN,48,20,0.7616482251411292,0.7591471107406885,0.7308117503494032,-0.02833536039128522,-0.030836474791725788,0.7755260081823494,0.759375,0.73125,-0.028124999999999973,-0.0442760081823495,0.5312714262543523,0.5196246527877975,0.46399345390532637,-0.05563119888247131,-0.06727797234902592,0.18821219303572234,0.2,0.38133333333333325
49,PSD_ABSOLUTE_CHANNEL_BAND,ds006036__EO_or_photomark,AD_vs_CN,36,20,0.7626391212349524,0.773232313610603,0.7657479172957069,-0.007484396314896086,0.0031087960607547316,0.7656848659003832,0.7736111111111111,0.7666666666666667,-0.006944444444444464,0.0009818007662835305,0.5292697177533573,0.5487548502918932,0.538357335896253,-0.010397514395640082,0.009087618142895635,0.1469546368664015,0.14285714285714285,0.3346666666666664
49,PSD_ABSOLUTE_CHANNEL_BAND,ds006036__EO_or_photomark,CN_vs_FTD,30,20,0.8114509144347595,0.8126975341412136,0.8277794282073344,0.015081894066120793,0.016328513772574556,0.812031484257871,0.8133333333333337,0.8283333333333334,0.014999999999999968,0.016301849075462265,0.6266972756714023,0.6306917695257657,0.6604285733013052,0.02973680377553949,0.033731297629902936,0.1747136931695754,0.16666666666666666,0.45066666666666694
49,PSD_REGION_ABSOLUTE,ds004504__EC,AD_FTD_vs_CN,48,20,0.7009026994926423,0.7550889473788144,0.8281358940188627,0.07304694664004821,0.1272331945262205,0.7665546464056108,0.7635416666666667,0.8302083333333332,0.06666666666666665,0.06365368692772258,0.5118202181071633,0.5684150078703807,0.6735130998601083,0.10509809198972755,0.16169288175294516,0.3844877344877345,0.3333333333333333,0.6899999999999997
49,PSD_REGION_ABSOLUTE,ds004504__EC,AD_vs_CN,36,20,0.7652554122221629,0.7880950572039205,0.7989107314984529,0.010815674294532295,0.03365531927628988,0.7870929118773947,0.797222222222222,0.8,0.0027777777777777623,0.012907088122605331,0.5991327263043457,0.6462009391286914,0.6038345484837346,-0.042366390644956634,0.004701822179389093,0.2675553613053611,0.2,0.5137777777777778
49,PSD_REGION_ABSOLUTE,ds004504__EC,CN_vs_FTD,30,20,0.739249417220629,0.761851170300391,0.720443908833112,-0.041407261467278765,-0.018805508387516795,0.7374062968515742,0.7650000000000001,0.7283333333333333,-0.036666666666666674,-0.009072963518240867,0.4919891945700571,0.5422569529570829,0.48784766404554264,-0.05440928891154036,-0.004141530524514586,0.23948376623376602,0.2,0.5357777777777778
49,PSD_REGION_ABSOLUTE,ds006036__EO_or_photomark,AD_FTD_vs_CN,48,20,0.6895878367824292,0.744789828061211,0.7552432477951294,0.010453419733918352,0.0656554110127002,0.750175336060783,0.7541666666666667,0.7635416666666666,0.009375,0.013366330605883487,0.4782095374593268,0.5489973871677798,0.5670088070567891,0.01801141988900947,0.08879926959746237,0.3530894105894105,0.2857142857142857,0.6053333333333332
49,PSD_REGION_ABSOLUTE,ds006036__EO_or_photomark,AD_vs_CN,36,20,0.7406512791172641,0.774015285287475,0.7720874880138038,-0.0019277972736713445,0.03143620889653943,0.7632183908045979,0.7819444444444444,0.7791666666666667,-0.0027777777777777844,0.015948275862068966,0.5512020459290409,0.6021219511871092,0.5921224899988646,-0.009999461188244244,0.04092044406982395,0.3386599511599511,0.30952380952380953,0.6097777777777779
49,PSD_REGION_ABSOLUTE,ds006036__EO_or_photomark,CN_vs_FTD,30,20,0.6971671013639449,0.7275401412153333,0.7125571241122712,-0.01498301710306189,0.01539002274832632,0.7003373313343327,0.7366666666666666,0.7183333333333334,-0.018333333333333306,0.017996001999000515,0.4580854129548431,0.5059078285975637,0.4541203327657605,-0.051787495831803185,-0.0039650801890826065,0.39410869685869676,0.38461538461538464,0.6551111111111109
50,PSD_ABSOLUTE_CHANNEL_BAND,ds004504__EC,AD_FTD_vs_CN,50,20,0.7514211727263497,0.7812597611097214,0.7797258067264354,-0.0015339543832859348,0.02830463400008574,0.7847749853886616,0.7820000000000001,0.7820000000000001,1.1102230246251566e-17,-0.002774985388661555,0.5373508102617003,0.5680861701884099,0.5748547627997559,0.006768592611345939,0.03750395253805568,0.20205391340685455,0.2,0.35711111111111093
50,PSD_ABSOLUTE_CHANNEL_BAND,ds004504__EC,AD_vs_CN,36,20,0.7836115951114164,0.7822462641617259,0.766585387663174,-0.015660876498551995,-0.017026207448242396,0.7911159003831418,0.7833333333333333,0.7680555555555555,-0.015277777777777784,-0.023060344827586215,0.5811321623428458,0.570959861651475,0.5418746416020545,-0.0290852200494206,-0.03925752074079128,0.22551081271669499,0.2,0.4179999999999997
50,PSD_ABSOLUTE_CHANNEL_BAND,ds004504__EC,CN_vs_FTD,30,20,0.7508459355660262,0.7447357069163327,0.7138172108884462,-0.030918496027886377,-0.0370287246775801,0.7482383808095953,0.7483333333333333,0.7166666666666666,-0.03166666666666666,-0.031571714142928545,0.5330553015141499,0.5121323857471558,0.4414156238279302,-0.07071676191922556,-0.09163967768621975,0.11291376434023488,0.08391608391608392,0.23266666666666647
50,PSD_ABSOLUTE_CHANNEL_BAND,ds006036__EO_or_photomark,AD_FTD_vs_CN,50,20,0.7616482251411292,0.7656147581549713,0.7585225146016901,-0.007092243553281313,-0.003125710539439136,0.7755260081823494,0.7659999999999999,0.7590000000000001,-0.007000000000000001,-0.0165260081823495,0.5312714262543523,0.5336797240208945,0.5200004330567811,-0.013679290964113276,-0.011270993197570989,0.20236351393704333,0.2,0.4246666666666667
50,PSD_ABSOLUTE_CHANNEL_BAND,ds006036__EO_or_photomark,AD_vs_CN,36,20,0.7626391212349524,0.7719101982259875,0.7941347058374922,0.02222450761150453,0.03149558460253996,0.7656848659003832,0.7722222222222224,0.7944444444444445,0.02222222222222222,0.02875957854406132,0.5292697177533573,0.545683000943631,0.5907608245754384,0.04507782363180757,0.061491106822081074,0.17517861550214486,0.16666666666666666,0.3791111111111111
50,PSD_ABSOLUTE_CHANNEL_BAND,ds006036__EO_or_photomark,CN_vs_FTD,30,20,0.8114509144347595,0.8094182878696923,0.7777946609481649,-0.031623626921527405,-0.03365625348659483,0.812031484257871,0.8100000000000003,0.7783333333333332,-0.03166666666666669,-0.03369815092453775,0.6266972756714023,0.623766504335155,0.5598055032769913,-0.06396100105816391,-0.06689177239441106,0.15946341566929803,0.125,0.43533333333333357
50,PSD_REGION_ABSOLUTE,ds004504__EC,AD_FTD_vs_CN,50,20,0.7009026994926423,0.7359962372751049,0.7713664321758557,0.03537019490075068,0.07046373268321342,0.7665546464056108,0.7469999999999999,0.777,0.030000000000000027,0.010445353594389278,0.5118202181071633,0.542251365696767,0.5820152898291114,0.039763924132344496,0.07019507172194829,0.4526959151959156,0.42857142857142855,0.7468888888888887
50,PSD_REGION_ABSOLUTE,ds004504__EC,AD_vs_CN,36,20,0.7652554122221629,0.7411935607800323,0.7486627156836545,0.007469154903622555,-0.016592696538508263,0.7870929118773947,0.7527777777777779,0.7555555555555556,0.0027777777777777735,-0.03153735632183909,0.5991327263043457,0.5539216179647003,0.5378734064361668,-0.016048211528533644,-0.061259319868178896,0.2788202353202352,0.2,0.532
50,PSD_REGION_ABSOLUTE,ds004504__EC,CN_vs_FTD,30,20,0.739249417220629,0.7279188446896236,0.7099781700866636,-0.01794067460295961,-0.029271247133964978,0.7374062968515742,0.7300000000000001,0.7249999999999999,-0.004999999999999993,-0.012406296851574211,0.4919891945700571,0.465880555162616,0.5052501898199828,0.03936963465736675,0.013260995249925661,0.23320187165775383,0.2,0.512
50,PSD_REGION_ABSOLUTE,ds006036__EO_or_photomark,AD_FTD_vs_CN,50,20,0.6895878367824292,0.7432798905118323,0.7510093680717995,0.00772947755996718,0.0614215312893702,0.750175336060783,0.751,0.7610000000000002,0.010000000000000009,0.010824663939216828,0.4782095374593268,0.5340532682163313,0.5691441740457167,0.035090905829385455,0.09093463658638998,0.40035936285936286,0.38461538461538464,0.6379999999999998
50,PSD_REGION_ABSOLUTE,ds006036__EO_or_photomark,AD_vs_CN,36,20,0.7406512791172641,0.7764242986285791,0.7875924166522548,0.011168118023675216,0.0469411375349902,0.7632183908045979,0.7847222222222223,0.7944444444444445,0.009722222222222215,0.031226053639846735,0.5512020459290409,0.6107002207625483,0.6273565856877167,0.01665636492516838,0.07615453975867574,0.3972366522366522,0.4,0.6802222222222221
50,PSD_REGION_ABSOLUTE,ds006036__EO_or_photomark,CN_vs_FTD,30,20,0.6971671013639449,0.7291148018488174,0.7314251383493705,0.002310336500553323,0.03425803698542569,0.7003373313343327,0.7383333333333331,0.7366666666666666,-0.0016666666666666607,0.036329335332333824,0.4580854129548431,0.509982093609713,0.49136117781480604,-0.018620915794907066,0.0332757648599628,0.4067602120102121,0.38461538461538464,0.621111111111111
51,PSD_ABSOLUTE_CHANNEL_BAND,ds004504__EC,AD_FTD_vs_CN,48,20,0.7514211727263497,0.8185114614455096,0.8038583829769961,-0.014653078468513525,0.05243721025064618,0.7847749853886616,0.81875,0.8041666666666668,-0.014583333333333327,0.019391681278005078,0.5373508102617003,0.6389922401755748,0.6102443956236632,-0.028747844551911865,0.0728935853619629,0.22379434454434446,0.2,0.4017777777777776
51,PSD_ABSOLUTE_CHANNEL_BAND,ds004504__EC,AD_vs_CN,36,20,0.7836115951114164,0.7297363538671531,0.734832188397364,0.0050958345302109746,-0.04877940671405242,0.7911159003831418,0.7333333333333332,0.7388888888888889,0.005555555555555586,-0.05222701149425287,0.5811321623428458,0.4782876352677562,0.4923042457882036,0.014016610520447573,-0.08882791655464203,0.2324940500675794,0.2,0.47488888888888886
51,PSD_ABSOLUTE_CHANNEL_BAND,ds004504__EC,CN_vs_FTD,30,20,0.7508459355660262,0.7463846757817347,0.6889632527702073,-0.05742142301152724,-0.06188268279581879,0.7482383808095953,0.7499999999999998,0.6916666666666663,-0.058333333333333334,-0.05657171414292855,0.5330553015141499,0.514982103594989,0.3888583187663812,-0.12612378482860764,-0.14419698274776865,0.12515092587151402,0.125,0.2599999999999998
51,PSD_ABSOLUTE_CHANNEL_BAND,ds006036__EO_or_photomark,AD_FTD_vs_CN,48,20,0.7616482251411292,0.7585582825106477,0.7966660697273051,0.03810778721665734,0.03501784458617598,0.7755260081823494,0.759375,0.7968750000000002,0.037500000000000006,0.021348991817650494,0.5312714262543523,0.522209764177071,0.5947899237581031,0.07258015958103228,0.06351849750375108,0.1753152125652126,0.16666666666666666,0.3842222222222221
51,PSD_ABSOLUTE_CHANNEL_BAND,ds006036__EO_or_photomark,AD_vs_CN,36,20,0.7626391212349524,0.7626376917177321,0.7996470608854509,0.03700936916771881,0.037007939650498714,0.7656848659003832,0.763888888888889,0.8,0.036111111111111135,0.03431513409961689,0.5292697177533573,0.5330290284465444,0.6020145994479822,0.06898557100143797,0.07274488169462494,0.17334001782531192,0.16666666666666666,0.3544444444444441
51,PSD_ABSOLUTE_CHANNEL_BAND,ds006036__EO_or_photomark,CN_vs_FTD,30,20,0.8114509144347595,0.7907446208580027,0.8093522812376689,0.018607660379666068,-0.002098633197091043,0.812031484257871,0.7916666666666666,0.8099999999999999,0.018333333333333347,-0.0020314842578710635,0.6266972756714023,0.5886044105845472,0.6237760431213537,0.03517163253680668,-0.0029212325500483525,0.19630408480408476,0.2,0.5108888888888888
51,PSD_REGION_ABSOLUTE,ds004504__EC,AD_FTD_vs_CN,48,20,0.7009026994926423,0.7735601019847355,0.8234684462989174,0.04990834431418184,0.1225657468062753,0.7665546464056108,0.7802083333333333,0.8239583333333333,0.04375,0.057403686927722596,0.5118202181071633,0.5963464062546115,0.6506928573936654,0.05434645113905366,0.13887263928650223,0.41074492174492205,0.38461538461538464,0.6666666666666663
51,PSD_REGION_ABSOLUTE,ds004504__EC,AD_vs_CN,36,20,0.7652554122221629,0.6781122036691788,0.7540593581848456,0.07594715451566678,-0.011196054037317344,0.7870929118773947,0.7,0.7555555555555556,0.05555555555555556,-0.03153735632183911,0.5991327263043457,0.4644377179604029,0.5177916029360928,0.05335388497569009,-0.08134112336825268,0.30721542346542335,0.30952380952380953,0.579333333333333
51,PSD_REGION_ABSOLUTE,ds004504__EC,CN_vs_FTD,30,20,0.739249417220629,0.761851170300391,0.7348866331175556,-0.026964537182835303,-0.004362784103073331,0.7374062968515742,0.7650000000000001,0.7366666666666666,-0.02833333333333335,-0.0007396301849075416,0.4919891945700571,0.5422569529570829,0.4809395126713083,-0.0613174402857747,-0.011049681898748904,0.23242834942834933,0.2,0.5655555555555556
51,PSD_REGION_ABSOLUTE,ds006036__EO_or_photomark,AD_FTD_vs_CN,48,20,0.6895878367824292,0.725808417855233,0.746734669787435,0.020926251932202055,0.0571468330050058,0.750175336060783,0.734375,0.7531249999999999,0.018749999999999968,0.0029496639392168067,0.4782095374593268,0.49973260843421896,0.5324377019004685,0.032705093466249446,0.054228164441141626,0.31021006771006754,0.2857142857142857,0.5346666666666666
51,PSD_REGION_ABSOLUTE,ds006036__EO_or_photomark,AD_vs_CN,36,20,0.7406512791172641,0.7694328902262118,0.7335892932686646,-0.035843596957547394,-0.007061985848599855,0.7632183908045979,0.7763888888888889,0.7416666666666665,-0.03472222222222223,-0.021551724137931057,0.5512020459290409,0.5840663865416469,0.5129295874524912,-0.07113679908915546,-0.0382724584765495,0.3363558663558662,0.3333333333333333,0.6277777777777778
51,PSD_REGION_ABSOLUTE,ds006036__EO_or_photomark,CN_vs_FTD,30,20,0.6971671013639449,0.7088837824792531,0.7124555074669743,0.0035717249877214195,0.015288406103029523,0.7003373313343327,0.7166666666666668,0.7233333333333334,0.006666666666666677,0.02299600199900052,0.4580854129548431,0.45656462348544646,0.4818613831010385,0.02529675961559197,0.023775970146195376,0.4055752580752583,0.38461538461538464,0.6395555555555554
52,PSD_ABSOLUTE_CHANNEL_BAND,ds004504__EC,AD_FTD_vs_CN,50,20,0.7514211727263497,0.7740995875100755,0.7348443669370539,-0.03925522057302146,-0.016576805789295806,0.7847749853886616,0.7749999999999999,0.739,-0.03600000000000002,-0.045774985388661586,0.5373508102617003,0.5547914010383393,0.4932724028694408,-0.06151899816889863,-0.04407840739225945,0.20172689075630243,0.2,0.3748888888888888
52,PSD_ABSOLUTE_CHANNEL_BAND,ds004504__EC,AD_vs_CN,36,20,0.7836115951114164,0.754783936052271,0.7491543072595868,-0.00562962879268451,-0.034457287851829735,0.7911159003831418,0.7569444444444444,0.7513888888888889,-0.005555555555555541,-0.03972701149425287,0.5811321623428458,0.5221074089777495,0.5119028119118417,-0.010204597065907827,-0.06922935043100402,0.25070481152834095,0.2,0.4702222222222223
52,PSD_ABSOLUTE_CHANNEL_BAND,ds004504__EC,CN_vs_FTD,30,20,0.7508459355660262,0.7415286742975353,0.615898508480131,-0.1256301658174041,-0.13494742708589516,0.7482383808095953,0.7449999999999999,0.6183333333333332,-0.12666666666666665,-0.12990504747626186,0.5330553015141499,0.5043111893943908,0.2397946435499903,-0.2645165458444005,-0.29326065796415957,0.13508909880968697,0.125,0.2731111111111108
52,PSD_ABSOLUTE_CHANNEL_BAND,ds006036__EO_or_photomark,AD_FTD_vs_CN,50,20,0.7616482251411292,0.7946878421240677,0.8014685287166333,0.006780686592565699,0.0398203035755042,0.7755260081823494,0.796,0.8020000000000002,0.006,0.026473991817650526,0.5312714262543523,0.5995788119532748,0.6072153288581765,0.007636516904901788,0.07594390260382432,0.2616140705699529,0.2727272727272727,0.4919999999999999
52,PSD_ABSOLUTE_CHANNEL_BAND,ds006036__EO_or_photomark,AD_vs_CN,36,20,0.7626391212349524,0.7353438519005469,0.7684266690487667,0.03308281714821958,0.00578754781381427,0.7656848659003832,0.7361111111111112,0.7694444444444446,0.03333333333333334,0.0037595785440613207,0.5292697177533573,0.47463438566196403,0.5431316753539652,0.06849728969200106,0.013861957600607721,0.10228712464006579,0.09090909090909091,0.23511111111111094
52,PSD_ABSOLUTE_CHANNEL_BAND,ds006036__EO_or_photomark,CN_vs_FTD,30,20,0.8114509144347595,0.7874229673749567,0.7960657640082698,0.008642796633313082,-0.015385150426490085,0.812031484257871,0.7883333333333332,0.7966666666666666,0.008333333333333326,-0.015364817591204422,0.6266972756714023,0.5817619181937299,0.5968085639989019,0.015046645805171881,-0.029888711672500352,0.1748397435897435,0.16666666666666666,0.42599999999999993
52,PSD_REGION_ABSOLUTE,ds004504__EC,AD_FTD_vs_CN,50,20,0.7009026994926423,0.7634267128689196,0.7814546565659779,0.018027943697058214,0.08055195707333576,0.7665546464056108,0.771,0.787,0.015999999999999997,0.02044535359438927,0.5118202181071633,0.5818028445241216,0.6048811155658225,0.02307827104170105,0.09306089745865934,0.4625885780885783,0.5,0.7837777777777775
52,PSD_REGION_ABSOLUTE,ds004504__EC,AD_vs_CN,36,20,0.7652554122221629,0.7154194357995963,0.7190789561981739,0.0036595203985775315,-0.046176456023989065,0.7870929118773947,0.7305555555555554,0.7222222222222222,-0.008333333333333337,-0.06487068965517243,0.5991327263043457,0.514980064001381,0.453970774402569,-0.06100928959881182,-0.14516195190177653,0.306922383172383,0.3333333333333333,0.6177777777777778
52,PSD_REGION_ABSOLUTE,ds004504__EC,CN_vs_FTD,30,20,0.739249417220629,0.7344916164441945,0.7226560645614437,-0.011835551882750688,-0.016593352659185084,0.7374062968515742,0.7366666666666666,0.7316666666666667,-0.004999999999999977,-0.005739630184907518,0.4919891945700571,0.47974702931445606,0.4993410269409678,0.019593997626511712,0.00735183237091071,0.21928546453546433,0.2,0.5444444444444446
52,PSD_REGION_ABSOLUTE,ds006036__EO_or_photomark,AD_FTD_vs_CN,50,20,0.6895878367824292,0.7651769578080508,0.7147014957208839,-0.05047546208716684,0.02511365893845479,0.750175336060783,0.77,0.7230000000000001,-0.04700000000000003,-0.027175336060783196,0.4782095374593268,0.5632483251267233,0.47298385066617366,-0.0902644744605495,-0.00522568679315312,0.3283253968253967,0.2857142857142857,0.5688888888888889
52,PSD_REGION_ABSOLUTE,ds006036__EO_or_photomark,AD_vs_CN,36,20,0.7406512791172641,0.7416399221880898,0.7272887012552681,-0.01435122093282154,-0.013362577861996188,0.7632183908045979,0.751388888888889,0.7361111111111112,-0.015277777777777774,-0.027107279693486593,0.5512020459290409,0.5414643608901812,0.5044050703797807,-0.03705929051040061,-0.04679697554926014,0.31213053613053615,0.2727272727272727,0.5957777777777777
52,PSD_REGION_ABSOLUTE,ds006036__EO_or_photomark,CN_vs_FTD,30,20,0.6971671013639449,0.7104606369972842,0.7189415627161245,0.008480925718840338,0.02177446135217944,0.7003373313343327,0.7183333333333335,0.723333333333333,0.004999999999999965,0.02299600199900048,0.4580854129548431,0.4603622151975659,0.45949910387733484,-0.0008631113202312273,0.0014136909224916367,0.3898577256077256,0.38461538461538464,0.5884444444444441
53,PSD_ABSOLUTE_CHANNEL_BAND,ds004504__EC,AD_FTD_vs_CN,50,20,0.7514211727263497,0.805568788817664,0.7866556980836895,-0.01891309073397459,0.035234525357339716,0.7847749853886616,0.806,0.7889999999999999,-0.017000000000000008,0.004225014611338435,0.5373508102617003,0.6145487086372184,0.5900531638843555,-0.024495544752863047,0.05270235362265517,0.22189636180812639,0.2,0.41955555555555546
53,PSD_ABSOLUTE_CHANNEL_BAND,ds004504__EC,AD_vs_CN,36,20,0.7836115951114164,0.7833337433857176,0.8045648270387046,0.02123108365298699,0.0209532319272883,0.7911159003831418,0.7861111111111112,0.8055555555555557,0.01944444444444443,0.014439655172413779,0.5811321623428458,0.5859195042211098,0.6171810032870615,0.03126149906595157,0.03604884094421572,0.1483482677453265,0.13392857142857142,0.31622222222222196
53,PSD_ABSOLUTE_CHANNEL_BAND,ds004504__EC,CN_vs_FTD,30,20,0.7508459355660262,0.7415286742975353,0.6575542334560851,-0.08397444084144993,-0.093291702109941,0.7482383808095953,0.7449999999999999,0.6599999999999999,-0.08499999999999999,-0.0882383808095952,0.5330553015141499,0.5043111893943908,0.32501337570601513,-0.17929781368837555,-0.20804192580813474,0.1374049022872552,0.125,0.2835555555555552
53,PSD_ABSOLUTE_CHANNEL_BAND,ds006036__EO_or_photomark,AD_FTD_vs_CN,50,20,0.7616482251411292,0.7768119781278785,0.7477409570180171,-0.02907102110986139,-0.013907268123112044,0.7755260081823494,0.777,0.748,-0.029000000000000015,-0.027526008182349505,0.5312714262543523,0.5548957980555477,0.4970539537117256,-0.057841844343822155,-0.03421747254262654,0.2300238927738927,0.26136363636363635,0.44711111111111107
53,PSD_ABSOLUTE_CHANNEL_BAND,ds006036__EO_or_photomark,AD_vs_CN,36,20,0.7626391212349524,0.7633856533769459,0.8065799689019503,0.043194315525004384,0.043940847666998066,0.7656848659003832,0.7638888888888891,0.8069444444444447,0.043055555555555555,0.04125957854406133,0.5292697177533573,0.5296777948004797,0.6162416309537537,0.08656383615327413,0.08697191320039642,0.1137016104810222,0.09090909090909091,0.2739999999999997
53,PSD_ABSOLUTE_CHANNEL_BAND,ds006036__EO_or_photomark,CN_vs_FTD,30,20,0.8114509144347595,0.8177553033556848,0.8045438987510038,-0.01321140460468066,-0.006907015683755785,0.812031484257871,0.8183333333333336,0.805,-0.013333333333333358,-0.007031484257871062,0.6266972756714023,0.6403593194021127,0.6127815837855507,-0.02757773561656186,-0.013915691885851348,0.1723820068820068,0.16666666666666666,0.4544444444444446
53,PSD_REGION_ABSOLUTE,ds004504__EC,AD_FTD_vs_CN,50,20,0.7009026994926423,0.7219360935631591,0.8121523678457677,0.09021627428260878,0.11124966835312564,0.7665546464056108,0.735,0.8140000000000001,0.07900000000000007,0.047445353594389304,0.5118202181071633,0.5222238906785726,0.6391101751562867,0.11688628447771428,0.1272899570491235,0.3809242424242423,0.3333333333333333,0.6495555555555551
53,PSD_REGION_ABSOLUTE,ds004504__EC,AD_vs_CN,36,20,0.7652554122221629,0.7299576721980131,0.768684255146337,0.03872658294832376,0.0034288429241739415,0.7870929118773947,0.7472222222222222,0.7708333333333333,0.023611111111111117,-0.01625957854406132,0.5991327263043457,0.5660208016063817,0.5522467997626593,-0.013774001843722166,-0.04688592654168609,0.3260994560994559,0.3333333333333333,0.6102222222222221
53,PSD_REGION_ABSOLUTE,ds004504__EC,CN_vs_FTD,30,20,0.739249417220629,0.7279188446896236,0.7418679360654812,0.013949091375857637,0.002618518844852269,0.7374062968515742,0.7300000000000001,0.75,0.02000000000000001,0.012593703148425794,0.4919891945700571,0.465880555162616,0.5396096767992478,0.07372912163663167,0.0476204822291906,0.24705372405372392,0.2,0.5462222222222224
53,PSD_REGION_ABSOLUTE,ds006036__EO_or_photomark,AD_FTD_vs_CN,50,20,0.6895878367824292,0.7304938940592753,0.713278247833056,-0.01721564622621937,0.023690411050626848,0.750175336060783,0.742,0.7289999999999999,-0.013000000000000006,-0.02117533606078319,0.4782095374593268,0.5294126499541615,0.5145004102670551,-0.014912239687106426,0.03629087280772818,0.4133290875790876,0.39230769230769236,0.6286666666666663
53,PSD_REGION_ABSOLUTE,ds006036__EO_or_photomark,AD_vs_CN,36,20,0.7406512791172641,0.7697826411245634,0.730561816768116,-0.03922082435644751,-0.01008946234914831,0.7632183908045979,0.7777777777777778,0.7375,-0.0402777777777778,-0.02571839080459772,0.5512020459290409,0.5923370906224582,0.5014733907101103,-0.0908636999123478,-0.049728655218930475,0.3289480519480519,0.2792207792207792,0.5924444444444443
53,PSD_REGION_ABSOLUTE,ds006036__EO_or_photomark,CN_vs_FTD,30,20,0.6971671013639449,0.7275401412153333,0.7087370680789798,-0.018803073136353238,0.011569966715034973,0.7003373313343327,0.7366666666666666,0.7150000000000001,-0.02166666666666666,0.01466266866566716,0.4580854129548431,0.5059078285975637,0.4488314412567608,-0.05707638734080304,-0.009253971698082467,0.41648670773670793,0.39230769230769236,0.6799999999999997
54,PSD_ABSOLUTE_CHANNEL_BAND,ds004504__EC,AD_FTD_vs_CN,50,20,0.7514211727263497,0.7882980413055105,0.7862559626346723,-0.0020420786708382323,0.03483478990832254,0.7847749853886616,0.7889999999999999,0.7889999999999999,-5.551115123125783e-18,0.004225014611338429,0.5373508102617003,0.5815598214989597,0.5918551652101948,0.010295343711235163,0.054504354948494614,0.23082562698739154,0.2,0.42244444444444434
54,PSD_ABSOLUTE_CHANNEL_BAND,ds004504__EC,AD_vs_CN,36,20,0.7836115951114164,0.7591688372542956,0.7357038666540946,-0.02346497060020092,-0.047907728457321684,0.7911159003831418,0.7611111111111112,0.7375,-0.02361111111111112,-0.05361590038314177,0.5811321623428458,0.5297832946783507,0.48050670417070485,-0.04927659050764592,-0.10062545817214097,0.15975975495093142,0.14285714285714285,0.3275555555555553
54,PSD_ABSOLUTE_CHANNEL_BAND,ds004504__EC,CN_vs_FTD,30,20,0.7508459355660262,0.7493438836370416,0.6946817346278115,-0.054662149009230124,-0.056164200938214615,0.7482383808095953,0.7533333333333333,0.6983333333333331,-0.055000000000000014,-0.049905047476261885,0.5330553015141499,0.5246671083572435,0.40742558694537284,-0.11724152141187058,-0.125629714568777,0.13114251108368744,0.125,0.2706666666666663
54,PSD_ABSOLUTE_CHANNEL_BAND,ds006036__EO_or_photomark,AD_FTD_vs_CN,50,20,0.7616482251411292,0.7866255201067832,0.798674992231146,0.012049472124362725,0.037026767090016996,0.7755260081823494,0.787,0.7989999999999999,0.011999999999999993,0.02347399181765051,0.5312714262543523,0.5759273901411504,0.5998904603872187,0.023963070246068356,0.0686190341328666,0.23695312040900265,0.225,0.45088888888888884
54,PSD_ABSOLUTE_CHANNEL_BAND,ds006036__EO_or_photomark,AD_vs_CN,36,20,0.7626391212349524,0.7453669209861159,0.7925723448169267,0.04720542383081081,0.02993322358197457,0.7656848659003832,0.7458333333333333,0.7930555555555557,0.047222222222222235,0.02737068965517243,0.5292697177533573,0.49330577902249895,0.5886138467114417,0.0953080676889427,0.059344128958084275,0.13770098202451136,0.125,0.2986666666666664
54,PSD_ABSOLUTE_CHANNEL_BAND,ds006036__EO_or_photomark,CN_vs_FTD,30,20,0.8114509144347595,0.8176391468113524,0.7718955517238743,-0.04574359508747804,-0.039555362710885625,0.812031484257871,0.8183333333333336,0.7733333333333334,-0.045000000000000026,-0.03869815092453774,0.6266972756714023,0.6411145117133519,0.5544111328902604,-0.0867033788230916,-0.07228614278114187,0.22391312282488748,0.2,0.45644444444444454
54,PSD_REGION_ABSOLUTE,ds004504__EC,AD_FTD_vs_CN,50,20,0.7009026994926423,0.7643496145117392,0.8368092933253669,0.07245967881362778,0.13590659383272494,0.7665546464056108,0.772,0.8379999999999999,0.06600000000000003,0.07144535359438929,0.5118202181071633,0.583536006479042,0.6856038955527406,0.10206788907369882,0.17378367744557757,0.4109363414363418,0.3333333333333333,0.7115555555555554
54,PSD_REGION_ABSOLUTE,ds004504__EC,AD_vs_CN,36,20,0.7652554122221629,0.71202992640799,0.7470617251708761,0.035031798762886104,-0.018193687051286756,0.7870929118773947,0.7277777777777776,0.7513888888888889,0.023611111111111117,-0.035704022988505765,0.5991327263043457,0.5111891561978531,0.5186706872578001,0.007481531059947108,-0.0804620390465455,0.3433227328227327,0.3333333333333333,0.6615555555555557
54,PSD_REGION_ABSOLUTE,ds004504__EC,CN_vs_FTD,30,20,0.739249417220629,0.7358610670092423,0.7150193847190851,-0.020841682290157076,-0.024230032501543708,0.7374062968515742,0.7383333333333333,0.7216666666666666,-0.016666666666666646,-0.01573963018490753,0.4919891945700571,0.4844357180986358,0.46739853020289657,-0.017037187895739006,-0.024590664367160488,0.2684817404817403,0.2,0.5942222222222224
54,PSD_REGION_ABSOLUTE,ds006036__EO_or_photomark,AD_FTD_vs_CN,50,20,0.6895878367824292,0.7417526079744993,0.7272133512216405,-0.014539256752858642,0.03762551443921146,0.750175336060783,0.751,0.7330000000000001,-0.018000000000000023,-0.017175336060783197,0.4782095374593268,0.5399483640075167,0.48557983705203867,-0.05436852695547785,0.007370299592711907,0.35889282939282935,0.30952380952380953,0.5984444444444444
54,PSD_REGION_ABSOLUTE,ds006036__EO_or_photomark,AD_vs_CN,36,20,0.7406512791172641,0.7644586057253864,0.7754053883984104,0.010946782673024008,0.03475410928114609,0.7632183908045979,0.7722222222222223,0.7819444444444444,0.009722222222222215,0.018726053639846734,0.5512020459290409,0.5794465822801482,0.5999784852532812,0.020531902973133048,0.048776439324240375,0.35820840270840265,0.3333333333333333,0.6311111111111112
54,PSD_REGION_ABSOLUTE,ds006036__EO_or_photomark,CN_vs_FTD,30,20,0.6971671013639449,0.7200602366273723,0.7331929825189099,0.013132745891537406,0.03602588115496476,0.7003373313343327,0.7283333333333335,0.7399999999999999,0.011666666666666626,0.03966266866566716,0.4580854129548431,0.48485142470384135,0.5074533673580788,0.02260194265423746,0.049367954403235645,0.38377955377955375,0.38461538461538464,0.6122222222222221
55,PSD_ABSOLUTE_CHANNEL_BAND,ds004504__EC,AD_FTD_vs_CN,48,20,0.7514211727263497,0.8026387592799364,0.7696280969237749,-0.03301066235616146,0.01820692419742524,0.7847749853886616,0.803125,0.7708333333333333,-0.03229166666666666,-0.013941652055328236,0.5373508102617003,0.6086489710028451,0.5475682305722164,-0.06108074043062874,0.010217420310516251,0.18883303461244638,0.16666666666666666,0.37244444444444436
55,PSD_ABSOLUTE_CHANNEL_BAND,ds004504__EC,AD_vs_CN,36,20,0.7836115951114164,0.7752618371772991,0.7690196304673977,-0.006242206709901316,-0.014591964644018695,0.7911159003831418,0.7763888888888889,0.7708333333333334,-0.005555555555555564,-0.02028256704980843,0.5811321623428458,0.5574629066970365,0.5507537416299219,-0.006709165067114659,-0.030378420712923866,0.21843890096831264,0.16666666666666666,0.44133333333333347
55,PSD_ABSOLUTE_CHANNEL_BAND,ds004504__EC,CN_vs_FTD,30,20,0.7508459355660262,0.7510900985333526,0.6606652389855702,-0.09042485954778212,-0.0901806965804558,0.7482383808095953,0.7550000000000001,0.6649999999999998,-0.09000000000000002,-0.0832383808095952,0.5330553015141499,0.5270241155299532,0.3383343915133084,-0.18868972401664477,-0.1947209100008414,0.14010495223730512,0.125,0.28488888888888864
55,PSD_ABSOLUTE_CHANNEL_BAND,ds006036__EO_or_photomark,AD_FTD_vs_CN,48,20,0.7616482251411292,0.750746537652989,0.706403765300586,-0.04434277235240319,-0.05524445984054323,0.7755260081823494,0.7510416666666667,0.7083333333333334,-0.042708333333333307,-0.06719267484901617,0.5312714262543523,0.5031278552095464,0.42179083085763835,-0.08133702435190805,-0.10948059539671381,0.2297433301992125,0.2,0.45066666666666677
55,PSD_ABSOLUTE_CHANNEL_BAND,ds006036__EO_or_photomark,AD_vs_CN,36,20,0.7626391212349524,0.7367423932990883,0.7267346005308674,-0.010007792768220997,-0.03590452070408491,0.7656848659003832,0.7375,0.7291666666666665,-0.008333333333333309,-0.036518199233716436,0.5292697177533573,0.47737349365638215,0.4661942248684152,-0.011179268787967028,-0.06307549288494216,0.13156638296344178,0.11805555555555555,0.30422222222222195
55,PSD_ABSOLUTE_CHANNEL_BAND,ds006036__EO_or_photomark,CN_vs_FTD,30,20,0.8114509144347595,0.8193377949381763,0.8145551711965784,-0.00478262374159778,0.003104256761818669,0.812031484257871,0.8200000000000003,0.8150000000000001,-0.00500000000000001,0.002968515742128941,0.6266972756714023,0.6443800102741013,0.6328234600597397,-0.011556550214361713,0.0061261843883373916,0.21880995801584016,0.2,0.5048888888888887
55,PSD_REGION_ABSOLUTE,ds004504__EC,AD_FTD_vs_CN,48,20,0.7009026994926423,0.7703983845597709,0.7865815024397012,0.01618311787993007,0.08567880294705876,0.7665546464056108,0.7770833333333335,0.7895833333333333,0.012499999999999973,0.023028686927722575,0.5118202181071633,0.5910602561192545,0.5959681767634403,0.004907920644185803,0.08414795865627707,0.4145456765456768,0.38461538461538464,0.721111111111111
55,PSD_REGION_ABSOLUTE,ds004504__EC,AD_vs_CN,36,20,0.7652554122221629,0.7333561785744324,0.7817074013255152,0.04835122275108289,0.0164519891033522,0.7870929118773947,0.7458333333333335,0.7833333333333332,0.03749999999999998,-0.003759578544061343,0.5991327263043457,0.5421182788495946,0.5764172297036227,0.03429895085402829,-0.02271549660072282,0.3268357198357198,0.3333333333333333,0.5971111111111109
55,PSD_REGION_ABSOLUTE,ds004504__EC,CN_vs_FTD,30,20,0.739249417220629,0.7524980932417507,0.7478294047726056,-0.004668688469144871,0.008579987551976665,0.7374062968515742,0.7550000000000001,0.75,-0.004999999999999999,0.012593703148425783,0.4919891945700571,0.5182165748270741,0.5094735164197036,-0.008743058407370451,0.01748432184964651,0.2350864690864689,0.2,0.5460000000000003
55,PSD_REGION_ABSOLUTE,ds006036__EO_or_photomark,AD_FTD_vs_CN,48,20,0.6895878367824292,0.7210571417556111,0.6960538568016295,-0.025003284953981537,0.006466020019200292,0.750175336060783,0.7322916666666667,0.709375,-0.02291666666666666,-0.040800336060783184,0.4782095374593268,0.507189913242312,0.46093320697359186,-0.04625670626872003,-0.01727633048573481,0.39261277611277606,0.38461538461538464,0.6031111111111107
55,PSD_REGION_ABSOLUTE,ds006036__EO_or_photomark,AD_vs_CN,36,20,0.7406512791172641,0.7399855621135213,0.7150272760538913,-0.024958286059629818,-0.025624003063373042,0.7632183908045979,0.7500000000000001,0.7249999999999999,-0.025000000000000005,-0.03821839080459771,0.5512020459290409,0.538963776958119,0.48441599132057933,-0.0545477856375397,-0.06678605460846145,0.29683533133533124,0.2727272727272727,0.5646666666666663
55,PSD_REGION_ABSOLUTE,ds006036__EO_or_photomark,CN_vs_FTD,30,20,0.6971671013639449,0.7088837824792531,0.7050807662878725,-0.003803016191380332,0.007913664923927772,0.7003373313343327,0.7166666666666668,0.7099999999999997,-0.006666666666666693,0.00966266866566715,0.4580854129548431,0.45656462348544646,0.4339251343740112,-0.022639489111435367,-0.024160278580831966,0.3564061118619942,0.2857142857142857,0.5655555555555555
56,PSD_ABSOLUTE_CHANNEL_BAND,ds004504__EC,AD_FTD_vs_CN,48,20,0.7514211727263497,0.7580457594030665,0.7409538518840797,-0.01709190751898689,-0.010467320842270023,0.7847749853886616,0.759375,0.7447916666666667,-0.014583333333333337,-0.03998331872199494,0.5373508102617003,0.5245419518399581,0.5036010116675804,-0.020940940172377902,-0.03374979859411993,0.19374934052875215,0.2,0.3426666666666663
56,PSD_ABSOLUTE_CHANNEL_BAND,ds004504__EC,AD_vs_CN,36,20,0.7836115951114164,0.7535416304678961,0.758449865545457,0.004908235077560658,-0.02516172956595959,0.7911159003831418,0.7583333333333334,0.7624999999999998,0.004166666666666663,-0.02861590038314176,0.5811321623428458,0.5362280983552788,0.5429339155839066,0.006705817228627814,-0.03819824675893905,0.25174268215444673,0.2,0.4837777777777776
56,PSD_ABSOLUTE_CHANNEL_BAND,ds004504__EC,CN_vs_FTD,30,20,0.7508459355660262,0.7543031817464358,0.7434490851312037,-0.010854096615232327,-0.007396850434822794,0.7482383808095953,0.7583333333333333,0.7483333333333335,-0.009999999999999998,9.495252373814544e-05,0.5330553015141499,0.5351629018916897,0.5142707137802239,-0.020892188111465756,-0.01878458773392595,0.12204197926256743,0.11805555555555555,0.2564444444444442
56,PSD_ABSOLUTE_CHANNEL_BAND,ds006036__EO_or_photomark,AD_FTD_vs_CN,48,20,0.7616482251411292,0.7996735246056487,0.7737747700992209,-0.025898754506427916,0.012126544958091613,0.7755260081823494,0.8,0.7739583333333333,-0.026041666666666675,-0.0015676748490161762,0.5312714262543523,0.6016629039419443,0.5488839304333955,-0.05277897350854889,0.017612504179043302,0.2281749067925537,0.2,0.43733333333333363
56,PSD_ABSOLUTE_CHANNEL_BAND,ds006036__EO_or_photomark,AD_vs_CN,36,20,0.7626391212349524,0.7633856533769459,0.7613427879652723,-0.0020428654116734944,-0.0012963332696798112,0.7656848659003832,0.7638888888888891,0.7624999999999998,-0.001388888888888906,-0.003184865900383138,0.5292697177533573,0.5296777948004797,0.529640775972173,-3.7018828306717436e-05,0.0003710582188155787,0.12497723191840837,0.125,0.27511111111111086
56,PSD_ABSOLUTE_CHANNEL_BAND,ds006036__EO_or_photomark,CN_vs_FTD,30,20,0.8114509144347595,0.8409979480009296,0.8278207646877698,-0.01317718331315958,0.01636985025301004,0.812031484257871,0.841666666666667,0.8283333333333334,-0.01333333333333333,0.016301849075462282,0.6266972756714023,0.6880509451601199,0.6599068370757556,-0.02814410808436437,0.03320956140435345,0.20287368187368174,0.2,0.4802222222222225
56,PSD_REGION_ABSOLUTE,ds004504__EC,AD_FTD_vs_CN,48,20,0.7009026994926423,0.7149953789098763,0.73409424200288,0.019098863093003675,0.0331915425102377,0.7665546464056108,0.7291666666666667,0.7395833333333333,0.010416666666666685,-0.02697131307227741,0.5118202181071633,0.5127683918059296,0.5002906412610831,-0.012477750544846355,-0.011529576846080043,0.3896500166500168,0.3333333333333333,0.6737777777777775
56,PSD_REGION_ABSOLUTE,ds004504__EC,AD_vs_CN,36,20,0.7652554122221629,0.7182566098607538,0.7380980425413987,0.019841432680644942,-0.027157369680764203,0.7870929118773947,0.7375,0.7416666666666667,0.00416666666666668,-0.04542624521072798,0.5991327263043457,0.5506727465496858,0.4964374534153741,-0.054235293134311614,-0.10269527288897148,0.3121050616050613,0.2857142857142857,0.5913333333333332
56,PSD_REGION_ABSOLUTE,ds004504__EC,CN_vs_FTD,30,20,0.739249417220629,0.7459913349131149,0.7378545435420436,-0.00813679137107129,-0.0013948736785853344,0.7374062968515742,0.7483333333333335,0.7433333333333332,-0.0050000000000000044,0.005927036481759118,0.4919891945700571,0.5038903968981432,0.510742354658197,0.006851957760053757,0.01875316008813988,0.2414362206421028,0.2,0.5395555555555557
56,PSD_REGION_ABSOLUTE,ds006036__EO_or_photomark,AD_FTD_vs_CN,48,20,0.6895878367824292,0.7599001564185753,0.7808616948315783,0.020961538413002977,0.09127385804914906,0.750175336060783,0.7666666666666667,0.7854166666666665,0.018750000000000006,0.03524133060588348,0.4782095374593268,0.5651551592809608,0.5935318874927792,0.028376728211818414,0.11532235003345237,0.34336677211677213,0.2857142857142857,0.5959999999999998
56,PSD_REGION_ABSOLUTE,ds006036__EO_or_photomark,AD_vs_CN,36,20,0.7406512791172641,0.7460263571036114,0.7142657783518009,-0.03176057875181031,-0.026385500765463338,0.7632183908045979,0.7569444444444445,0.725,-0.031944444444444456,-0.03821839080459772,0.5512020459290409,0.5572623863295144,0.48388962611962133,-0.07337276020989306,-0.06731241980941949,0.30858633033633026,0.2727272727272727,0.586
56,PSD_REGION_ABSOLUTE,ds006036__EO_or_photomark,CN_vs_FTD,30,20,0.6971671013639449,0.7275401412153333,0.7226335080220944,-0.00490663319323863,0.02546640665814958,0.7003373313343327,0.7366666666666666,0.7266666666666666,-0.009999999999999992,0.02632933533233383,0.4580854129548431,0.5059078285975637,0.46524767347554874,-0.04066015512201504,0.007162260520705543,0.3474866244866244,0.2857142857142857,0.5833333333333334
57,PSD_ABSOLUTE_CHANNEL_BAND,ds004504__EC,AD_FTD_vs_CN,48,20,0.7514211727263497,0.7910720649533268,0.802856272692774,0.011784207739447416,0.05143509996642444,0.7847749853886616,0.7916666666666666,0.8052083333333335,0.013541666666666629,0.02043334794467172,0.5373508102617003,0.5864828772537369,0.6245821675944038,0.03809929034066667,0.08723135733270344,0.2014050655227126,0.2,0.4002222222222222
57,PSD_ABSOLUTE_CHANNEL_BAND,ds004504__EC,AD_vs_CN,36,20,0.7836115951114164,0.8023486126468986,0.799281205123891,-0.003067407523007798,0.01566961001247445,0.7911159003831418,0.8041666666666666,0.8000000000000002,-0.004166666666666663,0.008884099616858238,0.5811321623428458,0.6176643347489686,0.6035377181594288,-0.014126616589539825,0.022405555816583062,0.25095901157665845,0.26136363636363635,0.5113333333333333
57,PSD_ABSOLUTE_CHANNEL_BAND,ds004504__EC,CN_vs_FTD,30,20,0.7508459355660262,0.7366896781901568,0.6795666131434428,-0.0571230650467139,-0.07127932242258342,0.7482383808095953,0.7399999999999999,0.6816666666666664,-0.05833333333333333,-0.06657171414292855,0.5330553015141499,0.4929771711681338,0.36936171394954326,-0.12361545721859057,-0.16369358756460667,0.13091209933856984,0.125,0.30066666666666636
57,PSD_ABSOLUTE_CHANNEL_BAND,ds006036__EO_or_photomark,AD_FTD_vs_CN,48,20,0.7616482251411292,0.7527950917865233,0.6971368787852483,-0.055658213001274694,-0.06451134635588056,0.7755260081823494,0.753125,0.6979166666666667,-0.05520833333333334,-0.07760934151568286,0.5312714262543523,0.5075100912488322,0.39788442499051063,-0.10962566625832153,-0.13338700126384162,0.19254496157437334,0.18333333333333335,0.40466666666666656
57,PSD_ABSOLUTE_CHANNEL_BAND,ds006036__EO_or_photomark,AD_vs_CN,36,20,0.7626391212349524,0.7633856533769459,0.7865590675536496,0.023173414176703645,0.023919946318697326,0.7656848659003832,0.7638888888888891,0.7875000000000002,0.023611111111111093,0.021815134099616863,0.5292697177533573,0.5296777948004797,0.5801048114702996,0.05042701666982004,0.05083509371694234,0.10088604532722176,0.09090909090909091,0.2531111111111109
57,PSD_ABSOLUTE_CHANNEL_BAND,ds006036__EO_or_photomark,CN_vs_FTD,30,20,0.8114509144347595,0.8442785575643615,0.8230359625774671,-0.021242594986894216,0.011585048142707378,0.812031484257871,0.8450000000000001,0.8233333333333336,-0.021666666666666657,0.011301849075462283,0.6266972756714023,0.6948154076509073,0.6486126205615945,-0.04620278708931281,0.021915344890192423,0.19255154975743202,0.2,0.4446666666666667
57,PSD_REGION_ABSOLUTE,ds004504__EC,AD_FTD_vs_CN,48,20,0.7009026994926423,0.7506006535101368,0.8185961525269617,0.06799549901682503,0.11769345303431955,0.7665546464056108,0.759375,0.8208333333333334,0.06145833333333334,0.0542786869277226,0.5118202181071633,0.5615285218968346,0.6577342912186452,0.09620576932181066,0.14591407311148197,0.4181551226551229,0.3333333333333333,0.7066666666666663
57,PSD_REGION_ABSOLUTE,ds004504__EC,AD_vs_CN,36,20,0.7652554122221629,0.7627068908029553,0.7642799823875674,0.0015730915846119686,-0.0009754298345954204,0.7870929118773947,0.7749999999999999,0.7652777777777777,-0.00972222222222221,-0.021815134099616867,0.5991327263043457,0.6108734352200249,0.5345886363525821,-0.07628479886744274,-0.06454408995176346,0.239754107004107,0.2,0.5
57,PSD_REGION_ABSOLUTE,ds004504__EC,CN_vs_FTD,30,20,0.739249417220629,0.7114940280062801,0.6758656146559058,-0.03562841335037448,-0.06338380256472317,0.7374062968515742,0.7133333333333334,0.6883333333333332,-0.024999999999999974,-0.04907296351824085,0.4919891945700571,0.43115923825650365,0.41463066835924456,-0.016528569897259072,-0.07735852621081254,0.2201711344211343,0.17142857142857143,0.5013333333333334
57,PSD_REGION_ABSOLUTE,ds006036__EO_or_photomark,AD_FTD_vs_CN,48,20,0.6895878367824292,0.709733508449062,0.7052012090342676,-0.004532299414794255,0.015613372251838408,0.750175336060783,0.7239583333333333,0.715625,-0.008333333333333321,-0.03455033606078317,0.4782095374593268,0.49800263128442995,0.46707930401379694,-0.030923327270633093,-0.011130233445529897,0.4081733821733822,0.38461538461538464,0.6337777777777778
57,PSD_REGION_ABSOLUTE,ds006036__EO_or_photomark,AD_vs_CN,36,20,0.7406512791172641,0.7495002608329357,0.7080348407475567,-0.041465420085378984,-0.0326164383697075,0.7632183908045979,0.7597222222222223,0.7194444444444444,-0.04027777777777779,-0.04377394636015327,0.5512020459290409,0.5620894934085133,0.4733756036508433,-0.08871388975767,-0.07782644227819747,0.2844346209346208,0.25,0.5626666666666664
57,PSD_REGION_ABSOLUTE,ds006036__EO_or_photomark,CN_vs_FTD,30,20,0.6971671013639449,0.738700306986954,0.7417198498234823,0.0030195428365282105,0.04455274845953727,0.7003373313343327,0.7483333333333333,0.745,-0.0033333333333333214,0.044662668665667156,0.4580854129548431,0.5344225949131686,0.5018776653725869,-0.03254492954058162,0.0437922524177438,0.3725733710733711,0.3333333333333333,0.6255555555555553
58,PSD_ABSOLUTE_CHANNEL_BAND,ds004504__EC,AD_FTD_vs_CN,50,20,0.7514211727263497,0.7584259604450814,0.7172458018709469,-0.04118015857413436,-0.03417537085540271,0.7847749853886616,0.7599999999999999,0.7250000000000001,-0.03500000000000002,-0.059774985388661585,0.5373508102617003,0.5269442887348397,0.4750675000923155,-0.05187678864252417,-0.06228331016938471,0.2279334538011007,0.2,0.4091111111111108
58,PSD_ABSOLUTE_CHANNEL_BAND,ds004504__EC,AD_vs_CN,36,20,0.7836115951114164,0.8063803976874796,0.8105394183374062,0.004159020649926215,0.02692782322598953,0.7911159003831418,0.8069444444444445,0.8111111111111112,0.004166666666666652,0.019995210727969337,0.5811321623428458,0.616705712696766,0.6260369635146346,0.009331250817868661,0.044904801171788945,0.18508709427827072,0.16666666666666666,0.3668888888888888
58,PSD_ABSOLUTE_CHANNEL_BAND,ds004504__EC,CN_vs_FTD,30,20,0.7508459355660262,0.7447420586375186,0.7461899890866717,0.0014479304491532064,-0.004655946479354511,0.7482383808095953,0.7483333333333333,0.7483333333333334,1.6653345369377347e-17,9.495252373812879e-05,0.5330553015141499,0.5114057387141152,0.5060741206932062,-0.005331618020908951,-0.026981180820943668,0.14532492017786125,0.125,0.3511111111111109
58,PSD_ABSOLUTE_CHANNEL_BAND,ds006036__EO_or_photomark,AD_FTD_vs_CN,50,20,0.7616482251411292,0.7987187235833999,0.7996379939303815,0.0009192703469815544,0.03798976878925237,0.7755260081823494,0.7990000000000002,0.8000000000000002,0.001000000000000012,0.02447399181765053,0.5312714262543523,0.5995732625778959,0.6023604020904749,0.0027871395125789594,0.07108897583612274,0.2842442002442001,0.2727272727272727,0.4931111111111111
58,PSD_ABSOLUTE_CHANNEL_BAND,ds006036__EO_or_photomark,AD_vs_CN,36,20,0.7626391212349524,0.7453669209861159,0.7460667262815095,0.0006998052953934963,-0.016572394953442742,0.7656848659003832,0.7458333333333333,0.7472222222222221,0.001388888888888906,-0.018462643678160896,0.5292697177533573,0.49330577902249895,0.4987482377626008,0.005442458740101788,-0.03052147999075665,0.16579951257892436,0.13392857142857142,0.37999999999999995
58,PSD_ABSOLUTE_CHANNEL_BAND,ds006036__EO_or_photomark,CN_vs_FTD,30,20,0.8114509144347595,0.8392916839216898,0.8330280958253014,-0.006263588096388439,0.0215771813905414,0.812031484257871,0.8400000000000002,0.8333333333333336,-0.006666666666666659,0.021301849075462276,0.6266972756714023,0.6847532332570885,0.6692693437148811,-0.015483889542207623,0.04257206804347875,0.21746951088127545,0.2,0.5453333333333333
58,PSD_REGION_ABSOLUTE,ds004504__EC,AD_FTD_vs_CN,50,20,0.7009026994926423,0.712787595681055,0.7720185027044028,0.05923090702334786,0.07111580321176054,0.7665546464056108,0.7270000000000001,0.779,0.05200000000000003,0.012445353594389275,0.5118202181071633,0.5086141971471404,0.5933552330090517,0.08474103586191152,0.08153501490188862,0.4339538239538242,0.42857142857142855,0.7391111111111108
58,PSD_REGION_ABSOLUTE,ds004504__EC,AD_vs_CN,36,20,0.7652554122221629,0.769608000971566,0.7771263985882794,0.007518397616713551,0.011870986366116432,0.7870929118773947,0.7777777777777778,0.7777777777777779,0.0,-0.009315134099616873,0.5991327263043457,0.595211142052403,0.5585733119529055,-0.03663783009949739,-0.04055941435144,0.2829919524919524,0.2,0.5326666666666668
58,PSD_REGION_ABSOLUTE,ds004504__EC,CN_vs_FTD,30,20,0.739249417220629,0.7324889045856093,0.6980311886855743,-0.0344577159000351,-0.04121822853505473,0.7374062968515742,0.735,0.705,-0.02999999999999996,-0.03240629685157419,0.4919891945700571,0.47768605136006315,0.4310342136723809,-0.04665183768768226,-0.06095498089767629,0.2221224788283611,0.2,0.5046666666666667
58,PSD_REGION_ABSOLUTE,ds006036__EO_or_photomark,AD_FTD_vs_CN,50,20,0.6895878367824292,0.7690275355891968,0.7561825863674615,-0.012844949221735364,0.06659474958503221,0.750175336060783,0.776,0.7629999999999998,-0.013000000000000012,0.012824663939216824,0.4782095374593268,0.5865379940500838,0.5530938111016701,-0.033444182948413545,0.07488427364234332,0.3895548895548895,0.3333333333333333,0.6371111111111109
58,PSD_REGION_ABSOLUTE,ds006036__EO_or_photomark,AD_vs_CN,36,20,0.7406512791172641,0.7660393356578078,0.7690793024966313,0.0030399668388233327,0.028428023379366923,0.7632183908045979,0.773611111111111,0.775,0.0013888888888888783,0.011781609195402287,0.5512020459290409,0.5821137944406128,0.5780197781389314,-0.004094016301681469,0.026817732209890505,0.3523031413031412,0.4,0.6313333333333331
58,PSD_REGION_ABSOLUTE,ds006036__EO_or_photomark,CN_vs_FTD,30,20,0.6971671013639449,0.738700306986954,0.7200238937777133,-0.018676413209240638,0.022856792413768423,0.7003373313343327,0.7483333333333333,0.7299999999999999,-0.01833333333333333,0.029662668665667146,0.4580854129548431,0.5344225949131686,0.49136419323884317,-0.043058401674325494,0.03327878028399992,0.39792690642690653,0.38461538461538464,0.6473333333333332
59,PSD_ABSOLUTE_CHANNEL_BAND,ds004504__EC,AD_FTD_vs_CN,48,20,0.7514211727263497,0.7857559056280177,0.769741832989792,-0.01601407263822572,0.018320660263442184,0.7847749853886616,0.7864583333333333,0.7718750000000001,-0.014583333333333354,-0.012899985388661595,0.5373508102617003,0.5768451537818102,0.5538127483479321,-0.023032405433878054,0.016461938086231965,0.16038614816555982,0.16666666666666666,0.3377777777777776
59,PSD_ABSOLUTE_CHANNEL_BAND,ds004504__EC,AD_vs_CN,36,20,0.7836115951114164,0.8095470717230622,0.8469447587249448,0.03739768700188223,0.06333316361352812,0.7911159003831418,0.8111111111111112,0.8472222222222223,0.0361111111111111,0.05610632183908045,0.5811321623428458,0.6311657440193114,0.6969148845913972,0.06574914057208556,0.11578272224855132,0.17544044517573926,0.14285714285714285,0.34355555555555545
59,PSD_ABSOLUTE_CHANNEL_BAND,ds004504__EC,CN_vs_FTD,30,20,0.7508459355660262,0.746231904847953,0.7415904877526246,-0.004641417095328326,-0.009255447813401579,0.7482383808095953,0.7499999999999998,0.7433333333333334,-0.006666666666666649,-0.004905047476261864,0.5330553015141499,0.5153785776021379,0.49426939363067923,-0.021109183971458678,-0.03878590788347065,0.14543395983101856,0.125,0.34622222222222193
59,PSD_ABSOLUTE_CHANNEL_BAND,ds006036__EO_or_photomark,AD_FTD_vs_CN,48,20,0.7616482251411292,0.7595703349343073,0.7465836362297,-0.012986698704607409,-0.015064588911429061,0.7755260081823494,0.7604166666666666,0.746875,-0.013541666666666669,-0.028651008182349513,0.5312714262543523,0.5244839893512783,0.4948080293245762,-0.02967596002670203,-0.03646339692977587,0.22619426815015042,0.2,0.4528888888888889
59,PSD_ABSOLUTE_CHANNEL_BAND,ds006036__EO_or_photomark,AD_vs_CN,36,20,0.7626391212349524,0.773232313610603,0.8105929191707055,0.03736060556010249,0.04795379793575331,0.7656848659003832,0.7736111111111111,0.8111111111111111,0.03749999999999999,0.04542624521072798,0.5292697177533573,0.5487548502918932,0.6256476914085344,0.0768928411166411,0.09637797365517684,0.12747654796184205,0.125,0.29177777777777747
59,PSD_ABSOLUTE_CHANNEL_BAND,ds006036__EO_or_photomark,CN_vs_FTD,30,20,0.8114509144347595,0.8226782279332339,0.7992186539603401,-0.023459573972893555,-0.012232260474419688,0.812031484257871,0.8233333333333336,0.8000000000000002,-0.023333333333333362,-0.012031484257871072,0.6266972756714023,0.6509334222703814,0.6050456196385318,-0.04588780263184989,-0.021651656032870566,0.2207049617049616,0.2,0.5006666666666668
59,PSD_REGION_ABSOLUTE,ds004504__EC,AD_FTD_vs_CN,48,20,0.7009026994926423,0.7527313635090936,0.8235575633671057,0.07082619985801224,0.12265486387446367,0.7665546464056108,0.7614583333333333,0.8249999999999998,0.06354166666666665,0.05844535359438925,0.5118202181071633,0.5648702069251681,0.6588778644878137,0.09400765756264577,0.14705764638065058,0.3803151293151296,0.3333333333333333,0.6433333333333331
59,PSD_REGION_ABSOLUTE,ds004504__EC,AD_vs_CN,36,20,0.7652554122221629,0.758109269845719,0.7918607291600128,0.03375145931429395,0.026605316937850055,0.7870929118773947,0.7708333333333335,0.7944444444444445,0.023611111111111104,0.007351532567049779,0.5991327263043457,0.603167617064515,0.6002436811087131,-0.0029239359558018846,0.0011109548043675393,0.40864371739371746,0.38461538461538464,0.7042222222222221
59,PSD_REGION_ABSOLUTE,ds004504__EC,CN_vs_FTD,30,20,0.739249417220629,0.7196528182900704,0.6865086497404878,-0.03314416854958272,-0.052740767480141115,0.7374062968515742,0.7216666666666666,0.695,-0.02666666666666666,-0.042406296851574196,0.4919891945700571,0.4485179111913006,0.4159793591490826,-0.032538552042218026,-0.07600983542097457,0.21502880452880443,0.18333333333333335,0.5264444444444445
59,PSD_REGION_ABSOLUTE,ds006036__EO_or_photomark,AD_FTD_vs_CN,48,20,0.6895878367824292,0.7269963698908665,0.72015637226369,-0.006839997627176653,0.030568535481260727,0.750175336060783,0.7354166666666665,0.7302083333333333,-0.005208333333333359,-0.019967002727449855,0.4782095374593268,0.5015856423765896,0.4975011525006918,-0.004084489875897807,0.019291615041365028,0.3721332001332,0.38461538461538464,0.5966666666666666
59,PSD_REGION_ABSOLUTE,ds006036__EO_or_photomark,AD_vs_CN,36,20,0.7406512791172641,0.772374680200163,0.8016407179840359,0.029266037783872774,0.060989438866771585,0.7632183908045979,0.7805555555555556,0.8069444444444445,0.02638888888888887,0.04372605363984673,0.5512020459290409,0.5997417087739709,0.6439845497012959,0.04424284092732501,0.09278250377225508,0.3536597291597291,0.38461538461538464,0.6133333333333334
59,PSD_REGION_ABSOLUTE,ds006036__EO_or_photomark,CN_vs_FTD,30,20,0.6971671013639449,0.7200602366273723,0.738506149258227,0.018445912630854495,0.04133904789428185,0.7003373313343327,0.7283333333333335,0.7433333333333332,0.014999999999999963,0.04299600199900049,0.4580854129548431,0.48485142470384135,0.507120262365073,0.022268837661231687,0.049034849410229876,0.37190481740481746,0.358974358974359,0.6146666666666667
60,PSD_ABSOLUTE_CHANNEL_BAND,ds004504__EC,AD_FTD_vs_CN,46,20,0.7514211727263497,0.775175306825321,0.7606032159229856,-0.014572090902335239,0.009182043196635913,0.7847749853886616,0.7760869565217392,0.7641304347826087,-0.011956521739130421,-0.020644550606052893,0.5373508102617003,0.5567000035703515,0.5418500613277462,-0.014849942242605293,0.00449925106604597,0.1803881820793585,0.16666666666666666,0.36377777777777753
60,PSD_ABSOLUTE_CHANNEL_BAND,ds004504__EC,AD_vs_CN,36,20,0.7836115951114164,0.8037089951021839,0.8137041597103517,0.009995164608167701,0.030092564598935233,0.7911159003831418,0.8041666666666668,0.8138888888888889,0.009722222222222238,0.02277298850574714,0.5811321623428458,0.610788715431175,0.6290551326769348,0.01826641724575992,0.04792297033408909,0.1852564445358562,0.16666666666666666,0.38355555555555554
60,PSD_ABSOLUTE_CHANNEL_BAND,ds004504__EC,CN_vs_FTD,30,20,0.7508459355660262,0.7366896781901568,0.6861772692092368,-0.05051240898091978,-0.06466866635678929,0.7482383808095953,0.7399999999999999,0.6883333333333331,-0.05166666666666668,-0.05990504747626189,0.5330553015141499,0.4929771711681338,0.3820664002888995,-0.11091077087923432,-0.1509889012252504,0.12431649396355271,0.125,0.2737777777777774
60,PSD_ABSOLUTE_CHANNEL_BAND,ds006036__EO_or_photomark,AD_FTD_vs_CN,46,20,0.7616482251411292,0.7660308907961392,0.7527363653707052,-0.013294525425433901,-0.008911859770423886,0.7755260081823494,0.7663043478260868,0.7532608695652173,-0.013043478260869578,-0.022265138617132123,0.5312714262543523,0.5337474587859565,0.5087592874836808,-0.02498817130227571,-0.022512138770671382,0.18996540224481404,0.16666666666666666,0.352222222222222
60,PSD_ABSOLUTE_CHANNEL_BAND,ds006036__EO_or_photomark,AD_vs_CN,36,20,0.7626391212349524,0.7733259793321712,0.7976696375032288,0.024343658171057558,0.03503051626827658,0.7656848659003832,0.7736111111111111,0.798611111111111,0.024999999999999984,0.03292624521072797,0.5292697177533573,0.5483349698489898,0.6024927789650028,0.05415780911601313,0.07322306121164543,0.1707310075545369,0.16666666666666666,0.3864444444444443
60,PSD_ABSOLUTE_CHANNEL_BAND,ds006036__EO_or_photomark,CN_vs_FTD,30,20,0.8114509144347595,0.8226782279332339,0.7991058483291522,-0.023572379604081522,-0.012345066105607655,0.812031484257871,0.8233333333333336,0.7999999999999999,-0.023333333333333362,-0.012031484257871072,0.6266972756714023,0.6509334222703814,0.6051189915365324,-0.045814430733849214,-0.02157828413486989,0.224655178155178,0.2,0.5022222222222223
60,PSD_REGION_ABSOLUTE,ds004504__EC,AD_FTD_vs_CN,46,20,0.7009026994926423,0.7421422855506555,0.830147940480894,0.0880056549302387,0.12924524098825196,0.7665546464056108,0.7521739130434784,0.8315217391304346,0.07934782608695652,0.06496709272482401,0.5118202181071633,0.5497620482783729,0.672167711111902,0.12240566283352901,0.1603474930047388,0.3723102453102456,0.3333333333333333,0.6406666666666665
60,PSD_REGION_ABSOLUTE,ds004504__EC,AD_vs_CN,36,20,0.7652554122221629,0.759181806681296,0.7137339780641475,-0.045447828617148266,-0.0515214341580154,0.7870929118773947,0.7680555555555556,0.7249999999999999,-0.04305555555555557,-0.06209291187739465,0.5991327263043457,0.5779225453675284,0.4875377767198364,-0.09038476864769203,-0.11159494958450929,0.4246837606837607,0.4,0.7455555555555549
60,PSD_REGION_ABSOLUTE,ds004504__EC,CN_vs_FTD,30,20,0.739249417220629,0.7114940280062801,0.6984411945631597,-0.013052833443120526,-0.04080822265746922,0.7374062968515742,0.7133333333333334,0.7066666666666664,-0.0066666666666666706,-0.03073963018490755,0.4919891945700571,0.43115923825650365,0.44445283101892386,0.013293592762420356,-0.04753636355113313,0.2357392231951053,0.2,0.5393333333333333
60,PSD_REGION_ABSOLUTE,ds006036__EO_or_photomark,AD_FTD_vs_CN,46,20,0.6895878367824292,0.7511527964464438,0.7901827996644326,0.0390300032179886,0.10059496288200323,0.750175336060783,0.7576086956521738,0.7956521739130437,0.03804347826086958,0.045476837852260296,0.4782095374593268,0.5429221271695983,0.623504353442982,0.08058222627338382,0.14529481598365535,0.35605125430125434,0.30952380952380953,0.5880000000000001
60,PSD_REGION_ABSOLUTE,ds006036__EO_or_photomark,AD_vs_CN,36,20,0.7406512791172641,0.7543643989,0.7770572578291036,0.022692858929103426,0.036405978711839114,0.7632183908045979,0.7652777777777777,0.7847222222222222,0.019444444444444424,0.021503831417624502,0.5512020459290409,0.578720033203634,0.6096130744910331,0.030893041287398948,0.05841102856199211,0.3253270618270617,0.2727272727272727,0.6162222222222219
60,PSD_REGION_ABSOLUTE,ds006036__EO_or_photomark,CN_vs_FTD,30,20,0.6971671013639449,0.7200602366273723,0.7477748162391162,0.027714579611744027,0.050607714875171385,0.7003373313343327,0.7283333333333335,0.7533333333333335,0.024999999999999974,0.052996001999000494,0.4580854129548431,0.48485142470384135,0.5311953441031868,0.04634391939934542,0.0731099311483436,0.3614122544122543,0.3333333333333333,0.6302222222222222
61,PSD_ABSOLUTE_CHANNEL_BAND,ds004504__EC,AD_FTD_vs_CN,50,20,0.7514211727263497,0.7872974258270212,0.7489716922142546,-0.03832573361276666,-0.0024494805120951536,0.7847749853886616,0.788,0.752,-0.03600000000000003,-0.03277498538866159,0.5373508102617003,0.5796766140921322,0.5168874960873419,-0.06278911800479062,-0.02046331417435853,0.1884826056296644,0.16666666666666666,0.3395555555555554
61,PSD_ABSOLUTE_CHANNEL_BAND,ds004504__EC,AD_vs_CN,36,20,0.7836115951114164,0.7847754249738864,0.7393207857935107,-0.0454546391803757,-0.04429080931790567,0.7911159003831418,0.7861111111111112,0.7430555555555556,-0.043055555555555555,-0.04806034482758621,0.5811321623428458,0.5780755739974842,0.4989804996771846,-0.07909507432029964,-0.08215166266566114,0.21131681064033997,0.2,0.44222222222222224
61,PSD_ABSOLUTE_CHANNEL_BAND,ds004504__EC,CN_vs_FTD,30,20,0.7508459355660262,0.7415286742975353,0.649062680491388,-0.09246599380614709,-0.10178325507463815,0.7482383808095953,0.7449999999999999,0.6549999999999999,-0.08999999999999997,-0.09323838080959518,0.5330553015141499,0.5043111893943908,0.3211325443270852,-0.18317864506730555,-0.2119227571870647,0.14036910475145759,0.125,0.28244444444444416
61,PSD_ABSOLUTE_CHANNEL_BAND,ds006036__EO_or_photomark,AD_FTD_vs_CN,50,20,0.7616482251411292,0.8054165876752301,0.8144629318466958,0.00904634417146572,0.052814706705566705,0.7755260081823494,0.8060000000000003,0.8150000000000002,0.009000000000000003,0.03947399181765053,0.5312714262543523,0.6156641541867043,0.633463298065302,0.01779914387859773,0.10219187181094988,0.21983047508047496,0.2,0.44422222222222224
61,PSD_ABSOLUTE_CHANNEL_BAND,ds006036__EO_or_photomark,AD_vs_CN,36,20,0.7626391212349524,0.7467654623846574,0.7576290603380386,0.0108635979533812,-0.005010060896913637,0.7656848659003832,0.7472222222222223,0.7583333333333333,0.01111111111111111,-0.007351532567049801,0.5292697177533573,0.4960448870169172,0.5196151148678031,0.02357022785088595,-0.009654602885554284,0.13164158553864433,0.125,0.29333333333333317
61,PSD_ABSOLUTE_CHANNEL_BAND,ds006036__EO_or_photomark,CN_vs_FTD,30,20,0.8114509144347595,0.8094182878696923,0.805935394285297,-0.0034828935843952747,-0.005515520149462705,0.812031484257871,0.8100000000000003,0.8066666666666669,-0.0033333333333333435,-0.005364817591204396,0.6266972756714023,0.623766504335155,0.6180874319885143,-0.005679072346640562,-0.0086098436828877,0.14865116256292715,0.14285714285714285,0.41622222222222227
61,PSD_REGION_ABSOLUTE,ds004504__EC,AD_FTD_vs_CN,50,20,0.7009026994926423,0.7644992955070853,0.7801713508629728,0.015672055355887633,0.0792686513703307,0.7665546464056108,0.772,0.7849999999999999,0.013000000000000006,0.01844535359438928,0.5118202181071633,0.5829671954337868,0.5950981293976232,0.012130933963836268,0.08327791129045994,0.4845974025974028,0.5,0.753777777777778
61,PSD_REGION_ABSOLUTE,ds004504__EC,AD_vs_CN,36,20,0.7652554122221629,0.7318213685872264,0.7343865531367921,0.0025651845495657357,-0.03086885908537094,0.7870929118773947,0.7444444444444446,0.7458333333333333,0.0013888888888888783,-0.04125957854406133,0.5991327263043457,0.5400909960191704,0.5350525656349111,-0.005038430384259515,-0.06408016066943457,0.4636297591297594,0.4642857142857143,0.8033333333333327
61,PSD_REGION_ABSOLUTE,ds004504__EC,CN_vs_FTD,30,20,0.739249417220629,0.7344916164441945,0.7255765620166026,-0.008915054427591712,-0.013672855204026108,0.7374062968515742,0.7366666666666666,0.7366666666666667,0.0,-0.0007396301849075416,0.4919891945700571,0.47974702931445606,0.5188227387125961,0.039075709398140035,0.02683354414253903,0.20810747585747563,0.2,0.5120000000000001
61,PSD_REGION_ABSOLUTE,ds006036__EO_or_photomark,AD_FTD_vs_CN,50,20,0.6895878367824292,0.7555838140721451,0.7440410526796426,-0.01154276139250257,0.054453215897213345,0.750175336060783,0.763,0.7489999999999999,-0.014000000000000007,-0.0011753360607831775,0.4782095374593268,0.5601350900106532,0.5200783114082435,-0.040056778602409866,0.0418687739489167,0.32312920412920393,0.2857142857142857,0.5826666666666664
61,PSD_REGION_ABSOLUTE,ds006036__EO_or_photomark,AD_vs_CN,36,20,0.7406512791172641,0.7408285932370516,0.709689548949551,-0.031139044287500535,-0.030961730167713353,0.7632183908045979,0.7513888888888889,0.7222222222222221,-0.029166666666666667,-0.04099616858237549,0.5512020459290409,0.5437301017407175,0.48564046924323606,-0.05808963249748147,-0.06556157668580476,0.4125567210567212,0.4,0.6828888888888887
61,PSD_REGION_ABSOLUTE,ds006036__EO_or_photomark,CN_vs_FTD,30,20,0.6971671013639449,0.7291148018488174,0.7375895229762969,0.00847472112747939,0.04042242161235176,0.7003373313343327,0.7383333333333331,0.7399999999999997,0.001666666666666644,0.03966266866566713,0.4580854129548431,0.509982093609713,0.48812932190830505,-0.021852771701408105,0.03004390895346177,0.38778252303252303,0.3333333333333333,0.6046666666666664
62,PSD_ABSOLUTE_CHANNEL_BAND,ds004504__EC,AD_FTD_vs_CN,44,20,0.7514211727263497,0.7788846318235811,0.7624316732355998,-0.016452958587981292,0.011010500509250221,0.7847749853886616,0.7795454545454547,0.7636363636363636,-0.015909090909090907,-0.021138621752297953,0.5373508102617003,0.5618881634535293,0.5325065204279893,-0.029381643025539982,-0.004844289833710885,0.20196027012203474,0.2,0.4071111111111111
62,PSD_ABSOLUTE_CHANNEL_BAND,ds004504__EC,AD_vs_CN,36,20,0.7836115951114164,0.7883214388629393,0.8159846781135698,0.02766323925063064,0.03237308300215343,0.7911159003831418,0.7916666666666667,0.8180555555555555,0.02638888888888889,0.026939655172413784,0.5811321623428458,0.6003825602888408,0.6489900540518349,0.04860749376299402,0.06785789170898911,0.2873238787356433,0.2727272727272727,0.538
62,PSD_ABSOLUTE_CHANNEL_BAND,ds004504__EC,CN_vs_FTD,30,20,0.7508459355660262,0.7510900985333526,0.6833364638937417,-0.06775363463961093,-0.0675094716722846,0.7482383808095953,0.7550000000000001,0.6866666666666665,-0.06833333333333336,-0.06157171414292854,0.5330553015141499,0.5270241155299532,0.3814602781339766,-0.14556383739597653,-0.15159502338017325,0.16140692150986266,0.15476190476190477,0.31977777777777755
62,PSD_ABSOLUTE_CHANNEL_BAND,ds006036__EO_or_photomark,AD_FTD_vs_CN,44,20,0.7616482251411292,0.7792912800542104,0.7629533114306418,-0.01633796862356853,0.0013050862895127968,0.7755260081823494,0.7795454545454545,0.7636363636363638,-0.015909090909090918,-0.01188964454598589,0.5312714262543523,0.5602547485691474,0.5303868779145197,-0.029867870654627742,-0.0008845483398324666,0.17810024126200588,0.16666666666666666,0.35199999999999987
62,PSD_ABSOLUTE_CHANNEL_BAND,ds006036__EO_or_photomark,AD_vs_CN,36,20,0.7626391212349524,0.7633856533769459,0.7895466383624278,0.026160984985481896,0.026907517127475578,0.7656848659003832,0.7638888888888891,0.790277777777778,0.02638888888888888,0.024592911877394645,0.5292697177533573,0.5296777948004797,0.5844530981454724,0.054775303344992754,0.05518338039211505,0.12204444248561895,0.1111111111111111,0.2804444444444443
62,PSD_ABSOLUTE_CHANNEL_BAND,ds006036__EO_or_photomark,CN_vs_FTD,30,20,0.8114509144347595,0.8326990122770159,0.8041904387153194,-0.028508573561696293,-0.007260475719440346,0.812031484257871,0.8333333333333336,0.8050000000000003,-0.02833333333333334,-0.007031484257871057,0.6266972756714023,0.6711359966703416,0.6141208372628641,-0.05701515940747741,-0.012576438408538022,0.157178098045745,0.14285714285714285,0.36911111111111106
62,PSD_REGION_ABSOLUTE,ds004504__EC,AD_FTD_vs_CN,44,20,0.7009026994926423,0.708132980660805,0.7835815783671249,0.0754485977063198,0.08267887887448272,0.7665546464056108,0.7227272727272727,0.7863636363636364,0.06363636363636357,0.019808989958025585,0.5118202181071633,0.5000046552348633,0.5847246996818972,0.0847200444470341,0.07290448157473409,0.33903246753246746,0.3333333333333333,0.6057777777777776
62,PSD_REGION_ABSOLUTE,ds004504__EC,AD_vs_CN,36,20,0.7652554122221629,0.7468616031686787,0.7344055993488667,-0.012456003819812,-0.030849812873296228,0.7870929118773947,0.7611111111111112,0.7375,-0.02361111111111111,-0.04959291187739466,0.5991327263043457,0.5877857218534283,0.4861280911256161,-0.10165763072781205,-0.1130046351787295,0.388394993894994,0.3333333333333333,0.6931111111111113
62,PSD_REGION_ABSOLUTE,ds004504__EC,CN_vs_FTD,30,20,0.739249417220629,0.7524980932417507,0.7274870905747417,-0.025011002667008758,-0.011762326645887222,0.7374062968515742,0.7550000000000001,0.735,-0.019999999999999973,-0.002406296851574191,0.4919891945700571,0.5182165748270741,0.49866064619034034,-0.019555928636733715,0.006671451620283245,0.24023903873903849,0.2,0.5315555555555558
62,PSD_REGION_ABSOLUTE,ds006036__EO_or_photomark,AD_FTD_vs_CN,44,20,0.6895878367824292,0.7116606458292779,0.6807992081202509,-0.03086143770902705,-0.008788628662178416,0.750175336060783,0.7249999999999999,0.6943181818181818,-0.030681818181818154,-0.055857154242601334,0.4782095374593268,0.49717051161801207,0.42631952743089724,-0.07085098418711488,-0.05189001002842956,0.2706829004329002,0.26136363636363635,0.46422222222222215
62,PSD_REGION_ABSOLUTE,ds006036__EO_or_photomark,AD_vs_CN,36,20,0.7406512791172641,0.7460263571036114,0.7260732860963547,-0.019953071007256656,-0.01457799302090968,0.7632183908045979,0.7569444444444445,0.7347222222222223,-0.022222222222222227,-0.02849616858237549,0.5512020459290409,0.5572623863295144,0.4978735325400315,-0.059388853789482755,-0.05332851338900918,0.3213558108558107,0.2727272727272727,0.596
62,PSD_REGION_ABSOLUTE,ds006036__EO_or_photomark,CN_vs_FTD,30,20,0.6971671013639449,0.7291148018488174,0.7409606591495946,0.011845857300777324,0.043793557785649695,0.7003373313343327,0.7383333333333331,0.7433333333333332,0.004999999999999999,0.042996001999000485,0.4580854129548431,0.509982093609713,0.4944211753351263,-0.015560918274586718,0.03633576238028315,0.356779415029415,0.2857142857142857,0.5348888888888887
63,PSD_ABSOLUTE_CHANNEL_BAND,ds004504__EC,AD_FTD_vs_CN,46,20,0.7514211727263497,0.7356207511893543,0.7657596412986172,0.030138890109262628,0.014338468572267265,0.7847749853886616,0.7391304347826086,0.7706521739130434,0.031521739130434774,-0.014122811475618124,0.5373508102617003,0.4915908191118275,0.5648860020659885,0.07329518295416096,0.027535191804288206,0.1644141283553048,0.16666666666666666,0.3186666666666664
63,PSD_ABSOLUTE_CHANNEL_BAND,ds004504__EC,AD_vs_CN,36,20,0.7836115951114164,0.7788976929458815,0.7968479153513053,0.017950222405423773,0.013236320239888872,0.7911159003831418,0.7819444444444443,0.798611111111111,0.016666666666666663,0.007495210727969354,0.5811321623428458,0.5785768680744219,0.6066165559349488,0.028039687860527036,0.025484393592103177,0.2320555065849183,0.2,0.4633333333333331
63,PSD_ABSOLUTE_CHANNEL_BAND,ds004504__EC,CN_vs_FTD,30,20,0.7508459355660262,0.7415301969697745,0.7510266653971345,0.009496468427359772,0.00018072983110803965,0.7482383808095953,0.7449999999999998,0.7533333333333333,0.00833333333333336,0.005094952523738139,0.5330553015141499,0.5038221356300128,0.516195711977799,0.012373576347786287,-0.016859589536350857,0.15033905473611353,0.125,0.3268888888888887
63,PSD_ABSOLUTE_CHANNEL_BAND,ds006036__EO_or_photomark,AD_FTD_vs_CN,46,20,0.7616482251411292,0.7330592293528528,0.7212011717682962,-0.011858057584556669,-0.040447053372832935,0.7755260081823494,0.7336956521739129,0.7217391304347827,-0.011956521739130444,-0.053786877747566894,0.5312714262543523,0.4694713158646966,0.44504596401565644,-0.024425351849040093,-0.08622546223869572,0.23767093037681267,0.2,0.43911111111111106
63,PSD_ABSOLUTE_CHANNEL_BAND,ds006036__EO_or_photomark,AD_vs_CN,36,20,0.7626391212349524,0.7633856533769459,0.7793047637511601,0.015919110374214285,0.016665642516207967,0.7656848659003832,0.7638888888888891,0.7805555555555554,0.016666666666666646,0.014870689655172414,0.5292697177533573,0.5296777948004797,0.5677731893292487,0.03809539452876898,0.03850347157589128,0.1004669644081408,0.09090909090909091,0.24311111111111086
63,PSD_ABSOLUTE_CHANNEL_BAND,ds006036__EO_or_photomark,CN_vs_FTD,30,20,0.8114509144347595,0.8309683872375672,0.7925013008147048,-0.03846708642286245,-0.01894961362005506,0.812031484257871,0.831666666666667,0.7933333333333334,-0.038333333333333344,-0.01869815092453773,0.6266972756714023,0.6679192357515257,0.5907839452948053,-0.07713529045672049,-0.03591333037659694,0.21701278296866522,0.2,0.5175555555555555
63,PSD_REGION_ABSOLUTE,ds004504__EC,AD_FTD_vs_CN,46,20,0.7009026994926423,0.6991179421720217,0.7897802578630688,0.09066231569104717,0.08887755837042673,0.7665546464056108,0.7163043478260869,0.7923913043478261,0.07608695652173915,0.025836657942215336,0.5118202181071633,0.4920601587744737,0.5989725320372835,0.10691237326280985,0.08715231393012032,0.33309776334776314,0.3333333333333333,0.6282222222222221
63,PSD_REGION_ABSOLUTE,ds004504__EC,AD_vs_CN,36,20,0.7652554122221629,0.7332897419622157,0.742525896645777,0.009236154683561381,-0.02272951557638591,0.7870929118773947,0.75,0.7444444444444444,-0.005555555555555536,-0.04264846743295019,0.5991327263043457,0.5701656906807739,0.49563445707042036,-0.07453123361035359,-0.1034982692339252,0.28211485736485714,0.2727272727272727,0.5742222222222221
63,PSD_REGION_ABSOLUTE,ds004504__EC,CN_vs_FTD,30,20,0.739249417220629,0.7324889045856093,0.714425251491428,-0.01806365309418125,-0.024824165729200882,0.7374062968515742,0.735,0.72,-0.014999999999999958,-0.017406296851574188,0.4919891945700571,0.47768605136006315,0.4594794179457474,-0.018206633414315686,-0.032509776624309726,0.20404922854922852,0.2,0.5097777777777778
63,PSD_REGION_ABSOLUTE,ds006036__EO_or_photomark,AD_FTD_vs_CN,46,20,0.6895878367824292,0.7206526130249129,0.7447059874955729,0.024053374470660034,0.055118150713143674,0.750175336060783,0.7293478260869566,0.7532608695652174,0.023913043478260888,0.0030855335044342124,0.4782095374593268,0.4891182080809321,0.5462096411208455,0.05709143303991341,0.06800010366151868,0.35639491064491063,0.2857142857142857,0.5864444444444442
63,PSD_REGION_ABSOLUTE,ds006036__EO_or_photomark,AD_vs_CN,36,20,0.7406512791172641,0.7495002608329357,0.7275071357615621,-0.021993125071373725,-0.013144143355702237,0.7632183908045979,0.7597222222222223,0.736111111111111,-0.02361111111111111,-0.027107279693486596,0.5512020459290409,0.5620894934085133,0.5037161763089518,-0.0583733170995616,-0.04748586962008908,0.26629195804195793,0.25,0.5228888888888887
63,PSD_REGION_ABSOLUTE,ds006036__EO_or_photomark,CN_vs_FTD,30,20,0.6971671013639449,0.7402836403202874,0.7215016586655099,-0.018781981654777458,0.02433455730156493,0.7003373313343327,0.7499999999999998,0.7333333333333335,-0.01666666666666663,0.03299600199900052,0.4580854129548431,0.5388710072011056,0.5051163662889878,-0.03375464091211768,0.0470309533341447,0.41480419580419564,0.3333333333333333,0.6311111111111108
64,PSD_ABSOLUTE_CHANNEL_BAND,ds004504__EC,AD_FTD_vs_CN,50,20,0.7514211727263497,0.7748919157110725,0.7572516540830716,-0.017640261628000798,0.005830481356721878,0.7847749853886616,0.776,0.76,-0.01600000000000002,-0.02477498538866158,0.5373508102617003,0.5576518705953061,0.5324337299059188,-0.025218140689387315,-0.004917080355781506,0.18659710387651557,0.16666666666666666,0.3628888888888887
64,PSD_ABSOLUTE_CHANNEL_BAND,ds004504__EC,AD_vs_CN,36,20,0.7836115951114164,0.7562525584866236,0.7455342332630357,-0.010718325223588048,-0.03807736184838077,0.7911159003831418,0.7583333333333333,0.7486111111111111,-0.009722222222222233,-0.042504789272030656,0.5811321623428458,0.5244582752612451,0.5069804783084244,-0.017477796952820628,-0.0741516840344213,0.2607310744810743,0.25,0.4835555555555555
64,PSD_ABSOLUTE_CHANNEL_BAND,ds004504__EC,CN_vs_FTD,30,20,0.7508459355660262,0.7415286742975353,0.6584689266883956,-0.08305974760913962,-0.09237700887763065,0.7482383808095953,0.7449999999999999,0.6633333333333331,-0.08166666666666667,-0.08490504747626187,0.5330553015141499,0.5043111893943908,0.3375059073815003,-0.1668052820128904,-0.19554939413264955,0.13986236965648724,0.125,0.28266666666666634
64,PSD_ABSOLUTE_CHANNEL_BAND,ds006036__EO_or_photomark,AD_FTD_vs_CN,50,20,0.7616482251411292,0.7515140996045884,0.7435525151297174,-0.007961584474870914,-0.018095710011411657,0.7755260081823494,0.7519999999999999,0.7450000000000002,-0.007000000000000001,-0.03052600818234951,0.5312714262543523,0.5058453458384412,0.4947896417817157,-0.011055704056725572,-0.03648178447263654,0.22474168315344778,0.2,0.4168888888888888
64,PSD_ABSOLUTE_CHANNEL_BAND,ds006036__EO_or_photomark,AD_vs_CN,36,20,0.7626391212349524,0.7626376917177321,0.7788665198727117,0.016228828154979662,0.01622739863775956,0.7656848659003832,0.763888888888889,0.7791666666666667,0.015277777777777796,0.013481800766283547,0.5292697177533573,0.5330290284465444,0.5595406070972019,0.02651157865065762,0.030270889343844597,0.19230439821616285,0.2,0.389111111111111
64,PSD_ABSOLUTE_CHANNEL_BAND,ds006036__EO_or_photomark,CN_vs_FTD,30,20,0.8114509144347595,0.7958780479971305,0.7712745477779543,-0.024603500219176143,-0.04017636665680534,0.812031484257871,0.7966666666666666,0.7716666666666666,-0.025000000000000012,-0.04036481759120441,0.6266972756714023,0.5981046475069427,0.545459772922511,-0.052644874584431636,-0.0812375027488912,0.17527342918519376,0.16666666666666666,0.4393333333333333
64,PSD_REGION_ABSOLUTE,ds004504__EC,AD_FTD_vs_CN,50,20,0.7009026994926423,0.7608803782575668,0.7637057894332442,0.0028254111756773116,0.06280308994060199,0.7665546464056108,0.769,0.7699999999999999,0.0009999999999999898,0.003445353594389261,0.5118202181071633,0.578723625244739,0.5697176466595668,-0.009005978585172289,0.05789742855240354,0.4611563991563992,0.5,0.7399999999999999
64,PSD_REGION_ABSOLUTE,ds004504__EC,AD_vs_CN,36,20,0.7652554122221629,0.7071429955808546,0.7097213997564783,0.002578404175623722,-0.055534012465684526,0.7870929118773947,0.7236111111111111,0.7152777777777778,-0.008333333333333314,-0.07181513409961689,0.5991327263043457,0.5041357445904369,0.44709803829663947,-0.05703770629379723,-0.1520346880077061,0.3531584526584525,0.3333333333333333,0.6435555555555552
64,PSD_REGION_ABSOLUTE,ds004504__EC,CN_vs_FTD,30,20,0.739249417220629,0.7344916164441945,0.7149520137575329,-0.019539602686661335,-0.02429740346309573,0.7374062968515742,0.7366666666666666,0.7233333333333334,-0.013333333333333341,-0.014072963518240883,0.4919891945700571,0.47974702931445606,0.48099936292997664,0.0012523336155205096,-0.010989831640080494,0.22939260739260717,0.2,0.5382222222222223
64,PSD_REGION_ABSOLUTE,ds006036__EO_or_photomark,AD_FTD_vs_CN,50,20,0.6895878367824292,0.7343136687233667,0.7241907650462309,-0.010122903677135687,0.034602928263801694,0.750175336060783,0.742,0.7340000000000002,-0.008000000000000007,-0.016175336060783196,0.4782095374593268,0.5143913693077248,0.506044665826846,-0.00834670348087874,0.027835128367519214,0.37282001332001335,0.38461538461538464,0.5833333333333335
64,PSD_REGION_ABSOLUTE,ds006036__EO_or_photomark,AD_vs_CN,36,20,0.7406512791172641,0.7694328902262118,0.7419283339974934,-0.02750455622871854,0.0012770548802289949,0.7632183908045979,0.7763888888888889,0.7472222222222222,-0.029166666666666684,-0.015996168582375507,0.5512020459290409,0.5840663865416469,0.5117728815610463,-0.07229350498060053,-0.039429164367994554,0.3827147852147852,0.3333333333333333,0.6779999999999998
64,PSD_REGION_ABSOLUTE,ds006036__EO_or_photomark,CN_vs_FTD,30,20,0.6971671013639449,0.7088837824792531,0.7436295227569205,0.03474574027766751,0.046462421392975614,0.7003373313343327,0.7166666666666668,0.7499999999999999,0.033333333333333305,0.049662668665667146,0.4580854129548431,0.45656462348544646,0.5241839454505008,0.06761932196505421,0.0660985324956576,0.3611279276279275,0.30952380952380953,0.6026666666666665
65,PSD_ABSOLUTE_CHANNEL_BAND,ds004504__EC,AD_FTD_vs_CN,48,20,0.7514211727263497,0.7994195431231159,0.7961136570783433,-0.003305886044772427,0.04469248435199366,0.7847749853886616,0.8,0.7979166666666666,-0.002083333333333337,0.01314168127800507,0.5373508102617003,0.6033044003853438,0.6056328991107023,0.0023284987253582327,0.06828208884900198,0.16239292243704004,0.125,0.30511111111111083
65,PSD_ABSOLUTE_CHANNEL_BAND,ds004504__EC,AD_vs_CN,36,20,0.7836115951114164,0.7847754249738864,0.7590842008198977,-0.025691224153988564,-0.02452739429151853,0.7911159003831418,0.7861111111111112,0.7625,-0.023611111111111104,-0.028615900383141758,0.5811321623428458,0.5780755739974842,0.5389930817329515,-0.03908249226453277,-0.04213908060989428,0.228769681299093,0.2,0.46399999999999997
65,PSD_ABSOLUTE_CHANNEL_BAND,ds004504__EC,CN_vs_FTD,30,20,0.7508459355660262,0.7479930211400801,0.6754425379034791,-0.07255048323660096,-0.07540339766254717,0.7482383808095953,0.7516666666666665,0.6783333333333332,-0.07333333333333332,-0.06990504747626188,0.5330553015141499,0.5186551085027089,0.36328631004431144,-0.15536879845839743,-0.16976899146983854,0.14016883606589486,0.125,0.31022222222222207
65,PSD_ABSOLUTE_CHANNEL_BAND,ds006036__EO_or_photomark,AD_FTD_vs_CN,48,20,0.7616482251411292,0.7646903186400398,0.7546010528207676,-0.01008926581927233,-0.0070471723203615,0.7755260081823494,0.7656249999999999,0.7552083333333335,-0.01041666666666668,-0.020317674849016178,0.5312714262543523,0.5353900022547547,0.5127729224096934,-0.022617079845061457,-0.01849850384465881,0.23935254451430915,0.225,0.4362222222222222
65,PSD_ABSOLUTE_CHANNEL_BAND,ds006036__EO_or_photomark,AD_vs_CN,36,20,0.7626391212349524,0.7367423932990883,0.7550088680274437,0.018266474728355474,-0.007630253207508436,0.7656848659003832,0.7375,0.7555555555555558,0.018055555555555554,-0.010129310344827575,0.5292697177533573,0.47737349365638215,0.513437443117596,0.03606394946121372,-0.015832274635761406,0.15475544390250273,0.13392857142857142,0.32266666666666644
65,PSD_ABSOLUTE_CHANNEL_BAND,ds006036__EO_or_photomark,CN_vs_FTD,30,20,0.8114509144347595,0.782188980392622,0.777703801231291,-0.0044851791613307376,-0.033747113203468716,0.812031484257871,0.7833333333333334,0.7783333333333335,-0.004999999999999993,-0.03369815092453773,0.6266972756714023,0.5723560344112644,0.559928987952353,-0.012427046458911245,-0.0667682877190491,0.17188857384445616,0.15476190476190477,0.458888888888889
65,PSD_REGION_ABSOLUTE,ds004504__EC,AD_FTD_vs_CN,48,20,0.7009026994926423,0.7458607172533376,0.8260196787505312,0.08015896149719343,0.1251169792578888,0.7665546464056108,0.7552083333333333,0.8270833333333332,0.07187499999999998,0.06052868692772258,0.5118202181071633,0.5543959161055623,0.662020686454657,0.10762477034909494,0.15020046834749384,0.3810858585858587,0.3333333333333333,0.6499999999999996
65,PSD_REGION_ABSOLUTE,ds004504__EC,AD_vs_CN,36,20,0.7652554122221629,0.7318213685872264,0.7392384110520412,0.00741704246481491,-0.02601700117012177,0.7870929118773947,0.7444444444444446,0.7458333333333332,0.001388888888888873,-0.04125957854406133,0.5991327263043457,0.5400909960191704,0.5177290409468794,-0.022361955072291148,-0.0814036853574662,0.4153234265734267,0.4,0.7148888888888884
65,PSD_REGION_ABSOLUTE,ds004504__EC,CN_vs_FTD,30,20,0.739249417220629,0.761851170300391,0.7303698061802024,-0.031481364120188454,-0.008879611040426482,0.7374062968515742,0.7650000000000001,0.7366666666666667,-0.02833333333333334,-0.0007396301849075304,0.4919891945700571,0.5422569529570829,0.498286001021484,-0.04397095193559898,0.006296806451426801,0.20262925962925954,0.2,0.5468888888888888
65,PSD_REGION_ABSOLUTE,ds006036__EO_or_photomark,AD_FTD_vs_CN,48,20,0.6895878367824292,0.7444214118111454,0.691928180843268,-0.052493230967877634,0.002340344060838595,0.750175336060783,0.7510416666666667,0.7020833333333334,-0.04895833333333333,-0.04809200272744985,0.4782095374593268,0.5287755212411879,0.43212675641596876,-0.09664876482521909,-0.046082781043358084,0.335116328116328,0.2727272727272727,0.5482222222222223
65,PSD_REGION_ABSOLUTE,ds006036__EO_or_photomark,AD_vs_CN,36,20,0.7406512791172641,0.7382365541614521,0.7050619683340345,-0.03317458582741757,-0.03558931078323001,0.7632183908045979,0.7486111111111111,0.7166666666666667,-0.031944444444444456,-0.04655172413793105,0.5512020459290409,0.5363254835892047,0.467433867020303,-0.06889161656890186,-0.0837681789087379,0.3897010212010212,0.4,0.6637777777777774
65,PSD_REGION_ABSOLUTE,ds006036__EO_or_photomark,CN_vs_FTD,30,20,0.6971671013639449,0.7104606369972842,0.7377648863040486,0.027304249306764745,0.04059778494010385,0.7003373313343327,0.7183333333333335,0.745,0.026666666666666655,0.04466266866566717,0.4580854129548431,0.4603622151975659,0.5188818449231632,0.05851962972559728,0.06079643196832012,0.3919553502053503,0.38461538461538464,0.6026666666666664
66,PSD_ABSOLUTE_CHANNEL_BAND,ds004504__EC,AD_FTD_vs_CN,48,20,0.7514211727263497,0.7783870666698596,0.79601561442978,0.01762854775992052,0.04459444170343036,0.7847749853886616,0.7791666666666666,0.7989583333333332,0.019791666666666662,0.014183347944671748,0.5373508102617003,0.5621731998599591,0.6164401586734032,0.05426695881344394,0.07908934841170297,0.18658871194165308,0.16666666666666666,0.36444444444444435
66,PSD_ABSOLUTE_CHANNEL_BAND,ds004504__EC,AD_vs_CN,36,20,0.7836115951114164,0.7269136790826628,0.6869433035449891,-0.03997037553767378,-0.09666829156642735,0.7911159003831418,0.7305555555555555,0.6958333333333333,-0.03472222222222224,-0.09528256704980843,0.5811321623428458,0.4719394633961068,0.41730938485734737,-0.054630078538759605,-0.1638227774854985,0.2590078989637813,0.2727272727272727,0.5075555555555556
66,PSD_ABSOLUTE_CHANNEL_BAND,ds004504__EC,CN_vs_FTD,30,20,0.7508459355660262,0.7493438836370416,0.6951487456362235,-0.054195138000818086,-0.05569718992980257,0.7482383808095953,0.7533333333333333,0.7016666666666668,-0.051666666666666625,-0.0465717141429285,0.5330553015141499,0.5246671083572435,0.4212613786225664,-0.10340572973467699,-0.11179392289158344,0.1763849157378569,0.16666666666666666,0.3644444444444443
66,PSD_ABSOLUTE_CHANNEL_BAND,ds006036__EO_or_photomark,AD_FTD_vs_CN,48,20,0.7616482251411292,0.7820473996875962,0.7743339907813854,-0.0077134089062109445,0.012685765640256258,0.7755260081823494,0.7822916666666666,0.7749999999999999,-0.007291666666666657,-0.0005260081823495078,0.5312714262543523,0.5657434534747395,0.5529887344420894,-0.012754719032650217,0.02171730818773723,0.2306123125240772,0.225,0.452
66,PSD_ABSOLUTE_CHANNEL_BAND,ds006036__EO_or_photomark,AD_vs_CN,36,20,0.7626391212349524,0.7453669209861159,0.7334653517161255,-0.011901569269990347,-0.029173769518826588,0.7656848659003832,0.7458333333333333,0.7347222222222223,-0.0111111111111111,-0.0309626436781609,0.5292697177533573,0.49330577902249895,0.47332986850339853,-0.019975910519100394,-0.05593984924995883,0.17324413005295355,0.16666666666666666,0.35422222222222205
66,PSD_ABSOLUTE_CHANNEL_BAND,ds006036__EO_or_photomark,CN_vs_FTD,30,20,0.8114509144347595,0.8374928432786473,0.764186778878164,-0.07330606440048304,-0.04726413555659574,0.812031484257871,0.8383333333333335,0.765,-0.07333333333333336,-0.04703148425787108,0.6266972756714023,0.6823529627803728,0.5336515193802012,-0.14870144340017183,-0.09304575629120129,0.1905295619413265,0.16666666666666666,0.4233333333333331
66,PSD_REGION_ABSOLUTE,ds004504__EC,AD_FTD_vs_CN,48,20,0.7009026994926423,0.7621793083067351,0.8239141270196463,0.061734818712910935,0.12301142752700396,0.7665546464056108,0.7697916666666667,0.8260416666666666,0.05624999999999998,0.0594870202610559,0.5118202181071633,0.5788388051986634,0.6649559405690776,0.08611713537041413,0.15313572246191437,0.3735894660894662,0.3333333333333333,0.7064444444444442
66,PSD_REGION_ABSOLUTE,ds004504__EC,AD_vs_CN,36,20,0.7652554122221629,0.7017861505962252,0.7360636152358908,0.03427746463966547,-0.029191796986272178,0.7870929118773947,0.7194444444444443,0.7430555555555556,0.023611111111111117,-0.0440373563218391,0.5991327263043457,0.4983368754874616,0.514672295591706,0.01633542010424434,-0.08446043071263973,0.30393956043956033,0.2727272727272727,0.574
66,PSD_REGION_ABSOLUTE,ds004504__EC,CN_vs_FTD,30,20,0.739249417220629,0.7358610670092423,0.6923158117673783,-0.04354525524186394,-0.04693360545325057,0.7374062968515742,0.7383333333333333,0.6999999999999998,-0.03833333333333331,-0.03740629685157419,0.4919891945700571,0.4844357180986358,0.4251952049833293,-0.059240513115306356,-0.06679398958672782,0.21820340770340746,0.2,0.5217777777777777
66,PSD_REGION_ABSOLUTE,ds006036__EO_or_photomark,AD_FTD_vs_CN,48,20,0.6895878367824292,0.7494889054240123,0.741251931021732,-0.008236974402280184,0.05166409423930287,0.750175336060783,0.7583333333333333,0.7510416666666667,-0.007291666666666663,0.0008663306058834975,0.4782095374593268,0.5563724531119002,0.5431520243081613,-0.013220428803738787,0.06494248684883457,0.3092982572982573,0.2727272727272727,0.5397777777777779
66,PSD_REGION_ABSOLUTE,ds006036__EO_or_photomark,AD_vs_CN,36,20,0.7406512791172641,0.7408285932370516,0.709996515373145,-0.03083207786390659,-0.030654763744119413,0.7632183908045979,0.7513888888888889,0.7236111111111112,-0.027777777777777783,-0.039607279693486604,0.5512020459290409,0.5437301017407175,0.4913368080336161,-0.05239329370710151,-0.05986523789542477,0.33521225996225984,0.2857142857142857,0.6135555555555554
66,PSD_REGION_ABSOLUTE,ds006036__EO_or_photomark,CN_vs_FTD,30,20,0.6971671013639449,0.7418261329377226,0.7371667731891512,-0.004659359748571656,0.03999967182520614,0.7003373313343327,0.7516666666666667,0.7416666666666667,-0.010000000000000004,0.04132933533233383,0.4580854129548431,0.5435975522671682,0.49958989598909714,-0.04400765627807104,0.041504483034253976,0.3865953768453768,0.38461538461538464,0.610222222222222
67,PSD_ABSOLUTE_CHANNEL_BAND,ds004504__EC,AD_FTD_vs_CN,48,20,0.7514211727263497,0.7847218131720612,0.7776968415636525,-0.007024971608408914,0.026275668837302712,0.7847749853886616,0.7854166666666667,0.7791666666666666,-0.00625,-0.0056083187219949145,0.5373508102617003,0.5748257664926509,0.5650212896811333,-0.009804476811517669,0.027670479419433024,0.19881610872787334,0.2,0.3737777777777774
67,PSD_ABSOLUTE_CHANNEL_BAND,ds004504__EC,AD_vs_CN,36,20,0.7836115951114164,0.7996390232945074,0.7707604373690062,-0.028878585925501223,-0.012851157742410186,0.7911159003831418,0.8013888888888887,0.7722222222222224,-0.02916666666666664,-0.018893678160919525,0.5811321623428458,0.612212130288069,0.5507609736246446,-0.06145115666342449,-0.030371188718201138,0.247475939093586,0.2,0.4859999999999999
67,PSD_ABSOLUTE_CHANNEL_BAND,ds004504__EC,CN_vs_FTD,30,20,0.7508459355660262,0.7542005563335489,0.6650811481699159,-0.08911940816363273,-0.08576478739611022,0.7482383808095953,0.7583333333333335,0.6699999999999997,-0.08833333333333333,-0.07823838080959519,0.5330553015141499,0.5355504030221898,0.347740025643587,-0.1878103773786028,-0.18531527587056298,0.1477158331864214,0.125,0.29422222222222205
67,PSD_ABSOLUTE_CHANNEL_BAND,ds006036__EO_or_photomark,AD_FTD_vs_CN,48,20,0.7616482251411292,0.7768740789615575,0.7932603594726416,0.016386280511084216,0.03161213433151243,0.7755260081823494,0.778125,0.7937500000000001,0.015625,0.018223991817650498,0.5312714262543523,0.5626235441920268,0.5902782233416533,0.027654679149626327,0.059006797087300965,0.2299099234099233,0.2,0.4313333333333334
67,PSD_ABSOLUTE_CHANNEL_BAND,ds006036__EO_or_photomark,AD_vs_CN,36,20,0.7626391212349524,0.7911726517057398,0.805656289015598,0.014483637309858039,0.04301716778064573,0.7656848659003832,0.7916666666666667,0.8069444444444445,0.015277777777777774,0.04125957854406132,0.5292697177533573,0.5857307481790542,0.6225265500792176,0.03679580190016348,0.09325683232586016,0.14285202705790934,0.125,0.34311111111111087
67,PSD_ABSOLUTE_CHANNEL_BAND,ds006036__EO_or_photomark,CN_vs_FTD,30,20,0.8114509144347595,0.782188980392622,0.7525725986693035,-0.029616381723318347,-0.058878315765456324,0.812031484257871,0.7833333333333334,0.7533333333333333,-0.030000000000000034,-0.05869815092453777,0.6266972756714023,0.5723560344112644,0.5106263814704028,-0.06172965294086159,-0.1160708942009995,0.18480470346646807,0.16666666666666666,0.4179999999999999
67,PSD_REGION_ABSOLUTE,ds004504__EC,AD_FTD_vs_CN,48,20,0.7009026994926423,0.734745176442317,0.7916907253080956,0.0569455488657787,0.09078802581545344,0.7665546464056108,0.7458333333333333,0.7947916666666666,0.048958333333333326,0.02823702026105592,0.5118202181071633,0.5392021961064772,0.6066729278474027,0.06747073174092541,0.09485270974023945,0.3950445110445112,0.3333333333333333,0.6959999999999998
67,PSD_REGION_ABSOLUTE,ds004504__EC,AD_vs_CN,36,20,0.7652554122221629,0.7514840298715152,0.8010769167812922,0.049592886909776986,0.03582150455912928,0.7870929118773947,0.7652777777777777,0.8041666666666666,0.03888888888888889,0.017073754789272016,0.5991327263043457,0.5959337162442205,0.6264918389979499,0.03055812275372934,0.027359112693604276,0.3048600288600288,0.2792207792207792,0.5826666666666664
67,PSD_REGION_ABSOLUTE,ds004504__EC,CN_vs_FTD,30,20,0.739249417220629,0.7586777087830466,0.7375933875217763,-0.021084321261270127,-0.0016560296988525735,0.7374062968515742,0.7616666666666667,0.7449999999999999,-0.016666666666666673,0.007593703148425784,0.4919891945700571,0.5344435642585326,0.5216302066230699,-0.012813357635462591,0.02964101205301282,0.23656732156732127,0.2,0.5611111111111111
67,PSD_REGION_ABSOLUTE,ds006036__EO_or_photomark,AD_FTD_vs_CN,48,20,0.6895878367824292,0.7560210590100925,0.7459909912841148,-0.010030067725977398,0.056403154501685704,0.750175336060783,0.7614583333333333,0.7520833333333332,-0.009375000000000012,0.0019079972725501327,0.4782095374593268,0.5470024584871186,0.5288324937479815,-0.01816996473913691,0.050622956288654784,0.3171847596847595,0.2857142857142857,0.5308888888888891
67,PSD_REGION_ABSOLUTE,ds006036__EO_or_photomark,AD_vs_CN,36,20,0.7406512791172641,0.759659493141472,0.7673485847787656,0.007689091637293583,0.0266973056615012,0.7632183908045979,0.7708333333333334,0.7722222222222221,0.0013888888888889007,0.00900383141762453,0.5512020459290409,0.5920237558173166,0.5686829030468654,-0.023340852770451326,0.01748085711782451,0.2552995892995892,0.2,0.5735555555555555
67,PSD_REGION_ABSOLUTE,ds006036__EO_or_photomark,CN_vs_FTD,30,20,0.6971671013639449,0.7104606369972842,0.716930448636331,0.006469811639047046,0.01976334727238615,0.7003373313343327,0.7183333333333335,0.7233333333333333,0.004999999999999999,0.022996001999000516,0.4580854129548431,0.4603622151975659,0.4661796566931119,0.005817441495545789,0.008094243738268652,0.383128649128649,0.38461538461538464,0.5888888888888886
68,PSD_ABSOLUTE_CHANNEL_BAND,ds004504__EC,AD_FTD_vs_CN,48,20,0.7514211727263497,0.7953350373331513,0.7886203947851328,-0.006714642548018668,0.03719922205878294,0.7847749853886616,0.7958333333333333,0.7895833333333333,-0.006249999999999989,0.004808347944671771,0.5373508102617003,0.5943242595220114,0.5841185337514219,-0.010205725770589582,0.04676772348972169,0.16521528797999374,0.16666666666666666,0.31777777777777744
68,PSD_ABSOLUTE_CHANNEL_BAND,ds004504__EC,AD_vs_CN,36,20,0.7836115951114164,0.7913030746543704,0.7974506523503317,0.006147577695961137,0.013839057238915143,0.7911159003831418,0.7944444444444445,0.8000000000000002,0.005555555555555536,0.0088840996168582,0.5811321623428458,0.6054532585681005,0.6146706993404398,0.00921744077233944,0.033538536997594195,0.18591670094611262,0.2,0.3877777777777777
68,PSD_ABSOLUTE_CHANNEL_BAND,ds004504__EC,CN_vs_FTD,30,20,0.7508459355660262,0.7494629640937183,0.7415552763483266,-0.007907687745391417,-0.009290659217699537,0.7482383808095953,0.7533333333333333,0.7449999999999999,-0.008333333333333364,-0.003238380809595215,0.5330553015141499,0.5232737003877986,0.5032147295220317,-0.020058970865767016,-0.029840571992118238,0.13810078157136974,0.125,0.3093333333333331
68,PSD_ABSOLUTE_CHANNEL_BAND,ds006036__EO_or_photomark,AD_FTD_vs_CN,48,20,0.7616482251411292,0.7993620738233341,0.7840632834912038,-0.015298790332130214,0.022415058350074783,0.7755260081823494,0.8,0.784375,-0.01562500000000002,0.00884899181765047,0.5312714262543523,0.6036058372943317,0.5703451683446134,-0.033260668949718394,0.039073742090261224,0.24527668573256808,0.225,0.4786666666666669
68,PSD_ABSOLUTE_CHANNEL_BAND,ds006036__EO_or_photomark,AD_vs_CN,36,20,0.7626391212349524,0.7633856533769459,0.7603678903504755,-0.00301776302647046,-0.002271230884476777,0.7656848659003832,0.7638888888888891,0.761111111111111,-0.0027777777777777844,-0.004573754789272017,0.5292697177533573,0.5296777948004797,0.5252049833532247,-0.0044728114472548765,-0.00406473440013258,0.12184049936991106,0.10101010101010101,0.27444444444444416
68,PSD_ABSOLUTE_CHANNEL_BAND,ds006036__EO_or_photomark,CN_vs_FTD,30,20,0.8114509144347595,0.8458991785672824,0.8127929560114628,-0.03310622255581935,0.0013420415767030126,0.812031484257871,0.8466666666666669,0.8133333333333332,-0.03333333333333335,0.0013018490754622691,0.6266972756714023,0.6987375345659551,0.6299068370757557,-0.0688306974901994,0.003209561404353459,0.2503145645204466,0.2,0.554888888888889
68,PSD_REGION_ABSOLUTE,ds004504__EC,AD_FTD_vs_CN,48,20,0.7009026994926423,0.729050174670003,0.7674802086528743,0.03843003398287127,0.06657750916023211,0.7665546464056108,0.740625,0.7687499999999999,0.02812500000000001,0.0021953535943892597,0.5118202181071633,0.5304512528081113,0.544243750326183,0.013792497518071637,0.032423532219019835,0.30362900987900965,0.2792207792207792,0.5691111111111107
68,PSD_REGION_ABSOLUTE,ds004504__EC,AD_vs_CN,36,20,0.7652554122221629,0.7299576721980131,0.7514827597944396,0.021525087596426285,-0.013772652427723537,0.7870929118773947,0.7472222222222222,0.7555555555555555,0.008333333333333321,-0.03153735632183911,0.5991327263043457,0.5660208016063817,0.5282143346801392,-0.03780646692624229,-0.07091839162420621,0.32434077034077013,0.3333333333333333,0.6166666666666666
68,PSD_REGION_ABSOLUTE,ds004504__EC,CN_vs_FTD,30,20,0.739249417220629,0.7296742437448942,0.6898149463778183,-0.03985929736707597,-0.049434470842810704,0.7374062968515742,0.7316666666666667,0.6966666666666663,-0.035,-0.040739630184907547,0.4919891945700571,0.4687061710560462,0.4132766378692646,-0.055429533186781545,-0.07871255670079243,0.2365839160839159,0.2,0.5440000000000002
68,PSD_REGION_ABSOLUTE,ds006036__EO_or_photomark,AD_FTD_vs_CN,48,20,0.6895878367824292,0.7623057180024294,0.7507159317873271,-0.011589786215102144,0.061128095004897964,0.750175336060783,0.76875,0.7552083333333334,-0.013541666666666674,0.005032997272550149,0.4782095374593268,0.5688550968022633,0.5296263495813884,-0.039228747220874875,0.051416812122061596,0.27481274281274276,0.2,0.5159999999999999
68,PSD_REGION_ABSOLUTE,ds006036__EO_or_photomark,AD_vs_CN,36,20,0.7406512791172641,0.7697826411245634,0.7517274158860316,-0.018055225238531765,0.011076136768767435,0.7632183908045979,0.7777777777777778,0.7583333333333333,-0.01944444444444446,-0.0048850574712643756,0.5512020459290409,0.5923370906224582,0.5441558696411061,-0.04818122098135203,-0.007046176287934719,0.3513455433455433,0.30952380952380953,0.6088888888888888
68,PSD_REGION_ABSOLUTE,ds006036__EO_or_photomark,CN_vs_FTD,30,20,0.6971671013639449,0.7200602366273723,0.7368740459464015,0.016813809319029472,0.03970694458245683,0.7003373313343327,0.7283333333333335,0.7399999999999999,0.011666666666666636,0.039662668665667165,0.4580854129548431,0.48485142470384135,0.4922476187697029,0.007396194065861622,0.03416220581485981,0.3494931734931734,0.2857142857142857,0.5722222222222221
69,PSD_ABSOLUTE_CHANNEL_BAND,ds004504__EC,AD_FTD_vs_CN,48,20,0.7514211727263497,0.7516828694268062,0.7294490186556979,-0.022233850771108555,-0.021972154070651985,0.7847749853886616,0.753125,0.7333333333333334,-0.019791666666666662,-0.05144165205532826,0.5373508102617003,0.5126381947639094,0.4798075963308219,-0.032830598433087735,-0.05754321393087848,0.202290151025445,0.2,0.3739999999999998
69,PSD_ABSOLUTE_CHANNEL_BAND,ds004504__EC,AD_vs_CN,36,20,0.7836115951114164,0.8023486126468986,0.8192296055453951,0.01688099289849636,0.03561801043397861,0.7911159003831418,0.8041666666666666,0.8194444444444444,0.015277777777777796,0.028328544061302696,0.5811321623428458,0.6176643347489686,0.6403565022993973,0.022692167550428945,0.05922433995655182,0.24813195954372408,0.2,0.4911111111111112
69,PSD_ABSOLUTE_CHANNEL_BAND,ds004504__EC,CN_vs_FTD,30,20,0.7508459355660262,0.7463846757817347,0.7175670461689199,-0.028817629612814626,-0.03327888939710619,0.7482383808095953,0.7499999999999998,0.72,-0.02999999999999999,-0.028238380809595204,0.5330553015141499,0.514982103594989,0.4472169316664524,-0.06776517192853641,-0.08583836984769745,0.13472559140206197,0.125,0.27888888888888863
69,PSD_ABSOLUTE_CHANNEL_BAND,ds006036__EO_or_photomark,AD_FTD_vs_CN,48,20,0.7616482251411292,0.7933942727184996,0.7811121907905931,-0.012282081927906668,0.01946396564946406,0.7755260081823494,0.79375,0.7812500000000001,-0.012500000000000022,0.0057239918176504815,0.5312714262543523,0.5894883374496562,0.5632585111111019,-0.026229826338554363,0.03198708485674986,0.19563254229430696,0.18333333333333335,0.3824444444444445
69,PSD_ABSOLUTE_CHANNEL_BAND,ds006036__EO_or_photomark,AD_vs_CN,36,20,0.7626391212349524,0.7910506418275381,0.8299616681524575,0.03891102632491952,0.06732254691750539,0.7656848659003832,0.7916666666666666,0.8305555555555555,0.03888888888888886,0.06487068965517241,0.5292697177533573,0.586360403791877,0.6656467326648163,0.07928632887293931,0.1363770149114589,0.15240307568248737,0.14285714285714285,0.35488888888888864
69,PSD_ABSOLUTE_CHANNEL_BAND,ds006036__EO_or_photomark,CN_vs_FTD,30,20,0.8114509144347595,0.7907446208580027,0.794321366490055,0.003576745632052225,-0.017129547944704886,0.812031484257871,0.7916666666666666,0.7950000000000002,0.003333333333333349,-0.01703148425787106,0.6266972756714023,0.5886044105845472,0.5935270672056328,0.004922656621085456,-0.03317020846576958,0.20124958374958365,0.2,0.5039999999999999
69,PSD_REGION_ABSOLUTE,ds004504__EC,AD_FTD_vs_CN,48,20,0.7009026994926423,0.7359691008524267,0.790006157403174,0.054037056550747274,0.08910345791053177,0.7665546464056108,0.7468750000000001,0.7927083333333333,0.04583333333333334,0.026153686927722585,0.5118202181071633,0.5407934579987883,0.6008158236969077,0.06002236569811925,0.08899560558974444,0.38550072150072173,0.3333333333333333,0.6879999999999995
69,PSD_REGION_ABSOLUTE,ds004504__EC,AD_vs_CN,36,20,0.7652554122221629,0.7560928495765658,0.7981159671726623,0.042023117596096324,0.03286055495049926,0.7870929118773947,0.7694444444444446,0.7986111111111112,0.02916666666666668,0.011518199233716464,0.5991327263043457,0.6022561965504838,0.6000213388920445,-0.002234857658439354,0.0008886125876987977,0.23101881451881442,0.2,0.48533333333333334
69,PSD_REGION_ABSOLUTE,ds004504__EC,CN_vs_FTD,30,20,0.739249417220629,0.7553492469786146,0.7392157463051513,-0.01613350067346339,-3.3670915477701514e-05,0.7374062968515742,0.7583333333333335,0.7416666666666665,-0.01666666666666669,0.0042603698150924406,0.4919891945700571,0.527935041592881,0.49462473996450756,-0.033310301628373194,0.002635545394450525,0.21050352425352425,0.2,0.5700000000000001
69,PSD_REGION_ABSOLUTE,ds006036__EO_or_photomark,AD_FTD_vs_CN,48,20,0.6895878367824292,0.7387316934708223,0.7682041655461884,0.02947247207536601,0.07861632876375922,0.750175336060783,0.7489583333333333,0.7739583333333335,0.025,0.023782997272550167,0.4782095374593268,0.540480463673721,0.5761953434770754,0.03571487980335425,0.0979858060177486,0.302623987123987,0.225,0.5971111111111109
69,PSD_REGION_ABSOLUTE,ds006036__EO_or_photomark,AD_vs_CN,36,20,0.7406512791172641,0.779092027531168,0.7383980690575768,-0.040693958473591196,-0.0022532100596874883,0.7632183908045979,0.7861111111111111,0.7444444444444445,-0.0416666666666667,-0.018773946360153275,0.5512020459290409,0.6064954323863978,0.5110088889698444,-0.09548654341655334,-0.040193156959196466,0.30226762126762097,0.2727272727272727,0.6213333333333331
69,PSD_REGION_ABSOLUTE,ds006036__EO_or_photomark,CN_vs_FTD,30,20,0.6971671013639449,0.7088837824792531,0.6847768587855845,-0.024106923693668476,-0.012390242578360373,0.7003373313343327,0.7166666666666668,0.7033333333333331,-0.013333333333333364,0.0029960019990004803,0.4580854129548431,0.45656462348544646,0.4583922945118684,0.0018276710264218954,0.0003068815570252986,0.4072284937284939,0.38461538461538464,0.6417777777777777
70,PSD_ABSOLUTE_CHANNEL_BAND,ds004504__EC,AD_FTD_vs_CN,48,20,0.7514211727263497,0.7677336959789732,0.7744964060406903,0.0067627100617171365,0.023075233314340703,0.7847749853886616,0.76875,0.7770833333333333,0.008333333333333314,-0.007691652055328252,0.5373508102617003,0.5424302124501574,0.5665611520365725,0.02413093958641519,0.029210341774872445,0.18445061800944137,0.18333333333333335,0.32688888888888845
70,PSD_ABSOLUTE_CHANNEL_BAND,ds004504__EC,AD_vs_CN,36,20,0.7836115951114164,0.7519638033432743,0.7542139997054387,0.002250196362164075,-0.029397595405977868,0.7911159003831418,0.7541666666666668,0.7569444444444444,0.002777777777777779,-0.03417145593869732,0.5811321623428458,0.5160784536374792,0.5241108493302338,0.008032395692754496,-0.057021313012611964,0.24767961450314385,0.25,0.4793333333333333
70,PSD_ABSOLUTE_CHANNEL_BAND,ds004504__EC,CN_vs_FTD,30,20,0.7508459355660262,0.7588795155823609,0.7470266021808802,-0.011852913401480796,-0.0038193333851460954,0.7482383808095953,0.7633333333333333,0.75,-0.013333333333333313,0.0017616191904048228,0.5330553015141499,0.5479160119267859,0.5111807262132604,-0.0367352857135257,-0.021874575300889623,0.18030386770092646,0.16666666666666666,0.4008888888888887
70,PSD_ABSOLUTE_CHANNEL_BAND,ds006036__EO_or_photomark,AD_FTD_vs_CN,48,20,0.7616482251411292,0.798288161071267,0.7880932231100221,-0.010194937961245033,0.026444997968892985,0.7755260081823494,0.7989583333333333,0.7885416666666666,-0.010416666666666685,0.013015658484317145,0.5312714262543523,0.6018808554232573,0.5792790099306606,-0.02260184549259645,0.04800758367630872,0.2542220165455458,0.2727272727272727,0.4646666666666666
70,PSD_ABSOLUTE_CHANNEL_BAND,ds006036__EO_or_photomark,AD_vs_CN,36,20,0.7626391212349524,0.7626376917177321,0.7938540956342813,0.031216403916549236,0.031214974399329132,0.7656848659003832,0.763888888888889,0.7944444444444445,0.03055555555555557,0.02875957854406132,0.5292697177533573,0.5330290284465444,0.591672617186817,0.05864358874027255,0.062402899433459516,0.1716889287183404,0.14285714285714285,0.3468888888888887
70,PSD_ABSOLUTE_CHANNEL_BAND,ds006036__EO_or_photomark,CN_vs_FTD,30,20,0.8114509144347595,0.8392916839216898,0.8196245663170721,-0.0196671176046176,0.008173651882312238,0.812031484257871,0.8400000000000002,0.8200000000000001,-0.019999999999999983,0.007968515742128951,0.6266972756714023,0.6847532332570885,0.6423048121629049,-0.0424484210941836,0.015607536491502783,0.20167909867909853,0.2,0.4362222222222222
70,PSD_REGION_ABSOLUTE,ds004504__EC,AD_FTD_vs_CN,48,20,0.7009026994926423,0.7068103550908077,0.787740808820847,0.08093045373003954,0.08683810932820499,0.7665546464056108,0.721875,0.7895833333333335,0.06770833333333331,0.023028686927722558,0.5118202181071633,0.4993374382265491,0.5890984907730352,0.08976105254648628,0.07727827266587214,0.36731673881673876,0.3333333333333333,0.6259999999999998
70,PSD_REGION_ABSOLUTE,ds004504__EC,AD_vs_CN,36,20,0.7652554122221629,0.7099051965886384,0.807248442397238,0.09734324580859986,0.04199303017507533,0.7870929118773947,0.7263888888888888,0.8083333333333332,0.08194444444444446,0.021240421455938678,0.5991327263043457,0.5096935650963036,0.6240177186480962,0.11432415355179268,0.024884992343750585,0.2345318015318014,0.2,0.47577777777777785
70,PSD_REGION_ABSOLUTE,ds004504__EC,CN_vs_FTD,30,20,0.739249417220629,0.743936539404941,0.7122927072258157,-0.031643832179125295,-0.026956709994813192,0.7374062968515742,0.7466666666666665,0.7233333333333333,-0.023333333333333307,-0.014072963518240856,0.4919891945700571,0.5025494337522123,0.4895550408353958,-0.012994392916816627,-0.0024341537346614208,0.25746356421356403,0.2,0.5744444444444445
70,PSD_REGION_ABSOLUTE,ds006036__EO_or_photomark,AD_FTD_vs_CN,48,20,0.6895878367824292,0.7668410436414341,0.7907892425201115,0.023948198878677024,0.1012014057376821,0.750175336060783,0.7729166666666668,0.7958333333333333,0.022916666666666703,0.045657997272550176,0.4782095374593268,0.5756660048075933,0.6198471994204933,0.04418119461290001,0.1416376619611665,0.3140599400599401,0.2857142857142857,0.5464444444444444
70,PSD_REGION_ABSOLUTE,ds006036__EO_or_photomark,AD_vs_CN,36,20,0.7406512791172641,0.7711071336723554,0.762148975564409,-0.008958158107946496,0.02149769644714456,0.7632183908045979,0.7777777777777778,0.7680555555555555,-0.009722222222222205,0.004837164750957862,0.5512020459290409,0.5866236032323595,0.5642680553044771,-0.02235554792788239,0.013066009375436338,0.3099204129204128,0.2727272727272727,0.5944444444444442
70,PSD_REGION_ABSOLUTE,ds006036__EO_or_photomark,CN_vs_FTD,30,20,0.6971671013639449,0.738700306986954,0.7376391095978138,-0.001061197389140206,0.04047200823386886,0.7003373313343327,0.7483333333333333,0.74,-0.008333333333333309,0.039662668665667165,0.4580854129548431,0.5344225949131686,0.48851095466733,-0.045911640245838645,0.03042554171248677,0.3925669885669885,0.38461538461538464,0.6331111111111112
71,PSD_ABSOLUTE_CHANNEL_BAND,ds004504__EC,AD_FTD_vs_CN,46,20,0.7514211727263497,0.7761305266276628,0.8076154125814853,0.031484885953822525,0.05619423985513554,0.7847749853886616,0.7771739130434783,0.8086956521739129,0.0315217391304348,0.023920666785251454,0.5373508102617003,0.5588017886871184,0.6223341076844329,0.06353231899731444,0.08498329742273265,0.11729879597526655,0.11805555555555555,0.2317777777777775
71,PSD_ABSOLUTE_CHANNEL_BAND,ds004504__EC,AD_vs_CN,36,20,0.7836115951114164,0.7808389224447869,0.7647585548272466,-0.01608036761754002,-0.018853040284169648,0.7911159003831418,0.7819444444444443,0.7652777777777777,-0.016666666666666663,-0.025838122605363972,0.5811321623428458,0.5685040652894703,0.5326243669679678,-0.035879698321502396,-0.048507795374877885,0.16742121440650856,0.16666666666666666,0.330222222222222
71,PSD_ABSOLUTE_CHANNEL_BAND,ds004504__EC,CN_vs_FTD,30,20,0.7508459355660262,0.7463846757817347,0.6901309230704433,-0.05625375271129133,-0.06071501249558288,0.7482383808095953,0.7499999999999998,0.6916666666666667,-0.05833333333333333,-0.05657171414292854,0.5330553015141499,0.514982103594989,0.38729004600530903,-0.12769205758967983,-0.14576525550884092,0.15478740214034334,0.125,0.3093333333333332
71,PSD_ABSOLUTE_CHANNEL_BAND,ds006036__EO_or_photomark,AD_FTD_vs_CN,46,20,0.7616482251411292,0.7529450420987882,0.7072433848174116,-0.04570165728137653,-0.054404840323717604,0.7755260081823494,0.7532608695652174,0.707608695652174,-0.0456521739130435,-0.0679173125301756,0.5312714262543523,0.5076823960474103,0.41617873796975813,-0.09150365807765218,-0.11509268828459407,0.19222130647130645,0.2,0.3675555555555555
71,PSD_ABSOLUTE_CHANNEL_BAND,ds006036__EO_or_photomark,AD_vs_CN,36,20,0.7626391212349524,0.7353438519005469,0.7459461067026856,0.010602254802138644,-0.01669301453226667,0.7656848659003832,0.7361111111111112,0.7472222222222222,0.011111111111111117,-0.0184626436781609,0.5292697177533573,0.47463438566196403,0.4988839843196392,0.024249598657675103,-0.03038573343371822,0.15390483209600855,0.125,0.32422222222222197
71,PSD_ABSOLUTE_CHANNEL_BAND,ds006036__EO_or_photomark,CN_vs_FTD,30,20,0.8114509144347595,0.8042848607305645,0.7692349549242625,-0.03504990580630184,-0.042215959510497184,0.812031484257871,0.805,0.77,-0.035000000000000024,-0.042031484257871086,0.6266972756714023,0.6142662674127595,0.5434823394323696,-0.07078392798039002,-0.08321493623903263,0.1941978479037302,0.16666666666666666,0.4540000000000001
71,PSD_REGION_ABSOLUTE,ds004504__EC,AD_FTD_vs_CN,46,20,0.7009026994926423,0.7582990002877106,0.8280359762574351,0.06973697596972453,0.12713327676479294,0.7665546464056108,0.766304347826087,0.8282608695652174,0.061956521739130445,0.06170622315960663,0.5118202181071633,0.5724841354748588,0.6583890790448029,0.08590494356994423,0.1465688609376398,0.3719965867465868,0.3333333333333333,0.6364444444444441
71,PSD_REGION_ABSOLUTE,ds004504__EC,AD_vs_CN,36,20,0.7652554122221629,0.7426282471279744,0.7764735819980633,0.03384533487008885,0.011218169775900316,0.7870929118773947,0.7541666666666667,0.7777777777777778,0.0236111111111111,-0.00931513409961689,0.5991327263043457,0.5560016078345997,0.5620551535151477,0.006053545680547889,-0.0370775727891979,0.2469608724608723,0.2,0.4966666666666667
71,PSD_REGION_ABSOLUTE,ds004504__EC,CN_vs_FTD,30,20,0.739249417220629,0.7553492469786146,0.7252493742558206,-0.03009987272279399,-0.014000042964808302,0.7374062968515742,0.7583333333333335,0.7300000000000001,-0.02833333333333334,-0.007406296851574207,0.4919891945700571,0.527935041592881,0.4785458602483786,-0.04938918134450223,-0.01344333432167851,0.23945670995670976,0.2,0.5320000000000003
71,PSD_REGION_ABSOLUTE,ds006036__EO_or_photomark,AD_FTD_vs_CN,46,20,0.6895878367824292,0.7202456763901776,0.7349742356151885,0.01472855922501084,0.04538639883275909,0.750175336060783,0.732608695652174,0.7445652173913043,0.01195652173913046,-0.0056101186694788195,0.4782095374593268,0.5117083455884848,0.527746464726284,0.016038119137799026,0.0495369272669571,0.27842857142857136,0.2727272727272727,0.4855555555555555
71,PSD_REGION_ABSOLUTE,ds006036__EO_or_photomark,AD_vs_CN,36,20,0.7406512791172641,0.7634788431935464,0.7546393089306539,-0.008839534262892485,0.013988029813389608,0.7632183908045979,0.7708333333333333,0.761111111111111,-0.00972222222222222,-0.002107279693486591,0.5512020459290409,0.5745630288063941,0.5509971077389733,-0.02356592106742096,-0.00020493819006768278,0.3030976245976245,0.2727272727272727,0.5631111111111109
71,PSD_REGION_ABSOLUTE,ds006036__EO_or_photomark,CN_vs_FTD,30,20,0.6971671013639449,0.7291148018488174,0.7153836868488572,-0.013731114999960065,0.018216585484912305,0.7003373313343327,0.7383333333333331,0.7266666666666666,-0.011666666666666626,0.026329335332333857,0.4580854129548431,0.509982093609713,0.49182465317085605,-0.018157440438857135,0.03373924021601273,0.373441058941059,0.38461538461538464,0.5793333333333333
72,PSD_ABSOLUTE_CHANNEL_BAND,ds004504__EC,AD_FTD_vs_CN,50,20,0.7514211727263497,0.811607399124145,0.799813767302536,-0.011793631821609168,0.048392594576186235,0.7847749853886616,0.8119999999999999,0.8019999999999999,-0.009999999999999986,0.017225014611338452,0.5373508102617003,0.6260679243008817,0.6164724293374018,-0.009595494963479948,0.07912161907570145,0.20212855281972925,0.16666666666666666,0.3871111111111111
72,PSD_ABSOLUTE_CHANNEL_BAND,ds004504__EC,AD_vs_CN,36,20,0.7836115951114164,0.8023486126468986,0.7952172060598918,-0.007131406587006867,0.01160561094847538,0.7911159003831418,0.8041666666666666,0.7958333333333333,-0.008333333333333314,0.004717432950191586,0.5811321623428458,0.6176643347489686,0.5949106721055392,-0.022753662643429387,0.013778509762693503,0.2688070622188268,0.2727272727272727,0.512
72,PSD_ABSOLUTE_CHANNEL_BAND,ds004504__EC,CN_vs_FTD,30,20,0.7508459355660262,0.7447357069163327,0.7308999486503739,-0.013835758265958458,-0.019945986915652185,0.7482383808095953,0.7483333333333333,0.7349999999999998,-0.013333333333333313,-0.01323838080959519,0.5330553015141499,0.5121323857471558,0.48509677886526015,-0.027035606881895546,-0.04795852264888974,0.11418021031256327,0.09090909090909091,0.23555555555555535
72,PSD_ABSOLUTE_CHANNEL_BAND,ds006036__EO_or_photomark,AD_FTD_vs_CN,50,20,0.7616482251411292,0.7397145041291694,0.7482486587961276,0.00853415466695821,-0.01339956634500169,0.7755260081823494,0.74,0.749,0.009000000000000008,-0.026526008182349514,0.5312714262543523,0.4810283925342335,0.5008521935523659,0.019823801018132213,-0.030419232701986355,0.2671768509268508,0.2727272727272727,0.4944444444444445
72,PSD_ABSOLUTE_CHANNEL_BAND,ds006036__EO_or_photomark,AD_vs_CN,36,20,0.7626391212349524,0.8275345935407854,0.8566329484963389,0.02909835495555312,0.09399382726138637,0.7656848659003832,0.8277777777777778,0.8569444444444445,0.029166666666666657,0.09125957854406132,0.5292697177533573,0.6570715287464896,0.7171076129822382,0.06003608423574876,0.18783789522888075,0.14488299608887836,0.15476190476190477,0.36755555555555547
72,PSD_ABSOLUTE_CHANNEL_BAND,ds006036__EO_or_photomark,CN_vs_FTD,30,20,0.8114509144347595,0.7874229673749567,0.7843689854875897,-0.0030539818873669853,-0.027081928947170153,0.812031484257871,0.7883333333333332,0.7850000000000003,-0.0033333333333332993,-0.027031484257871045,0.6266972756714023,0.5817619181937299,0.5732035220704279,-0.008558396123302192,-0.053493753600974435,0.17671696767284995,0.14285714285714285,0.42800000000000005
72,PSD_REGION_ABSOLUTE,ds004504__EC,AD_FTD_vs_CN,50,20,0.7009026994926423,0.7995914456892534,0.8351052984100222,0.035513852720768915,0.13420259891738004,0.7665546464056108,0.804,0.836,0.03199999999999998,0.06944535359438928,0.5118202181071633,0.6369799417020455,0.6791310062444187,0.042151064542373246,0.16731078813725553,0.3964392274392279,0.3333333333333333,0.6522222222222221
72,PSD_REGION_ABSOLUTE,ds004504__EC,AD_vs_CN,36,20,0.7652554122221629,0.7560928495765658,0.7863051191249412,0.03021226954837526,0.021049706902778204,0.7870929118773947,0.7694444444444446,0.788888888888889,0.01944444444444444,0.0017959770114942264,0.5991327263043457,0.6022561965504838,0.5909730016242191,-0.011283194926264764,-0.008159724680126615,0.26811155511155493,0.2,0.5306666666666665
72,PSD_REGION_ABSOLUTE,ds004504__EC,CN_vs_FTD,30,20,0.739249417220629,0.7344916164441945,0.7199773646151264,-0.014514251829067881,-0.019272052605502278,0.7374062968515742,0.7366666666666666,0.7299999999999999,-0.006666666666666665,-0.007406296851574207,0.4919891945700571,0.47974702931445606,0.5012537237727087,0.021506694458252675,0.009264529202651672,0.2058417415917415,0.2,0.5146666666666667
72,PSD_REGION_ABSOLUTE,ds006036__EO_or_photomark,AD_FTD_vs_CN,50,20,0.6895878367824292,0.7183162018023544,0.7208551226427156,0.002538920840360964,0.031267285860286154,0.750175336060783,0.728,0.7290000000000001,0.0009999999999999953,-0.0211753360607832,0.4782095374593268,0.48999652579236413,0.48662767853215694,-0.0033688472602072723,0.008418141072830145,0.3596599511599511,0.30952380952380953,0.5784444444444443
72,PSD_REGION_ABSOLUTE,ds006036__EO_or_photomark,AD_vs_CN,36,20,0.7406512791172641,0.7937035277883149,0.8027652314324227,0.009061703644107837,0.06211395231515855,0.7632183908045979,0.8013888888888887,0.8069444444444442,0.005555555555555552,0.04372605363984673,0.5512020459290409,0.6452581655328846,0.6358283805067217,-0.009429785026162768,0.08462633457768098,0.26483380508380483,0.25,0.6293333333333332
72,PSD_REGION_ABSOLUTE,ds006036__EO_or_photomark,CN_vs_FTD,30,20,0.6971671013639449,0.7104606369972842,0.734641670937813,0.024181033940528923,0.03747456957386803,0.7003373313343327,0.7183333333333335,0.7383333333333333,0.019999999999999962,0.03799600199900048,0.4580854129548431,0.4603622151975659,0.49153206464543747,0.03116984944787139,0.03344665169059424,0.3810855533355534,0.3333333333333333,0.5857777777777775
73,PSD_ABSOLUTE_CHANNEL_BAND,ds004504__EC,AD_FTD_vs_CN,48,20,0.7514211727263497,0.80587301471201,0.7804157002481308,-0.025457314463879138,0.028994527521781006,0.7847749853886616,0.80625,0.78125,-0.025,-0.0035249853886615947,0.5373508102617003,0.6144941375998044,0.5665588782526751,-0.0479352593471294,0.029208067990974963,0.21729817241581936,0.2,0.3926666666666666
73,PSD_ABSOLUTE_CHANNEL_BAND,ds004504__EC,AD_vs_CN,36,20,0.7836115951114164,0.791752250485134,0.7840951697830568,-0.007657080702077279,0.00048357467164031884,0.7911159003831418,0.7930555555555556,0.7847222222222223,-0.008333333333333314,-0.006393678160919519,0.5811321623428458,0.5924858220079116,0.5721768241732071,-0.02030899783470434,-0.008955338169638477,0.18342154903919614,0.16666666666666666,0.3702222222222221
73,PSD_ABSOLUTE_CHANNEL_BAND,ds004504__EC,CN_vs_FTD,30,20,0.7508459355660262,0.7510900985333526,0.6548057077405413,-0.09628439079281112,-0.09604022782548478,0.7482383808095953,0.7550000000000001,0.6583333333333331,-0.09666666666666665,-0.08990504747626185,0.5330553015141499,0.5270241155299532,0.32293228299503013,-0.2040918325349231,-0.21012301851911985,0.13816385738444562,0.125,0.2819999999999998
73,PSD_ABSOLUTE_CHANNEL_BAND,ds006036__EO_or_photomark,AD_FTD_vs_CN,48,20,0.7616482251411292,0.7486687125358931,0.7242142037246272,-0.02445450881126579,-0.0374340214165017,0.7755260081823494,0.7489583333333333,0.7249999999999999,-0.02395833333333331,-0.0505260081823495,0.5312714262543523,0.49889421599852063,0.4525851755947003,-0.04630904040382048,-0.0786862506596519,0.21913318870671794,0.2,0.40711111111111115
73,PSD_ABSOLUTE_CHANNEL_BAND,ds006036__EO_or_photomark,AD_vs_CN,36,20,0.7626391212349524,0.7453669209861159,0.7532826862130475,0.007915765226931427,-0.009356435021904813,0.7656848659003832,0.7458333333333333,0.7541666666666667,0.008333333333333337,-0.011518199233716464,0.5292697177533573,0.49330577902249895,0.5114675764321249,0.01816179740962592,-0.01780214132123252,0.1254935587288528,0.125,0.27155555555555533
73,PSD_ABSOLUTE_CHANNEL_BAND,ds006036__EO_or_photomark,CN_vs_FTD,30,20,0.8114509144347595,0.8109329882796933,0.7725405565711381,-0.038392431708555004,-0.038910357863621695,0.812031484257871,0.8116666666666669,0.7733333333333334,-0.03833333333333334,-0.03869815092453773,0.6266972756714023,0.6277482445575322,0.550293658733817,-0.07745458582371537,-0.07640361693758525,0.17410054651231108,0.16666666666666666,0.4079999999999999
73,PSD_REGION_ABSOLUTE,ds004504__EC,AD_FTD_vs_CN,48,20,0.7009026994926423,0.7550774447541946,0.8236331852224497,0.06855574046825488,0.12273048572980741,0.7665546464056108,0.7635416666666666,0.825,0.06145833333333332,0.05844535359438925,0.5118202181071633,0.5686356463492708,0.6605251704803251,0.09188952413105424,0.14870495237316173,0.41288383838383885,0.3666666666666667,0.7026666666666667
73,PSD_REGION_ABSOLUTE,ds004504__EC,AD_vs_CN,36,20,0.7652554122221629,0.7268344477825972,0.7223400192045876,-0.004494428578009674,-0.04291539301757532,0.7870929118773947,0.7402777777777778,0.7305555555555555,-0.009722222222222226,-0.05653735632183911,0.5991327263043457,0.5313704647723041,0.48762992755314666,-0.0437405372191574,-0.11150279875119898,0.3255769785769785,0.3333333333333333,0.6259999999999998
73,PSD_REGION_ABSOLUTE,ds004504__EC,CN_vs_FTD,30,20,0.739249417220629,0.7524980932417507,0.7390851388960399,-0.013412954345710493,-0.00016427832458895675,0.7374062968515742,0.7550000000000001,0.7433333333333334,-0.011666666666666641,0.0059270364817591405,0.4919891945700571,0.5182165748270741,0.5049269732497345,-0.013289601577339721,0.012937778679677237,0.2317300199800197,0.2,0.5484444444444445
73,PSD_REGION_ABSOLUTE,ds006036__EO_or_photomark,AD_FTD_vs_CN,48,20,0.6895878367824292,0.7315984746334279,0.7753780765136805,0.04377960188025275,0.08579023973125129,0.750175336060783,0.7416666666666667,0.7791666666666666,0.03749999999999999,0.028991330605883475,0.4782095374593268,0.5228386508906169,0.577994676897785,0.0551560260071681,0.09978513943845824,0.3947634587634587,0.38461538461538464,0.6533333333333329
73,PSD_REGION_ABSOLUTE,ds006036__EO_or_photomark,AD_vs_CN,36,20,0.7406512791172641,0.7677252423437146,0.7658839912456463,-0.0018412510980685358,0.025232712128381747,0.7632183908045979,0.7749999999999999,0.7722222222222224,-0.002777777777777779,0.009003831417624519,0.5512020459290409,0.584468230889969,0.5760532289394871,-0.008415001950482046,0.024851183010446178,0.35617243867243864,0.38461538461538464,0.6186666666666665
73,PSD_REGION_ABSOLUTE,ds006036__EO_or_photomark,CN_vs_FTD,30,20,0.6971671013639449,0.7104606369972842,0.7338851370185548,0.023424500021270687,0.03671803565460979,0.7003373313343327,0.7183333333333335,0.7383333333333333,0.01999999999999999,0.03799600199900051,0.4580854129548431,0.4603622151975659,0.49463927580316414,0.03427706060559811,0.03655386284832097,0.35252397602397584,0.2857142857142857,0.5419999999999997
74,PSD_ABSOLUTE_CHANNEL_BAND,ds004504__EC,AD_FTD_vs_CN,48,20,0.7514211727263497,0.7952806430414698,0.7729990769303958,-0.022281566111074035,0.021577904204046087,0.7847749853886616,0.7958333333333333,0.7760416666666665,-0.01979166666666669,-0.008733318721994931,0.5373508102617003,0.5943016230520316,0.5663306408020892,-0.0279709822499424,0.028979830540389023,0.18883907105965922,0.16666666666666666,0.3277777777777775
74,PSD_ABSOLUTE_CHANNEL_BAND,ds004504__EC,AD_vs_CN,36,20,0.7836115951114164,0.8037089951021839,0.8149554140895086,0.011246418987324574,0.03134381897809211,0.7911159003831418,0.8041666666666668,0.8152777777777779,0.011111111111111122,0.024161877394636024,0.5811321623428458,0.610788715431175,0.6331042576121448,0.022315542180969906,0.05197209526929908,0.1946718444953739,0.16666666666666666,0.372888888888889
74,PSD_ABSOLUTE_CHANNEL_BAND,ds004504__EC,CN_vs_FTD,30,20,0.7508459355660262,0.7415286742975353,0.6708591960201059,-0.07066947827742912,-0.07998673954592016,0.7482383808095953,0.7449999999999999,0.6749999999999998,-0.06999999999999998,-0.07323838080959519,0.5330553015141499,0.5043111893943908,0.36228440276348634,-0.14202678663090437,-0.17077089875066354,0.13522117588294055,0.125,0.2815555555555552
74,PSD_ABSOLUTE_CHANNEL_BAND,ds006036__EO_or_photomark,AD_FTD_vs_CN,48,20,0.7616482251411292,0.7732461026687767,0.7539552630689836,-0.019290839599793025,-0.007692962072145371,0.7755260081823494,0.7739583333333332,0.7552083333333333,-0.018749999999999996,-0.02031767484901616,0.5312714262543523,0.5514496913923272,0.5152246365650821,-0.03622505482724503,-0.016046789689269977,0.2226394243011889,0.2,0.46377777777777784
74,PSD_ABSOLUTE_CHANNEL_BAND,ds006036__EO_or_photomark,AD_vs_CN,36,20,0.7626391212349524,0.7467654623846574,0.7389008577856375,-0.007864604599019859,-0.023738263449314696,0.7656848659003832,0.7472222222222223,0.7402777777777779,-0.006944444444444436,-0.025407088122605347,0.5292697177533573,0.4960448870169172,0.48550194028860794,-0.010542946728309206,-0.04376777746474945,0.14371161844691252,0.125,0.3059999999999997
74,PSD_ABSOLUTE_CHANNEL_BAND,ds006036__EO_or_photomark,CN_vs_FTD,30,20,0.8114509144347595,0.8177553033556848,0.8178288317453362,7.352838965165586e-05,0.006377917310576531,0.812031484257871,0.8183333333333336,0.8183333333333336,-1.1102230246251566e-17,0.006301849075462285,0.6266972756714023,0.6403593194021127,0.6401535176019103,-0.00020580180020233208,0.013456241930508187,0.15871842046842036,0.15476190476190477,0.39533333333333337
74,PSD_REGION_ABSOLUTE,ds004504__EC,AD_FTD_vs_CN,48,20,0.7009026994926423,0.7920755431969033,0.8177847554721142,0.02570921227521116,0.1168820559794721,0.7665546464056108,0.7968749999999998,0.8197916666666668,0.02291666666666664,0.05323702026105591,0.5118202181071633,0.62355555734989,0.653271655403381,0.029716098053490868,0.1414514372962177,0.4057548007548009,0.3333333333333333,0.6604444444444441
74,PSD_REGION_ABSOLUTE,ds004504__EC,AD_vs_CN,36,20,0.7652554122221629,0.759181806681296,0.7146616024764534,-0.04452020420484258,-0.050593809745709706,0.7870929118773947,0.7680555555555556,0.7236111111111111,-0.04444444444444446,-0.06348180076628354,0.5991327263043457,0.5779225453675284,0.4739131699390291,-0.1040093754284993,-0.12521955636531654,0.44063081363081386,0.4,0.7726666666666661
74,PSD_REGION_ABSOLUTE,ds004504__EC,CN_vs_FTD,30,20,0.739249417220629,0.7344916164441945,0.7152078837353015,-0.01928373270889281,-0.024041533485327206,0.7374062968515742,0.7366666666666666,0.7266666666666666,-0.010000000000000009,-0.010739630184907551,0.4919891945700571,0.47974702931445606,0.49936396969342967,0.019616940378973505,0.0073747751233725015,0.21863508713508698,0.2,0.5335555555555556
74,PSD_REGION_ABSOLUTE,ds006036__EO_or_photomark,AD_FTD_vs_CN,48,20,0.6895878367824292,0.7411462129260192,0.7678700183362428,0.026723805410223723,0.07828218155381356,0.750175336060783,0.7489583333333334,0.7708333333333333,0.021875000000000016,0.020657997272550143,0.4782095374593268,0.5293692754170914,0.5560152212254514,0.02664594580836015,0.07780568376612462,0.3453775668775668,0.2857142857142857,0.5839999999999999
74,PSD_REGION_ABSOLUTE,ds006036__EO_or_photomark,AD_vs_CN,36,20,0.7406512791172641,0.7425460545777828,0.7281244579927375,-0.014421596585045071,-0.012526821124526794,0.7632183908045979,0.7527777777777779,0.7375,-0.01527777777777779,-0.02571839080459772,0.5512020459290409,0.5465145425923378,0.5086286738123945,-0.03788586877994319,-0.042573372116646205,0.33811216561216545,0.30952380952380953,0.6137777777777774
74,PSD_REGION_ABSOLUTE,ds006036__EO_or_photomark,CN_vs_FTD,30,20,0.6971671013639449,0.7275401412153333,0.720695392383371,-0.0068447488319622,0.023528291019426013,0.7003373313343327,0.7366666666666666,0.725,-0.011666666666666653,0.02466266866566717,0.4580854129548431,0.5059078285975637,0.46306621104460255,-0.04284161755296116,0.0049807980897594055,0.3938260073260074,0.38461538461538464,0.6504444444444445
75,PSD_ABSOLUTE_CHANNEL_BAND,ds004504__EC,AD_FTD_vs_CN,50,20,0.7514211727263497,0.8015188692917112,0.7904360953821212,-0.01108277390959005,0.03901492265577143,0.7847749853886616,0.8019999999999999,0.7919999999999999,-0.009999999999999986,0.007225014611338443,0.5373508102617003,0.6065251484764159,0.5922716022964476,-0.014253546179968251,0.05492079203474738,0.2182982377100023,0.2,0.42200000000000015
75,PSD_ABSOLUTE_CHANNEL_BAND,ds004504__EC,AD_vs_CN,36,20,0.7836115951114164,0.750681609090879,0.7043397015444552,-0.046341907546423894,-0.07927189356696136,0.7911159003831418,0.7527777777777778,0.7111111111111111,-0.041666666666666664,-0.08000478927203065,0.5811321623428458,0.5129935032194496,0.43986524061350274,-0.073128262605947,-0.1412669217293431,0.20869858736035207,0.2,0.42244444444444423
75,PSD_ABSOLUTE_CHANNEL_BAND,ds004504__EC,CN_vs_FTD,30,20,0.7508459355660262,0.7462559314749209,0.6946894811959808,-0.05156645027894004,-0.056156454370045475,0.7482383808095953,0.7500000000000002,0.7016666666666665,-0.04833333333333335,-0.04657171414292855,0.5330553015141499,0.5154525040350336,0.42147256932338406,-0.09397993471164978,-0.11158273219076598,0.17800585199114607,0.2,0.3688888888888887
75,PSD_ABSOLUTE_CHANNEL_BAND,ds006036__EO_or_photomark,AD_FTD_vs_CN,50,20,0.7616482251411292,0.7297113877991058,0.724461532005773,-0.005249855793332675,-0.037186693135356066,0.7755260081823494,0.7300000000000001,0.725,-0.004999999999999993,-0.05052600818234952,0.5312714262543523,0.46093417085378696,0.4518351141759668,-0.009099056677820336,-0.07943631207838546,0.2477820414879238,0.26136363636363635,0.4682222222222222
75,PSD_ABSOLUTE_CHANNEL_BAND,ds006036__EO_or_photomark,AD_vs_CN,36,20,0.7626391212349524,0.7733259793321712,0.7836514491816351,0.010325469849463642,0.021012327946682664,0.7656848659003832,0.7736111111111111,0.7847222222222223,0.011111111111111089,0.019037356321839078,0.5292697177533573,0.5483349698489898,0.5752923954042355,0.02695742555524584,0.04602267765087813,0.16494548588666233,0.16666666666666666,0.34466666666666645
75,PSD_ABSOLUTE_CHANNEL_BAND,ds006036__EO_or_photomark,CN_vs_FTD,30,20,0.8114509144347595,0.8871201071531957,0.8431698414905453,-0.043950265662650326,0.03171892705578541,0.812031484257871,0.8883333333333334,0.8433333333333334,-0.04499999999999999,0.03130184907546228,0.6266972756714023,0.7899329030247924,0.6882516491730952,-0.10168125385169716,0.061554373501692974,0.15749632556985493,0.125,0.37333333333333313
75,PSD_REGION_ABSOLUTE,ds004504__EC,AD_FTD_vs_CN,50,20,0.7009026994926423,0.7853547985579514,0.8197871631927752,0.03443236463482393,0.11888446370013306,0.7665546464056108,0.791,0.8210000000000003,0.030000000000000006,0.05444535359438929,0.5118202181071633,0.6152666513332942,0.650359201342573,0.0350925500092789,0.13853898323540978,0.4015471195471197,0.38461538461538464,0.6651111111111107
75,PSD_REGION_ABSOLUTE,ds004504__EC,AD_vs_CN,36,20,0.7652554122221629,0.7037339904958271,0.719927954533486,0.016193964037658947,-0.045327457688676846,0.7870929118773947,0.7208333333333332,0.7347222222222222,0.01388888888888889,-0.05237068965517244,0.5991327263043457,0.5009322086553809,0.5249710366999898,0.024038828044608947,-0.07416168960435583,0.3373634143634144,0.3333333333333333,0.6284444444444443
75,PSD_REGION_ABSOLUTE,ds004504__EC,CN_vs_FTD,30,20,0.739249417220629,0.7296742437448942,0.7215831781816436,-0.008091065563250465,-0.017666239038985197,0.7374062968515742,0.7316666666666667,0.7283333333333333,-0.0033333333333333214,-0.009072963518240862,0.4919891945700571,0.4687061710560462,0.4799776859037396,0.011271514847693375,-0.012011508666317514,0.22623831723831703,0.2,0.47555555555555556
75,PSD_REGION_ABSOLUTE,ds006036__EO_or_photomark,AD_FTD_vs_CN,50,20,0.6895878367824292,0.711435784997491,0.7283467811370096,0.0169109961395185,0.03875894435458022,0.750175336060783,0.722,0.7360000000000001,0.014000000000000012,-0.014175336060783184,0.4782095374593268,0.4796459689318744,0.5026408759079158,0.022994906976041465,0.024431338448589045,0.4000986790986791,0.38461538461538464,0.648222222222222
75,PSD_REGION_ABSOLUTE,ds006036__EO_or_photomark,AD_vs_CN,36,20,0.7406512791172641,0.7526778647641091,0.7526270145228026,-5.085024130645488e-05,0.011975735405538385,0.7632183908045979,0.7638888888888888,0.7652777777777778,0.001388888888888884,0.002059386973180072,0.5512020459290409,0.5757225451708962,0.5872646660316805,0.011542120860784308,0.03606262010263978,0.3449535464535463,0.3333333333333333,0.630222222222222
75,PSD_REGION_ABSOLUTE,ds006036__EO_or_photomark,CN_vs_FTD,30,20,0.6971671013639449,0.7605022057703776,0.7830579996211378,0.022555793850759776,0.08589089825719269,0.7003373313343327,0.7716666666666668,0.7850000000000001,0.013333333333333313,0.08466266866566714,0.4580854129548431,0.5965122742484543,0.5809646027408587,-0.015547671507595562,0.12287918978601553,0.32704491750079984,0.2857142857142857,0.5491111111111109
76,PSD_ABSOLUTE_CHANNEL_BAND,ds004504__EC,AD_FTD_vs_CN,48,20,0.7514211727263497,0.7867834147704754,0.7337336005677154,-0.05304981420275987,-0.017687572158634157,0.7847749853886616,0.7875,0.7395833333333333,-0.04791666666666666,-0.04519165205532824,0.5373508102617003,0.5784769612775321,0.4984009379577681,-0.08007602331976407,-0.038949872303932154,0.22533702082231477,0.2,0.4142222222222224
76,PSD_ABSOLUTE_CHANNEL_BAND,ds004504__EC,AD_vs_CN,36,20,0.7836115951114164,0.7519638033432743,0.7126148112329509,-0.039348992110323736,-0.07099678387846567,0.7911159003831418,0.7541666666666668,0.7180555555555556,-0.03611111111111112,-0.07306034482758622,0.5811321623428458,0.5160784536374792,0.45096735502922664,-0.06511109860825266,-0.13016480731361907,0.27816548157724613,0.2727272727272727,0.5188888888888887
76,PSD_ABSOLUTE_CHANNEL_BAND,ds004504__EC,CN_vs_FTD,30,20,0.7508459355660262,0.7399015398579009,0.747060419220315,0.0071588793624143,-0.003785516345711193,0.7482383808095953,0.7433333333333334,0.7483333333333332,0.004999999999999988,9.495252373810659e-05,0.5330553015141499,0.5005607742522361,0.5028158558128861,0.002255081560649891,-0.030239445701263808,0.12997339262045138,0.125,0.2962222222222219
76,PSD_ABSOLUTE_CHANNEL_BAND,ds006036__EO_or_photomark,AD_FTD_vs_CN,48,20,0.7616482251411292,0.7797812197267204,0.7722337092661945,-0.007547510460525919,0.01058548412506532,0.7755260081823494,0.7802083333333334,0.7729166666666666,-0.007291666666666657,-0.0026093415156828448,0.5312714262543523,0.5625162738695517,0.5485517296893823,-0.013964544180169272,0.017280303435030293,0.25204121695298165,0.225,0.46288888888888896
76,PSD_ABSOLUTE_CHANNEL_BAND,ds006036__EO_or_photomark,AD_vs_CN,36,20,0.7626391212349524,0.7453669209861159,0.6975721539704567,-0.04779476701565941,-0.06506696726449565,0.7656848659003832,0.7458333333333333,0.7,-0.045833333333333344,-0.06568486590038315,0.5292697177533573,0.49330577902249895,0.40684398576340247,-0.0864617932590966,-0.12242573198995503,0.17135616017968958,0.15476190476190477,0.36066666666666647
76,PSD_ABSOLUTE_CHANNEL_BAND,ds006036__EO_or_photomark,CN_vs_FTD,30,20,0.8114509144347595,0.8360074683594488,0.8060890629706676,-0.02991840538878097,-0.0053618514640921214,0.812031484257871,0.8366666666666669,0.8066666666666669,-0.03000000000000001,-0.005364817591204396,0.6266972756714023,0.6777381463085552,0.6175701307593442,-0.06016801554921118,-0.009127144912058044,0.1906299615417261,0.2,0.48400000000000015
76,PSD_REGION_ABSOLUTE,ds004504__EC,AD_FTD_vs_CN,48,20,0.7009026994926423,0.738618146015385,0.8059275032085825,0.06730935719319761,0.10502480371594047,0.7665546464056108,0.7489583333333334,0.8093750000000002,0.060416666666666674,0.042820353594389265,0.5118202181071633,0.5438529785040902,0.6402694596355037,0.0964164811314134,0.12844924152834047,0.48080880230880285,0.5,0.7897777777777777
76,PSD_REGION_ABSOLUTE,ds004504__EC,AD_vs_CN,36,20,0.7652554122221629,0.7314680870905181,0.7714176846448778,0.03994959755435973,0.006162272422714943,0.7870929118773947,0.7444444444444444,0.7750000000000001,0.03055555555555557,-0.012092911877394641,0.5991327263043457,0.5396406555053069,0.5669170790349115,0.02727642352960456,-0.03221564726943411,0.26221323121323103,0.225,0.5379999999999998
76,PSD_REGION_ABSOLUTE,ds004504__EC,CN_vs_FTD,30,20,0.739249417220629,0.7048169063060323,0.7271639870352348,0.022347080729202568,-0.012085430185394003,0.7374062968515742,0.7066666666666667,0.7383333333333331,0.031666666666666676,0.0009270364817591303,0.4919891945700571,0.4175880182827976,0.5246297144521479,0.10704169616935047,0.03264051988209087,0.23733957708957695,0.16666666666666666,0.5104444444444445
76,PSD_REGION_ABSOLUTE,ds006036__EO_or_photomark,AD_FTD_vs_CN,48,20,0.6895878367824292,0.7398592682552885,0.7433017104302563,0.0034424421749677746,0.05371387364782694,0.750175336060783,0.7489583333333333,0.7520833333333334,0.0031249999999999833,0.0019079972725501494,0.4782095374593268,0.5348579730134355,0.538116419678986,0.003258446665550341,0.059906882219659216,0.39605375180375185,0.38461538461538464,0.6275555555555554
76,PSD_REGION_ABSOLUTE,ds006036__EO_or_photomark,AD_vs_CN,36,20,0.7406512791172641,0.7425460545777828,0.7418628362725619,-0.0006832183052208785,0.0012115571552973991,0.7632183908045979,0.7527777777777779,0.75,-0.0027777777777777844,-0.013218390804597713,0.5512020459290409,0.5465145425923378,0.532941471024422,-0.013573071567915814,-0.018260574904618836,0.2988626928626928,0.2727272727272727,0.5717777777777776
76,PSD_REGION_ABSOLUTE,ds006036__EO_or_photomark,CN_vs_FTD,30,20,0.6971671013639449,0.7402836403202874,0.7321468148310386,-0.008136825489248812,0.034979713467093575,0.7003373313343327,0.7499999999999998,0.7383333333333335,-0.011666666666666653,0.037996001999000495,0.4580854129548431,0.5388710072011056,0.4996666167755538,-0.039204390425551836,0.04158120382071054,0.3788839216339217,0.3333333333333333,0.6146666666666665
77,PSD_ABSOLUTE_CHANNEL_BAND,ds004504__EC,AD_FTD_vs_CN,46,20,0.7514211727263497,0.7652958919620197,0.7891149612876285,0.02381906932560892,0.03769378856127878,0.7847749853886616,0.766304347826087,0.7902173913043478,0.02391304347826087,0.005442405915686227,0.5373508102617003,0.5372592278596495,0.5868096476825879,0.04955041982293842,0.04945883742088769,0.1469667489373372,0.125,0.2911111111111108
77,PSD_ABSOLUTE_CHANNEL_BAND,ds004504__EC,AD_vs_CN,36,20,0.7836115951114164,0.7519638033432743,0.7404163460072737,-0.01154745733600085,-0.04319524910414279,0.7911159003831418,0.7541666666666668,0.7430555555555556,-0.01111111111111111,-0.048060344827586206,0.5811321623428458,0.5160784536374792,0.4957345529658257,-0.020343900671653543,-0.08539760937701998,0.22005207374325017,0.2,0.44266666666666665
77,PSD_ABSOLUTE_CHANNEL_BAND,ds004504__EC,CN_vs_FTD,30,20,0.7508459355660262,0.7462559314749209,0.7044230048572524,-0.04183292661766845,-0.04642293070877389,0.7482383808095953,0.7500000000000002,0.7083333333333333,-0.04166666666666667,-0.03990504747626187,0.5330553015141499,0.5154525040350336,0.4309064592645614,-0.08454604477047248,-0.10214884224958867,0.16317742061859705,0.16666666666666666,0.34288888888888863
77,PSD_ABSOLUTE_CHANNEL_BAND,ds006036__EO_or_photomark,AD_FTD_vs_CN,46,20,0.7616482251411292,0.7322076641865994,0.6939196626928511,-0.03828800149374822,-0.06772856244827805,0.7755260081823494,0.7326086956521739,0.6956521739130436,-0.036956521739130443,-0.07987383426930604,0.5312714262543523,0.46656328735229763,0.395916870813481,-0.07064641653881655,-0.1353545554408712,0.1527499314411079,0.125,0.29733333333333306
77,PSD_ABSOLUTE_CHANNEL_BAND,ds006036__EO_or_photomark,AD_vs_CN,36,20,0.7626391212349524,0.7728004659767432,0.7696216482797364,-0.003178817697006564,0.0069825270447842315,0.7656848659003832,0.7736111111111112,0.7708333333333333,-0.002777777777777768,0.00514846743295021,0.5292697177533573,0.5511049177657517,0.5467808268775977,-0.00432409088815405,0.017511109124240275,0.13821783445312857,0.125,0.2926666666666665
77,PSD_ABSOLUTE_CHANNEL_BAND,ds006036__EO_or_photomark,CN_vs_FTD,30,20,0.8114509144347595,0.8591490336995966,0.8161973372356437,-0.04295169646395273,0.004746422800884037,0.812031484257871,0.8600000000000003,0.816666666666667,-0.04333333333333335,0.004635182408795596,0.6266972756714023,0.7270660804833609,0.636412851589305,-0.09065322889405575,0.009715575917902735,0.19931456452044669,0.2,0.4324444444444444
77,PSD_REGION_ABSOLUTE,ds004504__EC,AD_FTD_vs_CN,46,20,0.7009026994926423,0.7607621761980778,0.8633839149357085,0.10262173873763061,0.1624812154430663,0.7665546464056108,0.7684782608695653,0.8641304347826088,0.09565217391304345,0.09757578837699793,0.5118202181071633,0.5763464737846643,0.7355186643060801,0.159172190521416,0.22369844619891702,0.43623881673881715,0.42857142857142855,0.7353333333333332
77,PSD_REGION_ABSOLUTE,ds004504__EC,AD_vs_CN,36,20,0.7652554122221629,0.6948527413682959,0.7331870098481469,0.0383342684798509,-0.032068402374016106,0.7870929118773947,0.7138888888888888,0.7375,0.02361111111111112,-0.049592911877394646,0.5991327263043457,0.48831483568634837,0.49030555154378763,0.001990715857439279,-0.10882717476055792,0.22887770562770562,0.2,0.48399999999999993
77,PSD_REGION_ABSOLUTE,ds004504__EC,CN_vs_FTD,30,20,0.739249417220629,0.7296742437448942,0.7224037893750171,-0.007270454369877127,-0.01684562784561186,0.7374062968515742,0.7316666666666667,0.7283333333333333,-0.0033333333333333214,-0.009072963518240862,0.4919891945700571,0.4687061710560462,0.478823840846506,0.010117669790459739,-0.01316535372355115,0.22255411255411242,0.2,0.5153333333333334
77,PSD_REGION_ABSOLUTE,ds006036__EO_or_photomark,AD_FTD_vs_CN,46,20,0.6895878367824292,0.7206325200900673,0.7304011652583859,0.009768645168318785,0.04081332847595674,0.750175336060783,0.7304347826086957,0.7380434782608696,0.007608695652173925,-0.012131857799913614,0.4782095374593268,0.49572208303915727,0.507066534664437,0.011344451625279695,0.02885699720511019,0.3280669787728609,0.3333333333333333,0.5815555555555554
77,PSD_REGION_ABSOLUTE,ds006036__EO_or_photomark,AD_vs_CN,36,20,0.7406512791172641,0.7753360877028851,0.7409724035160561,-0.03436368418682931,0.00032112439879148914,0.7632183908045979,0.7819444444444444,0.75,-0.03194444444444445,-0.013218390804597718,0.5512020459290409,0.596201847925099,0.5366133704377773,-0.05958847748732159,-0.014588675491263428,0.3363605283605283,0.3333333333333333,0.6362222222222222
77,PSD_REGION_ABSOLUTE,ds006036__EO_or_photomark,CN_vs_FTD,30,20,0.6971671013639449,0.7402836403202874,0.7457247038631298,0.005441063542842484,0.04855760249918487,0.7003373313343327,0.7499999999999998,0.7483333333333333,-0.0016666666666666553,0.04799600199900049,0.4580854129548431,0.5388710072011056,0.5063283662245279,-0.03254264097657753,0.04824295326968485,0.32990495615495613,0.2857142857142857,0.5435555555555555
78,PSD_ABSOLUTE_CHANNEL_BAND,ds004504__EC,AD_FTD_vs_CN,48,20,0.7514211727263497,0.8131495990429365,0.8017572249532094,-0.011392374089726732,0.05033605222685973,0.7847749853886616,0.8135416666666668,0.8020833333333334,-0.011458333333333326,0.017308347944671752,0.5373508102617003,0.629062724438133,0.6059303240747737,-0.023132400363359357,0.06857951381307353,0.17972053599994775,0.16666666666666666,0.3604444444444443
78,PSD_ABSOLUTE_CHANNEL_BAND,ds004504__EC,AD_vs_CN,36,20,0.7836115951114164,0.784027266138967,0.7832591676168533,-0.000768098522113625,-0.0003524274945632011,0.7911159003831418,0.7875,0.7861111111111112,-0.0013888888888889117,-0.00500478927203068,0.5811321623428458,0.5917286554086367,0.5869119826761249,-0.004816672732511795,0.005779820333279293,0.30629850704850703,0.2857142857142857,0.5733333333333331
78,PSD_ABSOLUTE_CHANNEL_BAND,ds004504__EC,CN_vs_FTD,30,20,0.7508459355660262,0.7463846757817347,0.6863553600218113,-0.06002931575992332,-0.06449057554421489,0.7482383808095953,0.7499999999999998,0.6883333333333332,-0.06166666666666665,-0.059905047476261866,0.5330553015141499,0.514982103594989,0.381544293889695,-0.13343780970529387,-0.1515110076244549,0.14483764601411656,0.125,0.30511111111111083
78,PSD_ABSOLUTE_CHANNEL_BAND,ds006036__EO_or_photomark,AD_FTD_vs_CN,48,20,0.7616482251411292,0.7390959205670026,0.7374837195755212,-0.0016122009914812164,-0.02416450556560786,0.7755260081823494,0.7395833333333333,0.7385416666666667,-0.0010416666666666573,-0.03698434151568284,0.5312714262543523,0.480889883503876,0.48092511456697107,3.5231063095070295e-05,-0.05034631168738104,0.23278807303807292,0.2,0.4346666666666667
78,PSD_ABSOLUTE_CHANNEL_BAND,ds006036__EO_or_photomark,AD_vs_CN,36,20,0.7626391212349524,0.7633856533769459,0.7635901441233328,0.00020449074638688723,0.0009510228883805704,0.7656848659003832,0.7638888888888891,0.765277777777778,0.001388888888888873,-0.0004070881226053591,0.5292697177533573,0.5296777948004797,0.538788395261727,0.00911060046124737,0.009518677508369666,0.12981026163379097,0.125,0.3037777777777774
78,PSD_ABSOLUTE_CHANNEL_BAND,ds006036__EO_or_photomark,CN_vs_FTD,30,20,0.8114509144347595,0.8042848607305645,0.7874670546883341,-0.016817806042230255,-0.0239838597464256,0.812031484257871,0.805,0.7883333333333334,-0.01666666666666667,-0.023698150924537732,0.6266972756714023,0.6142662674127595,0.5812475303397593,-0.03301873707300031,-0.045449745331642935,0.17947745718333952,0.14285714285714285,0.4940000000000001
78,PSD_REGION_ABSOLUTE,ds004504__EC,AD_FTD_vs_CN,48,20,0.7009026994926423,0.7478129750779583,0.7623087352064986,0.014495760128540102,0.06140603571385624,0.7665546464056108,0.7572916666666665,0.7645833333333334,0.007291666666666646,-0.0019713130722774086,0.5118202181071633,0.5584271184856692,0.5386328609076114,-0.019794257578057743,0.02681264280044826,0.3643431013431014,0.3333333333333333,0.635111111111111
78,PSD_REGION_ABSOLUTE,ds004504__EC,AD_vs_CN,36,20,0.7652554122221629,0.749552992811722,0.808283489604886,0.058730496793163965,0.04302807738272316,0.7870929118773947,0.763888888888889,0.8097222222222221,0.04583333333333332,0.022629310344827562,0.5991327263043457,0.5936109475433045,0.6282674517075447,0.03465650416424036,0.029134725403199103,0.24288444888444882,0.2,0.506
78,PSD_REGION_ABSOLUTE,ds004504__EC,CN_vs_FTD,30,20,0.739249417220629,0.7553492469786146,0.7202645895837476,-0.03508465739486727,-0.018984827636881578,0.7374062968515742,0.7583333333333335,0.7233333333333334,-0.034999999999999996,-0.014072963518240866,0.4919891945700571,0.527935041592881,0.45820303027035286,-0.06973201132252801,-0.03378616429970429,0.23423126873126862,0.2,0.5660000000000003
78,PSD_REGION_ABSOLUTE,ds006036__EO_or_photomark,AD_FTD_vs_CN,48,20,0.6895878367824292,0.7294622971805338,0.7141267951669409,-0.015335502013592978,0.024538958384511665,0.750175336060783,0.7374999999999999,0.7260416666666668,-0.011458333333333338,-0.02413366939411652,0.4782095374593268,0.5050268646561765,0.4973309444075755,-0.007695920248601049,0.019121406948248633,0.36090043290043283,0.38461538461538464,0.5866666666666664
78,PSD_REGION_ABSOLUTE,ds006036__EO_or_photomark,AD_vs_CN,36,20,0.7406512791172641,0.7478459007583673,0.7461272662738235,-0.0017186344845437518,0.005475987156559165,0.7632183908045979,0.7583333333333334,0.7527777777777777,-0.005555555555555541,-0.010440613026819917,0.5512020459290409,0.5595889094764511,0.532475695997653,-0.027113213478798248,-0.01872634993138791,0.280840909090909,0.2727272727272727,0.5551111111111109
78,PSD_REGION_ABSOLUTE,ds006036__EO_or_photomark,CN_vs_FTD,30,20,0.6971671013639449,0.7291148018488174,0.7005313173746677,-0.028583484474149434,0.003364216010722937,0.7003373313343327,0.7383333333333331,0.7133333333333333,-0.024999999999999988,0.012996001999000495,0.4580854129548431,0.509982093609713,0.46769703892169945,-0.04228505468801371,0.009611625966856155,0.4294980019980019,0.38461538461538464,0.6215555555555554
79,PSD_ABSOLUTE_CHANNEL_BAND,ds004504__EC,AD_FTD_vs_CN,48,20,0.7514211727263497,0.7942125714969691,0.7549277530387498,-0.03928481845821947,0.0035065803124000095,0.7847749853886616,0.7947916666666666,0.7562499999999999,-0.03854166666666668,-0.0285249853886616,0.5373508102617003,0.5929373680510917,0.5176612103441925,-0.07527615770689915,-0.019689599917507624,0.1925338631956278,0.2,0.4048888888888885
79,PSD_ABSOLUTE_CHANNEL_BAND,ds004504__EC,AD_vs_CN,36,20,0.7836115951114164,0.8023486126468986,0.8163718024553939,0.014023189808495106,0.03276020734397735,0.7911159003831418,0.8041666666666666,0.8166666666666668,0.012500000000000022,0.02555076628352492,0.5811321623428458,0.6176643347489686,0.6354272214188099,0.01776288666984131,0.0542950590759642,0.2644348968025437,0.2727272727272727,0.5177777777777777
79,PSD_ABSOLUTE_CHANNEL_BAND,ds004504__EC,CN_vs_FTD,30,20,0.7508459355660262,0.7462559314749209,0.6733371649626436,-0.07291876651227731,-0.07750877060338274,0.7482383808095953,0.7500000000000002,0.6783333333333333,-0.07166666666666667,-0.06990504747626186,0.5330553015141499,0.5154525040350336,0.36745559410235523,-0.14799690993267853,-0.16559970741179475,0.16237464169817106,0.16666666666666666,0.3508888888888887
79,PSD_ABSOLUTE_CHANNEL_BAND,ds006036__EO_or_photomark,AD_FTD_vs_CN,48,20,0.7616482251411292,0.780997148597336,0.7757990336128285,-0.005198114984507518,0.014150808471699356,0.7755260081823494,0.78125,0.7760416666666667,-0.005208333333333337,0.0005156584843171608,0.5312714262543523,0.563756206775928,0.5532534047774691,-0.01050280199845913,0.021981978523116886,0.20133436824613288,0.2,0.4028888888888889
79,PSD_ABSOLUTE_CHANNEL_BAND,ds006036__EO_or_photomark,AD_vs_CN,36,20,0.7626391212349524,0.7633856533769459,0.7988218258398166,0.035436172462870855,0.036182704604864536,0.7656848659003832,0.7638888888888891,0.8,0.03611111111111108,0.03431513409961685,0.5292697177533573,0.5296777948004797,0.6074552952036947,0.07777750040321504,0.07818557745033732,0.13399033156386086,0.125,0.2995555555555552
79,PSD_ABSOLUTE_CHANNEL_BAND,ds006036__EO_or_photomark,CN_vs_FTD,30,20,0.8114509144347595,0.8375945699757494,0.7977073163793091,-0.039887253596440256,-0.013743598055450695,0.812031484257871,0.8383333333333336,0.7983333333333335,-0.04000000000000002,-0.013698150924537734,0.6266972756714023,0.6817521763797096,0.6006382848371342,-0.0811138915425755,-0.026058990834267992,0.24306219597396056,0.225,0.5119999999999998
79,PSD_REGION_ABSOLUTE,ds004504__EC,AD_FTD_vs_CN,48,20,0.7009026994926423,0.7216825895012071,0.7760299446084586,0.054347355107251416,0.07512724511581641,0.7665546464056108,0.7343749999999999,0.7812499999999999,0.046875000000000014,0.014695353594389265,0.5118202181071633,0.5199476877962035,0.5906891981873434,0.07074151039113984,0.07886898008018015,0.440678210678211,0.42857142857142855,0.7259999999999996
79,PSD_REGION_ABSOLUTE,ds004504__EC,AD_vs_CN,36,20,0.7652554122221629,0.7771860344144885,0.8106325226563185,0.033446488241829934,0.04537711043415561,0.7870929118773947,0.7874999999999999,0.8111111111111111,0.023611111111111117,0.024018199233716463,0.5991327263043457,0.6306773806994125,0.6255206129417359,-0.005156767757676606,0.0263878866373903,0.23814549339549337,0.2,0.49377777777777765
79,PSD_REGION_ABSOLUTE,ds004504__EC,CN_vs_FTD,30,20,0.739249417220629,0.7296742437448942,0.7257011934335568,-0.00397305031133754,-0.013548223787072272,0.7374062968515742,0.7316666666666667,0.7299999999999999,-0.0016666666666666607,-0.0074062968515742015,0.4919891945700571,0.4687061710560462,0.4749362309570583,0.006230059901012044,-0.017052963612998844,0.2519646366705189,0.2,0.5202222222222224
79,PSD_REGION_ABSOLUTE,ds006036__EO_or_photomark,AD_FTD_vs_CN,48,20,0.6895878367824292,0.7495842534351232,0.7431135475542578,-0.00647070588086548,0.05352571077182853,0.750175336060783,0.7583333333333335,0.7520833333333333,-0.006249999999999983,0.0019079972725501715,0.4782095374593268,0.5558580287251398,0.5436226180422014,-0.012235410682938411,0.06541308058287468,0.37645010545010554,0.3333333333333333,0.6075555555555555
79,PSD_REGION_ABSOLUTE,ds006036__EO_or_photomark,AD_vs_CN,36,20,0.7406512791172641,0.7478459007583673,0.726447034518422,-0.021398866239945163,-0.014204244598842248,0.7632183908045979,0.7583333333333334,0.7333333333333333,-0.024999999999999988,-0.029885057471264364,0.5512020459290409,0.5595889094764511,0.4893246937943158,-0.0702642156821353,-0.061877352134724964,0.2865750083250082,0.2727272727272727,0.5804444444444442
79,PSD_REGION_ABSOLUTE,ds006036__EO_or_photomark,CN_vs_FTD,30,20,0.6971671013639449,0.7216348972608565,0.7379996008189208,0.01636470355806415,0.04083249945497567,0.7003373313343327,0.7300000000000002,0.7433333333333334,0.013333333333333303,0.04299600199900049,0.4580854129548431,0.4889256897159907,0.50580320168955,0.016877511973559328,0.04771778873470679,0.34700729825729804,0.2857142857142857,0.5408888888888886
80,PSD_ABSOLUTE_CHANNEL_BAND,ds004504__EC,AD_FTD_vs_CN,48,20,0.7514211727263497,0.7642004186021583,0.7804524504475017,0.016252031845343483,0.02903127772115203,0.7847749853886616,0.7656249999999999,0.7833333333333333,0.017708333333333326,-0.0014416520553282685,0.5373508102617003,0.537566587863201,0.5812772461138719,0.04371065825067102,0.04392643585217165,0.1862595786566374,0.16666666666666666,0.3513333333333333
80,PSD_ABSOLUTE_CHANNEL_BAND,ds004504__EC,AD_vs_CN,36,20,0.7836115951114164,0.7766691788942381,0.746435602978084,-0.030233575916154293,-0.03717599213333245,0.7911159003831418,0.7777777777777778,0.7486111111111111,-0.029166666666666664,-0.04250478927203065,0.5811321623428458,0.5599187030590413,0.5054897537640766,-0.0544289492949647,-0.07564240857876911,0.2053408046202163,0.18333333333333335,0.4124444444444444
80,PSD_ABSOLUTE_CHANNEL_BAND,ds004504__EC,CN_vs_FTD,30,20,0.7508459355660262,0.7559065906860026,0.7890695006901305,0.03316291000412796,0.03822356512410425,0.7482383808095953,0.76,0.7916666666666667,0.03166666666666669,0.04342828585707147,0.5330553015141499,0.5377951535589364,0.5984544004480478,0.060659246889111416,0.06539909893389795,0.15636534217416564,0.125,0.31666666666666643
80,PSD_ABSOLUTE_CHANNEL_BAND,ds006036__EO_or_photomark,AD_FTD_vs_CN,48,20,0.7616482251411292,0.8222146648574908,0.8013261366786228,-0.020888528178867834,0.03967791153749367,0.7755260081823494,0.8229166666666667,0.8020833333333334,-0.020833333333333315,0.026557325150983822,0.5312714262543523,0.6509603317832064,0.608977286218918,-0.0419830455642885,0.07770585996456578,0.2799318818436465,0.2727272727272727,0.5215555555555556
80,PSD_ABSOLUTE_CHANNEL_BAND,ds006036__EO_or_photomark,AD_vs_CN,36,20,0.7626391212349524,0.7467654623846574,0.7628738985530781,0.01610843616842065,0.0002347773181258117,0.7656848659003832,0.7472222222222223,0.7638888888888891,0.01666666666666668,-0.001795977011494232,0.5292697177533573,0.4960448870169172,0.5318579013279938,0.03581301431107648,0.002588183574636255,0.13492703211820864,0.1111111111111111,0.2882222222222221
80,PSD_ABSOLUTE_CHANNEL_BAND,ds006036__EO_or_photomark,CN_vs_FTD,30,20,0.8114509144347595,0.782188980392622,0.762402876475764,-0.01978610391685785,-0.04904803795899583,0.812031484257871,0.7833333333333334,0.7633333333333334,-0.020000000000000018,-0.048698150924537754,0.6266972756714023,0.5723560344112644,0.5308804180771225,-0.04147561633414192,-0.09581685759427978,0.18498010323010317,0.2,0.4646666666666667
80,PSD_REGION_ABSOLUTE,ds004504__EC,AD_FTD_vs_CN,48,20,0.7009026994926423,0.7385522189363207,0.7668225262643175,0.02827030732799669,0.06591982677167522,0.7665546464056108,0.7489583333333333,0.7729166666666666,0.023958333333333297,0.0063620202610559,0.5118202181071633,0.5441158320978852,0.5744288366696441,0.03031300457175899,0.06260861856248087,0.4172501942501946,0.3333333333333333,0.7208888888888886
80,PSD_REGION_ABSOLUTE,ds004504__EC,AD_vs_CN,36,20,0.7652554122221629,0.7318213685872264,0.7507308529446206,0.018909484357394212,-0.014524559277542464,0.7870929118773947,0.7444444444444446,0.7569444444444444,0.012499999999999994,-0.03014846743295021,0.5991327263043457,0.5400909960191704,0.5393154115710239,-0.0007755844481466323,-0.05981731473332168,0.4692803307803311,0.5,0.7786666666666662
80,PSD_REGION_ABSOLUTE,ds004504__EC,CN_vs_FTD,30,20,0.739249417220629,0.7698708267100735,0.7308149826394797,-0.03905584407059381,-0.008434434581149319,0.7374062968515742,0.7733333333333335,0.7366666666666667,-0.03666666666666667,-0.0007396301849075138,0.4919891945700571,0.5605957474483411,0.49603878945589663,-0.06455695799244446,0.004049594885839558,0.2243042513042511,0.2,0.5766666666666667
80,PSD_REGION_ABSOLUTE,ds006036__EO_or_photomark,AD_FTD_vs_CN,48,20,0.6895878367824292,0.7843275271445782,0.7744252783628546,-0.009902248781723693,0.08483744158042524,0.750175336060783,0.7895833333333332,0.778125,-0.01145833333333333,0.02794966393921682,0.4782095374593268,0.6086440404686168,0.5750667104578674,-0.033577330010749196,0.09685717299854071,0.30433866133866133,0.2727272727272727,0.5313333333333332
80,PSD_REGION_ABSOLUTE,ds006036__EO_or_photomark,AD_vs_CN,36,20,0.7406512791172641,0.7408285932370516,0.7105035715368541,-0.03032502170019754,-0.03014770758041036,0.7632183908045979,0.7513888888888889,0.7236111111111111,-0.02777777777777778,-0.0396072796934866,0.5512020459290409,0.5437301017407175,0.4912720635923093,-0.05245803814840829,-0.05992998233673158,0.4149222444222444,0.4,0.6999999999999998
80,PSD_REGION_ABSOLUTE,ds006036__EO_or_photomark,CN_vs_FTD,30,20,0.6971671013639449,0.7104606369972842,0.7231806384265633,0.012720001429279398,0.026013537062618504,0.7003373313343327,0.7183333333333335,0.7333333333333334,0.014999999999999996,0.03299600199900051,0.4580854129548431,0.4603622151975659,0.5035068578468044,0.04314464264923825,0.045421444891961114,0.3893228993228992,0.3333333333333333,0.5948888888888887
81,PSD_ABSOLUTE_CHANNEL_BAND,ds004504__EC,AD_FTD_vs_CN,50,20,0.7514211727263497,0.7695315861213959,0.7602981731018591,-0.009233413019536747,0.008877000375509526,0.7847749853886616,0.771,0.764,-0.007000000000000011,-0.020774985388661578,0.5373508102617003,0.5486078795190268,0.5449841565539799,-0.003623722965046905,0.007633346292279661,0.14008945139827486,0.125,0.2942222222222219
81,PSD_ABSOLUTE_CHANNEL_BAND,ds004504__EC,AD_vs_CN,36,20,0.7836115951114164,0.7752618371772991,0.7391936746349745,-0.03606816254232461,-0.04441792047644199,0.7911159003831418,0.7763888888888889,0.7416666666666668,-0.03472222222222222,-0.04944923371647508,0.5811321623428458,0.5574629066970365,0.49216579398511345,-0.06529711271192305,-0.08896636835773228,0.21926258708611646,0.16666666666666666,0.42777777777777787
81,PSD_ABSOLUTE_CHANNEL_BAND,ds004504__EC,CN_vs_FTD,30,20,0.7508459355660262,0.7463846757817347,0.6841797731712467,-0.062204902610488076,-0.06666616239477965,0.7482383808095953,0.7499999999999998,0.6883333333333331,-0.06166666666666666,-0.05990504747626187,0.5330553015141499,0.514982103594989,0.3868504420901779,-0.12813166150481098,-0.14620485942397204,0.13792695702989816,0.125,0.2953333333333332
81,PSD_ABSOLUTE_CHANNEL_BAND,ds006036__EO_or_photomark,AD_FTD_vs_CN,50,20,0.7616482251411292,0.7616556476340066,0.7272807372733925,-0.03437491036061417,-0.0343674878677367,0.7755260081823494,0.762,0.7279999999999998,-0.03400000000000002,-0.047526008182349526,0.5312714262543523,0.5254417831645508,0.45845925072730837,-0.0669825324372423,-0.0728121755270436,0.2685550838050837,0.2727272727272727,0.4811111111111112
81,PSD_ABSOLUTE_CHANNEL_BAND,ds006036__EO_or_photomark,AD_vs_CN,36,20,0.7626391212349524,0.7634793190985141,0.7889984884279663,0.02551916932945226,0.026359367193014144,0.7656848659003832,0.763888888888889,0.7902777777777779,0.02638888888888887,0.024592911877394635,0.5292697177533573,0.5292579143575763,0.5865460321559792,0.057288117798403135,0.057276314402622,0.13699076413782288,0.125,0.31044444444444413
81,PSD_ABSOLUTE_CHANNEL_BAND,ds006036__EO_or_photomark,CN_vs_FTD,30,20,0.8114509144347595,0.7907446208580027,0.8130732394459453,0.0223286185879427,0.001622325011185588,0.812031484257871,0.7916666666666666,0.8133333333333335,0.021666666666666685,0.0013018490754622748,0.6266972756714023,0.5886044105845472,0.6285361855353526,0.03993177495080534,0.001838909863950311,0.2027928264545911,0.2,0.4848888888888889
81,PSD_REGION_ABSOLUTE,ds004504__EC,AD_FTD_vs_CN,50,20,0.7009026994926423,0.777757921358692,0.7959066080756431,0.018148686716951152,0.09500390858300092,0.7665546464056108,0.784,0.8,0.015999999999999997,0.033445353594389285,0.5118202181071633,0.6033766839740141,0.6221815313001053,0.0188048473260913,0.11036131319294215,0.3923079143079144,0.3333333333333333,0.7193333333333329
81,PSD_REGION_ABSOLUTE,ds004504__EC,AD_vs_CN,36,20,0.7652554122221629,0.7187455338219958,0.705539118012511,-0.013206415809484572,-0.059716294209651834,0.7870929118773947,0.7333333333333333,0.7180555555555553,-0.015277777777777784,-0.06903735632183912,0.5991327263043457,0.5209976137118278,0.4754621857925391,-0.04553542791928877,-0.12367054051180662,0.3061994394494394,0.2727272727272727,0.5851111111111111
81,PSD_REGION_ABSOLUTE,ds004504__EC,CN_vs_FTD,30,20,0.739249417220629,0.761851170300391,0.760337576424638,-0.0015135938757528389,0.02108815920400913,0.7374062968515742,0.7650000000000001,0.7633333333333333,-0.0016666666666666718,0.025927036481759137,0.4919891945700571,0.5422569529570829,0.5385614866970595,-0.0036954662600233723,0.04657229212700241,0.21250477300477286,0.2,0.5746666666666667
81,PSD_REGION_ABSOLUTE,ds006036__EO_or_photomark,AD_FTD_vs_CN,50,20,0.6895878367824292,0.756699975190848,0.7603416321607589,0.003641656969910845,0.07075379537832963,0.750175336060783,0.7630000000000001,0.77,0.007000000000000006,0.019824663939216836,0.4782095374593268,0.5548399346324457,0.5903133028775699,0.035473368245124245,0.11210376541824316,0.3735145410145409,0.38461538461538464,0.6168888888888887
81,PSD_REGION_ABSOLUTE,ds006036__EO_or_photomark,AD_vs_CN,36,20,0.7406512791172641,0.7534798552856005,0.7381804554232702,-0.01529939986233041,-0.002470823693994323,0.7632183908045979,0.763888888888889,0.7458333333333333,-0.01805555555555558,-0.01738505747126439,0.5512020459290409,0.5730973905761186,0.5220376829228205,-0.05105970765329816,-0.029164363006220283,0.2955338827838827,0.2727272727272727,0.5815555555555555
81,PSD_REGION_ABSOLUTE,ds006036__EO_or_photomark,CN_vs_FTD,30,20,0.6971671013639449,0.7088837824792531,0.7048884714618238,-0.003995311017429282,0.007721370097878821,0.7003373313343327,0.7166666666666668,0.7166666666666666,-1.6653345369377347e-17,0.016329335332333828,0.4580854129548431,0.45656462348544646,0.4694812807207926,0.012916657235346022,0.011395867765949416,0.3952516927516928,0.38461538461538464,0.6324444444444446
82,PSD_ABSOLUTE_CHANNEL_BAND,ds004504__EC,AD_FTD_vs_CN,50,20,0.7514211727263497,0.8216948900677302,0.8164496415662972,-0.005245248501433009,0.06502846883994755,0.7847749853886616,0.8220000000000003,0.817,-0.004999999999999993,0.03222501461133845,0.5373508102617003,0.6458405367383933,0.6380778518575252,-0.007762684880868231,0.10072704159582493,0.22018599700952632,0.2,0.42511111111111083
82,PSD_ABSOLUTE_CHANNEL_BAND,ds004504__EC,AD_vs_CN,36,20,0.7836115951114164,0.7507094809927872,0.7334680314717884,-0.017241449520999003,-0.05014356363962813,0.7911159003831418,0.7555555555555555,0.7375000000000002,-0.01805555555555552,-0.053615900383141755,0.5811321623428458,0.5295042279035486,0.48885947109505645,-0.040644756808492,-0.09227269124778917,0.2568601104777574,0.2727272727272727,0.5077777777777777
82,PSD_ABSOLUTE_CHANNEL_BAND,ds004504__EC,CN_vs_FTD,30,20,0.7508459355660262,0.7509677116999689,0.7041219312971752,-0.046845780402793705,-0.04672400426885113,0.7482383808095953,0.7550000000000001,0.71,-0.045,-0.0382383808095952,0.5330553015141499,0.5281660630036826,0.43709776097616465,-0.09106830202751795,-0.09595754053798528,0.15735823816706163,0.125,0.3362222222222219
82,PSD_ABSOLUTE_CHANNEL_BAND,ds006036__EO_or_photomark,AD_FTD_vs_CN,50,20,0.7616482251411292,0.7866255201067832,0.7907419598473029,0.004116439740519606,0.02909373470617388,0.7755260081823494,0.787,0.791,0.0040000000000000036,0.015473991817650518,0.5312714262543523,0.5759273901411504,0.5835063084332244,0.007578918292074008,0.05223488217887227,0.2715729548229546,0.2727272727272727,0.5086666666666667
82,PSD_ABSOLUTE_CHANNEL_BAND,ds006036__EO_or_photomark,AD_vs_CN,36,20,0.7626391212349524,0.7633856533769459,0.7793767915497791,0.01599113817283322,0.016737670314826904,0.7656848659003832,0.7638888888888891,0.7805555555555556,0.016666666666666663,0.014870689655172431,0.5292697177533573,0.5296777948004797,0.5669272873244543,0.037249492523974706,0.037657569571097005,0.11969712313829957,0.1111111111111111,0.29155555555555523
82,PSD_ABSOLUTE_CHANNEL_BAND,ds006036__EO_or_photomark,CN_vs_FTD,30,20,0.8114509144347595,0.8176391468113524,0.788220841050975,-0.029418305760377045,-0.02323007338378464,0.812031484257871,0.8183333333333336,0.7900000000000003,-0.028333333333333342,-0.02203148425787106,0.6266972756714023,0.6411145117133519,0.589740977852997,-0.051373533860354904,-0.03695629781840518,0.20118123379888084,0.2,0.4277777777777778
82,PSD_REGION_ABSOLUTE,ds004504__EC,AD_FTD_vs_CN,50,20,0.7009026994926423,0.7450984047625709,0.8288196440312794,0.08372123926870839,0.12791694453863728,0.7665546464056108,0.755,0.8300000000000001,0.07500000000000004,0.0634453535943893,0.5118202181071633,0.5553591833591587,0.6677404526201384,0.11238126926097972,0.15592023451297518,0.36762337662337663,0.3333333333333333,0.6699999999999998
82,PSD_REGION_ABSOLUTE,ds004504__EC,AD_vs_CN,36,20,0.7652554122221629,0.719559477001632,0.7775989848603881,0.05803950785875585,0.012343572638225053,0.7870929118773947,0.7388888888888888,0.7791666666666666,0.04027777777777778,-0.007926245210727994,0.5991327263043457,0.5545454091849892,0.5673640244007488,0.01281861521575962,-0.03176870190359684,0.24751176601176592,0.2,0.4742222222222221
82,PSD_REGION_ABSOLUTE,ds004504__EC,CN_vs_FTD,30,20,0.739249417220629,0.7358610670092423,0.6997650108673207,-0.03609605614192172,-0.03948440635330835,0.7374062968515742,0.7383333333333333,0.7066666666666664,-0.03166666666666664,-0.03073963018490753,0.4919891945700571,0.4844357180986358,0.4333671768761954,-0.051068541222440186,-0.05862201769386168,0.27462665112665086,0.2,0.5437777777777779
82,PSD_REGION_ABSOLUTE,ds006036__EO_or_photomark,AD_FTD_vs_CN,50,20,0.6895878367824292,0.7407280665744447,0.738725087981227,-0.002002978593217475,0.049137251198797936,0.750175336060783,0.75,0.748,-0.0020000000000000018,-0.0021753360607831783,0.4782095374593268,0.5380301683371302,0.5343586882995045,-0.00367148003762576,0.05614915084017772,0.3609708069708071,0.2727272727272727,0.6102222222222221
82,PSD_REGION_ABSOLUTE,ds006036__EO_or_photomark,AD_vs_CN,36,20,0.7406512791172641,0.7460263571036114,0.7059021857744787,-0.04012417132913258,-0.03474909334278561,0.7632183908045979,0.7569444444444445,0.7180555555555554,-0.03888888888888889,-0.04516283524904215,0.5512020459290409,0.5572623863295144,0.4757500464900546,-0.08151233983945982,-0.07545199943898624,0.31616317016317,0.2727272727272727,0.5746666666666668
82,PSD_REGION_ABSOLUTE,ds006036__EO_or_photomark,CN_vs_FTD,30,20,0.6971671013639449,0.7200602366273723,0.7356604783512267,0.01560024172385444,0.038493376987281794,0.7003373313343327,0.7283333333333335,0.74,0.011666666666666626,0.03966266866566716,0.4580854129548431,0.48485142470384135,0.4959837399627995,0.011132315258958123,0.03789832700795631,0.36782894882894884,0.3333333333333333,0.6115555555555555
83,PSD_ABSOLUTE_CHANNEL_BAND,ds004504__EC,AD_FTD_vs_CN,48,20,0.7514211727263497,0.7479339932879252,0.7164718423818924,-0.03146215090603285,-0.034949330344457234,0.7847749853886616,0.7499999999999999,0.7239583333333334,-0.026041666666666668,-0.06081665205532827,0.5373508102617003,0.5084849012173194,0.4739480180430646,-0.03453688317425487,-0.06340279221863562,0.1323685889274124,0.125,0.26288888888888856
83,PSD_ABSOLUTE_CHANNEL_BAND,ds004504__EC,AD_vs_CN,36,20,0.7836115951114164,0.7808172371272215,0.7850619662919474,0.0042447291647256915,0.0014503711805309073,0.7911159003831418,0.7819444444444443,0.7861111111111109,0.004166666666666668,-0.005004789272030646,0.5811321623428458,0.5688732546769949,0.5771823351811006,0.008309080504105731,-0.003949827161745062,0.26844584990173215,0.2727272727272727,0.5111111111111112
83,PSD_ABSOLUTE_CHANNEL_BAND,ds004504__EC,CN_vs_FTD,30,20,0.7508459355660262,0.7415286742975353,0.6728017983297174,-0.06872687596781768,-0.07804413723630874,0.7482383808095953,0.7449999999999999,0.6766666666666665,-0.06833333333333332,-0.07157171414292852,0.5330553015141499,0.5043111893943908,0.3620705063355566,-0.1422406830588341,-0.17098479517859333,0.13406624911036671,0.125,0.2704444444444442
83,PSD_ABSOLUTE_CHANNEL_BAND,ds006036__EO_or_photomark,AD_FTD_vs_CN,48,20,0.7616482251411292,0.7838091497753303,0.7739699220097196,-0.009839227765610742,0.01232169686859052,0.7755260081823494,0.784375,0.775,-0.00937499999999999,-0.0005260081823495022,0.5312714262543523,0.5716205633393505,0.5546837320476548,-0.016936831291695733,0.023412305793302658,0.23610527381115612,0.2,0.4662222222222225
83,PSD_ABSOLUTE_CHANNEL_BAND,ds006036__EO_or_photomark,AD_vs_CN,36,20,0.7626391212349524,0.7353438519005469,0.7854778826450652,0.05013403074451832,0.022838761410113012,0.7656848659003832,0.7361111111111112,0.7861111111111112,0.05000000000000001,0.020426245210727993,0.5292697177533573,0.47463438566196403,0.5753005537822796,0.10066616812031556,0.04603083602892223,0.11382380201497849,0.09090909090909091,0.27022222222222203
83,PSD_ABSOLUTE_CHANNEL_BAND,ds006036__EO_or_photomark,CN_vs_FTD,30,20,0.8114509144347595,0.8177553033556848,0.803095585703692,-0.014659717651992577,-0.008355328731067702,0.812031484257871,0.8183333333333336,0.8033333333333333,-0.015000000000000024,-0.00869815092453773,0.6266972756714023,0.6403593194021127,0.608176119769934,-0.03218319963217862,-0.0185211559014681,0.17705730380730375,0.18333333333333335,0.46
83,PSD_REGION_ABSOLUTE,ds004504__EC,AD_FTD_vs_CN,48,20,0.7009026994926423,0.7573904767301454,0.7524451647372749,-0.004945311992870671,0.05154246524463267,0.7665546464056108,0.7656250000000001,0.7614583333333333,-0.004166666666666657,-0.005096313072277409,0.5118202181071633,0.5724907856944691,0.5643218449426954,-0.008168940751773735,0.05250162683553229,0.44636907536907566,0.42857142857142855,0.737333333333333
83,PSD_REGION_ABSOLUTE,ds004504__EC,AD_vs_CN,36,20,0.7652554122221629,0.7431801854226803,0.7273667996471318,-0.015813385775548423,-0.037888612575031254,0.7870929118773947,0.7541666666666667,0.7305555555555554,-0.02361111111111112,-0.056537356321839115,0.5991327263043457,0.5543217429423459,0.4723804252075797,-0.08194131773476618,-0.1267523010967659,0.38126073926073933,0.38461538461538464,0.6679999999999998
83,PSD_REGION_ABSOLUTE,ds004504__EC,CN_vs_FTD,30,20,0.739249417220629,0.7279188446896236,0.7198537637725364,-0.008065080917087014,-0.01939565344809238,0.7374062968515742,0.7300000000000001,0.7283333333333333,-0.0016666666666666496,-0.009072963518240867,0.4919891945700571,0.465880555162616,0.4917487588423266,0.025868203679710655,-0.0002404357277304342,0.2336796814296812,0.2,0.549777777777778
83,PSD_REGION_ABSOLUTE,ds006036__EO_or_photomark,AD_FTD_vs_CN,48,20,0.6895878367824292,0.7469929246869246,0.7293665561147022,-0.0176263685722224,0.03977871933227292,0.750175336060783,0.753125,0.7333333333333333,-0.019791666666666652,-0.016842002727449852,0.4782095374593268,0.5321104013106921,0.48069947675367397,-0.05141092455701797,0.002489939294347271,0.3009759684759684,0.2727272727272727,0.5573333333333333
83,PSD_REGION_ABSOLUTE,ds006036__EO_or_photomark,AD_vs_CN,36,20,0.7406512791172641,0.7416399221880898,0.6988163016522666,-0.04282362053582299,-0.04183497746499763,0.7632183908045979,0.751388888888889,0.7083333333333334,-0.043055555555555555,-0.054885057471264376,0.5512020459290409,0.5414643608901812,0.4419137995138893,-0.09955056137629197,-0.10928824641515149,0.3342195304695304,0.2792207792207792,0.606444444444444
83,PSD_REGION_ABSOLUTE,ds006036__EO_or_photomark,CN_vs_FTD,30,20,0.6971671013639449,0.7275401412153333,0.7094032629871825,-0.01813687822815061,0.012236161623237601,0.7003373313343327,0.7366666666666666,0.7166666666666666,-0.019999999999999973,0.01632933533233385,0.4580854129548431,0.5059078285975637,0.45494805970917557,-0.05095976888838819,-0.0031373532456676124,0.3998576423576423,0.38461538461538464,0.6566666666666667
84,PSD_ABSOLUTE_CHANNEL_BAND,ds004504__EC,AD_FTD_vs_CN,50,20,0.7514211727263497,0.794361551380997,0.7888771095075346,-0.0054844418734622865,0.03745593678118487,0.7847749853886616,0.795,0.79,-0.00500000000000001,0.005225014611338436,0.5373508102617003,0.5938910375291314,0.5862846336729968,-0.007606403856134711,0.04893382341129654,0.18578036342742213,0.16666666666666666,0.36044444444444423
84,PSD_ABSOLUTE_CHANNEL_BAND,ds004504__EC,AD_vs_CN,36,20,0.7836115951114164,0.7788976929458815,0.7983741254636134,0.019476432517731866,0.014762530352196967,0.7911159003831418,0.7819444444444443,0.8,0.01805555555555554,0.008884099616858232,0.5811321623428458,0.5785768680744219,0.6094095881294435,0.030832720055021745,0.028277425786597893,0.2263085411320705,0.2,0.4519999999999998
84,PSD_ABSOLUTE_CHANNEL_BAND,ds004504__EC,CN_vs_FTD,30,20,0.7508459355660262,0.7493438836370416,0.6950180859162611,-0.0543257977207805,-0.05582784964976499,0.7482383808095953,0.7533333333333333,0.6983333333333333,-0.05500000000000001,-0.049905047476261885,0.5330553015141499,0.5246671083572435,0.40737480583859187,-0.11729230251865172,-0.12568049567555814,0.16635918166800515,0.125,0.35488888888888875
84,PSD_ABSOLUTE_CHANNEL_BAND,ds006036__EO_or_photomark,AD_FTD_vs_CN,50,20,0.7616482251411292,0.773484681348389,0.7735116898621679,2.7008513779069876e-05,0.011863464721038875,0.7755260081823494,0.7740000000000001,0.7739999999999999,5.551115123125783e-18,-0.0015260081823494863,0.5312714262543523,0.5505461733251973,0.5504314890544875,-0.00011468427070997767,0.01916006280013522,0.23358047344812038,0.25,0.4466666666666667
84,PSD_ABSOLUTE_CHANNEL_BAND,ds006036__EO_or_photomark,AD_vs_CN,36,20,0.7626391212349524,0.8177117484083428,0.8481176063857954,0.030405857977452426,0.08547848515084304,0.7656848659003832,0.8180555555555558,0.8486111111111112,0.03055555555555554,0.08292624521072797,0.5292697177533573,0.6380916912965782,0.7030497900742858,0.06495809877770783,0.17378007232092849,0.14502458325987733,0.14285714285714285,0.3599999999999999
84,PSD_ABSOLUTE_CHANNEL_BAND,ds006036__EO_or_photomark,CN_vs_FTD,30,20,0.8114509144347595,0.8392916839216898,0.8197660595105676,-0.01952562441112219,0.008315145075807651,0.812031484257871,0.8400000000000002,0.8200000000000001,-0.019999999999999997,0.00796851574212894,0.6266972756714023,0.6847532332570885,0.641748490699012,-0.04300474255807669,0.015051215027609694,0.20113908313908307,0.2,0.42977777777777765
84,PSD_REGION_ABSOLUTE,ds004504__EC,AD_FTD_vs_CN,50,20,0.7009026994926423,0.7643324643375716,0.8337915619548031,0.06945909761723147,0.13288886246216086,0.7665546464056108,0.772,0.836,0.06400000000000002,0.06944535359438928,0.5118202181071633,0.5838323865313246,0.6903618587866772,0.10652947225535267,0.1785416406795141,0.42585064935064953,0.4,0.7259999999999995
84,PSD_REGION_ABSOLUTE,ds004504__EC,AD_vs_CN,36,20,0.7652554122221629,0.7111806322479717,0.7454169802282093,0.03423634798023796,-0.019838431993953343,0.7870929118773947,0.7319444444444445,0.7486111111111111,0.01666666666666668,-0.03848180076628353,0.5991327263043457,0.5415748620813824,0.5106831287655378,-0.030891733315844484,-0.08844959753880773,0.27638378288378274,0.2727272727272727,0.5915555555555554
84,PSD_REGION_ABSOLUTE,ds004504__EC,CN_vs_FTD,30,20,0.739249417220629,0.7358610670092423,0.7111336357100502,-0.02472743129919201,-0.02811578151057864,0.7374062968515742,0.7383333333333333,0.72,-0.01833333333333332,-0.017406296851574205,0.4919891945700571,0.4844357180986358,0.4671438027277282,-0.01729191537090746,-0.024845391842328944,0.2531688034188032,0.2,0.5564444444444444
84,PSD_REGION_ABSOLUTE,ds006036__EO_or_photomark,AD_FTD_vs_CN,50,20,0.6895878367824292,0.7465898734937179,0.7384591267702736,-0.008130746723444483,0.04887128998784429,0.750175336060783,0.7540000000000001,0.7499999999999999,-0.0040000000000000036,-0.0001753360607831822,0.4782095374593268,0.539241853659364,0.549023486209822,0.009781632550457886,0.07081394875049515,0.33281829281829267,0.2857142857142857,0.5920000000000001
84,PSD_REGION_ABSOLUTE,ds006036__EO_or_photomark,AD_vs_CN,36,20,0.7406512791172641,0.7927036568906373,0.8327103435283586,0.04000668663772118,0.09205906441109432,0.7632183908045979,0.8,0.8347222222222224,0.03472222222222223,0.07150383141762454,0.5512020459290409,0.6399786552842178,0.6834781919034252,0.04349953661920748,0.13227614597438447,0.23122422022422012,0.2,0.5773333333333335
84,PSD_REGION_ABSOLUTE,ds006036__EO_or_photomark,CN_vs_FTD,30,20,0.6971671013639449,0.738700306986954,0.7445994210144338,0.005899114027479913,0.047432319650488976,0.7003373313343327,0.7483333333333333,0.7483333333333333,2.2204460492503132e-17,0.0479960019990005,0.4580854129548431,0.5344225949131686,0.5087832207122435,-0.025639374200925224,0.050697807757400196,0.3867026307026306,0.38461538461538464,0.6184444444444444
85,PSD_ABSOLUTE_CHANNEL_BAND,ds004504__EC,AD_FTD_vs_CN,46,20,0.7514211727263497,0.7384549898296118,0.7013770277459694,-0.0370779620836422,-0.05004414498038029,0.7847749853886616,0.7402173913043479,0.7119565217391306,-0.0282608695652174,-0.07281846364953115,0.5373508102617003,0.4876091482017314,0.45385055445977296,-0.033758593741958595,-0.08350025580192738,0.2099781297134237,0.2,0.37955555555555537
85,PSD_ABSOLUTE_CHANNEL_BAND,ds004504__EC,AD_vs_CN,36,20,0.7836115951114164,0.7822462641617259,0.7589201759212484,-0.02332608824047777,-0.024691419190168172,0.7911159003831418,0.7833333333333333,0.7597222222222222,-0.02361111111111111,-0.03139367816091954,0.5811321623428458,0.570959861651475,0.5229311458380169,-0.04802871581345815,-0.058201016504828854,0.1987842500636617,0.16666666666666666,0.38644444444444437
85,PSD_ABSOLUTE_CHANNEL_BAND,ds004504__EC,CN_vs_FTD,30,20,0.7508459355660262,0.7415286742975353,0.634914081128753,-0.10661459316878204,-0.11593185443727308,0.7482383808095953,0.7449999999999999,0.6399999999999999,-0.10499999999999998,-0.1082383808095952,0.5330553015141499,0.5043111893943908,0.2881933876485085,-0.21611780174588233,-0.24486191386564152,0.14234774865657215,0.125,0.28444444444444417
85,PSD_ABSOLUTE_CHANNEL_BAND,ds006036__EO_or_photomark,AD_FTD_vs_CN,46,20,0.7616482251411292,0.8069225769503529,0.8145074935969561,0.00758491664660319,0.05285926845582699,0.7755260081823494,0.8076086956521739,0.8152173913043477,0.007608695652173908,0.039691383121998304,0.5312714262543523,0.6196152216146398,0.6355709470984372,0.015955725483797603,0.10429952084408516,0.23965881340881334,0.2,0.4377777777777776
85,PSD_ABSOLUTE_CHANNEL_BAND,ds006036__EO_or_photomark,AD_vs_CN,36,20,0.7626391212349524,0.7453669209861159,0.7760243725723601,0.03065745158624413,0.013385251337407889,0.7656848659003832,0.7458333333333333,0.7763888888888888,0.03055555555555557,0.010704022988505767,0.5292697177533573,0.49330577902249895,0.5545047689507513,0.061198989928252255,0.02523505119739381,0.15387567824332538,0.125,0.3393333333333331
85,PSD_ABSOLUTE_CHANNEL_BAND,ds006036__EO_or_photomark,CN_vs_FTD,30,20,0.8114509144347595,0.8159523037839838,0.7992742123526944,-0.016678091431289434,-0.012176702082065472,0.812031484257871,0.816666666666667,0.8000000000000002,-0.01666666666666669,-0.012031484257871062,0.6266972756714023,0.6377297173603802,0.6036700758387804,-0.03405964152159989,-0.023027199832621793,0.15783167649344113,0.13392857142857142,0.4002222222222224
85,PSD_REGION_ABSOLUTE,ds004504__EC,AD_FTD_vs_CN,46,20,0.7009026994926423,0.6991144139745085,0.7390434545882243,0.03992904061371585,0.0381407550955822,0.7665546464056108,0.7152173913043478,0.7499999999999999,0.03478260869565221,-0.016554646405610735,0.5118202181071633,0.4868322104689021,0.5449066302796768,0.05807441981077475,0.03308641217251364,0.40761510711510723,0.3333333333333333,0.7222222222222221
85,PSD_REGION_ABSOLUTE,ds004504__EC,AD_vs_CN,36,20,0.7652554122221629,0.7411935607800323,0.7717935864936395,0.030600025713607447,0.006538174271476632,0.7870929118773947,0.7527777777777779,0.775,0.022222222222222216,-0.012092911877394651,0.5991327263043457,0.5539216179647003,0.5624376226846595,0.0085160047199591,-0.036695103619686135,0.2924743034743032,0.2,0.5464444444444446
85,PSD_REGION_ABSOLUTE,ds004504__EC,CN_vs_FTD,30,20,0.739249417220629,0.7344916164441945,0.7292060237229591,-0.005285592721235394,-0.010043393497669788,0.7374062968515742,0.7366666666666666,0.7399999999999999,0.0033333333333333327,0.002593703148425791,0.4919891945700571,0.47974702931445606,0.5247287784748512,0.044981749160395275,0.03273958390479427,0.22943481518481496,0.2,0.5200000000000002
85,PSD_REGION_ABSOLUTE,ds006036__EO_or_photomark,AD_FTD_vs_CN,46,20,0.6895878367824292,0.7731307568344291,0.7761663273589512,0.0030355705245221297,0.0865784905765219,0.750175336060783,0.7793478260869564,0.7815217391304348,0.0021739130434782704,0.03134640306965161,0.4782095374593268,0.5904228156306263,0.5903109364841083,-0.0001118791465180402,0.11210139902478149,0.28454795204795197,0.2727272727272727,0.5695555555555554
85,PSD_REGION_ABSOLUTE,ds006036__EO_or_photomark,AD_vs_CN,36,20,0.7406512791172641,0.7644586057253864,0.7691146095256919,0.004656003800305353,0.028463330408427433,0.7632183908045979,0.7722222222222223,0.776388888888889,0.004166666666666641,0.01317049808429116,0.5512020459290409,0.5794465822801482,0.5871353909723585,0.007688808692210386,0.035933345043317716,0.4078286713286714,0.4,0.6948888888888888
85,PSD_REGION_ABSOLUTE,ds006036__EO_or_photomark,CN_vs_FTD,30,20,0.6971671013639449,0.7306486217664034,0.7543496673911719,0.023701045624768387,0.057182566027227,0.7003373313343327,0.7399999999999999,0.7566666666666666,0.01666666666666667,0.05632933533233383,0.4580854129548431,0.5143344913999879,0.5209998791292451,0.0066653877292572215,0.06291446617440206,0.41703560328560324,0.38461538461538464,0.6293333333333331
86,PSD_ABSOLUTE_CHANNEL_BAND,ds004504__EC,AD_FTD_vs_CN,48,20,0.7514211727263497,0.8174147659589982,0.7876684950100461,-0.02974627094895215,0.03624732228369636,0.7847749853886616,0.8177083333333333,0.7885416666666667,-0.029166666666666657,0.0037666812780050908,0.5373508102617003,0.6371697960308444,0.5816235067031296,-0.05554628932771497,0.04427269644142934,0.23743984610161067,0.2,0.46333333333333315
86,PSD_ABSOLUTE_CHANNEL_BAND,ds004504__EC,AD_vs_CN,36,20,0.7836115951114164,0.7347794686208264,0.7018511281566987,-0.03292834046412778,-0.08176046695471781,0.7911159003831418,0.7388888888888889,0.7083333333333333,-0.03055555555555554,-0.08278256704980844,0.5811321623428458,0.4910639100153368,0.43429493868179786,-0.056768971333538865,-0.14683722366104793,0.2763921993039639,0.2727272727272727,0.5493333333333331
86,PSD_ABSOLUTE_CHANNEL_BAND,ds004504__EC,CN_vs_FTD,30,20,0.7508459355660262,0.7415301969697745,0.7354084753121388,-0.006121721657635732,-0.015437460253887463,0.7482383808095953,0.7449999999999998,0.7383333333333331,-0.006666666666666649,-0.009905047476261869,0.5330553015141499,0.5038221356300128,0.48743264683012544,-0.016389488799887254,-0.045622654684024405,0.16098286354168703,0.16666666666666666,0.3357777777777776
86,PSD_ABSOLUTE_CHANNEL_BAND,ds006036__EO_or_photomark,AD_FTD_vs_CN,48,20,0.7616482251411292,0.7526935193968518,0.7096588703090367,-0.043034649087815305,-0.05198935483209242,0.7755260081823494,0.753125,0.7104166666666668,-0.04270833333333331,-0.06510934151568283,0.5312714262543523,0.5079767456594179,0.42300367455601673,-0.08497307110340105,-0.10826775169833536,0.21405477692242397,0.2,0.4337777777777778
86,PSD_ABSOLUTE_CHANNEL_BAND,ds006036__EO_or_photomark,AD_vs_CN,36,20,0.7626391212349524,0.7453669209861159,0.7264869657418237,-0.01887995524429213,-0.03615215549312837,0.7656848659003832,0.7458333333333333,0.727777777777778,-0.018055555555555547,-0.03790708812260535,0.5292697177533573,0.49330577902249895,0.4595104475937196,-0.03379533142877931,-0.06975927015963775,0.1627503117797235,0.16666666666666666,0.34533333333333327
86,PSD_ABSOLUTE_CHANNEL_BAND,ds006036__EO_or_photomark,CN_vs_FTD,30,20,0.8114509144347595,0.8374928432786473,0.7993105126962191,-0.03818233058242793,-0.01214040173854064,0.812031484257871,0.8383333333333335,0.8,-0.038333333333333344,-0.012031484257871067,0.6266972756714023,0.6823529627803728,0.6044563033549833,-0.07789665942538945,-0.022240972316418896,0.2166644368703191,0.2,0.5215555555555557
86,PSD_REGION_ABSOLUTE,ds004504__EC,AD_FTD_vs_CN,48,20,0.7009026994926423,0.7458997540196067,0.8075365558121975,0.06163680179259066,0.10663385631955524,0.7665546464056108,0.7552083333333334,0.8114583333333332,0.05625000000000002,0.0449036869277226,0.5118202181071633,0.5544748170842846,0.6494665282886595,0.09499171120437475,0.1376463101814962,0.5079057054057058,0.5,0.7819999999999999
86,PSD_REGION_ABSOLUTE,ds004504__EC,AD_vs_CN,36,20,0.7652554122221629,0.7017861505962252,0.7257646212684277,0.023978470672202386,-0.03949079095373526,0.7870929118773947,0.7194444444444443,0.7333333333333333,0.013888888888888885,-0.053759578544061326,0.5991327263043457,0.4983368754874616,0.49454886819269567,-0.0037880072947659134,-0.10458385811164998,0.286687923187923,0.2727272727272727,0.5499999999999999
86,PSD_REGION_ABSOLUTE,ds004504__EC,CN_vs_FTD,30,20,0.739249417220629,0.7324889045856093,0.711861709007489,-0.020627195578120178,-0.02738770821313981,0.7374062968515742,0.735,0.7183333333333335,-0.01666666666666663,-0.01907296351824086,0.4919891945700571,0.47768605136006315,0.4591271502907449,-0.018558901069318196,-0.03286204427931224,0.2206001400560223,0.2,0.5126666666666667
86,PSD_REGION_ABSOLUTE,ds006036__EO_or_photomark,AD_FTD_vs_CN,48,20,0.6895878367824292,0.6981981455893284,0.7050486461629648,0.006850500573636437,0.01546080938053539,0.750175336060783,0.7114583333333333,0.7177083333333334,0.0062500000000000056,-0.03246700272744986,0.4782095374593268,0.46414616290611993,0.47867349142037535,0.014527328514255453,0.00046395396104863815,0.3368899988899987,0.2857142857142857,0.5540000000000002
86,PSD_REGION_ABSOLUTE,ds006036__EO_or_photomark,AD_vs_CN,36,20,0.7406512791172641,0.7408285932370516,0.720279702880862,-0.0205488903561896,-0.020371576236402417,0.7632183908045979,0.7513888888888889,0.7319444444444445,-0.019444444444444448,-0.031273946360153265,0.5512020459290409,0.5437301017407175,0.5058244287949055,-0.03790567294581205,-0.04537761713413534,0.3458758463758463,0.358974358974359,0.6235555555555554
86,PSD_REGION_ABSOLUTE,ds006036__EO_or_photomark,CN_vs_FTD,30,20,0.6971671013639449,0.7418261329377226,0.7184612611473226,-0.023364871790400088,0.02129415978337771,0.7003373313343327,0.7516666666666667,0.7299999999999999,-0.02166666666666666,0.02966266866566717,0.4580854129548431,0.5435975522671682,0.4994316606987665,-0.044165891568401755,0.041346247743923245,0.427602675102675,0.38461538461538464,0.6386666666666664
87,PSD_ABSOLUTE_CHANNEL_BAND,ds004504__EC,AD_FTD_vs_CN,50,20,0.7514211727263497,0.8105708106454521,0.7758027042379829,-0.034768106407469204,0.02438153151163324,0.7847749853886616,0.8110000000000002,0.7769999999999999,-0.03400000000000001,-0.007774985388661565,0.5373508102617003,0.6242839657734949,0.5601879528682184,-0.06409601290527653,0.022837142606518153,0.25012095257683475,0.2,0.4255555555555553
87,PSD_ABSOLUTE_CHANNEL_BAND,ds004504__EC,AD_vs_CN,36,20,0.7836115951114164,0.7269136790826628,0.6830338982736212,-0.043879780809041716,-0.10057769683779527,0.7911159003831418,0.7305555555555555,0.6916666666666667,-0.038888888888888896,-0.0994492337164751,0.5811321623428458,0.4719394633961068,0.405199041990314,-0.06674042140579294,-0.17593312035253186,0.3066974871533694,0.2792207792207792,0.5506666666666665
87,PSD_ABSOLUTE_CHANNEL_BAND,ds004504__EC,CN_vs_FTD,30,20,0.7508459355660262,0.7542005563335489,0.6733174641565501,-0.08088309217699863,-0.0775284714094761,0.7482383808095953,0.7583333333333335,0.6783333333333331,-0.07999999999999999,-0.06990504747626186,0.5330553015141499,0.5355504030221898,0.36738506089590006,-0.16816534212628978,-0.16567024061824998,0.14167183633360092,0.125,0.2866666666666664
87,PSD_ABSOLUTE_CHANNEL_BAND,ds006036__EO_or_photomark,AD_FTD_vs_CN,50,20,0.7616482251411292,0.7737297642183204,0.766512785990215,-0.007216978228105459,0.004864560849085986,0.7755260081823494,0.7739999999999999,0.767,-0.007000000000000011,-0.008526008182349503,0.5312714262543523,0.5492506927965997,0.5361541070576278,-0.013096585738971833,0.004882680803275666,0.24671102916691137,0.2,0.47155555555555567
87,PSD_ABSOLUTE_CHANNEL_BAND,ds006036__EO_or_photomark,AD_vs_CN,36,20,0.7626391212349524,0.7620635379923304,0.7908865981311799,0.02882306013884962,0.02824747689622792,0.7656848659003832,0.7625000000000001,0.7916666666666667,0.029166666666666657,0.02598180076628353,0.5292697177533573,0.5266059454522175,0.5873907085733774,0.060784763121159976,0.05812099082002008,0.17357758744523452,0.16666666666666666,0.3864444444444445
87,PSD_ABSOLUTE_CHANNEL_BAND,ds006036__EO_or_photomark,CN_vs_FTD,30,20,0.8114509144347595,0.7907446208580027,0.7961346576964625,0.0053900368384599325,-0.015316256738297179,0.812031484257871,0.7916666666666666,0.7966666666666667,0.005000000000000021,-0.015364817591204389,0.6266972756714023,0.5886044105845472,0.5966009802139649,0.007996569629417753,-0.030096295457437278,0.1863397044132337,0.2,0.4193333333333334
87,PSD_REGION_ABSOLUTE,ds004504__EC,AD_FTD_vs_CN,50,20,0.7009026994926423,0.7554996125498579,0.7915809039654695,0.03608129141561153,0.09067820447282732,0.7665546464056108,0.7640000000000001,0.796,0.03200000000000002,0.02944535359438929,0.5118202181071633,0.5701241116699298,0.6188374318910237,0.04871332022109396,0.10701721378386064,0.4986794871794876,0.5,0.7866666666666666
87,PSD_REGION_ABSOLUTE,ds004504__EC,AD_vs_CN,36,20,0.7652554122221629,0.7017861505962252,0.7186597495226212,0.016873598926395984,-0.046595662699541664,0.7870929118773947,0.7194444444444443,0.7277777777777776,0.008333333333333342,-0.05931513409961686,0.5991327263043457,0.4983368754874616,0.4892169399506077,-0.009119935536853859,-0.10991578635373793,0.26974353424353414,0.2,0.5288888888888887
87,PSD_REGION_ABSOLUTE,ds004504__EC,CN_vs_FTD,30,20,0.739249417220629,0.7586777087830466,0.7261351811041173,-0.03254252767892927,-0.013114236116511713,0.7374062968515742,0.7616666666666667,0.7299999999999998,-0.03166666666666668,-0.007406296851574223,0.4919891945700571,0.5344435642585326,0.47426256574499215,-0.060180998513540265,-0.017726628825064854,0.24621947496947472,0.2,0.5806666666666667
87,PSD_REGION_ABSOLUTE,ds006036__EO_or_photomark,AD_FTD_vs_CN,50,20,0.6895878367824292,0.7181368763291056,0.7521608351482785,0.03402395881917279,0.06257299836584929,0.750175336060783,0.7299999999999999,0.757,0.027000000000000014,0.006824663939216819,0.4782095374593268,0.5039339409046942,0.5364904149345542,0.032556474029859915,0.0582808774752273,0.33823318348318326,0.2857142857142857,0.5622222222222222
87,PSD_REGION_ABSOLUTE,ds006036__EO_or_photomark,AD_vs_CN,36,20,0.7406512791172641,0.7500764872589627,0.7504840610090613,0.0004075737500987997,0.009832781891797098,0.7632183908045979,0.7611111111111111,0.7583333333333333,-0.002777777777777768,-0.004885057471264359,0.5512020459290409,0.5679585132751421,0.5490006500985356,-0.01895786317660653,-0.002201395830505171,0.29716050616050615,0.2727272727272727,0.5635555555555555
87,PSD_REGION_ABSOLUTE,ds006036__EO_or_photomark,CN_vs_FTD,30,20,0.6971671013639449,0.7088837824792531,0.7159726684595353,0.0070888859802823116,0.018805567095590413,0.7003373313343327,0.7166666666666668,0.7233333333333334,0.0066666666666666706,0.022996001999000516,0.4580854129548431,0.45656462348544646,0.4705645167014437,0.013999893215997119,0.01247910374660052,0.38976426351426363,0.38461538461538464,0.5973333333333333
88,PSD_ABSOLUTE_CHANNEL_BAND,ds004504__EC,AD_FTD_vs_CN,48,20,0.7514211727263497,0.7603101864150557,0.7142828828573322,-0.046027303557723574,-0.03713828986901751,0.7847749853886616,0.7614583333333333,0.7187500000000001,-0.042708333333333334,-0.06602498538866161,0.5373508102617003,0.5285242450464197,0.45274604810070007,-0.07577819694571968,-0.08460476216100013,0.2169760141818965,0.2,0.4004444444444442
88,PSD_ABSOLUTE_CHANNEL_BAND,ds004504__EC,AD_vs_CN,36,20,0.7836115951114164,0.7808389224447869,0.7396556964271748,-0.041183226017612054,-0.043955898684241684,0.7911159003831418,0.7819444444444443,0.740277777777778,-0.04166666666666666,-0.05083812260536397,0.5811321623428458,0.5685040652894703,0.4826727045515124,-0.08583136073795769,-0.09845945779133318,0.14528412926942333,0.125,0.3131111111111109
88,PSD_ABSOLUTE_CHANNEL_BAND,ds004504__EC,CN_vs_FTD,30,20,0.7508459355660262,0.7463846757817347,0.6925892808427937,-0.05379539493894088,-0.05825665472323244,0.7482383808095953,0.7499999999999998,0.6966666666666665,-0.05333333333333332,-0.051571714142928535,0.5330553015141499,0.514982103594989,0.40408561651026637,-0.11089648708472263,-0.12896968500388367,0.13918101506336794,0.125,0.28466666666666646
88,PSD_ABSOLUTE_CHANNEL_BAND,ds006036__EO_or_photomark,AD_FTD_vs_CN,48,20,0.7616482251411292,0.7667422124790821,0.7880333233844128,0.02129111090533064,0.026385098243283712,0.7755260081823494,0.7677083333333333,0.7885416666666666,0.020833333333333336,0.01301565848431716,0.5312714262543523,0.5398837643960912,0.5796746857376938,0.03979092134160259,0.04840325948334164,0.2645048007548006,0.2727272727272727,0.47000000000000014
88,PSD_ABSOLUTE_CHANNEL_BAND,ds006036__EO_or_photomark,AD_vs_CN,36,20,0.7626391212349524,0.7453669209861159,0.7644814813390666,0.019114560352950404,0.0018423601041141658,0.7656848659003832,0.7458333333333333,0.7652777777777777,0.019444444444444448,-0.00040708812260535355,0.5292697177533573,0.49330577902249895,0.5340010348212141,0.04069525579871517,0.00473131706785673,0.10579986353515759,0.09090909090909091,0.2628888888888887
88,PSD_ABSOLUTE_CHANNEL_BAND,ds006036__EO_or_photomark,CN_vs_FTD,30,20,0.8114509144347595,0.7907446208580027,0.80940569222128,0.018661071363277288,-0.0020452222134798247,0.812031484257871,0.7916666666666666,0.8100000000000002,0.018333333333333358,-0.0020314842578710523,0.6266972756714023,0.5886044105845472,0.6232920500479743,0.03468763946342714,-0.003405225623427893,0.20247223038399503,0.2,0.4906666666666667
88,PSD_REGION_ABSOLUTE,ds004504__EC,AD_FTD_vs_CN,48,20,0.7009026994926423,0.7313021602185099,0.8037812961109125,0.07247913589240272,0.10287859661827041,0.7665546464056108,0.7427083333333333,0.80625,0.06354166666666668,0.039695353594389256,0.5118202181071633,0.5334853808725041,0.626768645212542,0.09328326434003797,0.11494842710537886,0.39975374625374643,0.3333333333333333,0.6722222222222217
88,PSD_REGION_ABSOLUTE,ds004504__EC,AD_vs_CN,36,20,0.7652554122221629,0.7281517457482036,0.7486585114639641,0.02050676571576051,-0.016596900758198745,0.7870929118773947,0.7416666666666667,0.7527777777777778,0.011111111111111122,-0.03431513409961687,0.5991327263043457,0.5348090753832627,0.521449629619631,-0.013359445763631633,-0.07768309668471454,0.2532999222999221,0.2,0.5077777777777779
88,PSD_REGION_ABSOLUTE,ds004504__EC,CN_vs_FTD,30,20,0.739249417220629,0.761851170300391,0.733205429634617,-0.028645740665773772,-0.0060439875860118005,0.7374062968515742,0.7650000000000001,0.7383333333333333,-0.026666666666666672,0.0009270364817591358,0.4919891945700571,0.5422569529570829,0.4984341833903835,-0.043822769566699414,0.0064449888203263524,0.21997016872016853,0.2,0.5722222222222222
88,PSD_REGION_ABSOLUTE,ds006036__EO_or_photomark,AD_FTD_vs_CN,48,20,0.6895878367824292,0.7492291358927167,0.7599326684824793,0.010703532589762376,0.07034483170004996,0.750175336060783,0.7552083333333334,0.7625000000000001,0.00729166666666668,0.012324663939216818,0.4782095374593268,0.5358838766911278,0.5369917860319524,0.001107909340824817,0.058782248572625706,0.2948371073371073,0.2727272727272727,0.5686666666666668
88,PSD_REGION_ABSOLUTE,ds006036__EO_or_photomark,AD_vs_CN,36,20,0.7406512791172641,0.7677252423437146,0.7470409574488885,-0.020684284894826172,0.00638967833162411,0.7632183908045979,0.7749999999999999,0.7569444444444444,-0.018055555555555557,-0.0062739463601532595,0.5512020459290409,0.584468230889969,0.5590982934093551,-0.02536993748061398,0.007896247480314245,0.35224431124431127,0.358974358974359,0.6242222222222221
88,PSD_REGION_ABSOLUTE,ds006036__EO_or_photomark,CN_vs_FTD,30,20,0.6971671013639449,0.7088837824792531,0.7005529226141016,-0.008330859865151169,0.003385821250156934,0.7003373313343327,0.7166666666666668,0.7116666666666667,-0.005000000000000016,0.011329335332333828,0.4580854129548431,0.45656462348544646,0.45751573974686977,0.000951116261423235,-0.000569673207973359,0.40371772671772677,0.38461538461538464,0.6366666666666665
89,PSD_ABSOLUTE_CHANNEL_BAND,ds004504__EC,AD_FTD_vs_CN,46,20,0.7514211727263497,0.7809283503052896,0.7771459522640897,-0.0037823980411998527,0.025724779537739974,0.7847749853886616,0.7815217391304349,0.7793478260869564,-0.002173913043478254,-0.005427159301705076,0.5373508102617003,0.56597373502274,0.5700084327068297,0.004034697684089578,0.03265762244512934,0.18210162386632966,0.16666666666666666,0.33933333333333315
89,PSD_ABSOLUTE_CHANNEL_BAND,ds004504__EC,AD_vs_CN,36,20,0.7836115951114164,0.7269136790826628,0.7273139299512392,0.0004002508685763184,-0.05629766516017724,0.7911159003831418,0.7305555555555555,0.7319444444444445,0.001388888888888873,-0.059171455938697326,0.5811321623428458,0.4719394633961068,0.48050655139999154,0.00856708800388474,-0.10062561094285416,0.2356927598545245,0.25,0.45955555555555555
89,PSD_ABSOLUTE_CHANNEL_BAND,ds004504__EC,CN_vs_FTD,30,20,0.7508459355660262,0.7510900985333526,0.6942722647364039,-0.05681783379694868,-0.05657367082962235,0.7482383808095953,0.7550000000000001,0.6983333333333333,-0.056666666666666664,-0.04990504747626186,0.5330553015141499,0.5270241155299532,0.4051170776994968,-0.12190703783045635,-0.12793822381465308,0.1480762864586393,0.125,0.3037777777777775
89,PSD_ABSOLUTE_CHANNEL_BAND,ds006036__EO_or_photomark,AD_FTD_vs_CN,46,20,0.7616482251411292,0.7757498455312902,0.7550298257354717,-0.02072001979581864,-0.006618399405657505,0.7755260081823494,0.7760869565217391,0.7554347826086956,-0.02065217391304347,-0.020091225573653858,0.5312714262543523,0.5537773147027001,0.5125390107224026,-0.041238303980297535,-0.018732415531949573,0.1743123526799997,0.16666666666666666,0.35622222222222205
89,PSD_ABSOLUTE_CHANNEL_BAND,ds006036__EO_or_photomark,AD_vs_CN,36,20,0.7626391212349524,0.7728004659767432,0.7712693755553661,-0.0015310904213768073,0.008630254320413987,0.7656848659003832,0.7736111111111112,0.7722222222222223,-0.001388888888888884,0.006537356321839094,0.5292697177533573,0.5511049177657517,0.5484681387121206,-0.002636779053631119,0.019198420958763198,0.18154054115818816,0.16666666666666666,0.38066666666666654
89,PSD_ABSOLUTE_CHANNEL_BAND,ds006036__EO_or_photomark,CN_vs_FTD,30,20,0.8114509144347595,0.8409979480009296,0.8329349019821073,-0.008063046018822068,0.02148398754734755,0.812031484257871,0.841666666666667,0.8333333333333336,-0.008333333333333331,0.02130184907546228,0.6266972756714023,0.6880509451601199,0.6693420866636876,-0.018708858496432522,0.04264481099228531,0.22594651590239817,0.2,0.5055555555555554
89,PSD_REGION_ABSOLUTE,ds004504__EC,AD_FTD_vs_CN,46,20,0.7009026994926423,0.7894973644714445,0.821882610422373,0.03238524595092842,0.12097991092973057,0.7665546464056108,0.7945652173913043,0.8239130434782608,0.02934782608695651,0.057358397072650114,0.5118202181071633,0.6198897252257893,0.6602353027681691,0.04034557754237959,0.14841508466100578,0.38208424908424915,0.3333333333333333,0.7426666666666664
89,PSD_REGION_ABSOLUTE,ds004504__EC,AD_vs_CN,36,20,0.7652554122221629,0.6793799215166882,0.7538521646739711,0.07447224315728287,-0.011403247548191886,0.7870929118773947,0.7013888888888888,0.7583333333333331,0.056944444444444464,-0.02875957854406131,0.5991327263043457,0.46813887075780114,0.5372167462187311,0.06907787546093,-0.06191598008561454,0.25681113331113326,0.2,0.5022222222222222
89,PSD_REGION_ABSOLUTE,ds004504__EC,CN_vs_FTD,30,20,0.739249417220629,0.7459913349131149,0.7351013814921519,-0.010889953420962967,-0.004148035728477012,0.7374062968515742,0.7483333333333335,0.7383333333333331,-0.010000000000000004,0.0009270364817591193,0.4919891945700571,0.5038903968981432,0.48837825533305146,-0.015512141565091678,-0.003610939237005545,0.25373815073815054,0.2,0.5420000000000001
89,PSD_REGION_ABSOLUTE,ds006036__EO_or_photomark,AD_FTD_vs_CN,46,20,0.6895878367824292,0.7588621134698594,0.7536109708176332,-0.005251142652226032,0.06402313403520393,0.750175336060783,0.766304347826087,0.7597826086956522,-0.0065217391304347675,0.009607272634869008,0.4782095374593268,0.5686030830011239,0.547686042801502,-0.02091704019962195,0.06947650534217517,0.33081290931290924,0.2792207792207792,0.5724444444444442
89,PSD_REGION_ABSOLUTE,ds006036__EO_or_photomark,AD_vs_CN,36,20,0.7406512791172641,0.7720694510845568,0.744809859867286,-0.027259591217271,0.0041585807500215954,0.7632183908045979,0.7791666666666667,0.7541666666666665,-0.024999999999999984,-0.009051724137931033,0.5512020459290409,0.5911801993152782,0.5492793444862915,-0.04190085482898675,-0.0019227014427494887,0.3598099123099122,0.38461538461538464,0.6597777777777776
89,PSD_REGION_ABSOLUTE,ds006036__EO_or_photomark,CN_vs_FTD,30,20,0.6971671013639449,0.7275401412153333,0.7017527609137264,-0.025787380301606676,0.004585659549781534,0.7003373313343327,0.7366666666666666,0.7083333333333331,-0.028333333333333315,0.007996001999000506,0.4580854129548431,0.5059078285975637,0.4345676339970458,-0.07134019460051802,-0.02351777895779745,0.3648766511266512,0.358974358974359,0.5917777777777778
90,PSD_ABSOLUTE_CHANNEL_BAND,ds004504__EC,AD_FTD_vs_CN,46,20,0.7514211727263497,0.7609319584879899,0.7573293572611624,-0.0036026012268279006,0.005908184534812455,0.7847749853886616,0.7630434782608696,0.7597826086956522,-0.0032608695652173725,-0.02499237669300942,0.5373508102617003,0.5353830391374246,0.5278265950468458,-0.0075564440905787535,-0.009524215214854456,0.17449122772652179,0.18333333333333335,0.356222222222222
90,PSD_ABSOLUTE_CHANNEL_BAND,ds004504__EC,AD_vs_CN,36,20,0.7836115951114164,0.7535076569801122,0.7081420589848078,-0.04536559799530436,-0.07546953612660849,0.7911159003831418,0.7555555555555554,0.7124999999999999,-0.043055555555555555,-0.07861590038314173,0.5811321623428458,0.5191882185507637,0.43967206768927963,-0.07951615086148424,-0.14146009465356624,0.26540168165168143,0.26136363636363635,0.5073333333333333
90,PSD_ABSOLUTE_CHANNEL_BAND,ds004504__EC,CN_vs_FTD,30,20,0.7508459355660262,0.7542005563335489,0.6574254557096073,-0.09677510062394148,-0.09342047985641895,0.7482383808095953,0.7583333333333335,0.6616666666666665,-0.09666666666666666,-0.08657171414292855,0.5330553015141499,0.5355504030221898,0.33124106367177925,-0.2043093393504106,-0.20181423784237068,0.17475663552134132,0.16666666666666666,0.34577777777777746
90,PSD_ABSOLUTE_CHANNEL_BAND,ds006036__EO_or_photomark,AD_FTD_vs_CN,46,20,0.7616482251411292,0.7686389105341246,0.7736090538630542,0.004970143328929555,0.011960828721925087,0.7755260081823494,0.7695652173913043,0.773913043478261,0.00434782608695653,-0.001612964704088632,0.5312714262543523,0.5434849651695137,0.5490816074580824,0.005596642288568612,0.017810181203730197,0.2797070609129433,0.2727272727272727,0.5080000000000002
90,PSD_ABSOLUTE_CHANNEL_BAND,ds006036__EO_or_photomark,AD_vs_CN,36,20,0.7626391212349524,0.7367423932990883,0.7586326261038996,0.02189023280481135,-0.004006495131052562,0.7656848659003832,0.7375,0.7597222222222222,0.02222222222222222,-0.005962643678160906,0.5292697177533573,0.47737349365638215,0.5238108540792026,0.04643736042282024,-0.005458863674154884,0.12399763635057746,0.1111111111111111,0.2666666666666665
90,PSD_ABSOLUTE_CHANNEL_BAND,ds006036__EO_or_photomark,CN_vs_FTD,30,20,0.8114509144347595,0.8042848607305645,0.7374310789689601,-0.0668537817616042,-0.07401983546579952,0.812031484257871,0.805,0.7383333333333335,-0.06666666666666667,-0.07369815092453776,0.6266972756714023,0.6142662674127595,0.47972393916176054,-0.13454232825099913,-0.14697333650964176,0.18482572003160236,0.16666666666666666,0.43377777777777793
90,PSD_REGION_ABSOLUTE,ds004504__EC,AD_FTD_vs_CN,46,20,0.7009026994926423,0.7102364453587182,0.8446284034399557,0.13439195808123755,0.1437257039473136,0.7665546464056108,0.7260869565217392,0.8456521739130434,0.11956521739130432,0.07909752750743274,0.5118202181071633,0.5114903155651525,0.6993082784087024,0.1878179628435499,0.18748806030153914,0.23559762459762432,0.2,0.45000000000000023
90,PSD_REGION_ABSOLUTE,ds004504__EC,AD_vs_CN,36,20,0.7652554122221629,0.7024394550393028,0.6938615905664693,-0.008577864472833546,-0.07139382165569357,0.7870929118773947,0.7194444444444443,0.7041666666666665,-0.015277777777777762,-0.082926245210728,0.5991327263043457,0.49736641368293366,0.43492277333522517,-0.06244364034770842,-0.1642099529691204,0.345749306249306,0.3333333333333333,0.6448888888888886
90,PSD_REGION_ABSOLUTE,ds004504__EC,CN_vs_FTD,30,20,0.739249417220629,0.7521836522134362,0.7129258200583077,-0.03925783215512847,-0.026323597162321234,0.7374062968515742,0.7550000000000001,0.7216666666666665,-0.03333333333333331,-0.01573963018490752,0.4919891945700571,0.5199153892907675,0.4745815855304089,-0.04533380376035859,-0.017407609039648123,0.27296608946608925,0.2,0.5426666666666667
90,PSD_REGION_ABSOLUTE,ds006036__EO_or_photomark,AD_FTD_vs_CN,46,20,0.6895878367824292,0.7595107113657231,0.789687235300443,0.030176523934719805,0.1000993985180136,0.750175336060783,0.7652173913043478,0.7967391304347825,0.031521739130434795,0.04656379437399943,0.4782095374593268,0.5563072843351743,0.636083039574421,0.07977575523924677,0.1578735021150943,0.31558799533799514,0.2857142857142857,0.5604444444444443
90,PSD_REGION_ABSOLUTE,ds006036__EO_or_photomark,AD_vs_CN,36,20,0.7406512791172641,0.7382365541614521,0.7048604158575349,-0.033376138303916864,-0.0357908632597293,0.7632183908045979,0.7486111111111111,0.7166666666666666,-0.031944444444444456,-0.04655172413793105,0.5512020459290409,0.5363254835892047,0.46806499083816844,-0.06826049275103624,-0.0831370550908723,0.3408438783438783,0.2857142857142857,0.6293333333333331
90,PSD_REGION_ABSOLUTE,ds006036__EO_or_photomark,CN_vs_FTD,30,20,0.6971671013639449,0.7291148018488174,0.7084159761481343,-0.020698825700682995,0.011248874784189377,0.7003373313343327,0.7383333333333331,0.7166666666666667,-0.02166666666666664,0.016329335332333845,0.4580854129548431,0.509982093609713,0.45667393248408217,-0.05330816112563088,-0.0014114804707610145,0.3378970196470196,0.3333333333333333,0.5760000000000001
91,PSD_ABSOLUTE_CHANNEL_BAND,ds004504__EC,AD_FTD_vs_CN,48,20,0.7514211727263497,0.7953564669551804,0.7875591257188039,-0.007797341236376492,0.03613795299245407,0.7847749853886616,0.7958333333333333,0.7895833333333333,-0.006250000000000017,0.004808347944671743,0.5373508102617003,0.5940643145700595,0.5901227212217997,-0.003941593348259947,0.05277191096009939,0.21544226851579779,0.2,0.3826666666666665
91,PSD_ABSOLUTE_CHANNEL_BAND,ds004504__EC,AD_vs_CN,36,20,0.7836115951114164,0.7932072253802129,0.7962262566793414,0.003019031299128433,0.012614661567924994,0.7911159003831418,0.7944444444444445,0.7972222222222223,0.00277777777777779,0.00610632183908047,0.5811321623428458,0.5949436833940089,0.5994384319752415,0.004494748581232502,0.018306269632395726,0.22531281463634398,0.2,0.44111111111111095
91,PSD_ABSOLUTE_CHANNEL_BAND,ds004504__EC,CN_vs_FTD,30,20,0.7508459355660262,0.7574075889523461,0.7458471644210128,-0.011560424531333203,-0.004998771145013353,0.7482383808095953,0.7616666666666668,0.7499999999999999,-0.011666666666666681,0.0017616191904048061,0.5330553015141499,0.5433715993749548,0.5164647059469624,-0.02690689342799245,-0.01659059556718762,0.1340221151397621,0.125,0.26977777777777745
91,PSD_ABSOLUTE_CHANNEL_BAND,ds006036__EO_or_photomark,AD_FTD_vs_CN,48,20,0.7616482251411292,0.7705985884332148,0.770330535441641,-0.00026805299157383613,0.00868231030051187,0.7755260081823494,0.7708333333333334,0.7708333333333333,1.1102230246251566e-17,-0.004692674849016176,0.5312714262543523,0.5427340371606786,0.5440687083029061,0.0013346711422276946,0.012797282048554046,0.1986691445809092,0.16666666666666666,0.39488888888888884
91,PSD_ABSOLUTE_CHANNEL_BAND,ds006036__EO_or_photomark,AD_vs_CN,36,20,0.7626391212349524,0.7353438519005469,0.7662966683090522,0.030952816408505245,0.0036575470740999316,0.7656848659003832,0.7361111111111112,0.7666666666666666,0.03055555555555555,0.0009818007662835359,0.5292697177533573,0.47463438566196403,0.5349622254688995,0.060327839806935554,0.005692507715542231,0.15947934092051738,0.16666666666666666,0.33644444444444427
91,PSD_ABSOLUTE_CHANNEL_BAND,ds006036__EO_or_photomark,CN_vs_FTD,30,20,0.8114509144347595,0.782188980392622,0.7575287577025621,-0.02466022269005976,-0.053922156732197725,0.812031484257871,0.7833333333333334,0.7583333333333334,-0.02500000000000003,-0.05369815092453776,0.6266972756714023,0.5723560344112644,0.5205706856083742,-0.05178534880289034,-0.10612659006302823,0.18522104692692917,0.18333333333333335,0.40333333333333315
91,PSD_REGION_ABSOLUTE,ds004504__EC,AD_FTD_vs_CN,48,20,0.7009026994926423,0.8132957390626517,0.8450248150239839,0.031729075961332086,0.14412211553134163,0.7665546464056108,0.8166666666666668,0.846875,0.030208333333333337,0.08032035359438927,0.5118202181071633,0.657434447790686,0.7087458697504204,0.05131142195973435,0.1969256516432571,0.45072693972694006,0.42857142857142855,0.7495555555555551
91,PSD_REGION_ABSOLUTE,ds004504__EC,AD_vs_CN,36,20,0.7652554122221629,0.7398762628144259,0.7112508394659749,-0.028625423348450935,-0.05400457275618814,0.7870929118773947,0.7513888888888889,0.7166666666666666,-0.03472222222222224,-0.07042624521072798,0.5991327263043457,0.5504830073537417,0.44691217478316325,-0.10357083257057842,-0.15222055152118236,0.37118725718725737,0.3333333333333333,0.6568888888888889
91,PSD_REGION_ABSOLUTE,ds004504__EC,CN_vs_FTD,30,20,0.739249417220629,0.7586777087830466,0.7204507371505532,-0.03822697163249321,-0.018798680070075652,0.7374062968515742,0.7616666666666667,0.7300000000000001,-0.031666666666666635,-0.007406296851574174,0.4919891945700571,0.5344435642585326,0.4976883727736688,-0.03675519148486381,0.005699178203611604,0.20910461760461746,0.2,0.5137777777777779
91,PSD_REGION_ABSOLUTE,ds006036__EO_or_photomark,AD_FTD_vs_CN,48,20,0.6895878367824292,0.718309915888546,0.75050485929752,0.03219494340897403,0.06091702251509086,0.750175336060783,0.73125,0.7572916666666667,0.026041666666666692,0.0071163306058834915,0.4782095374593268,0.5107579501027311,0.5442294642610052,0.03347151415827401,0.06601992680167833,0.2561332556332555,0.25,0.46688888888888885
91,PSD_REGION_ABSOLUTE,ds006036__EO_or_photomark,AD_vs_CN,36,20,0.7406512791172641,0.7618665666497866,0.7517640404422476,-0.010102526207539281,0.011112761324983183,0.7632183908045979,0.7694444444444444,0.7569444444444445,-0.012499999999999994,-0.006273946360153254,0.5512020459290409,0.5720419641286354,0.5345514251128022,-0.0374905390158331,-0.016650620816238536,0.3995655455655456,0.4,0.6586666666666663
91,PSD_REGION_ABSOLUTE,ds006036__EO_or_photomark,CN_vs_FTD,30,20,0.6971671013639449,0.7104606369972842,0.7202192999533141,0.009758662956030072,0.023052198589369178,0.7003373313343327,0.7183333333333335,0.7250000000000001,0.006666666666666638,0.024662668665667152,0.4580854129548431,0.4603622151975659,0.46553437914375245,0.0051721639461864005,0.0074489661889092645,0.36725335775335766,0.3333333333333333,0.5768888888888887
92,PSD_ABSOLUTE_CHANNEL_BAND,ds004504__EC,AD_FTD_vs_CN,48,20,0.7514211727263497,0.8026264893664321,0.7898961023259907,-0.01273038704044141,0.038474929599640995,0.7847749853886616,0.803125,0.7906249999999998,-0.012500000000000016,0.005850014611338411,0.5373508102617003,0.6087039626437019,0.585520501070383,-0.02318346157331878,0.048169690808682865,0.17321760429113361,0.16666666666666666,0.33577777777777756
92,PSD_ABSOLUTE_CHANNEL_BAND,ds004504__EC,AD_vs_CN,36,20,0.7836115951114164,0.7519638033432743,0.7248333014882606,-0.027130501855013894,-0.05877829362315583,0.7911159003831418,0.7541666666666668,0.7291666666666667,-0.025000000000000005,-0.06194923371647511,0.5811321623428458,0.5160784536374792,0.4726644926055775,-0.043413961031901746,-0.10846766973726818,0.2795242698477991,0.2727272727272727,0.5151111111111111
92,PSD_ABSOLUTE_CHANNEL_BAND,ds004504__EC,CN_vs_FTD,30,20,0.7508459355660262,0.7606218868277694,0.7230431971691542,-0.037578689658615105,-0.027802738396872067,0.7482383808095953,0.7649999999999999,0.7249999999999999,-0.040000000000000015,-0.023238380809595217,0.5330553015141499,0.5496612785550454,0.45714762431724676,-0.09251365423779866,-0.07590767719690306,0.1589579097373215,0.14285714285714285,0.31688888888888866
92,PSD_ABSOLUTE_CHANNEL_BAND,ds006036__EO_or_photomark,AD_FTD_vs_CN,48,20,0.7616482251411292,0.7972569163809765,0.7923760347493916,-0.00488088163158496,0.03072780960826251,0.7755260081823494,0.7979166666666666,0.7927083333333333,-0.005208333333333348,0.017182325150983817,0.5312714262543523,0.5997083371315349,0.5872747007119851,-0.012433636419549846,0.0560032744576329,0.22712208869561798,0.2,0.4435555555555556
92,PSD_ABSOLUTE_CHANNEL_BAND,ds006036__EO_or_photomark,AD_vs_CN,36,20,0.7626391212349524,0.7719101982259875,0.7722289496289271,0.00031875140293955996,0.009589828393974991,0.7656848659003832,0.7722222222222224,0.773611111111111,0.0013888888888888896,0.007926245210727989,0.5292697177533573,0.545683000943631,0.5531664833617274,0.007483482418096557,0.02389676560837007,0.1833446618740736,0.16666666666666666,0.3895555555555555
92,PSD_ABSOLUTE_CHANNEL_BAND,ds006036__EO_or_photomark,CN_vs_FTD,30,20,0.8114509144347595,0.8109329882796933,0.77751264857813,-0.033420339701563107,-0.0339382658566298,0.812031484257871,0.8116666666666669,0.7783333333333335,-0.03333333333333333,-0.03369815092453773,0.6266972756714023,0.6277482445575322,0.5602924512363756,-0.06745579332115677,-0.06640482443502663,0.18548308064484526,0.18333333333333335,0.42999999999999994
92,PSD_REGION_ABSOLUTE,ds004504__EC,AD_FTD_vs_CN,48,20,0.7009026994926423,0.7769617047903895,0.8146463362313128,0.03768463144092335,0.11374363673867072,0.7665546464056108,0.7833333333333334,0.8156249999999998,0.03229166666666669,0.04907035359438926,0.5118202181071633,0.6016142406387944,0.637867416617853,0.03625317597905853,0.12604719851068982,0.3991365856365859,0.358974358974359,0.6473333333333329
92,PSD_REGION_ABSOLUTE,ds004504__EC,AD_vs_CN,36,20,0.7652554122221629,0.7314680870905181,0.7621010366187178,0.030632949528199623,-0.003154375603445164,0.7870929118773947,0.7444444444444444,0.7680555555555555,0.023611111111111104,-0.019037356321839106,0.5991327263043457,0.5396406555053069,0.5641656720144576,0.0245250165091506,-0.03496705428988806,0.28660900210900203,0.2727272727272727,0.556
92,PSD_REGION_ABSOLUTE,ds004504__EC,CN_vs_FTD,30,20,0.739249417220629,0.7605051372758631,0.7500750647772706,-0.01043007249859228,0.010825647556641772,0.7374062968515742,0.7633333333333334,0.7550000000000001,-0.008333333333333337,0.017593703148425798,0.4919891945700571,0.5363512244156257,0.5310280258114687,-0.005323198604156925,0.03903883124141154,0.23582547028135237,0.2,0.5346666666666668
92,PSD_REGION_ABSOLUTE,ds006036__EO_or_photomark,AD_FTD_vs_CN,48,20,0.6895878367824292,0.7482869701126708,0.7737662408903802,0.025479270777709194,0.08417840410795085,0.750175336060783,0.75625,0.7791666666666666,0.02291666666666666,0.028991330605883475,0.4782095374593268,0.5476191231210208,0.5841531841999512,0.0365340610789305,0.10594364674062447,0.2589602619602619,0.225,0.48155555555555535
92,PSD_REGION_ABSOLUTE,ds006036__EO_or_photomark,AD_vs_CN,36,20,0.7406512791172641,0.7543643989,0.8008952390739539,0.04653084017395398,0.060243959956689665,0.7632183908045979,0.7652777777777777,0.8055555555555556,0.04027777777777778,0.042337164750957855,0.5512020459290409,0.578720033203634,0.6404955179980708,0.06177548479443693,0.08929347206903004,0.29413947163947163,0.2727272727272727,0.5526666666666662
92,PSD_REGION_ABSOLUTE,ds006036__EO_or_photomark,CN_vs_FTD,30,20,0.6971671013639449,0.7104606369972842,0.7454325518704242,0.03497191487314007,0.04826545050647917,0.7003373313343327,0.7183333333333335,0.7483333333333336,0.02999999999999998,0.0479960019990005,0.4580854129548431,0.4603622151975659,0.5069485770877324,0.04658636189016654,0.048863164132889415,0.34149794649794635,0.2857142857142857,0.5211111111111109
93,PSD_ABSOLUTE_CHANNEL_BAND,ds004504__EC,AD_FTD_vs_CN,48,20,0.7514211727263497,0.7836574878590563,0.76443832507778,-0.01921916278127625,0.013017152351430283,0.7847749853886616,0.784375,0.7677083333333334,-0.01666666666666668,-0.017066652055328264,0.5373508102617003,0.5721866191458106,0.5524561407938346,-0.01973047835197616,0.015105330532134286,0.1652216149863208,0.125,0.3271111111111108
93,PSD_ABSOLUTE_CHANNEL_BAND,ds004504__EC,AD_vs_CN,36,20,0.7836115951114164,0.7535076569801122,0.7217510831603015,-0.03175657381981079,-0.06186051195111494,0.7911159003831418,0.7555555555555554,0.725,-0.03055555555555554,-0.06611590038314175,0.5811321623428458,0.5191882185507637,0.46068646923512524,-0.05850174931563855,-0.12044569310772058,0.21282000189353126,0.2,0.4404444444444444
93,PSD_ABSOLUTE_CHANNEL_BAND,ds004504__EC,CN_vs_FTD,30,20,0.7508459355660262,0.7463846757817347,0.6883868299411766,-0.057997845840557935,-0.062459105624849506,0.7482383808095953,0.7499999999999998,0.6916666666666667,-0.05833333333333331,-0.05657171414292853,0.5330553015141499,0.514982103594989,0.39219656503071815,-0.12278553856427073,-0.14085873648343178,0.15190793846676195,0.125,0.31244444444444414
93,PSD_ABSOLUTE_CHANNEL_BAND,ds006036__EO_or_photomark,AD_FTD_vs_CN,48,20,0.7616482251411292,0.7465881498143505,0.728819541322542,-0.017768608491808703,-0.032828683818587126,0.7755260081823494,0.746875,0.7291666666666667,-0.017708333333333316,-0.04635934151568284,0.5312714262543523,0.4948260210401103,0.4594726706894815,-0.03535335035062887,-0.07179875556487067,0.19462989624754318,0.2,0.3895555555555555
93,PSD_ABSOLUTE_CHANNEL_BAND,ds006036__EO_or_photomark,AD_vs_CN,36,20,0.7626391212349524,0.7367423932990883,0.772518944124312,0.03577655082522378,0.009879822889359869,0.7656848659003832,0.7375,0.7736111111111112,0.036111111111111115,0.007926245210727989,0.5292697177533573,0.47737349365638215,0.5519067865326011,0.07453329287621865,0.022637068779243548,0.11843854837972484,0.09090909090909091,0.2535555555555554
93,PSD_ABSOLUTE_CHANNEL_BAND,ds006036__EO_or_photomark,CN_vs_FTD,30,20,0.8114509144347595,0.8042848607305645,0.7995873887652949,-0.00469747196526954,-0.011863525669464886,0.812031484257871,0.805,0.8,-0.004999999999999993,-0.012031484257871056,0.6266972756714023,0.6142662674127595,0.6023824546865886,-0.011883812726171089,-0.02431482098481371,0.16507859460800628,0.14285714285714285,0.44488888888888894
93,PSD_REGION_ABSOLUTE,ds004504__EC,AD_FTD_vs_CN,48,20,0.7009026994926423,0.7863490675845288,0.8457770890653287,0.05942802148079982,0.14487438957268645,0.7665546464056108,0.7916666666666666,0.846875,0.05520833333333336,0.08032035359438928,0.5118202181071633,0.6153491450535945,0.7008141067729127,0.08546496171931814,0.18899388866574945,0.3719141414141415,0.3333333333333333,0.6406666666666664
93,PSD_REGION_ABSOLUTE,ds004504__EC,AD_vs_CN,36,20,0.7652554122221629,0.7024394550393028,0.7314969349305326,0.029057479891229553,-0.033758477291630465,0.7870929118773947,0.7194444444444443,0.7375,0.018055555555555585,-0.04959291187739463,0.5991327263043457,0.49736641368293366,0.4972172089966108,-0.0001492046863229568,-0.10191551730773489,0.3769724164724164,0.358974358974359,0.674444444444444
93,PSD_REGION_ABSOLUTE,ds004504__EC,CN_vs_FTD,30,20,0.739249417220629,0.761851170300391,0.7314469708022292,-0.030404199498161682,-0.007802446418399711,0.7374062968515742,0.7650000000000001,0.7366666666666667,-0.028333333333333342,-0.0007396301849075359,0.4919891945700571,0.5422569529570829,0.4972668501842197,-0.044990102772863264,0.005277655614162524,0.2209091464091463,0.2,0.5417777777777778
93,PSD_REGION_ABSOLUTE,ds006036__EO_or_photomark,AD_FTD_vs_CN,48,20,0.6895878367824292,0.7245886353123485,0.7294228993770122,0.004834264064663679,0.03983506259458302,0.750175336060783,0.7354166666666667,0.7374999999999999,0.002083333333333326,-0.012675336060783176,0.4782095374593268,0.512079466499088,0.5051170427273146,-0.006962423771773451,0.02690750526798788,0.32661211011210994,0.2727272727272727,0.5539999999999998
93,PSD_REGION_ABSOLUTE,ds006036__EO_or_photomark,AD_vs_CN,36,20,0.7406512791172641,0.7382365541614521,0.6916276927706131,-0.04660886139083866,-0.0490235863466511,0.7632183908045979,0.7486111111111111,0.7069444444444445,-0.04166666666666669,-0.05627394636015328,0.5512020459290409,0.5363254835892047,0.4559590596384745,-0.08036642395073026,-0.09524298629056631,0.3253986846486846,0.2727272727272727,0.6135555555555553
93,PSD_REGION_ABSOLUTE,ds006036__EO_or_photomark,CN_vs_FTD,30,20,0.6971671013639449,0.7291148018488174,0.7312282644018041,0.002113462552986839,0.03406116303785921,0.7003373313343327,0.7383333333333331,0.7366666666666667,-0.0016666666666666607,0.036329335332333824,0.4580854129548431,0.509982093609713,0.4919523422668798,-0.018029751342833293,0.033866929312036574,0.40386568986568994,0.38461538461538464,0.6017777777777779
94,PSD_ABSOLUTE_CHANNEL_BAND,ds004504__EC,AD_FTD_vs_CN,48,20,0.7514211727263497,0.7375465597789084,0.7180978263547949,-0.01944873342411333,-0.03332334637155475,0.7847749853886616,0.7395833333333333,0.7239583333333333,-0.015625,-0.06081665205532825,0.5373508102617003,0.48744091922581056,0.4655884534904414,-0.02185246573536913,-0.07176235677125872,0.17224710093827728,0.16666666666666666,0.3348888888888887
94,PSD_ABSOLUTE_CHANNEL_BAND,ds004504__EC,AD_vs_CN,36,20,0.7836115951114164,0.7851176525973352,0.8023880733942654,0.017270420796930086,0.018776478282848907,0.7911159003831418,0.7861111111111111,0.8027777777777777,0.0166666666666667,0.011661877394636038,0.5811321623428458,0.5767097187734103,0.6072635428095271,0.03055382403611675,0.026131380466681266,0.19451299354240523,0.16666666666666666,0.37355555555555553
94,PSD_ABSOLUTE_CHANNEL_BAND,ds004504__EC,CN_vs_FTD,30,20,0.7508459355660262,0.7510900985333526,0.6743485428159863,-0.0767415557173663,-0.07649739275003994,0.7482383808095953,0.7550000000000001,0.6783333333333333,-0.07666666666666669,-0.06990504747626186,0.5330553015141499,0.5270241155299532,0.3666483056581006,-0.16037580987185257,-0.1664069958560493,0.15129332105802692,0.125,0.3111111111111109
94,PSD_ABSOLUTE_CHANNEL_BAND,ds006036__EO_or_photomark,AD_FTD_vs_CN,48,20,0.7616482251411292,0.7996085937770264,0.7924875341440923,-0.00712105963293394,0.03083930900296334,0.7755260081823494,0.8,0.7927083333333333,-0.007291666666666674,0.017182325150983828,0.5312714262543523,0.6022893467519134,0.5864978676090871,-0.015791479142826303,0.05522644135473499,0.2428212343212343,0.225,0.44444444444444464
94,PSD_ABSOLUTE_CHANNEL_BAND,ds006036__EO_or_photomark,AD_vs_CN,36,20,0.7626391212349524,0.7453669209861159,0.8037521346809273,0.058385213694811235,0.04111301344597499,0.7656848659003832,0.7458333333333333,0.8041666666666666,0.05833333333333335,0.03848180076628356,0.5292697177533573,0.49330577902249895,0.6106497944748758,0.1173440154523769,0.08138007672151841,0.1445905662964486,0.14285714285714285,0.31333333333333313
94,PSD_ABSOLUTE_CHANNEL_BAND,ds006036__EO_or_photomark,CN_vs_FTD,30,20,0.8114509144347595,0.8409979480009296,0.8529488183140119,0.01195087031308239,0.04149790387925201,0.812031484257871,0.841666666666667,0.8533333333333335,0.011666666666666676,0.04130184907546229,0.6266972756714023,0.6880509451601199,0.7103488058011788,0.022297860641058712,0.08365153012977654,0.20598716969305195,0.2,0.47666666666666674
94,PSD_REGION_ABSOLUTE,ds004504__EC,AD_FTD_vs_CN,48,20,0.7009026994926423,0.6954022068576162,0.7721308839170853,0.07672867705946884,0.07122818442444291,0.7665546464056108,0.7125,0.7770833333333333,0.06458333333333334,0.010528686927722575,0.5118202181071633,0.4836548276260463,0.5796182162415563,0.09596338861550989,0.06779799813439295,0.4000873015873017,0.3333333333333333,0.6737777777777778
94,PSD_REGION_ABSOLUTE,ds004504__EC,AD_vs_CN,36,20,0.7652554122221629,0.7398762628144259,0.7505076478696917,0.010631385055265747,-0.01474776435247146,0.7870929118773947,0.7513888888888889,0.7541666666666667,0.002777777777777779,-0.03292624521072798,0.5991327263043457,0.5504830073537417,0.5205139220004571,-0.029969085353284575,-0.07861880430388848,0.3791878121878122,0.3333333333333333,0.7015555555555555
94,PSD_REGION_ABSOLUTE,ds004504__EC,CN_vs_FTD,30,20,0.739249417220629,0.7524980932417507,0.7255023681830222,-0.026995725058728402,-0.013747049037606868,0.7374062968515742,0.7550000000000001,0.7316666666666664,-0.023333333333333317,-0.0057396301849075345,0.4919891945700571,0.5182165748270741,0.4874070114887138,-0.030809563338360248,-0.00458218308134328,0.24430000555000536,0.2,0.5440000000000002
94,PSD_REGION_ABSOLUTE,ds006036__EO_or_photomark,AD_FTD_vs_CN,48,20,0.6895878367824292,0.7530781898248768,0.7724188996104542,0.01934070978557721,0.08283106282802481,0.750175336060783,0.7614583333333333,0.7791666666666666,0.017708333333333364,0.028991330605883513,0.4782095374593268,0.5614047343511016,0.5935765201463917,0.032171785795290085,0.11536698268706498,0.2280059940059939,0.2,0.44755555555555554
94,PSD_REGION_ABSOLUTE,ds006036__EO_or_photomark,AD_vs_CN,36,20,0.7406512791172641,0.7644586057253864,0.7767484510426984,0.012289845317312064,0.03609717192543414,0.7632183908045979,0.7722222222222223,0.7833333333333334,0.0111111111111111,0.020114942528735618,0.5512020459290409,0.5794465822801482,0.5994109922230052,0.01996440994285704,0.04820894629396437,0.3867673437673439,0.4,0.674
94,PSD_REGION_ABSOLUTE,ds006036__EO_or_photomark,CN_vs_FTD,30,20,0.6971671013639449,0.7275401412153333,0.7363258877126084,0.008785746497275187,0.0391587863486634,0.7003373313343327,0.7366666666666666,0.7383333333333332,0.001666666666666683,0.03799600199900051,0.4580854129548431,0.5059078285975637,0.48269542909354024,-0.023212399504023394,0.024610016138697184,0.34346703296703296,0.30952380952380953,0.5777777777777776
95,PSD_ABSOLUTE_CHANNEL_BAND,ds004504__EC,AD_FTD_vs_CN,46,20,0.7514211727263497,0.7973348062541916,0.8001662428263533,0.002831436572161761,0.048745070100003535,0.7847749853886616,0.7978260869565218,0.8021739130434783,0.004347826086956519,0.017398927654816664,0.5373508102617003,0.598170604590945,0.6172340543230048,0.019063449732059954,0.0798832440613047,0.17992295612883852,0.16666666666666666,0.3717777777777777
95,PSD_ABSOLUTE_CHANNEL_BAND,ds004504__EC,AD_vs_CN,36,20,0.7836115951114164,0.8339019114647984,0.8776897330767299,0.043787821611931524,0.09407813796531356,0.7911159003831418,0.8347222222222224,0.8777777777777779,0.04305555555555554,0.08666187739463599,0.5811321623428458,0.6750455140107936,0.7565984792802568,0.08155296526946305,0.1754663169374109,0.18653292785645717,0.18333333333333335,0.37422222222222223
95,PSD_ABSOLUTE_CHANNEL_BAND,ds004504__EC,CN_vs_FTD,30,20,0.7508459355660262,0.7510900985333526,0.6754976663857202,-0.07559243214763241,-0.07534826918030606,0.7482383808095953,0.7550000000000001,0.6799999999999998,-0.07499999999999998,-0.06823838080959518,0.5330553015141499,0.5270241155299532,0.3699992030156562,-0.15702491251429707,-0.16305609849849384,0.1468025879349408,0.125,0.2973333333333331
95,PSD_ABSOLUTE_CHANNEL_BAND,ds006036__EO_or_photomark,AD_FTD_vs_CN,46,20,0.7616482251411292,0.7962235357057257,0.7812191903441706,-0.01500434536155465,0.019570965203041683,0.7755260081823494,0.7967391304347825,0.7815217391304349,-0.015217391304347832,0.005995730948085265,0.5312714262543523,0.5964277451985665,0.5646435285398836,-0.03178421665868285,0.0333721022855315,0.27080146650734865,0.2727272727272727,0.5013333333333334
95,PSD_ABSOLUTE_CHANNEL_BAND,ds006036__EO_or_photomark,AD_vs_CN,36,20,0.7626391212349524,0.7633856533769459,0.7642573401748212,0.0008716867978752763,0.0016182189398689594,0.7656848659003832,0.7638888888888891,0.765277777777778,0.0013888888888888783,-0.00040708812260535355,0.5292697177533573,0.5296777948004797,0.5355021666651506,0.005824371864670904,0.006232448911793201,0.13491786644727813,0.125,0.30311111111111083
95,PSD_ABSOLUTE_CHANNEL_BAND,ds006036__EO_or_photomark,CN_vs_FTD,30,20,0.8114509144347595,0.8409979480009296,0.8613396204037155,0.02034167240278606,0.04988870596895568,0.812031484257871,0.841666666666667,0.8616666666666669,0.020000000000000007,0.04963518240879562,0.6266972756714023,0.6880509451601199,0.7269208955413168,0.03886995038119674,0.10022361986991454,0.21418955064543294,0.2,0.49244444444444424
95,PSD_REGION_ABSOLUTE,ds004504__EC,AD_FTD_vs_CN,46,20,0.7009026994926423,0.7486878902113233,0.8447829510176265,0.09609506080630312,0.1438802515249843,0.7665546464056108,0.757608695652174,0.8456521739130434,0.08804347826086958,0.07909752750743274,0.5118202181071633,0.55763846572638,0.6988352990988881,0.14119683337250816,0.18701508099172492,0.3557272727272726,0.3333333333333333,0.6399999999999997
95,PSD_REGION_ABSOLUTE,ds004504__EC,AD_vs_CN,36,20,0.7652554122221629,0.7867530318020998,0.7907307872104383,0.003977755408338507,0.025475374988275255,0.7870929118773947,0.7958333333333332,0.7930555555555555,-0.0027777777777777844,0.005962643678160901,0.5991327263043457,0.6426529213275071,0.5984569995422343,-0.044195921785272776,-0.0006757267621112173,0.3550739260739259,0.3333333333333333,0.6668888888888889
95,PSD_REGION_ABSOLUTE,ds004504__EC,CN_vs_FTD,30,20,0.739249417220629,0.7524980932417507,0.7284781765926258,-0.024019916649124756,-0.01077124062800322,0.7374062968515742,0.7550000000000001,0.7316666666666667,-0.023333333333333317,-0.0057396301849075345,0.4919891945700571,0.5182165748270741,0.4744008298257353,-0.043815745001338856,-0.017588364744321894,0.2410581640581638,0.2,0.5642222222222224
95,PSD_REGION_ABSOLUTE,ds006036__EO_or_photomark,AD_FTD_vs_CN,46,20,0.6895878367824292,0.7696135762214193,0.7560679994431238,-0.013545576778295704,0.06648016266069427,0.750175336060783,0.776086956521739,0.7641304347826087,-0.011956521739130426,0.013955098721825526,0.4782095374593268,0.5846694662942922,0.5666683336973333,-0.01800113259695875,0.08845879623800654,0.3482648462648463,0.2857142857142857,0.5642222222222223
95,PSD_REGION_ABSOLUTE,ds006036__EO_or_photomark,AD_vs_CN,36,20,0.7406512791172641,0.7714547928232135,0.765576623463523,-0.0058781693596906435,0.02492534434625864,0.7632183908045979,0.7791666666666667,0.7694444444444444,-0.00972222222222222,0.006226053639846752,0.5512020459290409,0.5945711855528903,0.5545559301423324,-0.04001525541055774,0.0033538842132917607,0.31555000555000545,0.2727272727272727,0.5899999999999997
95,PSD_REGION_ABSOLUTE,ds006036__EO_or_photomark,CN_vs_FTD,30,20,0.6971671013639449,0.7275401412153333,0.7216753230307138,-0.005864818184619247,0.024508221666768963,0.7003373313343327,0.7366666666666666,0.7249999999999999,-0.011666666666666669,0.024662668665667152,0.4580854129548431,0.5059078285975637,0.45960344542678283,-0.046304383170780984,0.0015180324719395982,0.33268126318126323,0.30952380952380953,0.591111111111111
96,PSD_ABSOLUTE_CHANNEL_BAND,ds004504__EC,AD_FTD_vs_CN,50,20,0.7514211727263497,0.7859783317939799,0.7774034984225462,-0.008574833371433787,0.025982325696196358,0.7847749853886616,0.787,0.779,-0.008000000000000007,-0.005774985388661563,0.5373508102617003,0.5789947190099175,0.5661228404040183,-0.012871878605899379,0.028772030142318016,0.13083201765554708,0.125,0.30911111111111084
96,PSD_ABSOLUTE_CHANNEL_BAND,ds004504__EC,AD_vs_CN,36,20,0.7836115951114164,0.7889381035086627,0.759252244800255,-0.029685858708407526,-0.02435935031116141,0.7911159003831418,0.7902777777777779,0.7611111111111111,-0.02916666666666668,-0.030004789272030652,0.5811321623428458,0.5866388991264102,0.5284734566317012,-0.05816544249470894,-0.05265870571114445,0.20500437307790242,0.2,0.4308888888888889
96,PSD_ABSOLUTE_CHANNEL_BAND,ds004504__EC,CN_vs_FTD,30,20,0.7508459355660262,0.7415286742975353,0.6474272077238814,-0.09410146657365379,-0.10341872784214483,0.7482383808095953,0.7449999999999999,0.65,-0.09499999999999996,-0.09823838080959522,0.5330553015141499,0.5043111893943908,0.3039834738986742,-0.2003277154957165,-0.22907182761547568,0.12889109583227223,0.125,0.2739999999999997
96,PSD_ABSOLUTE_CHANNEL_BAND,ds006036__EO_or_photomark,AD_FTD_vs_CN,50,20,0.7616482251411292,0.7724963052287104,0.7294895188102448,-0.04300678641846552,-0.032158706330884364,0.7755260081823494,0.773,0.7300000000000001,-0.04300000000000004,-0.04552600818234953,0.5312714262543523,0.5484721369696453,0.4617423053164747,-0.08672983165317076,-0.06952912093787762,0.2352579071255542,0.2,0.42377777777777775
96,PSD_ABSOLUTE_CHANNEL_BAND,ds006036__EO_or_photomark,AD_vs_CN,36,20,0.7626391212349524,0.7353438519005469,0.7240588177060905,-0.011285034194456211,-0.03858030352886153,0.7656848659003832,0.7361111111111112,0.7263888888888889,-0.00972222222222221,-0.039295977011494225,0.5292697177533573,0.47463438566196403,0.4588225092242678,-0.015811876437696375,-0.0704472085290897,0.1757765535118476,0.15476190476190477,0.36799999999999977
96,PSD_ABSOLUTE_CHANNEL_BAND,ds006036__EO_or_photomark,CN_vs_FTD,30,20,0.8114509144347595,0.8094182878696923,0.7826483797309634,-0.02676990813872888,-0.02880253470379631,0.812031484257871,0.8100000000000003,0.7833333333333334,-0.026666666666666682,-0.028698150924537737,0.6266972756714023,0.623766504335155,0.5698228314793519,-0.05394367285580311,-0.056874444192050254,0.16786888111888115,0.125,0.4291111111111111
96,PSD_REGION_ABSOLUTE,ds004504__EC,AD_FTD_vs_CN,50,20,0.7009026994926423,0.7253100614517112,0.7927856599613443,0.06747559850963322,0.09188296046870228,0.7665546464056108,0.738,0.795,0.05700000000000003,0.028445353594389267,0.5118202181071633,0.5273413143102738,0.6013884320779852,0.07404711776771167,0.08956821397082211,0.4123636363636367,0.4642857142857143,0.703333333333333
96,PSD_REGION_ABSOLUTE,ds004504__EC,AD_vs_CN,36,20,0.7652554122221629,0.7426282471279744,0.788506979042634,0.045878731914659604,0.02325156682047107,0.7870929118773947,0.7541666666666667,0.790277777777778,0.03611111111111112,0.0031848659003831325,0.5991327263043457,0.5560016078345997,0.5887080666976748,0.03270645886307515,-0.010424659606670644,0.23785464535464526,0.2,0.4880000000000001
96,PSD_REGION_ABSOLUTE,ds004504__EC,CN_vs_FTD,30,20,0.739249417220629,0.7279188446896236,0.7141659602906152,-0.013752884399008142,-0.025083456930013508,0.7374062968515742,0.7300000000000001,0.7266666666666666,-0.003333333333333327,-0.010739630184907544,0.4919891945700571,0.465880555162616,0.4990300839217121,0.03314952875909609,0.007040889351655,0.22727489177489157,0.2,0.5126666666666668
96,PSD_REGION_ABSOLUTE,ds006036__EO_or_photomark,AD_FTD_vs_CN,50,20,0.6895878367824292,0.7631970633944698,0.7643333463241467,0.001136282929676813,0.0747455095417175,0.750175336060783,0.7689999999999999,0.772,0.002999999999999997,0.02182466393921683,0.4782095374593268,0.5650545608135499,0.5817205287563726,0.016665967942822726,0.10351099129704577,0.3840653235653236,0.38461538461538464,0.6206666666666666
96,PSD_REGION_ABSOLUTE,ds006036__EO_or_photomark,AD_vs_CN,36,20,0.7406512791172641,0.7634788431935464,0.7648304925289573,0.0013516493354107373,0.02417921341169283,0.7632183908045979,0.7708333333333333,0.7694444444444446,-0.001388888888888884,0.0062260536398467455,0.5512020459290409,0.5745630288063941,0.5603315230333247,-0.014231505773069328,0.00912947710428395,0.3141367521367521,0.2727272727272727,0.5802222222222219
96,PSD_REGION_ABSOLUTE,ds006036__EO_or_photomark,CN_vs_FTD,30,20,0.6971671013639449,0.7291148018488174,0.7244173216489393,-0.0046974801998779184,0.027250220284994454,0.7003373313343327,0.7383333333333331,0.7299999999999999,-0.008333333333333304,0.02966266866566718,0.4580854129548431,0.509982093609713,0.4776955527718834,-0.03228654083782956,0.019610139817040316,0.3989120601620602,0.38461538461538464,0.6093333333333332
97,PSD_ABSOLUTE_CHANNEL_BAND,ds004504__EC,AD_FTD_vs_CN,46,20,0.7514211727263497,0.7424382011628061,0.7553738523330755,0.012935651170269407,0.003952679606725707,0.7847749853886616,0.7445652173913044,0.7608695652173912,0.016304347826086953,-0.023905420171270293,0.5373508102617003,0.49724392564775377,0.5465483026903781,0.049304377042624484,0.00919749242867795,0.15710157816040166,0.125,0.31844444444444414
97,PSD_ABSOLUTE_CHANNEL_BAND,ds004504__EC,AD_vs_CN,36,20,0.7836115951114164,0.754783936052271,0.7366357362143313,-0.018148199837939877,-0.0469758588970851,0.7911159003831418,0.7569444444444444,0.7416666666666666,-0.015277777777777779,-0.049449233716475104,0.5811321623428458,0.5221074089777495,0.5002606237391707,-0.02184678523857882,-0.08087153860367503,0.2553914500532148,0.2727272727272727,0.47333333333333344
97,PSD_ABSOLUTE_CHANNEL_BAND,ds004504__EC,CN_vs_FTD,30,20,0.7508459355660262,0.7542005563335489,0.7153141206900776,-0.03888643564347107,-0.035531814875948545,0.7482383808095953,0.7583333333333335,0.7183333333333332,-0.040000000000000015,-0.02990504747626187,0.5330553015141499,0.5355504030221898,0.4452997331955901,-0.09025066982659964,-0.08775556831855978,0.12963677988677985,0.125,0.2631111111111108
97,PSD_ABSOLUTE_CHANNEL_BAND,ds006036__EO_or_photomark,AD_FTD_vs_CN,46,20,0.7616482251411292,0.7376129655083935,0.6820938969061364,-0.0555190686022571,-0.07955432823499273,0.7755260081823494,0.7380434782608696,0.683695652173913,-0.05434782608695652,-0.09183035600843646,0.5312714262543523,0.47755401051151897,0.37104208850722387,-0.106511922004295,-0.1602293377471283,0.2290435283670577,0.2,0.4188888888888887
97,PSD_ABSOLUTE_CHANNEL_BAND,ds006036__EO_or_photomark,AD_vs_CN,36,20,0.7626391212349524,0.7620635379923304,0.7977042359695222,0.035640697977191785,0.03506511473457008,0.7656848659003832,0.7625000000000001,0.7986111111111114,0.03611111111111111,0.032926245210727983,0.5292697177533573,0.5266059454522175,0.6018381752957265,0.0752322298435091,0.07256845754236918,0.147133242574419,0.125,0.32622222222222197
97,PSD_ABSOLUTE_CHANNEL_BAND,ds006036__EO_or_photomark,CN_vs_FTD,30,20,0.8114509144347595,0.7907446208580027,0.7869954307627991,-0.0037491900952036084,-0.02445548367196072,0.812031484257871,0.7916666666666666,0.7883333333333333,-0.0033333333333333106,-0.02369815092453772,0.6266972756714023,0.5886044105845472,0.5831132188316768,-0.005491191752870436,-0.043584056839725466,0.19470249195249184,0.2,0.427111111111111
97,PSD_REGION_ABSOLUTE,ds004504__EC,AD_FTD_vs_CN,46,20,0.7009026994926423,0.6936890564247274,0.7430694550601162,0.04938039863538873,0.04216675556747399,0.7665546464056108,0.7108695652173912,0.7456521739130435,0.0347826086956522,-0.02090247249256726,0.5118202181071633,0.47969791300583087,0.5011774537982385,0.021479540792407718,-0.010642764308924645,0.33478701853701837,0.30952380952380953,0.6308888888888888
97,PSD_REGION_ABSOLUTE,ds004504__EC,AD_vs_CN,36,20,0.7652554122221629,0.7154194357995963,0.6825615032743859,-0.032857932525210555,-0.08269390894777714,0.7870929118773947,0.7305555555555554,0.6930555555555555,-0.0375,-0.0940373563218391,0.5991327263043457,0.514980064001381,0.410593479079344,-0.104386584922037,-0.1885392472250017,0.32304908979908964,0.3333333333333333,0.6262222222222222
97,PSD_REGION_ABSOLUTE,ds004504__EC,CN_vs_FTD,30,20,0.739249417220629,0.7521836522134362,0.7273385197045146,-0.02484513250892153,-0.011910897516114289,0.7374062968515742,0.7550000000000001,0.7316666666666667,-0.023333333333333334,-0.005739630184907541,0.4919891945700571,0.5199153892907675,0.4798865674146054,-0.040028821876162184,-0.01210262715545172,0.23743833943833928,0.2,0.5724444444444444
97,PSD_REGION_ABSOLUTE,ds006036__EO_or_photomark,AD_FTD_vs_CN,46,20,0.6895878367824292,0.7294265002854872,0.7286090685017982,-0.0008174317836891487,0.03902123171936891,0.750175336060783,0.7380434782608696,0.7402173913043477,0.0021739130434782596,-0.009957944756435366,0.4782095374593268,0.508476843136198,0.5272517228947431,0.01877487975854512,0.0490421854354163,0.3761822899322898,0.38461538461538464,0.5839999999999999
97,PSD_REGION_ABSOLUTE,ds006036__EO_or_photomark,AD_vs_CN,36,20,0.7406512791172641,0.7534798552856005,0.7665827693836252,0.013102914098024849,0.025931490266360935,0.7632183908045979,0.763888888888889,0.7708333333333333,0.006944444444444442,0.0076149425287356295,0.5512020459290409,0.5730973905761186,0.5618222513252871,-0.011275139250831573,0.010620205396246299,0.27038800088800086,0.2727272727272727,0.5344444444444446
97,PSD_REGION_ABSOLUTE,ds006036__EO_or_photomark,CN_vs_FTD,30,20,0.6971671013639449,0.7088837824792531,0.6766026500489078,-0.032281132430344986,-0.02056445131503688,0.7003373313343327,0.7166666666666668,0.6933333333333334,-0.023333333333333355,-0.007003998000999512,0.4580854129548431,0.45656462348544646,0.4219477297780226,-0.034616893707424046,-0.036137683176820645,0.3798975746475749,0.38461538461538464,0.5966666666666667
98,PSD_ABSOLUTE_CHANNEL_BAND,ds004504__EC,AD_FTD_vs_CN,48,20,0.7514211727263497,0.7526860195120486,0.6937092765932518,-0.05897674291879673,-0.05771189613309785,0.7847749853886616,0.7541666666666667,0.7052083333333333,-0.04895833333333332,-0.07956665205532824,0.5373508102617003,0.5149949194884943,0.4443445488622336,-0.07065037062626088,-0.09300626139946666,0.18730545924663558,0.2,0.3408888888888887
98,PSD_ABSOLUTE_CHANNEL_BAND,ds004504__EC,AD_vs_CN,36,20,0.7836115951114164,0.8132493162025016,0.8299669240033017,0.016717607800800248,0.0463553288918853,0.7911159003831418,0.8152777777777777,0.8305555555555555,0.015277777777777769,0.03943965517241377,0.5811321623428458,0.6427905053686342,0.6651646897458499,0.022374184377215507,0.08403252740300404,0.25273508844097065,0.25,0.5033333333333333
98,PSD_ABSOLUTE_CHANNEL_BAND,ds004504__EC,CN_vs_FTD,30,20,0.7508459355660262,0.7431370196558806,0.6753803832324168,-0.06775663642346393,-0.07546555233360962,0.7482383808095953,0.7466666666666666,0.6799999999999999,-0.06666666666666665,-0.06823838080959518,0.5330553015141499,0.5079841943021107,0.3739040879939475,-0.1340801063081632,-0.15915121352020248,0.1539985308808837,0.125,0.3328888888888886
98,PSD_ABSOLUTE_CHANNEL_BAND,ds006036__EO_or_photomark,AD_FTD_vs_CN,48,20,0.7616482251411292,0.7844623771399094,0.7638690205951164,-0.02059335654479293,0.0022207954539872786,0.7755260081823494,0.7854166666666667,0.765625,-0.01979166666666668,-0.009901008182349524,0.5312714262543523,0.5761121563185215,0.539742716889986,-0.036369439428535454,0.00847129063563388,0.2249411960588431,0.2,0.4111111111111112
98,PSD_ABSOLUTE_CHANNEL_BAND,ds006036__EO_or_photomark,AD_vs_CN,36,20,0.7626391212349524,0.8010194014837978,0.8061190957949856,0.005099694311188096,0.043479974560033635,0.7656848659003832,0.8013888888888887,0.8069444444444445,0.005555555555555547,0.041259578544061315,0.5292697177533573,0.6048084701898119,0.619442738084553,0.014634267894741173,0.09017302033119556,0.16169120422061595,0.16666666666666666,0.3668888888888887
98,PSD_ABSOLUTE_CHANNEL_BAND,ds006036__EO_or_photomark,CN_vs_FTD,30,20,0.8114509144347595,0.8094182878696923,0.7941490387213413,-0.01526924914835095,-0.01730187571341838,0.812031484257871,0.8100000000000003,0.7950000000000002,-0.015000000000000008,-0.01703148425787106,0.6266972756714023,0.623766504335155,0.5947161703601345,-0.029050333975020694,-0.03198110531126782,0.16734181504769738,0.125,0.4262222222222223
98,PSD_REGION_ABSOLUTE,ds004504__EC,AD_FTD_vs_CN,48,20,0.7009026994926423,0.6994811159991998,0.7671326083277596,0.06765149232855946,0.06622990883511728,0.7665546464056108,0.715625,0.7739583333333334,0.058333333333333334,0.007403686927722586,0.5118202181071633,0.48874982287452406,0.5801479444821428,0.09139812160761882,0.06832772637497964,0.4605815295815299,0.4642857142857143,0.753333333333333
98,PSD_REGION_ABSOLUTE,ds004504__EC,AD_vs_CN,36,20,0.7652554122221629,0.7547685283484756,0.753431704731209,-0.0013368236172664916,-0.011823707490953812,0.7870929118773947,0.7680555555555557,0.7569444444444444,-0.011111111111111105,-0.03014846743295021,0.5991327263043457,0.5985527311963693,0.5269987816649432,-0.07155394953142594,-0.07213394463940234,0.3887886002886004,0.3333333333333333,0.680222222222222
98,PSD_REGION_ABSOLUTE,ds004504__EC,CN_vs_FTD,30,20,0.739249417220629,0.7279188446896236,0.7008384079584437,-0.027080436731179706,-0.038411009262185075,0.7374062968515742,0.7300000000000001,0.7133333333333332,-0.016666666666666653,-0.02407296351824087,0.4919891945700571,0.465880555162616,0.4708802875161039,0.004999732353487843,-0.021108907053953248,0.23351004551004528,0.2,0.5351111111111113
98,PSD_REGION_ABSOLUTE,ds006036__EO_or_photomark,AD_FTD_vs_CN,48,20,0.6895878367824292,0.7654453424425729,0.8026734412151806,0.03722809877260776,0.11308560443275133,0.750175336060783,0.7708333333333333,0.8041666666666666,0.033333333333333326,0.05399133060588348,0.4782095374593268,0.5666203287005481,0.6182560950974823,0.05163576639693414,0.1400465576381555,0.3960892995892997,0.38461538461538464,0.6346666666666664
98,PSD_REGION_ABSOLUTE,ds006036__EO_or_photomark,AD_vs_CN,36,20,0.7406512791172641,0.7817017707804982,0.7600705192464974,-0.021631251534000705,0.01941924012923319,0.7632183908045979,0.7888888888888889,0.7666666666666667,-0.022222222222222247,0.0034482758620689447,0.5512020459290409,0.6137446029849801,0.5598257527685643,-0.053918850216415695,0.008623706839523602,0.3196622266622265,0.30952380952380953,0.6193333333333332
98,PSD_REGION_ABSOLUTE,ds006036__EO_or_photomark,CN_vs_FTD,30,20,0.6971671013639449,0.7291148018488174,0.7370211143848697,0.007906312536052423,0.0398540130209248,0.7003373313343327,0.7383333333333331,0.7416666666666666,0.0033333333333333214,0.04132933533233381,0.4580854129548431,0.509982093609713,0.5005796772491165,-0.009402416360596546,0.04249426429427333,0.4026401098901099,0.38461538461538464,0.6115555555555554
99,PSD_ABSOLUTE_CHANNEL_BAND,ds004504__EC,AD_FTD_vs_CN,48,20,0.7514211727263497,0.7752463742904039,0.7751854701952432,-6.0904095160901896e-05,0.02376429746889342,0.7847749853886616,0.7760416666666667,0.7770833333333333,0.0010416666666666797,-0.0076916520553282405,0.5373508102617003,0.555986949299328,0.5643685685954954,0.008381619296167587,0.027017758333795366,0.21536156980274615,0.2,0.3859999999999999
99,PSD_ABSOLUTE_CHANNEL_BAND,ds004504__EC,AD_vs_CN,36,20,0.7836115951114164,0.7533866461738185,0.7220024623713357,-0.031384183802482854,-0.061609132740080716,0.7911159003831418,0.7555555555555555,0.7250000000000002,-0.030555555555555548,-0.06611590038314176,0.5811321623428458,0.5184252482289422,0.4603569800702644,-0.05806826815867794,-0.12077518227258133,0.27663640934229156,0.2727272727272727,0.5377777777777778
99,PSD_ABSOLUTE_CHANNEL_BAND,ds004504__EC,CN_vs_FTD,30,20,0.7508459355660262,0.7415301969697745,0.7241813404651744,-0.017348856504600173,-0.026664595100851906,0.7482383808095953,0.7449999999999998,0.7283333333333333,-0.016666666666666642,-0.019905047476261862,0.5330553015141499,0.5038221356300128,0.47094380759033233,-0.0328783280396805,-0.06211149392381764,0.15166084405790284,0.125,0.3251111111111109
99,PSD_ABSOLUTE_CHANNEL_BAND,ds006036__EO_or_photomark,AD_FTD_vs_CN,48,20,0.7616482251411292,0.7737077529130678,0.7664318269706898,-0.007275925942378169,0.004783601829560552,0.7755260081823494,0.7739583333333334,0.7666666666666666,-0.0072916666666666356,-0.008859341515682833,0.5312714262543523,0.5490509801029932,0.5344016284173128,-0.014649351685680467,0.0031302021629607294,0.20882548823725292,0.2,0.41822222222222216
99,PSD_ABSOLUTE_CHANNEL_BAND,ds006036__EO_or_photomark,AD_vs_CN,36,20,0.7626391212349524,0.7453669209861159,0.7715167167259933,0.026149795739877395,0.008877595491041158,0.7656848659003832,0.7458333333333333,0.7722222222222224,0.0263888888888889,0.0065373563218391,0.5292697177533573,0.49330577902249895,0.5474425587941003,0.054136779771601376,0.018172841040742935,0.15406352634293813,0.125,0.33511111111111097
99,PSD_ABSOLUTE_CHANNEL_BAND,ds006036__EO_or_photomark,CN_vs_FTD,30,20,0.8114509144347595,0.8309683872375672,0.8177298073261932,-0.013238579911374004,0.006278892891433385,0.812031484257871,0.831666666666667,0.8183333333333336,-0.013333333333333319,0.00630184907546229,0.6266972756714023,0.6679192357515257,0.6404886996193213,-0.027430536132204343,0.013791423947919204,0.2072155246714069,0.2,0.49822222222222223
99,PSD_REGION_ABSOLUTE,ds004504__EC,AD_FTD_vs_CN,48,20,0.7009026994926423,0.7828796728949703,0.8267535537180836,0.0438738808231133,0.12585085422544143,0.7665546464056108,0.7885416666666667,0.8291666666666666,0.04062500000000001,0.06261202026105595,0.5118202181071633,0.610274335064582,0.6752788574017963,0.06500452233721407,0.16345863929463292,0.3779394216894218,0.3333333333333333,0.7008888888888883
99,PSD_REGION_ABSOLUTE,ds004504__EC,AD_vs_CN,36,20,0.7652554122221629,0.7300821882552205,0.7465361638559399,0.016453975600719473,-0.01871924836622288,0.7870929118773947,0.7430555555555556,0.7513888888888888,0.008333333333333342,-0.03570402298850576,0.5991327263043457,0.537572926051453,0.5218396379574243,-0.01573328809402866,-0.07729308834692124,0.3254776889776889,0.2857142857142857,0.6157777777777778
99,PSD_REGION_ABSOLUTE,ds004504__EC,CN_vs_FTD,30,20,0.739249417220629,0.7390616763401803,0.7206859987658149,-0.018375677574365368,-0.01856341845481403,0.7374062968515742,0.7416666666666665,0.7266666666666667,-0.014999999999999996,-0.010739630184907551,0.4919891945700571,0.4915525255119032,0.4747372773819104,-0.016815248129992726,-0.017251917188146684,0.19491891441891432,0.18333333333333335,0.476888888888889
99,PSD_REGION_ABSOLUTE,ds006036__EO_or_photomark,AD_FTD_vs_CN,48,20,0.6895878367824292,0.7292436698419906,0.7059484201855917,-0.023295249656398877,0.01636058340316242,0.750175336060783,0.740625,0.7218749999999999,-0.01874999999999998,-0.02830033606078316,0.4782095374593268,0.5266249193491678,0.49514154268931154,-0.03148337665985636,0.0169320052299848,0.3241213786213784,0.2792207792207792,0.571111111111111
99,PSD_REGION_ABSOLUTE,ds006036__EO_or_photomark,AD_vs_CN,36,20,0.7406512791172641,0.7408285932370516,0.7004087531839659,-0.040419840053085646,-0.04024252593329846,0.7632183908045979,0.7513888888888889,0.7152777777777777,-0.03611111111111112,-0.04794061302681994,0.5512020459290409,0.5437301017407175,0.47452424365633455,-0.06920585808438302,-0.0766778022727063,0.3637332112332112,0.4,0.6499999999999999
99,PSD_REGION_ABSOLUTE,ds006036__EO_or_photomark,CN_vs_FTD,30,20,0.6971671013639449,0.7402836403202874,0.7295290193659759,-0.010754620954311334,0.03236191800203105,0.7003373313343327,0.7499999999999998,0.7366666666666666,-0.013333333333333326,0.036329335332333824,0.4580854129548431,0.5388710072011056,0.49968722240801966,-0.0391837847930858,0.041601809453176576,0.4031605616605615,0.38461538461538464,0.6264444444444442
100,PSD_ABSOLUTE_CHANNEL_BAND,ds004504__EC,AD_FTD_vs_CN,46,20,0.7514211727263497,0.7818676418915539,0.7627628445107989,-0.019104797380754813,0.011341671784449225,0.7847749853886616,0.7826086956521737,0.7673913043478261,-0.015217391304347854,-0.017383681040835524,0.5373508102617003,0.568868714289542,0.5574146385186773,-0.01145407577086465,0.02006382825697709,0.14941609371021133,0.125,0.29288888888888864
100,PSD_ABSOLUTE_CHANNEL_BAND,ds004504__EC,AD_vs_CN,36,20,0.7836115951114164,0.7563342297434995,0.7246340396133492,-0.03170019013015042,-0.0589775554980672,0.7911159003831418,0.7583333333333334,0.7277777777777779,-0.03055555555555554,-0.06333812260536398,0.5811321623428458,0.5237113169053457,0.4663642960316546,-0.05734702087369111,-0.11476786631119114,0.17331841034782206,0.16666666666666666,0.3502222222222221
100,PSD_ABSOLUTE_CHANNEL_BAND,ds004504__EC,CN_vs_FTD,30,20,0.7508459355660262,0.7463846757817347,0.6711898780326935,-0.07519479774904103,-0.07965605753333257,0.7482383808095953,0.7499999999999998,0.6733333333333331,-0.07666666666666665,-0.07490504747626187,0.5330553015141499,0.514982103594989,0.35124168600592665,-0.16374041758906227,-0.18181361550822334,0.13585603612074196,0.125,0.27955555555555534
100,PSD_ABSOLUTE_CHANNEL_BAND,ds006036__EO_or_photomark,AD_FTD_vs_CN,46,20,0.7616482251411292,0.7573247784072942,0.7310231541892772,-0.02630162421801687,-0.03062507095185198,0.7755260081823494,0.7576086956521739,0.7315217391304347,-0.026086956521739136,-0.044004269051914735,0.5312714262543523,0.5163160718972157,0.4650031164660596,-0.05131295543115625,-0.06626830978829268,0.21914554889554888,0.2,0.4320000000000001
100,PSD_ABSOLUTE_CHANNEL_BAND,ds006036__EO_or_photomark,AD_vs_CN,36,20,0.7626391212349524,0.7353438519005469,0.7731171155938958,0.037773263693348796,0.010477994358943482,0.7656848659003832,0.7361111111111112,0.7736111111111114,0.037500000000000006,0.007926245210727989,0.5292697177533573,0.47463438566196403,0.5495265885208698,0.0748922028589058,0.020256870767512463,0.15038768257885904,0.125,0.3182222222222221
100,PSD_ABSOLUTE_CHANNEL_BAND,ds006036__EO_or_photomark,CN_vs_FTD,30,20,0.8114509144347595,0.782188980392622,0.7486403043802852,-0.03354867601233662,-0.0628106100544746,0.812031484257871,0.7833333333333334,0.75,-0.033333333333333354,-0.06203148425787108,0.6266972756714023,0.5723560344112644,0.5053238877136537,-0.06703214669761072,-0.12137338795774857,0.1915225885225885,0.2,0.49044444444444446
100,PSD_REGION_ABSOLUTE,ds004504__EC,AD_FTD_vs_CN,46,20,0.7009026994926423,0.8418587100999831,0.8304790274639341,-0.011379682636049031,0.1295763279712919,0.7665546464056108,0.843478260869565,0.833695652173913,-0.009782608695652163,0.06714100576830227,0.5118202181071633,0.7025924443445364,0.694936713976254,-0.007655730368282399,0.1831164958690907,0.4621933621933623,0.4,0.8613333333333334
100,PSD_REGION_ABSOLUTE,ds004504__EC,AD_vs_CN,36,20,0.7652554122221629,0.7133244618645141,0.7520983647271272,0.038773902862612904,-0.013157047495035734,0.7870929118773947,0.7291666666666666,0.7555555555555554,0.02638888888888889,-0.031537356321839106,0.5991327263043457,0.5147549511703002,0.525698027652127,0.010943076481826925,-0.07343469865221852,0.25328449328449326,0.2,0.49866666666666676
100,PSD_REGION_ABSOLUTE,ds004504__EC,CN_vs_FTD,30,20,0.739249417220629,0.761851170300391,0.7609399750028472,-0.0009111952975436766,0.021690557782218296,0.7374062968515742,0.7650000000000001,0.7633333333333334,-0.0016666666666666553,0.025927036481759154,0.4919891945700571,0.5422569529570829,0.537542932995337,-0.004714019961745844,0.04555373842527995,0.21271861471861453,0.2,0.5695555555555556
100,PSD_REGION_ABSOLUTE,ds006036__EO_or_photomark,AD_FTD_vs_CN,46,20,0.6895878367824292,0.7292093947146081,0.7040617107132809,-0.025147684001327147,0.014473873930851755,0.750175336060783,0.7402173913043479,0.7163043478260869,-0.02391304347826087,-0.03387098823469622,0.4782095374593268,0.5244077815146612,0.47252875838772634,-0.05187902312693482,-0.005680779071600428,0.380543734043734,0.38461538461538464,0.5977777777777777
100,PSD_REGION_ABSOLUTE,ds006036__EO_or_photomark,AD_vs_CN,36,20,0.7406512791172641,0.7618665666497866,0.7425026336911282,-0.019363932958658632,0.0018513545738638338,0.7632183908045979,0.7694444444444444,0.75,-0.01944444444444446,-0.013218390804597718,0.5512020459290409,0.5720419641286354,0.5307640658978887,-0.04127789823074658,-0.020437980031152016,0.3542144244644244,0.358974358974359,0.6222222222222219
100,PSD_REGION_ABSOLUTE,ds006036__EO_or_photomark,CN_vs_FTD,30,20,0.6971671013639449,0.7104606369972842,0.7080499681346363,-0.002410668862647619,0.010882866770691484,0.7003373313343327,0.7183333333333335,0.7216666666666666,0.003333333333333305,0.02132933533233382,0.4580854129548431,0.4603622151975659,0.4920866693242309,0.03172445412666488,0.03400125636938774,0.4017266801825625,0.38461538461538464,0.6124444444444442
