job_id,original_selected_k,adjusted_selected_k,max_abs_relation_metric_error,status
tier1_main_000001,3,9,0.0,PASS
tier1_main_000003,9,5,0.0,PASS
tier1_main_000005,5,9,0.0,PASS
tier1_main_000007,9,9,0.0,PASS
tier1_main_000009,9,9,0.0,PASS
tier1_main_000011,9,3,0.0,PASS
tier1_main_000013,5,5,0.0,PASS
tier1_main_000015,9,3,0.0,PASS
tier1_main_000017,5,9,0.0,PASS
tier1_main_000019,5,9,0.0,PASS
tier1_main_000021,5,5,0.0,PASS
tier1_main_000023,9,9,0.0,PASS
tier1_main_000025,9,3,0.0,PASS
tier1_main_000027,5,3,0.0,PASS
tier1_main_000029,9,5,0.0,PASS
tier1_main_000031,5,5,0.0,PASS
tier1_main_000033,3,9,0.0,PASS
tier1_main_000035,3,1,0.0,PASS
tier1_main_000037,3,9,0.0,PASS
tier1_main_000039,9,5,0.0,PASS
tier1_main_000041,9,9,0.0,PASS
tier1_main_000043,3,5,0.0,PASS
tier1_main_000045,5,5,0.0,PASS
tier1_main_000047,9,9,0.0,PASS
tier1_main_000049,3,9,0.0,PASS
tier1_main_000051,5,9,0.0,PASS
tier1_main_000053,5,5,0.0,PASS
tier1_main_000055,9,9,0.0,PASS
tier1_main_000057,9,9,0.0,PASS
tier1_main_000059,9,9,0.0,PASS
tier1_main_000061,9,9,0.0,PASS
tier1_main_000063,9,5,0.0,PASS
tier1_main_000065,9,5,0.0,PASS
tier1_main_000067,9,5,0.0,PASS
tier1_main_000069,5,9,0.0,PASS
tier1_main_000071,5,5,0.0,PASS
tier1_main_000073,5,5,0.0,PASS
tier1_main_000075,9,5,0.0,PASS
tier1_main_000077,9,9,0.0,PASS
tier1_main_000079,9,5,0.0,PASS
tier1_main_000081,9,9,0.0,PASS
tier1_main_000083,9,3,0.0,PASS
tier1_main_000085,5,9,0.0,PASS
tier1_main_000087,9,5,0.0,PASS
tier1_main_000089,3,3,0.0,PASS
tier1_main_000091,3,9,0.0,PASS
tier1_main_000093,9,9,0.0,PASS
tier1_main_000095,9,9,0.0,PASS
tier1_main_000097,9,3,0.0,PASS
tier1_main_000099,5,9,0.0,PASS
tier1_main_000101,9,5,0.0,PASS
tier1_main_000103,5,9,0.0,PASS
tier1_main_000105,5,9,0.0,PASS
tier1_main_000107,5,5,0.0,PASS
tier1_main_000109,1,9,0.0,PASS
tier1_main_000111,9,5,0.0,PASS
tier1_main_000113,5,9,0.0,PASS
tier1_main_000115,5,9,0.0,PASS
tier1_main_000117,5,5,0.0,PASS
tier1_main_000119,9,9,0.0,PASS
tier1_main_000121,9,5,0.0,PASS
tier1_main_000123,5,5,0.0,PASS
tier1_main_000125,5,5,0.0,PASS
tier1_main_000127,5,9,0.0,PASS
tier1_main_000129,9,9,0.0,PASS
tier1_main_000131,9,5,0.0,PASS
tier1_main_000133,9,5,0.0,PASS
tier1_main_000135,3,9,0.0,PASS
tier1_main_000137,3,9,0.0,PASS
tier1_main_000139,3,5,0.0,PASS
tier1_main_000141,9,9,0.0,PASS
tier1_main_000143,5,5,0.0,PASS
tier1_main_000145,3,3,0.0,PASS
tier1_main_000147,5,9,0.0,PASS
tier1_main_000149,3,5,0.0,PASS
tier1_main_000151,5,9,0.0,PASS
tier1_main_000153,5,5,0.0,PASS
tier1_main_000155,9,9,0.0,PASS
tier1_main_000157,9,9,0.0,PASS
tier1_main_000159,9,9,0.0,PASS
tier1_main_000161,5,9,0.0,PASS
tier1_main_000163,9,9,0.0,PASS
tier1_main_000165,1,3,0.0,PASS
tier1_main_000167,5,5,0.0,PASS
tier1_main_000169,9,9,0.0,PASS
tier1_main_000171,5,9,0.0,PASS
tier1_main_000173,5,9,0.0,PASS
tier1_main_000175,9,5,0.0,PASS
tier1_main_000177,5,9,0.0,PASS
tier1_main_000179,9,9,0.0,PASS
tier1_main_000181,5,9,0.0,PASS
tier1_main_000183,9,5,0.0,PASS
tier1_main_000185,5,5,0.0,PASS
tier1_main_000187,1,9,0.0,PASS
tier1_main_000189,9,9,0.0,PASS
tier1_main_000191,5,9,0.0,PASS
tier1_main_000193,9,9,0.0,PASS
tier1_main_000195,9,9,0.0,PASS
tier1_main_000197,3,3,0.0,PASS
tier1_main_000199,9,5,0.0,PASS
tier1_main_000201,9,5,0.0,PASS
tier1_main_000203,9,9,0.0,PASS
tier1_main_000205,5,5,0.0,PASS
tier1_main_000207,9,5,0.0,PASS
tier1_main_000209,9,9,0.0,PASS
tier1_main_000211,5,9,0.0,PASS
tier1_main_000213,9,5,0.0,PASS
tier1_main_000215,9,9,0.0,PASS
tier1_main_000217,9,9,0.0,PASS
tier1_main_000219,9,9,0.0,PASS
tier1_main_000221,9,9,0.0,PASS
tier1_main_000223,5,9,0.0,PASS
tier1_main_000225,9,3,0.0,PASS
tier1_main_000227,9,9,0.0,PASS
tier1_main_000229,5,5,0.0,PASS
tier1_main_000231,9,9,0.0,PASS
tier1_main_000233,9,9,0.0,PASS
tier1_main_000235,9,9,0.0,PASS
tier1_main_000237,9,5,0.0,PASS
tier1_main_000239,3,9,0.0,PASS
tier1_main_000241,9,5,0.0,PASS
tier1_main_000243,9,5,0.0,PASS
tier1_main_000245,9,5,0.0,PASS
tier1_main_000247,9,9,0.0,PASS
tier1_main_000249,9,9,0.0,PASS
tier1_main_000251,3,9,0.0,PASS
tier1_main_000253,9,9,0.0,PASS
tier1_main_000255,9,5,0.0,PASS
tier1_main_000257,5,9,0.0,PASS
tier1_main_000259,9,9,0.0,PASS
tier1_main_000261,9,5,0.0,PASS
tier1_main_000263,5,3,0.0,PASS
tier1_main_000265,9,5,0.0,PASS
tier1_main_000267,5,3,0.0,PASS
tier1_main_000269,5,9,0.0,PASS
tier1_main_000271,9,9,0.0,PASS
tier1_main_000273,9,5,0.0,PASS
tier1_main_000275,9,9,0.0,PASS
tier1_main_000277,9,3,0.0,PASS
tier1_main_000279,5,5,0.0,PASS
tier1_main_000281,9,9,0.0,PASS
tier1_main_000283,5,9,0.0,PASS
tier1_main_000285,3,3,0.0,PASS
tier1_main_000287,9,3,0.0,PASS
tier1_main_000289,9,9,0.0,PASS
tier1_main_000291,3,5,0.0,PASS
tier1_main_000293,9,5,0.0,PASS
tier1_main_000295,9,3,0.0,PASS
tier1_main_000297,5,9,0.0,PASS
tier1_main_000299,9,9,0.0,PASS
tier1_main_000301,9,9,0.0,PASS
tier1_main_000303,5,3,0.0,PASS
tier1_main_000305,9,5,0.0,PASS
tier1_main_000307,9,9,0.0,PASS
tier1_main_000309,9,3,0.0,PASS
tier1_main_000311,5,9,0.0,PASS
tier1_main_000313,5,9,0.0,PASS
tier1_main_000315,9,9,0.0,PASS
tier1_main_000317,9,9,0.0,PASS
tier1_main_000319,3,5,0.0,PASS
tier1_main_000321,5,9,0.0,PASS
tier1_main_000323,9,9,0.0,PASS
tier1_main_000325,9,9,0.0,PASS
tier1_main_000327,9,9,0.0,PASS
tier1_main_000329,9,9,0.0,PASS
tier1_main_000331,5,9,0.0,PASS
tier1_main_000333,9,9,0.0,PASS
tier1_main_000335,9,9,0.0,PASS
tier1_main_000337,9,5,0.0,PASS
tier1_main_000339,9,9,0.0,PASS
tier1_main_000341,9,9,0.0,PASS
tier1_main_000343,9,9,0.0,PASS
tier1_main_000345,9,5,0.0,PASS
tier1_main_000347,9,9,0.0,PASS
tier1_main_000349,9,9,0.0,PASS
tier1_main_000351,9,9,0.0,PASS
tier1_main_000353,5,9,0.0,PASS
tier1_main_000355,9,9,0.0,PASS
tier1_main_000357,5,9,0.0,PASS
tier1_main_000359,9,9,0.0,PASS
tier1_main_000361,9,9,0.0,PASS
tier1_main_000363,3,9,0.0,PASS
tier1_main_000365,9,9,0.0,PASS
tier1_main_000367,3,5,0.0,PASS
tier1_main_000369,5,9,0.0,PASS
tier1_main_000371,9,3,0.0,PASS
tier1_main_000373,9,9,0.0,PASS
tier1_main_000375,9,3,0.0,PASS
tier1_main_000377,3,9,0.0,PASS
tier1_main_000379,9,9,0.0,PASS
tier1_main_000381,5,5,0.0,PASS
tier1_main_000383,9,5,0.0,PASS
tier1_main_000385,5,9,0.0,PASS
tier1_main_000387,9,9,0.0,PASS
tier1_main_000389,9,5,0.0,PASS
tier1_main_000391,5,3,0.0,PASS
tier1_main_000393,9,3,0.0,PASS
tier1_main_000395,9,9,0.0,PASS
tier1_main_000397,9,5,0.0,PASS
tier1_main_000399,9,5,0.0,PASS
tier1_main_000401,3,9,0.0,PASS
tier1_main_000403,9,5,0.0,PASS
tier1_main_000405,3,5,0.0,PASS
tier1_main_000407,5,9,0.0,PASS
tier1_main_000409,5,5,0.0,PASS
tier1_main_000411,5,9,0.0,PASS
tier1_main_000413,9,9,0.0,PASS
tier1_main_000415,9,3,0.0,PASS
tier1_main_000417,9,5,0.0,PASS
tier1_main_000419,9,5,0.0,PASS
tier1_main_000421,9,9,0.0,PASS
tier1_main_000423,9,9,0.0,PASS
tier1_main_000425,9,3,0.0,PASS
tier1_main_000427,9,9,0.0,PASS
tier1_main_000429,5,9,0.0,PASS
tier1_main_000431,9,3,0.0,PASS
tier1_main_000433,9,3,0.0,PASS
tier1_main_000435,3,5,0.0,PASS
tier1_main_000437,9,9,0.0,PASS
tier1_main_000439,9,9,0.0,PASS
tier1_main_000441,9,9,0.0,PASS
tier1_main_000443,3,9,0.0,PASS
tier1_main_000445,5,3,0.0,PASS
tier1_main_000447,9,5,0.0,PASS
tier1_main_000449,5,9,0.0,PASS
tier1_main_000451,5,9,0.0,PASS
tier1_main_000453,9,9,0.0,PASS
tier1_main_000455,9,9,0.0,PASS
tier1_main_000457,9,9,0.0,PASS
tier1_main_000459,9,9,0.0,PASS
tier1_main_000461,9,9,0.0,PASS
tier1_main_000463,9,9,0.0,PASS
tier1_main_000465,5,9,0.0,PASS
tier1_main_000467,9,3,0.0,PASS
tier1_main_000469,9,5,0.0,PASS
tier1_main_000471,9,3,0.0,PASS
tier1_main_000473,9,9,0.0,PASS
tier1_main_000475,5,9,0.0,PASS
tier1_main_000477,9,3,0.0,PASS
tier1_main_000479,3,5,0.0,PASS
tier1_main_000481,9,9,0.0,PASS
tier1_main_000483,9,5,0.0,PASS
tier1_main_000485,5,9,0.0,PASS
tier1_main_000487,3,5,0.0,PASS
tier1_main_000489,5,9,0.0,PASS
tier1_main_000491,5,5,0.0,PASS
tier1_main_000493,9,5,0.0,PASS
tier1_main_000495,3,9,0.0,PASS
tier1_main_000497,9,9,0.0,PASS
tier1_main_000499,9,3,0.0,PASS
tier1_main_000501,9,9,0.0,PASS
tier1_main_000503,9,9,0.0,PASS
tier1_main_000505,9,5,0.0,PASS
tier1_main_000507,5,5,0.0,PASS
tier1_main_000509,9,9,0.0,PASS
tier1_main_000511,9,5,0.0,PASS
tier1_main_000513,5,9,0.0,PASS
tier1_main_000515,9,5,0.0,PASS
tier1_main_000517,5,3,0.0,PASS
tier1_main_000519,5,9,0.0,PASS
tier1_main_000521,9,9,0.0,PASS
tier1_main_000523,9,9,0.0,PASS
tier1_main_000525,5,9,0.0,PASS
tier1_main_000527,5,5,0.0,PASS
tier1_main_000529,3,5,0.0,PASS
tier1_main_000531,9,5,0.0,PASS
tier1_main_000533,9,9,0.0,PASS
tier1_main_000535,5,9,0.0,PASS
tier1_main_000537,9,5,0.0,PASS
tier1_main_000539,9,9,0.0,PASS
tier1_main_000541,9,9,0.0,PASS
tier1_main_000543,3,9,0.0,PASS
tier1_main_000545,9,9,0.0,PASS
tier1_main_000547,9,9,0.0,PASS
tier1_main_000549,9,9,0.0,PASS
tier1_main_000551,9,9,0.0,PASS
tier1_main_000553,9,5,0.0,PASS
tier1_main_000555,5,9,0.0,PASS
tier1_main_000557,5,9,0.0,PASS
tier1_main_000559,9,9,0.0,PASS
tier1_main_000561,9,5,0.0,PASS
tier1_main_000563,9,5,0.0,PASS
tier1_main_000565,9,9,0.0,PASS
tier1_main_000567,9,9,0.0,PASS
tier1_main_000569,9,9,0.0,PASS
tier1_main_000571,9,3,0.0,PASS
tier1_main_000573,9,9,0.0,PASS
tier1_main_000575,9,3,0.0,PASS
tier1_main_000577,9,9,0.0,PASS
tier1_main_000579,9,5,0.0,PASS
tier1_main_000581,9,9,0.0,PASS
tier1_main_000583,9,5,0.0,PASS
tier1_main_000585,9,9,0.0,PASS
tier1_main_000587,9,9,0.0,PASS
tier1_main_000589,9,9,0.0,PASS
tier1_main_000591,9,9,0.0,PASS
tier1_main_000593,9,5,0.0,PASS
tier1_main_000595,9,9,0.0,PASS
tier1_main_000597,9,9,0.0,PASS
tier1_main_000599,9,9,0.0,PASS
tier1_main_000601,3,5,0.0,PASS
tier1_main_000603,9,9,0.0,PASS
tier1_main_000605,5,3,0.0,PASS
tier1_main_000607,9,9,0.0,PASS
tier1_main_000609,9,9,0.0,PASS
tier1_main_000611,9,9,0.0,PASS
tier1_main_000613,5,9,0.0,PASS
tier1_main_000615,9,9,0.0,PASS
tier1_main_000617,5,9,0.0,PASS
tier1_main_000619,9,3,0.0,PASS
tier1_main_000621,5,3,0.0,PASS
tier1_main_000623,5,9,0.0,PASS
tier1_main_000625,3,3,0.0,PASS
tier1_main_000627,5,9,0.0,PASS
tier1_main_000629,5,5,0.0,PASS
tier1_main_000631,9,5,0.0,PASS
tier1_main_000633,9,9,0.0,PASS
tier1_main_000635,9,9,0.0,PASS
tier1_main_000637,9,9,0.0,PASS
tier1_main_000639,5,9,0.0,PASS
tier1_main_000641,9,9,0.0,PASS
tier1_main_000643,3,9,0.0,PASS
tier1_main_000645,3,9,0.0,PASS
tier1_main_000647,3,9,0.0,PASS
tier1_main_000649,9,5,0.0,PASS
tier1_main_000651,5,9,0.0,PASS
tier1_main_000653,9,9,0.0,PASS
tier1_main_000655,9,9,0.0,PASS
tier1_main_000657,1,5,0.0,PASS
tier1_main_000659,5,3,0.0,PASS
tier1_main_000661,5,9,0.0,PASS
tier1_main_000663,5,5,0.0,PASS
tier1_main_000665,9,5,0.0,PASS
tier1_main_000667,9,9,0.0,PASS
tier1_main_000669,9,3,0.0,PASS
tier1_main_000671,5,5,0.0,PASS
tier1_main_000673,5,3,0.0,PASS
tier1_main_000675,9,9,0.0,PASS
tier1_main_000677,5,9,0.0,PASS
tier1_main_000679,3,9,0.0,PASS
tier1_main_000681,3,9,0.0,PASS
tier1_main_000683,9,9,0.0,PASS
tier1_main_000685,5,9,0.0,PASS
tier1_main_000687,5,5,0.0,PASS
tier1_main_000689,3,5,0.0,PASS
tier1_main_000691,3,9,0.0,PASS
tier1_main_000693,3,9,0.0,PASS
tier1_main_000695,5,9,0.0,PASS
tier1_main_000697,9,9,0.0,PASS
tier1_main_000699,9,3,0.0,PASS
tier1_main_000701,9,9,0.0,PASS
tier1_main_000703,3,5,0.0,PASS
tier1_main_000705,5,9,0.0,PASS
tier1_main_000707,9,9,0.0,PASS
tier1_main_000709,3,5,0.0,PASS
tier1_main_000711,5,3,0.0,PASS
tier1_main_000713,3,5,0.0,PASS
tier1_main_000715,9,9,0.0,PASS
tier1_main_000717,9,9,0.0,PASS
tier1_main_000719,9,9,0.0,PASS
tier1_main_000721,5,5,0.0,PASS
tier1_main_000723,9,9,0.0,PASS
tier1_main_000725,5,9,0.0,PASS
tier1_main_000727,9,9,0.0,PASS
tier1_main_000729,3,9,0.0,PASS
tier1_main_000731,3,9,0.0,PASS
tier1_main_000733,5,9,0.0,PASS
tier1_main_000735,9,9,0.0,PASS
tier1_main_000737,9,5,0.0,PASS
tier1_main_000739,1,9,0.0,PASS
tier1_main_000741,9,9,0.0,PASS
tier1_main_000743,9,3,0.0,PASS
tier1_main_000745,9,9,0.0,PASS
tier1_main_000747,3,9,0.0,PASS
tier1_main_000749,3,9,0.0,PASS
tier1_main_000751,5,9,0.0,PASS
tier1_main_000753,5,9,0.0,PASS
tier1_main_000755,5,5,0.0,PASS
tier1_main_000757,3,9,0.0,PASS
tier1_main_000759,5,3,0.0,PASS
tier1_main_000761,3,9,0.0,PASS
tier1_main_000763,3,9,0.0,PASS
tier1_main_000765,3,9,0.0,PASS
tier1_main_000767,1,9,0.0,PASS
tier1_main_000769,5,9,0.0,PASS
tier1_main_000771,9,9,0.0,PASS
tier1_main_000773,5,9,0.0,PASS
tier1_main_000775,9,5,0.0,PASS
tier1_main_000777,3,5,0.0,PASS
tier1_main_000779,5,3,0.0,PASS
tier1_main_000781,9,9,0.0,PASS
tier1_main_000783,9,9,0.0,PASS
tier1_main_000785,9,5,0.0,PASS
tier1_main_000787,3,9,0.0,PASS
tier1_main_000789,5,9,0.0,PASS
tier1_main_000791,9,5,0.0,PASS
tier1_main_000793,9,9,0.0,PASS
tier1_main_000795,9,5,0.0,PASS
tier1_main_000797,9,9,0.0,PASS
tier1_main_000799,9,9,0.0,PASS
tier1_main_000801,9,3,0.0,PASS
tier1_main_000803,1,3,0.0,PASS
tier1_main_000805,9,3,0.0,PASS
tier1_main_000807,5,3,0.0,PASS
tier1_main_000809,3,9,0.0,PASS
tier1_main_000811,9,3,0.0,PASS
tier1_main_000813,5,5,0.0,PASS
tier1_main_000815,5,3,0.0,PASS
tier1_main_000817,1,3,0.0,PASS
tier1_main_000819,9,3,0.0,PASS
tier1_main_000821,5,5,0.0,PASS
tier1_main_000823,9,3,0.0,PASS
tier1_main_000825,5,9,0.0,PASS
tier1_main_000827,3,3,0.0,PASS
tier1_main_000829,9,5,0.0,PASS
tier1_main_000831,1,9,0.0,PASS
tier1_main_000833,3,3,0.0,PASS
tier1_main_000835,5,9,0.0,PASS
tier1_main_000837,9,5,0.0,PASS
tier1_main_000839,5,5,0.0,PASS
tier1_main_000841,3,9,0.0,PASS
tier1_main_000843,5,5,0.0,PASS
tier1_main_000845,3,3,0.0,PASS
tier1_main_000847,9,9,0.0,PASS
tier1_main_000849,9,9,0.0,PASS
tier1_main_000851,9,9,0.0,PASS
tier1_main_000853,9,5,0.0,PASS
tier1_main_000855,3,1,0.0,PASS
tier1_main_000857,5,5,0.0,PASS
tier1_main_000859,5,9,0.0,PASS
tier1_main_000861,3,1,0.0,PASS
tier1_main_000863,3,9,0.0,PASS
tier1_main_000865,5,5,0.0,PASS
tier1_main_000867,9,3,0.0,PASS
tier1_main_000869,9,9,0.0,PASS
tier1_main_000871,1,3,0.0,PASS
tier1_main_000873,9,5,0.0,PASS
tier1_main_000875,9,9,0.0,PASS
tier1_main_000877,3,3,0.0,PASS
tier1_main_000879,5,9,0.0,PASS
tier1_main_000881,5,9,0.0,PASS
tier1_main_000883,3,3,0.0,PASS
tier1_main_000885,5,9,0.0,PASS
tier1_main_000887,5,3,0.0,PASS
tier1_main_000889,5,9,0.0,PASS
tier1_main_000891,9,5,0.0,PASS
tier1_main_000893,3,5,0.0,PASS
tier1_main_000895,3,9,0.0,PASS
tier1_main_000897,5,5,0.0,PASS
tier1_main_000899,3,1,0.0,PASS
tier1_main_000901,3,5,0.0,PASS
tier1_main_000903,9,9,0.0,PASS
tier1_main_000905,9,3,0.0,PASS
tier1_main_000907,9,5,0.0,PASS
tier1_main_000909,9,9,0.0,PASS
tier1_main_000911,1,3,0.0,PASS
tier1_main_000913,9,1,0.0,PASS
tier1_main_000915,9,5,0.0,PASS
tier1_main_000917,9,9,0.0,PASS
tier1_main_000919,5,9,0.0,PASS
tier1_main_000921,3,1,0.0,PASS
tier1_main_000923,5,3,0.0,PASS
tier1_main_000925,3,3,0.0,PASS
tier1_main_000927,3,9,0.0,PASS
tier1_main_000929,9,3,0.0,PASS
tier1_main_000931,5,1,0.0,PASS
tier1_main_000933,9,5,0.0,PASS
tier1_main_000935,9,1,0.0,PASS
tier1_main_000937,5,9,0.0,PASS
tier1_main_000939,1,1,0.0,PASS
tier1_main_000941,5,3,0.0,PASS
tier1_main_000943,9,9,0.0,PASS
tier1_main_000945,5,3,0.0,PASS
tier1_main_000947,5,3,0.0,PASS
tier1_main_000949,9,3,0.0,PASS
tier1_main_000951,9,5,0.0,PASS
tier1_main_000953,3,3,0.0,PASS
tier1_main_000955,9,9,0.0,PASS
tier1_main_000957,9,9,0.0,PASS
tier1_main_000959,5,9,0.0,PASS
tier1_main_000961,9,9,0.0,PASS
tier1_main_000963,9,3,0.0,PASS
tier1_main_000965,9,3,0.0,PASS
tier1_main_000967,3,9,0.0,PASS
tier1_main_000969,5,1,0.0,PASS
tier1_main_000971,3,5,0.0,PASS
tier1_main_000973,9,9,0.0,PASS
tier1_main_000975,5,3,0.0,PASS
tier1_main_000977,5,5,0.0,PASS
tier1_main_000979,9,1,0.0,PASS
tier1_main_000981,9,9,0.0,PASS
tier1_main_000983,9,3,0.0,PASS
tier1_main_000985,5,1,0.0,PASS
tier1_main_000987,9,3,0.0,PASS
tier1_main_000989,5,9,0.0,PASS
tier1_main_000991,9,9,0.0,PASS
tier1_main_000993,1,1,0.0,PASS
tier1_main_000995,3,3,0.0,PASS
tier1_main_000997,1,5,0.0,PASS
tier1_main_000999,9,5,0.0,PASS
tier1_main_001001,9,9,0.0,PASS
tier1_main_001003,9,9,0.0,PASS
tier1_main_001005,9,9,0.0,PASS
tier1_main_001007,9,9,0.0,PASS
tier1_main_001009,9,3,0.0,PASS
tier1_main_001011,9,9,0.0,PASS
tier1_main_001013,5,5,0.0,PASS
tier1_main_001015,9,9,0.0,PASS
tier1_main_001017,9,5,0.0,PASS
tier1_main_001019,5,9,0.0,PASS
tier1_main_001021,5,9,0.0,PASS
tier1_main_001023,9,9,0.0,PASS
tier1_main_001025,9,9,0.0,PASS
tier1_main_001027,9,9,0.0,PASS
tier1_main_001029,9,3,0.0,PASS
tier1_main_001031,9,9,0.0,PASS
tier1_main_001033,9,9,0.0,PASS
tier1_main_001035,9,5,0.0,PASS
tier1_main_001037,9,3,0.0,PASS
tier1_main_001039,9,5,0.0,PASS
tier1_main_001041,5,3,0.0,PASS
tier1_main_001043,5,3,0.0,PASS
tier1_main_001045,9,5,0.0,PASS
tier1_main_001047,9,3,0.0,PASS
tier1_main_001049,9,5,0.0,PASS
tier1_main_001051,9,3,0.0,PASS
tier1_main_001053,9,9,0.0,PASS
tier1_main_001055,9,3,0.0,PASS
tier1_main_001057,3,9,0.0,PASS
tier1_main_001059,9,9,0.0,PASS
tier1_main_001061,3,5,0.0,PASS
tier1_main_001063,3,5,0.0,PASS
tier1_main_001065,5,9,0.0,PASS
tier1_main_001067,3,3,0.0,PASS
tier1_main_001069,3,5,0.0,PASS
tier1_main_001071,9,9,0.0,PASS
tier1_main_001073,9,9,0.0,PASS
tier1_main_001075,9,5,0.0,PASS
tier1_main_001077,3,5,0.0,PASS
tier1_main_001079,5,5,0.0,PASS
tier1_main_001081,9,9,0.0,PASS
tier1_main_001083,5,9,0.0,PASS
tier1_main_001085,3,5,0.0,PASS
tier1_main_001087,9,5,0.0,PASS
tier1_main_001089,9,5,0.0,PASS
tier1_main_001091,9,9,0.0,PASS
tier1_main_001093,9,9,0.0,PASS
tier1_main_001095,9,9,0.0,PASS
tier1_main_001097,3,5,0.0,PASS
tier1_main_001099,5,3,0.0,PASS
tier1_main_001101,3,9,0.0,PASS
tier1_main_001103,3,9,0.0,PASS
tier1_main_001105,9,3,0.0,PASS
tier1_main_001107,9,1,0.0,PASS
tier1_main_001109,9,5,0.0,PASS
tier1_main_001111,9,5,0.0,PASS
tier1_main_001113,5,5,0.0,PASS
tier1_main_001115,5,9,0.0,PASS
tier1_main_001117,9,9,0.0,PASS
tier1_main_001119,3,3,0.0,PASS
tier1_main_001121,9,9,0.0,PASS
tier1_main_001123,3,9,0.0,PASS
tier1_main_001125,9,5,0.0,PASS
tier1_main_001127,9,9,0.0,PASS
tier1_main_001129,3,3,0.0,PASS
tier1_main_001131,5,5,0.0,PASS
tier1_main_001133,9,5,0.0,PASS
tier1_main_001135,9,9,0.0,PASS
tier1_main_001137,9,9,0.0,PASS
tier1_main_001139,9,9,0.0,PASS
tier1_main_001141,9,5,0.0,PASS
tier1_main_001143,3,9,0.0,PASS
tier1_main_001145,5,5,0.0,PASS
tier1_main_001147,9,5,0.0,PASS
tier1_main_001149,3,9,0.0,PASS
tier1_main_001151,9,5,0.0,PASS
tier1_main_001153,3,5,0.0,PASS
tier1_main_001155,5,9,0.0,PASS
tier1_main_001157,5,5,0.0,PASS
tier1_main_001159,9,9,0.0,PASS
tier1_main_001161,5,9,0.0,PASS
tier1_main_001163,9,5,0.0,PASS
tier1_main_001165,9,5,0.0,PASS
tier1_main_001167,9,5,0.0,PASS
tier1_main_001169,9,5,0.0,PASS
tier1_main_001171,5,9,0.0,PASS
tier1_main_001173,9,9,0.0,PASS
tier1_main_001175,9,9,0.0,PASS
tier1_main_001177,5,5,0.0,PASS
tier1_main_001179,9,3,0.0,PASS
tier1_main_001181,5,5,0.0,PASS
tier1_main_001183,3,9,0.0,PASS
tier1_main_001185,9,3,0.0,PASS
tier1_main_001187,5,9,0.0,PASS
tier1_main_001189,9,9,0.0,PASS
tier1_main_001191,5,9,0.0,PASS
tier1_main_001193,9,5,0.0,PASS
tier1_main_001195,9,5,0.0,PASS
tier1_main_001197,9,9,0.0,PASS
tier1_main_001199,9,9,0.0,PASS
tier1_main_001201,9,9,0.0,PASS
tier1_main_001203,3,3,0.0,PASS
tier1_main_001205,9,9,0.0,PASS
tier1_main_001207,5,9,0.0,PASS
tier1_main_001209,9,9,0.0,PASS
tier1_main_001211,9,9,0.0,PASS
tier1_main_001213,9,9,0.0,PASS
tier1_main_001215,3,3,0.0,PASS
tier1_main_001217,9,3,0.0,PASS
tier1_main_001219,9,9,0.0,PASS
tier1_main_001221,9,9,0.0,PASS
tier1_main_001223,3,3,0.0,PASS
tier1_main_001225,9,5,0.0,PASS
tier1_main_001227,9,9,0.0,PASS
tier1_main_001229,3,9,0.0,PASS
tier1_main_001231,5,5,0.0,PASS
tier1_main_001233,9,9,0.0,PASS
tier1_main_001235,5,3,0.0,PASS
tier1_main_001237,3,5,0.0,PASS
tier1_main_001239,3,3,0.0,PASS
tier1_main_001241,5,3,0.0,PASS
tier1_main_001243,3,9,0.0,PASS
tier1_main_001245,9,5,0.0,PASS
tier1_main_001247,9,9,0.0,PASS
tier1_main_001249,9,3,0.0,PASS
tier1_main_001251,9,3,0.0,PASS
tier1_main_001253,9,3,0.0,PASS
tier1_main_001255,9,5,0.0,PASS
tier1_main_001257,9,9,0.0,PASS
tier1_main_001259,3,5,0.0,PASS
tier1_main_001261,5,9,0.0,PASS
tier1_main_001263,5,3,0.0,PASS
tier1_main_001265,5,9,0.0,PASS
tier1_main_001267,9,5,0.0,PASS
tier1_main_001269,5,9,0.0,PASS
tier1_main_001271,5,9,0.0,PASS
tier1_main_001273,9,9,0.0,PASS
tier1_main_001275,9,9,0.0,PASS
tier1_main_001277,3,9,0.0,PASS
tier1_main_001279,3,5,0.0,PASS
tier1_main_001281,5,9,0.0,PASS
tier1_main_001283,3,9,0.0,PASS
tier1_main_001285,9,9,0.0,PASS
tier1_main_001287,9,9,0.0,PASS
tier1_main_001289,5,9,0.0,PASS
tier1_main_001291,3,9,0.0,PASS
tier1_main_001293,9,5,0.0,PASS
tier1_main_001295,3,9,0.0,PASS
tier1_main_001297,5,9,0.0,PASS
tier1_main_001299,9,9,0.0,PASS
tier1_main_001301,5,5,0.0,PASS
tier1_main_001303,9,3,0.0,PASS
tier1_main_001305,9,9,0.0,PASS
tier1_main_001307,9,9,0.0,PASS
tier1_main_001309,3,3,0.0,PASS
tier1_main_001311,3,5,0.0,PASS
tier1_main_001313,9,3,0.0,PASS
tier1_main_001315,3,5,0.0,PASS
tier1_main_001317,3,5,0.0,PASS
tier1_main_001319,9,9,0.0,PASS
tier1_main_001321,9,5,0.0,PASS
tier1_main_001323,5,9,0.0,PASS
tier1_main_001325,9,5,0.0,PASS
tier1_main_001327,9,5,0.0,PASS
tier1_main_001329,9,5,0.0,PASS
tier1_main_001331,9,5,0.0,PASS
tier1_main_001333,3,9,0.0,PASS
tier1_main_001335,9,9,0.0,PASS
tier1_main_001337,9,3,0.0,PASS
tier1_main_001339,5,9,0.0,PASS
tier1_main_001341,5,9,0.0,PASS
tier1_main_001343,3,5,0.0,PASS
tier1_main_001345,5,9,0.0,PASS
tier1_main_001347,9,9,0.0,PASS
tier1_main_001349,3,9,0.0,PASS
tier1_main_001351,5,9,0.0,PASS
tier1_main_001353,3,3,0.0,PASS
tier1_main_001355,9,3,0.0,PASS
tier1_main_001357,9,5,0.0,PASS
tier1_main_001359,9,9,0.0,PASS
tier1_main_001361,3,5,0.0,PASS
tier1_main_001363,9,9,0.0,PASS
tier1_main_001365,3,9,0.0,PASS
tier1_main_001367,9,9,0.0,PASS
tier1_main_001369,5,5,0.0,PASS
tier1_main_001371,9,9,0.0,PASS
tier1_main_001373,5,5,0.0,PASS
tier1_main_001375,5,9,0.0,PASS
tier1_main_001377,3,9,0.0,PASS
tier1_main_001379,5,5,0.0,PASS
tier1_main_001381,9,9,0.0,PASS
tier1_main_001383,5,3,0.0,PASS
tier1_main_001385,3,3,0.0,PASS
tier1_main_001387,9,5,0.0,PASS
tier1_main_001389,5,5,0.0,PASS
tier1_main_001391,3,9,0.0,PASS
tier1_main_001393,3,9,0.0,PASS
tier1_main_001395,3,9,0.0,PASS
tier1_main_001397,9,3,0.0,PASS
tier1_main_001399,9,5,0.0,PASS
tier1_main_001401,5,9,0.0,PASS
tier1_main_001403,9,5,0.0,PASS
tier1_main_001405,9,3,0.0,PASS
tier1_main_001407,9,1,0.0,PASS
tier1_main_001409,9,5,0.0,PASS
tier1_main_001411,9,9,0.0,PASS
tier1_main_001413,3,1,0.0,PASS
tier1_main_001415,5,3,0.0,PASS
tier1_main_001417,5,3,0.0,PASS
tier1_main_001419,9,3,0.0,PASS
tier1_main_001421,9,5,0.0,PASS
tier1_main_001423,9,5,0.0,PASS
tier1_main_001425,9,5,0.0,PASS
tier1_main_001427,9,3,0.0,PASS
tier1_main_001429,9,1,0.0,PASS
tier1_main_001431,3,3,0.0,PASS
tier1_main_001433,5,9,0.0,PASS
tier1_main_001435,5,9,0.0,PASS
tier1_main_001437,9,9,0.0,PASS
tier1_main_001439,3,1,0.0,PASS
tier1_main_001441,9,5,0.0,PASS
tier1_main_001443,5,5,0.0,PASS
tier1_main_001445,5,9,0.0,PASS
tier1_main_001447,3,9,0.0,PASS
tier1_main_001449,1,3,0.0,PASS
tier1_main_001451,5,9,0.0,PASS
tier1_main_001453,3,3,0.0,PASS
tier1_main_001455,9,1,0.0,PASS
tier1_main_001457,5,1,0.0,PASS
tier1_main_001459,5,9,0.0,PASS
tier1_main_001461,9,9,0.0,PASS
tier1_main_001463,5,1,0.0,PASS
tier1_main_001465,3,5,0.0,PASS
tier1_main_001467,5,9,0.0,PASS
tier1_main_001469,5,5,0.0,PASS
tier1_main_001471,5,9,0.0,PASS
tier1_main_001473,3,3,0.0,PASS
tier1_main_001475,9,5,0.0,PASS
tier1_main_001477,5,9,0.0,PASS
tier1_main_001479,5,3,0.0,PASS
tier1_main_001481,9,5,0.0,PASS
tier1_main_001483,9,1,0.0,PASS
tier1_main_001485,9,9,0.0,PASS
tier1_main_001487,5,9,0.0,PASS
tier1_main_001489,5,9,0.0,PASS
tier1_main_001491,9,3,0.0,PASS
tier1_main_001493,5,9,0.0,PASS
tier1_main_001495,5,3,0.0,PASS
tier1_main_001497,5,5,0.0,PASS
tier1_main_001499,9,3,0.0,PASS
tier1_main_001501,5,9,0.0,PASS
tier1_main_001503,9,9,0.0,PASS
tier1_main_001505,5,9,0.0,PASS
tier1_main_001507,5,1,0.0,PASS
tier1_main_001509,9,9,0.0,PASS
tier1_main_001511,9,9,0.0,PASS
tier1_main_001513,9,9,0.0,PASS
tier1_main_001515,5,1,0.0,PASS
tier1_main_001517,5,5,0.0,PASS
tier1_main_001519,3,3,0.0,PASS
tier1_main_001521,9,9,0.0,PASS
tier1_main_001523,9,5,0.0,PASS
tier1_main_001525,9,9,0.0,PASS
tier1_main_001527,9,3,0.0,PASS
tier1_main_001529,5,3,0.0,PASS
tier1_main_001531,9,5,0.0,PASS
tier1_main_001533,3,1,0.0,PASS
tier1_main_001535,9,9,0.0,PASS
tier1_main_001537,3,9,0.0,PASS
tier1_main_001539,5,3,0.0,PASS
tier1_main_001541,9,9,0.0,PASS
tier1_main_001543,9,5,0.0,PASS
tier1_main_001545,5,3,0.0,PASS
tier1_main_001547,5,3,0.0,PASS
tier1_main_001549,9,9,0.0,PASS
tier1_main_001551,9,5,0.0,PASS
tier1_main_001553,5,1,0.0,PASS
tier1_main_001555,9,9,0.0,PASS
tier1_main_001557,5,1,0.0,PASS
tier1_main_001559,5,9,0.0,PASS
tier1_main_001561,9,9,0.0,PASS
tier1_main_001563,9,9,0.0,PASS
tier1_main_001565,9,9,0.0,PASS
tier1_main_001567,5,5,0.0,PASS
tier1_main_001569,9,9,0.0,PASS
tier1_main_001571,3,9,0.0,PASS
tier1_main_001573,9,1,0.0,PASS
tier1_main_001575,5,1,0.0,PASS
tier1_main_001577,3,5,0.0,PASS
tier1_main_001579,5,5,0.0,PASS
tier1_main_001581,9,1,0.0,PASS
tier1_main_001583,3,9,0.0,PASS
tier1_main_001585,9,5,0.0,PASS
tier1_main_001587,9,1,0.0,PASS
tier1_main_001589,5,5,0.0,PASS
tier1_main_001591,3,3,0.0,PASS
tier1_main_001593,3,5,0.0,PASS
tier1_main_001595,5,1,0.0,PASS
tier1_main_001597,5,1,0.0,PASS
tier1_main_001599,3,9,0.0,PASS
tier1_main_001601,5,9,0.0,PASS
tier1_main_001603,3,3,0.0,PASS
tier1_main_001605,9,9,0.0,PASS
tier1_main_001607,9,5,0.0,PASS
tier1_main_001609,9,3,0.0,PASS
tier1_main_001611,9,3,0.0,PASS
tier1_main_001613,9,9,0.0,PASS
tier1_main_001615,5,9,0.0,PASS
tier1_main_001617,9,9,0.0,PASS
tier1_main_001619,5,9,0.0,PASS
tier1_main_001621,9,9,0.0,PASS
tier1_main_001623,3,5,0.0,PASS
tier1_main_001625,9,9,0.0,PASS
tier1_main_001627,3,9,0.0,PASS
tier1_main_001629,3,9,0.0,PASS
tier1_main_001631,9,9,0.0,PASS
tier1_main_001633,9,3,0.0,PASS
tier1_main_001635,9,3,0.0,PASS
tier1_main_001637,3,3,0.0,PASS
tier1_main_001639,5,3,0.0,PASS
tier1_main_001641,5,3,0.0,PASS
tier1_main_001643,5,9,0.0,PASS
tier1_main_001645,3,9,0.0,PASS
tier1_main_001647,9,1,0.0,PASS
tier1_main_001649,3,5,0.0,PASS
tier1_main_001651,9,5,0.0,PASS
tier1_main_001653,3,9,0.0,PASS
tier1_main_001655,5,5,0.0,PASS
tier1_main_001657,9,9,0.0,PASS
tier1_main_001659,5,3,0.0,PASS
tier1_main_001661,3,3,0.0,PASS
tier1_main_001663,9,9,0.0,PASS
tier1_main_001665,3,3,0.0,PASS
tier1_main_001667,5,9,0.0,PASS
tier1_main_001669,9,9,0.0,PASS
tier1_main_001671,9,5,0.0,PASS
tier1_main_001673,5,5,0.0,PASS
tier1_main_001675,9,1,0.0,PASS
tier1_main_001677,9,9,0.0,PASS
tier1_main_001679,3,5,0.0,PASS
tier1_main_001681,9,5,0.0,PASS
tier1_main_001683,5,5,0.0,PASS
tier1_main_001685,3,9,0.0,PASS
tier1_main_001687,3,9,0.0,PASS
tier1_main_001689,9,5,0.0,PASS
tier1_main_001691,9,9,0.0,PASS
tier1_main_001693,9,5,0.0,PASS
tier1_main_001695,9,9,0.0,PASS
tier1_main_001697,5,1,0.0,PASS
tier1_main_001699,9,9,0.0,PASS
tier1_main_001701,5,3,0.0,PASS
tier1_main_001703,9,5,0.0,PASS
tier1_main_001705,9,9,0.0,PASS
tier1_main_001707,9,9,0.0,PASS
tier1_main_001709,9,1,0.0,PASS
tier1_main_001711,3,9,0.0,PASS
tier1_main_001713,9,9,0.0,PASS
tier1_main_001715,9,3,0.0,PASS
tier1_main_001717,3,3,0.0,PASS
tier1_main_001719,5,5,0.0,PASS
tier1_main_001721,5,3,0.0,PASS
tier1_main_001723,9,9,0.0,PASS
tier1_main_001725,9,5,0.0,PASS
tier1_main_001727,5,3,0.0,PASS
tier1_main_001729,5,5,0.0,PASS
tier1_main_001731,5,1,0.0,PASS
tier1_main_001733,3,3,0.0,PASS
tier1_main_001735,5,5,0.0,PASS
tier1_main_001737,5,3,0.0,PASS
tier1_main_001739,3,3,0.0,PASS
tier1_main_001741,3,3,0.0,PASS
tier1_main_001743,5,3,0.0,PASS
tier1_main_001745,9,5,0.0,PASS
tier1_main_001747,9,9,0.0,PASS
tier1_main_001749,3,3,0.0,PASS
tier1_main_001751,9,9,0.0,PASS
tier1_main_001753,5,5,0.0,PASS
tier1_main_001755,9,3,0.0,PASS
tier1_main_001757,3,5,0.0,PASS
tier1_main_001759,9,5,0.0,PASS
tier1_main_001761,3,5,0.0,PASS
tier1_main_001763,9,5,0.0,PASS
tier1_main_001765,3,5,0.0,PASS
tier1_main_001767,3,5,0.0,PASS
tier1_main_001769,3,9,0.0,PASS
tier1_main_001771,9,5,0.0,PASS
tier1_main_001773,9,3,0.0,PASS
tier1_main_001775,9,9,0.0,PASS
tier1_main_001777,3,3,0.0,PASS
tier1_main_001779,9,9,0.0,PASS
tier1_main_001781,5,5,0.0,PASS
tier1_main_001783,5,9,0.0,PASS
tier1_main_001785,9,5,0.0,PASS
tier1_main_001787,9,5,0.0,PASS
tier1_main_001789,9,3,0.0,PASS
tier1_main_001791,9,3,0.0,PASS
tier1_main_001793,3,9,0.0,PASS
tier1_main_001795,5,9,0.0,PASS
tier1_main_001797,3,5,0.0,PASS
tier1_main_001799,3,9,0.0,PASS
tier1_main_001801,5,9,0.0,PASS
tier1_main_001803,9,9,0.0,PASS
tier1_main_001805,9,9,0.0,PASS
tier1_main_001807,9,9,0.0,PASS
tier1_main_001809,9,3,0.0,PASS
tier1_main_001811,3,9,0.0,PASS
tier1_main_001813,9,9,0.0,PASS
tier1_main_001815,9,3,0.0,PASS
tier1_main_001817,5,3,0.0,PASS
tier1_main_001819,3,5,0.0,PASS
tier1_main_001821,3,9,0.0,PASS
tier1_main_001823,9,5,0.0,PASS
tier1_main_001825,9,9,0.0,PASS
tier1_main_001827,9,9,0.0,PASS
tier1_main_001829,9,3,0.0,PASS
tier1_main_001831,9,9,0.0,PASS
tier1_main_001833,9,9,0.0,PASS
tier1_main_001835,9,9,0.0,PASS
tier1_main_001837,9,5,0.0,PASS
tier1_main_001839,3,9,0.0,PASS
tier1_main_001841,3,9,0.0,PASS
tier1_main_001843,3,9,0.0,PASS
tier1_main_001845,9,5,0.0,PASS
tier1_main_001847,9,5,0.0,PASS
tier1_main_001849,9,9,0.0,PASS
tier1_main_001851,9,9,0.0,PASS
tier1_main_001853,9,9,0.0,PASS
tier1_main_001855,5,3,0.0,PASS
tier1_main_001857,9,5,0.0,PASS
tier1_main_001859,9,5,0.0,PASS
tier1_main_001861,3,5,0.0,PASS
tier1_main_001863,9,5,0.0,PASS
tier1_main_001865,9,5,0.0,PASS
tier1_main_001867,9,9,0.0,PASS
tier1_main_001869,3,9,0.0,PASS
tier1_main_001871,9,5,0.0,PASS
tier1_main_001873,9,9,0.0,PASS
tier1_main_001875,5,3,0.0,PASS
tier1_main_001877,3,3,0.0,PASS
tier1_main_001879,5,3,0.0,PASS
tier1_main_001881,5,9,0.0,PASS
tier1_main_001883,9,5,0.0,PASS
tier1_main_001885,9,3,0.0,PASS
tier1_main_001887,9,5,0.0,PASS
tier1_main_001889,5,9,0.0,PASS
tier1_main_001891,9,5,0.0,PASS
tier1_main_001893,5,9,0.0,PASS
tier1_main_001895,5,3,0.0,PASS
tier1_main_001897,9,5,0.0,PASS
tier1_main_001899,5,3,0.0,PASS
tier1_main_001901,9,9,0.0,PASS
tier1_main_001903,9,9,0.0,PASS
tier1_main_001905,3,5,0.0,PASS
tier1_main_001907,9,9,0.0,PASS
tier1_main_001909,9,9,0.0,PASS
tier1_main_001911,5,9,0.0,PASS
tier1_main_001913,9,9,0.0,PASS
tier1_main_001915,5,9,0.0,PASS
tier1_main_001917,9,9,0.0,PASS
tier1_main_001919,3,9,0.0,PASS
tier1_main_001921,3,5,0.0,PASS
tier1_main_001923,9,9,0.0,PASS
tier1_main_001925,9,9,0.0,PASS
tier1_main_001927,9,9,0.0,PASS
tier1_main_001929,9,9,0.0,PASS
tier1_main_001931,3,9,0.0,PASS
tier1_main_001933,9,9,0.0,PASS
tier1_main_001935,9,5,0.0,PASS
tier1_main_001937,3,3,0.0,PASS
tier1_main_001939,9,9,0.0,PASS
tier1_main_001941,3,3,0.0,PASS
tier1_main_001943,9,9,0.0,PASS
tier1_main_001945,9,3,0.0,PASS
tier1_main_001947,9,1,0.0,PASS
tier1_main_001949,9,3,0.0,PASS
tier1_main_001951,5,9,0.0,PASS
tier1_main_001953,9,5,0.0,PASS
tier1_main_001955,9,3,0.0,PASS
tier1_main_001957,9,9,0.0,PASS
tier1_main_001959,5,9,0.0,PASS
tier1_main_001961,9,9,0.0,PASS
tier1_main_001963,9,9,0.0,PASS
tier1_main_001965,3,3,0.0,PASS
tier1_main_001967,5,9,0.0,PASS
tier1_main_001969,9,5,0.0,PASS
tier1_main_001971,9,9,0.0,PASS
tier1_main_001973,9,3,0.0,PASS
tier1_main_001975,3,3,0.0,PASS
tier1_main_001977,5,3,0.0,PASS
tier1_main_001979,9,3,0.0,PASS
tier1_main_001981,5,9,0.0,PASS
tier1_main_001983,5,9,0.0,PASS
tier1_main_001985,9,9,0.0,PASS
tier1_main_001987,9,9,0.0,PASS
tier1_main_001989,1,5,0.0,PASS
tier1_main_001991,9,9,0.0,PASS
tier1_main_001993,5,3,0.0,PASS
tier1_main_001995,9,3,0.0,PASS
tier1_main_001997,3,9,0.0,PASS
tier1_main_001999,9,9,0.0,PASS
tier1_main_002001,9,9,0.0,PASS
tier1_main_002003,5,5,0.0,PASS
tier1_main_002005,3,9,0.0,PASS
tier1_main_002007,5,5,0.0,PASS
tier1_main_002009,5,9,0.0,PASS
tier1_main_002011,9,9,0.0,PASS
tier1_main_002013,9,9,0.0,PASS
tier1_main_002015,5,9,0.0,PASS
tier1_main_002017,9,5,0.0,PASS
tier1_main_002019,5,3,0.0,PASS
tier1_main_002021,9,9,0.0,PASS
tier1_main_002023,9,9,0.0,PASS
tier1_main_002025,9,5,0.0,PASS
tier1_main_002027,9,9,0.0,PASS
tier1_main_002029,9,9,0.0,PASS
tier1_main_002031,9,5,0.0,PASS
tier1_main_002033,9,5,0.0,PASS
tier1_main_002035,9,5,0.0,PASS
tier1_main_002037,9,9,0.0,PASS
tier1_main_002039,9,9,0.0,PASS
tier1_main_002041,9,9,0.0,PASS
tier1_main_002043,5,5,0.0,PASS
tier1_main_002045,9,9,0.0,PASS
tier1_main_002047,9,9,0.0,PASS
tier1_main_002049,9,9,0.0,PASS
tier1_main_002051,9,9,0.0,PASS
tier1_main_002053,9,9,0.0,PASS
tier1_main_002055,9,9,0.0,PASS
tier1_main_002057,3,9,0.0,PASS
tier1_main_002059,5,9,0.0,PASS
tier1_main_002061,5,9,0.0,PASS
tier1_main_002063,5,9,0.0,PASS
tier1_main_002065,9,9,0.0,PASS
tier1_main_002067,9,9,0.0,PASS
tier1_main_002069,5,9,0.0,PASS
tier1_main_002071,9,9,0.0,PASS
tier1_main_002073,3,9,0.0,PASS
tier1_main_002075,5,5,0.0,PASS
tier1_main_002077,9,5,0.0,PASS
tier1_main_002079,5,5,0.0,PASS
tier1_main_002081,9,9,0.0,PASS
tier1_main_002083,9,9,0.0,PASS
tier1_main_002085,9,9,0.0,PASS
tier1_main_002087,9,5,0.0,PASS
tier1_main_002089,9,9,0.0,PASS
tier1_main_002091,9,9,0.0,PASS
tier1_main_002093,3,9,0.0,PASS
tier1_main_002095,9,5,0.0,PASS
tier1_main_002097,9,9,0.0,PASS
tier1_main_002099,9,9,0.0,PASS
tier1_main_002101,9,9,0.0,PASS
tier1_main_002103,5,9,0.0,PASS
tier1_main_002105,9,9,0.0,PASS
tier1_main_002107,9,9,0.0,PASS
tier1_main_002109,9,9,0.0,PASS
tier1_main_002111,9,3,0.0,PASS
tier1_main_002113,5,9,0.0,PASS
tier1_main_002115,9,1,0.0,PASS
tier1_main_002117,9,9,0.0,PASS
tier1_main_002119,9,9,0.0,PASS
tier1_main_002121,3,9,0.0,PASS
tier1_main_002123,9,9,0.0,PASS
tier1_main_002125,5,9,0.0,PASS
tier1_main_002127,9,9,0.0,PASS
tier1_main_002129,9,9,0.0,PASS
tier1_main_002131,9,9,0.0,PASS
tier1_main_002133,9,9,0.0,PASS
tier1_main_002135,5,9,0.0,PASS
tier1_main_002137,9,3,0.0,PASS
tier1_main_002139,5,5,0.0,PASS
tier1_main_002141,9,5,0.0,PASS
tier1_main_002143,9,9,0.0,PASS
tier1_main_002145,3,9,0.0,PASS
tier1_main_002147,9,5,0.0,PASS
tier1_main_002149,9,9,0.0,PASS
tier1_main_002151,9,9,0.0,PASS
tier1_main_002153,3,9,0.0,PASS
tier1_main_002155,9,9,0.0,PASS
tier1_main_002157,9,9,0.0,PASS
tier1_main_002159,9,9,0.0,PASS
tier1_main_002161,9,9,0.0,PASS
tier1_main_002163,5,5,0.0,PASS
tier1_main_002165,9,9,0.0,PASS
tier1_main_002167,9,9,0.0,PASS
tier1_main_002169,5,9,0.0,PASS
tier1_main_002171,9,9,0.0,PASS
tier1_main_002173,3,3,0.0,PASS
tier1_main_002175,9,9,0.0,PASS
tier1_main_002177,9,9,0.0,PASS
tier1_main_002179,5,9,0.0,PASS
tier1_main_002181,5,9,0.0,PASS
tier1_main_002183,9,5,0.0,PASS
tier1_main_002185,5,9,0.0,PASS
tier1_main_002187,5,3,0.0,PASS
tier1_main_002189,9,9,0.0,PASS
tier1_main_002191,9,9,0.0,PASS
tier1_main_002193,9,9,0.0,PASS
tier1_main_002195,5,9,0.0,PASS
tier1_main_002197,9,5,0.0,PASS
tier1_main_002199,9,9,0.0,PASS
tier1_main_002201,9,9,0.0,PASS
tier1_main_002203,9,3,0.0,PASS
tier1_main_002205,9,9,0.0,PASS
tier1_main_002207,9,9,0.0,PASS
tier1_main_002209,5,9,0.0,PASS
tier1_main_002211,9,3,0.0,PASS
tier1_main_002213,5,9,0.0,PASS
tier1_main_002215,9,5,0.0,PASS
tier1_main_002217,5,9,0.0,PASS
tier1_main_002219,3,9,0.0,PASS
tier1_main_002221,9,3,0.0,PASS
tier1_main_002223,9,9,0.0,PASS
tier1_main_002225,9,5,0.0,PASS
tier1_main_002227,9,9,0.0,PASS
tier1_main_002229,9,9,0.0,PASS
tier1_main_002231,9,3,0.0,PASS
tier1_main_002233,5,9,0.0,PASS
tier1_main_002235,9,9,0.0,PASS
tier1_main_002237,9,9,0.0,PASS
tier1_main_002239,9,9,0.0,PASS
tier1_main_002241,9,3,0.0,PASS
tier1_main_002243,9,9,0.0,PASS
tier1_main_002245,9,5,0.0,PASS
tier1_main_002247,9,9,0.0,PASS
tier1_main_002249,9,5,0.0,PASS
tier1_main_002251,9,3,0.0,PASS
tier1_main_002253,9,9,0.0,PASS
tier1_main_002255,9,5,0.0,PASS
tier1_main_002257,3,5,0.0,PASS
tier1_main_002259,5,9,0.0,PASS
tier1_main_002261,5,5,0.0,PASS
tier1_main_002263,3,5,0.0,PASS
tier1_main_002265,5,5,0.0,PASS
tier1_main_002267,9,9,0.0,PASS
tier1_main_002269,9,5,0.0,PASS
tier1_main_002271,9,9,0.0,PASS
tier1_main_002273,9,9,0.0,PASS
tier1_main_002275,5,9,0.0,PASS
tier1_main_002277,5,3,0.0,PASS
tier1_main_002279,9,3,0.0,PASS
tier1_main_002281,9,9,0.0,PASS
tier1_main_002283,9,9,0.0,PASS
tier1_main_002285,3,9,0.0,PASS
tier1_main_002287,9,3,0.0,PASS
tier1_main_002289,9,5,0.0,PASS
tier1_main_002291,9,9,0.0,PASS
tier1_main_002293,3,5,0.0,PASS
tier1_main_002295,9,9,0.0,PASS
tier1_main_002297,9,9,0.0,PASS
tier1_main_002299,5,9,0.0,PASS
tier1_main_002301,3,9,0.0,PASS
tier1_main_002303,5,9,0.0,PASS
tier1_main_002305,5,9,0.0,PASS
tier1_main_002307,9,9,0.0,PASS
tier1_main_002309,5,3,0.0,PASS
tier1_main_002311,5,3,0.0,PASS
tier1_main_002313,9,5,0.0,PASS
tier1_main_002315,9,9,0.0,PASS
tier1_main_002317,3,9,0.0,PASS
tier1_main_002319,9,9,0.0,PASS
tier1_main_002321,9,9,0.0,PASS
tier1_main_002323,3,9,0.0,PASS
tier1_main_002325,9,9,0.0,PASS
tier1_main_002327,9,9,0.0,PASS
tier1_main_002329,9,3,0.0,PASS
tier1_main_002331,9,9,0.0,PASS
tier1_main_002333,9,9,0.0,PASS
tier1_main_002335,9,9,0.0,PASS
tier1_main_002337,3,9,0.0,PASS
tier1_main_002339,3,9,0.0,PASS
tier1_main_002341,9,9,0.0,PASS
tier1_main_002343,9,5,0.0,PASS
tier1_main_002345,3,3,0.0,PASS
tier1_main_002347,9,9,0.0,PASS
tier1_main_002349,9,9,0.0,PASS
tier1_main_002351,9,9,0.0,PASS
tier1_main_002353,3,9,0.0,PASS
tier1_main_002355,9,3,0.0,PASS
tier1_main_002357,5,5,0.0,PASS
tier1_main_002359,5,5,0.0,PASS
tier1_main_002361,9,9,0.0,PASS
tier1_main_002363,9,9,0.0,PASS
tier1_main_002365,9,9,0.0,PASS
tier1_main_002367,9,9,0.0,PASS
tier1_main_002369,3,5,0.0,PASS
tier1_main_002371,9,3,0.0,PASS
tier1_main_002373,5,3,0.0,PASS
tier1_main_002375,5,9,0.0,PASS
tier1_main_002377,5,9,0.0,PASS
tier1_main_002379,9,9,0.0,PASS
tier1_main_002381,9,5,0.0,PASS
tier1_main_002383,9,9,0.0,PASS
tier1_main_002385,9,3,0.0,PASS
tier1_main_002387,9,9,0.0,PASS
tier1_main_002389,9,9,0.0,PASS
tier1_main_002391,3,5,0.0,PASS
tier1_main_002393,9,9,0.0,PASS
tier1_main_002395,9,5,0.0,PASS
tier1_main_002397,5,9,0.0,PASS
tier1_main_002399,5,9,0.0,PASS
tier1_main_002401,3,9,0.0,PASS
tier1_main_002403,5,1,0.0,PASS
tier1_main_002405,3,9,0.0,PASS
tier1_main_002407,5,9,0.0,PASS
tier1_main_002409,9,9,0.0,PASS
tier1_main_002411,3,9,0.0,PASS
tier1_main_002413,9,9,0.0,PASS
tier1_main_002415,9,5,0.0,PASS
tier1_main_002417,9,3,0.0,PASS
tier1_main_002419,5,3,0.0,PASS
tier1_main_002421,9,9,0.0,PASS
tier1_main_002423,3,5,0.0,PASS
tier1_main_002425,9,9,0.0,PASS
tier1_main_002427,9,9,0.0,PASS
tier1_main_002429,5,3,0.0,PASS
tier1_main_002431,5,9,0.0,PASS
tier1_main_002433,9,5,0.0,PASS
tier1_main_002435,9,3,0.0,PASS
tier1_main_002437,9,5,0.0,PASS
tier1_main_002439,9,3,0.0,PASS
tier1_main_002441,3,5,0.0,PASS
tier1_main_002443,9,9,0.0,PASS
tier1_main_002445,9,9,0.0,PASS
tier1_main_002447,5,9,0.0,PASS
tier1_main_002449,3,1,0.0,PASS
tier1_main_002451,9,5,0.0,PASS
tier1_main_002453,3,5,0.0,PASS
tier1_main_002455,3,9,0.0,PASS
tier1_main_002457,9,3,0.0,PASS
tier1_main_002459,5,9,0.0,PASS
tier1_main_002461,9,3,0.0,PASS
tier1_main_002463,9,3,0.0,PASS
tier1_main_002465,5,1,0.0,PASS
tier1_main_002467,5,3,0.0,PASS
tier1_main_002469,9,9,0.0,PASS
tier1_main_002471,1,9,0.0,PASS
tier1_main_002473,5,5,0.0,PASS
tier1_main_002475,9,3,0.0,PASS
tier1_main_002477,5,9,0.0,PASS
tier1_main_002479,9,9,0.0,PASS
tier1_main_002481,3,5,0.0,PASS
tier1_main_002483,9,5,0.0,PASS
tier1_main_002485,9,3,0.0,PASS
tier1_main_002487,3,3,0.0,PASS
tier1_main_002489,3,3,0.0,PASS
tier1_main_002491,9,3,0.0,PASS
tier1_main_002493,9,9,0.0,PASS
tier1_main_002495,3,9,0.0,PASS
tier1_main_002497,3,3,0.0,PASS
tier1_main_002499,3,9,0.0,PASS
tier1_main_002501,5,3,0.0,PASS
tier1_main_002503,5,9,0.0,PASS
tier1_main_002505,9,1,0.0,PASS
tier1_main_002507,5,5,0.0,PASS
tier1_main_002509,3,3,0.0,PASS
tier1_main_002511,5,5,0.0,PASS
tier1_main_002513,3,1,0.0,PASS
tier1_main_002515,5,9,0.0,PASS
tier1_main_002517,9,5,0.0,PASS
tier1_main_002519,3,9,0.0,PASS
tier1_main_002521,3,5,0.0,PASS
tier1_main_002523,5,9,0.0,PASS
tier1_main_002525,5,9,0.0,PASS
tier1_main_002527,5,9,0.0,PASS
tier1_main_002529,9,9,0.0,PASS
tier1_main_002531,5,9,0.0,PASS
tier1_main_002533,9,3,0.0,PASS
tier1_main_002535,3,1,0.0,PASS
tier1_main_002537,9,3,0.0,PASS
tier1_main_002539,9,1,0.0,PASS
tier1_main_002541,9,3,0.0,PASS
tier1_main_002543,5,9,0.0,PASS
tier1_main_002545,5,3,0.0,PASS
tier1_main_002547,9,1,0.0,PASS
tier1_main_002549,9,9,0.0,PASS
tier1_main_002551,3,3,0.0,PASS
tier1_main_002553,9,1,0.0,PASS
tier1_main_002555,9,3,0.0,PASS
tier1_main_002557,5,1,0.0,PASS
tier1_main_002559,9,9,0.0,PASS
tier1_main_002561,9,9,0.0,PASS
tier1_main_002563,9,9,0.0,PASS
tier1_main_002565,5,3,0.0,PASS
tier1_main_002567,9,9,0.0,PASS
tier1_main_002569,5,9,0.0,PASS
tier1_main_002571,3,9,0.0,PASS
tier1_main_002573,5,5,0.0,PASS
tier1_main_002575,1,1,0.0,PASS
tier1_main_002577,9,5,0.0,PASS
tier1_main_002579,9,9,0.0,PASS
tier1_main_002581,5,5,0.0,PASS
tier1_main_002583,5,3,0.0,PASS
tier1_main_002585,9,9,0.0,PASS
tier1_main_002587,3,9,0.0,PASS
tier1_main_002589,3,3,0.0,PASS
tier1_main_002591,9,5,0.0,PASS
tier1_main_002593,9,9,0.0,PASS
tier1_main_002595,5,1,0.0,PASS
tier1_main_002597,1,1,0.0,PASS
tier1_main_002599,9,9,0.0,PASS
tier1_main_002601,5,3,0.0,PASS
tier1_main_002603,3,9,0.0,PASS
tier1_main_002605,3,5,0.0,PASS
tier1_main_002607,9,9,0.0,PASS
tier1_main_002609,9,5,0.0,PASS
tier1_main_002611,9,3,0.0,PASS
tier1_main_002613,9,5,0.0,PASS
tier1_main_002615,5,3,0.0,PASS
tier1_main_002617,3,5,0.0,PASS
tier1_main_002619,9,5,0.0,PASS
tier1_main_002621,5,5,0.0,PASS
tier1_main_002623,3,5,0.0,PASS
tier1_main_002625,9,3,0.0,PASS
tier1_main_002627,9,9,0.0,PASS
tier1_main_002629,9,9,0.0,PASS
tier1_main_002631,9,9,0.0,PASS
tier1_main_002633,5,9,0.0,PASS
tier1_main_002635,3,9,0.0,PASS
tier1_main_002637,9,5,0.0,PASS
tier1_main_002639,9,9,0.0,PASS
tier1_main_002641,5,5,0.0,PASS
tier1_main_002643,9,9,0.0,PASS
tier1_main_002645,9,9,0.0,PASS
tier1_main_002647,9,3,0.0,PASS
tier1_main_002649,5,3,0.0,PASS
tier1_main_002651,9,5,0.0,PASS
tier1_main_002653,9,3,0.0,PASS
tier1_main_002655,3,9,0.0,PASS
tier1_main_002657,9,5,0.0,PASS
tier1_main_002659,9,5,0.0,PASS
tier1_main_002661,9,3,0.0,PASS
tier1_main_002663,9,3,0.0,PASS
tier1_main_002665,5,9,0.0,PASS
tier1_main_002667,9,5,0.0,PASS
tier1_main_002669,5,9,0.0,PASS
tier1_main_002671,9,9,0.0,PASS
tier1_main_002673,9,9,0.0,PASS
tier1_main_002675,3,9,0.0,PASS
tier1_main_002677,9,9,0.0,PASS
tier1_main_002679,9,9,0.0,PASS
tier1_main_002681,9,5,0.0,PASS
tier1_main_002683,9,9,0.0,PASS
tier1_main_002685,5,3,0.0,PASS
tier1_main_002687,3,9,0.0,PASS
tier1_main_002689,9,5,0.0,PASS
tier1_main_002691,5,9,0.0,PASS
tier1_main_002693,9,9,0.0,PASS
tier1_main_002695,5,9,0.0,PASS
tier1_main_002697,5,5,0.0,PASS
tier1_main_002699,9,5,0.0,PASS
tier1_main_002701,9,5,0.0,PASS
tier1_main_002703,3,5,0.0,PASS
tier1_main_002705,9,9,0.0,PASS
tier1_main_002707,9,3,0.0,PASS
tier1_main_002709,5,3,0.0,PASS
tier1_main_002711,9,3,0.0,PASS
tier1_main_002713,5,9,0.0,PASS
tier1_main_002715,9,5,0.0,PASS
tier1_main_002717,9,9,0.0,PASS
tier1_main_002719,5,5,0.0,PASS
tier1_main_002721,5,5,0.0,PASS
tier1_main_002723,3,9,0.0,PASS
tier1_main_002725,9,9,0.0,PASS
tier1_main_002727,5,3,0.0,PASS
tier1_main_002729,9,9,0.0,PASS
tier1_main_002731,9,3,0.0,PASS
tier1_main_002733,5,9,0.0,PASS
tier1_main_002735,5,9,0.0,PASS
tier1_main_002737,3,3,0.0,PASS
tier1_main_002739,9,9,0.0,PASS
tier1_main_002741,5,3,0.0,PASS
tier1_main_002743,9,3,0.0,PASS
tier1_main_002745,5,9,0.0,PASS
tier1_main_002747,5,9,0.0,PASS
tier1_main_002749,9,9,0.0,PASS
tier1_main_002751,9,5,0.0,PASS
tier1_main_002753,9,9,0.0,PASS
tier1_main_002755,9,5,0.0,PASS
tier1_main_002757,9,9,0.0,PASS
tier1_main_002759,5,5,0.0,PASS
tier1_main_002761,9,3,0.0,PASS
tier1_main_002763,9,9,0.0,PASS
tier1_main_002765,9,9,0.0,PASS
tier1_main_002767,5,5,0.0,PASS
tier1_main_002769,9,3,0.0,PASS
tier1_main_002771,9,9,0.0,PASS
tier1_main_002773,9,9,0.0,PASS
tier1_main_002775,9,5,0.0,PASS
tier1_main_002777,9,9,0.0,PASS
tier1_main_002779,9,9,0.0,PASS
tier1_main_002781,5,9,0.0,PASS
tier1_main_002783,9,3,0.0,PASS
tier1_main_002785,9,9,0.0,PASS
tier1_main_002787,5,9,0.0,PASS
tier1_main_002789,3,5,0.0,PASS
tier1_main_002791,5,3,0.0,PASS
tier1_main_002793,9,9,0.0,PASS
tier1_main_002795,9,9,0.0,PASS
tier1_main_002797,9,5,0.0,PASS
tier1_main_002799,9,9,0.0,PASS
tier1_main_002801,5,9,0.0,PASS
tier1_main_002803,9,5,0.0,PASS
tier1_main_002805,3,9,0.0,PASS
tier1_main_002807,9,5,0.0,PASS
tier1_main_002809,9,9,0.0,PASS
tier1_main_002811,9,9,0.0,PASS
tier1_main_002813,5,9,0.0,PASS
tier1_main_002815,3,5,0.0,PASS
tier1_main_002817,5,5,0.0,PASS
tier1_main_002819,9,9,0.0,PASS
tier1_main_002821,9,9,0.0,PASS
tier1_main_002823,5,5,0.0,PASS
tier1_main_002825,9,5,0.0,PASS
tier1_main_002827,3,9,0.0,PASS
tier1_main_002829,3,9,0.0,PASS
tier1_main_002831,3,9,0.0,PASS
tier1_main_002833,9,9,0.0,PASS
tier1_main_002835,5,5,0.0,PASS
tier1_main_002837,9,9,0.0,PASS
tier1_main_002839,9,9,0.0,PASS
tier1_main_002841,9,9,0.0,PASS
tier1_main_002843,5,9,0.0,PASS
tier1_main_002845,5,9,0.0,PASS
tier1_main_002847,5,5,0.0,PASS
tier1_main_002849,5,5,0.0,PASS
tier1_main_002851,9,5,0.0,PASS
tier1_main_002853,5,9,0.0,PASS
tier1_main_002855,9,9,0.0,PASS
tier1_main_002857,9,9,0.0,PASS
tier1_main_002859,9,9,0.0,PASS
tier1_main_002861,9,3,0.0,PASS
tier1_main_002863,9,5,0.0,PASS
tier1_main_002865,3,5,0.0,PASS
tier1_main_002867,5,9,0.0,PASS
tier1_main_002869,3,5,0.0,PASS
tier1_main_002871,9,9,0.0,PASS
tier1_main_002873,9,9,0.0,PASS
tier1_main_002875,9,9,0.0,PASS
tier1_main_002877,5,9,0.0,PASS
tier1_main_002879,3,9,0.0,PASS
tier1_main_002881,9,9,0.0,PASS
tier1_main_002883,9,9,0.0,PASS
tier1_main_002885,5,9,0.0,PASS
tier1_main_002887,9,9,0.0,PASS
tier1_main_002889,3,9,0.0,PASS
tier1_main_002891,9,9,0.0,PASS
tier1_main_002893,3,5,0.0,PASS
tier1_main_002895,5,9,0.0,PASS
tier1_main_002897,5,9,0.0,PASS
tier1_main_002899,9,9,0.0,PASS
tier1_main_002901,3,9,0.0,PASS
tier1_main_002903,9,9,0.0,PASS
tier1_main_002905,9,9,0.0,PASS
tier1_main_002907,5,9,0.0,PASS
tier1_main_002909,9,9,0.0,PASS
tier1_main_002911,9,5,0.0,PASS
tier1_main_002913,5,9,0.0,PASS
tier1_main_002915,9,9,0.0,PASS
tier1_main_002917,9,5,0.0,PASS
tier1_main_002919,9,9,0.0,PASS
tier1_main_002921,5,9,0.0,PASS
tier1_main_002923,5,9,0.0,PASS
tier1_main_002925,9,9,0.0,PASS
tier1_main_002927,9,9,0.0,PASS
tier1_main_002929,9,9,0.0,PASS
tier1_main_002931,9,5,0.0,PASS
tier1_main_002933,5,9,0.0,PASS
tier1_main_002935,9,9,0.0,PASS
tier1_main_002937,9,9,0.0,PASS
tier1_main_002939,9,9,0.0,PASS
tier1_main_002941,9,9,0.0,PASS
tier1_main_002943,5,9,0.0,PASS
tier1_main_002945,5,9,0.0,PASS
tier1_main_002947,9,5,0.0,PASS
tier1_main_002949,9,9,0.0,PASS
tier1_main_002951,9,9,0.0,PASS
tier1_main_002953,3,5,0.0,PASS
tier1_main_002955,5,9,0.0,PASS
tier1_main_002957,5,5,0.0,PASS
tier1_main_002959,5,5,0.0,PASS
tier1_main_002961,3,5,0.0,PASS
tier1_main_002963,5,9,0.0,PASS
tier1_main_002965,3,9,0.0,PASS
tier1_main_002967,9,9,0.0,PASS
tier1_main_002969,5,9,0.0,PASS
tier1_main_002971,9,3,0.0,PASS
tier1_main_002973,9,9,0.0,PASS
tier1_main_002975,9,5,0.0,PASS
tier1_main_002977,5,9,0.0,PASS
tier1_main_002979,5,9,0.0,PASS
tier1_main_002981,5,5,0.0,PASS
tier1_main_002983,5,9,0.0,PASS
tier1_main_002985,3,3,0.0,PASS
tier1_main_002987,9,9,0.0,PASS
tier1_main_002989,5,5,0.0,PASS
tier1_main_002991,5,9,0.0,PASS
tier1_main_002993,5,5,0.0,PASS
tier1_main_002995,9,9,0.0,PASS
tier1_main_002997,9,9,0.0,PASS
tier1_main_002999,3,9,0.0,PASS
tier1_main_003001,3,9,0.0,PASS
tier1_main_003003,9,9,0.0,PASS
tier1_main_003005,5,9,0.0,PASS
tier1_main_003007,5,1,0.0,PASS
tier1_main_003009,5,3,0.0,PASS
tier1_main_003011,5,9,0.0,PASS
tier1_main_003013,1,1,0.0,PASS
tier1_main_003015,3,9,0.0,PASS
tier1_main_003017,9,5,0.0,PASS
tier1_main_003019,9,1,0.0,PASS
tier1_main_003021,9,3,0.0,PASS
tier1_main_003023,3,5,0.0,PASS
tier1_main_003025,5,9,0.0,PASS
tier1_main_003027,1,1,0.0,PASS
tier1_main_003029,3,3,0.0,PASS
tier1_main_003031,5,5,0.0,PASS
tier1_main_003033,9,9,0.0,PASS
tier1_main_003035,5,3,0.0,PASS
tier1_main_003037,9,3,0.0,PASS
tier1_main_003039,3,9,0.0,PASS
tier1_main_003041,9,9,0.0,PASS
tier1_main_003043,3,9,0.0,PASS
tier1_main_003045,5,9,0.0,PASS
tier1_main_003047,9,9,0.0,PASS
tier1_main_003049,5,9,0.0,PASS
tier1_main_003051,9,3,0.0,PASS
tier1_main_003053,3,9,0.0,PASS
tier1_main_003055,5,3,0.0,PASS
tier1_main_003057,9,5,0.0,PASS
tier1_main_003059,5,9,0.0,PASS
tier1_main_003061,3,9,0.0,PASS
tier1_main_003063,3,9,0.0,PASS
tier1_main_003065,9,9,0.0,PASS
tier1_main_003067,5,9,0.0,PASS
tier1_main_003069,9,9,0.0,PASS
tier1_main_003071,3,9,0.0,PASS
tier1_main_003073,9,3,0.0,PASS
tier1_main_003075,9,9,0.0,PASS
tier1_main_003077,9,5,0.0,PASS
tier1_main_003079,9,9,0.0,PASS
tier1_main_003081,5,3,0.0,PASS
tier1_main_003083,5,1,0.0,PASS
tier1_main_003085,9,9,0.0,PASS
tier1_main_003087,9,9,0.0,PASS
tier1_main_003089,5,1,0.0,PASS
tier1_main_003091,5,9,0.0,PASS
tier1_main_003093,9,9,0.0,PASS
tier1_main_003095,3,3,0.0,PASS
tier1_main_003097,9,3,0.0,PASS
tier1_main_003099,5,3,0.0,PASS
tier1_main_003101,9,5,0.0,PASS
tier1_main_003103,3,9,0.0,PASS
tier1_main_003105,5,9,0.0,PASS
tier1_main_003107,9,9,0.0,PASS
tier1_main_003109,9,1,0.0,PASS
tier1_main_003111,9,9,0.0,PASS
tier1_main_003113,9,3,0.0,PASS
tier1_main_003115,9,5,0.0,PASS
tier1_main_003117,5,5,0.0,PASS
tier1_main_003119,5,3,0.0,PASS
tier1_main_003121,9,5,0.0,PASS
tier1_main_003123,5,9,0.0,PASS
tier1_main_003125,5,5,0.0,PASS
tier1_main_003127,9,3,0.0,PASS
tier1_main_003129,9,1,0.0,PASS
tier1_main_003131,9,9,0.0,PASS
tier1_main_003133,9,3,0.0,PASS
tier1_main_003135,9,9,0.0,PASS
tier1_main_003137,9,5,0.0,PASS
tier1_main_003139,5,3,0.0,PASS
tier1_main_003141,5,3,0.0,PASS
tier1_main_003143,5,9,0.0,PASS
tier1_main_003145,5,5,0.0,PASS
tier1_main_003147,9,9,0.0,PASS
tier1_main_003149,9,9,0.0,PASS
tier1_main_003151,9,9,0.0,PASS
tier1_main_003153,9,9,0.0,PASS
tier1_main_003155,3,9,0.0,PASS
tier1_main_003157,9,5,0.0,PASS
tier1_main_003159,9,9,0.0,PASS
tier1_main_003161,9,1,0.0,PASS
tier1_main_003163,9,1,0.0,PASS
tier1_main_003165,3,9,0.0,PASS
tier1_main_003167,9,9,0.0,PASS
tier1_main_003169,9,3,0.0,PASS
tier1_main_003171,9,9,0.0,PASS
tier1_main_003173,9,9,0.0,PASS
tier1_main_003175,5,3,0.0,PASS
tier1_main_003177,9,9,0.0,PASS
tier1_main_003179,9,3,0.0,PASS
tier1_main_003181,5,9,0.0,PASS
tier1_main_003183,9,3,0.0,PASS
tier1_main_003185,9,9,0.0,PASS
tier1_main_003187,5,1,0.0,PASS
tier1_main_003189,9,9,0.0,PASS
tier1_main_003191,9,3,0.0,PASS
tier1_main_003193,5,9,0.0,PASS
tier1_main_003195,5,1,0.0,PASS
tier1_main_003197,5,1,0.0,PASS
tier1_main_003199,5,9,0.0,PASS
tier1_main_003201,9,9,0.0,PASS
tier1_main_003203,3,3,0.0,PASS
tier1_main_003205,5,9,0.0,PASS
tier1_main_003207,3,3,0.0,PASS
tier1_main_003209,3,9,0.0,PASS
tier1_main_003211,3,1,0.0,PASS
tier1_main_003213,3,5,0.0,PASS
tier1_main_003215,9,5,0.0,PASS
tier1_main_003217,9,9,0.0,PASS
tier1_main_003219,1,9,0.0,PASS
tier1_main_003221,3,9,0.0,PASS
tier1_main_003223,3,1,0.0,PASS
tier1_main_003225,9,5,0.0,PASS
tier1_main_003227,9,3,0.0,PASS
tier1_main_003229,5,1,0.0,PASS
tier1_main_003231,1,9,0.0,PASS
tier1_main_003233,9,3,0.0,PASS
tier1_main_003235,5,3,0.0,PASS
tier1_main_003237,3,3,0.0,PASS
tier1_main_003239,3,9,0.0,PASS
tier1_main_003241,3,1,0.0,PASS
tier1_main_003243,3,9,0.0,PASS
tier1_main_003245,5,5,0.0,PASS
tier1_main_003247,1,3,0.0,PASS
tier1_main_003249,9,1,0.0,PASS
tier1_main_003251,1,9,0.0,PASS
tier1_main_003253,5,1,0.0,PASS
tier1_main_003255,9,5,0.0,PASS
tier1_main_003257,5,3,0.0,PASS
tier1_main_003259,1,3,0.0,PASS
tier1_main_003261,9,9,0.0,PASS
tier1_main_003263,9,1,0.0,PASS
tier1_main_003265,5,3,0.0,PASS
tier1_main_003267,9,9,0.0,PASS
tier1_main_003269,9,3,0.0,PASS
tier1_main_003271,9,3,0.0,PASS
tier1_main_003273,9,5,0.0,PASS
tier1_main_003275,9,3,0.0,PASS
tier1_main_003277,1,3,0.0,PASS
tier1_main_003279,3,3,0.0,PASS
tier1_main_003281,9,5,0.0,PASS
tier1_main_003283,3,9,0.0,PASS
tier1_main_003285,1,3,0.0,PASS
tier1_main_003287,5,9,0.0,PASS
tier1_main_003289,3,1,0.0,PASS
tier1_main_003291,5,9,0.0,PASS
tier1_main_003293,3,3,0.0,PASS
tier1_main_003295,5,9,0.0,PASS
tier1_main_003297,3,3,0.0,PASS
tier1_main_003299,9,3,0.0,PASS
tier1_main_003301,1,1,0.0,PASS
tier1_main_003303,9,9,0.0,PASS
tier1_main_003305,3,5,0.0,PASS
tier1_main_003307,5,1,0.0,PASS
tier1_main_003309,3,5,0.0,PASS
tier1_main_003311,9,9,0.0,PASS
tier1_main_003313,1,1,0.0,PASS
tier1_main_003315,3,1,0.0,PASS
tier1_main_003317,9,3,0.0,PASS
tier1_main_003319,9,3,0.0,PASS
tier1_main_003321,3,3,0.0,PASS
tier1_main_003323,3,1,0.0,PASS
tier1_main_003325,9,3,0.0,PASS
tier1_main_003327,9,3,0.0,PASS
tier1_main_003329,3,1,0.0,PASS
tier1_main_003331,9,9,0.0,PASS
tier1_main_003333,3,3,0.0,PASS
tier1_main_003335,9,1,0.0,PASS
tier1_main_003337,9,1,0.0,PASS
tier1_main_003339,9,3,0.0,PASS
tier1_main_003341,9,3,0.0,PASS
tier1_main_003343,5,3,0.0,PASS
tier1_main_003345,1,9,0.0,PASS
tier1_main_003347,3,3,0.0,PASS
tier1_main_003349,5,5,0.0,PASS
tier1_main_003351,9,9,0.0,PASS
tier1_main_003353,3,3,0.0,PASS
tier1_main_003355,3,1,0.0,PASS
tier1_main_003357,5,5,0.0,PASS
tier1_main_003359,9,5,0.0,PASS
tier1_main_003361,9,3,0.0,PASS
tier1_main_003363,3,9,0.0,PASS
tier1_main_003365,9,3,0.0,PASS
tier1_main_003367,5,5,0.0,PASS
tier1_main_003369,1,9,0.0,PASS
tier1_main_003371,9,5,0.0,PASS
tier1_main_003373,9,3,0.0,PASS
tier1_main_003375,9,1,0.0,PASS
tier1_main_003377,3,5,0.0,PASS
tier1_main_003379,1,3,0.0,PASS
tier1_main_003381,3,9,0.0,PASS
tier1_main_003383,9,3,0.0,PASS
tier1_main_003385,5,3,0.0,PASS
tier1_main_003387,3,3,0.0,PASS
tier1_main_003389,9,9,0.0,PASS
tier1_main_003391,3,3,0.0,PASS
tier1_main_003393,9,3,0.0,PASS
tier1_main_003395,5,9,0.0,PASS
tier1_main_003397,3,1,0.0,PASS
tier1_main_003399,9,3,0.0,PASS
tier1_main_003401,9,9,0.0,PASS
tier1_main_003403,9,9,0.0,PASS
tier1_main_003405,5,9,0.0,PASS
tier1_main_003407,5,3,0.0,PASS
tier1_main_003409,9,9,0.0,PASS
tier1_main_003411,9,9,0.0,PASS
tier1_main_003413,9,5,0.0,PASS
tier1_main_003415,5,9,0.0,PASS
tier1_main_003417,5,9,0.0,PASS
tier1_main_003419,5,5,0.0,PASS
tier1_main_003421,9,9,0.0,PASS
tier1_main_003423,9,3,0.0,PASS
tier1_main_003425,5,9,0.0,PASS
tier1_main_003427,3,9,0.0,PASS
tier1_main_003429,5,9,0.0,PASS
tier1_main_003431,5,9,0.0,PASS
tier1_main_003433,9,5,0.0,PASS
tier1_main_003435,5,3,0.0,PASS
tier1_main_003437,9,5,0.0,PASS
tier1_main_003439,9,9,0.0,PASS
tier1_main_003441,5,5,0.0,PASS
tier1_main_003443,3,5,0.0,PASS
tier1_main_003445,9,9,0.0,PASS
tier1_main_003447,9,5,0.0,PASS
tier1_main_003449,9,9,0.0,PASS
tier1_main_003451,9,9,0.0,PASS
tier1_main_003453,5,9,0.0,PASS
tier1_main_003455,9,9,0.0,PASS
tier1_main_003457,3,9,0.0,PASS
tier1_main_003459,9,9,0.0,PASS
tier1_main_003461,1,9,0.0,PASS
tier1_main_003463,5,9,0.0,PASS
tier1_main_003465,3,1,0.0,PASS
tier1_main_003467,3,9,0.0,PASS
tier1_main_003469,9,3,0.0,PASS
tier1_main_003471,9,5,0.0,PASS
tier1_main_003473,9,9,0.0,PASS
tier1_main_003475,5,9,0.0,PASS
tier1_main_003477,9,3,0.0,PASS
tier1_main_003479,9,5,0.0,PASS
tier1_main_003481,9,9,0.0,PASS
tier1_main_003483,9,5,0.0,PASS
tier1_main_003485,9,9,0.0,PASS
tier1_main_003487,9,3,0.0,PASS
tier1_main_003489,9,5,0.0,PASS
tier1_main_003491,9,9,0.0,PASS
tier1_main_003493,9,9,0.0,PASS
tier1_main_003495,3,9,0.0,PASS
tier1_main_003497,9,1,0.0,PASS
tier1_main_003499,9,9,0.0,PASS
tier1_main_003501,9,5,0.0,PASS
tier1_main_003503,9,5,0.0,PASS
tier1_main_003505,3,5,0.0,PASS
tier1_main_003507,5,9,0.0,PASS
tier1_main_003509,9,3,0.0,PASS
tier1_main_003511,5,3,0.0,PASS
tier1_main_003513,5,5,0.0,PASS
tier1_main_003515,9,9,0.0,PASS
tier1_main_003517,9,5,0.0,PASS
tier1_main_003519,3,9,0.0,PASS
tier1_main_003521,5,9,0.0,PASS
tier1_main_003523,9,5,0.0,PASS
tier1_main_003525,5,3,0.0,PASS
tier1_main_003527,9,5,0.0,PASS
tier1_main_003529,9,5,0.0,PASS
tier1_main_003531,9,5,0.0,PASS
tier1_main_003533,9,3,0.0,PASS
tier1_main_003535,3,3,0.0,PASS
tier1_main_003537,9,9,0.0,PASS
tier1_main_003539,9,9,0.0,PASS
tier1_main_003541,9,9,0.0,PASS
tier1_main_003543,3,5,0.0,PASS
tier1_main_003545,9,3,0.0,PASS
tier1_main_003547,3,9,0.0,PASS
tier1_main_003549,5,9,0.0,PASS
tier1_main_003551,9,9,0.0,PASS
tier1_main_003553,9,9,0.0,PASS
tier1_main_003555,9,3,0.0,PASS
tier1_main_003557,9,5,0.0,PASS
tier1_main_003559,3,1,0.0,PASS
tier1_main_003561,9,9,0.0,PASS
tier1_main_003563,5,1,0.0,PASS
tier1_main_003565,9,3,0.0,PASS
tier1_main_003567,5,5,0.0,PASS
tier1_main_003569,3,5,0.0,PASS
tier1_main_003571,9,3,0.0,PASS
tier1_main_003573,9,3,0.0,PASS
tier1_main_003575,5,5,0.0,PASS
tier1_main_003577,5,1,0.0,PASS
tier1_main_003579,9,3,0.0,PASS
tier1_main_003581,5,5,0.0,PASS
tier1_main_003583,9,9,0.0,PASS
tier1_main_003585,9,5,0.0,PASS
tier1_main_003587,5,9,0.0,PASS
tier1_main_003589,3,1,0.0,PASS
tier1_main_003591,3,9,0.0,PASS
tier1_main_003593,9,3,0.0,PASS
tier1_main_003595,5,9,0.0,PASS
tier1_main_003597,5,3,0.0,PASS
tier1_main_003599,9,3,0.0,PASS
tier1_main_003601,9,5,0.0,PASS
tier1_main_003603,3,5,0.0,PASS
tier1_main_003605,9,3,0.0,PASS
tier1_main_003607,5,9,0.0,PASS
tier1_main_003609,5,9,0.0,PASS
tier1_main_003611,5,5,0.0,PASS
tier1_main_003613,5,9,0.0,PASS
tier1_main_003615,9,9,0.0,PASS
tier1_main_003617,3,9,0.0,PASS
tier1_main_003619,9,9,0.0,PASS
tier1_main_003621,5,9,0.0,PASS
tier1_main_003623,9,9,0.0,PASS
tier1_main_003625,9,3,0.0,PASS
tier1_main_003627,5,5,0.0,PASS
tier1_main_003629,5,9,0.0,PASS
tier1_main_003631,5,9,0.0,PASS
tier1_main_003633,3,9,0.0,PASS
tier1_main_003635,5,5,0.0,PASS
tier1_main_003637,9,5,0.0,PASS
tier1_main_003639,9,9,0.0,PASS
tier1_main_003641,9,9,0.0,PASS
tier1_main_003643,9,3,0.0,PASS
tier1_main_003645,5,5,0.0,PASS
tier1_main_003647,5,1,0.0,PASS
tier1_main_003649,9,9,0.0,PASS
tier1_main_003651,9,9,0.0,PASS
tier1_main_003653,9,3,0.0,PASS
tier1_main_003655,5,3,0.0,PASS
tier1_main_003657,3,5,0.0,PASS
tier1_main_003659,9,3,0.0,PASS
tier1_main_003661,9,5,0.0,PASS
tier1_main_003663,9,9,0.0,PASS
tier1_main_003665,5,3,0.0,PASS
tier1_main_003667,9,3,0.0,PASS
tier1_main_003669,9,9,0.0,PASS
tier1_main_003671,3,3,0.0,PASS
tier1_main_003673,3,9,0.0,PASS
tier1_main_003675,9,5,0.0,PASS
tier1_main_003677,9,5,0.0,PASS
tier1_main_003679,9,5,0.0,PASS
tier1_main_003681,9,9,0.0,PASS
tier1_main_003683,9,5,0.0,PASS
tier1_main_003685,9,5,0.0,PASS
tier1_main_003687,9,3,0.0,PASS
tier1_main_003689,9,9,0.0,PASS
tier1_main_003691,9,3,0.0,PASS
tier1_main_003693,3,3,0.0,PASS
tier1_main_003695,5,5,0.0,PASS
tier1_main_003697,9,9,0.0,PASS
tier1_main_003699,5,9,0.0,PASS
tier1_main_003701,3,3,0.0,PASS
tier1_main_003703,5,3,0.0,PASS
tier1_main_003705,9,5,0.0,PASS
tier1_main_003707,9,9,0.0,PASS
tier1_main_003709,9,9,0.0,PASS
tier1_main_003711,9,9,0.0,PASS
tier1_main_003713,9,5,0.0,PASS
tier1_main_003715,9,3,0.0,PASS
tier1_main_003717,9,9,0.0,PASS
tier1_main_003719,5,9,0.0,PASS
tier1_main_003721,9,5,0.0,PASS
tier1_main_003723,5,9,0.0,PASS
tier1_main_003725,9,3,0.0,PASS
tier1_main_003727,5,9,0.0,PASS
tier1_main_003729,9,5,0.0,PASS
tier1_main_003731,9,5,0.0,PASS
tier1_main_003733,9,9,0.0,PASS
tier1_main_003735,9,9,0.0,PASS
tier1_main_003737,9,9,0.0,PASS
tier1_main_003739,5,9,0.0,PASS
tier1_main_003741,9,9,0.0,PASS
tier1_main_003743,9,9,0.0,PASS
tier1_main_003745,9,9,0.0,PASS
tier1_main_003747,5,9,0.0,PASS
tier1_main_003749,3,9,0.0,PASS
tier1_main_003751,9,5,0.0,PASS
tier1_main_003753,5,5,0.0,PASS
tier1_main_003755,9,9,0.0,PASS
tier1_main_003757,9,5,0.0,PASS
tier1_main_003759,9,9,0.0,PASS
tier1_main_003761,9,9,0.0,PASS
tier1_main_003763,9,3,0.0,PASS
tier1_main_003765,9,9,0.0,PASS
tier1_main_003767,9,9,0.0,PASS
tier1_main_003769,9,3,0.0,PASS
tier1_main_003771,9,9,0.0,PASS
tier1_main_003773,5,3,0.0,PASS
tier1_main_003775,9,5,0.0,PASS
tier1_main_003777,5,5,0.0,PASS
tier1_main_003779,9,9,0.0,PASS
tier1_main_003781,5,9,0.0,PASS
tier1_main_003783,5,9,0.0,PASS
tier1_main_003785,9,9,0.0,PASS
tier1_main_003787,9,3,0.0,PASS
tier1_main_003789,9,9,0.0,PASS
tier1_main_003791,9,3,0.0,PASS
tier1_main_003793,9,9,0.0,PASS
tier1_main_003795,1,9,0.0,PASS
tier1_main_003797,5,5,0.0,PASS
tier1_main_003799,5,9,0.0,PASS
tier1_main_003801,9,5,0.0,PASS
tier1_main_003803,9,5,0.0,PASS
tier1_main_003805,9,3,0.0,PASS
tier1_main_003807,9,9,0.0,PASS
tier1_main_003809,5,9,0.0,PASS
tier1_main_003811,9,9,0.0,PASS
tier1_main_003813,9,1,0.0,PASS
tier1_main_003815,5,3,0.0,PASS
tier1_main_003817,5,9,0.0,PASS
tier1_main_003819,3,5,0.0,PASS
tier1_main_003821,9,3,0.0,PASS
tier1_main_003823,3,5,0.0,PASS
tier1_main_003825,5,5,0.0,PASS
tier1_main_003827,9,9,0.0,PASS
tier1_main_003829,3,9,0.0,PASS
tier1_main_003831,5,9,0.0,PASS
tier1_main_003833,9,3,0.0,PASS
tier1_main_003835,9,5,0.0,PASS
tier1_main_003837,5,9,0.0,PASS
tier1_main_003839,9,9,0.0,PASS
tier1_main_003841,9,9,0.0,PASS
tier1_main_003843,9,9,0.0,PASS
tier1_main_003845,9,3,0.0,PASS
tier1_main_003847,9,1,0.0,PASS
tier1_main_003849,5,5,0.0,PASS
tier1_main_003851,9,3,0.0,PASS
tier1_main_003853,5,5,0.0,PASS
tier1_main_003855,5,5,0.0,PASS
tier1_main_003857,5,5,0.0,PASS
tier1_main_003859,3,3,0.0,PASS
tier1_main_003861,9,3,0.0,PASS
tier1_main_003863,9,9,0.0,PASS
tier1_main_003865,5,1,0.0,PASS
tier1_main_003867,3,3,0.0,PASS
tier1_main_003869,9,9,0.0,PASS
tier1_main_003871,9,5,0.0,PASS
tier1_main_003873,9,5,0.0,PASS
tier1_main_003875,3,9,0.0,PASS
tier1_main_003877,9,9,0.0,PASS
tier1_main_003879,3,5,0.0,PASS
tier1_main_003881,9,9,0.0,PASS
tier1_main_003883,5,1,0.0,PASS
tier1_main_003885,3,9,0.0,PASS
tier1_main_003887,5,5,0.0,PASS
tier1_main_003889,9,5,0.0,PASS
tier1_main_003891,9,5,0.0,PASS
tier1_main_003893,5,5,0.0,PASS
tier1_main_003895,3,5,0.0,PASS
tier1_main_003897,9,9,0.0,PASS
tier1_main_003899,3,9,0.0,PASS
tier1_main_003901,9,3,0.0,PASS
tier1_main_003903,9,5,0.0,PASS
tier1_main_003905,9,9,0.0,PASS
tier1_main_003907,5,3,0.0,PASS
tier1_main_003909,3,3,0.0,PASS
tier1_main_003911,5,9,0.0,PASS
tier1_main_003913,1,3,0.0,PASS
tier1_main_003915,3,9,0.0,PASS
tier1_main_003917,9,3,0.0,PASS
tier1_main_003919,9,9,0.0,PASS
tier1_main_003921,3,3,0.0,PASS
tier1_main_003923,9,9,0.0,PASS
tier1_main_003925,5,9,0.0,PASS
tier1_main_003927,9,9,0.0,PASS
tier1_main_003929,3,3,0.0,PASS
tier1_main_003931,3,5,0.0,PASS
tier1_main_003933,9,9,0.0,PASS
tier1_main_003935,9,5,0.0,PASS
tier1_main_003937,9,3,0.0,PASS
tier1_main_003939,5,9,0.0,PASS
tier1_main_003941,9,9,0.0,PASS
tier1_main_003943,5,9,0.0,PASS
tier1_main_003945,3,5,0.0,PASS
tier1_main_003947,9,5,0.0,PASS
tier1_main_003949,5,3,0.0,PASS
tier1_main_003951,9,3,0.0,PASS
tier1_main_003953,5,5,0.0,PASS
tier1_main_003955,9,9,0.0,PASS
tier1_main_003957,3,3,0.0,PASS
tier1_main_003959,5,5,0.0,PASS
tier1_main_003961,3,1,0.0,PASS
tier1_main_003963,9,9,0.0,PASS
tier1_main_003965,5,9,0.0,PASS
tier1_main_003967,5,5,0.0,PASS
tier1_main_003969,9,3,0.0,PASS
tier1_main_003971,9,9,0.0,PASS
tier1_main_003973,5,5,0.0,PASS
tier1_main_003975,9,9,0.0,PASS
tier1_main_003977,3,9,0.0,PASS
tier1_main_003979,5,9,0.0,PASS
tier1_main_003981,9,3,0.0,PASS
tier1_main_003983,9,3,0.0,PASS
tier1_main_003985,5,9,0.0,PASS
tier1_main_003987,5,9,0.0,PASS
tier1_main_003989,9,9,0.0,PASS
tier1_main_003991,3,5,0.0,PASS
tier1_main_003993,3,5,0.0,PASS
tier1_main_003995,5,3,0.0,PASS
tier1_main_003997,9,3,0.0,PASS
tier1_main_003999,9,9,0.0,PASS
tier1_main_004001,9,5,0.0,PASS
tier1_main_004003,1,9,0.0,PASS
tier1_main_004005,9,3,0.0,PASS
tier1_main_004007,3,1,0.0,PASS
tier1_main_004009,9,3,0.0,PASS
tier1_main_004011,5,5,0.0,PASS
tier1_main_004013,9,9,0.0,PASS
tier1_main_004015,9,5,0.0,PASS
tier1_main_004017,1,1,0.0,PASS
tier1_main_004019,9,5,0.0,PASS
tier1_main_004021,9,5,0.0,PASS
tier1_main_004023,3,9,0.0,PASS
tier1_main_004025,9,9,0.0,PASS
tier1_main_004027,9,1,0.0,PASS
tier1_main_004029,5,5,0.0,PASS
tier1_main_004031,3,9,0.0,PASS
tier1_main_004033,5,5,0.0,PASS
tier1_main_004035,9,3,0.0,PASS
tier1_main_004037,9,9,0.0,PASS
tier1_main_004039,3,5,0.0,PASS
tier1_main_004041,9,9,0.0,PASS
tier1_main_004043,3,9,0.0,PASS
tier1_main_004045,9,9,0.0,PASS
tier1_main_004047,9,3,0.0,PASS
tier1_main_004049,3,3,0.0,PASS
tier1_main_004051,3,3,0.0,PASS
tier1_main_004053,9,5,0.0,PASS
tier1_main_004055,9,1,0.0,PASS
tier1_main_004057,9,3,0.0,PASS
tier1_main_004059,9,5,0.0,PASS
tier1_main_004061,9,5,0.0,PASS
tier1_main_004063,9,9,0.0,PASS
tier1_main_004065,3,3,0.0,PASS
tier1_main_004067,5,3,0.0,PASS
tier1_main_004069,5,5,0.0,PASS
tier1_main_004071,1,1,0.0,PASS
tier1_main_004073,3,9,0.0,PASS
tier1_main_004075,5,3,0.0,PASS
tier1_main_004077,1,5,0.0,PASS
tier1_main_004079,9,5,0.0,PASS
tier1_main_004081,3,3,0.0,PASS
tier1_main_004083,5,5,0.0,PASS
tier1_main_004085,9,5,0.0,PASS
tier1_main_004087,9,1,0.0,PASS
tier1_main_004089,9,3,0.0,PASS
tier1_main_004091,9,9,0.0,PASS
tier1_main_004093,9,9,0.0,PASS
tier1_main_004095,9,3,0.0,PASS
tier1_main_004097,9,3,0.0,PASS
tier1_main_004099,9,9,0.0,PASS
tier1_main_004101,9,3,0.0,PASS
tier1_main_004103,5,9,0.0,PASS
tier1_main_004105,3,1,0.0,PASS
tier1_main_004107,5,9,0.0,PASS
tier1_main_004109,5,5,0.0,PASS
tier1_main_004111,5,9,0.0,PASS
tier1_main_004113,3,5,0.0,PASS
tier1_main_004115,3,5,0.0,PASS
tier1_main_004117,3,9,0.0,PASS
tier1_main_004119,5,9,0.0,PASS
tier1_main_004121,3,3,0.0,PASS
tier1_main_004123,3,9,0.0,PASS
tier1_main_004125,1,9,0.0,PASS
tier1_main_004127,3,9,0.0,PASS
tier1_main_004129,3,9,0.0,PASS
tier1_main_004131,3,3,0.0,PASS
tier1_main_004133,9,9,0.0,PASS
tier1_main_004135,3,3,0.0,PASS
tier1_main_004137,3,5,0.0,PASS
tier1_main_004139,1,1,0.0,PASS
tier1_main_004141,3,9,0.0,PASS
tier1_main_004143,9,9,0.0,PASS
tier1_main_004145,9,5,0.0,PASS
tier1_main_004147,1,9,0.0,PASS
tier1_main_004149,9,3,0.0,PASS
tier1_main_004151,9,1,0.0,PASS
tier1_main_004153,1,3,0.0,PASS
tier1_main_004155,5,5,0.0,PASS
tier1_main_004157,9,9,0.0,PASS
tier1_main_004159,3,9,0.0,PASS
tier1_main_004161,9,3,0.0,PASS
tier1_main_004163,3,9,0.0,PASS
tier1_main_004165,1,9,0.0,PASS
tier1_main_004167,9,3,0.0,PASS
tier1_main_004169,3,3,0.0,PASS
tier1_main_004171,9,5,0.0,PASS
tier1_main_004173,1,3,0.0,PASS
tier1_main_004175,1,5,0.0,PASS
tier1_main_004177,9,9,0.0,PASS
tier1_main_004179,9,9,0.0,PASS
tier1_main_004181,3,3,0.0,PASS
tier1_main_004183,3,3,0.0,PASS
tier1_main_004185,5,9,0.0,PASS
tier1_main_004187,9,5,0.0,PASS
tier1_main_004189,5,3,0.0,PASS
tier1_main_004191,9,9,0.0,PASS
tier1_main_004193,3,5,0.0,PASS
tier1_main_004195,9,9,0.0,PASS
tier1_main_004197,3,3,0.0,PASS
tier1_main_004199,9,5,0.0,PASS
tier1_main_004201,5,9,0.0,PASS
tier1_main_004203,5,3,0.0,PASS
tier1_main_004205,5,9,0.0,PASS
tier1_main_004207,9,5,0.0,PASS
tier1_main_004209,9,5,0.0,PASS
tier1_main_004211,9,3,0.0,PASS
tier1_main_004213,9,5,0.0,PASS
tier1_main_004215,5,9,0.0,PASS
tier1_main_004217,9,5,0.0,PASS
tier1_main_004219,9,5,0.0,PASS
tier1_main_004221,9,9,0.0,PASS
tier1_main_004223,5,9,0.0,PASS
tier1_main_004225,9,3,0.0,PASS
tier1_main_004227,5,9,0.0,PASS
tier1_main_004229,5,1,0.0,PASS
tier1_main_004231,9,9,0.0,PASS
tier1_main_004233,9,5,0.0,PASS
tier1_main_004235,5,9,0.0,PASS
tier1_main_004237,9,5,0.0,PASS
tier1_main_004239,9,5,0.0,PASS
tier1_main_004241,9,5,0.0,PASS
tier1_main_004243,5,9,0.0,PASS
tier1_main_004245,5,9,0.0,PASS
tier1_main_004247,9,9,0.0,PASS
tier1_main_004249,3,5,0.0,PASS
tier1_main_004251,5,9,0.0,PASS
tier1_main_004253,5,9,0.0,PASS
tier1_main_004255,3,9,0.0,PASS
tier1_main_004257,9,5,0.0,PASS
tier1_main_004259,9,3,0.0,PASS
tier1_main_004261,3,9,0.0,PASS
tier1_main_004263,9,9,0.0,PASS
tier1_main_004265,9,9,0.0,PASS
tier1_main_004267,5,5,0.0,PASS
tier1_main_004269,9,3,0.0,PASS
tier1_main_004271,1,5,0.0,PASS
tier1_main_004273,9,5,0.0,PASS
tier1_main_004275,9,9,0.0,PASS
tier1_main_004277,9,9,0.0,PASS
tier1_main_004279,5,5,0.0,PASS
tier1_main_004281,9,9,0.0,PASS
tier1_main_004283,9,9,0.0,PASS
tier1_main_004285,5,3,0.0,PASS
tier1_main_004287,5,9,0.0,PASS
tier1_main_004289,9,9,0.0,PASS
tier1_main_004291,5,9,0.0,PASS
tier1_main_004293,5,9,0.0,PASS
tier1_main_004295,5,9,0.0,PASS
tier1_main_004297,9,5,0.0,PASS
tier1_main_004299,9,3,0.0,PASS
tier1_main_004301,9,9,0.0,PASS
tier1_main_004303,9,3,0.0,PASS
tier1_main_004305,5,5,0.0,PASS
tier1_main_004307,3,9,0.0,PASS
tier1_main_004309,3,5,0.0,PASS
tier1_main_004311,3,5,0.0,PASS
tier1_main_004313,9,9,0.0,PASS
tier1_main_004315,9,3,0.0,PASS
tier1_main_004317,9,5,0.0,PASS
tier1_main_004319,9,5,0.0,PASS
tier1_main_004321,3,5,0.0,PASS
tier1_main_004323,5,3,0.0,PASS
tier1_main_004325,9,3,0.0,PASS
tier1_main_004327,9,3,0.0,PASS
tier1_main_004329,3,1,0.0,PASS
tier1_main_004331,3,1,0.0,PASS
tier1_main_004333,5,9,0.0,PASS
tier1_main_004335,9,9,0.0,PASS
tier1_main_004337,5,3,0.0,PASS
tier1_main_004339,9,9,0.0,PASS
tier1_main_004341,9,3,0.0,PASS
tier1_main_004343,5,9,0.0,PASS
tier1_main_004345,1,5,0.0,PASS
tier1_main_004347,5,3,0.0,PASS
tier1_main_004349,5,3,0.0,PASS
tier1_main_004351,5,9,0.0,PASS
tier1_main_004353,3,5,0.0,PASS
tier1_main_004355,9,9,0.0,PASS
tier1_main_004357,9,9,0.0,PASS
tier1_main_004359,9,3,0.0,PASS
tier1_main_004361,3,9,0.0,PASS
tier1_main_004363,5,5,0.0,PASS
tier1_main_004365,3,9,0.0,PASS
tier1_main_004367,9,3,0.0,PASS
tier1_main_004369,9,9,0.0,PASS
tier1_main_004371,9,5,0.0,PASS
tier1_main_004373,3,5,0.0,PASS
tier1_main_004375,9,9,0.0,PASS
tier1_main_004377,3,5,0.0,PASS
tier1_main_004379,9,3,0.0,PASS
tier1_main_004381,9,9,0.0,PASS
tier1_main_004383,5,5,0.0,PASS
tier1_main_004385,9,9,0.0,PASS
tier1_main_004387,3,3,0.0,PASS
tier1_main_004389,9,9,0.0,PASS
tier1_main_004391,3,9,0.0,PASS
tier1_main_004393,9,9,0.0,PASS
tier1_main_004395,9,5,0.0,PASS
tier1_main_004397,3,5,0.0,PASS
tier1_main_004399,9,9,0.0,PASS
tier1_main_004401,9,9,0.0,PASS
tier1_main_004403,9,9,0.0,PASS
tier1_main_004405,9,5,0.0,PASS
tier1_main_004407,3,5,0.0,PASS
tier1_main_004409,9,5,0.0,PASS
tier1_main_004411,9,9,0.0,PASS
tier1_main_004413,9,9,0.0,PASS
tier1_main_004415,9,5,0.0,PASS
tier1_main_004417,9,5,0.0,PASS
tier1_main_004419,9,3,0.0,PASS
tier1_main_004421,9,9,0.0,PASS
tier1_main_004423,9,5,0.0,PASS
tier1_main_004425,9,5,0.0,PASS
tier1_main_004427,5,9,0.0,PASS
tier1_main_004429,5,9,0.0,PASS
tier1_main_004431,9,9,0.0,PASS
tier1_main_004433,9,9,0.0,PASS
tier1_main_004435,5,9,0.0,PASS
tier1_main_004437,9,9,0.0,PASS
tier1_main_004439,5,5,0.0,PASS
tier1_main_004441,9,3,0.0,PASS
tier1_main_004443,9,9,0.0,PASS
tier1_main_004445,9,5,0.0,PASS
tier1_main_004447,5,9,0.0,PASS
tier1_main_004449,5,9,0.0,PASS
tier1_main_004451,5,9,0.0,PASS
tier1_main_004453,9,9,0.0,PASS
tier1_main_004455,3,9,0.0,PASS
tier1_main_004457,3,9,0.0,PASS
tier1_main_004459,5,9,0.0,PASS
tier1_main_004461,9,9,0.0,PASS
tier1_main_004463,9,5,0.0,PASS
tier1_main_004465,9,3,0.0,PASS
tier1_main_004467,5,9,0.0,PASS
tier1_main_004469,1,9,0.0,PASS
tier1_main_004471,5,9,0.0,PASS
tier1_main_004473,5,9,0.0,PASS
tier1_main_004475,5,3,0.0,PASS
tier1_main_004477,5,9,0.0,PASS
tier1_main_004479,9,9,0.0,PASS
tier1_main_004481,9,3,0.0,PASS
tier1_main_004483,5,9,0.0,PASS
tier1_main_004485,9,5,0.0,PASS
tier1_main_004487,9,9,0.0,PASS
tier1_main_004489,9,9,0.0,PASS
tier1_main_004491,9,5,0.0,PASS
tier1_main_004493,9,9,0.0,PASS
tier1_main_004495,9,9,0.0,PASS
tier1_main_004497,5,3,0.0,PASS
tier1_main_004499,5,9,0.0,PASS
tier1_main_004501,9,9,0.0,PASS
tier1_main_004503,9,9,0.0,PASS
tier1_main_004505,9,9,0.0,PASS
tier1_main_004507,9,9,0.0,PASS
tier1_main_004509,9,9,0.0,PASS
tier1_main_004511,9,5,0.0,PASS
tier1_main_004513,9,9,0.0,PASS
tier1_main_004515,5,5,0.0,PASS
tier1_main_004517,9,9,0.0,PASS
tier1_main_004519,5,9,0.0,PASS
tier1_main_004521,3,9,0.0,PASS
tier1_main_004523,3,5,0.0,PASS
tier1_main_004525,5,5,0.0,PASS
tier1_main_004527,9,9,0.0,PASS
tier1_main_004529,9,3,0.0,PASS
tier1_main_004531,9,9,0.0,PASS
tier1_main_004533,5,9,0.0,PASS
tier1_main_004535,5,5,0.0,PASS
tier1_main_004537,9,9,0.0,PASS
tier1_main_004539,3,9,0.0,PASS
tier1_main_004541,9,9,0.0,PASS
tier1_main_004543,9,5,0.0,PASS
tier1_main_004545,5,9,0.0,PASS
tier1_main_004547,9,9,0.0,PASS
tier1_main_004549,5,9,0.0,PASS
tier1_main_004551,9,9,0.0,PASS
tier1_main_004553,3,3,0.0,PASS
tier1_main_004555,5,5,0.0,PASS
tier1_main_004557,9,9,0.0,PASS
tier1_main_004559,9,3,0.0,PASS
tier1_main_004561,3,5,0.0,PASS
tier1_main_004563,9,9,0.0,PASS
tier1_main_004565,3,5,0.0,PASS
tier1_main_004567,5,9,0.0,PASS
tier1_main_004569,3,5,0.0,PASS
tier1_main_004571,5,9,0.0,PASS
tier1_main_004573,5,3,0.0,PASS
tier1_main_004575,9,9,0.0,PASS
tier1_main_004577,5,9,0.0,PASS
tier1_main_004579,5,9,0.0,PASS
tier1_main_004581,9,5,0.0,PASS
tier1_main_004583,5,5,0.0,PASS
tier1_main_004585,5,9,0.0,PASS
tier1_main_004587,9,9,0.0,PASS
tier1_main_004589,9,5,0.0,PASS
tier1_main_004591,3,9,0.0,PASS
tier1_main_004593,9,3,0.0,PASS
tier1_main_004595,9,9,0.0,PASS
tier1_main_004597,9,9,0.0,PASS
tier1_main_004599,5,9,0.0,PASS
tier1_main_004601,9,1,0.0,PASS
tier1_main_004603,9,5,0.0,PASS
tier1_main_004605,5,9,0.0,PASS
tier1_main_004607,9,5,0.0,PASS
tier1_main_004609,9,3,0.0,PASS
tier1_main_004611,9,9,0.0,PASS
tier1_main_004613,3,1,0.0,PASS
tier1_main_004615,9,5,0.0,PASS
tier1_main_004617,5,9,0.0,PASS
tier1_main_004619,9,5,0.0,PASS
tier1_main_004621,3,9,0.0,PASS
tier1_main_004623,9,9,0.0,PASS
tier1_main_004625,3,9,0.0,PASS
tier1_main_004627,3,3,0.0,PASS
tier1_main_004629,3,3,0.0,PASS
tier1_main_004631,3,1,0.0,PASS
tier1_main_004633,5,9,0.0,PASS
tier1_main_004635,9,5,0.0,PASS
tier1_main_004637,9,9,0.0,PASS
tier1_main_004639,5,9,0.0,PASS
tier1_main_004641,5,1,0.0,PASS
tier1_main_004643,9,9,0.0,PASS
tier1_main_004645,9,5,0.0,PASS
tier1_main_004647,9,3,0.0,PASS
tier1_main_004649,3,1,0.0,PASS
tier1_main_004651,9,3,0.0,PASS
tier1_main_004653,3,9,0.0,PASS
tier1_main_004655,9,9,0.0,PASS
tier1_main_004657,5,3,0.0,PASS
tier1_main_004659,9,3,0.0,PASS
tier1_main_004661,3,9,0.0,PASS
tier1_main_004663,9,9,0.0,PASS
tier1_main_004665,9,3,0.0,PASS
tier1_main_004667,9,9,0.0,PASS
tier1_main_004669,5,9,0.0,PASS
tier1_main_004671,5,9,0.0,PASS
tier1_main_004673,5,5,0.0,PASS
tier1_main_004675,9,9,0.0,PASS
tier1_main_004677,3,9,0.0,PASS
tier1_main_004679,5,9,0.0,PASS
tier1_main_004681,9,5,0.0,PASS
tier1_main_004683,5,5,0.0,PASS
tier1_main_004685,5,3,0.0,PASS
tier1_main_004687,9,5,0.0,PASS
tier1_main_004689,9,9,0.0,PASS
tier1_main_004691,9,5,0.0,PASS
tier1_main_004693,9,9,0.0,PASS
tier1_main_004695,9,3,0.0,PASS
tier1_main_004697,5,3,0.0,PASS
tier1_main_004699,5,3,0.0,PASS
tier1_main_004701,9,9,0.0,PASS
tier1_main_004703,9,9,0.0,PASS
tier1_main_004705,9,5,0.0,PASS
tier1_main_004707,3,3,0.0,PASS
tier1_main_004709,3,9,0.0,PASS
tier1_main_004711,9,9,0.0,PASS
tier1_main_004713,9,3,0.0,PASS
tier1_main_004715,9,9,0.0,PASS
tier1_main_004717,5,5,0.0,PASS
tier1_main_004719,5,9,0.0,PASS
tier1_main_004721,3,5,0.0,PASS
tier1_main_004723,9,9,0.0,PASS
tier1_main_004725,3,5,0.0,PASS
tier1_main_004727,9,9,0.0,PASS
tier1_main_004729,5,9,0.0,PASS
tier1_main_004731,3,3,0.0,PASS
tier1_main_004733,5,9,0.0,PASS
tier1_main_004735,9,9,0.0,PASS
tier1_main_004737,5,3,0.0,PASS
tier1_main_004739,5,9,0.0,PASS
tier1_main_004741,3,5,0.0,PASS
tier1_main_004743,9,9,0.0,PASS
tier1_main_004745,9,3,0.0,PASS
tier1_main_004747,9,9,0.0,PASS
tier1_main_004749,9,9,0.0,PASS
tier1_main_004751,9,5,0.0,PASS
tier1_main_004753,3,3,0.0,PASS
tier1_main_004755,9,9,0.0,PASS
tier1_main_004757,9,9,0.0,PASS
tier1_main_004759,3,1,0.0,PASS
tier1_main_004761,5,9,0.0,PASS
tier1_main_004763,9,5,0.0,PASS
tier1_main_004765,9,9,0.0,PASS
tier1_main_004767,9,3,0.0,PASS
tier1_main_004769,9,5,0.0,PASS
tier1_main_004771,9,9,0.0,PASS
tier1_main_004773,9,3,0.0,PASS
tier1_main_004775,9,9,0.0,PASS
tier1_main_004777,9,9,0.0,PASS
tier1_main_004779,5,9,0.0,PASS
tier1_main_004781,9,5,0.0,PASS
tier1_main_004783,3,5,0.0,PASS
tier1_main_004785,9,9,0.0,PASS
tier1_main_004787,9,9,0.0,PASS
tier1_main_004789,5,5,0.0,PASS
tier1_main_004791,3,3,0.0,PASS
tier1_main_004793,5,5,0.0,PASS
tier1_main_004795,5,1,0.0,PASS
tier1_main_004797,9,9,0.0,PASS
tier1_main_004799,9,9,0.0,PASS
tier1_main_004801,3,9,0.0,PASS
tier1_main_004803,5,9,0.0,PASS
tier1_main_004805,9,5,0.0,PASS
tier1_main_004807,5,9,0.0,PASS
tier1_main_004809,9,9,0.0,PASS
tier1_main_004811,3,5,0.0,PASS
tier1_main_004813,3,9,0.0,PASS
tier1_main_004815,5,9,0.0,PASS
tier1_main_004817,5,9,0.0,PASS
tier1_main_004819,9,9,0.0,PASS
tier1_main_004821,9,9,0.0,PASS
tier1_main_004823,9,5,0.0,PASS
tier1_main_004825,9,9,0.0,PASS
tier1_main_004827,5,9,0.0,PASS
tier1_main_004829,9,5,0.0,PASS
tier1_main_004831,3,9,0.0,PASS
tier1_main_004833,5,3,0.0,PASS
tier1_main_004835,5,9,0.0,PASS
tier1_main_004837,9,9,0.0,PASS
tier1_main_004839,9,9,0.0,PASS
tier1_main_004841,9,5,0.0,PASS
tier1_main_004843,5,9,0.0,PASS
tier1_main_004845,9,9,0.0,PASS
tier1_main_004847,5,9,0.0,PASS
tier1_main_004849,9,9,0.0,PASS
tier1_main_004851,9,9,0.0,PASS
tier1_main_004853,9,9,0.0,PASS
tier1_main_004855,9,9,0.0,PASS
tier1_main_004857,5,5,0.0,PASS
tier1_main_004859,5,9,0.0,PASS
tier1_main_004861,5,9,0.0,PASS
tier1_main_004863,9,9,0.0,PASS
tier1_main_004865,5,3,0.0,PASS
tier1_main_004867,5,9,0.0,PASS
tier1_main_004869,5,9,0.0,PASS
tier1_main_004871,5,9,0.0,PASS
tier1_main_004873,9,3,0.0,PASS
tier1_main_004875,5,9,0.0,PASS
tier1_main_004877,9,9,0.0,PASS
tier1_main_004879,5,9,0.0,PASS
tier1_main_004881,9,5,0.0,PASS
tier1_main_004883,5,9,0.0,PASS
tier1_main_004885,5,9,0.0,PASS
tier1_main_004887,9,9,0.0,PASS
tier1_main_004889,9,9,0.0,PASS
tier1_main_004891,9,9,0.0,PASS
tier1_main_004893,5,9,0.0,PASS
tier1_main_004895,9,9,0.0,PASS
tier1_main_004897,5,9,0.0,PASS
tier1_main_004899,3,9,0.0,PASS
tier1_main_004901,5,9,0.0,PASS
tier1_main_004903,5,9,0.0,PASS
tier1_main_004905,5,9,0.0,PASS
tier1_main_004907,5,9,0.0,PASS
tier1_main_004909,9,9,0.0,PASS
tier1_main_004911,5,9,0.0,PASS
tier1_main_004913,9,9,0.0,PASS
tier1_main_004915,9,9,0.0,PASS
tier1_main_004917,9,9,0.0,PASS
tier1_main_004919,9,9,0.0,PASS
tier1_main_004921,9,9,0.0,PASS
tier1_main_004923,9,9,0.0,PASS
tier1_main_004925,9,9,0.0,PASS
tier1_main_004927,3,9,0.0,PASS
tier1_main_004929,5,9,0.0,PASS
tier1_main_004931,3,9,0.0,PASS
tier1_main_004933,5,9,0.0,PASS
tier1_main_004935,9,9,0.0,PASS
tier1_main_004937,9,9,0.0,PASS
tier1_main_004939,5,9,0.0,PASS
tier1_main_004941,9,9,0.0,PASS
tier1_main_004943,9,9,0.0,PASS
tier1_main_004945,9,5,0.0,PASS
tier1_main_004947,5,5,0.0,PASS
tier1_main_004949,9,9,0.0,PASS
tier1_main_004951,5,5,0.0,PASS
tier1_main_004953,9,9,0.0,PASS
tier1_main_004955,9,9,0.0,PASS
tier1_main_004957,3,9,0.0,PASS
tier1_main_004959,5,9,0.0,PASS
tier1_main_004961,9,9,0.0,PASS
tier1_main_004963,9,9,0.0,PASS
tier1_main_004965,9,9,0.0,PASS
tier1_main_004967,9,9,0.0,PASS
tier1_main_004969,9,9,0.0,PASS
tier1_main_004971,9,9,0.0,PASS
tier1_main_004973,5,9,0.0,PASS
tier1_main_004975,9,5,0.0,PASS
tier1_main_004977,9,9,0.0,PASS
tier1_main_004979,9,9,0.0,PASS
tier1_main_004981,3,9,0.0,PASS
tier1_main_004983,5,9,0.0,PASS
tier1_main_004985,5,9,0.0,PASS
tier1_main_004987,3,9,0.0,PASS
tier1_main_004989,9,9,0.0,PASS
tier1_main_004991,5,9,0.0,PASS
tier1_main_004993,9,9,0.0,PASS
tier1_main_004995,5,9,0.0,PASS
tier1_main_004997,9,9,0.0,PASS
tier1_main_004999,9,5,0.0,PASS
tier1_main_005001,9,5,0.0,PASS
tier1_main_005003,5,9,0.0,PASS
tier1_main_005005,5,9,0.0,PASS
tier1_main_005007,5,9,0.0,PASS
tier1_main_005009,9,5,0.0,PASS
tier1_main_005011,9,9,0.0,PASS
tier1_main_005013,9,9,0.0,PASS
tier1_main_005015,5,9,0.0,PASS
tier1_main_005017,9,9,0.0,PASS
tier1_main_005019,9,9,0.0,PASS
tier1_main_005021,9,9,0.0,PASS
tier1_main_005023,9,9,0.0,PASS
tier1_main_005025,9,9,0.0,PASS
tier1_main_005027,5,9,0.0,PASS
tier1_main_005029,5,9,0.0,PASS
tier1_main_005031,9,9,0.0,PASS
tier1_main_005033,5,9,0.0,PASS
tier1_main_005035,9,5,0.0,PASS
tier1_main_005037,5,5,0.0,PASS
tier1_main_005039,9,9,0.0,PASS
tier1_main_005041,9,5,0.0,PASS
tier1_main_005043,9,9,0.0,PASS
tier1_main_005045,9,9,0.0,PASS
tier1_main_005047,5,9,0.0,PASS
tier1_main_005049,5,9,0.0,PASS
tier1_main_005051,5,9,0.0,PASS
tier1_main_005053,9,9,0.0,PASS
tier1_main_005055,9,9,0.0,PASS
tier1_main_005057,9,3,0.0,PASS
tier1_main_005059,9,9,0.0,PASS
tier1_main_005061,5,9,0.0,PASS
tier1_main_005063,3,9,0.0,PASS
tier1_main_005065,9,9,0.0,PASS
tier1_main_005067,5,9,0.0,PASS
tier1_main_005069,9,9,0.0,PASS
tier1_main_005071,9,9,0.0,PASS
tier1_main_005073,9,9,0.0,PASS
tier1_main_005075,9,9,0.0,PASS
tier1_main_005077,9,9,0.0,PASS
tier1_main_005079,9,9,0.0,PASS
tier1_main_005081,9,9,0.0,PASS
tier1_main_005083,9,1,0.0,PASS
tier1_main_005085,5,9,0.0,PASS
tier1_main_005087,5,9,0.0,PASS
tier1_main_005089,5,9,0.0,PASS
tier1_main_005091,9,9,0.0,PASS
tier1_main_005093,9,5,0.0,PASS
tier1_main_005095,9,9,0.0,PASS
tier1_main_005097,9,5,0.0,PASS
tier1_main_005099,5,9,0.0,PASS
tier1_main_005101,9,5,0.0,PASS
tier1_main_005103,5,9,0.0,PASS
tier1_main_005105,9,9,0.0,PASS
tier1_main_005107,5,9,0.0,PASS
tier1_main_005109,5,9,0.0,PASS
tier1_main_005111,3,9,0.0,PASS
tier1_main_005113,9,9,0.0,PASS
tier1_main_005115,9,9,0.0,PASS
tier1_main_005117,9,3,0.0,PASS
tier1_main_005119,9,9,0.0,PASS
tier1_main_005121,9,9,0.0,PASS
tier1_main_005123,5,5,0.0,PASS
tier1_main_005125,9,5,0.0,PASS
tier1_main_005127,5,5,0.0,PASS
tier1_main_005129,5,5,0.0,PASS
tier1_main_005131,9,3,0.0,PASS
tier1_main_005133,9,9,0.0,PASS
tier1_main_005135,9,9,0.0,PASS
tier1_main_005137,5,9,0.0,PASS
tier1_main_005139,9,9,0.0,PASS
tier1_main_005141,9,9,0.0,PASS
tier1_main_005143,3,9,0.0,PASS
tier1_main_005145,9,9,0.0,PASS
tier1_main_005147,9,9,0.0,PASS
tier1_main_005149,9,9,0.0,PASS
tier1_main_005151,9,9,0.0,PASS
tier1_main_005153,9,9,0.0,PASS
tier1_main_005155,9,9,0.0,PASS
tier1_main_005157,3,9,0.0,PASS
tier1_main_005159,9,9,0.0,PASS
tier1_main_005161,3,9,0.0,PASS
tier1_main_005163,9,9,0.0,PASS
tier1_main_005165,9,9,0.0,PASS
tier1_main_005167,9,9,0.0,PASS
tier1_main_005169,9,9,0.0,PASS
tier1_main_005171,5,9,0.0,PASS
tier1_main_005173,9,3,0.0,PASS
tier1_main_005175,9,9,0.0,PASS
tier1_main_005177,9,1,0.0,PASS
tier1_main_005179,3,5,0.0,PASS
tier1_main_005181,5,9,0.0,PASS
tier1_main_005183,9,5,0.0,PASS
tier1_main_005185,5,9,0.0,PASS
tier1_main_005187,9,5,0.0,PASS
tier1_main_005189,9,9,0.0,PASS
tier1_main_005191,9,5,0.0,PASS
tier1_main_005193,9,9,0.0,PASS
tier1_main_005195,5,9,0.0,PASS
tier1_main_005197,9,9,0.0,PASS
tier1_main_005199,9,9,0.0,PASS
tier1_main_005201,9,9,0.0,PASS
tier1_main_005203,5,9,0.0,PASS
tier1_main_005205,9,9,0.0,PASS
tier1_main_005207,9,9,0.0,PASS
tier1_main_005209,9,9,0.0,PASS
tier1_main_005211,9,9,0.0,PASS
tier1_main_005213,9,9,0.0,PASS
tier1_main_005215,9,9,0.0,PASS
tier1_main_005217,9,5,0.0,PASS
tier1_main_005219,9,9,0.0,PASS
tier1_main_005221,9,9,0.0,PASS
tier1_main_005223,9,5,0.0,PASS
tier1_main_005225,9,9,0.0,PASS
tier1_main_005227,9,9,0.0,PASS
tier1_main_005229,9,9,0.0,PASS
tier1_main_005231,9,5,0.0,PASS
tier1_main_005233,9,9,0.0,PASS
tier1_main_005235,9,5,0.0,PASS
tier1_main_005237,9,9,0.0,PASS
tier1_main_005239,9,9,0.0,PASS
tier1_main_005241,9,5,0.0,PASS
tier1_main_005243,9,9,0.0,PASS
tier1_main_005245,9,9,0.0,PASS
tier1_main_005247,9,9,0.0,PASS
tier1_main_005249,9,9,0.0,PASS
tier1_main_005251,9,9,0.0,PASS
tier1_main_005253,9,5,0.0,PASS
tier1_main_005255,9,9,0.0,PASS
tier1_main_005257,9,9,0.0,PASS
tier1_main_005259,9,5,0.0,PASS
tier1_main_005261,9,9,0.0,PASS
tier1_main_005263,9,9,0.0,PASS
tier1_main_005265,3,9,0.0,PASS
tier1_main_005267,9,9,0.0,PASS
tier1_main_005269,9,9,0.0,PASS
tier1_main_005271,9,9,0.0,PASS
tier1_main_005273,9,9,0.0,PASS
tier1_main_005275,5,9,0.0,PASS
tier1_main_005277,9,9,0.0,PASS
tier1_main_005279,9,9,0.0,PASS
tier1_main_005281,9,5,0.0,PASS
tier1_main_005283,9,9,0.0,PASS
tier1_main_005285,9,9,0.0,PASS
tier1_main_005287,9,9,0.0,PASS
tier1_main_005289,9,5,0.0,PASS
tier1_main_005291,9,5,0.0,PASS
tier1_main_005293,9,9,0.0,PASS
tier1_main_005295,9,5,0.0,PASS
tier1_main_005297,9,5,0.0,PASS
tier1_main_005299,9,9,0.0,PASS
tier1_main_005301,9,9,0.0,PASS
tier1_main_005303,9,5,0.0,PASS
tier1_main_005305,9,9,0.0,PASS
tier1_main_005307,5,9,0.0,PASS
tier1_main_005309,9,9,0.0,PASS
tier1_main_005311,9,3,0.0,PASS
tier1_main_005313,9,5,0.0,PASS
tier1_main_005315,9,5,0.0,PASS
tier1_main_005317,9,9,0.0,PASS
tier1_main_005319,9,9,0.0,PASS
tier1_main_005321,5,9,0.0,PASS
tier1_main_005323,5,9,0.0,PASS
tier1_main_005325,9,9,0.0,PASS
tier1_main_005327,9,9,0.0,PASS
tier1_main_005329,9,9,0.0,PASS
tier1_main_005331,5,9,0.0,PASS
tier1_main_005333,9,9,0.0,PASS
tier1_main_005335,9,5,0.0,PASS
tier1_main_005337,9,5,0.0,PASS
tier1_main_005339,9,9,0.0,PASS
tier1_main_005341,9,9,0.0,PASS
tier1_main_005343,9,9,0.0,PASS
tier1_main_005345,9,9,0.0,PASS
tier1_main_005347,9,5,0.0,PASS
tier1_main_005349,9,3,0.0,PASS
tier1_main_005351,9,9,0.0,PASS
tier1_main_005353,9,5,0.0,PASS
tier1_main_005355,9,9,0.0,PASS
tier1_main_005357,9,9,0.0,PASS
tier1_main_005359,9,9,0.0,PASS
tier1_main_005361,9,9,0.0,PASS
tier1_main_005363,9,9,0.0,PASS
tier1_main_005365,9,9,0.0,PASS
tier1_main_005367,9,9,0.0,PASS
tier1_main_005369,9,9,0.0,PASS
tier1_main_005371,9,9,0.0,PASS
tier1_main_005373,9,9,0.0,PASS
tier1_main_005375,9,9,0.0,PASS
tier1_main_005377,9,9,0.0,PASS
tier1_main_005379,9,9,0.0,PASS
tier1_main_005381,9,9,0.0,PASS
tier1_main_005383,9,9,0.0,PASS
tier1_main_005385,9,5,0.0,PASS
tier1_main_005387,9,9,0.0,PASS
tier1_main_005389,9,9,0.0,PASS
tier1_main_005391,9,9,0.0,PASS
tier1_main_005393,9,9,0.0,PASS
tier1_main_005395,9,9,0.0,PASS
tier1_main_005397,9,9,0.0,PASS
tier1_main_005399,9,9,0.0,PASS
tier1_main_005401,9,3,0.0,PASS
tier1_main_005403,5,9,0.0,PASS
tier1_main_005405,5,9,0.0,PASS
tier1_main_005407,9,9,0.0,PASS
tier1_main_005409,9,9,0.0,PASS
tier1_main_005411,9,5,0.0,PASS
tier1_main_005413,9,9,0.0,PASS
tier1_main_005415,9,9,0.0,PASS
tier1_main_005417,9,9,0.0,PASS
tier1_main_005419,9,9,0.0,PASS
tier1_main_005421,9,9,0.0,PASS
tier1_main_005423,5,5,0.0,PASS
tier1_main_005425,5,9,0.0,PASS
tier1_main_005427,9,5,0.0,PASS
tier1_main_005429,9,5,0.0,PASS
tier1_main_005431,9,9,0.0,PASS
tier1_main_005433,9,9,0.0,PASS
tier1_main_005435,9,5,0.0,PASS
tier1_main_005437,3,9,0.0,PASS
tier1_main_005439,9,9,0.0,PASS
tier1_main_005441,5,3,0.0,PASS
tier1_main_005443,9,5,0.0,PASS
tier1_main_005445,9,9,0.0,PASS
tier1_main_005447,9,5,0.0,PASS
tier1_main_005449,9,3,0.0,PASS
tier1_main_005451,9,9,0.0,PASS
tier1_main_005453,9,9,0.0,PASS
tier1_main_005455,9,9,0.0,PASS
tier1_main_005457,9,9,0.0,PASS
tier1_main_005459,9,3,0.0,PASS
tier1_main_005461,9,9,0.0,PASS
tier1_main_005463,9,5,0.0,PASS
tier1_main_005465,9,3,0.0,PASS
tier1_main_005467,9,9,0.0,PASS
tier1_main_005469,9,9,0.0,PASS
tier1_main_005471,9,9,0.0,PASS
tier1_main_005473,9,5,0.0,PASS
tier1_main_005475,5,3,0.0,PASS
tier1_main_005477,9,9,0.0,PASS
tier1_main_005479,9,9,0.0,PASS
tier1_main_005481,9,5,0.0,PASS
tier1_main_005483,9,9,0.0,PASS
tier1_main_005485,9,5,0.0,PASS
tier1_main_005487,9,9,0.0,PASS
tier1_main_005489,5,9,0.0,PASS
tier1_main_005491,9,9,0.0,PASS
tier1_main_005493,9,9,0.0,PASS
tier1_main_005495,9,9,0.0,PASS
tier1_main_005497,5,9,0.0,PASS
tier1_main_005499,9,9,0.0,PASS
tier1_main_005501,9,9,0.0,PASS
tier1_main_005503,9,9,0.0,PASS
tier1_main_005505,9,9,0.0,PASS
tier1_main_005507,9,9,0.0,PASS
tier1_main_005509,9,9,0.0,PASS
tier1_main_005511,9,5,0.0,PASS
tier1_main_005513,9,9,0.0,PASS
tier1_main_005515,5,3,0.0,PASS
tier1_main_005517,3,9,0.0,PASS
tier1_main_005519,9,9,0.0,PASS
tier1_main_005521,9,3,0.0,PASS
tier1_main_005523,9,9,0.0,PASS
tier1_main_005525,9,9,0.0,PASS
tier1_main_005527,9,9,0.0,PASS
tier1_main_005529,9,9,0.0,PASS
tier1_main_005531,5,9,0.0,PASS
tier1_main_005533,9,5,0.0,PASS
tier1_main_005535,9,3,0.0,PASS
tier1_main_005537,9,9,0.0,PASS
tier1_main_005539,9,9,0.0,PASS
tier1_main_005541,9,9,0.0,PASS
tier1_main_005543,5,9,0.0,PASS
tier1_main_005545,9,9,0.0,PASS
tier1_main_005547,9,9,0.0,PASS
tier1_main_005549,9,5,0.0,PASS
tier1_main_005551,9,5,0.0,PASS
tier1_main_005553,5,9,0.0,PASS
tier1_main_005555,9,9,0.0,PASS
tier1_main_005557,9,9,0.0,PASS
tier1_main_005559,9,9,0.0,PASS
tier1_main_005561,9,9,0.0,PASS
tier1_main_005563,5,9,0.0,PASS
tier1_main_005565,9,9,0.0,PASS
tier1_main_005567,5,9,0.0,PASS
tier1_main_005569,9,9,0.0,PASS
tier1_main_005571,9,9,0.0,PASS
tier1_main_005573,3,9,0.0,PASS
tier1_main_005575,9,5,0.0,PASS
tier1_main_005577,9,9,0.0,PASS
tier1_main_005579,9,9,0.0,PASS
tier1_main_005581,9,9,0.0,PASS
tier1_main_005583,9,9,0.0,PASS
tier1_main_005585,9,5,0.0,PASS
tier1_main_005587,9,9,0.0,PASS
tier1_main_005589,9,9,0.0,PASS
tier1_main_005591,9,9,0.0,PASS
tier1_main_005593,9,5,0.0,PASS
tier1_main_005595,9,9,0.0,PASS
tier1_main_005597,9,9,0.0,PASS
tier1_main_005599,9,9,0.0,PASS
tier1_main_005601,9,9,0.0,PASS
tier1_main_005603,5,9,0.0,PASS
tier1_main_005605,9,3,0.0,PASS
tier1_main_005607,5,9,0.0,PASS
tier1_main_005609,9,5,0.0,PASS
tier1_main_005611,9,3,0.0,PASS
tier1_main_005613,5,9,0.0,PASS
tier1_main_005615,9,9,0.0,PASS
tier1_main_005617,5,9,0.0,PASS
tier1_main_005619,9,9,0.0,PASS
tier1_main_005621,9,5,0.0,PASS
tier1_main_005623,9,9,0.0,PASS
tier1_main_005625,9,9,0.0,PASS
tier1_main_005627,9,9,0.0,PASS
tier1_main_005629,5,5,0.0,PASS
tier1_main_005631,9,3,0.0,PASS
tier1_main_005633,9,9,0.0,PASS
tier1_main_005635,9,9,0.0,PASS
tier1_main_005637,9,9,0.0,PASS
tier1_main_005639,9,9,0.0,PASS
tier1_main_005641,9,5,0.0,PASS
tier1_main_005643,9,5,0.0,PASS
tier1_main_005645,9,9,0.0,PASS
tier1_main_005647,9,9,0.0,PASS
tier1_main_005649,3,3,0.0,PASS
tier1_main_005651,9,9,0.0,PASS
tier1_main_005653,9,9,0.0,PASS
tier1_main_005655,9,9,0.0,PASS
tier1_main_005657,5,9,0.0,PASS
tier1_main_005659,9,9,0.0,PASS
tier1_main_005661,3,9,0.0,PASS
tier1_main_005663,9,9,0.0,PASS
tier1_main_005665,9,9,0.0,PASS
tier1_main_005667,3,5,0.0,PASS
tier1_main_005669,9,9,0.0,PASS
tier1_main_005671,3,3,0.0,PASS
tier1_main_005673,3,9,0.0,PASS
tier1_main_005675,9,9,0.0,PASS
tier1_main_005677,9,9,0.0,PASS
tier1_main_005679,9,9,0.0,PASS
tier1_main_005681,9,9,0.0,PASS
tier1_main_005683,9,9,0.0,PASS
tier1_main_005685,9,5,0.0,PASS
tier1_main_005687,9,9,0.0,PASS
tier1_main_005689,3,9,0.0,PASS
tier1_main_005691,3,9,0.0,PASS
tier1_main_005693,9,5,0.0,PASS
tier1_main_005695,9,9,0.0,PASS
tier1_main_005697,9,9,0.0,PASS
tier1_main_005699,5,5,0.0,PASS
tier1_main_005701,9,5,0.0,PASS
tier1_main_005703,9,9,0.0,PASS
tier1_main_005705,9,9,0.0,PASS
tier1_main_005707,9,5,0.0,PASS
tier1_main_005709,9,9,0.0,PASS
tier1_main_005711,9,9,0.0,PASS
tier1_main_005713,5,9,0.0,PASS
tier1_main_005715,9,9,0.0,PASS
tier1_main_005717,9,9,0.0,PASS
tier1_main_005719,9,9,0.0,PASS
tier1_main_005721,9,5,0.0,PASS
tier1_main_005723,9,5,0.0,PASS
tier1_main_005725,9,9,0.0,PASS
tier1_main_005727,9,5,0.0,PASS
tier1_main_005729,9,5,0.0,PASS
tier1_main_005731,9,9,0.0,PASS
tier1_main_005733,9,9,0.0,PASS
tier1_main_005735,9,9,0.0,PASS
tier1_main_005737,5,9,0.0,PASS
tier1_main_005739,9,9,0.0,PASS
tier1_main_005741,3,9,0.0,PASS
tier1_main_005743,9,5,0.0,PASS
tier1_main_005745,9,9,0.0,PASS
tier1_main_005747,5,9,0.0,PASS
tier1_main_005749,9,9,0.0,PASS
tier1_main_005751,9,5,0.0,PASS
tier1_main_005753,9,9,0.0,PASS
tier1_main_005755,5,9,0.0,PASS
tier1_main_005757,9,9,0.0,PASS
tier1_main_005759,9,9,0.0,PASS
tier1_main_005761,9,5,0.0,PASS
tier1_main_005763,9,9,0.0,PASS
tier1_main_005765,3,9,0.0,PASS
tier1_main_005767,5,5,0.0,PASS
tier1_main_005769,5,3,0.0,PASS
tier1_main_005771,9,5,0.0,PASS
tier1_main_005773,9,9,0.0,PASS
tier1_main_005775,3,9,0.0,PASS
tier1_main_005777,5,3,0.0,PASS
tier1_main_005779,9,9,0.0,PASS
tier1_main_005781,5,5,0.0,PASS
tier1_main_005783,9,9,0.0,PASS
tier1_main_005785,5,5,0.0,PASS
tier1_main_005787,9,5,0.0,PASS
tier1_main_005789,9,9,0.0,PASS
tier1_main_005791,9,5,0.0,PASS
tier1_main_005793,5,9,0.0,PASS
tier1_main_005795,1,9,0.0,PASS
tier1_main_005797,5,9,0.0,PASS
tier1_main_005799,9,9,0.0,PASS
tier1_main_005801,5,9,0.0,PASS
tier1_main_005803,9,5,0.0,PASS
tier1_main_005805,9,5,0.0,PASS
tier1_main_005807,3,9,0.0,PASS
tier1_main_005809,3,5,0.0,PASS
tier1_main_005811,9,5,0.0,PASS
tier1_main_005813,3,5,0.0,PASS
tier1_main_005815,9,5,0.0,PASS
tier1_main_005817,5,9,0.0,PASS
tier1_main_005819,5,9,0.0,PASS
tier1_main_005821,5,9,0.0,PASS
tier1_main_005823,3,9,0.0,PASS
tier1_main_005825,3,9,0.0,PASS
tier1_main_005827,5,9,0.0,PASS
tier1_main_005829,5,5,0.0,PASS
tier1_main_005831,3,9,0.0,PASS
tier1_main_005833,3,9,0.0,PASS
tier1_main_005835,9,9,0.0,PASS
tier1_main_005837,5,5,0.0,PASS
tier1_main_005839,9,9,0.0,PASS
tier1_main_005841,5,5,0.0,PASS
tier1_main_005843,5,3,0.0,PASS
tier1_main_005845,9,9,0.0,PASS
tier1_main_005847,9,5,0.0,PASS
tier1_main_005849,5,9,0.0,PASS
tier1_main_005851,3,9,0.0,PASS
tier1_main_005853,5,5,0.0,PASS
tier1_main_005855,5,9,0.0,PASS
tier1_main_005857,5,9,0.0,PASS
tier1_main_005859,3,9,0.0,PASS
tier1_main_005861,3,3,0.0,PASS
tier1_main_005863,5,5,0.0,PASS
tier1_main_005865,9,9,0.0,PASS
tier1_main_005867,9,9,0.0,PASS
tier1_main_005869,5,5,0.0,PASS
tier1_main_005871,5,9,0.0,PASS
tier1_main_005873,9,3,0.0,PASS
tier1_main_005875,9,3,0.0,PASS
tier1_main_005877,9,9,0.0,PASS
tier1_main_005879,3,9,0.0,PASS
tier1_main_005881,3,9,0.0,PASS
tier1_main_005883,5,9,0.0,PASS
tier1_main_005885,3,9,0.0,PASS
tier1_main_005887,9,9,0.0,PASS
tier1_main_005889,3,9,0.0,PASS
tier1_main_005891,3,9,0.0,PASS
tier1_main_005893,3,9,0.0,PASS
tier1_main_005895,9,3,0.0,PASS
tier1_main_005897,9,9,0.0,PASS
tier1_main_005899,9,3,0.0,PASS
tier1_main_005901,9,9,0.0,PASS
tier1_main_005903,5,9,0.0,PASS
tier1_main_005905,5,9,0.0,PASS
tier1_main_005907,5,9,0.0,PASS
tier1_main_005909,3,9,0.0,PASS
tier1_main_005911,3,9,0.0,PASS
tier1_main_005913,9,5,0.0,PASS
tier1_main_005915,5,9,0.0,PASS
tier1_main_005917,9,5,0.0,PASS
tier1_main_005919,9,9,0.0,PASS
tier1_main_005921,9,9,0.0,PASS
tier1_main_005923,1,3,0.0,PASS
tier1_main_005925,9,9,0.0,PASS
tier1_main_005927,3,9,0.0,PASS
tier1_main_005929,9,9,0.0,PASS
tier1_main_005931,9,5,0.0,PASS
tier1_main_005933,3,3,0.0,PASS
tier1_main_005935,5,9,0.0,PASS
tier1_main_005937,9,5,0.0,PASS
tier1_main_005939,9,9,0.0,PASS
tier1_main_005941,3,9,0.0,PASS
tier1_main_005943,5,5,0.0,PASS
tier1_main_005945,3,9,0.0,PASS
tier1_main_005947,9,3,0.0,PASS
tier1_main_005949,5,9,0.0,PASS
tier1_main_005951,3,5,0.0,PASS
tier1_main_005953,9,9,0.0,PASS
tier1_main_005955,5,9,0.0,PASS
tier1_main_005957,3,5,0.0,PASS
tier1_main_005959,3,5,0.0,PASS
tier1_main_005961,9,5,0.0,PASS
tier1_main_005963,5,9,0.0,PASS
tier1_main_005965,3,3,0.0,PASS
tier1_main_005967,3,9,0.0,PASS
tier1_main_005969,5,9,0.0,PASS
tier1_main_005971,3,9,0.0,PASS
tier1_main_005973,5,5,0.0,PASS
tier1_main_005975,3,9,0.0,PASS
tier1_main_005977,5,5,0.0,PASS
tier1_main_005979,3,9,0.0,PASS
tier1_main_005981,3,9,0.0,PASS
tier1_main_005983,5,3,0.0,PASS
tier1_main_005985,9,9,0.0,PASS
tier1_main_005987,3,9,0.0,PASS
tier1_main_005989,5,9,0.0,PASS
tier1_main_005991,5,9,0.0,PASS
tier1_main_005993,9,9,0.0,PASS
tier1_main_005995,5,5,0.0,PASS
tier1_main_005997,3,9,0.0,PASS
tier1_main_005999,9,9,0.0,PASS
tier1_main_006001,9,9,0.0,PASS
tier1_main_006003,9,9,0.0,PASS
tier1_main_006005,9,9,0.0,PASS
tier1_main_006007,9,9,0.0,PASS
tier1_main_006009,9,9,0.0,PASS
tier1_main_006011,9,5,0.0,PASS
tier1_main_006013,9,9,0.0,PASS
tier1_main_006015,9,9,0.0,PASS
tier1_main_006017,9,9,0.0,PASS
tier1_main_006019,9,9,0.0,PASS
tier1_main_006021,9,9,0.0,PASS
tier1_main_006023,9,9,0.0,PASS
tier1_main_006025,5,9,0.0,PASS
tier1_main_006027,9,9,0.0,PASS
tier1_main_006029,9,9,0.0,PASS
tier1_main_006031,9,9,0.0,PASS
tier1_main_006033,9,9,0.0,PASS
tier1_main_006035,9,9,0.0,PASS
tier1_main_006037,9,9,0.0,PASS
tier1_main_006039,9,9,0.0,PASS
tier1_main_006041,9,9,0.0,PASS
tier1_main_006043,9,9,0.0,PASS
tier1_main_006045,9,9,0.0,PASS
tier1_main_006047,9,9,0.0,PASS
tier1_main_006049,5,9,0.0,PASS
tier1_main_006051,9,9,0.0,PASS
tier1_main_006053,9,9,0.0,PASS
tier1_main_006055,9,9,0.0,PASS
tier1_main_006057,9,9,0.0,PASS
tier1_main_006059,9,9,0.0,PASS
tier1_main_006061,5,9,0.0,PASS
tier1_main_006063,9,9,0.0,PASS
tier1_main_006065,9,9,0.0,PASS
tier1_main_006067,9,9,0.0,PASS
tier1_main_006069,5,5,0.0,PASS
tier1_main_006071,9,9,0.0,PASS
tier1_main_006073,9,9,0.0,PASS
tier1_main_006075,9,5,0.0,PASS
tier1_main_006077,9,9,0.0,PASS
tier1_main_006079,9,9,0.0,PASS
tier1_main_006081,9,9,0.0,PASS
tier1_main_006083,9,9,0.0,PASS
tier1_main_006085,9,9,0.0,PASS
tier1_main_006087,9,9,0.0,PASS
tier1_main_006089,9,9,0.0,PASS
tier1_main_006091,9,9,0.0,PASS
tier1_main_006093,5,9,0.0,PASS
tier1_main_006095,9,9,0.0,PASS
tier1_main_006097,9,5,0.0,PASS
tier1_main_006099,9,9,0.0,PASS
tier1_main_006101,9,9,0.0,PASS
tier1_main_006103,9,9,0.0,PASS
tier1_main_006105,5,9,0.0,PASS
tier1_main_006107,9,9,0.0,PASS
tier1_main_006109,9,9,0.0,PASS
tier1_main_006111,5,9,0.0,PASS
tier1_main_006113,5,9,0.0,PASS
tier1_main_006115,9,9,0.0,PASS
tier1_main_006117,9,5,0.0,PASS
tier1_main_006119,9,9,0.0,PASS
tier1_main_006121,9,9,0.0,PASS
tier1_main_006123,9,9,0.0,PASS
tier1_main_006125,9,9,0.0,PASS
tier1_main_006127,9,9,0.0,PASS
tier1_main_006129,9,9,0.0,PASS
tier1_main_006131,9,9,0.0,PASS
tier1_main_006133,9,9,0.0,PASS
tier1_main_006135,9,9,0.0,PASS
tier1_main_006137,9,9,0.0,PASS
tier1_main_006139,9,9,0.0,PASS
tier1_main_006141,9,9,0.0,PASS
tier1_main_006143,9,9,0.0,PASS
tier1_main_006145,9,9,0.0,PASS
tier1_main_006147,9,9,0.0,PASS
tier1_main_006149,9,9,0.0,PASS
tier1_main_006151,9,3,0.0,PASS
tier1_main_006153,9,9,0.0,PASS
tier1_main_006155,9,9,0.0,PASS
tier1_main_006157,9,5,0.0,PASS
tier1_main_006159,5,9,0.0,PASS
tier1_main_006161,9,5,0.0,PASS
tier1_main_006163,9,9,0.0,PASS
tier1_main_006165,9,9,0.0,PASS
tier1_main_006167,9,9,0.0,PASS
tier1_main_006169,9,9,0.0,PASS
tier1_main_006171,9,9,0.0,PASS
tier1_main_006173,9,9,0.0,PASS
tier1_main_006175,9,9,0.0,PASS
tier1_main_006177,5,9,0.0,PASS
tier1_main_006179,9,9,0.0,PASS
tier1_main_006181,9,9,0.0,PASS
tier1_main_006183,5,9,0.0,PASS
tier1_main_006185,5,9,0.0,PASS
tier1_main_006187,9,9,0.0,PASS
tier1_main_006189,9,9,0.0,PASS
tier1_main_006191,9,9,0.0,PASS
tier1_main_006193,9,9,0.0,PASS
tier1_main_006195,9,9,0.0,PASS
tier1_main_006197,9,9,0.0,PASS
tier1_main_006199,5,9,0.0,PASS
tier1_main_006201,5,9,0.0,PASS
tier1_main_006203,5,5,0.0,PASS
tier1_main_006205,9,9,0.0,PASS
tier1_main_006207,9,9,0.0,PASS
tier1_main_006209,9,9,0.0,PASS
tier1_main_006211,9,5,0.0,PASS
tier1_main_006213,5,9,0.0,PASS
tier1_main_006215,9,9,0.0,PASS
tier1_main_006217,9,5,0.0,PASS
tier1_main_006219,9,9,0.0,PASS
tier1_main_006221,9,9,0.0,PASS
tier1_main_006223,5,9,0.0,PASS
tier1_main_006225,9,5,0.0,PASS
tier1_main_006227,9,9,0.0,PASS
tier1_main_006229,5,5,0.0,PASS
tier1_main_006231,9,9,0.0,PASS
tier1_main_006233,9,9,0.0,PASS
tier1_main_006235,9,9,0.0,PASS
tier1_main_006237,5,5,0.0,PASS
tier1_main_006239,9,9,0.0,PASS
tier1_main_006241,9,5,0.0,PASS
tier1_main_006243,5,5,0.0,PASS
tier1_main_006245,9,9,0.0,PASS
tier1_main_006247,9,9,0.0,PASS
tier1_main_006249,5,9,0.0,PASS
tier1_main_006251,9,3,0.0,PASS
tier1_main_006253,5,9,0.0,PASS
tier1_main_006255,9,9,0.0,PASS
tier1_main_006257,5,9,0.0,PASS
tier1_main_006259,9,9,0.0,PASS
tier1_main_006261,9,9,0.0,PASS
tier1_main_006263,9,9,0.0,PASS
tier1_main_006265,9,9,0.0,PASS
tier1_main_006267,9,3,0.0,PASS
tier1_main_006269,9,9,0.0,PASS
tier1_main_006271,9,9,0.0,PASS
tier1_main_006273,9,9,0.0,PASS
tier1_main_006275,9,9,0.0,PASS
tier1_main_006277,9,5,0.0,PASS
tier1_main_006279,9,9,0.0,PASS
tier1_main_006281,9,9,0.0,PASS
tier1_main_006283,9,9,0.0,PASS
tier1_main_006285,9,5,0.0,PASS
tier1_main_006287,5,9,0.0,PASS
tier1_main_006289,9,9,0.0,PASS
tier1_main_006291,9,9,0.0,PASS
tier1_main_006293,9,9,0.0,PASS
tier1_main_006295,5,9,0.0,PASS
tier1_main_006297,3,3,0.0,PASS
tier1_main_006299,9,9,0.0,PASS
tier1_main_006301,9,9,0.0,PASS
tier1_main_006303,9,9,0.0,PASS
tier1_main_006305,9,9,0.0,PASS
tier1_main_006307,9,3,0.0,PASS
tier1_main_006309,9,9,0.0,PASS
tier1_main_006311,5,5,0.0,PASS
tier1_main_006313,9,5,0.0,PASS
tier1_main_006315,5,9,0.0,PASS
tier1_main_006317,9,9,0.0,PASS
tier1_main_006319,5,9,0.0,PASS
tier1_main_006321,9,9,0.0,PASS
tier1_main_006323,5,9,0.0,PASS
tier1_main_006325,9,5,0.0,PASS
tier1_main_006327,9,5,0.0,PASS
tier1_main_006329,5,9,0.0,PASS
tier1_main_006331,5,9,0.0,PASS
tier1_main_006333,5,5,0.0,PASS
tier1_main_006335,5,9,0.0,PASS
tier1_main_006337,5,9,0.0,PASS
tier1_main_006339,5,5,0.0,PASS
tier1_main_006341,9,3,0.0,PASS
tier1_main_006343,9,9,0.0,PASS
tier1_main_006345,9,9,0.0,PASS
tier1_main_006347,9,9,0.0,PASS
tier1_main_006349,3,5,0.0,PASS
tier1_main_006351,9,5,0.0,PASS
tier1_main_006353,9,9,0.0,PASS
tier1_main_006355,9,9,0.0,PASS
tier1_main_006357,5,9,0.0,PASS
tier1_main_006359,9,9,0.0,PASS
tier1_main_006361,5,9,0.0,PASS
tier1_main_006363,5,9,0.0,PASS
tier1_main_006365,3,9,0.0,PASS
tier1_main_006367,9,5,0.0,PASS
tier1_main_006369,9,9,0.0,PASS
tier1_main_006371,9,9,0.0,PASS
tier1_main_006373,9,9,0.0,PASS
tier1_main_006375,5,5,0.0,PASS
tier1_main_006377,9,9,0.0,PASS
tier1_main_006379,9,9,0.0,PASS
tier1_main_006381,9,9,0.0,PASS
tier1_main_006383,3,9,0.0,PASS
tier1_main_006385,9,5,0.0,PASS
tier1_main_006387,5,9,0.0,PASS
tier1_main_006389,9,9,0.0,PASS
tier1_main_006391,9,9,0.0,PASS
tier1_main_006393,9,9,0.0,PASS
tier1_main_006395,3,9,0.0,PASS
tier1_main_006397,3,9,0.0,PASS
tier1_main_006399,9,9,0.0,PASS
tier1_main_006401,3,3,0.0,PASS
tier1_main_006403,9,9,0.0,PASS
tier1_main_006405,3,5,0.0,PASS
tier1_main_006407,9,3,0.0,PASS
tier1_main_006409,5,3,0.0,PASS
tier1_main_006411,3,3,0.0,PASS
tier1_main_006413,9,3,0.0,PASS
tier1_main_006415,9,9,0.0,PASS
tier1_main_006417,3,5,0.0,PASS
tier1_main_006419,5,3,0.0,PASS
tier1_main_006421,3,9,0.0,PASS
tier1_main_006423,5,3,0.0,PASS
tier1_main_006425,9,9,0.0,PASS
tier1_main_006427,9,5,0.0,PASS
tier1_main_006429,3,3,0.0,PASS
tier1_main_006431,3,3,0.0,PASS
tier1_main_006433,5,9,0.0,PASS
tier1_main_006435,9,9,0.0,PASS
tier1_main_006437,9,5,0.0,PASS
tier1_main_006439,3,3,0.0,PASS
tier1_main_006441,3,9,0.0,PASS
tier1_main_006443,9,5,0.0,PASS
tier1_main_006445,9,5,0.0,PASS
tier1_main_006447,3,9,0.0,PASS
tier1_main_006449,5,5,0.0,PASS
tier1_main_006451,9,9,0.0,PASS
tier1_main_006453,5,3,0.0,PASS
tier1_main_006455,3,3,0.0,PASS
tier1_main_006457,5,9,0.0,PASS
tier1_main_006459,3,5,0.0,PASS
tier1_main_006461,3,3,0.0,PASS
tier1_main_006463,5,5,0.0,PASS
tier1_main_006465,9,5,0.0,PASS
tier1_main_006467,9,9,0.0,PASS
tier1_main_006469,5,9,0.0,PASS
tier1_main_006471,3,3,0.0,PASS
tier1_main_006473,9,9,0.0,PASS
tier1_main_006475,9,5,0.0,PASS
tier1_main_006477,5,5,0.0,PASS
tier1_main_006479,9,5,0.0,PASS
tier1_main_006481,9,9,0.0,PASS
tier1_main_006483,3,3,0.0,PASS
tier1_main_006485,3,9,0.0,PASS
tier1_main_006487,9,3,0.0,PASS
tier1_main_006489,5,3,0.0,PASS
tier1_main_006491,5,3,0.0,PASS
tier1_main_006493,5,5,0.0,PASS
tier1_main_006495,3,3,0.0,PASS
tier1_main_006497,3,5,0.0,PASS
tier1_main_006499,3,3,0.0,PASS
tier1_main_006501,9,3,0.0,PASS
tier1_main_006503,5,3,0.0,PASS
tier1_main_006505,9,9,0.0,PASS
tier1_main_006507,9,5,0.0,PASS
tier1_main_006509,3,9,0.0,PASS
tier1_main_006511,3,5,0.0,PASS
tier1_main_006513,9,5,0.0,PASS
tier1_main_006515,9,9,0.0,PASS
tier1_main_006517,3,3,0.0,PASS
tier1_main_006519,9,5,0.0,PASS
tier1_main_006521,3,9,0.0,PASS
tier1_main_006523,3,3,0.0,PASS
tier1_main_006525,3,3,0.0,PASS
tier1_main_006527,9,9,0.0,PASS
tier1_main_006529,5,5,0.0,PASS
tier1_main_006531,9,9,0.0,PASS
tier1_main_006533,3,3,0.0,PASS
tier1_main_006535,5,3,0.0,PASS
tier1_main_006537,5,5,0.0,PASS
tier1_main_006539,3,9,0.0,PASS
tier1_main_006541,3,3,0.0,PASS
tier1_main_006543,3,5,0.0,PASS
tier1_main_006545,3,3,0.0,PASS
tier1_main_006547,3,5,0.0,PASS
tier1_main_006549,3,9,0.0,PASS
tier1_main_006551,3,5,0.0,PASS
tier1_main_006553,9,9,0.0,PASS
tier1_main_006555,3,3,0.0,PASS
tier1_main_006557,3,5,0.0,PASS
tier1_main_006559,3,5,0.0,PASS
tier1_main_006561,9,5,0.0,PASS
tier1_main_006563,5,5,0.0,PASS
tier1_main_006565,9,3,0.0,PASS
tier1_main_006567,3,3,0.0,PASS
tier1_main_006569,3,3,0.0,PASS
tier1_main_006571,9,9,0.0,PASS
tier1_main_006573,9,3,0.0,PASS
tier1_main_006575,9,5,0.0,PASS
tier1_main_006577,3,5,0.0,PASS
tier1_main_006579,9,3,0.0,PASS
tier1_main_006581,5,5,0.0,PASS
tier1_main_006583,9,9,0.0,PASS
tier1_main_006585,5,3,0.0,PASS
tier1_main_006587,9,3,0.0,PASS
tier1_main_006589,9,9,0.0,PASS
tier1_main_006591,3,9,0.0,PASS
tier1_main_006593,3,9,0.0,PASS
tier1_main_006595,3,3,0.0,PASS
tier1_main_006597,5,3,0.0,PASS
tier1_main_006599,5,5,0.0,PASS
tier1_main_006601,3,9,0.0,PASS
tier1_main_006603,3,9,0.0,PASS
tier1_main_006605,3,9,0.0,PASS
tier1_main_006607,1,9,0.0,PASS
tier1_main_006609,3,5,0.0,PASS
tier1_main_006611,9,5,0.0,PASS
tier1_main_006613,3,9,0.0,PASS
tier1_main_006615,3,9,0.0,PASS
tier1_main_006617,9,9,0.0,PASS
tier1_main_006619,3,9,0.0,PASS
tier1_main_006621,9,5,0.0,PASS
tier1_main_006623,3,9,0.0,PASS
tier1_main_006625,3,9,0.0,PASS
tier1_main_006627,9,9,0.0,PASS
tier1_main_006629,9,9,0.0,PASS
tier1_main_006631,5,5,0.0,PASS
tier1_main_006633,9,9,0.0,PASS
tier1_main_006635,3,9,0.0,PASS
tier1_main_006637,3,5,0.0,PASS
tier1_main_006639,5,9,0.0,PASS
tier1_main_006641,3,9,0.0,PASS
tier1_main_006643,3,9,0.0,PASS
tier1_main_006645,1,9,0.0,PASS
tier1_main_006647,3,9,0.0,PASS
tier1_main_006649,9,9,0.0,PASS
tier1_main_006651,3,9,0.0,PASS
tier1_main_006653,3,9,0.0,PASS
tier1_main_006655,3,9,0.0,PASS
tier1_main_006657,3,9,0.0,PASS
tier1_main_006659,9,9,0.0,PASS
tier1_main_006661,3,9,0.0,PASS
tier1_main_006663,1,9,0.0,PASS
tier1_main_006665,3,9,0.0,PASS
tier1_main_006667,3,9,0.0,PASS
tier1_main_006669,3,9,0.0,PASS
tier1_main_006671,9,3,0.0,PASS
tier1_main_006673,3,9,0.0,PASS
tier1_main_006675,3,9,0.0,PASS
tier1_main_006677,3,5,0.0,PASS
tier1_main_006679,3,9,0.0,PASS
tier1_main_006681,3,9,0.0,PASS
tier1_main_006683,3,9,0.0,PASS
tier1_main_006685,3,9,0.0,PASS
tier1_main_006687,3,9,0.0,PASS
tier1_main_006689,9,9,0.0,PASS
tier1_main_006691,3,9,0.0,PASS
tier1_main_006693,3,1,0.0,PASS
tier1_main_006695,1,9,0.0,PASS
tier1_main_006697,9,9,0.0,PASS
tier1_main_006699,3,9,0.0,PASS
tier1_main_006701,3,9,0.0,PASS
tier1_main_006703,3,9,0.0,PASS
tier1_main_006705,9,9,0.0,PASS
tier1_main_006707,5,9,0.0,PASS
tier1_main_006709,3,9,0.0,PASS
tier1_main_006711,1,9,0.0,PASS
tier1_main_006713,3,5,0.0,PASS
tier1_main_006715,9,9,0.0,PASS
tier1_main_006717,3,9,0.0,PASS
tier1_main_006719,3,9,0.0,PASS
tier1_main_006721,3,9,0.0,PASS
tier1_main_006723,3,5,0.0,PASS
tier1_main_006725,3,9,0.0,PASS
tier1_main_006727,3,9,0.0,PASS
tier1_main_006729,5,9,0.0,PASS
tier1_main_006731,3,5,0.0,PASS
tier1_main_006733,3,9,0.0,PASS
tier1_main_006735,3,9,0.0,PASS
tier1_main_006737,1,9,0.0,PASS
tier1_main_006739,3,9,0.0,PASS
tier1_main_006741,9,5,0.0,PASS
tier1_main_006743,9,9,0.0,PASS
tier1_main_006745,9,9,0.0,PASS
tier1_main_006747,3,9,0.0,PASS
tier1_main_006749,3,9,0.0,PASS
tier1_main_006751,3,9,0.0,PASS
tier1_main_006753,9,9,0.0,PASS
tier1_main_006755,3,9,0.0,PASS
tier1_main_006757,3,9,0.0,PASS
tier1_main_006759,3,9,0.0,PASS
tier1_main_006761,3,5,0.0,PASS
tier1_main_006763,3,3,0.0,PASS
tier1_main_006765,3,9,0.0,PASS
tier1_main_006767,3,9,0.0,PASS
tier1_main_006769,1,5,0.0,PASS
tier1_main_006771,9,9,0.0,PASS
tier1_main_006773,5,3,0.0,PASS
tier1_main_006775,1,9,0.0,PASS
tier1_main_006777,3,5,0.0,PASS
tier1_main_006779,3,5,0.0,PASS
tier1_main_006781,3,9,0.0,PASS
tier1_main_006783,1,9,0.0,PASS
tier1_main_006785,3,5,0.0,PASS
tier1_main_006787,5,9,0.0,PASS
tier1_main_006789,1,9,0.0,PASS
tier1_main_006791,3,5,0.0,PASS
tier1_main_006793,9,3,0.0,PASS
tier1_main_006795,3,9,0.0,PASS
tier1_main_006797,3,9,0.0,PASS
tier1_main_006799,3,9,0.0,PASS
tier1_main_006801,9,5,0.0,PASS
tier1_main_006803,9,9,0.0,PASS
tier1_main_006805,3,5,0.0,PASS
tier1_main_006807,9,5,0.0,PASS
tier1_main_006809,9,9,0.0,PASS
tier1_main_006811,9,9,0.0,PASS
tier1_main_006813,9,9,0.0,PASS
tier1_main_006815,9,5,0.0,PASS
tier1_main_006817,5,9,0.0,PASS
tier1_main_006819,9,9,0.0,PASS
tier1_main_006821,5,5,0.0,PASS
tier1_main_006823,9,3,0.0,PASS
tier1_main_006825,5,5,0.0,PASS
tier1_main_006827,9,9,0.0,PASS
tier1_main_006829,9,9,0.0,PASS
tier1_main_006831,9,9,0.0,PASS
tier1_main_006833,9,9,0.0,PASS
tier1_main_006835,9,1,0.0,PASS
tier1_main_006837,9,9,0.0,PASS
tier1_main_006839,5,9,0.0,PASS
tier1_main_006841,9,9,0.0,PASS
tier1_main_006843,5,9,0.0,PASS
tier1_main_006845,9,5,0.0,PASS
tier1_main_006847,9,9,0.0,PASS
tier1_main_006849,5,9,0.0,PASS
tier1_main_006851,9,9,0.0,PASS
tier1_main_006853,9,3,0.0,PASS
tier1_main_006855,3,5,0.0,PASS
tier1_main_006857,9,9,0.0,PASS
tier1_main_006859,5,9,0.0,PASS
tier1_main_006861,9,9,0.0,PASS
tier1_main_006863,9,9,0.0,PASS
tier1_main_006865,9,9,0.0,PASS
tier1_main_006867,9,9,0.0,PASS
tier1_main_006869,9,5,0.0,PASS
tier1_main_006871,9,5,0.0,PASS
tier1_main_006873,9,5,0.0,PASS
tier1_main_006875,9,9,0.0,PASS
tier1_main_006877,9,9,0.0,PASS
tier1_main_006879,9,9,0.0,PASS
tier1_main_006881,9,5,0.0,PASS
tier1_main_006883,9,9,0.0,PASS
tier1_main_006885,9,3,0.0,PASS
tier1_main_006887,9,5,0.0,PASS
tier1_main_006889,5,9,0.0,PASS
tier1_main_006891,9,5,0.0,PASS
tier1_main_006893,9,9,0.0,PASS
tier1_main_006895,5,9,0.0,PASS
tier1_main_006897,9,9,0.0,PASS
tier1_main_006899,9,3,0.0,PASS
tier1_main_006901,9,3,0.0,PASS
tier1_main_006903,9,3,0.0,PASS
tier1_main_006905,9,9,0.0,PASS
tier1_main_006907,5,5,0.0,PASS
tier1_main_006909,9,3,0.0,PASS
tier1_main_006911,9,9,0.0,PASS
tier1_main_006913,9,9,0.0,PASS
tier1_main_006915,5,9,0.0,PASS
tier1_main_006917,5,9,0.0,PASS
tier1_main_006919,9,9,0.0,PASS
tier1_main_006921,5,3,0.0,PASS
tier1_main_006923,5,5,0.0,PASS
tier1_main_006925,9,9,0.0,PASS
tier1_main_006927,9,9,0.0,PASS
tier1_main_006929,9,9,0.0,PASS
tier1_main_006931,9,9,0.0,PASS
tier1_main_006933,9,5,0.0,PASS
tier1_main_006935,9,1,0.0,PASS
tier1_main_006937,9,3,0.0,PASS
tier1_main_006939,9,5,0.0,PASS
tier1_main_006941,9,9,0.0,PASS
tier1_main_006943,9,3,0.0,PASS
tier1_main_006945,3,9,0.0,PASS
tier1_main_006947,5,3,0.0,PASS
tier1_main_006949,9,9,0.0,PASS
tier1_main_006951,5,9,0.0,PASS
tier1_main_006953,5,9,0.0,PASS
tier1_main_006955,9,5,0.0,PASS
tier1_main_006957,9,9,0.0,PASS
tier1_main_006959,5,9,0.0,PASS
tier1_main_006961,9,9,0.0,PASS
tier1_main_006963,5,9,0.0,PASS
tier1_main_006965,9,3,0.0,PASS
tier1_main_006967,5,3,0.0,PASS
tier1_main_006969,9,9,0.0,PASS
tier1_main_006971,5,5,0.0,PASS
tier1_main_006973,9,9,0.0,PASS
tier1_main_006975,9,9,0.0,PASS
tier1_main_006977,9,3,0.0,PASS
tier1_main_006979,9,3,0.0,PASS
tier1_main_006981,9,9,0.0,PASS
tier1_main_006983,5,9,0.0,PASS
tier1_main_006985,9,9,0.0,PASS
tier1_main_006987,5,5,0.0,PASS
tier1_main_006989,5,9,0.0,PASS
tier1_main_006991,9,9,0.0,PASS
tier1_main_006993,9,5,0.0,PASS
tier1_main_006995,9,9,0.0,PASS
tier1_main_006997,9,9,0.0,PASS
tier1_main_006999,9,9,0.0,PASS
tier1_main_007001,3,9,0.0,PASS
tier1_main_007003,5,9,0.0,PASS
tier1_main_007005,5,9,0.0,PASS
tier1_main_007007,3,5,0.0,PASS
tier1_main_007009,3,9,0.0,PASS
tier1_main_007011,5,9,0.0,PASS
tier1_main_007013,9,9,0.0,PASS
tier1_main_007015,3,9,0.0,PASS
tier1_main_007017,5,9,0.0,PASS
tier1_main_007019,5,9,0.0,PASS
tier1_main_007021,3,9,0.0,PASS
tier1_main_007023,3,1,0.0,PASS
tier1_main_007025,3,9,0.0,PASS
tier1_main_007027,9,9,0.0,PASS
tier1_main_007029,5,9,0.0,PASS
tier1_main_007031,3,9,0.0,PASS
tier1_main_007033,3,9,0.0,PASS
tier1_main_007035,5,5,0.0,PASS
tier1_main_007037,5,1,0.0,PASS
tier1_main_007039,9,9,0.0,PASS
tier1_main_007041,9,5,0.0,PASS
tier1_main_007043,3,9,0.0,PASS
tier1_main_007045,5,9,0.0,PASS
tier1_main_007047,3,9,0.0,PASS
tier1_main_007049,9,9,0.0,PASS
tier1_main_007051,9,5,0.0,PASS
tier1_main_007053,3,5,0.0,PASS
tier1_main_007055,3,5,0.0,PASS
tier1_main_007057,5,9,0.0,PASS
tier1_main_007059,3,9,0.0,PASS
tier1_main_007061,3,9,0.0,PASS
tier1_main_007063,9,5,0.0,PASS
tier1_main_007065,5,9,0.0,PASS
tier1_main_007067,9,3,0.0,PASS
tier1_main_007069,5,9,0.0,PASS
tier1_main_007071,3,5,0.0,PASS
tier1_main_007073,9,9,0.0,PASS
tier1_main_007075,3,9,0.0,PASS
tier1_main_007077,3,9,0.0,PASS
tier1_main_007079,3,9,0.0,PASS
tier1_main_007081,3,9,0.0,PASS
tier1_main_007083,5,9,0.0,PASS
tier1_main_007085,3,9,0.0,PASS
tier1_main_007087,3,9,0.0,PASS
tier1_main_007089,3,9,0.0,PASS
tier1_main_007091,3,3,0.0,PASS
tier1_main_007093,9,9,0.0,PASS
tier1_main_007095,9,5,0.0,PASS
tier1_main_007097,9,9,0.0,PASS
tier1_main_007099,3,9,0.0,PASS
tier1_main_007101,5,9,0.0,PASS
tier1_main_007103,3,3,0.0,PASS
tier1_main_007105,3,9,0.0,PASS
tier1_main_007107,3,9,0.0,PASS
tier1_main_007109,9,9,0.0,PASS
tier1_main_007111,5,9,0.0,PASS
tier1_main_007113,3,9,0.0,PASS
tier1_main_007115,3,9,0.0,PASS
tier1_main_007117,9,9,0.0,PASS
tier1_main_007119,3,5,0.0,PASS
tier1_main_007121,5,9,0.0,PASS
tier1_main_007123,5,3,0.0,PASS
tier1_main_007125,5,9,0.0,PASS
tier1_main_007127,9,9,0.0,PASS
tier1_main_007129,3,9,0.0,PASS
tier1_main_007131,5,9,0.0,PASS
tier1_main_007133,9,5,0.0,PASS
tier1_main_007135,3,9,0.0,PASS
tier1_main_007137,9,9,0.0,PASS
tier1_main_007139,3,9,0.0,PASS
tier1_main_007141,3,9,0.0,PASS
tier1_main_007143,5,3,0.0,PASS
tier1_main_007145,3,9,0.0,PASS
tier1_main_007147,3,9,0.0,PASS
tier1_main_007149,9,9,0.0,PASS
tier1_main_007151,3,9,0.0,PASS
tier1_main_007153,3,5,0.0,PASS
tier1_main_007155,3,5,0.0,PASS
tier1_main_007157,3,9,0.0,PASS
tier1_main_007159,5,9,0.0,PASS
tier1_main_007161,3,9,0.0,PASS
tier1_main_007163,5,9,0.0,PASS
tier1_main_007165,3,9,0.0,PASS
tier1_main_007167,3,9,0.0,PASS
tier1_main_007169,9,3,0.0,PASS
tier1_main_007171,5,9,0.0,PASS
tier1_main_007173,3,9,0.0,PASS
tier1_main_007175,5,9,0.0,PASS
tier1_main_007177,3,3,0.0,PASS
tier1_main_007179,3,5,0.0,PASS
tier1_main_007181,9,5,0.0,PASS
tier1_main_007183,3,9,0.0,PASS
tier1_main_007185,5,9,0.0,PASS
tier1_main_007187,3,9,0.0,PASS
tier1_main_007189,9,9,0.0,PASS
tier1_main_007191,3,3,0.0,PASS
tier1_main_007193,5,5,0.0,PASS
tier1_main_007195,5,9,0.0,PASS
tier1_main_007197,9,9,0.0,PASS
tier1_main_007199,3,3,0.0,PASS
tier1_main_007201,5,3,0.0,PASS
tier1_main_007203,5,9,0.0,PASS
tier1_main_007205,5,9,0.0,PASS
tier1_main_007207,5,9,0.0,PASS
tier1_main_007209,5,9,0.0,PASS
tier1_main_007211,9,5,0.0,PASS
tier1_main_007213,5,5,0.0,PASS
tier1_main_007215,5,9,0.0,PASS
tier1_main_007217,5,9,0.0,PASS
tier1_main_007219,5,9,0.0,PASS
tier1_main_007221,5,9,0.0,PASS
tier1_main_007223,9,9,0.0,PASS
tier1_main_007225,5,9,0.0,PASS
tier1_main_007227,5,9,0.0,PASS
tier1_main_007229,5,9,0.0,PASS
tier1_main_007231,5,9,0.0,PASS
tier1_main_007233,5,9,0.0,PASS
tier1_main_007235,5,9,0.0,PASS
tier1_main_007237,5,5,0.0,PASS
tier1_main_007239,5,9,0.0,PASS
tier1_main_007241,5,3,0.0,PASS
tier1_main_007243,5,5,0.0,PASS
tier1_main_007245,3,9,0.0,PASS
tier1_main_007247,5,9,0.0,PASS
tier1_main_007249,5,9,0.0,PASS
tier1_main_007251,5,9,0.0,PASS
tier1_main_007253,5,9,0.0,PASS
tier1_main_007255,5,5,0.0,PASS
tier1_main_007257,5,5,0.0,PASS
tier1_main_007259,5,9,0.0,PASS
tier1_main_007261,5,9,0.0,PASS
tier1_main_007263,5,9,0.0,PASS
tier1_main_007265,5,5,0.0,PASS
tier1_main_007267,9,9,0.0,PASS
tier1_main_007269,5,9,0.0,PASS
tier1_main_007271,5,9,0.0,PASS
tier1_main_007273,5,3,0.0,PASS
tier1_main_007275,5,9,0.0,PASS
tier1_main_007277,5,9,0.0,PASS
tier1_main_007279,5,9,0.0,PASS
tier1_main_007281,3,9,0.0,PASS
tier1_main_007283,5,9,0.0,PASS
tier1_main_007285,5,5,0.0,PASS
tier1_main_007287,5,9,0.0,PASS
tier1_main_007289,5,9,0.0,PASS
tier1_main_007291,9,9,0.0,PASS
tier1_main_007293,5,9,0.0,PASS
tier1_main_007295,5,9,0.0,PASS
tier1_main_007297,5,9,0.0,PASS
tier1_main_007299,5,9,0.0,PASS
tier1_main_007301,9,9,0.0,PASS
tier1_main_007303,5,9,0.0,PASS
tier1_main_007305,5,5,0.0,PASS
tier1_main_007307,5,9,0.0,PASS
tier1_main_007309,5,9,0.0,PASS
tier1_main_007311,5,9,0.0,PASS
tier1_main_007313,5,9,0.0,PASS
tier1_main_007315,5,3,0.0,PASS
tier1_main_007317,5,9,0.0,PASS
tier1_main_007319,5,9,0.0,PASS
tier1_main_007321,9,9,0.0,PASS
tier1_main_007323,9,9,0.0,PASS
tier1_main_007325,5,5,0.0,PASS
tier1_main_007327,5,9,0.0,PASS
tier1_main_007329,9,9,0.0,PASS
tier1_main_007331,9,5,0.0,PASS
tier1_main_007333,5,9,0.0,PASS
tier1_main_007335,9,9,0.0,PASS
tier1_main_007337,5,9,0.0,PASS
tier1_main_007339,5,9,0.0,PASS
tier1_main_007341,3,5,0.0,PASS
tier1_main_007343,9,3,0.0,PASS
tier1_main_007345,5,5,0.0,PASS
tier1_main_007347,9,9,0.0,PASS
tier1_main_007349,5,9,0.0,PASS
tier1_main_007351,5,9,0.0,PASS
tier1_main_007353,5,9,0.0,PASS
tier1_main_007355,5,9,0.0,PASS
tier1_main_007357,5,5,0.0,PASS
tier1_main_007359,5,9,0.0,PASS
tier1_main_007361,9,3,0.0,PASS
tier1_main_007363,5,9,0.0,PASS
tier1_main_007365,5,5,0.0,PASS
tier1_main_007367,5,9,0.0,PASS
tier1_main_007369,5,9,0.0,PASS
tier1_main_007371,3,9,0.0,PASS
tier1_main_007373,5,9,0.0,PASS
tier1_main_007375,3,3,0.0,PASS
tier1_main_007377,5,5,0.0,PASS
tier1_main_007379,5,9,0.0,PASS
tier1_main_007381,5,9,0.0,PASS
tier1_main_007383,5,9,0.0,PASS
tier1_main_007385,5,9,0.0,PASS
tier1_main_007387,5,9,0.0,PASS
tier1_main_007389,5,9,0.0,PASS
tier1_main_007391,5,9,0.0,PASS
tier1_main_007393,5,9,0.0,PASS
tier1_main_007395,9,3,0.0,PASS
tier1_main_007397,5,3,0.0,PASS
tier1_main_007399,5,3,0.0,PASS
tier1_main_007401,9,5,0.0,PASS
tier1_main_007403,9,9,0.0,PASS
tier1_main_007405,9,9,0.0,PASS
tier1_main_007407,9,9,0.0,PASS
tier1_main_007409,9,9,0.0,PASS
tier1_main_007411,9,9,0.0,PASS
tier1_main_007413,9,9,0.0,PASS
tier1_main_007415,9,9,0.0,PASS
tier1_main_007417,9,5,0.0,PASS
tier1_main_007419,5,5,0.0,PASS
tier1_main_007421,9,5,0.0,PASS
tier1_main_007423,9,5,0.0,PASS
tier1_main_007425,9,9,0.0,PASS
tier1_main_007427,9,9,0.0,PASS
tier1_main_007429,9,9,0.0,PASS
tier1_main_007431,5,3,0.0,PASS
tier1_main_007433,9,9,0.0,PASS
tier1_main_007435,9,9,0.0,PASS
tier1_main_007437,9,9,0.0,PASS
tier1_main_007439,5,9,0.0,PASS
tier1_main_007441,9,9,0.0,PASS
tier1_main_007443,5,5,0.0,PASS
tier1_main_007445,9,9,0.0,PASS
tier1_main_007447,9,9,0.0,PASS
tier1_main_007449,5,9,0.0,PASS
tier1_main_007451,3,9,0.0,PASS
tier1_main_007453,9,5,0.0,PASS
tier1_main_007455,9,9,0.0,PASS
tier1_main_007457,9,9,0.0,PASS
tier1_main_007459,9,9,0.0,PASS
tier1_main_007461,9,9,0.0,PASS
tier1_main_007463,9,3,0.0,PASS
tier1_main_007465,9,9,0.0,PASS
tier1_main_007467,9,5,0.0,PASS
tier1_main_007469,9,9,0.0,PASS
tier1_main_007471,9,9,0.0,PASS
tier1_main_007473,9,9,0.0,PASS
tier1_main_007475,9,9,0.0,PASS
tier1_main_007477,9,9,0.0,PASS
tier1_main_007479,9,3,0.0,PASS
tier1_main_007481,9,5,0.0,PASS
tier1_main_007483,9,5,0.0,PASS
tier1_main_007485,9,9,0.0,PASS
tier1_main_007487,3,3,0.0,PASS
tier1_main_007489,9,9,0.0,PASS
tier1_main_007491,9,9,0.0,PASS
tier1_main_007493,9,9,0.0,PASS
tier1_main_007495,3,9,0.0,PASS
tier1_main_007497,9,3,0.0,PASS
tier1_main_007499,9,9,0.0,PASS
tier1_main_007501,9,5,0.0,PASS
tier1_main_007503,9,9,0.0,PASS
tier1_main_007505,5,5,0.0,PASS
tier1_main_007507,9,9,0.0,PASS
tier1_main_007509,9,9,0.0,PASS
tier1_main_007511,3,9,0.0,PASS
tier1_main_007513,9,9,0.0,PASS
tier1_main_007515,9,3,0.0,PASS
tier1_main_007517,9,9,0.0,PASS
tier1_main_007519,9,9,0.0,PASS
tier1_main_007521,9,9,0.0,PASS
tier1_main_007523,5,5,0.0,PASS
tier1_main_007525,9,9,0.0,PASS
tier1_main_007527,5,3,0.0,PASS
tier1_main_007529,9,5,0.0,PASS
tier1_main_007531,9,9,0.0,PASS
tier1_main_007533,9,9,0.0,PASS
tier1_main_007535,5,9,0.0,PASS
tier1_main_007537,5,9,0.0,PASS
tier1_main_007539,9,9,0.0,PASS
tier1_main_007541,9,9,0.0,PASS
tier1_main_007543,9,5,0.0,PASS
tier1_main_007545,9,3,0.0,PASS
tier1_main_007547,5,9,0.0,PASS
tier1_main_007549,9,9,0.0,PASS
tier1_main_007551,9,9,0.0,PASS
tier1_main_007553,5,9,0.0,PASS
tier1_main_007555,9,9,0.0,PASS
tier1_main_007557,9,9,0.0,PASS
tier1_main_007559,9,3,0.0,PASS
tier1_main_007561,9,9,0.0,PASS
tier1_main_007563,9,9,0.0,PASS
tier1_main_007565,9,9,0.0,PASS
tier1_main_007567,5,5,0.0,PASS
tier1_main_007569,3,9,0.0,PASS
tier1_main_007571,9,9,0.0,PASS
tier1_main_007573,9,9,0.0,PASS
tier1_main_007575,3,9,0.0,PASS
tier1_main_007577,3,5,0.0,PASS
tier1_main_007579,5,9,0.0,PASS
tier1_main_007581,9,9,0.0,PASS
tier1_main_007583,5,9,0.0,PASS
tier1_main_007585,5,3,0.0,PASS
tier1_main_007587,9,9,0.0,PASS
tier1_main_007589,9,3,0.0,PASS
tier1_main_007591,5,9,0.0,PASS
tier1_main_007593,5,9,0.0,PASS
tier1_main_007595,9,3,0.0,PASS
tier1_main_007597,5,9,0.0,PASS
tier1_main_007599,9,9,0.0,PASS
tier1_main_007601,5,9,0.0,PASS
tier1_main_007603,3,9,0.0,PASS
tier1_main_007605,9,3,0.0,PASS
tier1_main_007607,9,5,0.0,PASS
tier1_main_007609,9,9,0.0,PASS
tier1_main_007611,9,5,0.0,PASS
tier1_main_007613,9,9,0.0,PASS
tier1_main_007615,9,9,0.0,PASS
tier1_main_007617,5,9,0.0,PASS
tier1_main_007619,3,9,0.0,PASS
tier1_main_007621,5,9,0.0,PASS
tier1_main_007623,9,9,0.0,PASS
tier1_main_007625,3,9,0.0,PASS
tier1_main_007627,5,5,0.0,PASS
tier1_main_007629,5,9,0.0,PASS
tier1_main_007631,5,9,0.0,PASS
tier1_main_007633,5,5,0.0,PASS
tier1_main_007635,9,9,0.0,PASS
tier1_main_007637,9,9,0.0,PASS
tier1_main_007639,5,9,0.0,PASS
tier1_main_007641,9,9,0.0,PASS
tier1_main_007643,9,9,0.0,PASS
tier1_main_007645,9,9,0.0,PASS
tier1_main_007647,5,9,0.0,PASS
tier1_main_007649,5,9,0.0,PASS
tier1_main_007651,9,9,0.0,PASS
tier1_main_007653,9,9,0.0,PASS
tier1_main_007655,5,9,0.0,PASS
tier1_main_007657,3,9,0.0,PASS
tier1_main_007659,3,9,0.0,PASS
tier1_main_007661,9,9,0.0,PASS
tier1_main_007663,9,9,0.0,PASS
tier1_main_007665,3,9,0.0,PASS
tier1_main_007667,9,5,0.0,PASS
tier1_main_007669,9,5,0.0,PASS
tier1_main_007671,3,9,0.0,PASS
tier1_main_007673,3,9,0.0,PASS
tier1_main_007675,5,9,0.0,PASS
tier1_main_007677,5,9,0.0,PASS
tier1_main_007679,9,5,0.0,PASS
tier1_main_007681,9,9,0.0,PASS
tier1_main_007683,5,9,0.0,PASS
tier1_main_007685,9,9,0.0,PASS
tier1_main_007687,3,5,0.0,PASS
tier1_main_007689,9,9,0.0,PASS
tier1_main_007691,5,9,0.0,PASS
tier1_main_007693,9,9,0.0,PASS
tier1_main_007695,9,9,0.0,PASS
tier1_main_007697,9,9,0.0,PASS
tier1_main_007699,5,5,0.0,PASS
tier1_main_007701,9,9,0.0,PASS
tier1_main_007703,9,9,0.0,PASS
tier1_main_007705,5,9,0.0,PASS
tier1_main_007707,9,9,0.0,PASS
tier1_main_007709,3,9,0.0,PASS
tier1_main_007711,5,9,0.0,PASS
tier1_main_007713,9,5,0.0,PASS
tier1_main_007715,3,9,0.0,PASS
tier1_main_007717,3,9,0.0,PASS
tier1_main_007719,3,9,0.0,PASS
tier1_main_007721,3,9,0.0,PASS
tier1_main_007723,5,9,0.0,PASS
tier1_main_007725,9,9,0.0,PASS
tier1_main_007727,9,9,0.0,PASS
tier1_main_007729,5,9,0.0,PASS
tier1_main_007731,5,9,0.0,PASS
tier1_main_007733,5,9,0.0,PASS
tier1_main_007735,5,9,0.0,PASS
tier1_main_007737,5,9,0.0,PASS
tier1_main_007739,5,5,0.0,PASS
tier1_main_007741,9,9,0.0,PASS
tier1_main_007743,3,9,0.0,PASS
tier1_main_007745,3,9,0.0,PASS
tier1_main_007747,9,9,0.0,PASS
tier1_main_007749,5,9,0.0,PASS
tier1_main_007751,5,9,0.0,PASS
tier1_main_007753,9,9,0.0,PASS
tier1_main_007755,3,9,0.0,PASS
tier1_main_007757,3,9,0.0,PASS
tier1_main_007759,5,9,0.0,PASS
tier1_main_007761,5,9,0.0,PASS
tier1_main_007763,3,9,0.0,PASS
tier1_main_007765,5,9,0.0,PASS
tier1_main_007767,3,9,0.0,PASS
tier1_main_007769,3,9,0.0,PASS
tier1_main_007771,9,5,0.0,PASS
tier1_main_007773,9,9,0.0,PASS
tier1_main_007775,9,9,0.0,PASS
tier1_main_007777,9,3,0.0,PASS
tier1_main_007779,9,9,0.0,PASS
tier1_main_007781,9,5,0.0,PASS
tier1_main_007783,5,9,0.0,PASS
tier1_main_007785,9,9,0.0,PASS
tier1_main_007787,3,9,0.0,PASS
tier1_main_007789,3,9,0.0,PASS
tier1_main_007791,9,5,0.0,PASS
tier1_main_007793,5,9,0.0,PASS
tier1_main_007795,3,9,0.0,PASS
tier1_main_007797,5,9,0.0,PASS
tier1_main_007799,9,9,0.0,PASS
tier1_main_007801,9,5,0.0,PASS
tier1_main_007803,9,5,0.0,PASS
tier1_main_007805,5,5,0.0,PASS
tier1_main_007807,9,9,0.0,PASS
tier1_main_007809,9,5,0.0,PASS
tier1_main_007811,5,5,0.0,PASS
tier1_main_007813,9,9,0.0,PASS
tier1_main_007815,9,5,0.0,PASS
tier1_main_007817,9,9,0.0,PASS
tier1_main_007819,9,9,0.0,PASS
tier1_main_007821,5,5,0.0,PASS
tier1_main_007823,9,9,0.0,PASS
tier1_main_007825,5,3,0.0,PASS
tier1_main_007827,9,9,0.0,PASS
tier1_main_007829,5,5,0.0,PASS
tier1_main_007831,3,5,0.0,PASS
tier1_main_007833,9,9,0.0,PASS
tier1_main_007835,9,9,0.0,PASS
tier1_main_007837,9,3,0.0,PASS
tier1_main_007839,5,9,0.0,PASS
tier1_main_007841,5,5,0.0,PASS
tier1_main_007843,3,9,0.0,PASS
tier1_main_007845,5,5,0.0,PASS
tier1_main_007847,5,9,0.0,PASS
tier1_main_007849,9,9,0.0,PASS
tier1_main_007851,9,9,0.0,PASS
tier1_main_007853,9,9,0.0,PASS
tier1_main_007855,9,9,0.0,PASS
tier1_main_007857,9,5,0.0,PASS
tier1_main_007859,5,9,0.0,PASS
tier1_main_007861,9,3,0.0,PASS
tier1_main_007863,5,9,0.0,PASS
tier1_main_007865,9,9,0.0,PASS
tier1_main_007867,5,9,0.0,PASS
tier1_main_007869,9,9,0.0,PASS
tier1_main_007871,5,9,0.0,PASS
tier1_main_007873,9,9,0.0,PASS
tier1_main_007875,3,9,0.0,PASS
tier1_main_007877,5,9,0.0,PASS
tier1_main_007879,5,5,0.0,PASS
tier1_main_007881,5,5,0.0,PASS
tier1_main_007883,9,9,0.0,PASS
tier1_main_007885,9,9,0.0,PASS
tier1_main_007887,9,5,0.0,PASS
tier1_main_007889,9,3,0.0,PASS
tier1_main_007891,9,9,0.0,PASS
tier1_main_007893,5,9,0.0,PASS
tier1_main_007895,5,9,0.0,PASS
tier1_main_007897,5,9,0.0,PASS
tier1_main_007899,9,9,0.0,PASS
tier1_main_007901,9,9,0.0,PASS
tier1_main_007903,5,5,0.0,PASS
tier1_main_007905,9,9,0.0,PASS
tier1_main_007907,9,5,0.0,PASS
tier1_main_007909,9,9,0.0,PASS
tier1_main_007911,5,3,0.0,PASS
tier1_main_007913,9,9,0.0,PASS
tier1_main_007915,9,5,0.0,PASS
tier1_main_007917,3,9,0.0,PASS
tier1_main_007919,5,9,0.0,PASS
tier1_main_007921,9,9,0.0,PASS
tier1_main_007923,9,9,0.0,PASS
tier1_main_007925,9,5,0.0,PASS
tier1_main_007927,5,9,0.0,PASS
tier1_main_007929,9,5,0.0,PASS
tier1_main_007931,9,9,0.0,PASS
tier1_main_007933,5,5,0.0,PASS
tier1_main_007935,5,9,0.0,PASS
tier1_main_007937,9,9,0.0,PASS
tier1_main_007939,9,9,0.0,PASS
tier1_main_007941,5,9,0.0,PASS
tier1_main_007943,9,9,0.0,PASS
tier1_main_007945,9,9,0.0,PASS
tier1_main_007947,3,9,0.0,PASS
tier1_main_007949,5,5,0.0,PASS
tier1_main_007951,5,5,0.0,PASS
tier1_main_007953,9,9,0.0,PASS
tier1_main_007955,5,9,0.0,PASS
tier1_main_007957,9,9,0.0,PASS
tier1_main_007959,9,9,0.0,PASS
tier1_main_007961,9,5,0.0,PASS
tier1_main_007963,9,9,0.0,PASS
tier1_main_007965,9,9,0.0,PASS
tier1_main_007967,3,3,0.0,PASS
tier1_main_007969,9,9,0.0,PASS
tier1_main_007971,5,3,0.0,PASS
tier1_main_007973,9,5,0.0,PASS
tier1_main_007975,5,9,0.0,PASS
tier1_main_007977,9,9,0.0,PASS
tier1_main_007979,9,5,0.0,PASS
tier1_main_007981,9,5,0.0,PASS
tier1_main_007983,5,5,0.0,PASS
tier1_main_007985,3,5,0.0,PASS
tier1_main_007987,3,9,0.0,PASS
tier1_main_007989,9,9,0.0,PASS
tier1_main_007991,5,3,0.0,PASS
tier1_main_007993,9,9,0.0,PASS
tier1_main_007995,9,9,0.0,PASS
tier1_main_007997,5,9,0.0,PASS
tier1_main_007999,9,9,0.0,PASS
