split_family,layer,world,condition,task,repeat_id,negative_class,positive_class,outer_fold_n,original_selected_k_by_fold,adjusted_selected_k_by_fold,original_selected_k_mean,adjusted_selected_k_mean,delta_selected_k_mean_adjusted_minus_original,direction_sensitive_jaccard_mean,direction_insensitive_jaccard_mean,direction_sensitive_overlap_coefficient_mean,direction_insensitive_overlap_coefficient_mean,common_unordered_pair_n,reversed_common_pair_n,reversal_rate_among_common_unordered_pairs,original_train_relation_vote_n,original_train_tie_vote_n,original_train_tie_rate,original_test_relation_vote_n,original_test_tie_vote_n,original_test_tie_rate,adjusted_train_relation_vote_n,adjusted_train_tie_vote_n,adjusted_train_tie_rate,adjusted_test_relation_vote_n,adjusted_test_tie_vote_n,adjusted_test_tie_rate,delta_test_tie_rate_adjusted_minus_original,delta_train_tie_rate_adjusted_minus_original
P0,P0_derivative_amplitude_deciles,DERIVED_DECILES_ALL,ds004504__EC,AD_FTD_vs_CN,1,CN,AD_FTD,5,9|9|9|9|5,9|3|9|9|9,8.2,7.8,-0.4,0.04171122994652406,0.04171122994652406,0.1111111111111111,0.1111111111111111,3,0,0.0,2880,0,0.0,728,0,0.0,2748,0,0.0,684,0,0.0,0.0,0.0
P0,P0_derivative_amplitude_deciles,DERIVED_DECILES_ALL,ds004504__EC,AD_FTD_vs_CN,2,CN,AD_FTD,5,9|5|9|5|3,3|9|5|9|9,6.2,7.0,0.8,0.03333333333333333,0.03333333333333333,0.08,0.08,2,0,0.0,2176,0,0.0,552,0,0.0,2468,0,0.0,612,0,0.0,0.0,0.0
P0,P0_derivative_amplitude_deciles,DERIVED_DECILES_ALL,ds004504__EC,AD_FTD_vs_CN,3,CN,AD_FTD,5,9|9|9|9|9,3|9|5|9|9,9.0,7.0,-2.0,0.03676470588235294,0.03676470588235294,0.06666666666666667,0.06666666666666667,3,0,0.0,3168,0,0.0,792,0,0.0,2468,0,0.0,612,0,0.0,0.0,0.0
P0,P0_derivative_amplitude_deciles,DERIVED_DECILES_ALL,ds004504__EC,AD_FTD_vs_CN,4,CN,AD_FTD,5,9|5|9|9|9,3|9|9|9|9,8.2,7.8,-0.4,0.045098039215686274,0.045098039215686274,0.10222222222222223,0.10222222222222223,3,0,0.0,2888,0,0.0,720,0,0.0,2748,0,0.0,684,0,0.0,0.0,0.0
P0,P0_derivative_amplitude_deciles,DERIVED_DECILES_ALL,ds004504__EC,AD_FTD_vs_CN,5,CN,AD_FTD,5,9|9|9|9|9,3|9|5|9|5,9.0,6.2,-2.8,0.07676470588235294,0.07676470588235294,0.19999999999999998,0.19999999999999998,5,0,0.0,3168,0,0.0,792,0,0.0,2180,0,0.0,548,0,0.0,0.0,0.0
P0,P0_derivative_amplitude_deciles,DERIVED_DECILES_ALL,ds004504__EC,AD_FTD_vs_CN,6,CN,AD_FTD,5,9|9|9|3|5,3|9|5|5|9,7.0,6.2,-0.8,0.08,0.08,0.16,0.16,4,0,0.0,2460,0,0.0,620,0,0.0,2188,0,0.0,540,0,0.0,0.0,0.0
P0,P0_derivative_amplitude_deciles,DERIVED_DECILES_ALL,ds004504__EC,AD_FTD_vs_CN,7,CN,AD_FTD,5,5|3|5|9|9,5|5|5|9|5,6.2,5.8,-0.4,0.0,0.0,0.0,0.0,0,0,,2188,0,0.0,540,0,0.0,2040,0,0.0,512,0,0.0,0.0,0.0
P0,P0_derivative_amplitude_deciles,DERIVED_DECILES_ALL,ds004504__EC,AD_FTD_vs_CN,8,CN,AD_FTD,5,9|9|5|5|9,9|9|9|3|3,7.4,6.6,-0.8,0.023529411764705882,0.023529411764705882,0.04444444444444444,0.04444444444444444,2,0,0.0,2608,0,0.0,648,0,0.0,2316,0,0.0,588,0,0.0,0.0,0.0
P0,P0_derivative_amplitude_deciles,DERIVED_DECILES_ALL,ds004504__EC,AD_FTD_vs_CN,9,CN,AD_FTD,5,9|9|3|9|9,9|9|9|3|5,7.8,7.0,-0.8,0.029946524064171122,0.029946524064171122,0.08888888888888888,0.08888888888888888,2,0,0.0,2748,0,0.0,684,0,0.0,2460,0,0.0,620,0,0.0,0.0,0.0
P0,P0_derivative_amplitude_deciles,DERIVED_DECILES_ALL,ds004504__EC,AD_FTD_vs_CN,10,CN,AD_FTD,5,9|3|9|9|5,9|5|9|9|9,7.0,8.2,1.2,0.11725921137685844,0.11725921137685844,0.2,0.2,7,0,0.0,2460,0,0.0,620,0,0.0,2888,0,0.0,720,0,0.0,0.0,0.0
P0,P0_derivative_amplitude_deciles,DERIVED_DECILES_ALL,ds004504__EC,AD_FTD_vs_CN,11,CN,AD_FTD,5,3|5|5|9|5,9|9|9|9|3,5.4,7.8,2.4,0.08713786213786213,0.08713786213786213,0.21777777777777776,0.21777777777777776,5,0,0.0,1900,0,0.0,476,0,0.0,2736,0,0.0,696,0,0.0,0.0,0.0
P0,P0_derivative_amplitude_deciles,DERIVED_DECILES_ALL,ds004504__EC,AD_FTD_vs_CN,12,CN,AD_FTD,5,5|9|9|3|9,3|5|9|9|9,7.0,7.0,0.0,0.05357142857142857,0.05357142857142857,0.1111111111111111,0.1111111111111111,3,0,0.0,2468,0,0.0,612,0,0.0,2468,0,0.0,612,0,0.0,0.0,0.0
P0,P0_derivative_amplitude_deciles,DERIVED_DECILES_ALL,ds004504__EC,AD_FTD_vs_CN,13,CN,AD_FTD,5,9|3|9|9|9,9|9|9|9|3,7.8,7.8,0.0,0.011764705882352941,0.011764705882352941,0.02222222222222222,0.02222222222222222,1,0,0.0,2748,0,0.0,684,0,0.0,2736,0,0.0,696,0,0.0,0.0,0.0
P0,P0_derivative_amplitude_deciles,DERIVED_DECILES_ALL,ds004504__EC,AD_FTD_vs_CN,14,CN,AD_FTD,5,9|9|9|3|3,9|9|9|9|9,6.6,9.0,2.4,0.05,0.05,0.08888888888888888,0.08888888888888888,4,0,0.0,2316,0,0.0,588,0,0.0,3168,0,0.0,792,0,0.0,0.0,0.0
P0,P0_derivative_amplitude_deciles,DERIVED_DECILES_ALL,ds004504__EC,AD_FTD_vs_CN,15,CN,AD_FTD,5,9|9|3|9|9,9|5|3|9|9,7.8,7.0,-0.8,0.05214932126696833,0.05214932126696833,0.10666666666666666,0.10666666666666666,4,0,0.0,2748,0,0.0,684,0,0.0,2468,0,0.0,612,0,0.0,0.0,0.0
P0,P0_derivative_amplitude_deciles,DERIVED_DECILES_ALL,ds004504__EC,AD_FTD_vs_CN,16,CN,AD_FTD,5,9|3|9|5|5,9|9|3|5|5,6.2,6.2,0.0,0.04444444444444444,0.04444444444444444,0.08,0.08,2,0,0.0,2180,0,0.0,548,0,0.0,2180,0,0.0,548,0,0.0,0.0,0.0
P0,P0_derivative_amplitude_deciles,DERIVED_DECILES_ALL,ds004504__EC,AD_FTD_vs_CN,17,CN,AD_FTD,5,9|9|9|9|3,9|9|9|9|5,7.8,8.2,0.4,0.025,0.025,0.04444444444444444,0.04444444444444444,2,0,0.0,2736,0,0.0,696,0,0.0,2880,0,0.0,728,0,0.0,0.0,0.0
P0,P0_derivative_amplitude_deciles,DERIVED_DECILES_ALL,ds004504__EC,AD_FTD_vs_CN,18,CN,AD_FTD,5,9|5|5|5|9,3|3|9|9|9,6.6,6.6,0.0,0.02857142857142857,0.02857142857142857,0.06666666666666667,0.06666666666666667,1,0,0.0,2328,0,0.0,576,0,0.0,2328,0,0.0,576,0,0.0,0.0,0.0
P0,P0_derivative_amplitude_deciles,DERIVED_DECILES_ALL,ds004504__EC,AD_FTD_vs_CN,19,CN,AD_FTD,5,9|9|9|9|9,5|9|3|9|9,9.0,7.0,-2.0,0.011764705882352941,0.011764705882352941,0.02222222222222222,0.02222222222222222,1,0,0.0,3168,0,0.0,792,0,0.0,2468,0,0.0,612,0,0.0,0.0,0.0
P0,P0_derivative_amplitude_deciles,DERIVED_DECILES_ALL,ds004504__EC,AD_FTD_vs_CN,20,CN,AD_FTD,5,3|9|9|5|5,5|9|5|9|9,6.2,7.4,1.2,0.0579185520361991,0.0579185520361991,0.14222222222222222,0.14222222222222222,4,0,0.0,2180,0,0.0,548,0,0.0,2608,0,0.0,648,0,0.0,0.0,0.0
P0,P0_derivative_amplitude_deciles,DERIVED_DECILES_ALL,ds004504__EC,AD_vs_CN,1,CN,AD,5,5|3|9|9|9,9|3|9|5|3,7.0,5.8,-1.2,0.015384615384615385,0.015384615384615385,0.04,0.04,1,0,0.0,1824,0,0.0,451,0,0.0,1502,0,0.0,383,0,0.0,0.0,0.0
P0,P0_derivative_amplitude_deciles,DERIVED_DECILES_ALL,ds004504__EC,AD_vs_CN,2,CN,AD,5,9|9|5|9|5,3|9|9|9|9,7.4,7.8,0.4,0.0,0.0,0.0,0.0,0,0,,1920,0,0.0,485,0,0.0,2034,0,0.0,501,0,0.0,0.0,0.0
P0,P0_derivative_amplitude_deciles,DERIVED_DECILES_ALL,ds004504__EC,AD_vs_CN,3,CN,AD,5,9|3|9|3|3,9|5|9|9|9,5.4,8.2,2.8,0.0,0.0,0.0,0.0,0,0,,1398,0,0.0,357,0,0.0,2132,0,0.0,533,0,0.0,0.0,0.0
P0,P0_derivative_amplitude_deciles,DERIVED_DECILES_ALL,ds004504__EC,AD_vs_CN,4,CN,AD,5,9|9|9|3|5,9|3|3|3|3,7.0,4.2,-2.8,0.07636363636363637,0.07636363636363637,0.19999999999999998,0.19999999999999998,3,0,0.0,1816,0,0.0,459,0,0.0,1086,0,0.0,279,0,0.0,0.0,0.0
P0,P0_derivative_amplitude_deciles,DERIVED_DECILES_ALL,ds004504__EC,AD_vs_CN,5,CN,AD,5,5|5|3|9|3,3|9|9|1|5,5.0,5.4,0.4,0.01818181818181818,0.01818181818181818,0.06666666666666667,0.06666666666666667,1,0,0.0,1298,0,0.0,327,0,0.0,1406,0,0.0,349,0,0.0,0.0,0.0
P0,P0_derivative_amplitude_deciles,DERIVED_DECILES_ALL,ds004504__EC,AD_vs_CN,6,CN,AD,5,9|3|5|9|5,5|9|5|9|3,6.2,6.2,0.0,0.037606837606837605,0.037606837606837605,0.08,0.08,2,0,0.0,1608,0,0.0,407,0,0.0,1610,0,0.0,405,0,0.0,0.0,0.0
P0,P0_derivative_amplitude_deciles,DERIVED_DECILES_ALL,ds004504__EC,AD_vs_CN,7,CN,AD,5,3|9|3|5|9,3|9|3|9|9,5.8,6.6,0.8,0.0,0.0,0.0,0.0,0,0,,1514,0,0.0,371,0,0.0,1722,0,0.0,423,0,0.0,0.0,0.0
P0,P0_derivative_amplitude_deciles,DERIVED_DECILES_ALL,ds004504__EC,AD_vs_CN,8,CN,AD,5,9|5|9|9|3,5|5|1|9|5,7.0,5.0,-2.0,0.049371543489190546,0.049371543489190546,0.10222222222222223,0.10222222222222223,3,0,0.0,1814,0,0.0,461,0,0.0,1300,0,0.0,325,0,0.0,0.0,0.0
P0,P0_derivative_amplitude_deciles,DERIVED_DECILES_ALL,ds004504__EC,AD_vs_CN,9,CN,AD,5,9|5|3|3|9,5|5|9|9|5,5.8,6.6,0.8,0.015384615384615385,0.015384615384615385,0.04,0.04,1,0,0.0,1508,0,0.0,377,0,0.0,1716,0,0.0,429,0,0.0,0.0,0.0
P0,P0_derivative_amplitude_deciles,DERIVED_DECILES_ALL,ds004504__EC,AD_vs_CN,10,CN,AD,5,9|9|9|5|9,9|5|9|1|9,8.2,6.6,-1.6,0.023529411764705882,0.023529411764705882,0.04444444444444444,0.04444444444444444,2,0,0.0,2132,0,0.0,533,0,0.0,1716,0,0.0,429,0,0.0,0.0,0.0
P0,P0_derivative_amplitude_deciles,DERIVED_DECILES_ALL,ds004504__EC,AD_vs_CN,11,CN,AD,5,5|9|9|9|9,3|5|9|9|1,8.2,5.4,-2.8,0.0,0.0,0.0,0.0,0,0,,2136,0,0.0,529,0,0.0,1402,0,0.0,353,0,0.0,0.0,0.0
P0,P0_derivative_amplitude_deciles,DERIVED_DECILES_ALL,ds004504__EC,AD_vs_CN,12,CN,AD,5,3|9|9|3|5,9|9|3|3|5,5.8,5.8,0.0,0.0404040404040404,0.0404040404040404,0.10666666666666666,0.10666666666666666,2,0,0.0,1510,0,0.0,375,0,0.0,1504,0,0.0,381,0,0.0,0.0,0.0
P0,P0_derivative_amplitude_deciles,DERIVED_DECILES_ALL,ds004504__EC,AD_vs_CN,13,CN,AD,5,5|9|9|5|5,3|9|5|3|5,6.6,5.0,-1.6,0.08214285714285714,0.08214285714285714,0.17777777777777776,0.17777777777777776,4,0,0.0,1716,0,0.0,429,0,0.0,1302,0,0.0,323,0,0.0,0.0,0.0
P0,P0_derivative_amplitude_deciles,DERIVED_DECILES_ALL,ds004504__EC,AD_vs_CN,14,CN,AD,5,5|3|5|5|3,1|3|5|3|3,4.2,3.0,-1.2,0.02222222222222222,0.02222222222222222,0.04,0.04,1,0,0.0,1090,0,0.0,275,0,0.0,782,0,0.0,193,0,0.0,0.0,0.0
P0,P0_derivative_amplitude_deciles,DERIVED_DECILES_ALL,ds004504__EC,AD_vs_CN,15,CN,AD,5,3|5|9|9|3,3|3|5|9|3,5.8,4.6,-1.2,0.027149321266968326,0.027149321266968326,0.06222222222222222,0.06222222222222222,2,0,0.0,1508,0,0.0,377,0,0.0,1196,0,0.0,299,0,0.0,0.0,0.0
P0,P0_derivative_amplitude_deciles,DERIVED_DECILES_ALL,ds004504__EC,AD_vs_CN,16,CN,AD,5,9|5|9|3|9,9|5|3|5|5,7.0,5.4,-1.6,0.05714285714285714,0.05714285714285714,0.08888888888888888,0.08888888888888888,4,0,0.0,1820,0,0.0,455,0,0.0,1400,0,0.0,355,0,0.0,0.0,0.0
P0,P0_derivative_amplitude_deciles,DERIVED_DECILES_ALL,ds004504__EC,AD_vs_CN,17,CN,AD,5,3|9|3|3|3,5|5|5|5|9,4.2,5.8,1.6,0.0,0.0,0.0,0.0,0,0,,1092,0,0.0,273,0,0.0,1512,0,0.0,373,0,0.0,0.0,0.0
P0,P0_derivative_amplitude_deciles,DERIVED_DECILES_ALL,ds004504__EC,AD_vs_CN,18,CN,AD,5,9|9|9|3|9,5|3|9|3|9,7.8,5.8,-2.0,0.03333333333333333,0.03333333333333333,0.08,0.08,2,0,0.0,2028,0,0.0,507,0,0.0,1512,0,0.0,373,0,0.0,0.0,0.0
P0,P0_derivative_amplitude_deciles,DERIVED_DECILES_ALL,ds004504__EC,AD_vs_CN,19,CN,AD,5,5|5|9|9|9,5|9|5|5|3,7.4,5.4,-2.0,0.015384615384615385,0.015384615384615385,0.04,0.04,1,0,0.0,1928,0,0.0,477,0,0.0,1402,0,0.0,353,0,0.0,0.0,0.0
P0,P0_derivative_amplitude_deciles,DERIVED_DECILES_ALL,ds004504__EC,AD_vs_CN,20,CN,AD,5,9|3|5|3|3,3|9|9|5|9,4.6,7.0,2.4,0.05174825174825175,0.05174825174825175,0.17333333333333334,0.17333333333333334,3,0,0.0,1190,0,0.0,305,0,0.0,1826,0,0.0,449,0,0.0,0.0,0.0
P0,P0_derivative_amplitude_deciles,DERIVED_DECILES_ALL,ds004504__EC,AD_vs_FTD,1,FTD,AD,5,9|5|3|5|5,9|5|9|5|9,5.4,7.4,2.0,0.13982905982905983,0.13982905982905983,0.32,0.32,8,0,0.0,1270,0,0.0,323,0,0.0,1744,0,0.0,439,0,0.0,0.0,0.0
P0,P0_derivative_amplitude_deciles,DERIVED_DECILES_ALL,ds004504__EC,AD_vs_FTD,2,FTD,AD,5,9|9|5|9|5,9|9|9|5|3,7.4,7.0,-0.4,0.13557422969187674,0.13557422969187674,0.24444444444444444,0.24444444444444444,7,0,0.0,1744,0,0.0,439,0,0.0,1644,0,0.0,421,0,0.0,0.0,0.0
P0,P0_derivative_amplitude_deciles,DERIVED_DECILES_ALL,ds004504__EC,AD_vs_FTD,3,FTD,AD,5,9|9|9|9|9,9|9|5|9|9,9.0,8.2,-0.8,0.09214932126696833,0.09214932126696833,0.17333333333333334,0.17333333333333334,7,0,0.0,2124,0,0.0,531,0,0.0,1936,0,0.0,483,0,0.0,0.0,0.0
P0,P0_derivative_amplitude_deciles,DERIVED_DECILES_ALL,ds004504__EC,AD_vs_FTD,4,FTD,AD,5,9|9|9|9|9,5|5|5|9|9,9.0,6.6,-2.4,0.04253393665158371,0.04253393665158371,0.10222222222222223,0.10222222222222223,3,0,0.0,2124,0,0.0,531,0,0.0,1564,0,0.0,383,0,0.0,0.0,0.0
P0,P0_derivative_amplitude_deciles,DERIVED_DECILES_ALL,ds004504__EC,AD_vs_FTD,5,FTD,AD,5,9|5|9|9|9,9|5|9|9|9,8.2,8.2,0.0,0.11176470588235295,0.11176470588235295,0.19111111111111112,0.19111111111111112,7,0,0.0,1936,0,0.0,483,0,0.0,1936,0,0.0,483,0,0.0,0.0,0.0
P0,P0_derivative_amplitude_deciles,DERIVED_DECILES_ALL,ds004504__EC,AD_vs_FTD,6,FTD,AD,5,9|9|9|3|5,9|9|9|9|9,7.0,9.0,2.0,0.07714932126696833,0.07714932126696833,0.1511111111111111,0.1511111111111111,6,0,0.0,1644,0,0.0,421,0,0.0,2124,0,0.0,531,0,0.0,0.0,0.0
P0,P0_derivative_amplitude_deciles,DERIVED_DECILES_ALL,ds004504__EC,AD_vs_FTD,7,FTD,AD,5,5|5|9|9|5,9|9|9|9|9,6.6,9.0,2.4,0.04253393665158371,0.04253393665158371,0.10222222222222223,0.10222222222222223,3,0,0.0,1560,0,0.0,387,0,0.0,2124,0,0.0,531,0,0.0,0.0,0.0
P0,P0_derivative_amplitude_deciles,DERIVED_DECILES_ALL,ds004504__EC,AD_vs_FTD,8,FTD,AD,5,9|3|5|9|5,9|9|5|5|5,6.2,6.6,0.4,0.08398692810457516,0.08398692810457516,0.14222222222222222,0.14222222222222222,4,0,0.0,1462,0,0.0,367,0,0.0,1552,0,0.0,395,0,0.0,0.0,0.0
P0,P0_derivative_amplitude_deciles,DERIVED_DECILES_ALL,ds004504__EC,AD_vs_FTD,9,FTD,AD,5,9|9|9|9|9,9|9|9|5|9,9.0,8.2,-0.8,0.06714932126696833,0.06714932126696833,0.1288888888888889,0.1288888888888889,5,0,0.0,2124,0,0.0,531,0,0.0,1932,0,0.0,487,0,0.0,0.0,0.0
P0,P0_derivative_amplitude_deciles,DERIVED_DECILES_ALL,ds004504__EC,AD_vs_FTD,10,FTD,AD,5,9|3|9|9|9,9|9|5|9|9,7.8,8.2,0.4,0.08533113944878651,0.08533113944878651,0.19555555555555554,0.19555555555555554,6,0,0.0,1842,0,0.0,459,0,0.0,1936,0,0.0,483,0,0.0,0.0,0.0
P0,P0_derivative_amplitude_deciles,DERIVED_DECILES_ALL,ds004504__EC,AD_vs_FTD,11,FTD,AD,5,9|5|9|9|9,9|9|9|9|9,8.2,9.0,0.8,0.11547619047619047,0.11547619047619047,0.21333333333333332,0.21333333333333332,8,0,0.0,1936,0,0.0,483,0,0.0,2124,0,0.0,531,0,0.0,0.0,0.0
P0,P0_derivative_amplitude_deciles,DERIVED_DECILES_ALL,ds004504__EC,AD_vs_FTD,12,FTD,AD,5,9|5|9|9|9,3|9|1|9|9,8.2,6.2,-2.0,0.055384615384615386,0.055384615384615386,0.10666666666666666,0.10666666666666666,4,0,0.0,1936,0,0.0,483,0,0.0,1472,0,0.0,357,0,0.0,0.0,0.0
P0,P0_derivative_amplitude_deciles,DERIVED_DECILES_ALL,ds004504__EC,AD_vs_FTD,13,FTD,AD,5,3|9|5|9|9,9|9|9|9|9,7.0,9.0,2.0,0.05,0.05,0.08888888888888888,0.08888888888888888,4,0,0.0,1660,0,0.0,405,0,0.0,2124,0,0.0,531,0,0.0,0.0,0.0
P0,P0_derivative_amplitude_deciles,DERIVED_DECILES_ALL,ds004504__EC,AD_vs_FTD,14,FTD,AD,5,9|9|5|9|5,9|9|9|3|5,7.4,7.0,-0.4,0.08318181818181819,0.08318181818181819,0.17777777777777776,0.17777777777777776,6,0,0.0,1744,0,0.0,439,0,0.0,1644,0,0.0,421,0,0.0,0.0,0.0
P0,P0_derivative_amplitude_deciles,DERIVED_DECILES_ALL,ds004504__EC,AD_vs_FTD,15,FTD,AD,5,9|9|3|9|9,5|9|9|5|9,7.8,7.4,-0.4,0.055384615384615386,0.055384615384615386,0.10666666666666666,0.10666666666666666,4,0,0.0,1842,0,0.0,459,0,0.0,1748,0,0.0,435,0,0.0,0.0,0.0
P0,P0_derivative_amplitude_deciles,DERIVED_DECILES_ALL,ds004504__EC,AD_vs_FTD,16,FTD,AD,5,9|3|9|9|9,9|9|9|9|9,7.8,9.0,1.2,0.07529411764705883,0.07529411764705883,0.19999999999999998,0.19999999999999998,5,0,0.0,1842,0,0.0,459,0,0.0,2124,0,0.0,531,0,0.0,0.0,0.0
P0,P0_derivative_amplitude_deciles,DERIVED_DECILES_ALL,ds004504__EC,AD_vs_FTD,17,FTD,AD,5,9|5|9|9|5,9|5|9|9|9,7.4,8.2,0.8,0.08891402714932127,0.08891402714932127,0.16444444444444445,0.16444444444444445,5,0,0.0,1744,0,0.0,439,0,0.0,1936,0,0.0,483,0,0.0,0.0,0.0
P0,P0_derivative_amplitude_deciles,DERIVED_DECILES_ALL,ds004504__EC,AD_vs_FTD,18,FTD,AD,5,9|3|9|9|5,9|3|9|9|9,7.0,7.8,0.8,0.09214932126696833,0.09214932126696833,0.17333333333333334,0.17333333333333334,5,0,0.0,1650,0,0.0,415,0,0.0,1842,0,0.0,459,0,0.0,0.0,0.0
P0,P0_derivative_amplitude_deciles,DERIVED_DECILES_ALL,ds004504__EC,AD_vs_FTD,19,FTD,AD,5,5|9|5|5|9,9|5|9|3|9,6.6,7.0,0.4,0.12714932126696832,0.12714932126696832,0.27555555555555555,0.27555555555555555,6,0,0.0,1560,0,0.0,387,0,0.0,1648,0,0.0,417,0,0.0,0.0,0.0
P0,P0_derivative_amplitude_deciles,DERIVED_DECILES_ALL,ds004504__EC,AD_vs_FTD,20,FTD,AD,5,9|9|5|9|9,9|9|9|5|9,8.2,8.2,0.0,0.027149321266968326,0.027149321266968326,0.06222222222222222,0.06222222222222222,2,0,0.0,1936,0,0.0,483,0,0.0,1932,0,0.0,487,0,0.0,0.0,0.0
P0,P0_derivative_amplitude_deciles,DERIVED_DECILES_ALL,ds004504__EC,CN_vs_FTD,1,CN,FTD,5,5|9|9|9|9,9|9|9|9|3,8.2,7.8,-0.4,0.029946524064171122,0.029946524064171122,0.08888888888888888,0.08888888888888888,2,0,0.0,1708,0,0.0,424,0,0.0,1614,0,0.0,414,0,0.0,0.0,0.0
P0,P0_derivative_amplitude_deciles,DERIVED_DECILES_ALL,ds004504__EC,CN_vs_FTD,2,CN,FTD,5,3|9|9|5|3,9|9|3|3|5,5.8,5.8,0.0,0.06857142857142857,0.06857142857142857,0.19999999999999998,0.19999999999999998,3,0,0.0,1200,0,0.0,308,0,0.0,1202,0,0.0,306,0,0.0,0.0,0.0
P0,P0_derivative_amplitude_deciles,DERIVED_DECILES_ALL,ds004504__EC,CN_vs_FTD,3,CN,FTD,5,3|9|9|9|9,9|5|9|9|3,7.8,7.0,-0.8,0.0,0.0,0.0,0.0,0,0,,1626,0,0.0,402,0,0.0,1450,0,0.0,370,0,0.0,0.0,0.0
P0,P0_derivative_amplitude_deciles,DERIVED_DECILES_ALL,ds004504__EC,CN_vs_FTD,4,CN,FTD,5,9|9|9|9|3,9|9|9|5|9,7.8,8.2,0.4,0.05214932126696833,0.05214932126696833,0.10666666666666666,0.10666666666666666,4,0,0.0,1614,0,0.0,414,0,0.0,1704,0,0.0,428,0,0.0,0.0,0.0
P0,P0_derivative_amplitude_deciles,DERIVED_DECILES_ALL,ds004504__EC,CN_vs_FTD,5,CN,FTD,5,3|3|9|9|9,9|9|5|5|9,6.6,7.4,0.8,0.045098039215686274,0.045098039215686274,0.10222222222222223,0.10222222222222223,3,0,0.0,1380,0,0.0,336,0,0.0,1540,0,0.0,384,0,0.0,0.0,0.0
P0,P0_derivative_amplitude_deciles,DERIVED_DECILES_ALL,ds004504__EC,CN_vs_FTD,6,CN,FTD,5,9|9|5|9|9,9|9|3|5|5,8.2,6.2,-2.0,0.027149321266968326,0.027149321266968326,0.06222222222222222,0.06222222222222222,2,0,0.0,1708,0,0.0,424,0,0.0,1286,0,0.0,326,0,0.0,0.0,0.0
P0,P0_derivative_amplitude_deciles,DERIVED_DECILES_ALL,ds004504__EC,CN_vs_FTD,7,CN,FTD,5,3|9|9|9|3,5|5|5|9|9,6.6,6.6,0.0,0.0,0.0,0.0,0.0,0,0,,1368,0,0.0,348,0,0.0,1380,0,0.0,336,0,0.0,0.0,0.0
P0,P0_derivative_amplitude_deciles,DERIVED_DECILES_ALL,ds004504__EC,CN_vs_FTD,8,CN,FTD,5,9|9|5|3|5,5|9|3|3|3,6.2,4.6,-1.6,0.055720749838396894,0.055720749838396894,0.1288888888888889,0.1288888888888889,3,0,0.0,1284,0,0.0,328,0,0.0,952,0,0.0,244,0,0.0,0.0,0.0
P0,P0_derivative_amplitude_deciles,DERIVED_DECILES_ALL,ds004504__EC,CN_vs_FTD,9,CN,FTD,5,5|9|9|9|5,9|5|3|5|9,7.4,6.2,-1.2,0.10069930069930069,0.10069930069930069,0.24,0.24,6,0,0.0,1536,0,0.0,388,0,0.0,1294,0,0.0,318,0,0.0,0.0,0.0
P0,P0_derivative_amplitude_deciles,DERIVED_DECILES_ALL,ds004504__EC,CN_vs_FTD,10,CN,FTD,5,9|5|5|9|5,5|9|3|5|3,6.6,5.0,-1.6,0.03076923076923077,0.03076923076923077,0.08,0.08,2,0,0.0,1372,0,0.0,344,0,0.0,1036,0,0.0,264,0,0.0,0.0,0.0
P0,P0_derivative_amplitude_deciles,DERIVED_DECILES_ALL,ds004504__EC,CN_vs_FTD,11,CN,FTD,5,9|9|3|9|9,9|9|5|9|9,7.8,8.2,0.4,0.025,0.025,0.04444444444444444,0.04444444444444444,2,0,0.0,1626,0,0.0,402,0,0.0,1708,0,0.0,424,0,0.0,0.0,0.0
P0,P0_derivative_amplitude_deciles,DERIVED_DECILES_ALL,ds004504__EC,CN_vs_FTD,12,CN,FTD,5,5|9|5|9|3,9|9|9|9|9,6.2,9.0,2.8,0.05454545454545454,0.05454545454545454,0.12,0.12,3,0,0.0,1286,0,0.0,326,0,0.0,1872,0,0.0,468,0,0.0,0.0,0.0
P0,P0_derivative_amplitude_deciles,DERIVED_DECILES_ALL,ds004504__EC,CN_vs_FTD,13,CN,FTD,5,3|9|9|9|9,5|9|9|9|9,7.8,8.2,0.4,0.02857142857142857,0.02857142857142857,0.06666666666666667,0.06666666666666667,1,0,0.0,1626,0,0.0,402,0,0.0,1708,0,0.0,424,0,0.0,0.0,0.0
P0,P0_derivative_amplitude_deciles,DERIVED_DECILES_ALL,ds004504__EC,CN_vs_FTD,14,CN,FTD,5,3|9|9|3|9,9|9|5|3|9,6.6,7.0,0.4,0.07676470588235294,0.07676470588235294,0.13333333333333333,0.13333333333333333,4,0,0.0,1374,0,0.0,342,0,0.0,1456,0,0.0,364,0,0.0,0.0,0.0
P0,P0_derivative_amplitude_deciles,DERIVED_DECILES_ALL,ds004504__EC,CN_vs_FTD,15,CN,FTD,5,3|9|9|9|9,3|9|3|1|3,7.8,3.8,-4.0,0.011764705882352941,0.011764705882352941,0.02222222222222222,0.02222222222222222,1,0,0.0,1626,0,0.0,402,0,0.0,786,0,0.0,202,0,0.0,0.0,0.0
P0,P0_derivative_amplitude_deciles,DERIVED_DECILES_ALL,ds004504__EC,CN_vs_FTD,16,CN,FTD,5,5|9|9|9|5,9|5|3|9|9,7.4,7.0,-0.4,0.027149321266968326,0.027149321266968326,0.06222222222222222,0.06222222222222222,2,0,0.0,1536,0,0.0,388,0,0.0,1462,0,0.0,358,0,0.0,0.0,0.0
P0,P0_derivative_amplitude_deciles,DERIVED_DECILES_ALL,ds004504__EC,CN_vs_FTD,17,CN,FTD,5,9|9|3|5|9,9|9|3|9|5,7.0,7.0,0.0,0.09214932126696833,0.09214932126696833,0.17333333333333334,0.17333333333333334,5,0,0.0,1458,0,0.0,362,0,0.0,1454,0,0.0,366,0,0.0,0.0,0.0
P0,P0_derivative_amplitude_deciles,DERIVED_DECILES_ALL,ds004504__EC,CN_vs_FTD,18,CN,FTD,5,9|9|3|5|9,9|3|3|3|3,7.0,4.2,-2.8,0.04,0.04,0.06666666666666667,0.06666666666666667,1,0,0.0,1458,0,0.0,362,0,0.0,870,0,0.0,222,0,0.0,0.0,0.0
P0,P0_derivative_amplitude_deciles,DERIVED_DECILES_ALL,ds004504__EC,CN_vs_FTD,19,CN,FTD,5,5|5|9|9|1,9|9|9|9|5,5.8,8.2,2.4,0.04038461538461539,0.04038461538461539,0.08444444444444445,0.08444444444444445,3,0,0.0,1200,0,0.0,308,0,0.0,1700,0,0.0,432,0,0.0,0.0,0.0
P0,P0_derivative_amplitude_deciles,DERIVED_DECILES_ALL,ds004504__EC,CN_vs_FTD,20,CN,FTD,5,9|5|9|3|9,9|3|3|9|9,7.0,6.6,-0.4,0.046753246753246755,0.046753246753246755,0.13333333333333333,0.13333333333333333,2,0,0.0,1456,0,0.0,364,0,0.0,1380,0,0.0,336,0,0.0,0.0,0.0
P0,P0_derivative_amplitude_deciles,DERIVED_DECILES_ALL,ds006036__EO_or_photomark,AD_FTD_vs_CN,1,CN,AD_FTD,5,3|9|5|5|5,9|9|9|1|3,5.4,6.2,0.8,0.04395604395604395,0.04395604395604395,0.10666666666666666,0.10666666666666666,2,0,0.0,1900,0,0.0,476,0,0.0,2176,0,0.0,552,0,0.0,0.0,0.0
P0,P0_derivative_amplitude_deciles,DERIVED_DECILES_ALL,ds006036__EO_or_photomark,AD_FTD_vs_CN,2,CN,AD_FTD,5,5|1|3|9|9,9|1|9|5|1,5.4,5.0,-0.4,0.03076923076923077,0.03076923076923077,0.08,0.08,2,0,0.0,1908,0,0.0,468,0,0.0,1752,0,0.0,448,0,0.0,0.0,0.0
P0,P0_derivative_amplitude_deciles,DERIVED_DECILES_ALL,ds006036__EO_or_photomark,AD_FTD_vs_CN,3,CN,AD_FTD,5,9|3|5|1|3,3|5|9|1|3,4.2,4.2,0.0,0.04395604395604395,0.04395604395604395,0.10666666666666666,0.10666666666666666,2,0,0.0,1476,0,0.0,372,0,0.0,1476,0,0.0,372,0,0.0,0.0,0.0
P0,P0_derivative_amplitude_deciles,DERIVED_DECILES_ALL,ds006036__EO_or_photomark,AD_FTD_vs_CN,4,CN,AD_FTD,5,5|9|5|9|3,5|9|3|3|9,6.2,5.8,-0.4,0.0,0.0,0.0,0.0,0,0,,2176,0,0.0,552,0,0.0,2048,0,0.0,504,0,0.0,0.0,0.0
P0,P0_derivative_amplitude_deciles,DERIVED_DECILES_ALL,ds006036__EO_or_photomark,AD_FTD_vs_CN,5,CN,AD_FTD,5,9|3|5|9|5,9|9|9|9|9,6.2,9.0,2.8,0.011764705882352941,0.011764705882352941,0.02222222222222222,0.02222222222222222,1,0,0.0,2180,0,0.0,548,0,0.0,3168,0,0.0,792,0,0.0,0.0,0.0
P0,P0_derivative_amplitude_deciles,DERIVED_DECILES_ALL,ds006036__EO_or_photomark,AD_FTD_vs_CN,6,CN,AD_FTD,5,9|3|5|9|5,3|9|3|5|9,6.2,5.8,-0.4,0.03076923076923077,0.03076923076923077,0.08,0.08,2,0,0.0,2180,0,0.0,548,0,0.0,2048,0,0.0,504,0,0.0,0.0,0.0
P0,P0_derivative_amplitude_deciles,DERIVED_DECILES_ALL,ds006036__EO_or_photomark,AD_FTD_vs_CN,7,CN,AD_FTD,5,3|3|9|5|9,9|9|9|9|9,5.8,9.0,3.2,0.027149321266968326,0.027149321266968326,0.06222222222222222,0.06222222222222222,2,0,0.0,2048,0,0.0,504,0,0.0,3168,0,0.0,792,0,0.0,0.0,0.0
P0,P0_derivative_amplitude_deciles,DERIVED_DECILES_ALL,ds006036__EO_or_photomark,AD_FTD_vs_CN,8,CN,AD_FTD,5,3|9|9|9|9,9|3|9|5|9,7.8,7.0,-0.8,0.03676470588235294,0.03676470588235294,0.06666666666666667,0.06666666666666667,3,0,0.0,2748,0,0.0,684,0,0.0,2468,0,0.0,612,0,0.0,0.0,0.0
P0,P0_derivative_amplitude_deciles,DERIVED_DECILES_ALL,ds006036__EO_or_photomark,AD_FTD_vs_CN,9,CN,AD_FTD,5,5|5|9|9|5,3|1|9|9|1,6.6,4.6,-2.0,0.011764705882352941,0.011764705882352941,0.02222222222222222,0.02222222222222222,1,0,0.0,2320,0,0.0,584,0,0.0,1612,0,0.0,412,0,0.0,0.0,0.0
P0,P0_derivative_amplitude_deciles,DERIVED_DECILES_ALL,ds006036__EO_or_photomark,AD_FTD_vs_CN,10,CN,AD_FTD,5,5|9|3|9|5,9|9|3|3|3,6.2,5.4,-0.8,0.04,0.04,0.06666666666666667,0.06666666666666667,1,0,0.0,2180,0,0.0,548,0,0.0,1896,0,0.0,480,0,0.0,0.0,0.0
P0,P0_derivative_amplitude_deciles,DERIVED_DECILES_ALL,ds006036__EO_or_photomark,AD_FTD_vs_CN,11,CN,AD_FTD,5,9|3|5|9|9,5|9|9|9|1,7.0,6.6,-0.4,0.033566433566433566,0.033566433566433566,0.10666666666666666,0.10666666666666666,2,0,0.0,2468,0,0.0,612,0,0.0,2312,0,0.0,592,0,0.0,0.0,0.0
P0,P0_derivative_amplitude_deciles,DERIVED_DECILES_ALL,ds006036__EO_or_photomark,AD_FTD_vs_CN,12,CN,AD_FTD,5,9|9|9|5|5,9|3|5|5|3,7.4,5.0,-2.4,0.08008658008658008,0.08008658008658008,0.21333333333333332,0.21333333333333332,4,0,0.0,2600,0,0.0,656,0,0.0,1756,0,0.0,444,0,0.0,0.0,0.0
P0,P0_derivative_amplitude_deciles,DERIVED_DECILES_ALL,ds006036__EO_or_photomark,AD_FTD_vs_CN,13,CN,AD_FTD,5,9|5|5|9|9,5|9|5|3|1,7.4,4.6,-2.8,0.03333333333333333,0.03333333333333333,0.08,0.08,2,0,0.0,2608,0,0.0,648,0,0.0,1612,0,0.0,412,0,0.0,0.0,0.0
P0,P0_derivative_amplitude_deciles,DERIVED_DECILES_ALL,ds006036__EO_or_photomark,AD_FTD_vs_CN,14,CN,AD_FTD,5,9|9|9|9|5,9|3|9|5|3,8.2,5.8,-2.4,0.015384615384615385,0.015384615384615385,0.04,0.04,1,0,0.0,2880,0,0.0,728,0,0.0,2036,0,0.0,516,0,0.0,0.0,0.0
P0,P0_derivative_amplitude_deciles,DERIVED_DECILES_ALL,ds006036__EO_or_photomark,AD_FTD_vs_CN,15,CN,AD_FTD,5,5|5|5|9|9,3|9|5|9|9,6.6,7.0,0.4,0.06113624937154349,0.06113624937154349,0.12444444444444444,0.12444444444444444,4,0,0.0,2328,0,0.0,576,0,0.0,2468,0,0.0,612,0,0.0,0.0,0.0
P0,P0_derivative_amplitude_deciles,DERIVED_DECILES_ALL,ds006036__EO_or_photomark,AD_FTD_vs_CN,16,CN,AD_FTD,5,9|9|3|9|9,9|9|9|5|9,7.8,8.2,0.4,0.06994652406417112,0.06994652406417112,0.15555555555555556,0.15555555555555556,5,0,0.0,2748,0,0.0,684,0,0.0,2888,0,0.0,720,0,0.0,0.0,0.0
P0,P0_derivative_amplitude_deciles,DERIVED_DECILES_ALL,ds006036__EO_or_photomark,AD_FTD_vs_CN,17,CN,AD_FTD,5,9|9|3|9|9,1|1|9|9|3,7.8,4.6,-3.2,0.0,0.0,0.0,0.0,0,0,,2748,0,0.0,684,0,0.0,1616,0,0.0,408,0,0.0,0.0,0.0
P0,P0_derivative_amplitude_deciles,DERIVED_DECILES_ALL,ds006036__EO_or_photomark,AD_FTD_vs_CN,18,CN,AD_FTD,5,9|9|5|9|9,9|9|3|9|3,8.2,6.6,-1.6,0.09510489510489512,0.09510489510489512,0.17777777777777778,0.17777777777777778,6,0,0.0,2888,0,0.0,720,0,0.0,2316,0,0.0,588,0,0.0,0.0,0.0
P0,P0_derivative_amplitude_deciles,DERIVED_DECILES_ALL,ds006036__EO_or_photomark,AD_FTD_vs_CN,19,CN,AD_FTD,5,5|9|9|5|9,9|3|9|1|9,7.4,6.2,-1.2,0.05,0.05,0.08888888888888888,0.08888888888888888,4,0,0.0,2608,0,0.0,648,0,0.0,2188,0,0.0,540,0,0.0,0.0,0.0
P0,P0_derivative_amplitude_deciles,DERIVED_DECILES_ALL,ds006036__EO_or_photomark,AD_FTD_vs_CN,20,CN,AD_FTD,5,9|5|5|5|5,3|9|1|1|9,5.8,4.6,-1.2,0.05454545454545454,0.05454545454545454,0.12,0.12,3,0,0.0,2040,0,0.0,512,0,0.0,1628,0,0.0,396,0,0.0,0.0,0.0
P0,P0_derivative_amplitude_deciles,DERIVED_DECILES_ALL,ds006036__EO_or_photomark,AD_vs_CN,1,CN,AD,5,3|5|3|5|9,9|1|9|9|9,5.0,7.4,2.4,0.0,0.0,0.0,0.0,0,0,,1306,0,0.0,319,0,0.0,1924,0,0.0,481,0,0.0,0.0,0.0
P0,P0_derivative_amplitude_deciles,DERIVED_DECILES_ALL,ds006036__EO_or_photomark,AD_vs_CN,2,CN,AD,5,3|9|9|9|5,9|9|5|3|3,7.0,5.8,-1.2,0.07390256802021508,0.07390256802021508,0.19555555555555554,0.19555555555555554,4,0,0.0,1822,0,0.0,453,0,0.0,1502,0,0.0,383,0,0.0,0.0,0.0
P0,P0_derivative_amplitude_deciles,DERIVED_DECILES_ALL,ds006036__EO_or_photomark,AD_vs_CN,3,CN,AD,5,9|3|9|9|5,9|5|9|9|3,7.0,7.0,0.0,0.0,0.0,0.0,0.0,0,0,,1816,0,0.0,459,0,0.0,1814,0,0.0,461,0,0.0,0.0,0.0
P0,P0_derivative_amplitude_deciles,DERIVED_DECILES_ALL,ds006036__EO_or_photomark,AD_vs_CN,4,CN,AD,5,5|9|9|9|9,9|5|3|5|3,8.2,5.0,-3.2,0.015384615384615385,0.015384615384615385,0.04,0.04,1,0,0.0,2136,0,0.0,529,0,0.0,1294,0,0.0,331,0,0.0,0.0,0.0
P0,P0_derivative_amplitude_deciles,DERIVED_DECILES_ALL,ds006036__EO_or_photomark,AD_vs_CN,5,CN,AD,5,3|9|9|5|3,5|9|9|9|1,5.8,6.6,0.8,0.03333333333333333,0.03333333333333333,0.08,0.08,2,0,0.0,1508,0,0.0,377,0,0.0,1712,0,0.0,433,0,0.0,0.0,0.0
P0,P0_derivative_amplitude_deciles,DERIVED_DECILES_ALL,ds006036__EO_or_photomark,AD_vs_CN,6,CN,AD,5,9|3|3|9|5,5|5|9|3|9,5.8,6.2,0.4,0.01818181818181818,0.01818181818181818,0.06666666666666667,0.06666666666666667,1,0,0.0,1504,0,0.0,381,0,0.0,1616,0,0.0,399,0,0.0,0.0,0.0
P0,P0_derivative_amplitude_deciles,DERIVED_DECILES_ALL,ds006036__EO_or_photomark,AD_vs_CN,7,CN,AD,5,9|9|5|5|9,3|3|1|3|9,7.4,3.8,-3.6,0.0,0.0,0.0,0.0,0,0,,1924,0,0.0,481,0,0.0,994,0,0.0,241,0,0.0,0.0,0.0
P0,P0_derivative_amplitude_deciles,DERIVED_DECILES_ALL,ds006036__EO_or_photomark,AD_vs_CN,8,CN,AD,5,1|5|9|5|9,9|5|3|9|9,5.8,7.0,1.2,0.0,0.0,0.0,0.0,0,0,,1516,0,0.0,369,0,0.0,1820,0,0.0,455,0,0.0,0.0,0.0
P0,P0_derivative_amplitude_deciles,DERIVED_DECILES_ALL,ds006036__EO_or_photomark,AD_vs_CN,9,CN,AD,5,3|9|9|3|3,5|5|3|3|3,5.4,3.8,-1.6,0.0,0.0,0.0,0.0,0,0,,1404,0,0.0,351,0,0.0,986,0,0.0,249,0,0.0,0.0,0.0
P0,P0_derivative_amplitude_deciles,DERIVED_DECILES_ALL,ds006036__EO_or_photomark,AD_vs_CN,10,CN,AD,5,9|9|3|3|3,3|9|9|3|9,5.4,6.6,1.2,0.011764705882352941,0.011764705882352941,0.02222222222222222,0.02222222222222222,1,0,0.0,1398,0,0.0,357,0,0.0,1722,0,0.0,423,0,0.0,0.0,0.0
P0,P0_derivative_amplitude_deciles,DERIVED_DECILES_ALL,ds006036__EO_or_photomark,AD_vs_CN,11,CN,AD,5,5|5|9|5|3,3|9|1|5|3,5.4,4.2,-1.2,0.0,0.0,0.0,0.0,0,0,,1402,0,0.0,353,0,0.0,1092,0,0.0,273,0,0.0,0.0,0.0
P0,P0_derivative_amplitude_deciles,DERIVED_DECILES_ALL,ds006036__EO_or_photomark,AD_vs_CN,12,CN,AD,5,5|3|5|9|3,5|1|9|5|9,5.0,5.8,0.8,0.0,0.0,0.0,0.0,0,0,,1298,0,0.0,327,0,0.0,1512,0,0.0,373,0,0.0,0.0,0.0
P0,P0_derivative_amplitude_deciles,DERIVED_DECILES_ALL,ds006036__EO_or_photomark,AD_vs_CN,13,CN,AD,5,3|5|5|5|9,5|9|9|9|9,5.4,8.2,2.8,0.015384615384615385,0.015384615384615385,0.04,0.04,1,0,0.0,1410,0,0.0,345,0,0.0,2136,0,0.0,529,0,0.0,0.0,0.0
P0,P0_derivative_amplitude_deciles,DERIVED_DECILES_ALL,ds006036__EO_or_photomark,AD_vs_CN,14,CN,AD,5,5|9|3|9|9,9|3|1|3|1,7.0,3.4,-3.6,0.0,0.0,0.0,0.0,0,0,,1824,0,0.0,451,0,0.0,876,0,0.0,229,0,0.0,0.0,0.0
P0,P0_derivative_amplitude_deciles,DERIVED_DECILES_ALL,ds006036__EO_or_photomark,AD_vs_CN,15,CN,AD,5,9|5|5|9|9,3|9|3|1|9,7.4,5.0,-2.4,0.0,0.0,0.0,0.0,0,0,,1924,0,0.0,481,0,0.0,1306,0,0.0,319,0,0.0,0.0,0.0
P0,P0_derivative_amplitude_deciles,DERIVED_DECILES_ALL,ds006036__EO_or_photomark,AD_vs_CN,16,CN,AD,5,3|9|9|5|9,3|1|3|1|9,7.0,3.4,-3.6,0.0,0.0,0.0,0.0,0,0,,1826,0,0.0,449,0,0.0,890,0,0.0,215,0,0.0,0.0,0.0
P0,P0_derivative_amplitude_deciles,DERIVED_DECILES_ALL,ds006036__EO_or_photomark,AD_vs_CN,17,CN,AD,5,9|9|5|9|5,9|9|3|9|9,7.4,7.8,0.4,0.011764705882352941,0.011764705882352941,0.02222222222222222,0.02222222222222222,1,0,0.0,1920,0,0.0,485,0,0.0,2028,0,0.0,507,0,0.0,0.0,0.0
P0,P0_derivative_amplitude_deciles,DERIVED_DECILES_ALL,ds006036__EO_or_photomark,AD_vs_CN,18,CN,AD,5,3|5|1|9|9,9|5|1|5|9,5.4,5.8,0.4,0.011764705882352941,0.011764705882352941,0.02222222222222222,0.02222222222222222,1,0,0.0,1410,0,0.0,345,0,0.0,1508,0,0.0,377,0,0.0,0.0,0.0
P0,P0_derivative_amplitude_deciles,DERIVED_DECILES_ALL,ds006036__EO_or_photomark,AD_vs_CN,19,CN,AD,5,5|5|9|3|3,5|3|9|9|3,5.0,5.8,0.8,0.04,0.04,0.06666666666666667,0.06666666666666667,1,0,0.0,1298,0,0.0,327,0,0.0,1506,0,0.0,379,0,0.0,0.0,0.0
P0,P0_derivative_amplitude_deciles,DERIVED_DECILES_ALL,ds006036__EO_or_photomark,AD_vs_CN,20,CN,AD,5,9|9|5|1|9,5|9|1|1|9,6.6,5.0,-1.6,0.0,0.0,0.0,0.0,0,0,,1716,0,0.0,429,0,0.0,1304,0,0.0,321,0,0.0,0.0,0.0
P0,P0_derivative_amplitude_deciles,DERIVED_DECILES_ALL,ds006036__EO_or_photomark,AD_vs_FTD,1,FTD,AD,5,5|9|3|9|9,9|5|9|5|9,7.0,7.4,0.4,0.03333333333333333,0.03333333333333333,0.08,0.08,2,0,0.0,1658,0,0.0,407,0,0.0,1744,0,0.0,439,0,0.0,0.0,0.0
P0,P0_derivative_amplitude_deciles,DERIVED_DECILES_ALL,ds006036__EO_or_photomark,AD_vs_FTD,2,FTD,AD,5,9|5|3|5|9,9|9|5|5|9,6.2,7.4,1.2,0.027149321266968326,0.027149321266968326,0.06222222222222222,0.06222222222222222,2,0,0.0,1462,0,0.0,367,0,0.0,1744,0,0.0,439,0,0.0,0.0,0.0
P0,P0_derivative_amplitude_deciles,DERIVED_DECILES_ALL,ds006036__EO_or_photomark,AD_vs_FTD,3,FTD,AD,5,9|5|9|3|3,9|5|5|9|9,5.8,7.4,1.6,0.011764705882352941,0.011764705882352941,0.02222222222222222,0.02222222222222222,1,0,0.0,1360,3,0.0022058823529411764,351,0,0.0,1748,0,0.0,435,0,0.0,0.0,-0.0022058823529411764
P0,P0_derivative_amplitude_deciles,DERIVED_DECILES_ALL,ds006036__EO_or_photomark,AD_vs_FTD,4,FTD,AD,5,3|9|5|9|9,9|9|5|9|9,7.0,8.2,1.2,0.025,0.025,0.04444444444444444,0.04444444444444444,2,0,0.0,1660,0,0.0,405,0,0.0,1936,0,0.0,483,0,0.0,0.0,0.0
P0,P0_derivative_amplitude_deciles,DERIVED_DECILES_ALL,ds006036__EO_or_photomark,AD_vs_FTD,5,FTD,AD,5,9|5|5|5|5,9|9|9|5|5,5.8,7.4,1.6,0.07692307692307693,0.07692307692307693,0.11111111111111112,0.11111111111111112,5,0,0.0,1364,0,0.0,347,0,0.0,1740,0,0.0,443,0,0.0,0.0,0.0
P0,P0_derivative_amplitude_deciles,DERIVED_DECILES_ALL,ds006036__EO_or_photomark,AD_vs_FTD,6,FTD,AD,5,9|5|9|9|9,5|9|9|9|9,8.2,8.2,0.0,0.056862745098039215,0.056862745098039215,0.12444444444444444,0.12444444444444444,4,0,0.0,1936,0,0.0,483,0,0.0,1940,0,0.0,479,0,0.0,0.0,0.0
P0,P0_derivative_amplitude_deciles,DERIVED_DECILES_ALL,ds006036__EO_or_photomark,AD_vs_FTD,7,FTD,AD,5,9|9|3|5|3,3|5|5|9|5,5.8,5.4,-0.4,0.04395604395604395,0.04395604395604395,0.10666666666666666,0.10666666666666666,2,0,0.0,1362,0,0.0,349,0,0.0,1280,0,0.0,313,0,0.0,0.0,0.0
P0,P0_derivative_amplitude_deciles,DERIVED_DECILES_ALL,ds006036__EO_or_photomark,AD_vs_FTD,8,FTD,AD,5,9|9|9|5|3,9|9|9|9|9,7.0,9.0,2.0,0.023529411764705882,0.023529411764705882,0.04444444444444444,0.04444444444444444,2,0,0.0,1644,0,0.0,421,0,0.0,2124,0,0.0,531,0,0.0,0.0,0.0
P0,P0_derivative_amplitude_deciles,DERIVED_DECILES_ALL,ds006036__EO_or_photomark,AD_vs_FTD,9,FTD,AD,5,9|9|5|9|3,9|9|9|9|9,7.0,9.0,2.0,0.027149321266968326,0.027149321266968326,0.06222222222222222,0.06222222222222222,2,0,0.0,1648,0,0.0,417,0,0.0,2124,0,0.0,531,0,0.0,0.0,0.0
P0,P0_derivative_amplitude_deciles,DERIVED_DECILES_ALL,ds006036__EO_or_photomark,AD_vs_FTD,10,FTD,AD,5,9|3|5|5|9,9|5|9|9|9,6.2,8.2,2.0,0.05429864253393665,0.05429864253393665,0.12444444444444444,0.12444444444444444,4,0,0.0,1462,0,0.0,367,0,0.0,1936,0,0.0,483,0,0.0,0.0,0.0
P0,P0_derivative_amplitude_deciles,DERIVED_DECILES_ALL,ds006036__EO_or_photomark,AD_vs_FTD,11,FTD,AD,5,3|9|9|5|9,9|9|9|9|9,7.0,9.0,2.0,0.03676470588235294,0.03676470588235294,0.06666666666666667,0.06666666666666667,3,0,0.0,1656,0,0.0,409,0,0.0,2124,0,0.0,531,0,0.0,0.0,0.0
P0,P0_derivative_amplitude_deciles,DERIVED_DECILES_ALL,ds006036__EO_or_photomark,AD_vs_FTD,12,FTD,AD,5,9|5|9|9|9,5|9|9|5|9,8.2,7.4,-0.8,0.027149321266968326,0.027149321266968326,0.06222222222222222,0.06222222222222222,2,0,0.0,1936,0,0.0,483,0,0.0,1748,0,0.0,435,0,0.0,0.0,0.0
P0,P0_derivative_amplitude_deciles,DERIVED_DECILES_ALL,ds006036__EO_or_photomark,AD_vs_FTD,13,FTD,AD,5,5|5|9|9|9,9|9|9|9|9,7.4,9.0,1.6,0.03891402714932127,0.03891402714932127,0.08444444444444445,0.08444444444444445,3,0,0.0,1752,0,0.0,431,0,0.0,2124,0,0.0,531,0,0.0,0.0,0.0
P0,P0_derivative_amplitude_deciles,DERIVED_DECILES_ALL,ds006036__EO_or_photomark,AD_vs_FTD,14,FTD,AD,5,9|5|9|9|9,5|9|9|9|9,8.2,8.2,0.0,0.023529411764705882,0.023529411764705882,0.04444444444444444,0.04444444444444444,2,0,0.0,1936,0,0.0,483,0,0.0,1940,0,0.0,479,0,0.0,0.0,0.0
P0,P0_derivative_amplitude_deciles,DERIVED_DECILES_ALL,ds006036__EO_or_photomark,AD_vs_FTD,15,FTD,AD,5,9|5|5|9|9,9|9|9|5|9,7.4,8.2,0.8,0.04038461538461539,0.04038461538461539,0.08444444444444445,0.08444444444444445,3,0,0.0,1748,7,0.004004576659038902,435,3,0.006896551724137931,1932,0,0.0,487,0,0.0,-0.006896551724137931,-0.004004576659038902
P0,P0_derivative_amplitude_deciles,DERIVED_DECILES_ALL,ds006036__EO_or_photomark,AD_vs_FTD,16,FTD,AD,5,9|3|5|5|5,9|5|9|5|5,5.4,6.6,1.2,0.0,0.0,0.0,0.0,0,0,,1270,3,0.002362204724409449,323,0,0.0,1552,0,0.0,395,0,0.0,0.0,-0.002362204724409449
P0,P0_derivative_amplitude_deciles,DERIVED_DECILES_ALL,ds006036__EO_or_photomark,AD_vs_FTD,17,FTD,AD,5,3|5|3|9|5,5|9|9|9|9,5.0,8.2,3.2,0.015384615384615385,0.015384615384615385,0.04,0.04,1,0,0.0,1186,0,0.0,289,0,0.0,1940,0,0.0,479,0,0.0,0.0,0.0
P0,P0_derivative_amplitude_deciles,DERIVED_DECILES_ALL,ds006036__EO_or_photomark,AD_vs_FTD,18,FTD,AD,5,9|9|9|5|5,3|9|5|9|9,7.4,7.0,-0.4,0.027149321266968326,0.027149321266968326,0.06222222222222222,0.06222222222222222,2,0,0.0,1740,9,0.005172413793103448,443,2,0.004514672686230248,1660,0,0.0,405,0,0.0,-0.004514672686230248,-0.005172413793103448
P0,P0_derivative_amplitude_deciles,DERIVED_DECILES_ALL,ds006036__EO_or_photomark,AD_vs_FTD,19,FTD,AD,5,5|5|3|9|5,5|9|3|9|5,5.4,6.2,0.8,0.061764705882352944,0.061764705882352944,0.10222222222222223,0.10222222222222223,3,0,0.0,1278,0,0.0,315,0,0.0,1466,0,0.0,363,0,0.0,0.0,0.0
P0,P0_derivative_amplitude_deciles,DERIVED_DECILES_ALL,ds006036__EO_or_photomark,AD_vs_FTD,20,FTD,AD,5,5|5|9|9|3,9|5|9|9|9,6.2,8.2,2.0,0.027149321266968326,0.027149321266968326,0.06222222222222222,0.06222222222222222,2,0,0.0,1464,0,0.0,365,0,0.0,1936,0,0.0,483,0,0.0,0.0,0.0
P0,P0_derivative_amplitude_deciles,DERIVED_DECILES_ALL,ds006036__EO_or_photomark,CN_vs_FTD,1,CN,FTD,5,5|3|3|9|9,3|9|5|9|5,5.8,6.2,0.4,0.05357142857142857,0.05357142857142857,0.1111111111111111,0.1111111111111111,3,0,0.0,1216,0,0.0,292,0,0.0,1290,0,0.0,322,0,0.0,0.0,0.0
P0,P0_derivative_amplitude_deciles,DERIVED_DECILES_ALL,ds006036__EO_or_photomark,CN_vs_FTD,2,CN,FTD,5,9|9|5|3|9,3|5|3|5|5,7.0,4.2,-2.8,0.06213786213786214,0.06213786213786214,0.17333333333333334,0.17333333333333334,3,0,0.0,1456,0,0.0,364,0,0.0,876,0,0.0,216,0,0.0,0.0,0.0
P0,P0_derivative_amplitude_deciles,DERIVED_DECILES_ALL,ds006036__EO_or_photomark,CN_vs_FTD,3,CN,FTD,5,5|3|9|9|9,5|5|3|9|9,7.0,6.2,-0.8,0.05,0.05,0.08,0.08,2,0,0.0,1462,0,0.0,358,0,0.0,1298,0,0.0,314,0,0.0,0.0,0.0
P0,P0_derivative_amplitude_deciles,DERIVED_DECILES_ALL,ds006036__EO_or_photomark,CN_vs_FTD,4,CN,FTD,5,9|5|3|9|9,9|9|9|5|9,7.0,8.2,1.2,0.04533113944878651,0.04533113944878651,0.1288888888888889,0.1288888888888889,3,0,0.0,1462,0,0.0,358,0,0.0,1704,0,0.0,428,0,0.0,0.0,0.0
P0,P0_derivative_amplitude_deciles,DERIVED_DECILES_ALL,ds006036__EO_or_photomark,CN_vs_FTD,5,CN,FTD,5,5|9|9|9|5,5|9|9|3|3,7.4,5.8,-1.6,0.029946524064171122,0.029946524064171122,0.08888888888888888,0.08888888888888888,2,0,0.0,1536,0,0.0,388,0,0.0,1198,0,0.0,310,0,0.0,0.0,0.0
P0,P0_derivative_amplitude_deciles,DERIVED_DECILES_ALL,ds006036__EO_or_photomark,CN_vs_FTD,6,CN,FTD,5,9|9|3|9|9,5|3|9|5|5,7.8,5.4,-2.4,0.04871794871794872,0.04871794871794872,0.12000000000000001,0.12000000000000001,3,0,0.0,1626,0,0.0,402,0,0.0,1122,0,0.0,282,0,0.0,0.0,0.0
P0,P0_derivative_amplitude_deciles,DERIVED_DECILES_ALL,ds006036__EO_or_photomark,CN_vs_FTD,7,CN,FTD,5,9|9|5|9|5,3|3|9|5|9,7.4,5.8,-1.6,0.0668997668997669,0.0668997668997669,0.18666666666666668,0.18666666666666668,4,0,0.0,1536,0,0.0,388,0,0.0,1212,0,0.0,296,0,0.0,0.0,0.0
P0,P0_derivative_amplitude_deciles,DERIVED_DECILES_ALL,ds006036__EO_or_photomark,CN_vs_FTD,8,CN,FTD,5,9|9|3|9|9,9|9|9|9|9,7.8,9.0,1.2,0.06524064171122995,0.06524064171122995,0.15555555555555556,0.15555555555555556,5,0,0.0,1626,0,0.0,402,0,0.0,1872,0,0.0,468,0,0.0,0.0,0.0
P0,P0_derivative_amplitude_deciles,DERIVED_DECILES_ALL,ds006036__EO_or_photomark,CN_vs_FTD,9,CN,FTD,5,9|9|5|3|9,5|9|3|9|5,7.0,6.2,-0.8,0.04395604395604395,0.04395604395604395,0.10666666666666666,0.10666666666666666,2,0,0.0,1456,0,0.0,364,0,0.0,1290,0,0.0,322,0,0.0,0.0,0.0
P0,P0_derivative_amplitude_deciles,DERIVED_DECILES_ALL,ds006036__EO_or_photomark,CN_vs_FTD,10,CN,FTD,5,5|9|5|5|9,9|9|9|5|5,6.6,7.4,0.8,0.027149321266968326,0.027149321266968326,0.06222222222222222,0.06222222222222222,2,0,0.0,1376,0,0.0,340,0,0.0,1532,0,0.0,392,0,0.0,0.0,0.0
P0,P0_derivative_amplitude_deciles,DERIVED_DECILES_ALL,ds006036__EO_or_photomark,CN_vs_FTD,11,CN,FTD,5,9|3|9|9|5,5|5|9|3|3,7.0,5.0,-2.0,0.11062271062271062,0.11062271062271062,0.24,0.24,4,0,0.0,1454,0,0.0,366,0,0.0,1034,0,0.0,266,0,0.0,0.0,0.0
P0,P0_derivative_amplitude_deciles,DERIVED_DECILES_ALL,ds006036__EO_or_photomark,CN_vs_FTD,12,CN,FTD,5,9|5|9|9|5,3|9|5|9|5,7.4,6.2,-1.2,0.04318181818181818,0.04318181818181818,0.1111111111111111,0.1111111111111111,3,0,0.0,1536,0,0.0,388,0,0.0,1290,0,0.0,322,0,0.0,0.0,0.0
P0,P0_derivative_amplitude_deciles,DERIVED_DECILES_ALL,ds006036__EO_or_photomark,CN_vs_FTD,13,CN,FTD,5,5|3|9|5|9,5|9|9|3|9,6.2,7.0,0.8,0.05898692810457516,0.05898692810457516,0.10666666666666666,0.10666666666666666,4,0,0.0,1294,0,0.0,318,0,0.0,1456,0,0.0,364,0,0.0,0.0,0.0
P0,P0_derivative_amplitude_deciles,DERIVED_DECILES_ALL,ds006036__EO_or_photomark,CN_vs_FTD,14,CN,FTD,5,9|5|5|3|9,3|9|9|3|9,6.2,6.6,0.4,0.0,0.0,0.0,0.0,0,0,,1292,0,0.0,320,0,0.0,1374,0,0.0,342,0,0.0,0.0,0.0
P0,P0_derivative_amplitude_deciles,DERIVED_DECILES_ALL,ds006036__EO_or_photomark,CN_vs_FTD,15,CN,FTD,5,5|9|5|5|9,3|3|9|9|9,6.6,6.6,0.0,0.06213786213786214,0.06213786213786214,0.17333333333333334,0.17333333333333334,3,0,0.0,1376,0,0.0,340,0,0.0,1380,0,0.0,336,0,0.0,0.0,0.0
P0,P0_derivative_amplitude_deciles,DERIVED_DECILES_ALL,ds006036__EO_or_photomark,CN_vs_FTD,16,CN,FTD,5,9|9|9|9|5,5|9|5|9|5,8.2,6.6,-1.6,0.05299145299145299,0.05299145299145299,0.12000000000000001,0.12000000000000001,3,0,0.0,1700,0,0.0,432,0,0.0,1372,0,0.0,344,0,0.0,0.0,0.0
P0,P0_derivative_amplitude_deciles,DERIVED_DECILES_ALL,ds006036__EO_or_photomark,CN_vs_FTD,17,CN,FTD,5,9|9|9|5|9,3|9|9|5|3,8.2,5.8,-2.4,0.11398692810457517,0.11398692810457517,0.2622222222222222,0.2622222222222222,7,0,0.0,1704,0,0.0,428,0,0.0,1200,0,0.0,308,0,0.0,0.0,0.0
P0,P0_derivative_amplitude_deciles,DERIVED_DECILES_ALL,ds006036__EO_or_photomark,CN_vs_FTD,18,CN,FTD,5,9|9|9|9|9,9|9|5|9|9,9.0,8.2,-0.8,0.03676470588235294,0.03676470588235294,0.06666666666666667,0.06666666666666667,3,0,0.0,1872,0,0.0,468,0,0.0,1708,0,0.0,424,0,0.0,0.0,0.0
P0,P0_derivative_amplitude_deciles,DERIVED_DECILES_ALL,ds006036__EO_or_photomark,CN_vs_FTD,19,CN,FTD,5,5|9|9|5|3,9|3|9|9|5,6.2,7.0,0.8,0.029946524064171122,0.029946524064171122,0.08888888888888888,0.08888888888888888,2,0,0.0,1282,0,0.0,330,0,0.0,1454,0,0.0,366,0,0.0,0.0,0.0
P0,P0_derivative_amplitude_deciles,DERIVED_DECILES_ALL,ds006036__EO_or_photomark,CN_vs_FTD,20,CN,FTD,5,5|9|9|9|9,3|9|9|5|9,8.2,7.0,-1.2,0.045098039215686274,0.045098039215686274,0.10222222222222223,0.10222222222222223,3,0,0.0,1708,0,0.0,424,0,0.0,1458,0,0.0,362,0,0.0,0.0,0.0
P0,P0_derivative_amplitude_deciles,RAW_DECILES,ds004504__EC,AD_FTD_vs_CN,1,CN,AD_FTD,5,3|9|5|9|9,5|9|3|9|9,7.0,7.0,0.0,0.06666666666666667,0.06666666666666667,0.13333333333333333,0.13333333333333333,2,0,0.0,2468,0,0.0,612,0,0.0,2468,0,0.0,612,0,0.0,0.0,0.0
P0,P0_derivative_amplitude_deciles,RAW_DECILES,ds004504__EC,AD_FTD_vs_CN,2,CN,AD_FTD,5,9|5|9|5|9,9|9|9|9|3,7.4,7.8,0.4,0.011764705882352941,0.011764705882352941,0.02222222222222222,0.02222222222222222,1,0,0.0,2608,0,0.0,648,0,0.0,2736,0,0.0,696,0,0.0,0.0,0.0
P0,P0_derivative_amplitude_deciles,RAW_DECILES,ds004504__EC,AD_FTD_vs_CN,3,CN,AD_FTD,5,5|5|3|5|5,3|9|3|9|5,4.6,5.8,1.2,0.08395604395604396,0.08395604395604396,0.17333333333333334,0.17333333333333334,3,0,0.0,1620,0,0.0,404,0,0.0,2040,0,0.0,512,0,0.0,0.0,0.0
P0,P0_derivative_amplitude_deciles,RAW_DECILES,ds004504__EC,AD_FTD_vs_CN,4,CN,AD_FTD,5,9|9|9|9|5,5|9|9|9|9,8.2,8.2,0.0,0.025,0.025,0.04444444444444444,0.04444444444444444,2,0,0.0,2880,0,0.0,728,0,0.0,2888,0,0.0,720,0,0.0,0.0,0.0
P0,P0_derivative_amplitude_deciles,RAW_DECILES,ds004504__EC,AD_FTD_vs_CN,5,CN,AD_FTD,5,9|3|3|3|9,9|9|9|9|5,5.4,8.2,2.8,0.05818181818181818,0.05818181818181818,0.13333333333333333,0.13333333333333333,4,0,0.0,1908,0,0.0,468,0,0.0,2880,0,0.0,728,0,0.0,0.0,0.0
P0,P0_derivative_amplitude_deciles,RAW_DECILES,ds004504__EC,AD_FTD_vs_CN,6,CN,AD_FTD,5,5|9|9|1|5,9|9|9|5|3,5.8,7.0,1.2,0.06533613445378152,0.06533613445378152,0.13333333333333333,0.13333333333333333,4,0,0.0,2040,0,0.0,512,0,0.0,2456,0,0.0,624,0,0.0,0.0,0.0
P0,P0_derivative_amplitude_deciles,RAW_DECILES,ds004504__EC,AD_FTD_vs_CN,7,CN,AD_FTD,5,5|5|9|9|9,9|5|5|9|3,7.4,6.2,-1.2,0.03398692810457516,0.03398692810457516,0.06222222222222222,0.06222222222222222,2,0,0.0,2608,0,0.0,648,0,0.0,2176,0,0.0,552,0,0.0,0.0,0.0
P0,P0_derivative_amplitude_deciles,RAW_DECILES,ds004504__EC,AD_FTD_vs_CN,8,CN,AD_FTD,5,5|5|9|5|3,5|3|9|9|9,5.4,7.0,1.6,0.01818181818181818,0.01818181818181818,0.06666666666666667,0.06666666666666667,1,0,0.0,1896,0,0.0,480,0,0.0,2468,0,0.0,612,0,0.0,0.0,0.0
P0,P0_derivative_amplitude_deciles,RAW_DECILES,ds004504__EC,AD_FTD_vs_CN,9,CN,AD_FTD,5,3|9|5|5|3,9|9|9|5|5,5.0,7.4,2.4,0.08571428571428572,0.08571428571428572,0.12,0.12,3,0,0.0,1756,0,0.0,444,0,0.0,2600,0,0.0,656,0,0.0,0.0,0.0
P0,P0_derivative_amplitude_deciles,RAW_DECILES,ds004504__EC,AD_FTD_vs_CN,10,CN,AD_FTD,5,3|3|5|9|9,9|9|9|9|3,5.8,7.8,2.0,0.04318181818181818,0.04318181818181818,0.1111111111111111,0.1111111111111111,3,0,0.0,2048,0,0.0,504,0,0.0,2736,0,0.0,696,0,0.0,0.0,0.0
P0,P0_derivative_amplitude_deciles,RAW_DECILES,ds004504__EC,AD_FTD_vs_CN,11,CN,AD_FTD,5,9|3|5|9|3,9|5|9|9|5,5.8,7.4,1.6,0.015384615384615385,0.015384615384615385,0.04,0.04,1,0,0.0,2036,0,0.0,516,0,0.0,2600,0,0.0,656,0,0.0,0.0,0.0
P0,P0_derivative_amplitude_deciles,RAW_DECILES,ds004504__EC,AD_FTD_vs_CN,12,CN,AD_FTD,5,5|3|9|9|9,3|5|9|9|9,7.0,7.0,0.0,0.06533613445378152,0.06533613445378152,0.13333333333333333,0.13333333333333333,4,0,0.0,2468,0,0.0,612,0,0.0,2468,0,0.0,612,0,0.0,0.0,0.0
P0,P0_derivative_amplitude_deciles,RAW_DECILES,ds004504__EC,AD_FTD_vs_CN,13,CN,AD_FTD,5,5|9|5|9|3,5|9|9|9|9,6.2,8.2,2.0,0.04,0.04,0.13333333333333333,0.13333333333333333,2,0,0.0,2176,0,0.0,552,0,0.0,2888,0,0.0,720,0,0.0,0.0,0.0
P0,P0_derivative_amplitude_deciles,RAW_DECILES,ds004504__EC,AD_FTD_vs_CN,14,CN,AD_FTD,5,3|5|9|9|1,9|9|9|5|9,5.4,8.2,2.8,0.015384615384615385,0.015384615384615385,0.04,0.04,1,0,0.0,1892,0,0.0,484,0,0.0,2888,0,0.0,720,0,0.0,0.0,0.0
P0,P0_derivative_amplitude_deciles,RAW_DECILES,ds004504__EC,AD_FTD_vs_CN,15,CN,AD_FTD,5,9|9|9|3|3,9|3|9|9|9,6.6,7.8,1.2,0.0481283422459893,0.0481283422459893,0.15555555555555556,0.15555555555555556,3,0,0.0,2316,0,0.0,588,0,0.0,2748,0,0.0,684,0,0.0,0.0,0.0
P0,P0_derivative_amplitude_deciles,RAW_DECILES,ds004504__EC,AD_FTD_vs_CN,16,CN,AD_FTD,5,5|5|5|3|5,9|9|5|9|3,4.6,7.0,2.4,0.015384615384615385,0.015384615384615385,0.04,0.04,1,0,0.0,1620,0,0.0,404,0,0.0,2456,0,0.0,624,0,0.0,0.0,0.0
P0,P0_derivative_amplitude_deciles,RAW_DECILES,ds004504__EC,AD_FTD_vs_CN,17,CN,AD_FTD,5,3|3|3|1|5,9|9|9|9|9,3.0,9.0,6.0,0.01818181818181818,0.01818181818181818,0.06666666666666667,0.06666666666666667,1,0,0.0,1060,0,0.0,260,0,0.0,3168,0,0.0,792,0,0.0,0.0,0.0
P0,P0_derivative_amplitude_deciles,RAW_DECILES,ds004504__EC,AD_FTD_vs_CN,18,CN,AD_FTD,5,9|5|9|3|5,9|9|5|5|3,6.2,6.2,0.0,0.015384615384615385,0.015384615384615385,0.04,0.04,1,0,0.0,2180,0,0.0,548,0,0.0,2176,0,0.0,552,0,0.0,0.0,0.0
P0,P0_derivative_amplitude_deciles,RAW_DECILES,ds004504__EC,AD_FTD_vs_CN,19,CN,AD_FTD,5,9|9|9|3|5,9|9|5|9|9,7.0,8.2,1.2,0.033566433566433566,0.033566433566433566,0.10666666666666666,0.10666666666666666,2,0,0.0,2460,0,0.0,620,0,0.0,2888,0,0.0,720,0,0.0,0.0,0.0
P0,P0_derivative_amplitude_deciles,RAW_DECILES,ds004504__EC,AD_FTD_vs_CN,20,CN,AD_FTD,5,9|9|9|9|9,5|9|5|9|9,9.0,7.4,-1.6,0.025,0.025,0.04444444444444444,0.04444444444444444,2,0,0.0,3168,0,0.0,792,0,0.0,2608,0,0.0,648,0,0.0,0.0,0.0
P0,P0_derivative_amplitude_deciles,RAW_DECILES,ds004504__EC,AD_vs_CN,1,CN,AD,5,3|9|5|9|9,9|5|9|9|9,7.0,8.2,1.2,0.01818181818181818,0.01818181818181818,0.06666666666666667,0.06666666666666667,1,0,0.0,1826,0,0.0,449,0,0.0,2132,0,0.0,533,0,0.0,0.0,0.0
P0,P0_derivative_amplitude_deciles,RAW_DECILES,ds004504__EC,AD_vs_CN,2,CN,AD,5,9|5|9|5|5,3|5|3|9|9,6.6,5.8,-0.8,0.033566433566433566,0.033566433566433566,0.10666666666666666,0.10666666666666666,2,0,0.0,1712,0,0.0,433,0,0.0,1514,0,0.0,371,0,0.0,0.0,0.0
P0,P0_derivative_amplitude_deciles,RAW_DECILES,ds004504__EC,AD_vs_CN,3,CN,AD,5,5|9|9|5|9,5|9|3|3|5,7.4,5.0,-2.4,0.06666666666666667,0.06666666666666667,0.13333333333333333,0.13333333333333333,2,0,0.0,1928,0,0.0,477,0,0.0,1300,0,0.0,325,0,0.0,0.0,0.0
P0,P0_derivative_amplitude_deciles,RAW_DECILES,ds004504__EC,AD_vs_CN,4,CN,AD,5,5|3|3|3|9,5|9|1|9|5,4.6,5.8,1.2,0.05,0.05,0.08,0.08,2,0,0.0,1200,0,0.0,295,0,0.0,1508,0,0.0,377,0,0.0,0.0,0.0
P0,P0_derivative_amplitude_deciles,RAW_DECILES,ds004504__EC,AD_vs_CN,5,CN,AD,5,9|3|5|9|3,9|5|5|9|9,5.8,7.4,1.6,0.07432306255835668,0.07432306255835668,0.1511111111111111,0.1511111111111111,4,0,0.0,1502,0,0.0,383,0,0.0,1924,0,0.0,481,0,0.0,0.0,0.0
P0,P0_derivative_amplitude_deciles,RAW_DECILES,ds004504__EC,AD_vs_CN,6,CN,AD,5,5|5|9|9|9,9|5|9|9|9,7.4,8.2,0.8,0.023529411764705882,0.023529411764705882,0.04444444444444444,0.04444444444444444,2,0,0.0,1928,0,0.0,477,0,0.0,2132,0,0.0,533,0,0.0,0.0,0.0
P0,P0_derivative_amplitude_deciles,RAW_DECILES,ds004504__EC,AD_vs_CN,7,CN,AD,5,9|9|9|9|5,9|5|5|5|9,8.2,6.6,-1.6,0.04038461538461539,0.04038461538461539,0.08444444444444445,0.08444444444444445,3,0,0.0,2128,0,0.0,537,0,0.0,1716,0,0.0,429,0,0.0,0.0,0.0
P0,P0_derivative_amplitude_deciles,RAW_DECILES,ds004504__EC,AD_vs_CN,8,CN,AD,5,5|5|9|9|9,5|5|5|9|5,7.4,5.8,-1.6,0.04444444444444444,0.04444444444444444,0.08,0.08,2,0,0.0,1928,0,0.0,477,0,0.0,1508,0,0.0,377,0,0.0,0.0,0.0
P0,P0_derivative_amplitude_deciles,RAW_DECILES,ds004504__EC,AD_vs_CN,9,CN,AD,5,9|9|5|9|3,9|3|9|5|3,7.0,5.8,-1.2,0.03333333333333333,0.03333333333333333,0.08,0.08,2,0,0.0,1814,0,0.0,461,0,0.0,1502,0,0.0,383,0,0.0,0.0,0.0
P0,P0_derivative_amplitude_deciles,RAW_DECILES,ds004504__EC,AD_vs_CN,10,CN,AD,5,3|9|9|9|5,9|9|9|3|9,7.0,7.8,0.8,0.0,0.0,0.0,0.0,0,0,,1822,0,0.0,453,0,0.0,2028,0,0.0,507,0,0.0,0.0,0.0
P0,P0_derivative_amplitude_deciles,RAW_DECILES,ds004504__EC,AD_vs_CN,11,CN,AD,5,9|5|5|5|1,5|9|9|5|9,5.0,7.4,2.4,0.03076923076923077,0.03076923076923077,0.08,0.08,2,0,0.0,1292,0,0.0,333,0,0.0,1928,0,0.0,477,0,0.0,0.0,0.0
P0,P0_derivative_amplitude_deciles,RAW_DECILES,ds004504__EC,AD_vs_CN,12,CN,AD,5,9|5|5|5|9,5|9|9|5|9,6.6,7.4,0.8,0.0879120879120879,0.0879120879120879,0.1688888888888889,0.1688888888888889,6,0,0.0,1716,0,0.0,429,0,0.0,1928,0,0.0,477,0,0.0,0.0,0.0
P0,P0_derivative_amplitude_deciles,RAW_DECILES,ds004504__EC,AD_vs_CN,13,CN,AD,5,9|5|5|5|9,5|5|5|9|9,6.6,6.6,0.0,0.04871794871794872,0.04871794871794872,0.12000000000000001,0.12000000000000001,3,0,0.0,1716,0,0.0,429,0,0.0,1720,0,0.0,425,0,0.0,0.0,0.0
P0,P0_derivative_amplitude_deciles,RAW_DECILES,ds004504__EC,AD_vs_CN,14,CN,AD,5,9|9|3|3|3,5|5|9|9|5,5.4,6.6,1.2,0.0,0.0,0.0,0.0,0,0,,1398,0,0.0,357,0,0.0,1716,0,0.0,429,0,0.0,0.0,0.0
P0,P0_derivative_amplitude_deciles,RAW_DECILES,ds004504__EC,AD_vs_CN,15,CN,AD,5,9|5|3|5|3,9|5|3|9|5,5.0,6.2,1.2,0.06857142857142857,0.06857142857142857,0.13333333333333333,0.13333333333333333,2,0,0.0,1294,0,0.0,331,0,0.0,1608,0,0.0,407,0,0.0,0.0,0.0
P0,P0_derivative_amplitude_deciles,RAW_DECILES,ds004504__EC,AD_vs_CN,16,CN,AD,5,5|5|9|9|9,9|5|9|9|9,7.4,8.2,0.8,0.0,0.0,0.0,0.0,0,0,,1928,0,0.0,477,0,0.0,2132,0,0.0,533,0,0.0,0.0,0.0
P0,P0_derivative_amplitude_deciles,RAW_DECILES,ds004504__EC,AD_vs_CN,17,CN,AD,5,5|9|1|5|9,9|9|3|5|9,5.8,7.0,1.2,0.027149321266968326,0.027149321266968326,0.06222222222222222,0.06222222222222222,2,0,0.0,1512,0,0.0,373,0,0.0,1820,0,0.0,455,0,0.0,0.0,0.0
P0,P0_derivative_amplitude_deciles,RAW_DECILES,ds004504__EC,AD_vs_CN,18,CN,AD,5,5|5|9|5|9,9|9|5|9|9,6.6,8.2,1.6,0.015384615384615385,0.015384615384615385,0.04,0.04,1,0,0.0,1720,0,0.0,425,0,0.0,2132,0,0.0,533,0,0.0,0.0,0.0
P0,P0_derivative_amplitude_deciles,RAW_DECILES,ds004504__EC,AD_vs_CN,19,CN,AD,5,5|9|5|1|9,9|5|5|9|9,5.8,7.4,1.6,0.03398692810457516,0.03398692810457516,0.06222222222222222,0.06222222222222222,2,0,0.0,1512,0,0.0,373,0,0.0,1924,0,0.0,481,0,0.0,0.0,0.0
P0,P0_derivative_amplitude_deciles,RAW_DECILES,ds004504__EC,AD_vs_CN,20,CN,AD,5,5|9|9|3|9,9|9|9|3|5,7.0,7.0,0.0,0.011764705882352941,0.011764705882352941,0.02222222222222222,0.02222222222222222,1,0,0.0,1824,0,0.0,451,0,0.0,1816,0,0.0,459,0,0.0,0.0,0.0
P0,P0_derivative_amplitude_deciles,RAW_DECILES,ds004504__EC,AD_vs_FTD,1,FTD,AD,5,3|9|3|5|5,9|5|5|9|5,5.0,6.6,1.6,0.01818181818181818,0.01818181818181818,0.06666666666666667,0.06666666666666667,1,0,0.0,1182,0,0.0,293,0,0.0,1556,0,0.0,391,0,0.0,0.0,0.0
P0,P0_derivative_amplitude_deciles,RAW_DECILES,ds004504__EC,AD_vs_FTD,2,FTD,AD,5,5|9|9|9|9,9|9|3|5|5,8.2,6.2,-2.0,0.0,0.0,0.0,0.0,0,0,,1940,0,0.0,479,0,0.0,1458,0,0.0,371,0,0.0,0.0,0.0
P0,P0_derivative_amplitude_deciles,RAW_DECILES,ds004504__EC,AD_vs_FTD,3,FTD,AD,5,9|9|9|9|5,9|9|3|9|9,8.2,7.8,-0.4,0.03529411764705882,0.03529411764705882,0.06666666666666667,0.06666666666666667,3,0,0.0,1932,0,0.0,487,0,0.0,1842,0,0.0,459,0,0.0,0.0,0.0
P0,P0_derivative_amplitude_deciles,RAW_DECILES,ds004504__EC,AD_vs_FTD,4,FTD,AD,5,9|9|3|9|9,3|3|5|9|9,7.8,5.8,-2.0,0.023529411764705882,0.023529411764705882,0.04444444444444444,0.04444444444444444,2,0,0.0,1842,0,0.0,459,0,0.0,1378,0,0.0,333,0,0.0,0.0,0.0
P0,P0_derivative_amplitude_deciles,RAW_DECILES,ds004504__EC,AD_vs_FTD,5,FTD,AD,5,9|3|5|9|5,9|9|3|5|9,6.2,7.0,0.8,0.09523809523809523,0.09523809523809523,0.22666666666666668,0.22666666666666668,5,0,0.0,1462,0,0.0,367,0,0.0,1650,0,0.0,415,0,0.0,0.0,0.0
P0,P0_derivative_amplitude_deciles,RAW_DECILES,ds004504__EC,AD_vs_FTD,6,FTD,AD,5,5|9|9|9|9,9|9|9|9|9,8.2,9.0,0.8,0.05176470588235294,0.05176470588235294,0.08888888888888888,0.08888888888888888,4,0,0.0,1940,0,0.0,479,0,0.0,2124,0,0.0,531,0,0.0,0.0,0.0
P0,P0_derivative_amplitude_deciles,RAW_DECILES,ds004504__EC,AD_vs_FTD,7,FTD,AD,5,9|9|5|9|9,9|9|9|3|5,8.2,7.0,-1.2,0.04171122994652406,0.04171122994652406,0.1111111111111111,0.1111111111111111,3,0,0.0,1936,0,0.0,483,0,0.0,1644,0,0.0,421,0,0.0,0.0,0.0
P0,P0_derivative_amplitude_deciles,RAW_DECILES,ds004504__EC,AD_vs_FTD,8,FTD,AD,5,9|9|5|9|3,3|9|9|3|5,7.0,5.8,-1.2,0.07366946778711485,0.07366946778711485,0.1688888888888889,0.1688888888888889,4,0,0.0,1648,0,0.0,417,0,0.0,1368,0,0.0,343,0,0.0,0.0,0.0
P0,P0_derivative_amplitude_deciles,RAW_DECILES,ds004504__EC,AD_vs_FTD,9,FTD,AD,5,9|9|5|3|5,9|5|9|5|9,6.2,7.4,1.2,0.15804195804195803,0.15804195804195803,0.23555555555555557,0.23555555555555557,9,0,0.0,1456,0,0.0,373,0,0.0,1744,0,0.0,439,0,0.0,0.0,0.0
P0,P0_derivative_amplitude_deciles,RAW_DECILES,ds004504__EC,AD_vs_FTD,10,FTD,AD,5,5|9|3|9|9,5|5|9|9|3,7.0,6.2,-0.8,0.029946524064171122,0.029946524064171122,0.08888888888888888,0.08888888888888888,2,0,0.0,1658,0,0.0,407,0,0.0,1464,0,0.0,365,0,0.0,0.0,0.0
P0,P0_derivative_amplitude_deciles,RAW_DECILES,ds004504__EC,AD_vs_FTD,11,FTD,AD,5,9|9|9|5|9,9|9|5|5|9,8.2,7.4,-0.8,0.027149321266968326,0.027149321266968326,0.06222222222222222,0.06222222222222222,2,0,0.0,1932,0,0.0,487,0,0.0,1744,0,0.0,439,0,0.0,0.0,0.0
P0,P0_derivative_amplitude_deciles,RAW_DECILES,ds004504__EC,AD_vs_FTD,12,FTD,AD,5,9|5|9|5|5,5|9|5|3|9,6.6,6.2,-0.4,0.015384615384615385,0.015384615384615385,0.04,0.04,1,0,0.0,1552,0,0.0,395,0,0.0,1464,0,0.0,365,0,0.0,0.0,0.0
P0,P0_derivative_amplitude_deciles,RAW_DECILES,ds004504__EC,AD_vs_FTD,13,FTD,AD,5,9|9|5|5|3,9|9|9|5|5,6.2,7.4,1.2,0.02857142857142857,0.02857142857142857,0.06666666666666667,0.06666666666666667,1,0,0.0,1456,0,0.0,373,0,0.0,1740,0,0.0,443,0,0.0,0.0,0.0
P0,P0_derivative_amplitude_deciles,RAW_DECILES,ds004504__EC,AD_vs_FTD,14,FTD,AD,5,9|9|5|9|9,5|9|9|5|9,8.2,7.4,-0.8,0.06048265460030166,0.06048265460030166,0.14222222222222222,0.14222222222222222,4,0,0.0,1936,0,0.0,483,0,0.0,1748,0,0.0,435,0,0.0,0.0,0.0
P0,P0_derivative_amplitude_deciles,RAW_DECILES,ds004504__EC,AD_vs_FTD,15,FTD,AD,5,9|3|9|9|9,9|9|9|9|9,7.8,9.0,1.2,0.09171122994652406,0.09171122994652406,0.19999999999999998,0.19999999999999998,7,0,0.0,1842,0,0.0,459,0,0.0,2124,0,0.0,531,0,0.0,0.0,0.0
P0,P0_derivative_amplitude_deciles,RAW_DECILES,ds004504__EC,AD_vs_FTD,16,FTD,AD,5,9|9|5|5|9,9|5|9|9|9,7.4,8.2,0.8,0.06048265460030166,0.06048265460030166,0.14222222222222222,0.14222222222222222,4,0,0.0,1744,0,0.0,439,0,0.0,1936,0,0.0,483,0,0.0,0.0,0.0
P0,P0_derivative_amplitude_deciles,RAW_DECILES,ds004504__EC,AD_vs_FTD,17,FTD,AD,5,9|9|9|9|9,5|5|9|9|9,9.0,7.4,-1.6,0.045098039215686274,0.045098039215686274,0.10222222222222223,0.10222222222222223,3,0,0.0,2124,0,0.0,531,0,0.0,1752,0,0.0,431,0,0.0,0.0,0.0
P0,P0_derivative_amplitude_deciles,RAW_DECILES,ds004504__EC,AD_vs_FTD,18,FTD,AD,5,9|9|9|9|9,3|9|3|9|5,9.0,5.8,-3.2,0.07033113944878651,0.07033113944878651,0.17333333333333334,0.17333333333333334,5,0,0.0,2124,0,0.0,531,0,0.0,1374,0,0.0,337,0,0.0,0.0,0.0
P0,P0_derivative_amplitude_deciles,RAW_DECILES,ds004504__EC,AD_vs_FTD,19,FTD,AD,5,9|9|9|9|9,9|5|9|9|9,9.0,8.2,-0.8,0.08509803921568627,0.08509803921568627,0.1688888888888889,0.1688888888888889,6,0,0.0,2124,0,0.0,531,0,0.0,1936,0,0.0,483,0,0.0,0.0,0.0
P0,P0_derivative_amplitude_deciles,RAW_DECILES,ds004504__EC,AD_vs_FTD,20,FTD,AD,5,9|9|9|9|9,9|5|9|9|9,9.0,8.2,-0.8,0.03891402714932127,0.03891402714932127,0.08444444444444445,0.08444444444444445,3,0,0.0,2124,0,0.0,531,0,0.0,1936,0,0.0,483,0,0.0,0.0,0.0
P0,P0_derivative_amplitude_deciles,RAW_DECILES,ds004504__EC,CN_vs_FTD,1,CN,FTD,5,9|9|5|9|9,5|9|5|5|9,8.2,6.6,-1.6,0.08676470588235294,0.08676470588235294,0.14666666666666667,0.14666666666666667,5,0,0.0,1708,0,0.0,424,0,0.0,1376,0,0.0,340,0,0.0,0.0,0.0
P0,P0_derivative_amplitude_deciles,RAW_DECILES,ds004504__EC,CN_vs_FTD,2,CN,FTD,5,5|9|9|9|9,9|5|9|9|9,8.2,8.2,0.0,0.07333333333333333,0.07333333333333333,0.14666666666666667,0.14666666666666667,5,0,0.0,1708,0,0.0,424,0,0.0,1708,0,0.0,424,0,0.0,0.0,0.0
P0,P0_derivative_amplitude_deciles,RAW_DECILES,ds004504__EC,CN_vs_FTD,3,CN,FTD,5,9|5|9|9|5,9|9|3|9|5,7.4,7.0,-0.4,0.0404040404040404,0.0404040404040404,0.10666666666666666,0.10666666666666666,2,0,0.0,1536,0,0.0,388,0,0.0,1454,0,0.0,366,0,0.0,0.0,0.0
P0,P0_derivative_amplitude_deciles,RAW_DECILES,ds004504__EC,CN_vs_FTD,4,CN,FTD,5,9|9|9|9|3,9|9|9|5|9,7.8,8.2,0.4,0.08827985739750445,0.08827985739750445,0.21333333333333332,0.21333333333333332,6,0,0.0,1614,0,0.0,414,0,0.0,1704,0,0.0,428,0,0.0,0.0,0.0
P0,P0_derivative_amplitude_deciles,RAW_DECILES,ds004504__EC,CN_vs_FTD,5,CN,FTD,5,9|9|9|9|9,5|5|5|9|9,9.0,6.6,-2.4,0.04253393665158371,0.04253393665158371,0.10222222222222223,0.10222222222222223,3,0,0.0,1872,0,0.0,468,0,0.0,1380,0,0.0,336,0,0.0,0.0,0.0
P0,P0_derivative_amplitude_deciles,RAW_DECILES,ds004504__EC,CN_vs_FTD,6,CN,FTD,5,3|9|9|5|9,9|9|5|9|9,7.0,8.2,1.2,0.045098039215686274,0.045098039215686274,0.10222222222222223,0.10222222222222223,3,0,0.0,1458,0,0.0,362,0,0.0,1708,0,0.0,424,0,0.0,0.0,0.0
P0,P0_derivative_amplitude_deciles,RAW_DECILES,ds004504__EC,CN_vs_FTD,7,CN,FTD,5,9|5|9|5|5,5|3|5|3|9,6.6,5.0,-1.6,0.02857142857142857,0.02857142857142857,0.06666666666666667,0.06666666666666667,1,0,0.0,1368,0,0.0,348,0,0.0,1046,0,0.0,254,0,0.0,0.0,0.0
P0,P0_derivative_amplitude_deciles,RAW_DECILES,ds004504__EC,CN_vs_FTD,8,CN,FTD,5,9|9|9|9|5,9|5|9|3|5,8.2,6.2,-2.0,0.045098039215686274,0.045098039215686274,0.10222222222222223,0.10222222222222223,3,0,0.0,1700,0,0.0,432,0,0.0,1284,0,0.0,328,0,0.0,0.0,0.0
P0,P0_derivative_amplitude_deciles,RAW_DECILES,ds004504__EC,CN_vs_FTD,9,CN,FTD,5,9|5|3|9|9,9|9|3|3|9,7.0,6.6,-0.4,0.09833333333333333,0.09833333333333333,0.19111111111111112,0.19111111111111112,5,0,0.0,1462,0,0.0,358,0,0.0,1374,0,0.0,342,0,0.0,0.0,0.0
P0,P0_derivative_amplitude_deciles,RAW_DECILES,ds004504__EC,CN_vs_FTD,10,CN,FTD,5,3|9|9|5|9,5|5|3|9|9,7.0,6.2,-0.8,0.03333333333333333,0.03333333333333333,0.08,0.08,2,0,0.0,1458,0,0.0,362,0,0.0,1298,0,0.0,314,0,0.0,0.0,0.0
P0,P0_derivative_amplitude_deciles,RAW_DECILES,ds004504__EC,CN_vs_FTD,11,CN,FTD,5,9|5|9|9|9,9|3|5|9|3,8.2,5.8,-2.4,0.029946524064171122,0.029946524064171122,0.08888888888888888,0.08888888888888888,2,0,0.0,1708,0,0.0,424,0,0.0,1204,0,0.0,304,0,0.0,0.0,0.0
P0,P0_derivative_amplitude_deciles,RAW_DECILES,ds004504__EC,CN_vs_FTD,12,CN,FTD,5,5|5|9|9|3,9|9|9|9|5,6.2,8.2,2.0,0.10500000000000001,0.10500000000000001,0.20444444444444446,0.20444444444444446,6,0,0.0,1286,0,0.0,326,0,0.0,1700,0,0.0,432,0,0.0,0.0,0.0
P0,P0_derivative_amplitude_deciles,RAW_DECILES,ds004504__EC,CN_vs_FTD,13,CN,FTD,5,5|9|9|9|9,9|9|9|9|9,8.2,9.0,0.8,0.05214932126696833,0.05214932126696833,0.10666666666666666,0.10666666666666666,4,0,0.0,1708,0,0.0,424,0,0.0,1872,0,0.0,468,0,0.0,0.0,0.0
P0,P0_derivative_amplitude_deciles,RAW_DECILES,ds004504__EC,CN_vs_FTD,14,CN,FTD,5,5|9|9|9|9,9|9|9|5|9,8.2,8.2,0.0,0.05176470588235294,0.05176470588235294,0.08888888888888888,0.08888888888888888,4,0,0.0,1708,0,0.0,424,0,0.0,1704,0,0.0,428,0,0.0,0.0,0.0
P0,P0_derivative_amplitude_deciles,RAW_DECILES,ds004504__EC,CN_vs_FTD,15,CN,FTD,5,9|9|9|9|9,9|9|5|9|9,9.0,8.2,-0.8,0.09,0.09,0.15555555555555556,0.15555555555555556,7,0,0.0,1872,0,0.0,468,0,0.0,1708,0,0.0,424,0,0.0,0.0,0.0
P0,P0_derivative_amplitude_deciles,RAW_DECILES,ds004504__EC,CN_vs_FTD,16,CN,FTD,5,9|5|9|5|9,9|9|9|9|9,7.4,9.0,1.6,0.05,0.05,0.08888888888888888,0.08888888888888888,4,0,0.0,1540,0,0.0,384,0,0.0,1872,0,0.0,468,0,0.0,0.0,0.0
P0,P0_derivative_amplitude_deciles,RAW_DECILES,ds004504__EC,CN_vs_FTD,17,CN,FTD,5,9|3|9|3|5,9|9|9|5|9,5.8,8.2,2.4,0.0784313725490196,0.0784313725490196,0.15555555555555556,0.15555555555555556,3,0,0.0,1202,0,0.0,306,0,0.0,1704,0,0.0,428,0,0.0,0.0,0.0
P0,P0_derivative_amplitude_deciles,RAW_DECILES,ds004504__EC,CN_vs_FTD,18,CN,FTD,5,9|9|9|3|9,3|9|3|9|9,7.8,6.6,-1.2,0.0,0.0,0.0,0.0,0,0,,1620,0,0.0,408,0,0.0,1380,0,0.0,336,0,0.0,0.0,0.0
P0,P0_derivative_amplitude_deciles,RAW_DECILES,ds004504__EC,CN_vs_FTD,19,CN,FTD,5,5|9|5|9|9,5|5|9|9|5,7.4,6.6,-0.8,0.037606837606837605,0.037606837606837605,0.08,0.08,2,0,0.0,1544,0,0.0,380,0,0.0,1372,0,0.0,344,0,0.0,0.0,0.0
P0,P0_derivative_amplitude_deciles,RAW_DECILES,ds004504__EC,CN_vs_FTD,20,CN,FTD,5,5|9|9|9|9,3|3|9|5|5,8.2,5.0,-3.2,0.033566433566433566,0.033566433566433566,0.10666666666666666,0.10666666666666666,2,0,0.0,1708,0,0.0,424,0,0.0,1040,0,0.0,260,0,0.0,0.0,0.0
P0,P0_derivative_amplitude_deciles,RAW_DECILES,ds006036__EO_or_photomark,AD_FTD_vs_CN,1,CN,AD_FTD,5,5|9|9|9|9,9|5|3|1|5,8.2,4.6,-3.6,0.05555555555555555,0.05555555555555555,0.28,0.28,3,0,0.0,2888,0,0.0,720,0,0.0,1620,0,0.0,404,0,0.0,0.0,0.0
P0,P0_derivative_amplitude_deciles,RAW_DECILES,ds006036__EO_or_photomark,AD_FTD_vs_CN,2,CN,AD_FTD,5,9|3|5|5|9,9|1|3|3|3,6.2,3.8,-2.4,0.15151515151515152,0.15151515151515152,0.39999999999999997,0.39999999999999997,4,0,0.0,2188,0,0.0,540,0,0.0,1336,0,0.0,336,0,0.0,0.0,0.0
P0,P0_derivative_amplitude_deciles,RAW_DECILES,ds006036__EO_or_photomark,AD_FTD_vs_CN,3,CN,AD_FTD,5,9|9|9|9|9,5|5|5|3|1,9.0,3.8,-5.2,0.05454545454545454,0.05454545454545454,0.12,0.12,3,0,0.0,3168,0,0.0,792,0,0.0,1332,0,0.0,340,0,0.0,0.0,0.0
P0,P0_derivative_amplitude_deciles,RAW_DECILES,ds006036__EO_or_photomark,AD_FTD_vs_CN,4,CN,AD_FTD,5,3|5|5|9|3,3|9|9|9|1,5.0,6.2,1.2,0.011764705882352941,0.011764705882352941,0.02222222222222222,0.02222222222222222,1,0,0.0,1756,0,0.0,444,0,0.0,2172,0,0.0,556,0,0.0,0.0,0.0
P0,P0_derivative_amplitude_deciles,RAW_DECILES,ds006036__EO_or_photomark,AD_FTD_vs_CN,5,CN,AD_FTD,5,9|5|5|3|1,5|5|9|9|3,4.6,6.2,1.6,0.051515151515151514,0.051515151515151514,0.14666666666666667,0.14666666666666667,3,0,0.0,1612,0,0.0,412,0,0.0,2176,0,0.0,552,0,0.0,0.0,0.0
P0,P0_derivative_amplitude_deciles,RAW_DECILES,ds006036__EO_or_photomark,AD_FTD_vs_CN,6,CN,AD_FTD,5,5|3|9|5|5,9|3|1|1|9,5.4,4.6,-0.8,0.0,0.0,0.0,0.0,0,0,,1900,0,0.0,476,0,0.0,1628,0,0.0,396,0,0.0,0.0,0.0
P0,P0_derivative_amplitude_deciles,RAW_DECILES,ds006036__EO_or_photomark,AD_FTD_vs_CN,7,CN,AD_FTD,5,9|5|3|5|5,9|1|5|9|5,5.4,5.8,0.4,0.04033613445378151,0.04033613445378151,0.08888888888888888,0.08888888888888888,2,0,0.0,1900,0,0.0,476,0,0.0,2040,0,0.0,512,0,0.0,0.0,0.0
P0,P0_derivative_amplitude_deciles,RAW_DECILES,ds006036__EO_or_photomark,AD_FTD_vs_CN,8,CN,AD_FTD,5,5|3|9|5|5,9|3|5|9|3,5.4,5.8,0.4,0.14871794871794872,0.14871794871794872,0.25333333333333335,0.25333333333333335,5,0,0.0,1900,0,0.0,476,0,0.0,2036,0,0.0,516,0,0.0,0.0,0.0
P0,P0_derivative_amplitude_deciles,RAW_DECILES,ds006036__EO_or_photomark,AD_FTD_vs_CN,9,CN,AD_FTD,5,9|9|9|5|5,5|1|9|9|9,7.4,6.6,-0.8,0.06993006993006992,0.06993006993006992,0.16,0.16,4,0,0.0,2600,0,0.0,656,0,0.0,2328,0,0.0,576,0,0.0,0.0,0.0
P0,P0_derivative_amplitude_deciles,RAW_DECILES,ds006036__EO_or_photomark,AD_FTD_vs_CN,10,CN,AD_FTD,5,9|5|5|5|9,3|9|3|5|3,6.6,4.6,-2.0,0.05858585858585859,0.05858585858585859,0.17333333333333334,0.17333333333333334,3,0,0.0,2328,0,0.0,576,0,0.0,1616,0,0.0,408,0,0.0,0.0,0.0
P0,P0_derivative_amplitude_deciles,RAW_DECILES,ds006036__EO_or_photomark,AD_FTD_vs_CN,11,CN,AD_FTD,5,5|9|5|5|9,9|9|9|1|9,6.6,7.4,0.8,0.04,0.04,0.06666666666666667,0.06666666666666667,3,0,0.0,2328,0,0.0,576,0,0.0,2608,0,0.0,648,0,0.0,0.0,0.0
P0,P0_derivative_amplitude_deciles,RAW_DECILES,ds006036__EO_or_photomark,AD_FTD_vs_CN,12,CN,AD_FTD,5,9|9|5|5|3,9|9|1|5|3,6.2,5.4,-0.8,0.06352941176470589,0.06352941176470589,0.1111111111111111,0.1111111111111111,3,0,0.0,2176,0,0.0,552,0,0.0,1896,0,0.0,480,0,0.0,0.0,0.0
P0,P0_derivative_amplitude_deciles,RAW_DECILES,ds006036__EO_or_photomark,AD_FTD_vs_CN,13,CN,AD_FTD,5,9|9|9|9|5,9|5|9|3|3,8.2,5.8,-2.4,0.07366946778711485,0.07366946778711485,0.1688888888888889,0.1688888888888889,4,0,0.0,2880,0,0.0,728,0,0.0,2036,0,0.0,516,0,0.0,0.0,0.0
P0,P0_derivative_amplitude_deciles,RAW_DECILES,ds006036__EO_or_photomark,AD_FTD_vs_CN,14,CN,AD_FTD,5,9|3|9|3|5,5|1|9|9|3,5.8,5.4,-0.4,0.09714285714285714,0.09714285714285714,0.2222222222222222,0.2222222222222222,6,0,0.0,2040,0,0.0,512,0,0.0,1896,0,0.0,480,0,0.0,0.0,0.0
P0,P0_derivative_amplitude_deciles,RAW_DECILES,ds006036__EO_or_photomark,AD_FTD_vs_CN,15,CN,AD_FTD,5,9|9|5|5|9,9|5|3|3|9,7.4,5.8,-1.6,0.0,0.0,0.0,0.0,0,0,,2608,0,0.0,648,0,0.0,2048,0,0.0,504,0,0.0,0.0,0.0
P0,P0_derivative_amplitude_deciles,RAW_DECILES,ds006036__EO_or_photomark,AD_FTD_vs_CN,16,CN,AD_FTD,5,9|5|9|5|5,5|1|9|1|9,6.6,5.0,-1.6,0.011764705882352941,0.011764705882352941,0.02222222222222222,0.02222222222222222,1,0,0.0,2320,0,0.0,584,0,0.0,1768,0,0.0,432,0,0.0,0.0,0.0
P0,P0_derivative_amplitude_deciles,RAW_DECILES,ds006036__EO_or_photomark,AD_FTD_vs_CN,17,CN,AD_FTD,5,9|9|9|5|9,9|9|9|5|9,8.2,8.2,0.0,0.1,0.1,0.17777777777777776,0.17777777777777776,8,0,0.0,2888,0,0.0,720,0,0.0,2888,0,0.0,720,0,0.0,0.0,0.0
P0,P0_derivative_amplitude_deciles,RAW_DECILES,ds006036__EO_or_photomark,AD_FTD_vs_CN,18,CN,AD_FTD,5,3|9|5|3|5,9|1|1|5|5,5.0,4.2,-0.8,0.08484848484848484,0.08484848484848484,0.19999999999999998,0.19999999999999998,3,0,0.0,1760,0,0.0,440,0,0.0,1480,0,0.0,368,0,0.0,0.0,0.0
P0,P0_derivative_amplitude_deciles,RAW_DECILES,ds006036__EO_or_photomark,AD_FTD_vs_CN,19,CN,AD_FTD,5,9|3|9|9|5,1|9|5|1|5,7.0,4.2,-2.8,0.12205128205128205,0.12205128205128205,0.6133333333333333,0.6133333333333333,6,0,0.0,2460,0,0.0,620,0,0.0,1480,0,0.0,368,0,0.0,0.0,0.0
P0,P0_derivative_amplitude_deciles,RAW_DECILES,ds006036__EO_or_photomark,AD_FTD_vs_CN,20,CN,AD_FTD,5,3|3|5|5|3,3|5|1|1|9,3.8,3.8,0.0,0.10666666666666666,0.10666666666666666,0.19999999999999998,0.19999999999999998,3,0,0.0,1336,0,0.0,336,0,0.0,1348,0,0.0,324,0,0.0,0.0,0.0
P0,P0_derivative_amplitude_deciles,RAW_DECILES,ds006036__EO_or_photomark,AD_vs_CN,1,CN,AD,5,9|1|9|5|3,3|3|3|3|9,5.4,4.2,-1.2,0.01818181818181818,0.01818181818181818,0.06666666666666667,0.06666666666666667,1,0,0.0,1398,0,0.0,357,0,0.0,1098,0,0.0,267,0,0.0,0.0,0.0
P0,P0_derivative_amplitude_deciles,RAW_DECILES,ds006036__EO_or_photomark,AD_vs_CN,2,CN,AD,5,9|5|5|1|9,3|5|3|3|3,5.8,3.4,-2.4,0.02222222222222222,0.02222222222222222,0.04,0.04,1,0,0.0,1508,0,0.0,377,0,0.0,884,0,0.0,221,0,0.0,0.0,0.0
P0,P0_derivative_amplitude_deciles,RAW_DECILES,ds006036__EO_or_photomark,AD_vs_CN,3,CN,AD,5,5|9|5|3|9,5|3|9|3|5,6.2,5.0,-1.2,0.02222222222222222,0.02222222222222222,0.04,0.04,1,0,0.0,1616,0,0.0,399,0,0.0,1300,0,0.0,325,0,0.0,0.0,0.0
P0,P0_derivative_amplitude_deciles,RAW_DECILES,ds006036__EO_or_photomark,AD_vs_CN,4,CN,AD,5,1|3|5|9|5,9|3|9|5|5,4.6,6.2,1.6,0.0,0.0,0.0,0.0,0,0,,1200,0,0.0,295,0,0.0,1608,0,0.0,407,0,0.0,0.0,0.0
P0,P0_derivative_amplitude_deciles,RAW_DECILES,ds006036__EO_or_photomark,AD_vs_CN,5,CN,AD,5,3|5|3|9|9,9|5|3|9|9,5.8,7.0,1.2,0.07532467532467532,0.07532467532467532,0.15555555555555556,0.15555555555555556,5,0,0.0,1514,0,0.0,371,0,0.0,1820,0,0.0,455,0,0.0,0.0,0.0
P0,P0_derivative_amplitude_deciles,RAW_DECILES,ds006036__EO_or_photomark,AD_vs_CN,6,CN,AD,5,9|9|3|5|5,9|5|1|5|9,6.2,5.8,-0.4,0.015384615384615385,0.015384615384615385,0.04,0.04,1,0,0.0,1608,0,0.0,407,0,0.0,1508,0,0.0,377,0,0.0,0.0,0.0
P0,P0_derivative_amplitude_deciles,RAW_DECILES,ds006036__EO_or_photomark,AD_vs_CN,7,CN,AD,5,3|3|5|9|9,1|9|5|3|9,5.8,5.4,-0.4,0.011764705882352941,0.011764705882352941,0.02222222222222222,0.02222222222222222,1,0,0.0,1514,0,0.0,371,0,0.0,1412,0,0.0,343,0,0.0,0.0,0.0
P0,P0_derivative_amplitude_deciles,RAW_DECILES,ds006036__EO_or_photomark,AD_vs_CN,8,CN,AD,5,1|9|9|3|5,3|5|9|3|9,5.4,5.8,0.4,0.03076923076923077,0.03076923076923077,0.08,0.08,2,0,0.0,1408,0,0.0,347,0,0.0,1514,0,0.0,371,0,0.0,0.0,0.0
P0,P0_derivative_amplitude_deciles,RAW_DECILES,ds006036__EO_or_photomark,AD_vs_CN,9,CN,AD,5,5|3|5|5|5,9|3|9|3|9,4.6,6.6,2.0,0.015384615384615385,0.015384615384615385,0.04,0.04,1,0,0.0,1196,0,0.0,299,0,0.0,1716,0,0.0,429,0,0.0,0.0,0.0
P0,P0_derivative_amplitude_deciles,RAW_DECILES,ds006036__EO_or_photomark,AD_vs_CN,10,CN,AD,5,9|3|3|5|3,5|5|9|5|1,4.6,5.0,0.4,0.04395604395604395,0.04395604395604395,0.10666666666666666,0.10666666666666666,2,0,0.0,1190,0,0.0,305,0,0.0,1296,0,0.0,329,0,0.0,0.0,0.0
P0,P0_derivative_amplitude_deciles,RAW_DECILES,ds006036__EO_or_photomark,AD_vs_CN,11,CN,AD,5,3|9|9|9|9,5|9|3|5|9,7.8,6.2,-1.6,0.04,0.04,0.06666666666666667,0.06666666666666667,3,0,0.0,2034,0,0.0,501,0,0.0,1616,0,0.0,399,0,0.0,0.0,0.0
P0,P0_derivative_amplitude_deciles,RAW_DECILES,ds006036__EO_or_photomark,AD_vs_CN,12,CN,AD,5,1|9|9|9|5,3|1|5|9|9,6.6,5.4,-1.2,0.025,0.025,0.04444444444444444,0.04444444444444444,2,0,0.0,1720,0,0.0,425,0,0.0,1410,0,0.0,345,0,0.0,0.0,0.0
P0,P0_derivative_amplitude_deciles,RAW_DECILES,ds006036__EO_or_photomark,AD_vs_CN,13,CN,AD,5,3|5|3|3|9,1|3|3|9|3,4.6,3.8,-0.8,0.0,0.0,0.0,0.0,0,0,,1202,0,0.0,293,0,0.0,990,0,0.0,245,0,0.0,0.0,0.0
P0,P0_derivative_amplitude_deciles,RAW_DECILES,ds006036__EO_or_photomark,AD_vs_CN,14,CN,AD,5,5|9|9|5|1,1|5|1|9|1,5.8,3.4,-2.4,0.015384615384615385,0.015384615384615385,0.04,0.04,1,0,0.0,1504,0,0.0,381,0,0.0,884,0,0.0,221,0,0.0,0.0,0.0
P0,P0_derivative_amplitude_deciles,RAW_DECILES,ds006036__EO_or_photomark,AD_vs_CN,15,CN,AD,5,5|9|5|5|9,3|9|3|3|3,6.6,4.2,-2.4,0.0,0.0,0.0,0.0,0,0,,1720,0,0.0,425,0,0.0,1092,0,0.0,273,0,0.0,0.0,0.0
P0,P0_derivative_amplitude_deciles,RAW_DECILES,ds006036__EO_or_photomark,AD_vs_CN,16,CN,AD,5,9|3|9|9|5,5|3|9|9|9,7.0,7.0,0.0,0.011764705882352941,0.011764705882352941,0.02222222222222222,0.02222222222222222,1,0,0.0,1816,0,0.0,459,0,0.0,1824,0,0.0,451,0,0.0,0.0,0.0
P0,P0_derivative_amplitude_deciles,RAW_DECILES,ds006036__EO_or_photomark,AD_vs_CN,17,CN,AD,5,9|9|9|3|5,9|3|3|9|1,7.0,5.0,-2.0,0.0,0.0,0.0,0.0,0,0,,1816,0,0.0,459,0,0.0,1292,0,0.0,333,0,0.0,0.0,0.0
P0,P0_derivative_amplitude_deciles,RAW_DECILES,ds006036__EO_or_photomark,AD_vs_CN,18,CN,AD,5,3|9|5|5|9,5|9|3|5|1,6.2,4.6,-1.6,0.011764705882352941,0.011764705882352941,0.02222222222222222,0.02222222222222222,1,0,0.0,1618,0,0.0,397,0,0.0,1192,0,0.0,303,0,0.0,0.0,0.0
P0,P0_derivative_amplitude_deciles,RAW_DECILES,ds006036__EO_or_photomark,AD_vs_CN,19,CN,AD,5,9|9|5|9|5,9|3|1|3|9,7.4,5.0,-2.4,0.01818181818181818,0.01818181818181818,0.06666666666666667,0.06666666666666667,1,0,0.0,1920,0,0.0,485,0,0.0,1300,0,0.0,325,0,0.0,0.0,0.0
P0,P0_derivative_amplitude_deciles,RAW_DECILES,ds006036__EO_or_photomark,AD_vs_CN,20,CN,AD,5,9|1|3|1|9,9|1|3|5|5,4.6,4.6,0.0,0.011764705882352941,0.011764705882352941,0.02222222222222222,0.02222222222222222,1,0,0.0,1196,0,0.0,299,0,0.0,1192,0,0.0,303,0,0.0,0.0,0.0
P0,P0_derivative_amplitude_deciles,RAW_DECILES,ds006036__EO_or_photomark,AD_vs_FTD,1,FTD,AD,5,9|3|9|5|9,9|3|9|9|9,7.0,7.8,0.8,0.0,0.0,0.0,0.0,0,0,,1650,9,0.005454545454545455,415,1,0.0024096385542168677,1842,0,0.0,459,0,0.0,-0.0024096385542168677,-0.005454545454545455
P0,P0_derivative_amplitude_deciles,RAW_DECILES,ds006036__EO_or_photomark,AD_vs_FTD,2,FTD,AD,5,9|9|3|9|9,9|9|3|3|9,7.8,6.6,-1.2,0.011764705882352941,0.011764705882352941,0.02222222222222222,0.02222222222222222,1,0,0.0,1842,19,0.01031487513572204,459,4,0.008714596949891068,1554,0,0.0,393,0,0.0,-0.008714596949891068,-0.01031487513572204
P0,P0_derivative_amplitude_deciles,RAW_DECILES,ds006036__EO_or_photomark,AD_vs_FTD,3,FTD,AD,5,9|3|9|9|3,9|3|5|9|9,6.6,7.0,0.4,0.14509803921568626,0.14509803921568626,0.23555555555555555,0.23555555555555555,5,0,0.0,1554,12,0.007722007722007722,393,2,0.005089058524173028,1654,0,0.0,411,0,0.0,-0.005089058524173028,-0.007722007722007722
P0,P0_derivative_amplitude_deciles,RAW_DECILES,ds006036__EO_or_photomark,AD_vs_FTD,4,FTD,AD,5,5|9|5|3|3,5|9|3|5|3,5.0,5.0,0.0,0.0,0.0,0.0,0.0,0,0,,1176,0,0.0,299,0,0.0,1178,0,0.0,297,0,0.0,0.0,0.0
P0,P0_derivative_amplitude_deciles,RAW_DECILES,ds006036__EO_or_photomark,AD_vs_FTD,5,FTD,AD,5,5|3|9|9|9,3|9|5|9|3,7.0,5.8,-1.2,0.0,0.0,0.0,0.0,0,0,,1658,0,0.0,407,0,0.0,1372,0,0.0,339,0,0.0,0.0,0.0
P0,P0_derivative_amplitude_deciles,RAW_DECILES,ds006036__EO_or_photomark,AD_vs_FTD,6,FTD,AD,5,9|9|9|9|3,3|3|5|9|5,7.8,5.0,-2.8,0.015384615384615385,0.015384615384615385,0.04,0.04,1,0,0.0,1836,16,0.008714596949891068,465,2,0.004301075268817204,1186,0,0.0,289,0,0.0,-0.004301075268817204,-0.008714596949891068
P0,P0_derivative_amplitude_deciles,RAW_DECILES,ds006036__EO_or_photomark,AD_vs_FTD,7,FTD,AD,5,5|5|5|9|5,9|3|9|5|9,5.8,7.0,1.2,0.0,0.0,0.0,0.0,0,0,,1372,7,0.00510204081632653,339,2,0.0058997050147492625,1650,0,0.0,415,0,0.0,-0.0058997050147492625,-0.00510204081632653
P0,P0_derivative_amplitude_deciles,RAW_DECILES,ds006036__EO_or_photomark,AD_vs_FTD,8,FTD,AD,5,5|9|9|3|3,9|9|9|9|5,5.8,8.2,2.4,0.0,0.0,0.0,0.0,0,0,,1364,15,0.010997067448680353,347,3,0.008645533141210375,1932,0,0.0,487,0,0.0,-0.008645533141210375,-0.010997067448680353
P0,P0_derivative_amplitude_deciles,RAW_DECILES,ds006036__EO_or_photomark,AD_vs_FTD,9,FTD,AD,5,5|3|9|9|5,9|9|9|9|9,6.2,9.0,2.8,0.0,0.0,0.0,0.0,0,0,,1466,9,0.006139154160982265,363,0,0.0,2124,0,0.0,531,0,0.0,0.0,-0.006139154160982265
P0,P0_derivative_amplitude_deciles,RAW_DECILES,ds006036__EO_or_photomark,AD_vs_FTD,10,FTD,AD,5,3|9|3|5|9,9|5|9|9|9,5.8,8.2,2.4,0.015384615384615385,0.015384615384615385,0.04,0.04,1,0,0.0,1374,10,0.00727802037845706,337,2,0.005934718100890208,1936,0,0.0,483,0,0.0,-0.005934718100890208,-0.00727802037845706
P0,P0_derivative_amplitude_deciles,RAW_DECILES,ds006036__EO_or_photomark,AD_vs_FTD,11,FTD,AD,5,5|9|9|9|3,5|3|9|9|3,7.0,5.8,-1.2,0.1,0.1,0.13333333333333333,0.13333333333333333,2,0,0.0,1652,16,0.009685230024213076,413,2,0.004842615012106538,1370,0,0.0,341,0,0.0,-0.004842615012106538,-0.009685230024213076
P0,P0_derivative_amplitude_deciles,RAW_DECILES,ds006036__EO_or_photomark,AD_vs_FTD,12,FTD,AD,5,3|9|3|3|9,5|3|5|5|9,5.4,5.4,0.0,0.0,0.0,0.0,0.0,0,0,,1278,4,0.003129890453834116,315,4,0.012698412698412698,1278,0,0.0,315,0,0.0,-0.012698412698412698,-0.003129890453834116
P0,P0_derivative_amplitude_deciles,RAW_DECILES,ds006036__EO_or_photomark,AD_vs_FTD,13,FTD,AD,5,9|5|9|9|9,5|9|5|5|5,8.2,5.8,-2.4,0.0,0.0,0.0,0.0,0,0,,1936,5,0.0025826446280991736,483,0,0.0,1368,0,0.0,343,0,0.0,0.0,-0.0025826446280991736
P0,P0_derivative_amplitude_deciles,RAW_DECILES,ds006036__EO_or_photomark,AD_vs_FTD,14,FTD,AD,5,9|3|9|9|5,5|9|9|3|9,7.0,7.0,0.0,0.0,0.0,0.0,0.0,0,0,,1650,6,0.0036363636363636364,415,5,0.012048192771084338,1652,0,0.0,413,0,0.0,-0.012048192771084338,-0.0036363636363636364
P0,P0_derivative_amplitude_deciles,RAW_DECILES,ds006036__EO_or_photomark,AD_vs_FTD,15,FTD,AD,5,5|3|5|9|3,9|5|9|9|9,5.0,8.2,3.2,0.0,0.0,0.0,0.0,0,0,,1182,11,0.009306260575296108,293,3,0.010238907849829351,1936,0,0.0,483,0,0.0,-0.010238907849829351,-0.009306260575296108
P0,P0_derivative_amplitude_deciles,RAW_DECILES,ds006036__EO_or_photomark,AD_vs_FTD,16,FTD,AD,5,5|3|9|9|9,9|3|3|5|9,7.0,5.8,-1.2,0.04,0.04,0.06666666666666667,0.06666666666666667,3,0,0.0,1658,4,0.0024125452352231603,407,1,0.002457002457002457,1368,0,0.0,343,0,0.0,-0.002457002457002457,-0.0024125452352231603
P0,P0_derivative_amplitude_deciles,RAW_DECILES,ds006036__EO_or_photomark,AD_vs_FTD,17,FTD,AD,5,3|9|3|9|5,5|9|9|9|5,5.8,7.4,1.6,0.025,0.025,0.04444444444444444,0.04444444444444444,2,0,0.0,1374,18,0.013100436681222707,337,3,0.008902077151335312,1748,0,0.0,435,0,0.0,-0.008902077151335312,-0.013100436681222707
P0,P0_derivative_amplitude_deciles,RAW_DECILES,ds006036__EO_or_photomark,AD_vs_FTD,18,FTD,AD,5,9|5|5|3|5,9|5|9|9|5,5.4,7.4,2.0,0.01818181818181818,0.01818181818181818,0.06666666666666667,0.06666666666666667,1,0,0.0,1268,6,0.00473186119873817,325,2,0.006153846153846154,1744,0,0.0,439,0,0.0,-0.006153846153846154,-0.00473186119873817
P0,P0_derivative_amplitude_deciles,RAW_DECILES,ds006036__EO_or_photomark,AD_vs_FTD,19,FTD,AD,5,9|5|3|9|5,9|3|3|5|5,6.2,5.0,-1.2,0.04033613445378151,0.04033613445378151,0.08888888888888888,0.08888888888888888,2,0,0.0,1462,18,0.012311901504787962,367,4,0.010899182561307902,1176,0,0.0,299,0,0.0,-0.010899182561307902,-0.012311901504787962
P0,P0_derivative_amplitude_deciles,RAW_DECILES,ds006036__EO_or_photomark,AD_vs_FTD,20,FTD,AD,5,3|3|3|9|9,9|9|9|3|5,5.4,7.0,1.6,0.0,0.0,0.0,0.0,0,0,,1284,12,0.009345794392523364,309,2,0.006472491909385114,1644,0,0.0,421,0,0.0,-0.006472491909385114,-0.009345794392523364
P0,P0_derivative_amplitude_deciles,RAW_DECILES,ds006036__EO_or_photomark,CN_vs_FTD,1,CN,FTD,5,9|9|9|9|9,9|9|9|9|3,9.0,7.8,-1.2,0.04171122994652406,0.04171122994652406,0.1111111111111111,0.1111111111111111,3,0,0.0,1872,0,0.0,468,0,0.0,1614,0,0.0,414,0,0.0,0.0,0.0
P0,P0_derivative_amplitude_deciles,RAW_DECILES,ds006036__EO_or_photomark,CN_vs_FTD,2,CN,FTD,5,9|5|9|9|5,9|5|9|5|9,7.4,7.4,0.0,0.025,0.025,0.04444444444444444,0.04444444444444444,2,0,0.0,1536,0,0.0,388,0,0.0,1540,0,0.0,384,0,0.0,0.0,0.0
P0,P0_derivative_amplitude_deciles,RAW_DECILES,ds006036__EO_or_photomark,CN_vs_FTD,3,CN,FTD,5,5|9|9|9|9,9|9|9|9|3,8.2,7.8,-0.4,0.06352941176470589,0.06352941176470589,0.1111111111111111,0.1111111111111111,5,0,0.0,1708,0,0.0,424,0,0.0,1614,0,0.0,414,0,0.0,0.0,0.0
P0,P0_derivative_amplitude_deciles,RAW_DECILES,ds006036__EO_or_photomark,CN_vs_FTD,4,CN,FTD,5,9|9|9|9|9,9|9|5|3|5,9.0,6.2,-2.8,0.04,0.04,0.06666666666666667,0.06666666666666667,3,0,0.0,1872,0,0.0,468,0,0.0,1284,0,0.0,328,0,0.0,0.0,0.0
P0,P0_derivative_amplitude_deciles,RAW_DECILES,ds006036__EO_or_photomark,CN_vs_FTD,5,CN,FTD,5,5|5|9|9|9,3|3|5|3|5,7.4,3.8,-3.6,0.015384615384615385,0.015384615384615385,0.04,0.04,1,0,0.0,1544,0,0.0,380,0,0.0,792,0,0.0,196,0,0.0,0.0,0.0
P0,P0_derivative_amplitude_deciles,RAW_DECILES,ds006036__EO_or_photomark,CN_vs_FTD,6,CN,FTD,5,9|9|9|3|9,3|9|3|9|9,7.8,6.6,-1.2,0.05176470588235294,0.05176470588235294,0.15555555555555556,0.15555555555555556,3,0,0.0,1620,0,0.0,408,0,0.0,1380,0,0.0,336,0,0.0,0.0,0.0
P0,P0_derivative_amplitude_deciles,RAW_DECILES,ds006036__EO_or_photomark,CN_vs_FTD,7,CN,FTD,5,3|3|5|3|3,5|5|9|3|5,3.4,5.4,2.0,0.10666666666666666,0.10666666666666666,0.19999999999999998,0.19999999999999998,3,0,0.0,706,0,0.0,178,0,0.0,1120,0,0.0,284,0,0.0,0.0,0.0
P0,P0_derivative_amplitude_deciles,RAW_DECILES,ds006036__EO_or_photomark,CN_vs_FTD,8,CN,FTD,5,9|9|9|3|5,9|9|5|5|5,7.0,6.6,-0.4,0.0,0.0,0.0,0.0,0,0,,1448,11,0.007596685082872928,372,4,0.010752688172043012,1368,0,0.0,348,0,0.0,-0.010752688172043012,-0.007596685082872928
P0,P0_derivative_amplitude_deciles,RAW_DECILES,ds006036__EO_or_photomark,CN_vs_FTD,9,CN,FTD,5,9|5|3|9|9,9|9|5|5|5,7.0,6.6,-0.4,0.02857142857142857,0.02857142857142857,0.06666666666666667,0.06666666666666667,1,0,0.0,1462,0,0.0,358,0,0.0,1368,0,0.0,348,0,0.0,0.0,0.0
P0,P0_derivative_amplitude_deciles,RAW_DECILES,ds006036__EO_or_photomark,CN_vs_FTD,10,CN,FTD,5,9|9|9|3|5,9|9|9|5|3,7.0,7.0,0.0,0.03676470588235294,0.03676470588235294,0.06666666666666667,0.06666666666666667,3,0,0.0,1448,0,0.0,372,0,0.0,1446,0,0.0,374,0,0.0,0.0,0.0
P0,P0_derivative_amplitude_deciles,RAW_DECILES,ds006036__EO_or_photomark,CN_vs_FTD,11,CN,FTD,5,3|3|9|9|9,9|9|3|1|5,6.6,5.4,-1.2,0.07333333333333333,0.07333333333333333,0.21333333333333332,0.21333333333333332,4,0,0.0,1380,0,0.0,336,0,0.0,1118,0,0.0,286,0,0.0,0.0,0.0
P0,P0_derivative_amplitude_deciles,RAW_DECILES,ds006036__EO_or_photomark,CN_vs_FTD,12,CN,FTD,5,9|5|5|9|3,5|5|9|9|3,6.2,6.2,0.0,0.03333333333333333,0.03333333333333333,0.08,0.08,2,0,0.0,1286,0,0.0,326,0,0.0,1286,0,0.0,326,0,0.0,0.0,0.0
P0,P0_derivative_amplitude_deciles,RAW_DECILES,ds006036__EO_or_photomark,CN_vs_FTD,13,CN,FTD,5,9|3|9|9|3,9|9|5|9|3,6.6,7.0,0.4,0.09454545454545454,0.09454545454545454,0.18666666666666665,0.18666666666666665,4,0,0.0,1368,0,0.0,348,0,0.0,1450,0,0.0,370,0,0.0,0.0,0.0
P0,P0_derivative_amplitude_deciles,RAW_DECILES,ds006036__EO_or_photomark,CN_vs_FTD,14,CN,FTD,5,5|9|9|9|9,5|5|9|9|9,8.2,7.4,-0.8,0.025,0.025,0.04444444444444444,0.04444444444444444,2,0,0.0,1708,0,0.0,424,0,0.0,1544,0,0.0,380,0,0.0,0.0,0.0
P0,P0_derivative_amplitude_deciles,RAW_DECILES,ds006036__EO_or_photomark,CN_vs_FTD,15,CN,FTD,5,9|3|5|9|3,5|9|5|5|9,5.8,6.6,0.8,0.015384615384615385,0.015384615384615385,0.04,0.04,1,0,0.0,1204,0,0.0,304,0,0.0,1376,0,0.0,340,0,0.0,0.0,0.0
P0,P0_derivative_amplitude_deciles,RAW_DECILES,ds006036__EO_or_photomark,CN_vs_FTD,16,CN,FTD,5,9|3|5|5|9,5|5|9|5|9,6.2,6.6,0.4,0.027149321266968326,0.027149321266968326,0.06222222222222222,0.06222222222222222,2,0,0.0,1294,0,0.0,318,0,0.0,1376,0,0.0,340,0,0.0,0.0,0.0
P0,P0_derivative_amplitude_deciles,RAW_DECILES,ds006036__EO_or_photomark,CN_vs_FTD,17,CN,FTD,5,5|9|9|9|9,9|5|5|5|5,8.2,5.8,-2.4,0.03333333333333333,0.03333333333333333,0.08,0.08,2,0,0.0,1708,0,0.0,424,0,0.0,1204,0,0.0,304,0,0.0,0.0,0.0
P0,P0_derivative_amplitude_deciles,RAW_DECILES,ds006036__EO_or_photomark,CN_vs_FTD,18,CN,FTD,5,5|9|9|5|9,9|9|9|5|3,7.4,7.0,-0.4,0.011764705882352941,0.011764705882352941,0.02222222222222222,0.02222222222222222,1,0,0.0,1540,0,0.0,384,0,0.0,1446,0,0.0,374,0,0.0,0.0,0.0
P0,P0_derivative_amplitude_deciles,RAW_DECILES,ds006036__EO_or_photomark,CN_vs_FTD,19,CN,FTD,5,5|3|9|5|9,5|9|3|9|9,6.2,7.0,0.8,0.045098039215686274,0.045098039215686274,0.10222222222222223,0.10222222222222223,3,0,0.0,1294,9,0.006955177743431221,318,3,0.009433962264150943,1462,0,0.0,358,0,0.0,-0.009433962264150943,-0.006955177743431221
P0,P0_derivative_amplitude_deciles,RAW_DECILES,ds006036__EO_or_photomark,CN_vs_FTD,20,CN,FTD,5,5|9|9|9|9,9|5|5|9|9,8.2,7.4,-0.8,0.05,0.05,0.08888888888888888,0.08888888888888888,4,0,0.0,1708,10,0.00585480093676815,424,1,0.0023584905660377358,1544,0,0.0,380,0,0.0,-0.0023584905660377358,-0.00585480093676815
P0,P0_derivative_amplitude_deciles,REGION_AGGREGATES_ALL,ds004504__EC,AD_FTD_vs_CN,1,CN,AD_FTD,5,9|9|9|9|5,5|5|3|9|9,8.2,6.2,-2.0,0.13151515151515153,0.13151515151515153,0.3066666666666667,0.3066666666666667,7,0,0.0,2880,0,0.0,728,0,0.0,2188,0,0.0,540,0,0.0,0.0,0.0
P0,P0_derivative_amplitude_deciles,REGION_AGGREGATES_ALL,ds004504__EC,AD_FTD_vs_CN,2,CN,AD_FTD,5,9|9|5|5|3,9|1|3|9|5,6.2,5.4,-0.8,0.055720749838396894,0.055720749838396894,0.1288888888888889,0.1288888888888889,3,0,0.0,2176,0,0.0,552,0,0.0,1900,0,0.0,476,0,0.0,0.0,0.0
P0,P0_derivative_amplitude_deciles,REGION_AGGREGATES_ALL,ds004504__EC,AD_FTD_vs_CN,3,CN,AD_FTD,5,9|3|5|9|3,3|5|5|9|9,5.8,6.2,0.4,0.06222222222222222,0.06222222222222222,0.10666666666666666,0.10666666666666666,4,0,0.0,2036,0,0.0,516,0,0.0,2188,0,0.0,540,0,0.0,0.0,0.0
P0,P0_derivative_amplitude_deciles,REGION_AGGREGATES_ALL,ds004504__EC,AD_FTD_vs_CN,4,CN,AD_FTD,5,5|9|9|5|9,9|3|5|9|9,7.4,7.0,-0.4,0.13493006993006992,0.13493006993006992,0.3377777777777778,0.3377777777777778,8,0,0.0,2608,0,0.0,648,0,0.0,2468,0,0.0,612,0,0.0,0.0,0.0
P0,P0_derivative_amplitude_deciles,REGION_AGGREGATES_ALL,ds004504__EC,AD_FTD_vs_CN,5,CN,AD_FTD,5,9|9|9|9|5,9|9|3|1|5,8.2,5.4,-2.8,0.22818181818181818,0.22818181818181818,0.3244444444444444,0.3244444444444444,11,0,0.0,2880,0,0.0,728,0,0.0,1900,0,0.0,476,0,0.0,0.0,0.0
P0,P0_derivative_amplitude_deciles,REGION_AGGREGATES_ALL,ds004504__EC,AD_FTD_vs_CN,6,CN,AD_FTD,5,9|5|5|5|3,3|5|5|5|3,5.4,4.2,-1.2,0.04444444444444444,0.04444444444444444,0.08,0.08,2,0,0.0,1896,0,0.0,480,0,0.0,1476,0,0.0,372,0,0.0,0.0,0.0
P0,P0_derivative_amplitude_deciles,REGION_AGGREGATES_ALL,ds004504__EC,AD_FTD_vs_CN,7,CN,AD_FTD,5,9|9|5|3|9,3|9|1|3|9,7.0,5.0,-2.0,0.13176470588235295,0.13176470588235295,0.4222222222222222,0.4222222222222222,7,0,0.0,2468,0,0.0,612,0,0.0,1768,0,0.0,432,0,0.0,0.0,0.0
P0,P0_derivative_amplitude_deciles,REGION_AGGREGATES_ALL,ds004504__EC,AD_FTD_vs_CN,8,CN,AD_FTD,5,9|9|3|9|3,5|5|9|9|5,6.6,6.6,0.0,0.10631016042780748,0.10631016042780748,0.27555555555555555,0.27555555555555555,6,0,0.0,2316,0,0.0,588,0,0.0,2320,0,0.0,584,0,0.0,0.0,0.0
P0,P0_derivative_amplitude_deciles,REGION_AGGREGATES_ALL,ds004504__EC,AD_FTD_vs_CN,9,CN,AD_FTD,5,9|5|3|5|9,9|1|9|5|5,6.2,5.8,-0.4,0.0807886557886558,0.0807886557886558,0.19111111111111112,0.19111111111111112,5,0,0.0,2188,0,0.0,540,0,0.0,2040,0,0.0,512,0,0.0,0.0,0.0
P0,P0_derivative_amplitude_deciles,REGION_AGGREGATES_ALL,ds004504__EC,AD_FTD_vs_CN,10,CN,AD_FTD,5,9|5|3|9|3,5|5|5|9|9,5.8,6.6,0.8,0.1453846153846154,0.1453846153846154,0.32,0.32,8,0,0.0,2036,0,0.0,516,0,0.0,2328,0,0.0,576,0,0.0,0.0,0.0
P0,P0_derivative_amplitude_deciles,REGION_AGGREGATES_ALL,ds004504__EC,AD_FTD_vs_CN,11,CN,AD_FTD,5,9|9|9|5|3,3|5|9|3|3,7.0,4.6,-2.4,0.17906093906093906,0.17906093906093906,0.3511111111111111,0.3511111111111111,9,0,0.0,2456,0,0.0,624,0,0.0,1616,0,0.0,408,0,0.0,0.0,0.0
P0,P0_derivative_amplitude_deciles,REGION_AGGREGATES_ALL,ds004504__EC,AD_FTD_vs_CN,12,CN,AD_FTD,5,5|1|3|9|9,9|3|9|3|9,5.4,6.6,1.2,0.13047619047619047,0.13047619047619047,0.3022222222222222,0.3022222222222222,8,0,0.0,1908,0,0.0,468,0,0.0,2328,0,0.0,576,0,0.0,0.0,0.0
P0,P0_derivative_amplitude_deciles,REGION_AGGREGATES_ALL,ds004504__EC,AD_FTD_vs_CN,13,CN,AD_FTD,5,3|9|5|9|3,3|9|9|9|3,5.8,6.6,0.8,0.11676470588235295,0.11676470588235295,0.19999999999999998,0.19999999999999998,5,0,0.0,2036,0,0.0,516,0,0.0,2316,0,0.0,588,0,0.0,0.0,0.0
P0,P0_derivative_amplitude_deciles,REGION_AGGREGATES_ALL,ds004504__EC,AD_FTD_vs_CN,14,CN,AD_FTD,5,3|9|9|9|5,5|9|5|3|9,7.0,6.2,-0.8,0.08434065934065935,0.08434065934065935,0.19111111111111112,0.19111111111111112,5,0,0.0,2460,0,0.0,620,0,0.0,2188,0,0.0,540,0,0.0,0.0,0.0
P0,P0_derivative_amplitude_deciles,REGION_AGGREGATES_ALL,ds004504__EC,AD_FTD_vs_CN,15,CN,AD_FTD,5,9|5|3|9|5,9|9|5|5|3,6.2,6.2,0.0,0.10700280112044817,0.10700280112044817,0.24888888888888888,0.24888888888888888,6,0,0.0,2180,0,0.0,548,0,0.0,2176,0,0.0,552,0,0.0,0.0,0.0
P0,P0_derivative_amplitude_deciles,REGION_AGGREGATES_ALL,ds004504__EC,AD_FTD_vs_CN,16,CN,AD_FTD,5,9|5|9|3|5,3|5|9|3|5,6.2,5.0,-1.2,0.28285714285714286,0.28285714285714286,0.4755555555555555,0.4755555555555555,11,0,0.0,2180,0,0.0,548,0,0.0,1760,0,0.0,440,0,0.0,0.0,0.0
P0,P0_derivative_amplitude_deciles,REGION_AGGREGATES_ALL,ds004504__EC,AD_FTD_vs_CN,17,CN,AD_FTD,5,3|9|5|5|9,1|9|9|5|3,6.2,5.4,-0.8,0.10538461538461538,0.10538461538461538,0.25333333333333335,0.25333333333333335,5,0,0.0,2188,0,0.0,540,0,0.0,1896,0,0.0,480,0,0.0,0.0,0.0
P0,P0_derivative_amplitude_deciles,REGION_AGGREGATES_ALL,ds004504__EC,AD_FTD_vs_CN,18,CN,AD_FTD,5,9|5|9|3|5,9|5|9|9|9,6.2,8.2,2.0,0.19286360698125404,0.19286360698125404,0.3822222222222222,0.3822222222222222,10,0,0.0,2180,0,0.0,548,0,0.0,2888,0,0.0,720,0,0.0,0.0,0.0
P0,P0_derivative_amplitude_deciles,REGION_AGGREGATES_ALL,ds004504__EC,AD_FTD_vs_CN,19,CN,AD_FTD,5,9|9|5|5|9,3|3|9|9|9,7.4,6.6,-0.8,0.11328671328671329,0.11328671328671329,0.24444444444444444,0.24444444444444444,7,0,0.0,2608,0,0.0,648,0,0.0,2328,0,0.0,576,0,0.0,0.0,0.0
P0,P0_derivative_amplitude_deciles,REGION_AGGREGATES_ALL,ds004504__EC,AD_FTD_vs_CN,20,CN,AD_FTD,5,3|3|5|9|9,5|5|3|3|9,5.8,5.0,-0.8,0.19833333333333333,0.19833333333333333,0.4444444444444444,0.4444444444444444,8,0,0.0,2048,0,0.0,504,0,0.0,1768,0,0.0,432,0,0.0,0.0,0.0
P0,P0_derivative_amplitude_deciles,REGION_AGGREGATES_ALL,ds004504__EC,AD_vs_CN,1,CN,AD,5,9|3|5|3|3,9|3|9|3|9,4.6,6.6,2.0,0.06714932126696833,0.06714932126696833,0.1288888888888889,0.1288888888888889,3,0,0.0,1190,0,0.0,305,0,0.0,1716,0,0.0,429,0,0.0,0.0,0.0
P0,P0_derivative_amplitude_deciles,REGION_AGGREGATES_ALL,ds004504__EC,AD_vs_CN,2,CN,AD,5,3|3|9|9|1,1|5|5|9|9,5.0,5.8,0.8,0.03333333333333333,0.03333333333333333,0.08,0.08,2,0,0.0,1298,0,0.0,327,0,0.0,1516,0,0.0,369,0,0.0,0.0,0.0
P0,P0_derivative_amplitude_deciles,REGION_AGGREGATES_ALL,ds004504__EC,AD_vs_CN,3,CN,AD,5,3|3|9|9|5,9|1|5|3|1,5.8,3.8,-2.0,0.033566433566433566,0.033566433566433566,0.10666666666666666,0.10666666666666666,2,0,0.0,1510,0,0.0,375,0,0.0,980,0,0.0,255,0,0.0,0.0,0.0
P0,P0_derivative_amplitude_deciles,REGION_AGGREGATES_ALL,ds004504__EC,AD_vs_CN,4,CN,AD,5,1|9|5|3|3,9|3|3|3|9,4.2,5.4,1.2,0.01818181818181818,0.01818181818181818,0.06666666666666667,0.06666666666666667,1,0,0.0,1094,0,0.0,271,0,0.0,1404,0,0.0,351,0,0.0,0.0,0.0
P0,P0_derivative_amplitude_deciles,REGION_AGGREGATES_ALL,ds004504__EC,AD_vs_CN,5,CN,AD,5,3|3|5|1|9,1|9|5|3|1,4.2,3.8,-0.4,0.06666666666666667,0.06666666666666667,0.2,0.2,1,0,0.0,1098,0,0.0,267,0,0.0,988,0,0.0,247,0,0.0,0.0,0.0
P0,P0_derivative_amplitude_deciles,REGION_AGGREGATES_ALL,ds004504__EC,AD_vs_CN,6,CN,AD,5,1|5|9|5|1,9|1|5|3|3,4.2,4.2,0.0,0.06666666666666667,0.06666666666666667,0.2,0.2,1,0,0.0,1092,0,0.0,273,0,0.0,1086,0,0.0,279,0,0.0,0.0,0.0
P0,P0_derivative_amplitude_deciles,REGION_AGGREGATES_ALL,ds004504__EC,AD_vs_CN,7,CN,AD,5,9|9|5|9|9,9|1|3|9|3,8.2,5.0,-3.2,0.065,0.065,0.17777777777777776,0.17777777777777776,4,0,0.0,2132,0,0.0,533,0,0.0,1294,0,0.0,331,0,0.0,0.0,0.0
P0,P0_derivative_amplitude_deciles,REGION_AGGREGATES_ALL,ds004504__EC,AD_vs_CN,8,CN,AD,5,9|9|9|1|3,3|5|3|3|3,6.2,3.4,-2.8,0.11818181818181818,0.11818181818181818,0.3466666666666667,0.3466666666666667,4,0,0.0,1606,0,0.0,409,0,0.0,884,0,0.0,221,0,0.0,0.0,0.0
P0,P0_derivative_amplitude_deciles,REGION_AGGREGATES_ALL,ds004504__EC,AD_vs_CN,9,CN,AD,5,9|3|1|5|3,5|9|3|9|1,4.2,5.4,1.2,0.03076923076923077,0.03076923076923077,0.08,0.08,2,0,0.0,1086,0,0.0,279,0,0.0,1400,0,0.0,355,0,0.0,0.0,0.0
P0,P0_derivative_amplitude_deciles,REGION_AGGREGATES_ALL,ds004504__EC,AD_vs_CN,10,CN,AD,5,5|3|5|3|9,9|3|9|3|3,5.0,5.4,0.4,0.09538461538461539,0.09538461538461539,0.24,0.24,4,0,0.0,1304,0,0.0,321,0,0.0,1398,0,0.0,357,0,0.0,0.0,0.0
P0,P0_derivative_amplitude_deciles,REGION_AGGREGATES_ALL,ds004504__EC,AD_vs_CN,11,CN,AD,5,1|9|3|5|3,1|9|5|1|5,4.2,4.2,0.0,0.09523809523809523,0.09523809523809523,0.19999999999999998,0.19999999999999998,3,0,0.0,1094,0,0.0,271,0,0.0,1096,0,0.0,269,0,0.0,0.0,0.0
P0,P0_derivative_amplitude_deciles,REGION_AGGREGATES_ALL,ds004504__EC,AD_vs_CN,12,CN,AD,5,9|1|3|9|9,9|1|1|3|3,6.2,3.4,-2.8,0.05818181818181818,0.05818181818181818,0.19999999999999998,0.19999999999999998,3,0,0.0,1612,0,0.0,403,0,0.0,878,0,0.0,227,0,0.0,0.0,0.0
P0,P0_derivative_amplitude_deciles,REGION_AGGREGATES_ALL,ds004504__EC,AD_vs_CN,13,CN,AD,5,3|3|9|9|3,3|1|3|3|1,5.4,2.2,-3.2,0.05818181818181818,0.05818181818181818,0.13333333333333333,0.13333333333333333,2,0,0.0,1404,0,0.0,351,0,0.0,570,0,0.0,145,0,0.0,0.0,0.0
P0,P0_derivative_amplitude_deciles,REGION_AGGREGATES_ALL,ds004504__EC,AD_vs_CN,14,CN,AD,5,9|3|9|9|9,9|3|1|1|3,7.8,3.4,-4.4,0.025,0.025,0.04444444444444444,0.04444444444444444,2,0,0.0,2028,0,0.0,507,0,0.0,878,0,0.0,227,0,0.0,0.0,0.0
P0,P0_derivative_amplitude_deciles,REGION_AGGREGATES_ALL,ds004504__EC,AD_vs_CN,15,CN,AD,5,9|5|1|3|5,3|3|9|3|5,4.6,4.6,0.0,0.0,0.0,0.0,0.0,0,0,,1192,0,0.0,303,0,0.0,1198,0,0.0,297,0,0.0,0.0,0.0
P0,P0_derivative_amplitude_deciles,REGION_AGGREGATES_ALL,ds004504__EC,AD_vs_CN,16,CN,AD,5,9|3|3|5|9,9|3|1|5|5,5.8,4.6,-1.2,0.011764705882352941,0.011764705882352941,0.02222222222222222,0.02222222222222222,1,0,0.0,1508,0,0.0,377,0,0.0,1192,0,0.0,303,0,0.0,0.0,0.0
P0,P0_derivative_amplitude_deciles,REGION_AGGREGATES_ALL,ds004504__EC,AD_vs_CN,17,CN,AD,5,9|3|9|5|1,3|9|3|5|9,5.4,5.8,0.4,0.04444444444444444,0.04444444444444444,0.24,0.24,2,0,0.0,1396,0,0.0,359,0,0.0,1514,0,0.0,371,0,0.0,0.0,0.0
P0,P0_derivative_amplitude_deciles,REGION_AGGREGATES_ALL,ds004504__EC,AD_vs_CN,18,CN,AD,5,9|9|9|3|1,5|3|1|5|3,6.2,3.4,-2.8,0.04395604395604395,0.04395604395604395,0.10666666666666666,0.10666666666666666,2,0,0.0,1604,0,0.0,411,0,0.0,882,0,0.0,223,0,0.0,0.0,0.0
P0,P0_derivative_amplitude_deciles,REGION_AGGREGATES_ALL,ds004504__EC,AD_vs_CN,19,CN,AD,5,3|9|5|3|9,9|3|3|3|9,5.8,5.4,-0.4,0.025,0.025,0.04444444444444444,0.04444444444444444,2,0,0.0,1514,0,0.0,371,0,0.0,1404,0,0.0,351,0,0.0,0.0,0.0
P0,P0_derivative_amplitude_deciles,REGION_AGGREGATES_ALL,ds004504__EC,AD_vs_CN,20,CN,AD,5,3|9|5|3|9,3|3|9|1|3,5.8,3.8,-2.0,0.055384615384615386,0.055384615384615386,0.10666666666666666,0.10666666666666666,2,0,0.0,1514,0,0.0,371,0,0.0,988,0,0.0,247,0,0.0,0.0,0.0
P0,P0_derivative_amplitude_deciles,REGION_AGGREGATES_ALL,ds004504__EC,AD_vs_FTD,1,FTD,AD,5,9|3|9|5|5,5|5|3|9|9,6.2,6.2,0.0,0.03333333333333333,0.03333333333333333,0.08,0.08,2,0,0.0,1458,0,0.0,371,0,0.0,1470,0,0.0,359,0,0.0,0.0,0.0
P0,P0_derivative_amplitude_deciles,REGION_AGGREGATES_ALL,ds004504__EC,AD_vs_FTD,2,FTD,AD,5,5|5|9|3|9,5|9|9|9|9,6.2,8.2,2.0,0.0626068376068376,0.0626068376068376,0.12444444444444444,0.12444444444444444,4,0,0.0,1464,0,0.0,365,0,0.0,1940,0,0.0,479,0,0.0,0.0,0.0
P0,P0_derivative_amplitude_deciles,REGION_AGGREGATES_ALL,ds004504__EC,AD_vs_FTD,3,FTD,AD,5,5|9|9|5|5,9|9|3|5|9,6.6,7.0,0.4,0.10176470588235294,0.10176470588235294,0.23555555555555555,0.23555555555555555,5,0,0.0,1556,0,0.0,391,0,0.0,1650,0,0.0,415,0,0.0,0.0,0.0
P0,P0_derivative_amplitude_deciles,REGION_AGGREGATES_ALL,ds004504__EC,AD_vs_FTD,4,FTD,AD,5,5|3|5|9|9,9|9|5|5|9,6.2,7.4,1.2,0.049371543489190546,0.049371543489190546,0.10222222222222223,0.10222222222222223,3,0,0.0,1470,0,0.0,359,0,0.0,1744,0,0.0,439,0,0.0,0.0,0.0
P0,P0_derivative_amplitude_deciles,REGION_AGGREGATES_ALL,ds004504__EC,AD_vs_FTD,5,FTD,AD,5,9|9|5|5|9,9|3|5|1|9,7.4,5.4,-2.0,0.011764705882352941,0.011764705882352941,0.02222222222222222,0.02222222222222222,1,0,0.0,1744,0,0.0,439,0,0.0,1270,0,0.0,323,0,0.0,0.0,0.0
P0,P0_derivative_amplitude_deciles,REGION_AGGREGATES_ALL,ds004504__EC,AD_vs_FTD,6,FTD,AD,5,9|9|5|3|9,9|3|3|5|3,7.0,4.6,-2.4,0.0,0.0,0.0,0.0,0,0,,1648,0,0.0,417,0,0.0,1080,0,0.0,277,0,0.0,0.0,0.0
P0,P0_derivative_amplitude_deciles,REGION_AGGREGATES_ALL,ds004504__EC,AD_vs_FTD,7,FTD,AD,5,9|9|5|9|9,5|9|3|3|9,8.2,5.8,-2.4,0.056862745098039215,0.056862745098039215,0.12444444444444444,0.12444444444444444,4,0,0.0,1936,0,0.0,483,0,0.0,1370,0,0.0,341,0,0.0,0.0,0.0
P0,P0_derivative_amplitude_deciles,REGION_AGGREGATES_ALL,ds004504__EC,AD_vs_FTD,8,FTD,AD,5,3|3|9|9|9,3|9|5|5|5,6.6,5.4,-1.2,0.04,0.04,0.13333333333333333,0.13333333333333333,2,0,0.0,1566,0,0.0,381,0,0.0,1276,0,0.0,317,0,0.0,0.0,0.0
P0,P0_derivative_amplitude_deciles,REGION_AGGREGATES_ALL,ds004504__EC,AD_vs_FTD,9,FTD,AD,5,9|9|9|9|9,9|5|5|3|9,9.0,6.2,-2.8,0.09538461538461539,0.09538461538461539,0.24,0.24,6,0,0.0,2124,0,0.0,531,0,0.0,1460,0,0.0,369,0,0.0,0.0,0.0
P0,P0_derivative_amplitude_deciles,REGION_AGGREGATES_ALL,ds004504__EC,AD_vs_FTD,10,FTD,AD,5,9|3|5|9|5,3|3|5|9|9,6.2,5.8,-0.4,0.02222222222222222,0.02222222222222222,0.04,0.04,1,0,0.0,1462,0,0.0,367,0,0.0,1378,0,0.0,333,0,0.0,0.0,0.0
P0,P0_derivative_amplitude_deciles,REGION_AGGREGATES_ALL,ds004504__EC,AD_vs_FTD,11,FTD,AD,5,3|5|9|9|9,3|3|5|9|9,7.0,5.8,-1.2,0.22714932126696832,0.22714932126696832,0.39555555555555555,0.39555555555555555,9,0,0.0,1660,0,0.0,405,0,0.0,1378,0,0.0,333,0,0.0,0.0,0.0
P0,P0_derivative_amplitude_deciles,REGION_AGGREGATES_ALL,ds004504__EC,AD_vs_FTD,12,FTD,AD,5,9|9|9|9|5,9|5|3|9|9,8.2,7.0,-1.2,0.045098039215686274,0.045098039215686274,0.10222222222222223,0.10222222222222223,3,0,0.0,1932,0,0.0,487,0,0.0,1654,0,0.0,411,0,0.0,0.0,0.0
P0,P0_derivative_amplitude_deciles,REGION_AGGREGATES_ALL,ds004504__EC,AD_vs_FTD,13,FTD,AD,5,9|5|9|5|9,5|9|3|9|5,7.4,6.2,-1.2,0.0668997668997669,0.0668997668997669,0.18666666666666668,0.18666666666666668,4,0,0.0,1744,0,0.0,439,0,0.0,1466,0,0.0,363,0,0.0,0.0,0.0
P0,P0_derivative_amplitude_deciles,REGION_AGGREGATES_ALL,ds004504__EC,AD_vs_FTD,14,FTD,AD,5,9|9|9|9|5,5|9|9|9|9,8.2,8.2,0.0,0.06048265460030166,0.06048265460030166,0.14222222222222222,0.14222222222222222,4,0,0.0,1932,0,0.0,487,0,0.0,1940,0,0.0,479,0,0.0,0.0,0.0
P0,P0_derivative_amplitude_deciles,REGION_AGGREGATES_ALL,ds004504__EC,AD_vs_FTD,15,FTD,AD,5,9|9|9|5|3,9|9|9|9|9,7.0,9.0,2.0,0.058333333333333334,0.058333333333333334,0.12444444444444444,0.12444444444444444,4,0,0.0,1644,0,0.0,421,0,0.0,2124,0,0.0,531,0,0.0,0.0,0.0
P0,P0_derivative_amplitude_deciles,REGION_AGGREGATES_ALL,ds004504__EC,AD_vs_FTD,16,FTD,AD,5,9|5|9|9|9,5|5|9|5|9,8.2,6.6,-1.6,0.045098039215686274,0.045098039215686274,0.10222222222222223,0.10222222222222223,3,0,0.0,1936,0,0.0,483,0,0.0,1560,0,0.0,387,0,0.0,0.0,0.0
P0,P0_derivative_amplitude_deciles,REGION_AGGREGATES_ALL,ds004504__EC,AD_vs_FTD,17,FTD,AD,5,9|9|9|9|9,9|3|9|9|3,9.0,6.6,-2.4,0.10527119938884645,0.10527119938884645,0.24444444444444444,0.24444444444444444,7,0,0.0,2124,0,0.0,531,0,0.0,1554,0,0.0,393,0,0.0,0.0,0.0
P0,P0_derivative_amplitude_deciles,REGION_AGGREGATES_ALL,ds004504__EC,AD_vs_FTD,18,FTD,AD,5,9|5|9|5|9,9|3|5|5|9,7.4,6.2,-1.2,0.0,0.0,0.0,0.0,0,0,,1744,0,0.0,439,0,0.0,1462,0,0.0,367,0,0.0,0.0,0.0
P0,P0_derivative_amplitude_deciles,REGION_AGGREGATES_ALL,ds004504__EC,AD_vs_FTD,19,FTD,AD,5,5|5|9|9|9,9|9|9|3|9,7.4,7.8,0.4,0.027149321266968326,0.027149321266968326,0.06222222222222222,0.06222222222222222,2,0,0.0,1752,0,0.0,431,0,0.0,1836,0,0.0,465,0,0.0,0.0,0.0
P0,P0_derivative_amplitude_deciles,REGION_AGGREGATES_ALL,ds004504__EC,AD_vs_FTD,20,FTD,AD,5,9|9|1|5|5,3|9|9|5|9,5.8,7.0,1.2,0.033566433566433566,0.033566433566433566,0.10666666666666666,0.10666666666666666,2,0,0.0,1364,0,0.0,347,0,0.0,1656,0,0.0,409,0,0.0,0.0,0.0
P0,P0_derivative_amplitude_deciles,REGION_AGGREGATES_ALL,ds004504__EC,CN_vs_FTD,1,CN,FTD,5,9|9|5|5|9,9|9|9|3|9,7.4,7.8,0.4,0.18356937180466593,0.18356937180466593,0.3422222222222222,0.3422222222222222,11,0,0.0,1540,0,0.0,384,0,0.0,1620,0,0.0,408,0,0.0,0.0,0.0
P0,P0_derivative_amplitude_deciles,REGION_AGGREGATES_ALL,ds004504__EC,CN_vs_FTD,2,CN,FTD,5,9|9|5|5|5,9|5|9|9|5,6.6,7.4,0.8,0.04871794871794872,0.04871794871794872,0.12000000000000001,0.12000000000000001,3,0,0.0,1368,0,0.0,348,0,0.0,1536,0,0.0,388,0,0.0,0.0,0.0
P0,P0_derivative_amplitude_deciles,REGION_AGGREGATES_ALL,ds004504__EC,CN_vs_FTD,3,CN,FTD,5,9|9|5|3|5,9|3|9|9|9,6.2,7.8,1.6,0.0668997668997669,0.0668997668997669,0.18666666666666668,0.18666666666666668,4,0,0.0,1284,0,0.0,328,0,0.0,1626,0,0.0,402,0,0.0,0.0,0.0
P0,P0_derivative_amplitude_deciles,REGION_AGGREGATES_ALL,ds004504__EC,CN_vs_FTD,4,CN,FTD,5,5|9|5|9|9,9|5|3|5|9,7.4,6.2,-1.2,0.04253393665158371,0.04253393665158371,0.10222222222222223,0.10222222222222223,3,0,0.0,1544,0,0.0,380,0,0.0,1294,0,0.0,318,0,0.0,0.0,0.0
P0,P0_derivative_amplitude_deciles,REGION_AGGREGATES_ALL,ds004504__EC,CN_vs_FTD,5,CN,FTD,5,5|3|9|9|9,5|5|9|5|9,7.0,6.6,-0.4,0.09176470588235294,0.09176470588235294,0.18222222222222223,0.18222222222222223,5,0,0.0,1462,0,0.0,358,0,0.0,1376,0,0.0,340,0,0.0,0.0,0.0
P0,P0_derivative_amplitude_deciles,REGION_AGGREGATES_ALL,ds004504__EC,CN_vs_FTD,6,CN,FTD,5,9|5|9|3|9,9|9|9|9|9,7.0,9.0,2.0,0.06890756302521008,0.06890756302521008,0.1111111111111111,0.1111111111111111,5,0,0.0,1456,0,0.0,364,0,0.0,1872,0,0.0,468,0,0.0,0.0,0.0
P0,P0_derivative_amplitude_deciles,REGION_AGGREGATES_ALL,ds004504__EC,CN_vs_FTD,7,CN,FTD,5,1|5|3|3|9,9|9|1|9|3,4.2,6.2,2.0,0.033566433566433566,0.033566433566433566,0.10666666666666666,0.10666666666666666,2,0,0.0,882,0,0.0,210,0,0.0,1286,0,0.0,326,0,0.0,0.0,0.0
P0,P0_derivative_amplitude_deciles,REGION_AGGREGATES_ALL,ds004504__EC,CN_vs_FTD,8,CN,FTD,5,9|9|5|9|9,5|9|9|3|5,8.2,6.2,-2.0,0.14586080586080585,0.14586080586080585,0.3422222222222222,0.3422222222222222,9,0,0.0,1708,0,0.0,424,0,0.0,1284,0,0.0,328,0,0.0,0.0,0.0
P0,P0_derivative_amplitude_deciles,REGION_AGGREGATES_ALL,ds004504__EC,CN_vs_FTD,9,CN,FTD,5,9|9|9|9|9,9|5|9|3|5,9.0,6.2,-2.8,0.05176470588235294,0.05176470588235294,0.08888888888888888,0.08888888888888888,4,0,0.0,1872,0,0.0,468,0,0.0,1284,0,0.0,328,0,0.0,0.0,0.0
P0,P0_derivative_amplitude_deciles,REGION_AGGREGATES_ALL,ds004504__EC,CN_vs_FTD,10,CN,FTD,5,9|9|3|9|9,9|9|9|1|9,7.8,7.4,-0.4,0.16401245813010518,0.16401245813010518,0.28888888888888886,0.28888888888888886,11,0,0.0,1626,0,0.0,402,0,0.0,1536,0,0.0,388,0,0.0,0.0,0.0
P0,P0_derivative_amplitude_deciles,REGION_AGGREGATES_ALL,ds004504__EC,CN_vs_FTD,11,CN,FTD,5,9|9|3|5|9,5|5|5|9|3,7.0,5.4,-1.6,0.10326340326340326,0.10326340326340326,0.24,0.24,6,0,0.0,1458,0,0.0,362,0,0.0,1122,0,0.0,282,0,0.0,0.0,0.0
P0,P0_derivative_amplitude_deciles,REGION_AGGREGATES_ALL,ds004504__EC,CN_vs_FTD,12,CN,FTD,5,5|5|9|9|3,3|5|9|5|9,6.2,6.2,0.0,0.08722222222222223,0.08722222222222223,0.21777777777777776,0.21777777777777776,5,0,0.0,1286,0,0.0,326,0,0.0,1294,0,0.0,318,0,0.0,0.0,0.0
P0,P0_derivative_amplitude_deciles,REGION_AGGREGATES_ALL,ds004504__EC,CN_vs_FTD,13,CN,FTD,5,5|9|5|9|9,9|5|3|5|5,7.4,5.4,-2.0,0.0641025641025641,0.0641025641025641,0.16,0.16,4,0,0.0,1544,0,0.0,380,0,0.0,1122,0,0.0,282,0,0.0,0.0,0.0
P0,P0_derivative_amplitude_deciles,REGION_AGGREGATES_ALL,ds004504__EC,CN_vs_FTD,14,CN,FTD,5,9|9|3|9|9,5|3|3|9|9,7.8,5.8,-2.0,0.2540659340659341,0.2540659340659341,0.49333333333333335,0.49333333333333335,15,0,0.0,1626,0,0.0,402,0,0.0,1216,0,0.0,292,0,0.0,0.0,0.0
P0,P0_derivative_amplitude_deciles,REGION_AGGREGATES_ALL,ds004504__EC,CN_vs_FTD,15,CN,FTD,5,9|3|9|3|5,9|5|3|9|9,5.8,7.0,1.2,0.12523310023310022,0.12523310023310022,0.28444444444444444,0.28444444444444444,6,0,0.0,1202,0,0.0,306,0,0.0,1462,0,0.0,358,0,0.0,0.0,0.0
P0,P0_derivative_amplitude_deciles,REGION_AGGREGATES_ALL,ds004504__EC,CN_vs_FTD,16,CN,FTD,5,9|9|9|9|3,9|9|3|5|1,7.8,5.4,-2.4,0.08205128205128205,0.08205128205128205,0.24,0.24,2,0,0.0,1614,0,0.0,414,0,0.0,1114,0,0.0,290,0,0.0,0.0,0.0
P0,P0_derivative_amplitude_deciles,REGION_AGGREGATES_ALL,ds004504__EC,CN_vs_FTD,17,CN,FTD,5,9|5|9|5|3,9|1|3|5|5,6.2,4.6,-1.6,0.13661319073083777,0.13661319073083777,0.4222222222222222,0.4222222222222222,5,0,0.0,1282,0,0.0,330,0,0.0,958,0,0.0,238,0,0.0,0.0,0.0
P0,P0_derivative_amplitude_deciles,REGION_AGGREGATES_ALL,ds004504__EC,CN_vs_FTD,18,CN,FTD,5,9|9|5|5|9,3|3|5|1|3,7.4,3.0,-4.4,0.10222222222222223,0.10222222222222223,0.37333333333333335,0.37333333333333335,4,0,0.0,1540,0,0.0,384,0,0.0,622,0,0.0,158,0,0.0,0.0,0.0
P0,P0_derivative_amplitude_deciles,REGION_AGGREGATES_ALL,ds004504__EC,CN_vs_FTD,19,CN,FTD,5,5|9|9|5|3,5|9|5|9|1,6.2,5.8,-0.4,0.09474969474969475,0.09474969474969475,0.1688888888888889,0.1688888888888889,6,0,0.0,1282,0,0.0,330,0,0.0,1200,0,0.0,308,0,0.0,0.0,0.0
P0,P0_derivative_amplitude_deciles,REGION_AGGREGATES_ALL,ds004504__EC,CN_vs_FTD,20,CN,FTD,5,3|9|5|5|9,9|3|9|3|3,6.2,5.4,-0.8,0.11062271062271062,0.11062271062271062,0.30666666666666664,0.30666666666666664,5,0,0.0,1294,0,0.0,318,0,0.0,1116,0,0.0,288,0,0.0,0.0,0.0
P0,P0_derivative_amplitude_deciles,REGION_AGGREGATES_ALL,ds006036__EO_or_photomark,AD_FTD_vs_CN,1,CN,AD_FTD,5,9|9|5|9|9,1|5|9|5|3,8.2,4.6,-3.6,0.08871794871794872,0.08871794871794872,0.25333333333333335,0.25333333333333335,5,0,0.0,2888,0,0.0,720,0,0.0,1616,0,0.0,408,0,0.0,0.0,0.0
P0,P0_derivative_amplitude_deciles,REGION_AGGREGATES_ALL,ds006036__EO_or_photomark,AD_FTD_vs_CN,2,CN,AD_FTD,5,9|3|9|5|9,9|1|5|9|5,7.0,5.8,-1.2,0.058333333333333334,0.058333333333333334,0.12444444444444444,0.12444444444444444,4,0,0.0,2468,0,0.0,612,0,0.0,2040,0,0.0,512,0,0.0,0.0,0.0
P0,P0_derivative_amplitude_deciles,REGION_AGGREGATES_ALL,ds006036__EO_or_photomark,AD_FTD_vs_CN,3,CN,AD_FTD,5,3|9|3|3|3,9|9|9|3|3,4.2,6.6,2.4,0.10994652406417113,0.10994652406417113,0.28888888888888886,0.28888888888888886,5,0,0.0,1476,0,0.0,372,0,0.0,2316,0,0.0,588,0,0.0,0.0,0.0
P0,P0_derivative_amplitude_deciles,REGION_AGGREGATES_ALL,ds006036__EO_or_photomark,AD_FTD_vs_CN,4,CN,AD_FTD,5,3|5|9|9|5,1|9|5|9|9,6.2,6.6,0.4,0.15371794871794872,0.15371794871794872,0.3244444444444445,0.3244444444444445,9,0,0.0,2180,0,0.0,548,0,0.0,2328,0,0.0,576,0,0.0,0.0,0.0
P0,P0_derivative_amplitude_deciles,REGION_AGGREGATES_ALL,ds006036__EO_or_photomark,AD_FTD_vs_CN,5,CN,AD_FTD,5,5|9|9|9|3,1|9|5|3|1,7.0,3.8,-3.2,0.07532467532467532,0.07532467532467532,0.15555555555555556,0.15555555555555556,5,0,0.0,2456,0,0.0,624,0,0.0,1332,0,0.0,340,0,0.0,0.0,0.0
P0,P0_derivative_amplitude_deciles,REGION_AGGREGATES_ALL,ds006036__EO_or_photomark,AD_FTD_vs_CN,6,CN,AD_FTD,5,9|3|9|5|9,3|9|9|3|3,7.0,5.4,-1.6,0.11532467532467533,0.11532467532467533,0.28888888888888886,0.28888888888888886,7,0,0.0,2468,0,0.0,612,0,0.0,1896,0,0.0,480,0,0.0,0.0,0.0
P0,P0_derivative_amplitude_deciles,REGION_AGGREGATES_ALL,ds006036__EO_or_photomark,AD_FTD_vs_CN,7,CN,AD_FTD,5,3|9|9|9|5,9|9|3|9|9,7.0,7.8,0.8,0.12205128205128205,0.12205128205128205,0.30666666666666664,0.30666666666666664,7,0,0.0,2460,0,0.0,620,0,0.0,2748,0,0.0,684,0,0.0,0.0,0.0
P0,P0_derivative_amplitude_deciles,REGION_AGGREGATES_ALL,ds006036__EO_or_photomark,AD_FTD_vs_CN,8,CN,AD_FTD,5,5|5|9|3|5,9|5|9|9|9,5.4,8.2,2.8,0.12564102564102564,0.12564102564102564,0.23111111111111113,0.23111111111111113,8,0,0.0,1900,0,0.0,476,0,0.0,2888,0,0.0,720,0,0.0,0.0,0.0
P0,P0_derivative_amplitude_deciles,REGION_AGGREGATES_ALL,ds006036__EO_or_photomark,AD_FTD_vs_CN,9,CN,AD_FTD,5,9|5|5|9|9,5|5|3|5|9,7.4,5.4,-2.0,0.20871794871794871,0.20871794871794871,0.29777777777777775,0.29777777777777775,11,0,0.0,2608,0,0.0,648,0,0.0,1908,0,0.0,468,0,0.0,0.0,0.0
P0,P0_derivative_amplitude_deciles,REGION_AGGREGATES_ALL,ds006036__EO_or_photomark,AD_FTD_vs_CN,10,CN,AD_FTD,5,9|9|9|5|5,5|9|3|3|3,7.4,4.6,-2.8,0.13047619047619047,0.13047619047619047,0.27999999999999997,0.27999999999999997,7,0,0.0,2600,0,0.0,656,0,0.0,1616,0,0.0,408,0,0.0,0.0,0.0
P0,P0_derivative_amplitude_deciles,REGION_AGGREGATES_ALL,ds006036__EO_or_photomark,AD_FTD_vs_CN,11,CN,AD_FTD,5,9|9|9|3|3,9|9|5|3|9,6.6,7.0,0.4,0.18945054945054945,0.18945054945054945,0.37333333333333335,0.37333333333333335,12,0,0.0,2316,0,0.0,588,0,0.0,2468,0,0.0,612,0,0.0,0.0,0.0
P0,P0_derivative_amplitude_deciles,REGION_AGGREGATES_ALL,ds006036__EO_or_photomark,AD_FTD_vs_CN,12,CN,AD_FTD,5,9|9|9|5|5,9|3|9|5|9,7.4,7.0,-0.4,0.15373737373737373,0.15373737373737373,0.32,0.32,10,0,0.0,2600,8,0.003076923076923077,656,0,0.0,2468,0,0.0,612,0,0.0,0.0,-0.003076923076923077
P0,P0_derivative_amplitude_deciles,REGION_AGGREGATES_ALL,ds006036__EO_or_photomark,AD_FTD_vs_CN,13,CN,AD_FTD,5,3|9|3|9|5,5|9|5|9|9,5.8,7.4,1.6,0.1606227106227106,0.1606227106227106,0.3288888888888889,0.3288888888888889,8,0,0.0,2040,0,0.0,512,0,0.0,2608,0,0.0,648,0,0.0,0.0,0.0
P0,P0_derivative_amplitude_deciles,REGION_AGGREGATES_ALL,ds006036__EO_or_photomark,AD_FTD_vs_CN,14,CN,AD_FTD,5,3|5|9|5|5,3|9|9|3|9,5.4,6.6,1.2,0.07371794871794872,0.07371794871794872,0.16444444444444445,0.16444444444444445,5,0,0.0,1900,0,0.0,476,0,0.0,2328,0,0.0,576,0,0.0,0.0,0.0
P0,P0_derivative_amplitude_deciles,REGION_AGGREGATES_ALL,ds006036__EO_or_photomark,AD_FTD_vs_CN,15,CN,AD_FTD,5,3|9|9|9|9,5|9|3|9|9,7.8,7.0,-0.8,0.10533613445378151,0.10533613445378151,0.19999999999999998,0.19999999999999998,7,0,0.0,2748,0,0.0,684,0,0.0,2468,0,0.0,612,0,0.0,0.0,0.0
P0,P0_derivative_amplitude_deciles,REGION_AGGREGATES_ALL,ds006036__EO_or_photomark,AD_FTD_vs_CN,16,CN,AD_FTD,5,9|3|9|9|3,5|3|9|9|1,6.6,5.4,-1.2,0.15428571428571428,0.15428571428571428,0.24444444444444444,0.24444444444444444,9,0,0.0,2316,0,0.0,588,0,0.0,1892,0,0.0,484,0,0.0,0.0,0.0
P0,P0_derivative_amplitude_deciles,REGION_AGGREGATES_ALL,ds006036__EO_or_photomark,AD_FTD_vs_CN,17,CN,AD_FTD,5,5|9|9|9|9,9|5|9|3|5,8.2,6.2,-2.0,0.09151515151515152,0.09151515151515152,0.21333333333333332,0.21333333333333332,6,0,0.0,2888,0,0.0,720,0,0.0,2180,0,0.0,548,0,0.0,0.0,0.0
P0,P0_derivative_amplitude_deciles,REGION_AGGREGATES_ALL,ds006036__EO_or_photomark,AD_FTD_vs_CN,18,CN,AD_FTD,5,9|9|9|9|5,9|3|9|9|9,8.2,7.8,-0.4,0.11033113944878652,0.11033113944878652,0.24,0.24,8,0,0.0,2880,0,0.0,728,0,0.0,2748,0,0.0,684,0,0.0,0.0,0.0
P0,P0_derivative_amplitude_deciles,REGION_AGGREGATES_ALL,ds006036__EO_or_photomark,AD_FTD_vs_CN,19,CN,AD_FTD,5,9|3|9|9|5,5|5|9|9|5,7.0,6.6,-0.4,0.06714932126696833,0.06714932126696833,0.1288888888888889,0.1288888888888889,5,0,0.0,2460,0,0.0,620,0,0.0,2320,0,0.0,584,0,0.0,0.0,0.0
P0,P0_derivative_amplitude_deciles,REGION_AGGREGATES_ALL,ds006036__EO_or_photomark,AD_FTD_vs_CN,20,CN,AD_FTD,5,3|5|5|9|9,3|5|1|9|9,6.2,5.4,-0.8,0.10500000000000001,0.10500000000000001,0.17777777777777776,0.17777777777777776,6,0,0.0,2188,0,0.0,540,0,0.0,1908,0,0.0,468,0,0.0,0.0,0.0
P0,P0_derivative_amplitude_deciles,REGION_AGGREGATES_ALL,ds006036__EO_or_photomark,AD_vs_CN,1,CN,AD,5,9|1|9|3|9,5|9|3|1|3,6.2,4.2,-2.0,0.11272727272727273,0.11272727272727273,0.32,0.32,6,0,0.0,1612,0,0.0,403,0,0.0,1090,0,0.0,275,0,0.0,0.0,0.0
P0,P0_derivative_amplitude_deciles,REGION_AGGREGATES_ALL,ds006036__EO_or_photomark,AD_vs_CN,2,CN,AD,5,5|9|9|1|9,5|9|5|1|5,6.6,5.0,-1.6,0.20692307692307693,0.20692307692307693,0.35111111111111115,0.35111111111111115,11,0,0.0,1720,4,0.002325581395348837,425,2,0.004705882352941176,1300,0,0.0,325,0,0.0,-0.004705882352941176,-0.002325581395348837
P0,P0_derivative_amplitude_deciles,REGION_AGGREGATES_ALL,ds006036__EO_or_photomark,AD_vs_CN,3,CN,AD,5,9|3|9|9|5,5|9|9|1|5,7.0,5.8,-1.2,0.1204040404040404,0.1204040404040404,0.26666666666666666,0.26666666666666666,6,0,0.0,1816,0,0.0,459,0,0.0,1508,0,0.0,377,0,0.0,0.0,0.0
P0,P0_derivative_amplitude_deciles,REGION_AGGREGATES_ALL,ds006036__EO_or_photomark,AD_vs_CN,4,CN,AD,5,3|5|9|9|3,9|5|3|9|5,5.8,6.2,0.4,0.12175324675324675,0.12175324675324675,0.2577777777777778,0.2577777777777778,6,0,0.0,1508,0,0.0,377,0,0.0,1608,0,0.0,407,0,0.0,0.0,0.0
P0,P0_derivative_amplitude_deciles,REGION_AGGREGATES_ALL,ds006036__EO_or_photomark,AD_vs_CN,5,CN,AD,5,9|3|9|9|3,9|9|9|3|3,6.6,6.6,0.0,0.19384615384615386,0.19384615384615386,0.35555555555555557,0.35555555555555557,12,0,0.0,1710,0,0.0,435,0,0.0,1710,0,0.0,435,0,0.0,0.0,0.0
P0,P0_derivative_amplitude_deciles,REGION_AGGREGATES_ALL,ds006036__EO_or_photomark,AD_vs_CN,6,CN,AD,5,3|9|9|9|9,3|5|1|3|5,7.8,3.4,-4.4,0.08912198912198913,0.08912198912198913,0.38666666666666666,0.38666666666666666,5,0,0.0,2034,0,0.0,501,0,0.0,886,0,0.0,219,0,0.0,0.0,0.0
P0,P0_derivative_amplitude_deciles,REGION_AGGREGATES_ALL,ds006036__EO_or_photomark,AD_vs_CN,7,CN,AD,5,9|9|3|5|5,5|9|3|3|5,6.2,5.0,-1.2,0.2318181818181818,0.2318181818181818,0.35555555555555557,0.35555555555555557,12,0,0.0,1608,0,0.0,407,0,0.0,1300,0,0.0,325,0,0.0,0.0,0.0
P0,P0_derivative_amplitude_deciles,REGION_AGGREGATES_ALL,ds006036__EO_or_photomark,AD_vs_CN,8,CN,AD,5,1|3|5|1|9,1|9|3|5|5,3.8,4.6,0.8,0.046753246753246755,0.046753246753246755,0.13333333333333333,0.13333333333333333,2,0,0.0,996,2,0.002008032128514056,239,4,0.016736401673640166,1200,0,0.0,295,0,0.0,-0.016736401673640166,-0.002008032128514056
P0,P0_derivative_amplitude_deciles,REGION_AGGREGATES_ALL,ds006036__EO_or_photomark,AD_vs_CN,9,CN,AD,5,3|5|9|9|9,3|5|5|1|3,7.0,3.4,-3.6,0.037606837606837605,0.037606837606837605,0.08,0.08,2,0,0.0,1826,0,0.0,449,0,0.0,884,0,0.0,221,0,0.0,0.0,0.0
P0,P0_derivative_amplitude_deciles,REGION_AGGREGATES_ALL,ds006036__EO_or_photomark,AD_vs_CN,10,CN,AD,5,9|9|9|9|9,9|9|3|3|9,9.0,6.6,-2.4,0.13714285714285715,0.13714285714285715,0.28888888888888886,0.28888888888888886,9,0,0.0,2340,0,0.0,585,0,0.0,1716,0,0.0,429,0,0.0,0.0,0.0
P0,P0_derivative_amplitude_deciles,REGION_AGGREGATES_ALL,ds006036__EO_or_photomark,AD_vs_CN,11,CN,AD,5,9|5|3|5|5,3|9|1|9|5,5.4,5.4,0.0,0.08076923076923077,0.08076923076923077,0.16,0.16,4,0,0.0,1400,0,0.0,355,0,0.0,1406,0,0.0,349,0,0.0,0.0,0.0
P0,P0_derivative_amplitude_deciles,REGION_AGGREGATES_ALL,ds006036__EO_or_photomark,AD_vs_CN,12,CN,AD,5,5|3|3|3|5,9|5|5|9|9,3.8,7.4,3.6,0.15786435786435787,0.15786435786435787,0.3333333333333333,0.3333333333333333,7,0,0.0,988,0,0.0,247,0,0.0,1924,0,0.0,481,0,0.0,0.0,0.0
P0,P0_derivative_amplitude_deciles,REGION_AGGREGATES_ALL,ds006036__EO_or_photomark,AD_vs_CN,13,CN,AD,5,3|3|1|3|3,3|9|9|9|9,2.6,7.8,5.2,0.0404040404040404,0.0404040404040404,0.26666666666666666,0.26666666666666666,2,0,0.0,676,0,0.0,169,0,0.0,2034,0,0.0,501,0,0.0,0.0,0.0
P0,P0_derivative_amplitude_deciles,REGION_AGGREGATES_ALL,ds006036__EO_or_photomark,AD_vs_CN,14,CN,AD,5,3|9|3|3|1,3|9|3|5|1,3.8,4.2,0.4,0.12571428571428572,0.12571428571428572,0.2222222222222222,0.2222222222222222,6,0,0.0,986,0,0.0,249,0,0.0,1090,0,0.0,275,0,0.0,0.0,0.0
P0,P0_derivative_amplitude_deciles,REGION_AGGREGATES_ALL,ds006036__EO_or_photomark,AD_vs_CN,15,CN,AD,5,3|9|9|1|9,9|9|5|9|3,6.2,7.0,0.8,0.1073202614379085,0.1073202614379085,0.43555555555555553,0.43555555555555553,6,0,0.0,1618,0,0.0,397,0,0.0,1814,0,0.0,461,0,0.0,0.0,0.0
P0,P0_derivative_amplitude_deciles,REGION_AGGREGATES_ALL,ds006036__EO_or_photomark,AD_vs_CN,16,CN,AD,5,9|1|5|9|3,1|3|5|9|9,5.4,5.4,0.0,0.10262626262626262,0.10262626262626262,0.37333333333333335,0.37333333333333335,6,0,0.0,1398,0,0.0,357,0,0.0,1412,0,0.0,343,0,0.0,0.0,0.0
P0,P0_derivative_amplitude_deciles,REGION_AGGREGATES_ALL,ds006036__EO_or_photomark,AD_vs_CN,17,CN,AD,5,9|3|1|9|3,3|9|9|3|3,5.0,5.4,0.4,0.0404040404040404,0.0404040404040404,0.26666666666666666,0.26666666666666666,2,0,0.0,1294,0,0.0,331,0,0.0,1404,0,0.0,351,0,0.0,0.0,0.0
P0,P0_derivative_amplitude_deciles,REGION_AGGREGATES_ALL,ds006036__EO_or_photomark,AD_vs_CN,18,CN,AD,5,9|1|1|9|9,5|3|5|9|9,5.8,6.2,0.4,0.08038461538461539,0.08038461538461539,0.1511111111111111,0.1511111111111111,6,0,0.0,1508,0,0.0,377,0,0.0,1616,0,0.0,399,0,0.0,0.0,0.0
P0,P0_derivative_amplitude_deciles,REGION_AGGREGATES_ALL,ds006036__EO_or_photomark,AD_vs_CN,19,CN,AD,5,3|3|5|9|5,3|3|9|5|3,5.0,4.6,-0.4,0.15454545454545454,0.15454545454545454,0.3333333333333333,0.3333333333333333,7,0,0.0,1302,0,0.0,323,0,0.0,1196,0,0.0,299,0,0.0,0.0,0.0
P0,P0_derivative_amplitude_deciles,REGION_AGGREGATES_ALL,ds006036__EO_or_photomark,AD_vs_CN,20,CN,AD,5,9|3|9|3|9,9|5|9|3|5,6.6,6.2,-0.4,0.15059254471019176,0.15059254471019176,0.28,0.28,9,0,0.0,1716,0,0.0,429,0,0.0,1608,0,0.0,407,0,0.0,0.0,0.0
P0,P0_derivative_amplitude_deciles,REGION_AGGREGATES_ALL,ds006036__EO_or_photomark,AD_vs_FTD,1,FTD,AD,5,9|9|9|3|9,9|9|5|5|5,7.8,6.6,-1.2,0.027149321266968326,0.027149321266968326,0.06222222222222222,0.06222222222222222,2,0,0.0,1836,4,0.002178649237472767,465,0,0.0,1552,0,0.0,395,0,0.0,0.0,-0.002178649237472767
P0,P0_derivative_amplitude_deciles,REGION_AGGREGATES_ALL,ds006036__EO_or_photomark,AD_vs_FTD,2,FTD,AD,5,9|9|9|9|9,9|9|5|5|3,9.0,6.2,-2.8,0.027149321266968326,0.027149321266968326,0.06222222222222222,0.06222222222222222,2,0,0.0,2124,9,0.00423728813559322,531,1,0.0018832391713747645,1456,0,0.0,373,0,0.0,-0.0018832391713747645,-0.00423728813559322
P0,P0_derivative_amplitude_deciles,REGION_AGGREGATES_ALL,ds006036__EO_or_photomark,AD_vs_FTD,3,FTD,AD,5,9|9|9|5|5,9|5|5|9|9,7.4,7.4,0.0,0.06048265460030166,0.06048265460030166,0.14222222222222222,0.14222222222222222,4,0,0.0,1740,2,0.0011494252873563218,443,0,0.0,1748,0,0.0,435,0,0.0,0.0,-0.0011494252873563218
P0,P0_derivative_amplitude_deciles,REGION_AGGREGATES_ALL,ds006036__EO_or_photomark,AD_vs_FTD,4,FTD,AD,5,9|9|5|9|5,9|9|9|9|5,7.4,8.2,0.8,0.023529411764705882,0.023529411764705882,0.04444444444444444,0.04444444444444444,2,0,0.0,1744,12,0.006880733944954129,439,4,0.009111617312072893,1932,0,0.0,487,0,0.0,-0.009111617312072893,-0.006880733944954129
P0,P0_derivative_amplitude_deciles,REGION_AGGREGATES_ALL,ds006036__EO_or_photomark,AD_vs_FTD,5,FTD,AD,5,9|9|9|5|5,3|9|5|9|9,7.4,7.0,-0.4,0.0668997668997669,0.0668997668997669,0.18666666666666668,0.18666666666666668,4,0,0.0,1740,0,0.0,443,0,0.0,1660,0,0.0,405,0,0.0,0.0,0.0
P0,P0_derivative_amplitude_deciles,REGION_AGGREGATES_ALL,ds006036__EO_or_photomark,AD_vs_FTD,6,FTD,AD,5,5|9|3|3|5,9|9|9|9|9,5.0,9.0,4.0,0.04895104895104895,0.04895104895104895,0.14666666666666667,0.14666666666666667,3,0,0.0,1178,0,0.0,297,0,0.0,2124,0,0.0,531,0,0.0,0.0,0.0
P0,P0_derivative_amplitude_deciles,REGION_AGGREGATES_ALL,ds006036__EO_or_photomark,AD_vs_FTD,7,FTD,AD,5,9|9|9|5|1,9|5|3|9|9,6.6,7.0,0.4,0.011764705882352941,0.011764705882352941,0.02222222222222222,0.02222222222222222,1,0,0.0,1548,16,0.0103359173126615,399,2,0.005012531328320802,1654,0,0.0,411,0,0.0,-0.005012531328320802,-0.0103359173126615
P0,P0_derivative_amplitude_deciles,REGION_AGGREGATES_ALL,ds006036__EO_or_photomark,AD_vs_FTD,8,FTD,AD,5,5|5|5|5|9,9|9|3|9|9,5.8,7.8,2.0,0.015384615384615385,0.015384615384615385,0.04,0.04,1,0,0.0,1372,0,0.0,339,0,0.0,1842,0,0.0,459,0,0.0,0.0,0.0
P0,P0_derivative_amplitude_deciles,REGION_AGGREGATES_ALL,ds006036__EO_or_photomark,AD_vs_FTD,9,FTD,AD,5,9|5|9|9|9,3|9|5|9|9,8.2,7.0,-1.2,0.011764705882352941,0.011764705882352941,0.02222222222222222,0.02222222222222222,1,0,0.0,1936,12,0.006198347107438017,483,4,0.008281573498964804,1660,0,0.0,405,0,0.0,-0.008281573498964804,-0.006198347107438017
P0,P0_derivative_amplitude_deciles,REGION_AGGREGATES_ALL,ds006036__EO_or_photomark,AD_vs_FTD,10,FTD,AD,5,9|9|9|5|5,5|9|9|3|9,7.4,7.0,-0.4,0.011764705882352941,0.011764705882352941,0.02222222222222222,0.02222222222222222,1,0,0.0,1740,0,0.0,443,0,0.0,1652,0,0.0,413,0,0.0,0.0,0.0
P0,P0_derivative_amplitude_deciles,REGION_AGGREGATES_ALL,ds006036__EO_or_photomark,AD_vs_FTD,11,FTD,AD,5,9|9|9|9|9,9|9|9|9|9,9.0,9.0,0.0,0.023529411764705882,0.023529411764705882,0.04444444444444444,0.04444444444444444,2,0,0.0,2124,6,0.002824858757062147,531,0,0.0,2124,0,0.0,531,0,0.0,0.0,-0.002824858757062147
P0,P0_derivative_amplitude_deciles,REGION_AGGREGATES_ALL,ds006036__EO_or_photomark,AD_vs_FTD,12,FTD,AD,5,9|9|5|9|5,5|9|5|9|9,7.4,7.4,0.0,0.05299145299145299,0.05299145299145299,0.12000000000000001,0.12000000000000001,3,0,0.0,1744,2,0.0011467889908256881,439,0,0.0,1752,0,0.0,431,0,0.0,0.0,-0.0011467889908256881
P0,P0_derivative_amplitude_deciles,REGION_AGGREGATES_ALL,ds006036__EO_or_photomark,AD_vs_FTD,13,FTD,AD,5,3|3|5|9|9,9|5|5|9|3,5.8,6.2,0.4,0.029946524064171122,0.029946524064171122,0.08888888888888888,0.08888888888888888,2,0,0.0,1378,3,0.0021770682148040637,333,3,0.009009009009009009,1460,0,0.0,369,0,0.0,-0.009009009009009009,-0.0021770682148040637
P0,P0_derivative_amplitude_deciles,REGION_AGGREGATES_ALL,ds006036__EO_or_photomark,AD_vs_FTD,14,FTD,AD,5,9|5|5|9|3,9|9|5|9|9,6.2,8.2,2.0,0.02222222222222222,0.02222222222222222,0.04,0.04,1,0,0.0,1460,0,0.0,369,1,0.0027100271002710027,1936,0,0.0,483,0,0.0,-0.0027100271002710027,0.0
P0,P0_derivative_amplitude_deciles,REGION_AGGREGATES_ALL,ds006036__EO_or_photomark,AD_vs_FTD,15,FTD,AD,5,9|9|5|9|5,9|5|9|9|9,7.4,8.2,0.8,0.011764705882352941,0.011764705882352941,0.02222222222222222,0.02222222222222222,1,0,0.0,1744,2,0.0011467889908256881,439,2,0.004555808656036446,1936,0,0.0,483,0,0.0,-0.004555808656036446,-0.0011467889908256881
P0,P0_derivative_amplitude_deciles,REGION_AGGREGATES_ALL,ds006036__EO_or_photomark,AD_vs_FTD,16,FTD,AD,5,9|3|5|9|9,9|3|5|9|3,7.0,5.8,-1.2,0.03398692810457516,0.03398692810457516,0.06222222222222222,0.06222222222222222,2,0,0.0,1654,3,0.0018137847642079807,411,1,0.0024330900243309003,1366,0,0.0,345,0,0.0,-0.0024330900243309003,-0.0018137847642079807
P0,P0_derivative_amplitude_deciles,REGION_AGGREGATES_ALL,ds006036__EO_or_photomark,AD_vs_FTD,17,FTD,AD,5,3|9|3|5|3,5|9|5|9|5,4.6,6.6,2.0,0.04,0.04,0.06666666666666667,0.06666666666666667,3,0,0.0,1086,12,0.011049723756906077,271,4,0.014760147601476014,1560,0,0.0,387,0,0.0,-0.014760147601476014,-0.011049723756906077
P0,P0_derivative_amplitude_deciles,REGION_AGGREGATES_ALL,ds006036__EO_or_photomark,AD_vs_FTD,18,FTD,AD,5,5|5|9|5|5,9|3|9|9|9,5.8,7.8,2.0,0.03076923076923077,0.03076923076923077,0.08,0.08,2,0,0.0,1368,0,0.0,343,0,0.0,1842,0,0.0,459,0,0.0,0.0,0.0
P0,P0_derivative_amplitude_deciles,REGION_AGGREGATES_ALL,ds006036__EO_or_photomark,AD_vs_FTD,19,FTD,AD,5,9|5|5|9|9,5|5|9|9|5,7.4,6.6,-0.8,0.04871794871794872,0.04871794871794872,0.12000000000000001,0.12000000000000001,3,0,0.0,1748,0,0.0,435,0,0.0,1560,0,0.0,387,0,0.0,0.0,0.0
P0,P0_derivative_amplitude_deciles,REGION_AGGREGATES_ALL,ds006036__EO_or_photomark,AD_vs_FTD,20,FTD,AD,5,3|9|9|9|5,9|3|9|9|9,7.0,7.8,0.8,0.027149321266968326,0.027149321266968326,0.06222222222222222,0.06222222222222222,2,0,0.0,1656,0,0.0,409,0,0.0,1842,0,0.0,459,0,0.0,0.0,0.0
P0,P0_derivative_amplitude_deciles,REGION_AGGREGATES_ALL,ds006036__EO_or_photomark,CN_vs_FTD,1,CN,FTD,5,5|5|5|9|9,9|3|9|5|5,6.6,6.2,-0.4,0.03076923076923077,0.03076923076923077,0.08,0.08,2,0,0.0,1380,0,0.0,336,0,0.0,1286,0,0.0,326,0,0.0,0.0,0.0
P0,P0_derivative_amplitude_deciles,REGION_AGGREGATES_ALL,ds006036__EO_or_photomark,CN_vs_FTD,2,CN,FTD,5,9|9|5|9|9,3|5|9|5|5,8.2,5.4,-2.8,0.01818181818181818,0.01818181818181818,0.06666666666666667,0.06666666666666667,1,0,0.0,1708,0,0.0,424,0,0.0,1122,0,0.0,282,0,0.0,0.0,0.0
P0,P0_derivative_amplitude_deciles,REGION_AGGREGATES_ALL,ds006036__EO_or_photomark,CN_vs_FTD,3,CN,FTD,5,9|5|9|5|5,9|9|3|9|1,6.6,6.2,-0.4,0.03333333333333333,0.03333333333333333,0.08,0.08,2,0,0.0,1368,0,0.0,348,0,0.0,1282,0,0.0,330,0,0.0,0.0,0.0
P0,P0_derivative_amplitude_deciles,REGION_AGGREGATES_ALL,ds006036__EO_or_photomark,CN_vs_FTD,4,CN,FTD,5,9|9|5|9|9,9|5|9|5|5,8.2,6.6,-1.6,0.08,0.08,0.16,0.16,4,0,0.0,1708,0,0.0,424,0,0.0,1368,0,0.0,348,0,0.0,0.0,0.0
P0,P0_derivative_amplitude_deciles,REGION_AGGREGATES_ALL,ds006036__EO_or_photomark,CN_vs_FTD,5,CN,FTD,5,9|5|5|9|3,5|9|9|9|5,6.2,7.4,1.2,0.1462121212121212,0.1462121212121212,0.29777777777777775,0.29777777777777775,7,0,0.0,1286,0,0.0,326,0,0.0,1536,0,0.0,388,0,0.0,0.0,0.0
P0,P0_derivative_amplitude_deciles,REGION_AGGREGATES_ALL,ds006036__EO_or_photomark,CN_vs_FTD,6,CN,FTD,5,5|5|3|9|9,9|9|9|5|3,6.2,7.0,0.8,0.06666666666666667,0.06666666666666667,0.16,0.16,4,0,0.0,1298,0,0.0,314,0,0.0,1446,0,0.0,374,0,0.0,0.0,0.0
P0,P0_derivative_amplitude_deciles,REGION_AGGREGATES_ALL,ds006036__EO_or_photomark,CN_vs_FTD,7,CN,FTD,5,3|9|9|5|9,9|9|9|5|3,7.0,7.0,0.0,0.06818181818181818,0.06818181818181818,0.15555555555555556,0.15555555555555556,5,0,0.0,1458,0,0.0,362,0,0.0,1446,0,0.0,374,0,0.0,0.0,0.0
P0,P0_derivative_amplitude_deciles,REGION_AGGREGATES_ALL,ds006036__EO_or_photomark,CN_vs_FTD,8,CN,FTD,5,1|9|9|9|5,5|5|9|9|5,6.6,6.6,0.0,0.04,0.04,0.06666666666666667,0.06666666666666667,3,0,0.0,1372,0,0.0,344,0,0.0,1372,0,0.0,344,0,0.0,0.0,0.0
P0,P0_derivative_amplitude_deciles,REGION_AGGREGATES_ALL,ds006036__EO_or_photomark,CN_vs_FTD,9,CN,FTD,5,9|9|5|5|9,9|9|3|9|9,7.4,7.8,0.4,0.11071428571428571,0.11071428571428571,0.19999999999999998,0.19999999999999998,7,0,0.0,1540,0,0.0,384,0,0.0,1626,0,0.0,402,0,0.0,0.0,0.0
P0,P0_derivative_amplitude_deciles,REGION_AGGREGATES_ALL,ds006036__EO_or_photomark,CN_vs_FTD,10,CN,FTD,5,5|5|5|9|9,9|9|9|5|3,6.6,7.0,0.4,0.0641025641025641,0.0641025641025641,0.16,0.16,4,0,0.0,1380,0,0.0,336,0,0.0,1446,0,0.0,374,0,0.0,0.0,0.0
P0,P0_derivative_amplitude_deciles,REGION_AGGREGATES_ALL,ds006036__EO_or_photomark,CN_vs_FTD,11,CN,FTD,5,9|9|5|3|3,9|3|5|9|5,5.8,6.2,0.4,0.01818181818181818,0.01818181818181818,0.06666666666666667,0.06666666666666667,1,0,0.0,1198,0,0.0,310,0,0.0,1290,0,0.0,322,0,0.0,0.0,0.0
P0,P0_derivative_amplitude_deciles,REGION_AGGREGATES_ALL,ds006036__EO_or_photomark,CN_vs_FTD,12,CN,FTD,5,3|9|9|9|9,5|9|3|5|5,7.8,5.4,-2.4,0.14836144247908953,0.14836144247908953,0.31555555555555553,0.31555555555555553,7,0,0.0,1626,0,0.0,402,0,0.0,1122,0,0.0,282,0,0.0,0.0,0.0
P0,P0_derivative_amplitude_deciles,REGION_AGGREGATES_ALL,ds006036__EO_or_photomark,CN_vs_FTD,13,CN,FTD,5,3|5|9|9|3,5|3|3|3|1,5.8,3.0,-2.8,0.03636363636363636,0.03636363636363636,0.13333333333333333,0.13333333333333333,2,0,0.0,1204,0,0.0,304,0,0.0,620,0,0.0,160,0,0.0,0.0,0.0
P0,P0_derivative_amplitude_deciles,REGION_AGGREGATES_ALL,ds006036__EO_or_photomark,CN_vs_FTD,14,CN,FTD,5,3|5|9|5|9,1|9|9|3|9,6.2,6.2,0.0,0.06895604395604396,0.06895604395604396,0.1511111111111111,0.1511111111111111,4,0,0.0,1294,0,0.0,318,0,0.0,1292,0,0.0,320,0,0.0,0.0,0.0
P0,P0_derivative_amplitude_deciles,REGION_AGGREGATES_ALL,ds006036__EO_or_photomark,CN_vs_FTD,15,CN,FTD,5,9|5|1|5|5,3|9|5|3|3,5.0,4.6,-0.4,0.0,0.0,0.0,0.0,0,0,,1040,0,0.0,260,0,0.0,952,0,0.0,244,0,0.0,0.0,0.0
P0,P0_derivative_amplitude_deciles,REGION_AGGREGATES_ALL,ds006036__EO_or_photomark,CN_vs_FTD,16,CN,FTD,5,5|3|9|9|9,9|5|9|9|3,7.0,7.0,0.0,0.10500000000000001,0.10500000000000001,0.24444444444444444,0.24444444444444444,7,0,0.0,1462,0,0.0,358,0,0.0,1450,0,0.0,370,0,0.0,0.0,0.0
P0,P0_derivative_amplitude_deciles,REGION_AGGREGATES_ALL,ds006036__EO_or_photomark,CN_vs_FTD,17,CN,FTD,5,3|5|3|9|9,9|5|9|3|9,5.8,7.0,1.2,0.01818181818181818,0.01818181818181818,0.06666666666666667,0.06666666666666667,1,0,0.0,1216,0,0.0,292,0,0.0,1456,0,0.0,364,0,0.0,0.0,0.0
P0,P0_derivative_amplitude_deciles,REGION_AGGREGATES_ALL,ds006036__EO_or_photomark,CN_vs_FTD,18,CN,FTD,5,9|3|9|3|9,5|5|9|5|3,6.6,5.4,-1.2,0.02857142857142857,0.02857142857142857,0.06666666666666667,0.06666666666666667,1,0,0.0,1374,0,0.0,342,0,0.0,1118,0,0.0,286,0,0.0,0.0,0.0
P0,P0_derivative_amplitude_deciles,REGION_AGGREGATES_ALL,ds006036__EO_or_photomark,CN_vs_FTD,19,CN,FTD,5,9|5|9|3|9,9|5|9|3|9,7.0,7.0,0.0,0.10890756302521008,0.10890756302521008,0.17777777777777776,0.17777777777777776,6,0,0.0,1456,0,0.0,364,0,0.0,1456,0,0.0,364,0,0.0,0.0,0.0
P0,P0_derivative_amplitude_deciles,REGION_AGGREGATES_ALL,ds006036__EO_or_photomark,CN_vs_FTD,20,CN,FTD,5,3|9|9|3|9,9|9|5|5|9,6.6,7.4,0.8,0.10023310023310023,0.10023310023310023,0.24,0.24,4,0,0.0,1374,0,0.0,342,0,0.0,1540,0,0.0,384,0,0.0,0.0,0.0
P1,P1_psd_bandpower_from_derivatives,PSD_ABSOLUTE_CHANNEL_BAND,ds004504__EC,AD_FTD_vs_CN,1,CN,AD_FTD,5,9|5|5|9|9,3|9|9|9|9,7.4,7.8,0.4,0.10949197860962566,0.10949197860962566,0.2533333333333333,0.2533333333333333,7,0,0.0,2608,0,0.0,648,0,0.0,2748,0,0.0,684,0,0.0,0.0,0.0
P1,P1_psd_bandpower_from_derivatives,PSD_ABSOLUTE_CHANNEL_BAND,ds004504__EC,AD_FTD_vs_CN,2,CN,AD_FTD,5,9|9|9|9|9,5|9|9|9|9,9.0,8.2,-0.8,0.03676470588235294,0.03676470588235294,0.06666666666666667,0.06666666666666667,3,0,0.0,3168,0,0.0,792,0,0.0,2888,0,0.0,720,0,0.0,0.0,0.0
P1,P1_psd_bandpower_from_derivatives,PSD_ABSOLUTE_CHANNEL_BAND,ds004504__EC,AD_FTD_vs_CN,3,CN,AD_FTD,5,9|5|5|9|9,9|5|9|5|5,7.4,6.6,-0.8,0.16843434343434344,0.16843434343434344,0.36444444444444446,0.36444444444444446,10,0,0.0,2608,0,0.0,648,0,0.0,2320,0,0.0,584,0,0.0,0.0,0.0
P1,P1_psd_bandpower_from_derivatives,PSD_ABSOLUTE_CHANNEL_BAND,ds004504__EC,AD_FTD_vs_CN,4,CN,AD_FTD,5,9|9|9|3|9,9|9|5|9|9,7.8,8.2,0.4,0.06391402714932126,0.06391402714932126,0.1288888888888889,0.1288888888888889,5,0,0.0,2748,0,0.0,684,0,0.0,2888,0,0.0,720,0,0.0,0.0,0.0
P1,P1_psd_bandpower_from_derivatives,PSD_ABSOLUTE_CHANNEL_BAND,ds004504__EC,AD_FTD_vs_CN,5,CN,AD_FTD,5,5|9|9|9|9,3|5|9|5|3,8.2,5.0,-3.2,0.015384615384615385,0.015384615384615385,0.04,0.04,1,0,0.0,2888,0,0.0,720,0,0.0,1756,0,0.0,444,0,0.0,0.0,0.0
P1,P1_psd_bandpower_from_derivatives,PSD_ABSOLUTE_CHANNEL_BAND,ds004504__EC,AD_FTD_vs_CN,6,CN,AD_FTD,5,9|9|9|9|9,9|9|9|9|3,9.0,7.8,-1.2,0.053475935828877004,0.053475935828877004,0.13333333333333333,0.13333333333333333,4,0,0.0,3168,0,0.0,792,0,0.0,2736,0,0.0,696,0,0.0,0.0,0.0
P1,P1_psd_bandpower_from_derivatives,PSD_ABSOLUTE_CHANNEL_BAND,ds004504__EC,AD_FTD_vs_CN,7,CN,AD_FTD,5,9|9|9|9|9,9|5|3|9|9,9.0,7.0,-2.0,0.023529411764705882,0.023529411764705882,0.04444444444444444,0.04444444444444444,2,0,0.0,3168,0,0.0,792,0,0.0,2468,0,0.0,612,0,0.0,0.0,0.0
P1,P1_psd_bandpower_from_derivatives,PSD_ABSOLUTE_CHANNEL_BAND,ds004504__EC,AD_FTD_vs_CN,8,CN,AD_FTD,5,9|9|5|9|9,9|5|3|9|9,8.2,7.0,-1.2,0.07676470588235294,0.07676470588235294,0.13333333333333333,0.13333333333333333,6,0,0.0,2888,0,0.0,720,0,0.0,2468,0,0.0,612,0,0.0,0.0,0.0
P1,P1_psd_bandpower_from_derivatives,PSD_ABSOLUTE_CHANNEL_BAND,ds004504__EC,AD_FTD_vs_CN,9,CN,AD_FTD,5,9|9|9|9|5,5|9|5|9|9,8.2,7.4,-0.8,0.08169477581242286,0.08169477581242286,0.18222222222222223,0.18222222222222223,5,0,0.0,2880,0,0.0,728,0,0.0,2608,0,0.0,648,0,0.0,0.0,0.0
P1,P1_psd_bandpower_from_derivatives,PSD_ABSOLUTE_CHANNEL_BAND,ds004504__EC,AD_FTD_vs_CN,10,CN,AD_FTD,5,9|9|9|5|9,9|9|9|9|9,8.2,9.0,0.8,0.04852941176470588,0.04852941176470588,0.08888888888888888,0.08888888888888888,4,0,0.0,2888,0,0.0,720,0,0.0,3168,0,0.0,792,0,0.0,0.0,0.0
P1,P1_psd_bandpower_from_derivatives,PSD_ABSOLUTE_CHANNEL_BAND,ds004504__EC,AD_FTD_vs_CN,11,CN,AD_FTD,5,9|9|9|9|9,9|9|9|9|9,9.0,9.0,0.0,0.011764705882352941,0.011764705882352941,0.02222222222222222,0.02222222222222222,1,0,0.0,3168,0,0.0,792,0,0.0,3168,0,0.0,792,0,0.0,0.0,0.0
P1,P1_psd_bandpower_from_derivatives,PSD_ABSOLUTE_CHANNEL_BAND,ds004504__EC,AD_FTD_vs_CN,12,CN,AD_FTD,5,9|9|5|3|9,5|9|3|9|9,7.0,7.0,0.0,0.15306340718105424,0.15306340718105424,0.3422222222222222,0.3422222222222222,9,0,0.0,2468,0,0.0,612,0,0.0,2468,0,0.0,612,0,0.0,0.0,0.0
P1,P1_psd_bandpower_from_derivatives,PSD_ABSOLUTE_CHANNEL_BAND,ds004504__EC,AD_FTD_vs_CN,13,CN,AD_FTD,5,9|9|9|9|9,3|9|9|9|9,9.0,7.8,-1.2,0.09494652406417113,0.09494652406417113,0.19999999999999998,0.19999999999999998,7,0,0.0,3168,0,0.0,792,0,0.0,2748,0,0.0,684,0,0.0,0.0,0.0
P1,P1_psd_bandpower_from_derivatives,PSD_ABSOLUTE_CHANNEL_BAND,ds004504__EC,AD_FTD_vs_CN,14,CN,AD_FTD,5,5|9|9|9|9,9|5|3|9|9,8.2,7.0,-1.2,0.056862745098039215,0.056862745098039215,0.12444444444444444,0.12444444444444444,4,0,0.0,2888,0,0.0,720,0,0.0,2468,0,0.0,612,0,0.0,0.0,0.0
P1,P1_psd_bandpower_from_derivatives,PSD_ABSOLUTE_CHANNEL_BAND,ds004504__EC,AD_FTD_vs_CN,15,CN,AD_FTD,5,9|5|9|9|9,9|9|9|9|5,8.2,8.2,0.0,0.09038461538461538,0.09038461538461538,0.17333333333333334,0.17333333333333334,7,0,0.0,2888,0,0.0,720,0,0.0,2880,0,0.0,728,0,0.0,0.0,0.0
P1,P1_psd_bandpower_from_derivatives,PSD_ABSOLUTE_CHANNEL_BAND,ds004504__EC,AD_FTD_vs_CN,16,CN,AD_FTD,5,9|5|9|9|9,5|9|9|9|9,8.2,8.2,0.0,0.07676470588235294,0.07676470588235294,0.13333333333333333,0.13333333333333333,6,0,0.0,2888,0,0.0,720,0,0.0,2888,0,0.0,720,0,0.0,0.0,0.0
P1,P1_psd_bandpower_from_derivatives,PSD_ABSOLUTE_CHANNEL_BAND,ds004504__EC,AD_FTD_vs_CN,17,CN,AD_FTD,5,9|5|9|5|9,9|9|9|9|9,7.4,9.0,1.6,0.04852941176470588,0.04852941176470588,0.08888888888888888,0.08888888888888888,4,0,0.0,2608,0,0.0,648,0,0.0,3168,0,0.0,792,0,0.0,0.0,0.0
P1,P1_psd_bandpower_from_derivatives,PSD_ABSOLUTE_CHANNEL_BAND,ds004504__EC,AD_FTD_vs_CN,18,CN,AD_FTD,5,9|3|9|9|9,9|9|5|9|9,7.8,8.2,0.4,0.05067873303167421,0.05067873303167421,0.10666666666666666,0.10666666666666666,4,0,0.0,2748,0,0.0,684,0,0.0,2888,0,0.0,720,0,0.0,0.0,0.0
P1,P1_psd_bandpower_from_derivatives,PSD_ABSOLUTE_CHANNEL_BAND,ds004504__EC,AD_FTD_vs_CN,19,CN,AD_FTD,5,9|9|9|9|9,9|9|5|9|9,9.0,8.2,-0.8,0.06391402714932126,0.06391402714932126,0.1288888888888889,0.1288888888888889,5,0,0.0,3168,0,0.0,792,0,0.0,2888,0,0.0,720,0,0.0,0.0,0.0
P1,P1_psd_bandpower_from_derivatives,PSD_ABSOLUTE_CHANNEL_BAND,ds004504__EC,AD_FTD_vs_CN,20,CN,AD_FTD,5,9|9|9|9|9,9|5|9|9|9,9.0,8.2,-0.8,0.09686274509803922,0.09686274509803922,0.19111111111111112,0.19111111111111112,7,0,0.0,3168,0,0.0,792,0,0.0,2888,0,0.0,720,0,0.0,0.0,0.0
P1,P1_psd_bandpower_from_derivatives,PSD_ABSOLUTE_CHANNEL_BAND,ds004504__EC,AD_vs_CN,1,CN,AD,5,3|5|9|5|9,9|9|5|9|9,6.2,8.2,2.0,0.07076923076923078,0.07076923076923078,0.21333333333333332,0.21333333333333332,4,0,0.0,1618,0,0.0,397,0,0.0,2132,0,0.0,533,0,0.0,0.0,0.0
P1,P1_psd_bandpower_from_derivatives,PSD_ABSOLUTE_CHANNEL_BAND,ds004504__EC,AD_vs_CN,2,CN,AD,5,3|3|5|5|9,5|9|9|9|9,5.0,8.2,3.2,0.011764705882352941,0.011764705882352941,0.02222222222222222,0.02222222222222222,1,0,0.0,1306,0,0.0,319,0,0.0,2136,0,0.0,529,0,0.0,0.0,0.0
P1,P1_psd_bandpower_from_derivatives,PSD_ABSOLUTE_CHANNEL_BAND,ds004504__EC,AD_vs_CN,3,CN,AD,5,9|9|9|5|9,9|5|9|9|5,8.2,7.4,-0.8,0.027149321266968326,0.027149321266968326,0.06222222222222222,0.06222222222222222,2,0,0.0,2132,0,0.0,533,0,0.0,1920,0,0.0,485,0,0.0,0.0,0.0
P1,P1_psd_bandpower_from_derivatives,PSD_ABSOLUTE_CHANNEL_BAND,ds004504__EC,AD_vs_CN,4,CN,AD,5,3|5|5|9|9,9|3|9|9|9,6.2,7.8,1.6,0.09866946778711484,0.09866946778711484,0.21333333333333332,0.21333333333333332,6,0,0.0,1618,0,0.0,397,0,0.0,2028,0,0.0,507,0,0.0,0.0,0.0
P1,P1_psd_bandpower_from_derivatives,PSD_ABSOLUTE_CHANNEL_BAND,ds004504__EC,AD_vs_CN,5,CN,AD,5,9|5|9|5|9,5|9|9|9|9,7.4,8.2,0.8,0.03333333333333333,0.03333333333333333,0.08,0.08,2,0,0.0,1924,0,0.0,481,0,0.0,2136,0,0.0,529,0,0.0,0.0,0.0
P1,P1_psd_bandpower_from_derivatives,PSD_ABSOLUTE_CHANNEL_BAND,ds004504__EC,AD_vs_CN,6,CN,AD,5,9|9|9|5|5,9|9|9|5|9,7.4,8.2,0.8,0.04852941176470588,0.04852941176470588,0.08888888888888888,0.08888888888888888,4,0,0.0,1920,0,0.0,485,0,0.0,2132,0,0.0,533,0,0.0,0.0,0.0
P1,P1_psd_bandpower_from_derivatives,PSD_ABSOLUTE_CHANNEL_BAND,ds004504__EC,AD_vs_CN,7,CN,AD,5,5|9|5|5|5,9|9|3|9|9,5.8,7.8,2.0,0.08205128205128205,0.08205128205128205,0.2,0.2,5,0,0.0,1508,0,0.0,377,0,0.0,2028,0,0.0,507,0,0.0,0.0,0.0
P1,P1_psd_bandpower_from_derivatives,PSD_ABSOLUTE_CHANNEL_BAND,ds004504__EC,AD_vs_CN,8,CN,AD,5,5|9|5|9|5,9|3|9|9|9,6.6,7.8,1.2,0.04533113944878651,0.04533113944878651,0.1288888888888889,0.1288888888888889,3,0,0.0,1716,0,0.0,429,0,0.0,2028,0,0.0,507,0,0.0,0.0,0.0
P1,P1_psd_bandpower_from_derivatives,PSD_ABSOLUTE_CHANNEL_BAND,ds004504__EC,AD_vs_CN,9,CN,AD,5,9|5|5|9|9,5|9|9|9|9,7.4,8.2,0.8,0.07371794871794872,0.07371794871794872,0.16444444444444445,0.16444444444444445,5,0,0.0,1924,0,0.0,481,0,0.0,2136,0,0.0,529,0,0.0,0.0,0.0
P1,P1_psd_bandpower_from_derivatives,PSD_ABSOLUTE_CHANNEL_BAND,ds004504__EC,AD_vs_CN,10,CN,AD,5,9|5|9|5|3,9|9|9|9|9,6.2,9.0,2.8,0.033566433566433566,0.033566433566433566,0.10666666666666666,0.10666666666666666,2,0,0.0,1606,0,0.0,409,0,0.0,2340,0,0.0,585,0,0.0,0.0,0.0
P1,P1_psd_bandpower_from_derivatives,PSD_ABSOLUTE_CHANNEL_BAND,ds004504__EC,AD_vs_CN,11,CN,AD,5,5|5|5|5|9,9|9|9|9|9,5.8,9.0,3.2,0.055384615384615386,0.055384615384615386,0.10666666666666666,0.10666666666666666,4,0,0.0,1512,0,0.0,373,0,0.0,2340,0,0.0,585,0,0.0,0.0,0.0
P1,P1_psd_bandpower_from_derivatives,PSD_ABSOLUTE_CHANNEL_BAND,ds004504__EC,AD_vs_CN,12,CN,AD,5,5|9|9|9|9,9|9|9|9|9,8.2,9.0,0.8,0.04038461538461539,0.04038461538461539,0.08444444444444445,0.08444444444444445,3,0,0.0,2136,0,0.0,529,0,0.0,2340,0,0.0,585,0,0.0,0.0,0.0
P1,P1_psd_bandpower_from_derivatives,PSD_ABSOLUTE_CHANNEL_BAND,ds004504__EC,AD_vs_CN,13,CN,AD,5,9|9|9|3|5,9|9|9|9|9,7.0,9.0,2.0,0.04852941176470588,0.04852941176470588,0.08888888888888888,0.08888888888888888,4,0,0.0,1816,0,0.0,459,0,0.0,2340,0,0.0,585,0,0.0,0.0,0.0
P1,P1_psd_bandpower_from_derivatives,PSD_ABSOLUTE_CHANNEL_BAND,ds004504__EC,AD_vs_CN,14,CN,AD,5,3|5|9|9|5,9|9|9|9|9,6.2,9.0,2.8,0.027149321266968326,0.027149321266968326,0.06222222222222222,0.06222222222222222,2,0,0.0,1614,0,0.0,401,0,0.0,2340,0,0.0,585,0,0.0,0.0,0.0
P1,P1_psd_bandpower_from_derivatives,PSD_ABSOLUTE_CHANNEL_BAND,ds004504__EC,AD_vs_CN,15,CN,AD,5,9|9|9|5|9,9|9|5|5|9,8.2,7.4,-0.8,0.04038461538461539,0.04038461538461539,0.08444444444444445,0.08444444444444445,3,0,0.0,2132,0,0.0,533,0,0.0,1924,0,0.0,481,0,0.0,0.0,0.0
P1,P1_psd_bandpower_from_derivatives,PSD_ABSOLUTE_CHANNEL_BAND,ds004504__EC,AD_vs_CN,16,CN,AD,5,5|9|9|3|5,5|9|9|9|9,6.2,8.2,2.0,0.0404040404040404,0.0404040404040404,0.10666666666666666,0.10666666666666666,2,0,0.0,1612,0,0.0,403,0,0.0,2136,0,0.0,529,0,0.0,0.0,0.0
P1,P1_psd_bandpower_from_derivatives,PSD_ABSOLUTE_CHANNEL_BAND,ds004504__EC,AD_vs_CN,17,CN,AD,5,9|9|9|9|9,9|9|9|9|9,9.0,9.0,0.0,0.08676470588235294,0.08676470588235294,0.15555555555555556,0.15555555555555556,7,0,0.0,2340,0,0.0,585,0,0.0,2340,0,0.0,585,0,0.0,0.0,0.0
P1,P1_psd_bandpower_from_derivatives,PSD_ABSOLUTE_CHANNEL_BAND,ds004504__EC,AD_vs_CN,18,CN,AD,5,9|5|9|9|9,9|9|5|9|9,8.2,8.2,0.0,0.045098039215686274,0.045098039215686274,0.10222222222222223,0.10222222222222223,3,0,0.0,2132,0,0.0,533,0,0.0,2132,0,0.0,533,0,0.0,0.0,0.0
P1,P1_psd_bandpower_from_derivatives,PSD_ABSOLUTE_CHANNEL_BAND,ds004504__EC,AD_vs_CN,19,CN,AD,5,3|5|5|3|9,9|9|9|9|9,5.0,9.0,4.0,0.04533113944878651,0.04533113944878651,0.1288888888888889,0.1288888888888889,3,0,0.0,1306,0,0.0,319,0,0.0,2340,0,0.0,585,0,0.0,0.0,0.0
P1,P1_psd_bandpower_from_derivatives,PSD_ABSOLUTE_CHANNEL_BAND,ds004504__EC,AD_vs_CN,20,CN,AD,5,5|9|5|9|9,9|9|9|9|5,7.4,8.2,0.8,0.07371794871794872,0.07371794871794872,0.16444444444444445,0.16444444444444445,5,0,0.0,1928,0,0.0,477,0,0.0,2128,0,0.0,537,0,0.0,0.0,0.0
P1,P1_psd_bandpower_from_derivatives,PSD_ABSOLUTE_CHANNEL_BAND,ds004504__EC,AD_vs_FTD,1,FTD,AD,5,9|5|9|9|9,9|9|9|9|9,8.2,9.0,0.8,0.011764705882352941,0.011764705882352941,0.02222222222222222,0.02222222222222222,1,0,0.0,1936,0,0.0,483,0,0.0,2124,0,0.0,531,0,0.0,0.0,0.0
P1,P1_psd_bandpower_from_derivatives,PSD_ABSOLUTE_CHANNEL_BAND,ds004504__EC,AD_vs_FTD,2,FTD,AD,5,9|9|9|9|9,9|9|9|5|9,9.0,8.2,-0.8,0.027149321266968326,0.027149321266968326,0.06222222222222222,0.06222222222222222,2,0,0.0,2124,0,0.0,531,0,0.0,1932,0,0.0,487,0,0.0,0.0,0.0
P1,P1_psd_bandpower_from_derivatives,PSD_ABSOLUTE_CHANNEL_BAND,ds004504__EC,AD_vs_FTD,3,FTD,AD,5,9|9|9|9|9,9|5|9|9|9,9.0,8.2,-0.8,0.027149321266968326,0.027149321266968326,0.06222222222222222,0.06222222222222222,2,0,0.0,2124,0,0.0,531,0,0.0,1936,0,0.0,483,0,0.0,0.0,0.0
P1,P1_psd_bandpower_from_derivatives,PSD_ABSOLUTE_CHANNEL_BAND,ds004504__EC,AD_vs_FTD,4,FTD,AD,5,9|9|9|9|9,5|9|5|9|9,9.0,7.4,-1.6,0.0,0.0,0.0,0.0,0,0,,2124,0,0.0,531,0,0.0,1752,0,0.0,431,0,0.0,0.0,0.0
P1,P1_psd_bandpower_from_derivatives,PSD_ABSOLUTE_CHANNEL_BAND,ds004504__EC,AD_vs_FTD,5,FTD,AD,5,9|9|9|9|9,5|9|9|9|9,9.0,8.2,-0.8,0.027149321266968326,0.027149321266968326,0.06222222222222222,0.06222222222222222,2,0,0.0,2124,0,0.0,531,0,0.0,1940,0,0.0,479,0,0.0,0.0,0.0
P1,P1_psd_bandpower_from_derivatives,PSD_ABSOLUTE_CHANNEL_BAND,ds004504__EC,AD_vs_FTD,6,FTD,AD,5,9|9|9|9|9,9|5|9|9|5,9.0,7.4,-1.6,0.05067873303167421,0.05067873303167421,0.10666666666666666,0.10666666666666666,4,0,0.0,2124,0,0.0,531,0,0.0,1744,0,0.0,439,0,0.0,0.0,0.0
P1,P1_psd_bandpower_from_derivatives,PSD_ABSOLUTE_CHANNEL_BAND,ds004504__EC,AD_vs_FTD,7,FTD,AD,5,9|9|3|9|9,9|9|9|9|9,7.8,9.0,1.2,0.04171122994652406,0.04171122994652406,0.1111111111111111,0.1111111111111111,3,0,0.0,1842,0,0.0,459,0,0.0,2124,0,0.0,531,0,0.0,0.0,0.0
P1,P1_psd_bandpower_from_derivatives,PSD_ABSOLUTE_CHANNEL_BAND,ds004504__EC,AD_vs_FTD,8,FTD,AD,5,9|9|5|9|9,9|9|9|9|9,8.2,9.0,0.8,0.03529411764705882,0.03529411764705882,0.06666666666666667,0.06666666666666667,3,0,0.0,1936,0,0.0,483,0,0.0,2124,0,0.0,531,0,0.0,0.0,0.0
P1,P1_psd_bandpower_from_derivatives,PSD_ABSOLUTE_CHANNEL_BAND,ds004504__EC,AD_vs_FTD,9,FTD,AD,5,9|9|9|9|9,5|9|9|9|5,9.0,7.4,-1.6,0.027149321266968326,0.027149321266968326,0.06222222222222222,0.06222222222222222,2,0,0.0,2124,0,0.0,531,0,0.0,1748,0,0.0,435,0,0.0,0.0,0.0
P1,P1_psd_bandpower_from_derivatives,PSD_ABSOLUTE_CHANNEL_BAND,ds004504__EC,AD_vs_FTD,10,FTD,AD,5,9|9|9|9|9,5|9|5|5|9,9.0,6.6,-2.4,0.03076923076923077,0.03076923076923077,0.08,0.08,2,0,0.0,2124,0,0.0,531,0,0.0,1560,0,0.0,387,0,0.0,0.0,0.0
P1,P1_psd_bandpower_from_derivatives,PSD_ABSOLUTE_CHANNEL_BAND,ds004504__EC,AD_vs_FTD,11,FTD,AD,5,9|9|9|5|9,9|5|9|9|9,8.2,8.2,0.0,0.011764705882352941,0.011764705882352941,0.02222222222222222,0.02222222222222222,1,0,0.0,1932,0,0.0,487,0,0.0,1936,0,0.0,483,0,0.0,0.0,0.0
P1,P1_psd_bandpower_from_derivatives,PSD_ABSOLUTE_CHANNEL_BAND,ds004504__EC,AD_vs_FTD,12,FTD,AD,5,9|9|9|9|9,3|5|5|9|9,9.0,6.2,-2.8,0.06048265460030166,0.06048265460030166,0.14222222222222222,0.14222222222222222,4,0,0.0,2124,0,0.0,531,0,0.0,1472,0,0.0,357,0,0.0,0.0,0.0
P1,P1_psd_bandpower_from_derivatives,PSD_ABSOLUTE_CHANNEL_BAND,ds004504__EC,AD_vs_FTD,13,FTD,AD,5,5|5|9|9|9,9|9|9|9|9,7.4,9.0,1.6,0.03676470588235294,0.03676470588235294,0.06666666666666667,0.06666666666666667,3,0,0.0,1752,0,0.0,431,0,0.0,2124,0,0.0,531,0,0.0,0.0,0.0
P1,P1_psd_bandpower_from_derivatives,PSD_ABSOLUTE_CHANNEL_BAND,ds004504__EC,AD_vs_FTD,14,FTD,AD,5,5|9|9|9|9,9|9|5|5|9,8.2,7.4,-0.8,0.05576923076923077,0.05576923076923077,0.12444444444444444,0.12444444444444444,4,0,0.0,1940,0,0.0,479,0,0.0,1744,0,0.0,439,0,0.0,0.0,0.0
P1,P1_psd_bandpower_from_derivatives,PSD_ABSOLUTE_CHANNEL_BAND,ds004504__EC,AD_vs_FTD,15,FTD,AD,5,9|9|9|9|9,9|9|9|5|3,9.0,7.0,-2.0,0.033566433566433566,0.033566433566433566,0.10666666666666666,0.10666666666666666,2,0,0.0,2124,0,0.0,531,0,0.0,1644,0,0.0,421,0,0.0,0.0,0.0
P1,P1_psd_bandpower_from_derivatives,PSD_ABSOLUTE_CHANNEL_BAND,ds004504__EC,AD_vs_FTD,16,FTD,AD,5,9|9|9|9|9,9|5|9|9|9,9.0,8.2,-0.8,0.03891402714932127,0.03891402714932127,0.08444444444444445,0.08444444444444445,3,0,0.0,2124,0,0.0,531,0,0.0,1936,0,0.0,483,0,0.0,0.0,0.0
P1,P1_psd_bandpower_from_derivatives,PSD_ABSOLUTE_CHANNEL_BAND,ds004504__EC,AD_vs_FTD,17,FTD,AD,5,9|9|9|9|9,9|9|9|9|9,9.0,9.0,0.0,0.0,0.0,0.0,0.0,0,0,,2124,0,0.0,531,0,0.0,2124,0,0.0,531,0,0.0,0.0,0.0
P1,P1_psd_bandpower_from_derivatives,PSD_ABSOLUTE_CHANNEL_BAND,ds004504__EC,AD_vs_FTD,18,FTD,AD,5,9|9|9|9|9,9|9|9|9|9,9.0,9.0,0.0,0.011764705882352941,0.011764705882352941,0.02222222222222222,0.02222222222222222,1,0,0.0,2124,0,0.0,531,0,0.0,2124,0,0.0,531,0,0.0,0.0,0.0
P1,P1_psd_bandpower_from_derivatives,PSD_ABSOLUTE_CHANNEL_BAND,ds004504__EC,AD_vs_FTD,19,FTD,AD,5,9|9|9|9|9,9|9|5|9|9,9.0,8.2,-0.8,0.0,0.0,0.0,0.0,0,0,,2124,0,0.0,531,0,0.0,1936,0,0.0,483,0,0.0,0.0,0.0
P1,P1_psd_bandpower_from_derivatives,PSD_ABSOLUTE_CHANNEL_BAND,ds004504__EC,AD_vs_FTD,20,FTD,AD,5,9|9|9|9|9,9|9|9|9|9,9.0,9.0,0.0,0.011764705882352941,0.011764705882352941,0.02222222222222222,0.02222222222222222,1,0,0.0,2124,0,0.0,531,0,0.0,2124,0,0.0,531,0,0.0,0.0,0.0
P1,P1_psd_bandpower_from_derivatives,PSD_ABSOLUTE_CHANNEL_BAND,ds004504__EC,CN_vs_FTD,1,CN,FTD,5,9|5|5|5|9,5|9|9|9|5,6.6,7.4,0.8,0.03076923076923077,0.03076923076923077,0.08,0.08,2,0,0.0,1376,0,0.0,340,0,0.0,1536,0,0.0,388,0,0.0,0.0,0.0
P1,P1_psd_bandpower_from_derivatives,PSD_ABSOLUTE_CHANNEL_BAND,ds004504__EC,CN_vs_FTD,2,CN,FTD,5,9|9|5|9|9,9|9|9|9|9,8.2,9.0,0.8,0.03676470588235294,0.03676470588235294,0.06666666666666667,0.06666666666666667,3,0,0.0,1708,0,0.0,424,0,0.0,1872,0,0.0,468,0,0.0,0.0,0.0
P1,P1_psd_bandpower_from_derivatives,PSD_ABSOLUTE_CHANNEL_BAND,ds004504__EC,CN_vs_FTD,3,CN,FTD,5,9|9|9|5|5,9|9|9|9|9,7.4,9.0,1.6,0.04038461538461539,0.04038461538461539,0.08444444444444445,0.08444444444444445,3,0,0.0,1532,0,0.0,392,0,0.0,1872,0,0.0,468,0,0.0,0.0,0.0
P1,P1_psd_bandpower_from_derivatives,PSD_ABSOLUTE_CHANNEL_BAND,ds004504__EC,CN_vs_FTD,4,CN,FTD,5,9|5|9|5|9,9|9|5|5|9,7.4,7.4,0.0,0.055384615384615386,0.055384615384615386,0.10666666666666666,0.10666666666666666,4,0,0.0,1540,0,0.0,384,0,0.0,1540,0,0.0,384,0,0.0,0.0,0.0
P1,P1_psd_bandpower_from_derivatives,PSD_ABSOLUTE_CHANNEL_BAND,ds004504__EC,CN_vs_FTD,5,CN,FTD,5,9|9|9|5|5,5|9|9|9|9,7.4,8.2,0.8,0.04253393665158371,0.04253393665158371,0.10222222222222223,0.10222222222222223,3,0,0.0,1532,0,0.0,392,0,0.0,1708,0,0.0,424,0,0.0,0.0,0.0
P1,P1_psd_bandpower_from_derivatives,PSD_ABSOLUTE_CHANNEL_BAND,ds004504__EC,CN_vs_FTD,6,CN,FTD,5,5|9|9|9|9,9|9|9|3|9,8.2,7.8,-0.4,0.023529411764705882,0.023529411764705882,0.04444444444444444,0.04444444444444444,2,0,0.0,1708,0,0.0,424,0,0.0,1620,0,0.0,408,0,0.0,0.0,0.0
P1,P1_psd_bandpower_from_derivatives,PSD_ABSOLUTE_CHANNEL_BAND,ds004504__EC,CN_vs_FTD,7,CN,FTD,5,5|3|9|5|9,9|9|9|9|9,6.2,9.0,2.8,0.025,0.025,0.04444444444444444,0.04444444444444444,2,0,0.0,1294,0,0.0,318,0,0.0,1872,0,0.0,468,0,0.0,0.0,0.0
P1,P1_psd_bandpower_from_derivatives,PSD_ABSOLUTE_CHANNEL_BAND,ds004504__EC,CN_vs_FTD,8,CN,FTD,5,9|9|9|9|9,9|9|9|9|9,9.0,9.0,0.0,0.023529411764705882,0.023529411764705882,0.04444444444444444,0.04444444444444444,2,0,0.0,1872,0,0.0,468,0,0.0,1872,0,0.0,468,0,0.0,0.0,0.0
P1,P1_psd_bandpower_from_derivatives,PSD_ABSOLUTE_CHANNEL_BAND,ds004504__EC,CN_vs_FTD,9,CN,FTD,5,9|9|5|5|5,9|1|9|9|9,6.6,7.4,0.8,0.08787878787878788,0.08787878787878788,0.2,0.2,5,0,0.0,1368,0,0.0,348,0,0.0,1544,0,0.0,380,0,0.0,0.0,0.0
P1,P1_psd_bandpower_from_derivatives,PSD_ABSOLUTE_CHANNEL_BAND,ds004504__EC,CN_vs_FTD,10,CN,FTD,5,9|9|9|9|5,9|5|9|5|9,8.2,7.4,-0.8,0.011764705882352941,0.011764705882352941,0.02222222222222222,0.02222222222222222,1,0,0.0,1700,0,0.0,432,0,0.0,1540,0,0.0,384,0,0.0,0.0,0.0
P1,P1_psd_bandpower_from_derivatives,PSD_ABSOLUTE_CHANNEL_BAND,ds004504__EC,CN_vs_FTD,11,CN,FTD,5,9|5|9|5|5,5|9|9|9|9,6.6,8.2,1.6,0.027149321266968326,0.027149321266968326,0.06222222222222222,0.06222222222222222,2,0,0.0,1368,0,0.0,348,0,0.0,1708,0,0.0,424,0,0.0,0.0,0.0
P1,P1_psd_bandpower_from_derivatives,PSD_ABSOLUTE_CHANNEL_BAND,ds004504__EC,CN_vs_FTD,12,CN,FTD,5,3|9|9|9|9,9|9|9|3|9,7.8,7.8,0.0,0.011764705882352941,0.011764705882352941,0.02222222222222222,0.02222222222222222,1,0,0.0,1626,0,0.0,402,0,0.0,1620,0,0.0,408,0,0.0,0.0,0.0
P1,P1_psd_bandpower_from_derivatives,PSD_ABSOLUTE_CHANNEL_BAND,ds004504__EC,CN_vs_FTD,13,CN,FTD,5,9|5|9|5|5,9|5|5|5|5,6.6,5.8,-0.8,0.025,0.025,0.04444444444444444,0.04444444444444444,2,0,0.0,1368,0,0.0,348,0,0.0,1204,0,0.0,304,0,0.0,0.0,0.0
P1,P1_psd_bandpower_from_derivatives,PSD_ABSOLUTE_CHANNEL_BAND,ds004504__EC,CN_vs_FTD,14,CN,FTD,5,9|9|9|5|9,3|9|9|9|9,8.2,7.8,-0.4,0.053475935828877004,0.053475935828877004,0.13333333333333333,0.13333333333333333,4,0,0.0,1704,0,0.0,428,0,0.0,1626,0,0.0,402,0,0.0,0.0,0.0
P1,P1_psd_bandpower_from_derivatives,PSD_ABSOLUTE_CHANNEL_BAND,ds004504__EC,CN_vs_FTD,15,CN,FTD,5,9|3|9|9|9,9|9|9|9|9,7.8,9.0,1.2,0.05818181818181818,0.05818181818181818,0.13333333333333333,0.13333333333333333,4,0,0.0,1626,0,0.0,402,0,0.0,1872,0,0.0,468,0,0.0,0.0,0.0
P1,P1_psd_bandpower_from_derivatives,PSD_ABSOLUTE_CHANNEL_BAND,ds004504__EC,CN_vs_FTD,16,CN,FTD,5,9|9|9|3|9,9|9|9|9|9,7.8,9.0,1.2,0.011764705882352941,0.011764705882352941,0.02222222222222222,0.02222222222222222,1,0,0.0,1620,0,0.0,408,0,0.0,1872,0,0.0,468,0,0.0,0.0,0.0
P1,P1_psd_bandpower_from_derivatives,PSD_ABSOLUTE_CHANNEL_BAND,ds004504__EC,CN_vs_FTD,17,CN,FTD,5,3|9|9|9|9,9|9|9|9|9,7.8,9.0,1.2,0.03529411764705882,0.03529411764705882,0.06666666666666667,0.06666666666666667,3,0,0.0,1626,0,0.0,402,0,0.0,1872,0,0.0,468,0,0.0,0.0,0.0
P1,P1_psd_bandpower_from_derivatives,PSD_ABSOLUTE_CHANNEL_BAND,ds004504__EC,CN_vs_FTD,18,CN,FTD,5,5|9|9|9|3,9|3|9|1|5,7.0,5.4,-1.6,0.04395604395604395,0.04395604395604395,0.10666666666666666,0.10666666666666666,2,0,0.0,1450,0,0.0,370,0,0.0,1118,0,0.0,286,0,0.0,0.0,0.0
P1,P1_psd_bandpower_from_derivatives,PSD_ABSOLUTE_CHANNEL_BAND,ds004504__EC,CN_vs_FTD,19,CN,FTD,5,5|9|5|9|9,9|5|9|5|9,7.4,7.4,0.0,0.06993006993006992,0.06993006993006992,0.16,0.16,4,0,0.0,1544,0,0.0,380,0,0.0,1540,0,0.0,384,0,0.0,0.0,0.0
P1,P1_psd_bandpower_from_derivatives,PSD_ABSOLUTE_CHANNEL_BAND,ds004504__EC,CN_vs_FTD,20,CN,FTD,5,9|9|5|9|9,5|9|9|9|9,8.2,8.2,0.0,0.011764705882352941,0.011764705882352941,0.02222222222222222,0.02222222222222222,1,0,0.0,1708,0,0.0,424,0,0.0,1708,0,0.0,424,0,0.0,0.0,0.0
P1,P1_psd_bandpower_from_derivatives,PSD_ABSOLUTE_CHANNEL_BAND,ds006036__EO_or_photomark,AD_FTD_vs_CN,1,CN,AD_FTD,5,5|5|9|9|9,9|5|9|9|9,7.4,8.2,0.8,0.08613624937154349,0.08613624937154349,0.1688888888888889,0.1688888888888889,6,0,0.0,2608,0,0.0,648,0,0.0,2888,0,0.0,720,0,0.0,0.0,0.0
P1,P1_psd_bandpower_from_derivatives,PSD_ABSOLUTE_CHANNEL_BAND,ds006036__EO_or_photomark,AD_FTD_vs_CN,2,CN,AD_FTD,5,9|5|9|9|9,5|9|9|5|9,8.2,7.4,-0.8,0.10048265460030166,0.10048265460030166,0.2088888888888889,0.2088888888888889,7,0,0.0,2888,0,0.0,720,0,0.0,2608,0,0.0,648,0,0.0,0.0,0.0
P1,P1_psd_bandpower_from_derivatives,PSD_ABSOLUTE_CHANNEL_BAND,ds006036__EO_or_photomark,AD_FTD_vs_CN,3,CN,AD_FTD,5,9|5|9|9|5,9|9|5|9|5,7.4,7.4,0.0,0.04253393665158371,0.04253393665158371,0.10222222222222223,0.10222222222222223,3,0,0.0,2600,0,0.0,656,0,0.0,2600,0,0.0,656,0,0.0,0.0,0.0
P1,P1_psd_bandpower_from_derivatives,PSD_ABSOLUTE_CHANNEL_BAND,ds006036__EO_or_photomark,AD_FTD_vs_CN,4,CN,AD_FTD,5,9|9|9|5|9,9|9|9|5|9,8.2,8.2,0.0,0.08722222222222223,0.08722222222222223,0.1511111111111111,0.1511111111111111,6,0,0.0,2888,0,0.0,720,0,0.0,2888,0,0.0,720,0,0.0,0.0,0.0
P1,P1_psd_bandpower_from_derivatives,PSD_ABSOLUTE_CHANNEL_BAND,ds006036__EO_or_photomark,AD_FTD_vs_CN,5,CN,AD_FTD,5,9|5|9|9|5,5|5|9|9|9,7.4,7.4,0.0,0.07009803921568628,0.07009803921568628,0.14666666666666667,0.14666666666666667,5,0,0.0,2600,0,0.0,656,0,0.0,2608,0,0.0,648,0,0.0,0.0,0.0
P1,P1_psd_bandpower_from_derivatives,PSD_ABSOLUTE_CHANNEL_BAND,ds006036__EO_or_photomark,AD_FTD_vs_CN,6,CN,AD_FTD,5,9|5|9|5|9,3|9|9|9|9,7.4,7.8,0.4,0.10705128205128205,0.10705128205128205,0.28444444444444444,0.28444444444444444,6,0,0.0,2608,0,0.0,648,0,0.0,2748,0,0.0,684,0,0.0,0.0,0.0
P1,P1_psd_bandpower_from_derivatives,PSD_ABSOLUTE_CHANNEL_BAND,ds006036__EO_or_photomark,AD_FTD_vs_CN,7,CN,AD_FTD,5,9|9|9|9|9,9|9|9|3|9,9.0,7.8,-1.2,0.06524064171122995,0.06524064171122995,0.15555555555555556,0.15555555555555556,5,0,0.0,3168,0,0.0,792,0,0.0,2748,0,0.0,684,0,0.0,0.0,0.0
P1,P1_psd_bandpower_from_derivatives,PSD_ABSOLUTE_CHANNEL_BAND,ds006036__EO_or_photomark,AD_FTD_vs_CN,8,CN,AD_FTD,5,9|9|9|9|9,9|9|9|5|9,9.0,8.2,-0.8,0.08186274509803922,0.08186274509803922,0.1688888888888889,0.1688888888888889,6,0,0.0,3168,0,0.0,792,0,0.0,2888,0,0.0,720,0,0.0,0.0,0.0
P1,P1_psd_bandpower_from_derivatives,PSD_ABSOLUTE_CHANNEL_BAND,ds006036__EO_or_photomark,AD_FTD_vs_CN,9,CN,AD_FTD,5,9|9|9|5|9,9|9|5|9|9,8.2,8.2,0.0,0.0675339366515837,0.0675339366515837,0.14666666666666667,0.14666666666666667,5,0,0.0,2888,0,0.0,720,0,0.0,2888,0,0.0,720,0,0.0,0.0,0.0
P1,P1_psd_bandpower_from_derivatives,PSD_ABSOLUTE_CHANNEL_BAND,ds006036__EO_or_photomark,AD_FTD_vs_CN,10,CN,AD_FTD,5,9|9|5|3|9,9|9|9|3|9,7.0,7.8,0.8,0.07714932126696833,0.07714932126696833,0.1511111111111111,0.1511111111111111,6,0,0.0,2468,0,0.0,612,0,0.0,2748,0,0.0,684,0,0.0,0.0,0.0
P1,P1_psd_bandpower_from_derivatives,PSD_ABSOLUTE_CHANNEL_BAND,ds006036__EO_or_photomark,AD_FTD_vs_CN,11,CN,AD_FTD,5,9|9|9|9|9,9|9|9|3|9,9.0,7.8,-1.2,0.05176470588235294,0.05176470588235294,0.15555555555555556,0.15555555555555556,3,0,0.0,3168,0,0.0,792,0,0.0,2748,0,0.0,684,0,0.0,0.0,0.0
P1,P1_psd_bandpower_from_derivatives,PSD_ABSOLUTE_CHANNEL_BAND,ds006036__EO_or_photomark,AD_FTD_vs_CN,12,CN,AD_FTD,5,5|9|5|9|5,5|5|9|9|9,6.6,7.4,0.8,0.1079185520361991,0.1079185520361991,0.22222222222222224,0.22222222222222224,6,0,0.0,2320,0,0.0,584,0,0.0,2608,0,0.0,648,0,0.0,0.0,0.0
P1,P1_psd_bandpower_from_derivatives,PSD_ABSOLUTE_CHANNEL_BAND,ds006036__EO_or_photomark,AD_FTD_vs_CN,13,CN,AD_FTD,5,9|5|9|9|5,9|9|5|5|9,7.4,7.4,0.0,0.04871794871794872,0.04871794871794872,0.12000000000000001,0.12000000000000001,3,0,0.0,2600,0,0.0,656,0,0.0,2608,0,0.0,648,0,0.0,0.0,0.0
P1,P1_psd_bandpower_from_derivatives,PSD_ABSOLUTE_CHANNEL_BAND,ds006036__EO_or_photomark,AD_FTD_vs_CN,14,CN,AD_FTD,5,5|5|5|5|5,9|5|9|9|5,5.0,7.4,2.4,0.08632478632478632,0.08632478632478632,0.2,0.2,5,0,0.0,1760,0,0.0,440,0,0.0,2600,0,0.0,656,0,0.0,0.0,0.0
P1,P1_psd_bandpower_from_derivatives,PSD_ABSOLUTE_CHANNEL_BAND,ds006036__EO_or_photomark,AD_FTD_vs_CN,15,CN,AD_FTD,5,9|9|9|9|3,3|9|9|9|5,7.8,7.0,-0.8,0.1085179526355997,0.1085179526355997,0.24444444444444444,0.24444444444444444,7,0,0.0,2736,0,0.0,696,0,0.0,2460,0,0.0,620,0,0.0,0.0,0.0
P1,P1_psd_bandpower_from_derivatives,PSD_ABSOLUTE_CHANNEL_BAND,ds006036__EO_or_photomark,AD_FTD_vs_CN,16,CN,AD_FTD,5,9|9|9|5|9,5|9|9|9|9,8.2,8.2,0.0,0.05214932126696833,0.05214932126696833,0.10666666666666666,0.10666666666666666,4,0,0.0,2888,0,0.0,720,0,0.0,2888,0,0.0,720,0,0.0,0.0,0.0
P1,P1_psd_bandpower_from_derivatives,PSD_ABSOLUTE_CHANNEL_BAND,ds006036__EO_or_photomark,AD_FTD_vs_CN,17,CN,AD_FTD,5,5|5|3|9|9,9|9|9|5|9,6.2,8.2,2.0,0.07586726998491704,0.07586726998491704,0.18222222222222223,0.18222222222222223,5,0,0.0,2188,0,0.0,540,0,0.0,2888,0,0.0,720,0,0.0,0.0,0.0
P1,P1_psd_bandpower_from_derivatives,PSD_ABSOLUTE_CHANNEL_BAND,ds006036__EO_or_photomark,AD_FTD_vs_CN,18,CN,AD_FTD,5,9|9|5|9|9,9|9|5|9|9,8.2,8.2,0.0,0.115,0.115,0.19999999999999998,0.19999999999999998,9,0,0.0,2888,0,0.0,720,0,0.0,2888,0,0.0,720,0,0.0,0.0,0.0
P1,P1_psd_bandpower_from_derivatives,PSD_ABSOLUTE_CHANNEL_BAND,ds006036__EO_or_photomark,AD_FTD_vs_CN,19,CN,AD_FTD,5,9|3|9|5|9,9|9|5|9|9,7.0,8.2,1.2,0.08533113944878651,0.08533113944878651,0.19555555555555554,0.19555555555555554,6,0,0.0,2468,0,0.0,612,0,0.0,2888,0,0.0,720,0,0.0,0.0,0.0
P1,P1_psd_bandpower_from_derivatives,PSD_ABSOLUTE_CHANNEL_BAND,ds006036__EO_or_photomark,AD_FTD_vs_CN,20,CN,AD_FTD,5,9|9|3|3|9,9|9|9|9|9,6.6,9.0,2.4,0.07994652406417112,0.07994652406417112,0.17777777777777776,0.17777777777777776,6,0,0.0,2328,0,0.0,576,0,0.0,3168,0,0.0,792,0,0.0,0.0,0.0
P1,P1_psd_bandpower_from_derivatives,PSD_ABSOLUTE_CHANNEL_BAND,ds006036__EO_or_photomark,AD_vs_CN,1,CN,AD,5,9|5|9|5|9,9|9|3|9|5,7.4,7.0,-0.4,0.015384615384615385,0.015384615384615385,0.04,0.04,1,0,0.0,1924,0,0.0,481,0,0.0,1816,0,0.0,459,0,0.0,0.0,0.0
P1,P1_psd_bandpower_from_derivatives,PSD_ABSOLUTE_CHANNEL_BAND,ds006036__EO_or_photomark,AD_vs_CN,2,CN,AD,5,9|5|9|5|9,3|9|9|9|9,7.4,7.8,0.4,0.023529411764705882,0.023529411764705882,0.04444444444444444,0.04444444444444444,2,0,0.0,1924,0,0.0,481,0,0.0,2034,0,0.0,501,0,0.0,0.0,0.0
P1,P1_psd_bandpower_from_derivatives,PSD_ABSOLUTE_CHANNEL_BAND,ds006036__EO_or_photomark,AD_vs_CN,3,CN,AD,5,9|9|9|9|5,5|9|9|9|5,8.2,7.4,-0.8,0.011764705882352941,0.011764705882352941,0.02222222222222222,0.02222222222222222,1,0,0.0,2128,0,0.0,537,0,0.0,1924,0,0.0,481,0,0.0,0.0,0.0
P1,P1_psd_bandpower_from_derivatives,PSD_ABSOLUTE_CHANNEL_BAND,ds006036__EO_or_photomark,AD_vs_CN,4,CN,AD,5,9|9|9|9|9,3|9|9|9|9,9.0,7.8,-1.2,0.060294117647058824,0.060294117647058824,0.1111111111111111,0.1111111111111111,5,0,0.0,2340,0,0.0,585,0,0.0,2034,0,0.0,501,0,0.0,0.0,0.0
P1,P1_psd_bandpower_from_derivatives,PSD_ABSOLUTE_CHANNEL_BAND,ds006036__EO_or_photomark,AD_vs_CN,5,CN,AD,5,9|9|9|9|3,5|5|9|9|3,7.8,6.2,-1.6,0.05214932126696833,0.05214932126696833,0.10666666666666666,0.10666666666666666,4,0,0.0,2022,0,0.0,513,0,0.0,1610,0,0.0,405,0,0.0,0.0,0.0
P1,P1_psd_bandpower_from_derivatives,PSD_ABSOLUTE_CHANNEL_BAND,ds006036__EO_or_photomark,AD_vs_CN,6,CN,AD,5,9|9|9|5|9,9|9|9|9|9,8.2,9.0,0.8,0.023529411764705882,0.023529411764705882,0.04444444444444444,0.04444444444444444,2,0,0.0,2132,0,0.0,533,0,0.0,2340,0,0.0,585,0,0.0,0.0,0.0
P1,P1_psd_bandpower_from_derivatives,PSD_ABSOLUTE_CHANNEL_BAND,ds006036__EO_or_photomark,AD_vs_CN,7,CN,AD,5,3|9|9|3|9,9|9|9|5|9,6.6,8.2,1.6,0.05,0.05,0.08888888888888888,0.08888888888888888,4,0,0.0,1722,0,0.0,423,0,0.0,2132,0,0.0,533,0,0.0,0.0,0.0
P1,P1_psd_bandpower_from_derivatives,PSD_ABSOLUTE_CHANNEL_BAND,ds006036__EO_or_photomark,AD_vs_CN,8,CN,AD,5,3|3|9|9|9,3|9|9|9|9,6.6,7.8,1.2,0.011764705882352941,0.011764705882352941,0.02222222222222222,0.02222222222222222,1,0,0.0,1722,0,0.0,423,0,0.0,2034,0,0.0,501,0,0.0,0.0,0.0
P1,P1_psd_bandpower_from_derivatives,PSD_ABSOLUTE_CHANNEL_BAND,ds006036__EO_or_photomark,AD_vs_CN,9,CN,AD,5,9|9|9|9|3,9|9|5|9|9,7.8,8.2,0.4,0.029946524064171122,0.029946524064171122,0.08888888888888888,0.08888888888888888,2,0,0.0,2022,0,0.0,513,0,0.0,2132,0,0.0,533,0,0.0,0.0,0.0
P1,P1_psd_bandpower_from_derivatives,PSD_ABSOLUTE_CHANNEL_BAND,ds006036__EO_or_photomark,AD_vs_CN,10,CN,AD,5,3|9|9|9|5,9|5|9|9|5,7.0,7.4,0.4,0.01818181818181818,0.01818181818181818,0.06666666666666667,0.06666666666666667,1,0,0.0,1822,0,0.0,453,0,0.0,1920,0,0.0,485,0,0.0,0.0,0.0
P1,P1_psd_bandpower_from_derivatives,PSD_ABSOLUTE_CHANNEL_BAND,ds006036__EO_or_photomark,AD_vs_CN,11,CN,AD,5,9|9|9|9|9,5|9|9|5|9,9.0,7.4,-1.6,0.023529411764705882,0.023529411764705882,0.04444444444444444,0.04444444444444444,2,0,0.0,2340,0,0.0,585,0,0.0,1928,0,0.0,477,0,0.0,0.0,0.0
P1,P1_psd_bandpower_from_derivatives,PSD_ABSOLUTE_CHANNEL_BAND,ds006036__EO_or_photomark,AD_vs_CN,12,CN,AD,5,9|5|9|9|9,9|9|9|9|9,8.2,9.0,0.8,0.04,0.04,0.06666666666666667,0.06666666666666667,3,0,0.0,2132,0,0.0,533,0,0.0,2340,0,0.0,585,0,0.0,0.0,0.0
P1,P1_psd_bandpower_from_derivatives,PSD_ABSOLUTE_CHANNEL_BAND,ds006036__EO_or_photomark,AD_vs_CN,13,CN,AD,5,9|9|9|9|9,5|5|9|5|5,9.0,5.8,-3.2,0.06993006993006992,0.06993006993006992,0.16,0.16,4,0,0.0,2340,0,0.0,585,0,0.0,1508,0,0.0,377,0,0.0,0.0,0.0
P1,P1_psd_bandpower_from_derivatives,PSD_ABSOLUTE_CHANNEL_BAND,ds006036__EO_or_photomark,AD_vs_CN,14,CN,AD,5,9|9|9|5|9,9|9|9|9|9,8.2,9.0,0.8,0.03676470588235294,0.03676470588235294,0.06666666666666667,0.06666666666666667,3,0,0.0,2132,0,0.0,533,0,0.0,2340,0,0.0,585,0,0.0,0.0,0.0
P1,P1_psd_bandpower_from_derivatives,PSD_ABSOLUTE_CHANNEL_BAND,ds006036__EO_or_photomark,AD_vs_CN,15,CN,AD,5,3|9|9|5|9,9|5|9|9|9,7.0,8.2,1.2,0.03676470588235294,0.03676470588235294,0.06666666666666667,0.06666666666666667,3,0,0.0,1826,0,0.0,449,0,0.0,2132,0,0.0,533,0,0.0,0.0,0.0
P1,P1_psd_bandpower_from_derivatives,PSD_ABSOLUTE_CHANNEL_BAND,ds006036__EO_or_photomark,AD_vs_CN,16,CN,AD,5,9|9|5|9|9,5|9|9|9|9,8.2,8.2,0.0,0.06631016042780748,0.06631016042780748,0.14222222222222222,0.14222222222222222,4,0,0.0,2132,0,0.0,533,0,0.0,2136,0,0.0,529,0,0.0,0.0,0.0
P1,P1_psd_bandpower_from_derivatives,PSD_ABSOLUTE_CHANNEL_BAND,ds006036__EO_or_photomark,AD_vs_CN,17,CN,AD,5,9|9|3|5|5,5|9|9|5|3,6.2,6.2,0.0,0.015384615384615385,0.015384615384615385,0.04,0.04,1,0,0.0,1608,0,0.0,407,0,0.0,1610,0,0.0,405,0,0.0,0.0,0.0
P1,P1_psd_bandpower_from_derivatives,PSD_ABSOLUTE_CHANNEL_BAND,ds006036__EO_or_photomark,AD_vs_CN,18,CN,AD,5,9|9|3|5|9,5|9|9|3|9,7.0,7.0,0.0,0.058333333333333334,0.058333333333333334,0.12444444444444444,0.12444444444444444,4,0,0.0,1820,0,0.0,455,0,0.0,1824,0,0.0,451,0,0.0,0.0,0.0
P1,P1_psd_bandpower_from_derivatives,PSD_ABSOLUTE_CHANNEL_BAND,ds006036__EO_or_photomark,AD_vs_CN,19,CN,AD,5,5|9|5|9|9,5|9|5|5|9,7.4,6.6,-0.8,0.011764705882352941,0.011764705882352941,0.02222222222222222,0.02222222222222222,1,0,0.0,1928,0,0.0,477,0,0.0,1720,0,0.0,425,0,0.0,0.0,0.0
P1,P1_psd_bandpower_from_derivatives,PSD_ABSOLUTE_CHANNEL_BAND,ds006036__EO_or_photomark,AD_vs_CN,20,CN,AD,5,9|5|1|5|9,5|9|9|9|9,5.8,8.2,2.4,0.025,0.025,0.04444444444444444,0.04444444444444444,2,0,0.0,1508,0,0.0,377,0,0.0,2136,0,0.0,529,0,0.0,0.0,0.0
P1,P1_psd_bandpower_from_derivatives,PSD_ABSOLUTE_CHANNEL_BAND,ds006036__EO_or_photomark,AD_vs_FTD,1,FTD,AD,5,9|9|9|9|9,9|9|9|9|9,9.0,9.0,0.0,0.047058823529411764,0.047058823529411764,0.08888888888888888,0.08888888888888888,4,0,0.0,2124,0,0.0,531,0,0.0,2124,0,0.0,531,0,0.0,0.0,0.0
P1,P1_psd_bandpower_from_derivatives,PSD_ABSOLUTE_CHANNEL_BAND,ds006036__EO_or_photomark,AD_vs_FTD,2,FTD,AD,5,9|9|9|9|9,5|9|9|9|9,9.0,8.2,-0.8,0.05214932126696833,0.05214932126696833,0.10666666666666666,0.10666666666666666,4,0,0.0,2124,0,0.0,531,0,0.0,1940,0,0.0,479,0,0.0,0.0,0.0
P1,P1_psd_bandpower_from_derivatives,PSD_ABSOLUTE_CHANNEL_BAND,ds006036__EO_or_photomark,AD_vs_FTD,3,FTD,AD,5,9|9|5|9|9,9|9|9|9|9,8.2,9.0,0.8,0.05214932126696833,0.05214932126696833,0.10666666666666666,0.10666666666666666,4,0,0.0,1936,0,0.0,483,0,0.0,2124,0,0.0,531,0,0.0,0.0,0.0
P1,P1_psd_bandpower_from_derivatives,PSD_ABSOLUTE_CHANNEL_BAND,ds006036__EO_or_photomark,AD_vs_FTD,4,FTD,AD,5,9|9|9|9|9,9|9|9|9|9,9.0,9.0,0.0,0.023529411764705882,0.023529411764705882,0.04444444444444444,0.04444444444444444,2,0,0.0,2124,0,0.0,531,0,0.0,2124,0,0.0,531,0,0.0,0.0,0.0
P1,P1_psd_bandpower_from_derivatives,PSD_ABSOLUTE_CHANNEL_BAND,ds006036__EO_or_photomark,AD_vs_FTD,5,FTD,AD,5,9|9|9|9|5,9|9|9|9|9,8.2,9.0,0.8,0.027149321266968326,0.027149321266968326,0.06222222222222222,0.06222222222222222,2,0,0.0,1932,0,0.0,487,0,0.0,2124,0,0.0,531,0,0.0,0.0,0.0
P1,P1_psd_bandpower_from_derivatives,PSD_ABSOLUTE_CHANNEL_BAND,ds006036__EO_or_photomark,AD_vs_FTD,6,FTD,AD,5,9|9|9|9|9,9|9|9|9|9,9.0,9.0,0.0,0.011764705882352941,0.011764705882352941,0.02222222222222222,0.02222222222222222,1,0,0.0,2124,0,0.0,531,0,0.0,2124,0,0.0,531,0,0.0,0.0,0.0
P1,P1_psd_bandpower_from_derivatives,PSD_ABSOLUTE_CHANNEL_BAND,ds006036__EO_or_photomark,AD_vs_FTD,7,FTD,AD,5,5|9|9|9|5,9|9|9|9|5,7.4,8.2,0.8,0.04038461538461539,0.04038461538461539,0.08444444444444445,0.08444444444444445,3,0,0.0,1748,0,0.0,435,0,0.0,1932,0,0.0,487,0,0.0,0.0,0.0
P1,P1_psd_bandpower_from_derivatives,PSD_ABSOLUTE_CHANNEL_BAND,ds006036__EO_or_photomark,AD_vs_FTD,8,FTD,AD,5,9|9|9|9|9,9|9|5|9|9,9.0,8.2,-0.8,0.0,0.0,0.0,0.0,0,0,,2124,0,0.0,531,0,0.0,1936,0,0.0,483,0,0.0,0.0,0.0
P1,P1_psd_bandpower_from_derivatives,PSD_ABSOLUTE_CHANNEL_BAND,ds006036__EO_or_photomark,AD_vs_FTD,9,FTD,AD,5,9|9|9|9|9,9|9|9|9|9,9.0,9.0,0.0,0.011764705882352941,0.011764705882352941,0.02222222222222222,0.02222222222222222,1,0,0.0,2124,0,0.0,531,0,0.0,2124,0,0.0,531,0,0.0,0.0,0.0
P1,P1_psd_bandpower_from_derivatives,PSD_ABSOLUTE_CHANNEL_BAND,ds006036__EO_or_photomark,AD_vs_FTD,10,FTD,AD,5,9|5|9|9|9,9|9|9|5|9,8.2,8.2,0.0,0.027149321266968326,0.027149321266968326,0.06222222222222222,0.06222222222222222,2,0,0.0,1936,0,0.0,483,0,0.0,1932,0,0.0,487,0,0.0,0.0,0.0
P1,P1_psd_bandpower_from_derivatives,PSD_ABSOLUTE_CHANNEL_BAND,ds006036__EO_or_photomark,AD_vs_FTD,11,FTD,AD,5,9|9|5|9|9,9|9|9|9|9,8.2,9.0,0.8,0.025,0.025,0.04444444444444444,0.04444444444444444,2,0,0.0,1936,0,0.0,483,0,0.0,2124,0,0.0,531,0,0.0,0.0,0.0
P1,P1_psd_bandpower_from_derivatives,PSD_ABSOLUTE_CHANNEL_BAND,ds006036__EO_or_photomark,AD_vs_FTD,12,FTD,AD,5,5|5|9|9|9,9|9|9|5|9,7.4,8.2,0.8,0.03891402714932127,0.03891402714932127,0.08444444444444445,0.08444444444444445,3,0,0.0,1752,0,0.0,431,0,0.0,1932,0,0.0,487,0,0.0,0.0,0.0
P1,P1_psd_bandpower_from_derivatives,PSD_ABSOLUTE_CHANNEL_BAND,ds006036__EO_or_photomark,AD_vs_FTD,13,FTD,AD,5,9|9|9|9|9,9|9|9|9|9,9.0,9.0,0.0,0.03529411764705882,0.03529411764705882,0.06666666666666667,0.06666666666666667,3,0,0.0,2124,0,0.0,531,0,0.0,2124,0,0.0,531,0,0.0,0.0,0.0
P1,P1_psd_bandpower_from_derivatives,PSD_ABSOLUTE_CHANNEL_BAND,ds006036__EO_or_photomark,AD_vs_FTD,14,FTD,AD,5,9|9|9|9|9,9|9|9|9|9,9.0,9.0,0.0,0.065,0.065,0.1111111111111111,0.1111111111111111,5,0,0.0,2124,0,0.0,531,0,0.0,2124,0,0.0,531,0,0.0,0.0,0.0
P1,P1_psd_bandpower_from_derivatives,PSD_ABSOLUTE_CHANNEL_BAND,ds006036__EO_or_photomark,AD_vs_FTD,15,FTD,AD,5,9|9|9|9|9,9|9|9|9|9,9.0,9.0,0.0,0.060294117647058824,0.060294117647058824,0.1111111111111111,0.1111111111111111,5,0,0.0,2124,0,0.0,531,0,0.0,2124,0,0.0,531,0,0.0,0.0,0.0
P1,P1_psd_bandpower_from_derivatives,PSD_ABSOLUTE_CHANNEL_BAND,ds006036__EO_or_photomark,AD_vs_FTD,16,FTD,AD,5,9|9|9|9|5,3|9|9|5|9,8.2,7.0,-1.2,0.015384615384615385,0.015384615384615385,0.04,0.04,1,0,0.0,1932,0,0.0,487,0,0.0,1656,0,0.0,409,0,0.0,0.0,0.0
P1,P1_psd_bandpower_from_derivatives,PSD_ABSOLUTE_CHANNEL_BAND,ds006036__EO_or_photomark,AD_vs_FTD,17,FTD,AD,5,9|9|9|9|9,5|9|9|9|9,9.0,8.2,-0.8,0.05214932126696833,0.05214932126696833,0.10666666666666666,0.10666666666666666,4,0,0.0,2124,0,0.0,531,0,0.0,1940,0,0.0,479,0,0.0,0.0,0.0
P1,P1_psd_bandpower_from_derivatives,PSD_ABSOLUTE_CHANNEL_BAND,ds006036__EO_or_photomark,AD_vs_FTD,18,FTD,AD,5,9|9|9|5|9,9|9|9|9|9,8.2,9.0,0.8,0.055384615384615386,0.055384615384615386,0.10666666666666666,0.10666666666666666,4,0,0.0,1932,0,0.0,487,0,0.0,2124,0,0.0,531,0,0.0,0.0,0.0
P1,P1_psd_bandpower_from_derivatives,PSD_ABSOLUTE_CHANNEL_BAND,ds006036__EO_or_photomark,AD_vs_FTD,19,FTD,AD,5,9|5|5|9|9,9|9|9|9|9,7.4,9.0,1.6,0.015384615384615385,0.015384615384615385,0.04,0.04,1,0,0.0,1748,0,0.0,435,0,0.0,2124,0,0.0,531,0,0.0,0.0,0.0
P1,P1_psd_bandpower_from_derivatives,PSD_ABSOLUTE_CHANNEL_BAND,ds006036__EO_or_photomark,AD_vs_FTD,20,FTD,AD,5,9|9|9|9|5,9|9|9|9|9,8.2,9.0,0.8,0.05214932126696833,0.05214932126696833,0.10666666666666666,0.10666666666666666,4,0,0.0,1932,0,0.0,487,0,0.0,2124,0,0.0,531,0,0.0,0.0,0.0
P1,P1_psd_bandpower_from_derivatives,PSD_ABSOLUTE_CHANNEL_BAND,ds006036__EO_or_photomark,CN_vs_FTD,1,CN,FTD,5,5|9|9|3|3,9|5|5|9|5,5.8,6.6,0.8,0.10909090909090909,0.10909090909090909,0.24,0.24,6,0,0.0,1198,0,0.0,310,0,0.0,1372,0,0.0,344,0,0.0,0.0,0.0
P1,P1_psd_bandpower_from_derivatives,PSD_ABSOLUTE_CHANNEL_BAND,ds006036__EO_or_photomark,CN_vs_FTD,2,CN,FTD,5,9|3|9|5|5,5|5|5|9|9,6.2,6.6,0.4,0.13076923076923078,0.13076923076923078,0.29333333333333333,0.29333333333333333,6,0,0.0,1286,0,0.0,326,0,0.0,1380,0,0.0,336,0,0.0,0.0,0.0
P1,P1_psd_bandpower_from_derivatives,PSD_ABSOLUTE_CHANNEL_BAND,ds006036__EO_or_photomark,CN_vs_FTD,3,CN,FTD,5,5|3|3|5|5,9|9|9|9|5,4.2,8.2,4.0,0.06818181818181818,0.06818181818181818,0.14666666666666667,0.14666666666666667,3,0,0.0,876,0,0.0,216,0,0.0,1700,0,0.0,432,0,0.0,0.0,0.0
P1,P1_psd_bandpower_from_derivatives,PSD_ABSOLUTE_CHANNEL_BAND,ds006036__EO_or_photomark,CN_vs_FTD,4,CN,FTD,5,3|3|9|5|9,9|9|9|5|9,5.8,8.2,2.4,0.04171122994652406,0.04171122994652406,0.1111111111111111,0.1111111111111111,3,0,0.0,1212,0,0.0,296,0,0.0,1704,0,0.0,428,0,0.0,0.0,0.0
P1,P1_psd_bandpower_from_derivatives,PSD_ABSOLUTE_CHANNEL_BAND,ds006036__EO_or_photomark,CN_vs_FTD,5,CN,FTD,5,5|5|9|9|5,5|3|9|5|9,6.6,6.2,-0.4,0.037606837606837605,0.037606837606837605,0.08,0.08,2,0,0.0,1372,0,0.0,344,0,0.0,1294,0,0.0,318,0,0.0,0.0,0.0
P1,P1_psd_bandpower_from_derivatives,PSD_ABSOLUTE_CHANNEL_BAND,ds006036__EO_or_photomark,CN_vs_FTD,6,CN,FTD,5,3|5|5|5|3,9|5|9|9|9,4.2,8.2,4.0,0.11928071928071927,0.11928071928071927,0.22666666666666666,0.22666666666666666,5,0,0.0,872,0,0.0,220,0,0.0,1708,0,0.0,424,0,0.0,0.0,0.0
P1,P1_psd_bandpower_from_derivatives,PSD_ABSOLUTE_CHANNEL_BAND,ds006036__EO_or_photomark,CN_vs_FTD,7,CN,FTD,5,3|5|9|9|5,3|5|9|9|5,6.2,6.2,0.0,0.13747899159663865,0.13747899159663865,0.20888888888888887,0.20888888888888887,7,0,0.0,1290,0,0.0,322,0,0.0,1290,0,0.0,322,0,0.0,0.0,0.0
P1,P1_psd_bandpower_from_derivatives,PSD_ABSOLUTE_CHANNEL_BAND,ds006036__EO_or_photomark,CN_vs_FTD,8,CN,FTD,5,5|9|9|9|3,9|3|3|9|9,7.0,6.6,-0.4,0.06136363636363636,0.06136363636363636,0.17777777777777776,0.17777777777777776,4,0,0.0,1450,0,0.0,370,0,0.0,1380,0,0.0,336,0,0.0,0.0,0.0
P1,P1_psd_bandpower_from_derivatives,PSD_ABSOLUTE_CHANNEL_BAND,ds006036__EO_or_photomark,CN_vs_FTD,9,CN,FTD,5,3|5|3|9|3,9|9|9|9|9,4.6,9.0,4.4,0.06327985739750445,0.06327985739750445,0.1688888888888889,0.1688888888888889,4,0,0.0,958,0,0.0,238,0,0.0,1872,0,0.0,468,0,0.0,0.0,0.0
P1,P1_psd_bandpower_from_derivatives,PSD_ABSOLUTE_CHANNEL_BAND,ds006036__EO_or_photomark,CN_vs_FTD,10,CN,FTD,5,3|3|9|9|9,9|9|3|9|3,6.6,6.6,0.0,0.0481283422459893,0.0481283422459893,0.15555555555555556,0.15555555555555556,3,0,0.0,1380,0,0.0,336,0,0.0,1368,0,0.0,348,0,0.0,0.0,0.0
P1,P1_psd_bandpower_from_derivatives,PSD_ABSOLUTE_CHANNEL_BAND,ds006036__EO_or_photomark,CN_vs_FTD,11,CN,FTD,5,9|5|5|5|3,9|9|9|9|9,5.4,9.0,3.6,0.07610037021801729,0.07610037021801729,0.2088888888888889,0.2088888888888889,5,0,0.0,1118,0,0.0,286,0,0.0,1872,0,0.0,468,0,0.0,0.0,0.0
P1,P1_psd_bandpower_from_derivatives,PSD_ABSOLUTE_CHANNEL_BAND,ds006036__EO_or_photomark,CN_vs_FTD,12,CN,FTD,5,3|9|5|9|9,9|5|9|5|9,7.0,7.4,0.4,0.06433566433566434,0.06433566433566434,0.18666666666666668,0.18666666666666668,4,0,0.0,1462,0,0.0,358,0,0.0,1540,0,0.0,384,0,0.0,0.0,0.0
P1,P1_psd_bandpower_from_derivatives,PSD_ABSOLUTE_CHANNEL_BAND,ds006036__EO_or_photomark,CN_vs_FTD,13,CN,FTD,5,9|1|9|3|9,9|3|9|9|9,6.2,7.8,1.6,0.1184313725490196,0.1184313725490196,0.28888888888888886,0.28888888888888886,5,0,0.0,1292,0,0.0,320,0,0.0,1626,0,0.0,402,0,0.0,0.0,0.0
P1,P1_psd_bandpower_from_derivatives,PSD_ABSOLUTE_CHANNEL_BAND,ds006036__EO_or_photomark,CN_vs_FTD,14,CN,FTD,5,9|3|5|9|9,5|3|9|5|9,7.0,6.2,-0.8,0.0579185520361991,0.0579185520361991,0.14222222222222222,0.14222222222222222,4,0,0.0,1462,0,0.0,358,0,0.0,1294,0,0.0,318,0,0.0,0.0,0.0
P1,P1_psd_bandpower_from_derivatives,PSD_ABSOLUTE_CHANNEL_BAND,ds006036__EO_or_photomark,CN_vs_FTD,15,CN,FTD,5,3|5|3|9|5,9|5|9|3|9,5.0,7.0,2.0,0.051515151515151514,0.051515151515151514,0.14666666666666667,0.14666666666666667,3,0,0.0,1044,0,0.0,256,0,0.0,1456,0,0.0,364,0,0.0,0.0,0.0
P1,P1_psd_bandpower_from_derivatives,PSD_ABSOLUTE_CHANNEL_BAND,ds006036__EO_or_photomark,CN_vs_FTD,16,CN,FTD,5,3|9|5|3|3,5|9|9|5|5,4.6,6.6,2.0,0.09381598793363499,0.09381598793363499,0.19555555555555554,0.19555555555555554,4,0,0.0,952,0,0.0,244,0,0.0,1368,0,0.0,348,0,0.0,0.0,0.0
P1,P1_psd_bandpower_from_derivatives,PSD_ABSOLUTE_CHANNEL_BAND,ds006036__EO_or_photomark,CN_vs_FTD,17,CN,FTD,5,9|5|3|3|5,5|9|3|9|9,5.0,7.0,2.0,0.08871794871794872,0.08871794871794872,0.18666666666666668,0.18666666666666668,4,0,0.0,1038,0,0.0,262,0,0.0,1462,0,0.0,358,0,0.0,0.0,0.0
P1,P1_psd_bandpower_from_derivatives,PSD_ABSOLUTE_CHANNEL_BAND,ds006036__EO_or_photomark,CN_vs_FTD,18,CN,FTD,5,3|5|3|5|3,9|5|9|5|9,3.8,7.4,3.6,0.0404040404040404,0.0404040404040404,0.10666666666666666,0.10666666666666666,2,0,0.0,790,0,0.0,198,0,0.0,1540,0,0.0,384,0,0.0,0.0,0.0
P1,P1_psd_bandpower_from_derivatives,PSD_ABSOLUTE_CHANNEL_BAND,ds006036__EO_or_photomark,CN_vs_FTD,19,CN,FTD,5,3|5|9|3|5,9|3|9|9|9,5.0,7.8,2.8,0.08031968031968031,0.08031968031968031,0.24,0.24,4,0,0.0,1038,0,0.0,262,0,0.0,1626,0,0.0,402,0,0.0,0.0,0.0
P1,P1_psd_bandpower_from_derivatives,PSD_ABSOLUTE_CHANNEL_BAND,ds006036__EO_or_photomark,CN_vs_FTD,20,CN,FTD,5,5|9|5|3|9,9|9|5|9|9,6.2,8.2,2.0,0.06113624937154349,0.06113624937154349,0.12444444444444444,0.12444444444444444,4,0,0.0,1292,0,0.0,320,0,0.0,1708,0,0.0,424,0,0.0,0.0,0.0
P1,P1_psd_bandpower_from_derivatives,PSD_REGION_ABSOLUTE,ds004504__EC,AD_FTD_vs_CN,1,CN,AD_FTD,5,3|5|5|3|3,9|9|9|5|9,3.8,8.2,4.4,0.28606060606060607,0.28606060606060607,0.6799999999999999,0.6799999999999999,13,0,0.0,1336,0,0.0,336,0,0.0,2888,0,0.0,720,0,0.0,0.0,0.0
P1,P1_psd_bandpower_from_derivatives,PSD_REGION_ABSOLUTE,ds004504__EC,AD_FTD_vs_CN,2,CN,AD_FTD,5,5|9|3|5|5,9|9|9|9|9,5.4,9.0,3.6,0.26104118104118107,0.26104118104118107,0.5599999999999999,0.5599999999999999,14,0,0.0,1900,0,0.0,476,0,0.0,3168,0,0.0,792,0,0.0,0.0,0.0
P1,P1_psd_bandpower_from_derivatives,PSD_REGION_ABSOLUTE,ds004504__EC,AD_FTD_vs_CN,3,CN,AD_FTD,5,3|3|3|9|5,9|1|9|9|9,4.6,7.4,2.8,0.2531024531024531,0.2531024531024531,0.5555555555555556,0.5555555555555556,13,0,0.0,1620,0,0.0,404,0,0.0,2608,0,0.0,648,0,0.0,0.0,0.0
P1,P1_psd_bandpower_from_derivatives,PSD_REGION_ABSOLUTE,ds004504__EC,AD_FTD_vs_CN,4,CN,AD_FTD,5,3|3|5|5|9,9|9|5|1|9,5.0,6.6,1.6,0.09858585858585858,0.09858585858585858,0.24,0.24,6,0,0.0,1768,0,0.0,432,0,0.0,2328,0,0.0,576,0,0.0,0.0,0.0
P1,P1_psd_bandpower_from_derivatives,PSD_REGION_ABSOLUTE,ds004504__EC,AD_FTD_vs_CN,5,CN,AD_FTD,5,9|3|5|3|9,5|9|9|9|9,5.8,8.2,2.4,0.16871794871794873,0.16871794871794873,0.4533333333333333,0.4533333333333333,10,0,0.0,2048,0,0.0,504,0,0.0,2888,0,0.0,720,0,0.0,0.0,0.0
P1,P1_psd_bandpower_from_derivatives,PSD_REGION_ABSOLUTE,ds004504__EC,AD_FTD_vs_CN,6,CN,AD_FTD,5,9|3|3|5|3,5|5|5|9|9,4.6,6.6,2.0,0.40205128205128204,0.40205128205128204,0.8,0.8,14,0,0.0,1616,0,0.0,408,0,0.0,2328,0,0.0,576,0,0.0,0.0,0.0
P1,P1_psd_bandpower_from_derivatives,PSD_REGION_ABSOLUTE,ds004504__EC,AD_FTD_vs_CN,7,CN,AD_FTD,5,3|9|5|9|5,9|5|9|3|9,6.2,7.0,0.8,0.23595959595959595,0.23595959595959595,0.56,0.56,12,0,0.0,2180,0,0.0,548,0,0.0,2468,0,0.0,612,0,0.0,0.0,0.0
P1,P1_psd_bandpower_from_derivatives,PSD_REGION_ABSOLUTE,ds004504__EC,AD_FTD_vs_CN,8,CN,AD_FTD,5,3|9|3|3|3,5|9|9|9|9,4.2,8.2,4.0,0.29714285714285715,0.29714285714285715,0.7555555555555555,0.7555555555555555,14,0,0.0,1476,0,0.0,372,0,0.0,2888,0,0.0,720,0,0.0,0.0,0.0
P1,P1_psd_bandpower_from_derivatives,PSD_REGION_ABSOLUTE,ds004504__EC,AD_FTD_vs_CN,9,CN,AD_FTD,5,3|5|3|3|3,9|9|9|9|9,3.4,9.0,5.6,0.15636363636363637,0.15636363636363637,0.42666666666666664,0.42666666666666664,8,0,0.0,1196,0,0.0,300,0,0.0,3168,0,0.0,792,0,0.0,0.0,0.0
P1,P1_psd_bandpower_from_derivatives,PSD_REGION_ABSOLUTE,ds004504__EC,AD_FTD_vs_CN,10,CN,AD_FTD,5,3|9|9|9|3,3|9|5|9|9,6.6,7.0,0.4,0.43230769230769234,0.43230769230769234,0.6177777777777778,0.6177777777777778,17,0,0.0,2316,0,0.0,588,0,0.0,2468,0,0.0,612,0,0.0,0.0,0.0
P1,P1_psd_bandpower_from_derivatives,PSD_REGION_ABSOLUTE,ds004504__EC,AD_FTD_vs_CN,11,CN,AD_FTD,5,5|3|3|3|9,9|3|9|9|9,4.6,7.8,3.2,0.39897435897435896,0.39897435897435896,0.6844444444444444,0.6844444444444444,14,0,0.0,1628,0,0.0,396,0,0.0,2748,0,0.0,684,0,0.0,0.0,0.0
P1,P1_psd_bandpower_from_derivatives,PSD_REGION_ABSOLUTE,ds004504__EC,AD_FTD_vs_CN,12,CN,AD_FTD,5,5|3|3|9|3,9|9|9|9|5,4.6,8.2,3.6,0.27813519813519816,0.27813519813519816,0.6311111111111111,0.6311111111111111,14,0,0.0,1616,0,0.0,408,0,0.0,2880,0,0.0,728,0,0.0,0.0,0.0
P1,P1_psd_bandpower_from_derivatives,PSD_REGION_ABSOLUTE,ds004504__EC,AD_FTD_vs_CN,13,CN,AD_FTD,5,5|5|5|9|3,9|3|9|9|9,5.4,7.8,2.4,0.2812121212121212,0.2812121212121212,0.6133333333333333,0.6133333333333333,14,0,0.0,1896,0,0.0,480,0,0.0,2748,0,0.0,684,0,0.0,0.0,0.0
P1,P1_psd_bandpower_from_derivatives,PSD_REGION_ABSOLUTE,ds004504__EC,AD_FTD_vs_CN,14,CN,AD_FTD,5,5|9|3|9|3,9|5|9|9|9,5.8,8.2,2.4,0.29631701631701635,0.29631701631701635,0.6577777777777778,0.6577777777777778,16,0,0.0,2036,0,0.0,516,0,0.0,2888,0,0.0,720,0,0.0,0.0,0.0
P1,P1_psd_bandpower_from_derivatives,PSD_REGION_ABSOLUTE,ds004504__EC,AD_FTD_vs_CN,15,CN,AD_FTD,5,3|5|3|3|9,9|3|9|9|9,4.6,7.8,3.2,0.2752380952380952,0.2752380952380952,0.6666666666666666,0.6666666666666666,14,0,0.0,1628,0,0.0,396,0,0.0,2748,0,0.0,684,0,0.0,0.0,0.0
P1,P1_psd_bandpower_from_derivatives,PSD_REGION_ABSOLUTE,ds004504__EC,AD_FTD_vs_CN,16,CN,AD_FTD,5,3|3|3|3|5,9|5|5|9|9,3.4,7.4,4.0,0.2733333333333333,0.2733333333333333,0.6799999999999999,0.6799999999999999,11,0,0.0,1200,0,0.0,296,0,0.0,2608,0,0.0,648,0,0.0,0.0,0.0
P1,P1_psd_bandpower_from_derivatives,PSD_REGION_ABSOLUTE,ds004504__EC,AD_FTD_vs_CN,17,CN,AD_FTD,5,3|5|3|3|9,9|9|9|9|3,4.6,7.8,3.2,0.21454545454545454,0.21454545454545454,0.6533333333333333,0.6533333333333333,11,0,0.0,1628,0,0.0,396,0,0.0,2736,0,0.0,696,0,0.0,0.0,0.0
P1,P1_psd_bandpower_from_derivatives,PSD_REGION_ABSOLUTE,ds004504__EC,AD_FTD_vs_CN,18,CN,AD_FTD,5,5|3|5|3|3,9|9|9|3|5,3.8,7.0,3.2,0.26871794871794874,0.26871794871794874,0.6,0.6,11,0,0.0,1336,0,0.0,336,0,0.0,2460,0,0.0,620,0,0.0,0.0,0.0
P1,P1_psd_bandpower_from_derivatives,PSD_REGION_ABSOLUTE,ds004504__EC,AD_FTD_vs_CN,19,CN,AD_FTD,5,9|3|5|3|9,5|9|9|9|9,5.8,8.2,2.4,0.25532467532467534,0.25532467532467534,0.5955555555555556,0.5955555555555556,14,0,0.0,2048,0,0.0,504,0,0.0,2888,0,0.0,720,0,0.0,0.0,0.0
P1,P1_psd_bandpower_from_derivatives,PSD_REGION_ABSOLUTE,ds004504__EC,AD_FTD_vs_CN,20,CN,AD_FTD,5,3|5|5|9|3,3|5|9|9|3,5.0,5.8,0.8,0.36025641025641025,0.36025641025641025,0.5377777777777778,0.5377777777777778,13,0,0.0,1756,0,0.0,444,0,0.0,2036,0,0.0,516,0,0.0,0.0,0.0
P1,P1_psd_bandpower_from_derivatives,PSD_REGION_ABSOLUTE,ds004504__EC,AD_vs_CN,1,CN,AD,5,3|9|3|9|5,3|9|5|3|3,5.8,4.6,-1.2,0.24865800865800866,0.24865800865800866,0.4888888888888889,0.4888888888888889,10,0,0.0,1510,0,0.0,375,0,0.0,1196,0,0.0,299,0,0.0,0.0,0.0
P1,P1_psd_bandpower_from_derivatives,PSD_REGION_ABSOLUTE,ds004504__EC,AD_vs_CN,2,CN,AD,5,3|9|9|3|5,3|3|9|5|3,5.8,4.6,-1.2,0.1854945054945055,0.1854945054945055,0.37777777777777777,0.37777777777777777,9,0,0.0,1510,0,0.0,375,0,0.0,1196,0,0.0,299,0,0.0,0.0,0.0
P1,P1_psd_bandpower_from_derivatives,PSD_REGION_ABSOLUTE,ds004504__EC,AD_vs_CN,3,CN,AD,5,3|5|9|9|3,9|3|9|5|3,5.8,5.8,0.0,0.31813519813519814,0.31813519813519814,0.6311111111111111,0.6311111111111111,14,0,0.0,1508,0,0.0,377,0,0.0,1502,0,0.0,383,0,0.0,0.0,0.0
P1,P1_psd_bandpower_from_derivatives,PSD_REGION_ABSOLUTE,ds004504__EC,AD_vs_CN,4,CN,AD,5,3|5|9|9|3,3|9|9|5|3,5.8,5.8,0.0,0.29515151515151516,0.29515151515151516,0.4888888888888889,0.4888888888888889,14,0,0.0,1508,0,0.0,377,0,0.0,1508,0,0.0,377,0,0.0,0.0,0.0
P1,P1_psd_bandpower_from_derivatives,PSD_REGION_ABSOLUTE,ds004504__EC,AD_vs_CN,5,CN,AD,5,3|9|9|3|5,9|5|5|9|5,5.8,6.6,0.8,0.30484848484848487,0.30484848484848487,0.6,0.6,13,0,0.0,1510,0,0.0,375,0,0.0,1712,0,0.0,433,0,0.0,0.0,0.0
P1,P1_psd_bandpower_from_derivatives,PSD_REGION_ABSOLUTE,ds004504__EC,AD_vs_CN,6,CN,AD,5,9|5|3|5|3,9|3|3|9|5,5.0,5.8,0.8,0.20857142857142857,0.20857142857142857,0.41333333333333333,0.41333333333333333,9,0,0.0,1294,0,0.0,331,0,0.0,1504,0,0.0,381,0,0.0,0.0,0.0
P1,P1_psd_bandpower_from_derivatives,PSD_REGION_ABSOLUTE,ds004504__EC,AD_vs_CN,7,CN,AD,5,3|5|9|9|5,3|5|5|9|9,6.2,6.2,0.0,0.3127994227994228,0.3127994227994228,0.5555555555555556,0.5555555555555556,15,0,0.0,1614,0,0.0,401,0,0.0,1618,0,0.0,397,0,0.0,0.0,0.0
P1,P1_psd_bandpower_from_derivatives,PSD_REGION_ABSOLUTE,ds004504__EC,AD_vs_CN,8,CN,AD,5,3|9|9|5|9,3|9|5|5|5,7.0,5.4,-1.6,0.3811111111111111,0.3811111111111111,0.64,0.64,18,0,0.0,1826,0,0.0,449,0,0.0,1406,0,0.0,349,0,0.0,0.0,0.0
P1,P1_psd_bandpower_from_derivatives,PSD_REGION_ABSOLUTE,ds004504__EC,AD_vs_CN,9,CN,AD,5,9|3|3|9|5,9|3|9|3|3,5.8,5.4,-0.4,0.18666666666666668,0.18666666666666668,0.4666666666666666,0.4666666666666666,9,0,0.0,1504,0,0.0,381,0,0.0,1398,0,0.0,357,0,0.0,0.0,0.0
P1,P1_psd_bandpower_from_derivatives,PSD_REGION_ABSOLUTE,ds004504__EC,AD_vs_CN,10,CN,AD,5,5|5|3|3|3,3|5|3|5|3,3.8,3.8,0.0,0.23555555555555555,0.23555555555555555,0.44,0.44,7,0,0.0,986,0,0.0,249,0,0.0,988,0,0.0,247,0,0.0,0.0,0.0
P1,P1_psd_bandpower_from_derivatives,PSD_REGION_ABSOLUTE,ds004504__EC,AD_vs_CN,11,CN,AD,5,9|5|9|9|3,3|3|9|5|9,7.0,5.8,-1.2,0.29216117216117216,0.29216117216117216,0.6711111111111111,0.6711111111111111,15,0,0.0,1814,0,0.0,461,0,0.0,1514,0,0.0,371,0,0.0,0.0,0.0
P1,P1_psd_bandpower_from_derivatives,PSD_REGION_ABSOLUTE,ds004504__EC,AD_vs_CN,12,CN,AD,5,3|9|9|3|9,5|5|9|3|5,6.6,5.4,-1.2,0.2926806526806527,0.2926806526806527,0.5511111111111111,0.5511111111111111,14,0,0.0,1722,0,0.0,423,0,0.0,1404,0,0.0,351,0,0.0,0.0,0.0
P1,P1_psd_bandpower_from_derivatives,PSD_REGION_ABSOLUTE,ds004504__EC,AD_vs_CN,13,CN,AD,5,3|3|3|9|5,9|3|3|9|5,4.6,5.8,1.2,0.3451048951048951,0.3451048951048951,0.5244444444444445,0.5244444444444445,12,0,0.0,1198,0,0.0,297,0,0.0,1504,0,0.0,381,0,0.0,0.0,0.0
P1,P1_psd_bandpower_from_derivatives,PSD_REGION_ABSOLUTE,ds004504__EC,AD_vs_CN,14,CN,AD,5,9|3|5|5|3,9|3|3|5|9,5.0,5.8,0.8,0.21402597402597404,0.21402597402597404,0.35555555555555557,0.35555555555555557,10,0,0.0,1294,0,0.0,331,0,0.0,1508,0,0.0,377,0,0.0,0.0,0.0
P1,P1_psd_bandpower_from_derivatives,PSD_REGION_ABSOLUTE,ds004504__EC,AD_vs_CN,15,CN,AD,5,3|3|3|3|3,3|5|3|5|9,3.0,5.0,2.0,0.1934199134199134,0.1934199134199134,0.39999999999999997,0.39999999999999997,6,0,0.0,780,0,0.0,195,0,0.0,1306,0,0.0,319,0,0.0,0.0,0.0
P1,P1_psd_bandpower_from_derivatives,PSD_REGION_ABSOLUTE,ds004504__EC,AD_vs_CN,16,CN,AD,5,3|9|3|3|3,5|9|3|5|5,4.2,5.4,1.2,0.2571428571428571,0.2571428571428571,0.39999999999999997,0.39999999999999997,10,0,0.0,1092,0,0.0,273,0,0.0,1404,0,0.0,351,0,0.0,0.0,0.0
P1,P1_psd_bandpower_from_derivatives,PSD_REGION_ABSOLUTE,ds004504__EC,AD_vs_CN,17,CN,AD,5,9|5|9|3|3,5|5|3|3|3,5.8,3.8,-2.0,0.25,0.25,0.5066666666666667,0.5066666666666667,10,0,0.0,1502,0,0.0,383,0,0.0,986,0,0.0,249,0,0.0,0.0,0.0
P1,P1_psd_bandpower_from_derivatives,PSD_REGION_ABSOLUTE,ds004504__EC,AD_vs_CN,18,CN,AD,5,9|9|9|3|9,9|3|5|5|3,7.8,5.0,-2.8,0.3381818181818182,0.3381818181818182,0.6799999999999999,0.6799999999999999,15,0,0.0,2028,0,0.0,507,0,0.0,1294,0,0.0,331,0,0.0,0.0,0.0
P1,P1_psd_bandpower_from_derivatives,PSD_REGION_ABSOLUTE,ds004504__EC,AD_vs_CN,19,CN,AD,5,5|9|5|9|9,5|9|3|3|9,7.4,5.8,-1.6,0.23439060939060938,0.23439060939060938,0.40888888888888886,0.40888888888888886,12,0,0.0,1928,0,0.0,477,0,0.0,1512,0,0.0,373,0,0.0,0.0,0.0
P1,P1_psd_bandpower_from_derivatives,PSD_REGION_ABSOLUTE,ds004504__EC,AD_vs_CN,20,CN,AD,5,3|3|3|5|5,9|9|3|3|5,3.8,5.8,2.0,0.35818181818181816,0.35818181818181816,0.6266666666666667,0.6266666666666667,11,0,0.0,990,0,0.0,245,0,0.0,1504,0,0.0,381,0,0.0,0.0,0.0
P1,P1_psd_bandpower_from_derivatives,PSD_REGION_ABSOLUTE,ds004504__EC,AD_vs_FTD,1,FTD,AD,5,9|9|3|9|9,5|9|5|5|9,7.8,6.6,-1.2,0.13200280112044818,0.13200280112044818,0.29333333333333333,0.29333333333333333,8,0,0.0,1842,0,0.0,459,0,0.0,1560,0,0.0,387,0,0.0,0.0,0.0
P1,P1_psd_bandpower_from_derivatives,PSD_REGION_ABSOLUTE,ds004504__EC,AD_vs_FTD,2,FTD,AD,5,9|9|9|5|9,9|9|5|9|9,8.2,8.2,0.0,0.08186274509803922,0.09509803921568627,0.1688888888888889,0.19111111111111112,7,1,0.14285714285714285,1932,0,0.0,487,0,0.0,1936,0,0.0,483,0,0.0,0.0,0.0
P1,P1_psd_bandpower_from_derivatives,PSD_REGION_ABSOLUTE,ds004504__EC,AD_vs_FTD,3,FTD,AD,5,5|9|5|9|9,5|3|5|9|9,7.4,6.2,-1.2,0.061764705882352944,0.061764705882352944,0.10222222222222223,0.10222222222222223,3,0,0.0,1752,0,0.0,431,0,0.0,1470,0,0.0,359,0,0.0,0.0,0.0
P1,P1_psd_bandpower_from_derivatives,PSD_REGION_ABSOLUTE,ds004504__EC,AD_vs_FTD,4,FTD,AD,5,9|9|9|9|5,9|9|1|9|9,8.2,7.4,-0.8,0.06714932126696833,0.06714932126696833,0.1288888888888889,0.1288888888888889,5,0,0.0,1932,0,0.0,487,0,0.0,1748,0,0.0,435,0,0.0,0.0,0.0
P1,P1_psd_bandpower_from_derivatives,PSD_REGION_ABSOLUTE,ds004504__EC,AD_vs_FTD,5,FTD,AD,5,9|5|9|9|5,9|9|5|9|9,7.4,8.2,0.8,0.10666666666666666,0.1184313725490196,0.22666666666666668,0.24888888888888888,8,1,0.125,1744,0,0.0,439,0,0.0,1936,0,0.0,483,0,0.0,0.0,0.0
P1,P1_psd_bandpower_from_derivatives,PSD_REGION_ABSOLUTE,ds004504__EC,AD_vs_FTD,6,FTD,AD,5,9|9|3|9|5,9|3|5|9|9,7.0,7.0,0.0,0.055384615384615386,0.055384615384615386,0.10666666666666666,0.10666666666666666,4,0,0.0,1650,0,0.0,415,0,0.0,1654,0,0.0,411,0,0.0,0.0,0.0
P1,P1_psd_bandpower_from_derivatives,PSD_REGION_ABSOLUTE,ds004504__EC,AD_vs_FTD,7,FTD,AD,5,9|9|9|9|9,9|9|9|9|5,9.0,8.2,-0.8,0.09067873303167422,0.13509803921568628,0.17333333333333334,0.2577777777777778,10,3,0.3,2124,0,0.0,531,0,0.0,1932,0,0.0,487,0,0.0,0.0,0.0
P1,P1_psd_bandpower_from_derivatives,PSD_REGION_ABSOLUTE,ds004504__EC,AD_vs_FTD,8,FTD,AD,5,9|9|9|9|9,5|5|9|9|9,9.0,7.4,-1.6,0.08253393665158372,0.10753393665158371,0.1688888888888889,0.21333333333333332,8,2,0.25,2124,0,0.0,531,0,0.0,1752,0,0.0,431,0,0.0,0.0,0.0
P1,P1_psd_bandpower_from_derivatives,PSD_REGION_ABSOLUTE,ds004504__EC,AD_vs_FTD,9,FTD,AD,5,9|9|9|9|5,5|9|3|5|9,8.2,6.2,-2.0,0.08895104895104895,0.08895104895104895,0.21333333333333332,0.21333333333333332,6,0,0.0,1932,0,0.0,487,0,0.0,1466,0,0.0,363,0,0.0,0.0,0.0
P1,P1_psd_bandpower_from_derivatives,PSD_REGION_ABSOLUTE,ds004504__EC,AD_vs_FTD,10,FTD,AD,5,9|9|5|9|9,5|9|9|9|3,8.2,7.0,-1.2,0.058333333333333334,0.058333333333333334,0.12444444444444444,0.12444444444444444,4,0,0.0,1936,0,0.0,483,0,0.0,1652,0,0.0,413,0,0.0,0.0,0.0
P1,P1_psd_bandpower_from_derivatives,PSD_REGION_ABSOLUTE,ds004504__EC,AD_vs_FTD,11,FTD,AD,5,9|9|9|5|9,3|3|9|5|3,8.2,4.6,-3.6,0.06994652406417112,0.06994652406417112,0.2222222222222222,0.2222222222222222,4,0,0.0,1932,0,0.0,487,0,0.0,1086,0,0.0,271,0,0.0,0.0,0.0
P1,P1_psd_bandpower_from_derivatives,PSD_REGION_ABSOLUTE,ds004504__EC,AD_vs_FTD,12,FTD,AD,5,9|9|5|5|9,9|9|9|9|9,7.4,9.0,1.6,0.09214932126696833,0.10538461538461538,0.17333333333333334,0.19555555555555554,8,1,0.125,1744,0,0.0,439,0,0.0,2124,0,0.0,531,0,0.0,0.0,0.0
P1,P1_psd_bandpower_from_derivatives,PSD_REGION_ABSOLUTE,ds004504__EC,AD_vs_FTD,13,FTD,AD,5,5|5|9|9|9,3|5|9|9|9,7.4,7.0,-0.4,0.1007936507936508,0.1157936507936508,0.19555555555555554,0.21777777777777776,7,1,0.14285714285714285,1752,0,0.0,431,0,0.0,1660,0,0.0,405,0,0.0,0.0,0.0
P1,P1_psd_bandpower_from_derivatives,PSD_REGION_ABSOLUTE,ds004504__EC,AD_vs_FTD,14,FTD,AD,5,9|9|9|9|9,9|5|1|3|5,9.0,4.6,-4.4,0.09151515151515152,0.09151515151515152,0.21333333333333332,0.21333333333333332,6,0,0.0,2124,0,0.0,531,0,0.0,1080,0,0.0,277,0,0.0,0.0,0.0
P1,P1_psd_bandpower_from_derivatives,PSD_REGION_ABSOLUTE,ds004504__EC,AD_vs_FTD,15,FTD,AD,5,9|9|3|5|9,9|3|9|3|9,7.0,6.6,-0.4,0.06994652406417112,0.06994652406417112,0.15555555555555556,0.15555555555555556,5,0,0.0,1650,0,0.0,415,0,0.0,1554,0,0.0,393,0,0.0,0.0,0.0
P1,P1_psd_bandpower_from_derivatives,PSD_REGION_ABSOLUTE,ds004504__EC,AD_vs_FTD,16,FTD,AD,5,5|5|9|9|5,9|9|5|9|9,6.6,8.2,1.6,0.11868131868131868,0.13663003663003662,0.24888888888888888,0.2888888888888889,9,1,0.1111111111111111,1560,0,0.0,387,0,0.0,1936,0,0.0,483,0,0.0,0.0,0.0
P1,P1_psd_bandpower_from_derivatives,PSD_REGION_ABSOLUTE,ds004504__EC,AD_vs_FTD,17,FTD,AD,5,9|5|9|5|9,9|9|3|3|9,7.4,6.6,-0.8,0.027149321266968326,0.027149321266968326,0.06222222222222222,0.06222222222222222,2,0,0.0,1744,0,0.0,439,0,0.0,1554,0,0.0,393,0,0.0,0.0,0.0
P1,P1_psd_bandpower_from_derivatives,PSD_REGION_ABSOLUTE,ds004504__EC,AD_vs_FTD,18,FTD,AD,5,5|9|9|9|9,5|9|9|3|3,8.2,5.8,-2.4,0.04,0.07532467532467532,0.06666666666666667,0.15555555555555556,5,2,0.4,1940,0,0.0,479,0,0.0,1364,0,0.0,347,0,0.0,0.0,0.0
P1,P1_psd_bandpower_from_derivatives,PSD_REGION_ABSOLUTE,ds004504__EC,AD_vs_FTD,19,FTD,AD,5,9|5|9|5|5,9|9|9|5|9,6.6,8.2,1.6,0.07714932126696833,0.09038461538461538,0.14222222222222222,0.16444444444444445,5,1,0.2,1552,0,0.0,395,0,0.0,1932,0,0.0,487,0,0.0,0.0,0.0
P1,P1_psd_bandpower_from_derivatives,PSD_REGION_ABSOLUTE,ds004504__EC,AD_vs_FTD,20,FTD,AD,5,9|9|9|9|9,9|5|9|9|9,9.0,8.2,-0.8,0.12214285714285714,0.12214285714285714,0.19999999999999998,0.19999999999999998,9,0,0.0,2124,0,0.0,531,0,0.0,1936,0,0.0,483,0,0.0,0.0,0.0
P1,P1_psd_bandpower_from_derivatives,PSD_REGION_ABSOLUTE,ds004504__EC,CN_vs_FTD,1,CN,FTD,5,3|3|3|1|3,9|9|9|9|5,2.6,8.2,5.6,0.18707070707070708,0.18707070707070708,0.6666666666666666,0.6666666666666666,8,0,0.0,540,0,0.0,136,0,0.0,1700,0,0.0,432,0,0.0,0.0,0.0
P1,P1_psd_bandpower_from_derivatives,PSD_REGION_ABSOLUTE,ds004504__EC,CN_vs_FTD,2,CN,FTD,5,9|3|3|9|3,5|9|9|9|9,5.4,8.2,2.8,0.11674825174825175,0.11674825174825175,0.3511111111111111,0.3511111111111111,7,0,0.0,1122,0,0.0,282,0,0.0,1708,0,0.0,424,0,0.0,0.0,0.0
P1,P1_psd_bandpower_from_derivatives,PSD_REGION_ABSOLUTE,ds004504__EC,CN_vs_FTD,3,CN,FTD,5,9|3|3|9|9,5|9|9|9|9,6.6,8.2,1.6,0.07033113944878651,0.07033113944878651,0.17333333333333334,0.17333333333333334,5,0,0.0,1380,0,0.0,336,0,0.0,1708,0,0.0,424,0,0.0,0.0,0.0
P1,P1_psd_bandpower_from_derivatives,PSD_REGION_ABSOLUTE,ds004504__EC,CN_vs_FTD,4,CN,FTD,5,5|9|3|3|5,5|9|9|5|9,5.0,7.4,2.4,0.12436008436008436,0.12436008436008436,0.27999999999999997,0.27999999999999997,7,0,0.0,1038,0,0.0,262,0,0.0,1540,0,0.0,384,0,0.0,0.0,0.0
P1,P1_psd_bandpower_from_derivatives,PSD_REGION_ABSOLUTE,ds004504__EC,CN_vs_FTD,5,CN,FTD,5,3|3|1|3|9,9|9|9|9|9,3.8,9.0,5.2,0.09858585858585858,0.09858585858585858,0.39999999999999997,0.39999999999999997,6,0,0.0,800,0,0.0,188,0,0.0,1872,0,0.0,468,0,0.0,0.0,0.0
P1,P1_psd_bandpower_from_derivatives,PSD_REGION_ABSOLUTE,ds004504__EC,CN_vs_FTD,6,CN,FTD,5,3|3|3|3|9,9|9|9|9|9,4.2,9.0,4.8,0.08812834224598931,0.08812834224598931,0.28888888888888886,0.28888888888888886,5,0,0.0,882,0,0.0,210,0,0.0,1872,0,0.0,468,0,0.0,0.0,0.0
P1,P1_psd_bandpower_from_derivatives,PSD_REGION_ABSOLUTE,ds004504__EC,CN_vs_FTD,7,CN,FTD,5,3|1|3|3|3,9|9|9|9|9,2.6,9.0,6.4,0.14343434343434344,0.14343434343434344,0.6,0.6,7,0,0.0,542,0,0.0,134,0,0.0,1872,0,0.0,468,0,0.0,0.0,0.0
P1,P1_psd_bandpower_from_derivatives,PSD_REGION_ABSOLUTE,ds004504__EC,CN_vs_FTD,8,CN,FTD,5,9|3|3|3|3,3|9|9|5|9,4.2,7.0,2.8,0.14493506493506494,0.14493506493506494,0.4666666666666666,0.4666666666666666,7,0,0.0,870,0,0.0,222,0,0.0,1458,0,0.0,362,0,0.0,0.0,0.0
P1,P1_psd_bandpower_from_derivatives,PSD_REGION_ABSOLUTE,ds004504__EC,CN_vs_FTD,9,CN,FTD,5,3|3|3|3|9,9|9|9|9|9,4.2,9.0,4.8,0.1638095238095238,0.1638095238095238,0.4222222222222222,0.4222222222222222,9,0,0.0,882,0,0.0,210,0,0.0,1872,0,0.0,468,0,0.0,0.0,0.0
P1,P1_psd_bandpower_from_derivatives,PSD_REGION_ABSOLUTE,ds004504__EC,CN_vs_FTD,10,CN,FTD,5,3|3|1|9|3,9|1|9|9|9,3.8,7.4,3.6,0.05216874628639334,0.05216874628639334,0.28888888888888886,0.28888888888888886,3,0,0.0,794,0,0.0,194,0,0.0,1544,0,0.0,380,0,0.0,0.0,0.0
P1,P1_psd_bandpower_from_derivatives,PSD_REGION_ABSOLUTE,ds004504__EC,CN_vs_FTD,11,CN,FTD,5,3|3|9|5|3,9|9|9|9|9,4.6,9.0,4.4,0.08812834224598931,0.08812834224598931,0.28888888888888886,0.28888888888888886,5,0,0.0,954,0,0.0,242,0,0.0,1872,0,0.0,468,0,0.0,0.0,0.0
P1,P1_psd_bandpower_from_derivatives,PSD_REGION_ABSOLUTE,ds004504__EC,CN_vs_FTD,12,CN,FTD,5,1|3|9|3|3,9|5|9|9|9,3.8,8.2,4.4,0.21216874628639334,0.21216874628639334,0.6222222222222222,0.6222222222222222,8,0,0.0,788,0,0.0,200,0,0.0,1708,0,0.0,424,0,0.0,0.0,0.0
P1,P1_psd_bandpower_from_derivatives,PSD_REGION_ABSOLUTE,ds004504__EC,CN_vs_FTD,13,CN,FTD,5,3|3|3|3|5,9|5|9|9|9,3.4,8.2,4.8,0.09151515151515152,0.09151515151515152,0.27999999999999997,0.27999999999999997,5,0,0.0,710,0,0.0,174,0,0.0,1708,0,0.0,424,0,0.0,0.0,0.0
P1,P1_psd_bandpower_from_derivatives,PSD_REGION_ABSOLUTE,ds004504__EC,CN_vs_FTD,14,CN,FTD,5,3|3|3|1|3,5|9|9|9|9,2.6,8.2,5.6,0.08715728715728716,0.08715728715728716,0.39999999999999997,0.39999999999999997,4,0,0.0,540,0,0.0,136,0,0.0,1708,0,0.0,424,0,0.0,0.0,0.0
P1,P1_psd_bandpower_from_derivatives,PSD_REGION_ABSOLUTE,ds004504__EC,CN_vs_FTD,15,CN,FTD,5,9|9|9|3|3,5|9|9|9|9,6.6,8.2,1.6,0.1904895104895105,0.1904895104895105,0.41777777777777775,0.41777777777777775,12,0,0.0,1362,0,0.0,354,0,0.0,1708,0,0.0,424,0,0.0,0.0,0.0
P1,P1_psd_bandpower_from_derivatives,PSD_REGION_ABSOLUTE,ds004504__EC,CN_vs_FTD,16,CN,FTD,5,3|9|3|3|3,9|9|9|9|9,4.2,9.0,4.8,0.12318181818181818,0.12318181818181818,0.37777777777777777,0.37777777777777777,7,0,0.0,870,0,0.0,222,0,0.0,1872,0,0.0,468,0,0.0,0.0,0.0
P1,P1_psd_bandpower_from_derivatives,PSD_REGION_ABSOLUTE,ds004504__EC,CN_vs_FTD,17,CN,FTD,5,3|3|3|3|1,5|3|9|9|5,2.6,6.2,3.6,0.16675324675324676,0.16675324675324676,0.5333333333333333,0.5333333333333333,6,0,0.0,538,0,0.0,138,0,0.0,1290,0,0.0,322,0,0.0,0.0,0.0
P1,P1_psd_bandpower_from_derivatives,PSD_REGION_ABSOLUTE,ds004504__EC,CN_vs_FTD,18,CN,FTD,5,9|5|1|3|3,9|3|9|5|5,4.2,6.2,2.0,0.1292250233426704,0.1292250233426704,0.4222222222222222,0.4222222222222222,5,0,0.0,870,0,0.0,222,0,0.0,1286,0,0.0,326,0,0.0,0.0,0.0
P1,P1_psd_bandpower_from_derivatives,PSD_REGION_ABSOLUTE,ds004504__EC,CN_vs_FTD,19,CN,FTD,5,3|1|3|5|1,9|9|5|9|9,2.6,8.2,5.6,0.12453102453102452,0.12453102453102452,0.6133333333333333,0.6133333333333333,6,0,0.0,540,0,0.0,136,0,0.0,1708,0,0.0,424,0,0.0,0.0,0.0
P1,P1_psd_bandpower_from_derivatives,PSD_REGION_ABSOLUTE,ds004504__EC,CN_vs_FTD,20,CN,FTD,5,3|9|3|3|3,5|3|9|9|9,4.2,7.0,2.8,0.06493506493506493,0.06493506493506493,0.19999999999999998,0.19999999999999998,3,0,0.0,870,0,0.0,222,0,0.0,1462,0,0.0,358,0,0.0,0.0,0.0
P1,P1_psd_bandpower_from_derivatives,PSD_REGION_ABSOLUTE,ds006036__EO_or_photomark,AD_FTD_vs_CN,1,CN,AD_FTD,5,9|9|5|9|9,5|5|5|9|5,8.2,5.8,-2.4,0.22035742035742034,0.22035742035742034,0.4311111111111111,0.4311111111111111,13,0,0.0,2888,0,0.0,720,0,0.0,2040,0,0.0,512,0,0.0,0.0,0.0
P1,P1_psd_bandpower_from_derivatives,PSD_REGION_ABSOLUTE,ds006036__EO_or_photomark,AD_FTD_vs_CN,2,CN,AD_FTD,5,5|9|9|9|9,5|9|5|9|9,8.2,7.4,-0.8,0.19452991452991453,0.19452991452991453,0.3244444444444444,0.3244444444444444,13,0,0.0,2888,0,0.0,720,0,0.0,2608,0,0.0,648,0,0.0,0.0,0.0
P1,P1_psd_bandpower_from_derivatives,PSD_REGION_ABSOLUTE,ds006036__EO_or_photomark,AD_FTD_vs_CN,3,CN,AD_FTD,5,5|9|5|9|5,5|9|3|9|5,6.6,6.2,-0.4,0.21507936507936506,0.21507936507936506,0.36444444444444446,0.36444444444444446,12,0,0.0,2320,0,0.0,584,0,0.0,2180,0,0.0,548,0,0.0,0.0,0.0
P1,P1_psd_bandpower_from_derivatives,PSD_REGION_ABSOLUTE,ds006036__EO_or_photomark,AD_FTD_vs_CN,4,CN,AD_FTD,5,3|9|9|9|5,5|9|9|3|9,7.0,7.0,0.0,0.22192307692307695,0.22192307692307695,0.4488888888888889,0.4488888888888889,13,0,0.0,2460,0,0.0,620,0,0.0,2468,0,0.0,612,0,0.0,0.0,0.0
P1,P1_psd_bandpower_from_derivatives,PSD_REGION_ABSOLUTE,ds006036__EO_or_photomark,AD_FTD_vs_CN,5,CN,AD_FTD,5,5|3|5|5|9,5|9|5|9|9,5.4,7.4,2.0,0.2122294372294372,0.2122294372294372,0.39111111111111113,0.39111111111111113,10,0,0.0,1908,0,0.0,468,0,0.0,2608,0,0.0,648,0,0.0,0.0,0.0
P1,P1_psd_bandpower_from_derivatives,PSD_REGION_ABSOLUTE,ds006036__EO_or_photomark,AD_FTD_vs_CN,6,CN,AD_FTD,5,9|9|9|9|5,9|9|9|5|9,8.2,8.2,0.0,0.2718531468531469,0.2718531468531469,0.4488888888888889,0.4488888888888889,17,0,0.0,2880,0,0.0,728,0,0.0,2888,0,0.0,720,0,0.0,0.0,0.0
P1,P1_psd_bandpower_from_derivatives,PSD_REGION_ABSOLUTE,ds006036__EO_or_photomark,AD_FTD_vs_CN,7,CN,AD_FTD,5,9|5|9|5|9,3|9|9|9|9,7.4,7.8,0.4,0.20503496503496504,0.20503496503496504,0.40444444444444444,0.40444444444444444,13,0,0.0,2608,0,0.0,648,0,0.0,2748,0,0.0,684,0,0.0,0.0,0.0
P1,P1_psd_bandpower_from_derivatives,PSD_REGION_ABSOLUTE,ds006036__EO_or_photomark,AD_FTD_vs_CN,8,CN,AD_FTD,5,5|9|3|5|5,9|9|9|9|5,5.4,8.2,2.8,0.23066045066045066,0.23066045066045066,0.4577777777777778,0.4577777777777778,13,0,0.0,1900,0,0.0,476,0,0.0,2880,0,0.0,728,0,0.0,0.0,0.0
P1,P1_psd_bandpower_from_derivatives,PSD_REGION_ABSOLUTE,ds006036__EO_or_photomark,AD_FTD_vs_CN,9,CN,AD_FTD,5,5|9|9|9|9,5|9|9|5|3,8.2,6.2,-2.0,0.2114150555327026,0.2114150555327026,0.4,0.4,12,0,0.0,2888,0,0.0,720,0,0.0,2176,0,0.0,552,0,0.0,0.0,0.0
P1,P1_psd_bandpower_from_derivatives,PSD_REGION_ABSOLUTE,ds006036__EO_or_photomark,AD_FTD_vs_CN,10,CN,AD_FTD,5,9|5|5|5|9,9|9|9|9|9,6.6,9.0,2.4,0.16124542124542124,0.16124542124542124,0.31555555555555553,0.31555555555555553,11,0,0.0,2328,0,0.0,576,0,0.0,3168,0,0.0,792,0,0.0,0.0,0.0
P1,P1_psd_bandpower_from_derivatives,PSD_REGION_ABSOLUTE,ds006036__EO_or_photomark,AD_FTD_vs_CN,11,CN,AD_FTD,5,9|5|9|9|9,9|5|9|5|9,8.2,7.4,-0.8,0.2423992673992674,0.2423992673992674,0.40444444444444444,0.40444444444444444,15,0,0.0,2888,0,0.0,720,0,0.0,2608,0,0.0,648,0,0.0,0.0,0.0
P1,P1_psd_bandpower_from_derivatives,PSD_REGION_ABSOLUTE,ds006036__EO_or_photomark,AD_FTD_vs_CN,12,CN,AD_FTD,5,5|9|9|3|5,3|9|5|9|9,6.2,7.0,0.8,0.19177489177489176,0.19177489177489176,0.4222222222222222,0.4222222222222222,11,0,0.0,2180,0,0.0,548,0,0.0,2468,0,0.0,612,0,0.0,0.0,0.0
P1,P1_psd_bandpower_from_derivatives,PSD_REGION_ABSOLUTE,ds006036__EO_or_photomark,AD_FTD_vs_CN,13,CN,AD_FTD,5,9|9|9|5|9,9|9|5|9|5,8.2,7.4,-0.8,0.23406593406593407,0.23406593406593407,0.44,0.44,15,0,0.0,2888,0,0.0,720,0,0.0,2600,0,0.0,656,0,0.0,0.0,0.0
P1,P1_psd_bandpower_from_derivatives,PSD_REGION_ABSOLUTE,ds006036__EO_or_photomark,AD_FTD_vs_CN,14,CN,AD_FTD,5,9|5|5|9|9,9|5|9|9|9,7.4,8.2,0.8,0.3155344655344655,0.3155344655344655,0.5111111111111111,0.5111111111111111,19,0,0.0,2608,0,0.0,648,0,0.0,2888,0,0.0,720,0,0.0,0.0,0.0
P1,P1_psd_bandpower_from_derivatives,PSD_REGION_ABSOLUTE,ds006036__EO_or_photomark,AD_FTD_vs_CN,15,CN,AD_FTD,5,5|9|9|3|5,9|9|9|9|5,6.2,8.2,2.0,0.25998445998445996,0.25998445998445996,0.41333333333333333,0.41333333333333333,15,0,0.0,2180,0,0.0,548,0,0.0,2880,0,0.0,728,0,0.0,0.0,0.0
P1,P1_psd_bandpower_from_derivatives,PSD_REGION_ABSOLUTE,ds006036__EO_or_photomark,AD_FTD_vs_CN,16,CN,AD_FTD,5,5|9|5|9|9,5|9|9|9|9,7.4,8.2,0.8,0.3155344655344655,0.3155344655344655,0.5111111111111111,0.5111111111111111,19,0,0.0,2608,0,0.0,648,0,0.0,2888,0,0.0,720,0,0.0,0.0,0.0
P1,P1_psd_bandpower_from_derivatives,PSD_REGION_ABSOLUTE,ds006036__EO_or_photomark,AD_FTD_vs_CN,17,CN,AD_FTD,5,9|9|9|3|9,5|9|9|3|9,7.8,7.0,-0.8,0.28575424575424574,0.28575424575424574,0.47555555555555556,0.47555555555555556,17,0,0.0,2748,0,0.0,684,0,0.0,2468,0,0.0,612,0,0.0,0.0,0.0
P1,P1_psd_bandpower_from_derivatives,PSD_REGION_ABSOLUTE,ds006036__EO_or_photomark,AD_FTD_vs_CN,18,CN,AD_FTD,5,5|9|5|9|9,3|5|9|9|5,7.4,6.2,-1.2,0.17216117216117216,0.17216117216117216,0.3377777777777778,0.3377777777777778,10,0,0.0,2608,0,0.0,648,0,0.0,2180,0,0.0,548,0,0.0,0.0,0.0
P1,P1_psd_bandpower_from_derivatives,PSD_REGION_ABSOLUTE,ds006036__EO_or_photomark,AD_FTD_vs_CN,19,CN,AD_FTD,5,9|5|3|3|9,5|5|5|9|9,5.8,6.6,0.8,0.2081818181818182,0.2081818181818182,0.42666666666666664,0.42666666666666664,10,0,0.0,2048,0,0.0,504,0,0.0,2328,0,0.0,576,0,0.0,0.0,0.0
P1,P1_psd_bandpower_from_derivatives,PSD_REGION_ABSOLUTE,ds006036__EO_or_photomark,AD_FTD_vs_CN,20,CN,AD_FTD,5,5|9|9|5|9,3|9|9|9|9,7.4,7.8,0.4,0.3169230769230769,0.3169230769230769,0.5244444444444445,0.5244444444444445,18,0,0.0,2608,0,0.0,648,0,0.0,2748,0,0.0,684,0,0.0,0.0,0.0
P1,P1_psd_bandpower_from_derivatives,PSD_REGION_ABSOLUTE,ds006036__EO_or_photomark,AD_vs_CN,1,CN,AD,5,5|5|5|5|5,3|9|9|9|9,5.0,7.8,2.8,0.11062271062271062,0.11062271062271062,0.26666666666666666,0.26666666666666666,6,0,0.0,1300,0,0.0,325,0,0.0,2034,0,0.0,501,0,0.0,0.0,0.0
P1,P1_psd_bandpower_from_derivatives,PSD_REGION_ABSOLUTE,ds006036__EO_or_photomark,AD_vs_CN,2,CN,AD,5,9|5|5|5|5,5|5|9|9|9,5.8,7.4,1.6,0.1141025641025641,0.1141025641025641,0.24000000000000002,0.24000000000000002,6,0,0.0,1504,0,0.0,381,0,0.0,1928,0,0.0,477,0,0.0,0.0,0.0
P1,P1_psd_bandpower_from_derivatives,PSD_REGION_ABSOLUTE,ds006036__EO_or_photomark,AD_vs_CN,3,CN,AD,5,5|9|5|5|5,9|9|9|9|9,5.8,9.0,3.2,0.10448717948717949,0.10448717948717949,0.24444444444444446,0.24444444444444446,7,0,0.0,1508,0,0.0,377,0,0.0,2340,0,0.0,585,0,0.0,0.0,0.0
P1,P1_psd_bandpower_from_derivatives,PSD_REGION_ABSOLUTE,ds006036__EO_or_photomark,AD_vs_CN,4,CN,AD,5,5|5|5|5|5,9|9|9|5|9,5.0,8.2,3.2,0.08205128205128205,0.08205128205128205,0.2,0.2,5,0,0.0,1300,0,0.0,325,0,0.0,2132,0,0.0,533,0,0.0,0.0,0.0
P1,P1_psd_bandpower_from_derivatives,PSD_REGION_ABSOLUTE,ds006036__EO_or_photomark,AD_vs_CN,5,CN,AD,5,5|5|3|5|5,3|5|9|9|9,4.6,7.0,2.4,0.12245532245532245,0.12245532245532245,0.27999999999999997,0.27999999999999997,5,0,0.0,1196,0,0.0,299,0,0.0,1826,0,0.0,449,0,0.0,0.0,0.0
P1,P1_psd_bandpower_from_derivatives,PSD_REGION_ABSOLUTE,ds006036__EO_or_photomark,AD_vs_CN,6,CN,AD,5,5|5|5|5|5,9|9|5|5|9,5.0,7.4,2.4,0.0905982905982906,0.0905982905982906,0.2,0.2,5,0,0.0,1300,0,0.0,325,0,0.0,1924,0,0.0,481,0,0.0,0.0,0.0
P1,P1_psd_bandpower_from_derivatives,PSD_REGION_ABSOLUTE,ds006036__EO_or_photomark,AD_vs_CN,7,CN,AD,5,5|5|5|9|5,9|9|5|9|9,5.8,8.2,2.4,0.17205128205128206,0.17205128205128206,0.3466666666666667,0.3466666666666667,10,0,0.0,1508,0,0.0,377,0,0.0,2132,0,0.0,533,0,0.0,0.0,0.0
P1,P1_psd_bandpower_from_derivatives,PSD_REGION_ABSOLUTE,ds006036__EO_or_photomark,AD_vs_CN,8,CN,AD,5,5|5|5|5|5,9|3|9|9|9,5.0,7.8,2.8,0.13076923076923078,0.13076923076923078,0.29333333333333333,0.29333333333333333,6,0,0.0,1300,0,0.0,325,0,0.0,2028,0,0.0,507,0,0.0,0.0,0.0
P1,P1_psd_bandpower_from_derivatives,PSD_REGION_ABSOLUTE,ds006036__EO_or_photomark,AD_vs_CN,9,CN,AD,5,3|5|5|5|5,9|9|5|9|9,4.6,8.2,3.6,0.10023310023310023,0.10023310023310023,0.26666666666666666,0.26666666666666666,6,0,0.0,1198,0,0.0,297,0,0.0,2132,0,0.0,533,0,0.0,0.0,0.0
P1,P1_psd_bandpower_from_derivatives,PSD_REGION_ABSOLUTE,ds006036__EO_or_photomark,AD_vs_CN,10,CN,AD,5,9|5|5|5|5,9|9|9|9|9,5.8,9.0,3.2,0.12124542124542124,0.12124542124542124,0.24888888888888888,0.24888888888888888,8,0,0.0,1504,0,0.0,381,0,0.0,2340,0,0.0,585,0,0.0,0.0,0.0
P1,P1_psd_bandpower_from_derivatives,PSD_REGION_ABSOLUTE,ds006036__EO_or_photomark,AD_vs_CN,11,CN,AD,5,9|5|5|5|5,9|9|5|9|9,5.8,8.2,2.4,0.19615384615384615,0.19615384615384615,0.3333333333333333,0.3333333333333333,11,0,0.0,1504,0,0.0,381,0,0.0,2132,0,0.0,533,0,0.0,0.0,0.0
P1,P1_psd_bandpower_from_derivatives,PSD_REGION_ABSOLUTE,ds006036__EO_or_photomark,AD_vs_CN,12,CN,AD,5,5|5|5|5|5,9|9|3|9|9,5.0,7.8,2.8,0.05934065934065934,0.05934065934065934,0.14666666666666667,0.14666666666666667,3,0,0.0,1300,0,0.0,325,0,0.0,2028,0,0.0,507,0,0.0,0.0,0.0
P1,P1_psd_bandpower_from_derivatives,PSD_REGION_ABSOLUTE,ds006036__EO_or_photomark,AD_vs_CN,13,CN,AD,5,9|9|5|5|9,9|9|5|9|9,7.4,8.2,0.8,0.17261904761904762,0.17261904761904762,0.3022222222222222,0.3022222222222222,12,0,0.0,1924,0,0.0,481,0,0.0,2132,0,0.0,533,0,0.0,0.0,0.0
P1,P1_psd_bandpower_from_derivatives,PSD_REGION_ABSOLUTE,ds006036__EO_or_photomark,AD_vs_CN,14,CN,AD,5,9|5|9|5|5,5|9|9|9|9,6.6,8.2,1.6,0.12124542124542124,0.12124542124542124,0.24888888888888888,0.24888888888888888,8,0,0.0,1712,0,0.0,433,0,0.0,2136,0,0.0,529,0,0.0,0.0,0.0
P1,P1_psd_bandpower_from_derivatives,PSD_REGION_ABSOLUTE,ds006036__EO_or_photomark,AD_vs_CN,15,CN,AD,5,3|9|5|9|5,5|3|5|9|9,6.2,6.2,0.0,0.15066045066045067,0.15066045066045067,0.2977777777777778,0.2977777777777778,9,0,0.0,1614,0,0.0,401,0,0.0,1616,0,0.0,399,0,0.0,0.0,0.0
P1,P1_psd_bandpower_from_derivatives,PSD_REGION_ABSOLUTE,ds006036__EO_or_photomark,AD_vs_CN,16,CN,AD,5,5|5|5|5|5,9|9|9|5|9,5.0,8.2,3.2,0.1294871794871795,0.1294871794871795,0.28,0.28,7,0,0.0,1300,0,0.0,325,0,0.0,2132,0,0.0,533,0,0.0,0.0,0.0
P1,P1_psd_bandpower_from_derivatives,PSD_REGION_ABSOLUTE,ds006036__EO_or_photomark,AD_vs_CN,17,CN,AD,5,9|5|5|5|5,3|9|5|9|9,5.8,7.0,1.2,0.12632478632478633,0.12632478632478633,0.3333333333333333,0.3333333333333333,7,0,0.0,1504,0,0.0,381,0,0.0,1826,0,0.0,449,0,0.0,0.0,0.0
P1,P1_psd_bandpower_from_derivatives,PSD_REGION_ABSOLUTE,ds006036__EO_or_photomark,AD_vs_CN,18,CN,AD,5,3|5|3|5|5,9|9|3|5|9,4.2,7.0,2.8,0.08912198912198913,0.08912198912198913,0.22666666666666668,0.22666666666666668,5,0,0.0,1094,0,0.0,271,0,0.0,1820,0,0.0,455,0,0.0,0.0,0.0
P1,P1_psd_bandpower_from_derivatives,PSD_REGION_ABSOLUTE,ds006036__EO_or_photomark,AD_vs_CN,19,CN,AD,5,5|5|5|5|5,9|9|9|9|9,5.0,9.0,4.0,0.07948717948717948,0.07948717948717948,0.2,0.2,5,0,0.0,1300,0,0.0,325,0,0.0,2340,0,0.0,585,0,0.0,0.0,0.0
P1,P1_psd_bandpower_from_derivatives,PSD_REGION_ABSOLUTE,ds006036__EO_or_photomark,AD_vs_CN,20,CN,AD,5,5|5|9|5|5,9|9|3|3|3,5.8,5.4,-0.4,0.0619047619047619,0.0619047619047619,0.14666666666666667,0.14666666666666667,3,0,0.0,1508,0,0.0,377,0,0.0,1398,0,0.0,357,0,0.0,0.0,0.0
P1,P1_psd_bandpower_from_derivatives,PSD_REGION_ABSOLUTE,ds006036__EO_or_photomark,AD_vs_FTD,1,FTD,AD,5,5|3|9|9|9,9|9|3|5|9,7.0,7.0,0.0,0.06136363636363636,0.06136363636363636,0.17777777777777776,0.17777777777777776,4,0,0.0,1658,0,0.0,407,0,0.0,1650,0,0.0,415,0,0.0,0.0,0.0
P1,P1_psd_bandpower_from_derivatives,PSD_REGION_ABSOLUTE,ds006036__EO_or_photomark,AD_vs_FTD,2,FTD,AD,5,9|9|9|5|3,5|9|9|9|9,7.0,8.2,1.2,0.12959001782531193,0.12959001782531193,0.3111111111111111,0.3111111111111111,8,0,0.0,1644,0,0.0,421,0,0.0,1940,0,0.0,479,0,0.0,0.0,0.0
P1,P1_psd_bandpower_from_derivatives,PSD_REGION_ABSOLUTE,ds006036__EO_or_photomark,AD_vs_FTD,3,FTD,AD,5,5|9|3|5|5,9|9|9|5|9,5.4,8.2,2.8,0.08811188811188811,0.08811188811188811,0.22666666666666666,0.22666666666666666,5,0,0.0,1274,0,0.0,319,0,0.0,1932,0,0.0,487,0,0.0,0.0,0.0
P1,P1_psd_bandpower_from_derivatives,PSD_REGION_ABSOLUTE,ds006036__EO_or_photomark,AD_vs_FTD,4,FTD,AD,5,5|5|9|9|5,9|5|9|9|9,6.6,8.2,1.6,0.0626068376068376,0.0626068376068376,0.12444444444444444,0.12444444444444444,4,0,0.0,1560,0,0.0,387,0,0.0,1936,0,0.0,483,0,0.0,0.0,0.0
P1,P1_psd_bandpower_from_derivatives,PSD_REGION_ABSOLUTE,ds006036__EO_or_photomark,AD_vs_FTD,5,FTD,AD,5,9|9|9|5|5,9|9|9|9|9,7.4,9.0,1.6,0.06048265460030166,0.06048265460030166,0.14222222222222222,0.14222222222222222,4,0,0.0,1740,0,0.0,443,0,0.0,2124,0,0.0,531,0,0.0,0.0,0.0
P1,P1_psd_bandpower_from_derivatives,PSD_REGION_ABSOLUTE,ds006036__EO_or_photomark,AD_vs_FTD,6,FTD,AD,5,9|9|5|3|3,9|9|9|9|9,5.8,9.0,3.2,0.1035129576306047,0.13174825174825175,0.2622222222222222,0.30666666666666664,9,2,0.2222222222222222,1360,0,0.0,351,0,0.0,2124,0,0.0,531,0,0.0,0.0,0.0
P1,P1_psd_bandpower_from_derivatives,PSD_REGION_ABSOLUTE,ds006036__EO_or_photomark,AD_vs_FTD,7,FTD,AD,5,9|9|3|9|9,9|9|9|5|5,7.8,7.4,-0.4,0.045098039215686274,0.045098039215686274,0.10222222222222223,0.10222222222222223,3,0,0.0,1842,0,0.0,459,0,0.0,1740,0,0.0,443,0,0.0,0.0,0.0
P1,P1_psd_bandpower_from_derivatives,PSD_REGION_ABSOLUTE,ds006036__EO_or_photomark,AD_vs_FTD,8,FTD,AD,5,3|3|5|5|9,9|9|9|9|5,5.0,8.2,3.2,0.14326340326340326,0.16447552447552446,0.37333333333333335,0.41333333333333333,9,1,0.1111111111111111,1186,0,0.0,289,0,0.0,1932,0,0.0,487,0,0.0,0.0,0.0
P1,P1_psd_bandpower_from_derivatives,PSD_REGION_ABSOLUTE,ds006036__EO_or_photomark,AD_vs_FTD,9,FTD,AD,5,9|5|9|3|9,9|9|9|5|9,7.0,8.2,1.2,0.09714285714285714,0.09714285714285714,0.15555555555555556,0.15555555555555556,7,0,0.0,1648,0,0.0,417,0,0.0,1932,0,0.0,487,0,0.0,0.0,0.0
P1,P1_psd_bandpower_from_derivatives,PSD_REGION_ABSOLUTE,ds006036__EO_or_photomark,AD_vs_FTD,10,FTD,AD,5,5|9|9|9|5,9|9|9|9|5,7.4,8.2,0.8,0.14946311858076564,0.16446311858076562,0.27555555555555555,0.29777777777777775,11,1,0.09090909090909091,1748,0,0.0,435,0,0.0,1932,0,0.0,487,0,0.0,0.0,0.0
P1,P1_psd_bandpower_from_derivatives,PSD_REGION_ABSOLUTE,ds006036__EO_or_photomark,AD_vs_FTD,11,FTD,AD,5,9|9|5|9|3,9|9|9|9|9,7.0,9.0,2.0,0.07994652406417112,0.09318181818181819,0.17777777777777776,0.19999999999999998,7,1,0.14285714285714285,1648,0,0.0,417,0,0.0,2124,0,0.0,531,0,0.0,0.0,0.0
P1,P1_psd_bandpower_from_derivatives,PSD_REGION_ABSOLUTE,ds006036__EO_or_photomark,AD_vs_FTD,12,FTD,AD,5,5|9|3|3|3,9|5|9|9|9,4.6,8.2,3.6,0.05174825174825175,0.05174825174825175,0.17333333333333334,0.17333333333333334,3,0,0.0,1082,0,0.0,275,0,0.0,1936,0,0.0,483,0,0.0,0.0,0.0
P1,P1_psd_bandpower_from_derivatives,PSD_REGION_ABSOLUTE,ds006036__EO_or_photomark,AD_vs_FTD,13,FTD,AD,5,3|5|9|9|5,9|9|9|9|9,6.2,9.0,2.8,0.09214932126696833,0.09214932126696833,0.24,0.24,6,0,0.0,1468,0,0.0,361,0,0.0,2124,0,0.0,531,0,0.0,0.0,0.0
P1,P1_psd_bandpower_from_derivatives,PSD_REGION_ABSOLUTE,ds006036__EO_or_photomark,AD_vs_FTD,14,FTD,AD,5,5|5|5|5|5,9|9|9|9|5,5.0,8.2,3.2,0.06837606837606838,0.06837606837606838,0.16,0.16,4,0,0.0,1180,0,0.0,295,0,0.0,1932,0,0.0,487,0,0.0,0.0,0.0
P1,P1_psd_bandpower_from_derivatives,PSD_REGION_ABSOLUTE,ds006036__EO_or_photomark,AD_vs_FTD,15,FTD,AD,5,9|3|3|9|5,9|9|9|9|9,5.8,9.0,3.2,0.06351295763060469,0.07674825174825176,0.19555555555555554,0.21777777777777776,5,1,0.2,1368,0,0.0,343,0,0.0,2124,0,0.0,531,0,0.0,0.0,0.0
P1,P1_psd_bandpower_from_derivatives,PSD_REGION_ABSOLUTE,ds006036__EO_or_photomark,AD_vs_FTD,16,FTD,AD,5,5|9|3|3|5,9|9|9|9|9,5.0,9.0,4.0,0.09151515151515152,0.09151515151515152,0.21333333333333332,0.21333333333333332,6,0,0.0,1178,0,0.0,297,0,0.0,2124,0,0.0,531,0,0.0,0.0,0.0
P1,P1_psd_bandpower_from_derivatives,PSD_REGION_ABSOLUTE,ds006036__EO_or_photomark,AD_vs_FTD,17,FTD,AD,5,5|3|5|3|3,9|9|9|9|9,3.8,9.0,5.2,0.03636363636363636,0.03636363636363636,0.13333333333333333,0.13333333333333333,2,0,0.0,894,0,0.0,227,0,0.0,2124,0,0.0,531,0,0.0,0.0,0.0
P1,P1_psd_bandpower_from_derivatives,PSD_REGION_ABSOLUTE,ds006036__EO_or_photomark,AD_vs_FTD,18,FTD,AD,5,9|9|9|9|9,5|9|9|3|9,9.0,7.0,-2.0,0.09214932126696833,0.09214932126696833,0.17333333333333334,0.17333333333333334,7,0,0.0,2124,0,0.0,531,0,0.0,1652,0,0.0,413,0,0.0,0.0,0.0
P1,P1_psd_bandpower_from_derivatives,PSD_REGION_ABSOLUTE,ds006036__EO_or_photomark,AD_vs_FTD,19,FTD,AD,5,9|5|9|3|3,5|9|9|9|9,5.8,8.2,2.4,0.10586080586080586,0.10586080586080586,0.2088888888888889,0.2088888888888889,7,0,0.0,1360,0,0.0,351,0,0.0,1940,0,0.0,479,0,0.0,0.0,0.0
P1,P1_psd_bandpower_from_derivatives,PSD_REGION_ABSOLUTE,ds006036__EO_or_photomark,AD_vs_FTD,20,FTD,AD,5,9|5|3|5|9,5|9|9|9|9,6.2,8.2,2.0,0.058333333333333334,0.058333333333333334,0.12444444444444444,0.12444444444444444,4,0,0.0,1462,0,0.0,367,0,0.0,1940,0,0.0,479,0,0.0,0.0,0.0
P1,P1_psd_bandpower_from_derivatives,PSD_REGION_ABSOLUTE,ds006036__EO_or_photomark,CN_vs_FTD,1,CN,FTD,5,9|9|9|9|9,5|9|9|9|9,9.0,8.2,-0.8,0.3583838383838384,0.3583838383838384,0.5555555555555556,0.5555555555555556,21,0,0.0,1872,0,0.0,468,0,0.0,1708,0,0.0,424,0,0.0,0.0,0.0
P1,P1_psd_bandpower_from_derivatives,PSD_REGION_ABSOLUTE,ds006036__EO_or_photomark,CN_vs_FTD,2,CN,FTD,5,9|9|9|9|5,9|9|9|5|5,8.2,7.4,-0.8,0.3269230769230769,0.3269230769230769,0.43555555555555553,0.43555555555555553,18,0,0.0,1700,0,0.0,432,0,0.0,1532,0,0.0,392,0,0.0,0.0,0.0
P1,P1_psd_bandpower_from_derivatives,PSD_REGION_ABSOLUTE,ds006036__EO_or_photomark,CN_vs_FTD,3,CN,FTD,5,9|9|9|9|9,5|5|9|9|9,9.0,7.4,-1.6,0.30623376623376625,0.30623376623376625,0.5288888888888889,0.5288888888888889,19,0,0.0,1872,0,0.0,468,0,0.0,1544,0,0.0,380,0,0.0,0.0,0.0
P1,P1_psd_bandpower_from_derivatives,PSD_REGION_ABSOLUTE,ds006036__EO_or_photomark,CN_vs_FTD,4,CN,FTD,5,5|9|9|9|5,3|9|9|9|9,7.4,7.8,0.4,0.38255078255078256,0.38255078255078256,0.6088888888888889,0.6088888888888889,21,0,0.0,1536,0,0.0,388,0,0.0,1626,0,0.0,402,0,0.0,0.0,0.0
P1,P1_psd_bandpower_from_derivatives,PSD_REGION_ABSOLUTE,ds006036__EO_or_photomark,CN_vs_FTD,5,CN,FTD,5,9|5|9|9|5,9|5|9|9|9,7.4,8.2,0.8,0.38263736263736264,0.38263736263736264,0.5911111111111111,0.5911111111111111,21,0,0.0,1536,0,0.0,388,0,0.0,1708,0,0.0,424,0,0.0,0.0,0.0
P1,P1_psd_bandpower_from_derivatives,PSD_REGION_ABSOLUTE,ds006036__EO_or_photomark,CN_vs_FTD,6,CN,FTD,5,3|9|9|9|9,9|5|9|9|9,7.8,8.2,0.4,0.20708938120702827,0.20708938120702827,0.40444444444444444,0.40444444444444444,13,0,0.0,1626,0,0.0,402,0,0.0,1708,0,0.0,424,0,0.0,0.0,0.0
P1,P1_psd_bandpower_from_derivatives,PSD_REGION_ABSOLUTE,ds006036__EO_or_photomark,CN_vs_FTD,7,CN,FTD,5,9|9|9|9|9,9|3|9|5|9,9.0,7.0,-2.0,0.22010489510489512,0.22010489510489512,0.35555555555555557,0.35555555555555557,14,0,0.0,1872,0,0.0,468,0,0.0,1458,0,0.0,362,0,0.0,0.0,0.0
P1,P1_psd_bandpower_from_derivatives,PSD_REGION_ABSOLUTE,ds006036__EO_or_photomark,CN_vs_FTD,8,CN,FTD,5,9|9|9|9|9,9|9|9|9|3,9.0,7.8,-1.2,0.22319327731092437,0.22319327731092437,0.4222222222222222,0.4222222222222222,15,0,0.0,1872,0,0.0,468,0,0.0,1614,0,0.0,414,0,0.0,0.0,0.0
P1,P1_psd_bandpower_from_derivatives,PSD_REGION_ABSOLUTE,ds006036__EO_or_photomark,CN_vs_FTD,9,CN,FTD,5,9|9|9|3|9,5|5|9|3|9,7.8,6.2,-1.6,0.27714285714285714,0.27714285714285714,0.4488888888888889,0.4488888888888889,15,0,0.0,1620,0,0.0,408,0,0.0,1292,0,0.0,320,0,0.0,0.0,0.0
P1,P1_psd_bandpower_from_derivatives,PSD_REGION_ABSOLUTE,ds006036__EO_or_photomark,CN_vs_FTD,10,CN,FTD,5,9|9|3|9|9,9|9|9|3|9,7.8,7.8,0.0,0.25627705627705627,0.25627705627705627,0.5333333333333333,0.5333333333333333,16,0,0.0,1626,0,0.0,402,0,0.0,1620,0,0.0,408,0,0.0,0.0,0.0
P1,P1_psd_bandpower_from_derivatives,PSD_REGION_ABSOLUTE,ds006036__EO_or_photomark,CN_vs_FTD,11,CN,FTD,5,9|9|5|9|9,5|9|5|9|9,8.2,7.4,-0.8,0.3168942168942169,0.3168942168942169,0.47555555555555556,0.47555555555555556,19,0,0.0,1708,0,0.0,424,0,0.0,1544,0,0.0,380,0,0.0,0.0,0.0
P1,P1_psd_bandpower_from_derivatives,PSD_REGION_ABSOLUTE,ds006036__EO_or_photomark,CN_vs_FTD,12,CN,FTD,5,3|9|9|9|9,9|9|3|9|9,7.8,7.8,0.0,0.28095238095238095,0.28095238095238095,0.5111111111111111,0.5111111111111111,17,0,0.0,1626,0,0.0,402,0,0.0,1626,0,0.0,402,0,0.0,0.0,0.0
P1,P1_psd_bandpower_from_derivatives,PSD_REGION_ABSOLUTE,ds006036__EO_or_photomark,CN_vs_FTD,13,CN,FTD,5,9|5|9|5|9,9|5|9|3|5,7.4,6.2,-1.2,0.2685425685425685,0.2685425685425685,0.4311111111111111,0.4311111111111111,15,0,0.0,1540,0,0.0,384,0,0.0,1284,0,0.0,328,0,0.0,0.0,0.0
P1,P1_psd_bandpower_from_derivatives,PSD_REGION_ABSOLUTE,ds006036__EO_or_photomark,CN_vs_FTD,14,CN,FTD,5,9|9|5|5|9,9|9|9|9|9,7.4,9.0,1.6,0.27646853146853145,0.27646853146853145,0.5022222222222222,0.5022222222222222,17,0,0.0,1540,0,0.0,384,0,0.0,1872,0,0.0,468,0,0.0,0.0,0.0
P1,P1_psd_bandpower_from_derivatives,PSD_REGION_ABSOLUTE,ds006036__EO_or_photomark,CN_vs_FTD,15,CN,FTD,5,9|9|9|5|9,9|5|3|9|9,8.2,7.0,-1.2,0.2831818181818182,0.2831818181818182,0.4488888888888889,0.4488888888888889,15,0,0.0,1704,0,0.0,428,0,0.0,1462,0,0.0,358,0,0.0,0.0,0.0
P1,P1_psd_bandpower_from_derivatives,PSD_REGION_ABSOLUTE,ds006036__EO_or_photomark,CN_vs_FTD,16,CN,FTD,5,9|5|9|9|9,9|9|9|9|3,8.2,7.8,-0.4,0.1908008658008658,0.1908008658008658,0.3688888888888889,0.3688888888888889,13,0,0.0,1708,0,0.0,424,0,0.0,1614,0,0.0,414,0,0.0,0.0,0.0
P1,P1_psd_bandpower_from_derivatives,PSD_REGION_ABSOLUTE,ds006036__EO_or_photomark,CN_vs_FTD,17,CN,FTD,5,9|9|9|5|3,9|9|9|5|9,7.0,8.2,1.2,0.17222222222222222,0.17222222222222222,0.2622222222222222,0.2622222222222222,11,0,0.0,1446,0,0.0,374,0,0.0,1704,0,0.0,428,0,0.0,0.0,0.0
P1,P1_psd_bandpower_from_derivatives,PSD_REGION_ABSOLUTE,ds006036__EO_or_photomark,CN_vs_FTD,18,CN,FTD,5,9|9|3|3|5,9|9|9|5|9,5.8,8.2,2.4,0.21798201798201797,0.21798201798201797,0.3511111111111111,0.3511111111111111,13,0,0.0,1202,0,0.0,306,0,0.0,1704,0,0.0,428,0,0.0,0.0,0.0
P1,P1_psd_bandpower_from_derivatives,PSD_REGION_ABSOLUTE,ds006036__EO_or_photomark,CN_vs_FTD,19,CN,FTD,5,9|5|5|9|9,9|9|3|9|3,7.4,6.6,-0.8,0.265,0.265,0.5244444444444444,0.5244444444444444,14,0,0.0,1544,0,0.0,380,0,0.0,1368,0,0.0,348,0,0.0,0.0,0.0
P1,P1_psd_bandpower_from_derivatives,PSD_REGION_ABSOLUTE,ds006036__EO_or_photomark,CN_vs_FTD,20,CN,FTD,5,5|5|9|5|9,9|9|3|9|9,6.6,7.8,1.2,0.17919413919413918,0.17919413919413918,0.4222222222222222,0.4222222222222222,11,0,0.0,1376,0,0.0,340,0,0.0,1626,0,0.0,402,0,0.0,0.0,0.0
