split_family,layer,world,condition,task,repeat_id,negative_class,positive_class,oof_subject_n,outer_fold_n,original_accuracy,adjusted_accuracy,delta_accuracy_adjusted_minus_original,original_balanced_accuracy,adjusted_balanced_accuracy,delta_balanced_accuracy_adjusted_minus_original,original_macro_f1,adjusted_macro_f1,delta_macro_f1_adjusted_minus_original,original_mcc,adjusted_mcc,delta_mcc_adjusted_minus_original,original_precision_negative,adjusted_precision_negative,delta_precision_negative_adjusted_minus_original,original_recall_negative,adjusted_recall_negative,delta_recall_negative_adjusted_minus_original,original_f1_negative,adjusted_f1_negative,delta_f1_negative_adjusted_minus_original,original_support_negative,adjusted_support_negative,delta_support_negative_adjusted_minus_original,original_precision_positive,adjusted_precision_positive,delta_precision_positive_adjusted_minus_original,original_recall_positive,adjusted_recall_positive,delta_recall_positive_adjusted_minus_original,original_f1_positive,adjusted_f1_positive,delta_f1_positive_adjusted_minus_original,original_support_positive,adjusted_support_positive,delta_support_positive_adjusted_minus_original,original_tp,adjusted_tp,delta_tp_adjusted_minus_original,original_tn,adjusted_tn,delta_tn_adjusted_minus_original,original_fp,adjusted_fp,delta_fp_adjusted_minus_original,original_fn,adjusted_fn,delta_fn_adjusted_minus_original,prediction_changed_n,prediction_changed_proportion,correct_to_incorrect_n,correct_to_incorrect_proportion,incorrect_to_correct_n,incorrect_to_correct_proportion,net_correct_change_n
P0,P0_derivative_amplitude_deciles,DERIVED_DECILES_ALL,ds004504__EC,AD_FTD_vs_CN,1,CN,AD_FTD,88,5,0.7159090909090909,0.7272727272727273,0.011363636363636354,0.6917007597895968,0.7440093512565751,0.052308591466978305,0.6863863150392018,0.7153638814016174,0.028977566362415663,0.37463627959503853,0.4598546828286065,0.08521840323356794,0.5625,0.5609756097560976,-0.0015243902439023849,0.6206896551724138,0.7931034482758621,0.1724137931034483,0.5901639344262296,0.6571428571428573,0.06697892271662764,29,29,0.0,0.8035714285714286,0.8723404255319149,0.06876899696048633,0.7627118644067796,0.6949152542372882,-0.06779661016949146,0.782608695652174,0.7735849056603775,-0.009023789991796427,59,59,0.0,45,41,-4.0,18,23,5.0,11,6,-5.0,14,18,4.0,19,0.2159090909090909,9,0.10227272727272728,10,0.11363636363636363,1
P0,P0_derivative_amplitude_deciles,DERIVED_DECILES_ALL,ds004504__EC,AD_FTD_vs_CN,2,CN,AD_FTD,88,5,0.8181818181818182,0.7613636363636364,-0.05681818181818188,0.7767387492694331,0.7518994739918177,-0.024839275277615425,0.7862780813600486,0.7404129793510326,-0.04586510200901606,0.5768789541081325,0.48634664312372905,-0.09053231098440345,0.76,0.6176470588235294,-0.14235294117647057,0.6551724137931034,0.7241379310344828,0.06896551724137934,0.7037037037037037,0.6666666666666667,-0.03703703703703698,29,29,0.0,0.8412698412698413,0.8518518518518519,0.010582010582010581,0.8983050847457628,0.7796610169491526,-0.11864406779661019,0.8688524590163935,0.8141592920353983,-0.054693166980995245,59,59,0.0,53,46,-7.0,19,21,2.0,10,8,-2.0,6,13,7.0,11,0.125,8,0.09090909090909091,3,0.03409090909090909,-5
P0,P0_derivative_amplitude_deciles,DERIVED_DECILES_ALL,ds004504__EC,AD_FTD_vs_CN,3,CN,AD_FTD,88,5,0.75,0.75,0.0,0.717124488603156,0.7346580946814729,0.017533606078316888,0.7171244886031561,0.726089417091115,0.008964928487958823,0.4342489772063121,0.4556718770522639,0.021422899845951804,0.6206896551724138,0.6060606060606061,-0.014629049111807735,0.6206896551724138,0.6896551724137931,0.06896551724137934,0.6206896551724138,0.6451612903225807,0.024471635150166926,29,29,0.0,0.8135593220338984,0.8363636363636363,0.02280431432973795,0.8135593220338984,0.7796610169491526,-0.03389830508474578,0.8135593220338985,0.8070175438596492,-0.00654177817424928,59,59,0.0,48,46,-2.0,18,20,2.0,11,9,-2.0,11,13,2.0,12,0.13636363636363635,6,0.06818181818181818,6,0.06818181818181818,0
P0,P0_derivative_amplitude_deciles,DERIVED_DECILES_ALL,ds004504__EC,AD_FTD_vs_CN,4,CN,AD_FTD,88,5,0.7727272727272727,0.7613636363636364,-0.011363636363636354,0.7340736411455289,0.7431326709526593,0.00905902980713047,0.7380952380952381,0.7365645046329294,-0.0015307334623086977,0.4771563543215385,0.47514845216931717,-0.0020079021522213525,0.6666666666666666,0.625,-0.04166666666666663,0.6206896551724138,0.6896551724137931,0.06896551724137934,0.6428571428571429,0.6557377049180328,0.012880562060889944,29,29,0.0,0.819672131147541,0.8392857142857143,0.019613583138173296,0.847457627118644,0.7966101694915254,-0.05084745762711862,0.8333333333333333,0.8173913043478261,-0.015942028985507117,59,59,0.0,50,47,-3.0,18,20,2.0,11,9,-2.0,9,12,3.0,11,0.125,6,0.06818181818181818,5,0.056818181818181816,-1
P0,P0_derivative_amplitude_deciles,DERIVED_DECILES_ALL,ds004504__EC,AD_FTD_vs_CN,5,CN,AD_FTD,88,5,0.7272727272727273,0.6704545454545454,-0.05681818181818188,0.6914085330216247,0.657802454704851,-0.03360607831677376,0.6914085330216247,0.6462924462924462,-0.04511608672917855,0.38281706604324955,0.3017281520082889,-0.08108891403496066,0.5862068965517241,0.5,-0.08620689655172409,0.5862068965517241,0.6206896551724138,0.034482758620689724,0.5862068965517241,0.5538461538461539,-0.03236074270557021,29,29,0.0,0.7966101694915254,0.7884615384615384,-0.008148631029986975,0.7966101694915254,0.6949152542372882,-0.10169491525423724,0.7966101694915254,0.7387387387387386,-0.05787143075278678,59,59,0.0,47,41,-6.0,17,18,1.0,12,11,-1.0,12,18,6.0,11,0.125,8,0.09090909090909091,3,0.03409090909090909,-5
P0,P0_derivative_amplitude_deciles,DERIVED_DECILES_ALL,ds004504__EC,AD_FTD_vs_CN,6,CN,AD_FTD,88,5,0.8181818181818182,0.7613636363636364,-0.05681818181818188,0.7767387492694331,0.7518994739918177,-0.024839275277615425,0.7862780813600486,0.7404129793510326,-0.04586510200901606,0.5768789541081325,0.48634664312372905,-0.09053231098440345,0.76,0.6176470588235294,-0.14235294117647057,0.6551724137931034,0.7241379310344828,0.06896551724137934,0.7037037037037037,0.6666666666666667,-0.03703703703703698,29,29,0.0,0.8412698412698413,0.8518518518518519,0.010582010582010581,0.8983050847457628,0.7796610169491526,-0.11864406779661019,0.8688524590163935,0.8141592920353983,-0.054693166980995245,59,59,0.0,53,46,-7.0,19,21,2.0,10,8,-2.0,6,13,7.0,13,0.14772727272727273,9,0.10227272727272728,4,0.045454545454545456,-5
P0,P0_derivative_amplitude_deciles,DERIVED_DECILES_ALL,ds004504__EC,AD_FTD_vs_CN,7,CN,AD_FTD,88,5,0.6931818181818182,0.7272727272727273,0.03409090909090906,0.7185856224430158,0.7352425482174167,0.01665692577440092,0.6840005319856364,0.7124183006535947,0.02841776866795831,0.41098305547526526,0.4451850094481889,0.03420195397292364,0.5227272727272727,0.5641025641025641,0.04137529137529139,0.7931034482758621,0.7586206896551724,-0.034482758620689724,0.6301369863013699,0.6470588235294118,0.01692183722804186,29,29,0.0,0.8636363636363636,0.8571428571428571,-0.006493506493506551,0.6440677966101694,0.711864406779661,0.06779661016949157,0.7378640776699029,0.7777777777777777,0.03991370010787476,59,59,0.0,38,42,4.0,23,22,-1.0,6,7,1.0,21,17,-4.0,13,0.14772727272727273,5,0.056818181818181816,8,0.09090909090909091,3
P0,P0_derivative_amplitude_deciles,DERIVED_DECILES_ALL,ds004504__EC,AD_FTD_vs_CN,8,CN,AD_FTD,88,5,0.6477272727272727,0.7045454545454546,0.05681818181818188,0.6320864991233197,0.7358270017533606,0.10374050263004087,0.621898821898822,0.6968733439321675,0.07497452203334554,0.25255763834767886,0.4435147270276377,0.19095708867995886,0.4722222222222222,0.5333333333333333,0.061111111111111116,0.5862068965517241,0.8275862068965517,0.24137931034482762,0.523076923076923,0.6486486486486487,0.1255717255717257,29,29,0.0,0.7692307692307693,0.8837209302325582,0.11449016100178888,0.6779661016949152,0.6440677966101694,-0.03389830508474578,0.7207207207207208,0.7450980392156863,0.024377318494965494,59,59,0.0,40,38,-2.0,17,24,7.0,12,5,-7.0,19,21,2.0,13,0.14772727272727273,4,0.045454545454545456,9,0.10227272727272728,5
P0,P0_derivative_amplitude_deciles,DERIVED_DECILES_ALL,ds004504__EC,AD_FTD_vs_CN,9,CN,AD_FTD,88,5,0.75,0.7386363636363636,-0.011363636363636354,0.7521917007597896,0.7349503214494448,-0.01724137931034475,0.7333333333333334,0.7194733194733196,-0.013860013860013787,0.480285904249292,0.449239692990119,-0.031046211259173007,0.5945945945945946,0.5833333333333334,-0.011261261261261257,0.7586206896551724,0.7241379310344828,-0.03448275862068961,0.6666666666666667,0.6461538461538462,-0.02051282051282055,29,29,0.0,0.8627450980392157,0.8461538461538461,-0.016591251885369585,0.7457627118644068,0.7457627118644068,0.0,0.8,0.7927927927927929,-0.007207207207207134,59,59,0.0,44,44,0.0,22,21,-1.0,7,8,1.0,15,15,0.0,13,0.14772727272727273,7,0.07954545454545454,6,0.06818181818181818,-1
P0,P0_derivative_amplitude_deciles,DERIVED_DECILES_ALL,ds004504__EC,AD_FTD_vs_CN,10,CN,AD_FTD,88,5,0.6931818181818182,0.7613636363636364,0.06818181818181812,0.7010520163646989,0.7518994739918177,0.05084745762711873,0.6781796017878912,0.7404129793510326,0.0622333775631414,0.37958830118261144,0.48634664312372905,0.10675834194111761,0.525,0.6176470588235294,0.09264705882352942,0.7241379310344828,0.7241379310344828,0.0,0.6086956521739131,0.6666666666666667,0.05797101449275366,29,29,0.0,0.8333333333333334,0.8518518518518519,0.01851851851851849,0.6779661016949152,0.7796610169491526,0.10169491525423735,0.7476635514018691,0.8141592920353983,0.06649574063352914,59,59,0.0,40,46,6.0,21,21,0.0,8,8,0.0,19,13,-6.0,18,0.20454545454545456,6,0.06818181818181818,12,0.13636363636363635,6
P0,P0_derivative_amplitude_deciles,DERIVED_DECILES_ALL,ds004504__EC,AD_FTD_vs_CN,11,CN,AD_FTD,88,5,0.7386363636363636,0.7727272727272727,0.03409090909090906,0.7261835184102864,0.7516072472238458,0.025423728813559365,0.7156904059558926,0.7471264367816093,0.031436030825716665,0.43669640577467084,0.49517632452586663,0.05847991875119579,0.5882352941176471,0.6451612903225806,0.05692599620493355,0.6896551724137931,0.6896551724137931,0.0,0.6349206349206349,0.6666666666666667,0.031746031746031855,29,29,0.0,0.8333333333333334,0.8421052631578947,0.00877192982456132,0.7627118644067796,0.8135593220338984,0.05084745762711873,0.7964601769911505,0.8275862068965518,0.031126029905401364,59,59,0.0,45,48,3.0,20,20,0.0,9,9,0.0,14,11,-3.0,7,0.07954545454545454,2,0.022727272727272728,5,0.056818181818181816,3
P0,P0_derivative_amplitude_deciles,DERIVED_DECILES_ALL,ds004504__EC,AD_FTD_vs_CN,12,CN,AD_FTD,88,5,0.7272727272727273,0.7272727272727273,0.0,0.7089421390999415,0.7352425482174167,0.02630040911747522,0.701188455008489,0.7124183006535947,0.011229845645105652,0.40573523299174186,0.4451850094481889,0.03944977645644704,0.5757575757575758,0.5641025641025641,-0.011655011655011704,0.6551724137931034,0.7586206896551724,0.10344827586206895,0.6129032258064515,0.6470588235294118,0.034155597722960285,29,29,0.0,0.8181818181818182,0.8571428571428571,0.03896103896103886,0.7627118644067796,0.711864406779661,-0.05084745762711862,0.7894736842105264,0.7777777777777777,-0.01169590643274876,59,59,0.0,45,42,-3.0,19,22,3.0,10,7,-3.0,14,17,3.0,16,0.18181818181818182,8,0.09090909090909091,8,0.09090909090909091,0
P0,P0_derivative_amplitude_deciles,DERIVED_DECILES_ALL,ds004504__EC,AD_FTD_vs_CN,13,CN,AD_FTD,88,5,0.7613636363636364,0.7386363636363636,-0.022727272727272707,0.7431326709526593,0.7349503214494448,-0.008182349503214503,0.7365645046329294,0.7194733194733196,-0.017091185159609834,0.47514845216931717,0.449239692990119,-0.02590875917919816,0.625,0.5833333333333334,-0.04166666666666663,0.6896551724137931,0.7241379310344828,0.03448275862068961,0.6557377049180328,0.6461538461538462,-0.009583858764186659,29,29,0.0,0.8392857142857143,0.8461538461538461,0.006868131868131844,0.7966101694915254,0.7457627118644068,-0.05084745762711862,0.8173913043478261,0.7927927927927929,-0.02459851155503323,59,59,0.0,47,44,-3.0,20,21,1.0,9,8,-1.0,12,15,3.0,14,0.1590909090909091,8,0.09090909090909091,6,0.06818181818181818,-2
P0,P0_derivative_amplitude_deciles,DERIVED_DECILES_ALL,ds004504__EC,AD_FTD_vs_CN,14,CN,AD_FTD,88,5,0.6818181818181818,0.7272727272727273,0.045454545454545525,0.6750438340151959,0.7177089421391,0.042665108123904116,0.6606060606060606,0.7053571428571429,0.044751082251082264,0.3333618269354877,0.4181761992008119,0.08481437226532418,0.5135135135135135,0.5714285714285714,0.05791505791505791,0.6551724137931034,0.6896551724137931,0.034482758620689724,0.5757575757575758,0.625,0.0492424242424242,29,29,0.0,0.803921568627451,0.8301886792452831,0.026267110617832046,0.6949152542372882,0.7457627118644068,0.05084745762711862,0.7454545454545455,0.7857142857142858,0.04025974025974033,59,59,0.0,41,44,3.0,19,20,1.0,10,9,-1.0,18,15,-3.0,18,0.20454545454545456,7,0.07954545454545454,11,0.125,4
P0,P0_derivative_amplitude_deciles,DERIVED_DECILES_ALL,ds004504__EC,AD_FTD_vs_CN,15,CN,AD_FTD,88,5,0.6477272727272727,0.7045454545454546,0.05681818181818188,0.6496201052016364,0.6919929865575687,0.04237288135593231,0.6305025057564675,0.6808035714285714,0.050301065672103906,0.28248431715915273,0.36878088976501133,0.0862965726058586,0.475,0.5428571428571428,0.06785714285714284,0.6551724137931034,0.6551724137931034,0.0,0.5507246376811594,0.5937499999999999,0.043025362318840465,29,29,0.0,0.7916666666666666,0.8113207547169812,0.019654088050314544,0.6440677966101694,0.7288135593220338,0.0847457627118644,0.7102803738317757,0.7678571428571428,0.057576769025367125,59,59,0.0,38,43,5.0,19,19,0.0,10,10,0.0,21,16,-5.0,11,0.125,3,0.03409090909090909,8,0.09090909090909091,5
P0,P0_derivative_amplitude_deciles,DERIVED_DECILES_ALL,ds004504__EC,AD_FTD_vs_CN,16,CN,AD_FTD,88,5,0.6818181818181818,0.7386363636363636,0.05681818181818188,0.6399766218585623,0.7349503214494448,0.09497369959088253,0.6399766218585623,0.7194733194733196,0.0794966976147573,0.2799532437171245,0.449239692990119,0.16928644927299452,0.5172413793103449,0.5833333333333334,0.06609195402298851,0.5172413793103449,0.7241379310344828,0.2068965517241379,0.5172413793103449,0.6461538461538462,0.12891246684350133,29,29,0.0,0.7627118644067796,0.8461538461538461,0.08344198174706652,0.7627118644067796,0.7457627118644068,-0.016949152542372836,0.7627118644067796,0.7927927927927929,0.030080928386013284,59,59,0.0,45,44,-1.0,15,21,6.0,14,8,-6.0,14,15,1.0,15,0.17045454545454544,5,0.056818181818181816,10,0.11363636363636363,5
P0,P0_derivative_amplitude_deciles,DERIVED_DECILES_ALL,ds004504__EC,AD_FTD_vs_CN,17,CN,AD_FTD,88,5,0.7954545454545454,0.75,-0.045454545454545414,0.7597895967270603,0.7434248977206313,-0.016364699006429007,0.7642857142857142,0.7299107142857142,-0.034375000000000044,0.5295780262070509,0.4675715086366125,-0.062006517570438346,0.7037037037037037,0.6,-0.10370370370370374,0.6551724137931034,0.7241379310344828,0.06896551724137934,0.6785714285714286,0.65625,-0.022321428571428603,29,29,0.0,0.8360655737704918,0.8490566037735849,0.012991030003093096,0.864406779661017,0.7627118644067796,-0.10169491525423735,0.85,0.8035714285714285,-0.046428571428571486,59,59,0.0,51,45,-6.0,19,21,2.0,10,8,-2.0,8,14,6.0,8,0.09090909090909091,6,0.06818181818181818,2,0.022727272727272728,-4
P0,P0_derivative_amplitude_deciles,DERIVED_DECILES_ALL,ds004504__EC,AD_FTD_vs_CN,18,CN,AD_FTD,88,5,0.6704545454545454,0.75,0.07954545454545459,0.657802454704851,0.7434248977206313,0.08562244301578026,0.6462924462924462,0.7299107142857142,0.08361826799326799,0.3017281520082889,0.4675715086366125,0.1658433566283236,0.5,0.6,0.09999999999999998,0.6206896551724138,0.7241379310344828,0.10344827586206895,0.5538461538461539,0.65625,0.10240384615384612,29,29,0.0,0.7884615384615384,0.8490566037735849,0.0605950653120465,0.6949152542372882,0.7627118644067796,0.06779661016949146,0.7387387387387386,0.8035714285714285,0.06483268983268986,59,59,0.0,41,45,4.0,18,21,3.0,11,8,-3.0,18,14,-4.0,15,0.17045454545454544,4,0.045454545454545456,11,0.125,7
P0,P0_derivative_amplitude_deciles,DERIVED_DECILES_ALL,ds004504__EC,AD_FTD_vs_CN,19,CN,AD_FTD,88,5,0.7386363636363636,0.7159090909090909,-0.022727272727272707,0.7261835184102864,0.7004675628287551,-0.02571595558153128,0.7156904059558926,0.6909678325607529,-0.024722573395139724,0.43669640577467084,0.3870461684256127,-0.04965023734905816,0.5882352941176471,0.5588235294117647,-0.02941176470588236,0.6896551724137931,0.6551724137931034,-0.034482758620689724,0.6349206349206349,0.6031746031746031,-0.031746031746031744,29,29,0.0,0.8333333333333334,0.8148148148148148,-0.0185185185185186,0.7627118644067796,0.7457627118644068,-0.016949152542372836,0.7964601769911505,0.7787610619469028,-0.017699115044247704,59,59,0.0,45,44,-1.0,20,19,-1.0,9,10,1.0,14,15,1.0,16,0.18181818181818182,9,0.10227272727272728,7,0.07954545454545454,-2
P0,P0_derivative_amplitude_deciles,DERIVED_DECILES_ALL,ds004504__EC,AD_FTD_vs_CN,20,CN,AD_FTD,88,5,0.7840909090909091,0.7613636363636364,-0.022727272727272707,0.7513150204558737,0.7694330800701344,0.018118059614260718,0.7535014005602241,0.7469533068601945,-0.006548093700029622,0.5072462039474607,0.5113627817433313,0.004116577795870602,0.6785714285714286,0.6052631578947368,-0.07330827067669177,0.6551724137931034,0.7931034482758621,0.13793103448275867,0.6666666666666666,0.6865671641791046,0.019900497512437942,29,29,0.0,0.8333333333333334,0.88,0.046666666666666634,0.847457627118644,0.7457627118644068,-0.10169491525423724,0.8403361344537815,0.8073394495412843,-0.03299668491249719,59,59,0.0,50,44,-6.0,19,23,4.0,10,6,-4.0,9,15,6.0,16,0.18181818181818182,9,0.10227272727272728,7,0.07954545454545454,-2
P0,P0_derivative_amplitude_deciles,DERIVED_DECILES_ALL,ds004504__EC,AD_vs_CN,1,CN,AD,65,5,0.7538461538461538,0.7230769230769231,-0.03076923076923077,0.7610153256704981,0.7265325670498084,-0.034482758620689724,0.7537878787878789,0.7224857685009487,-0.031302110286930196,0.5205369983473047,0.45048354536962476,-0.07005345297767995,0.6857142857142857,0.6666666666666666,-0.01904761904761909,0.8275862068965517,0.7586206896551724,-0.06896551724137934,0.75,0.7096774193548386,-0.040322580645161366,29,29,0.0,0.8333333333333334,0.78125,-0.05208333333333337,0.6944444444444444,0.6944444444444444,0.0,0.7575757575757577,0.7352941176470588,-0.022281639928698915,36,36,0.0,25,25,0.0,24,22,-2.0,5,7,2.0,11,11,0.0,10,0.15384615384615385,6,0.09230769230769231,4,0.06153846153846154,-2
P0,P0_derivative_amplitude_deciles,DERIVED_DECILES_ALL,ds004504__EC,AD_vs_CN,2,CN,AD,65,5,0.7076923076923077,0.7692307692307693,0.06153846153846154,0.7059386973180077,0.774904214559387,0.06896551724137923,0.7051802339460491,0.7690120824449183,0.06383184849886914,0.4106989161272312,0.5471940137859033,0.13649509765867207,0.6666666666666666,0.7058823529411765,0.03921568627450989,0.6896551724137931,0.8275862068965517,0.13793103448275856,0.6779661016949153,0.7619047619047619,0.08393866020984653,29,29,0.0,0.7428571428571429,0.8387096774193549,0.09585253456221199,0.7222222222222222,0.7222222222222222,0.0,0.732394366197183,0.7761194029850746,0.043725036787891636,36,36,0.0,26,26,0.0,20,24,4.0,9,5,-4.0,10,10,0.0,10,0.15384615384615385,3,0.046153846153846156,7,0.1076923076923077,4
P0,P0_derivative_amplitude_deciles,DERIVED_DECILES_ALL,ds004504__EC,AD_vs_CN,3,CN,AD,65,5,0.7230769230769231,0.7846153846153846,0.06153846153846154,0.7298850574712643,0.7887931034482758,0.05890804597701149,0.7230113636363635,0.7841555977229602,0.06114423408659664,0.4584546040490023,0.5742950906086337,0.11584048655963142,0.6571428571428571,0.7272727272727273,0.07012987012987015,0.7931034482758621,0.8275862068965517,0.03448275862068961,0.71875,0.7741935483870968,0.05544354838709675,29,29,0.0,0.8,0.84375,0.043749999999999956,0.6666666666666666,0.75,0.08333333333333337,0.7272727272727272,0.7941176470588235,0.0668449197860963,36,36,0.0,24,27,3.0,23,24,1.0,6,5,-1.0,12,9,-3.0,8,0.12307692307692308,2,0.03076923076923077,6,0.09230769230769231,4
P0,P0_derivative_amplitude_deciles,DERIVED_DECILES_ALL,ds004504__EC,AD_vs_CN,4,CN,AD,65,5,0.6461538461538462,0.6615384615384615,0.01538461538461533,0.6470306513409961,0.664272030651341,0.017241379310344862,0.6448087431693988,0.6608159392789374,0.0160071961095386,0.29238572606442875,0.3266720001306158,0.03428627406618706,0.59375,0.6060606060606061,0.012310606060606077,0.6551724137931034,0.6896551724137931,0.034482758620689724,0.6229508196721311,0.6451612903225807,0.022210470650449676,29,29,0.0,0.696969696969697,0.71875,0.021780303030302983,0.6388888888888888,0.6388888888888888,0.0,0.6666666666666666,0.676470588235294,0.009803921568627416,36,36,0.0,23,23,0.0,19,20,1.0,10,9,-1.0,13,13,0.0,15,0.23076923076923078,7,0.1076923076923077,8,0.12307692307692308,1
P0,P0_derivative_amplitude_deciles,DERIVED_DECILES_ALL,ds004504__EC,AD_vs_CN,5,CN,AD,65,5,0.7384615384615385,0.7076923076923077,-0.03076923076923077,0.7471264367816092,0.7126436781609196,-0.03448275862068961,0.7384615384615385,0.7074153044302298,-0.031046234031308684,0.4942528735632184,0.42326505595982766,-0.07098781760339073,0.6666666666666666,0.6470588235294118,-0.019607843137254832,0.8275862068965517,0.7586206896551724,-0.06896551724137934,0.7384615384615385,0.6984126984126984,-0.04004884004884013,29,29,0.0,0.8275862068965517,0.7741935483870968,-0.05339265850945496,0.6666666666666666,0.6666666666666666,0.0,0.7384615384615385,0.7164179104477612,-0.02204362801377735,36,36,0.0,24,24,0.0,24,22,-2.0,5,7,2.0,12,12,0.0,10,0.15384615384615385,6,0.09230769230769231,4,0.06153846153846154,-2
P0,P0_derivative_amplitude_deciles,DERIVED_DECILES_ALL,ds004504__EC,AD_vs_CN,6,CN,AD,65,5,0.7230769230769231,0.7076923076923077,-0.01538461538461533,0.7265325670498084,0.7159961685823755,-0.010536398467432928,0.7224857685009487,0.7076923076923076,-0.014793460808641079,0.45048354536962476,0.43199233716475094,-0.01849120820487382,0.6666666666666666,0.6388888888888888,-0.02777777777777779,0.7586206896551724,0.7931034482758621,0.034482758620689724,0.7096774193548386,0.7076923076923076,-0.001985111662531014,29,29,0.0,0.78125,0.7931034482758621,0.0118534482758621,0.6944444444444444,0.6388888888888888,-0.05555555555555558,0.7352941176470588,0.7076923076923076,-0.027601809954751144,36,36,0.0,25,23,-2.0,22,23,1.0,7,6,-1.0,11,13,2.0,7,0.1076923076923077,4,0.06153846153846154,3,0.046153846153846156,-1
P0,P0_derivative_amplitude_deciles,DERIVED_DECILES_ALL,ds004504__EC,AD_vs_CN,7,CN,AD,65,5,0.7692307692307693,0.7846153846153846,0.01538461538461533,0.7782567049808429,0.7921455938697317,0.01388888888888884,0.7692307692307692,0.7845643939393939,0.01533362470862476,0.5565134099616859,0.582619392645607,0.02610598268392117,0.6944444444444444,0.7142857142857143,0.019841269841269882,0.8620689655172413,0.8620689655172413,0.0,0.7692307692307692,0.7812500000000001,0.012019230769230949,29,29,0.0,0.8620689655172413,0.8666666666666667,0.0045977011494253706,0.6944444444444444,0.7222222222222222,0.02777777777777779,0.7692307692307692,0.7878787878787877,0.01864801864801857,36,36,0.0,25,26,1.0,25,25,0.0,4,4,0.0,11,10,-1.0,11,0.16923076923076924,5,0.07692307692307693,6,0.09230769230769231,1
P0,P0_derivative_amplitude_deciles,DERIVED_DECILES_ALL,ds004504__EC,AD_vs_CN,8,CN,AD,65,5,0.7692307692307693,0.7538461538461538,-0.015384615384615441,0.774904214559387,0.7543103448275862,-0.020593869731800774,0.7690120824449183,0.7523809523809524,-0.016631130063965882,0.5471940137859033,0.5062021277357398,-0.04099188605016346,0.7058823529411765,0.7096774193548387,0.003795066413662229,0.8275862068965517,0.7586206896551724,-0.06896551724137934,0.7619047619047619,0.7333333333333333,-0.02857142857142858,29,29,0.0,0.8387096774193549,0.7941176470588235,-0.04459203036053139,0.7222222222222222,0.75,0.02777777777777779,0.7761194029850746,0.7714285714285715,-0.004690831556503183,36,36,0.0,26,27,1.0,24,22,-2.0,5,7,2.0,10,9,-1.0,13,0.2,7,0.1076923076923077,6,0.09230769230769231,-1
P0,P0_derivative_amplitude_deciles,DERIVED_DECILES_ALL,ds004504__EC,AD_vs_CN,9,CN,AD,65,5,0.7384615384615385,0.8,0.06153846153846154,0.7337164750957854,0.8026819923371648,0.06896551724137934,0.7344388368180725,0.799239724400095,0.06480088758202251,0.46923423991105967,0.6019145891619511,0.1326803492508914,0.7142857142857143,0.75,0.0357142857142857,0.6896551724137931,0.8275862068965517,0.13793103448275856,0.7017543859649122,0.7868852459016394,0.0851308599367272,29,29,0.0,0.7567567567567568,0.8484848484848485,0.09172809172809171,0.7777777777777778,0.7777777777777778,0.0,0.7671232876712328,0.8115942028985507,0.04447091522731783,36,36,0.0,28,28,0.0,20,24,4.0,9,5,-4.0,8,8,0.0,12,0.18461538461538463,4,0.06153846153846154,8,0.12307692307692308,4
P0,P0_derivative_amplitude_deciles,DERIVED_DECILES_ALL,ds004504__EC,AD_vs_CN,10,CN,AD,65,5,0.7076923076923077,0.6923076923076923,-0.015384615384615441,0.7092911877394636,0.6920498084291188,-0.017241379310344862,0.7065811356616774,0.6904761904761906,-0.016104945185486774,0.41619727130343764,0.38227316990966415,-0.0339241013937735,0.65625,0.6451612903225806,-0.011088709677419373,0.7241379310344828,0.6896551724137931,-0.03448275862068961,0.6885245901639345,0.6666666666666667,-0.021857923497267784,29,29,0.0,0.7575757575757576,0.7352941176470589,-0.022281639928698693,0.6944444444444444,0.6944444444444444,0.0,0.7246376811594203,0.7142857142857144,-0.010351966873705876,36,36,0.0,25,25,0.0,21,20,-1.0,8,9,1.0,11,11,0.0,9,0.13846153846153847,5,0.07692307692307693,4,0.06153846153846154,-1
P0,P0_derivative_amplitude_deciles,DERIVED_DECILES_ALL,ds004504__EC,AD_vs_CN,11,CN,AD,65,5,0.7692307692307693,0.6923076923076923,-0.07692307692307698,0.771551724137931,0.6987547892720306,-0.07279693486590044,0.7683535281539557,0.6922348484848485,-0.07611867966910724,0.5400088165424466,0.39637220975069987,-0.14363660679174672,0.71875,0.6285714285714286,-0.09017857142857144,0.7931034482758621,0.7586206896551724,-0.034482758620689724,0.7540983606557378,0.6875,-0.06659836065573776,29,29,0.0,0.8181818181818182,0.7666666666666667,-0.051515151515151514,0.75,0.6388888888888888,-0.11111111111111116,0.7826086956521738,0.696969696969697,-0.08563899868247682,36,36,0.0,27,23,-4.0,23,22,-1.0,6,7,1.0,9,13,4.0,11,0.16923076923076924,8,0.12307692307692308,3,0.046153846153846156,-5
P0,P0_derivative_amplitude_deciles,DERIVED_DECILES_ALL,ds004504__EC,AD_vs_CN,12,CN,AD,65,5,0.7230769230769231,0.7076923076923077,-0.01538461538461533,0.7164750957854407,0.7159961685823755,-0.00047892720306519365,0.7176640926640927,0.7076923076923076,-0.00997178497178508,0.4367314877449891,0.43199233716475094,-0.004739150580238161,0.7037037037037037,0.6388888888888888,-0.06481481481481488,0.6551724137931034,0.7931034482758621,0.13793103448275867,0.6785714285714286,0.7076923076923076,0.029120879120879017,29,29,0.0,0.7368421052631579,0.7931034482758621,0.056261343012704246,0.7777777777777778,0.6388888888888888,-0.13888888888888895,0.7567567567567567,0.7076923076923076,-0.04906444906444907,36,36,0.0,28,23,-5.0,19,23,4.0,10,6,-4.0,8,13,5.0,9,0.13846153846153847,5,0.07692307692307693,4,0.06153846153846154,-1
P0,P0_derivative_amplitude_deciles,DERIVED_DECILES_ALL,ds004504__EC,AD_vs_CN,13,CN,AD,65,5,0.7846153846153846,0.7384615384615385,-0.0461538461538461,0.7854406130268199,0.7471264367816092,-0.03831417624521072,0.7833333333333333,0.7384615384615385,-0.04487179487179482,0.5681666066487776,0.4942528735632184,-0.07391373308555921,0.7419354838709677,0.6666666666666666,-0.07526881720430112,0.7931034482758621,0.8275862068965517,0.03448275862068961,0.7666666666666667,0.7384615384615385,-0.028205128205128216,29,29,0.0,0.8235294117647058,0.8275862068965517,0.0040567951318458695,0.7777777777777778,0.6666666666666666,-0.11111111111111116,0.7999999999999999,0.7384615384615385,-0.06153846153846143,36,36,0.0,28,24,-4.0,23,24,1.0,6,5,-1.0,8,12,4.0,9,0.13846153846153847,6,0.09230769230769231,3,0.046153846153846156,-3
P0,P0_derivative_amplitude_deciles,DERIVED_DECILES_ALL,ds004504__EC,AD_vs_CN,14,CN,AD,65,5,0.6615384615384615,0.7230769230769231,0.06153846153846154,0.6676245210727969,0.7332375478927202,0.06561302681992331,0.6614583333333333,0.7230113636363635,0.061553030303030276,0.3342898154523975,0.46827269433747143,0.13398287888507393,0.6,0.6486486486486487,0.04864864864864871,0.7241379310344828,0.8275862068965517,0.10344827586206895,0.65625,0.7272727272727273,0.07102272727272729,29,29,0.0,0.7333333333333333,0.8214285714285714,0.08809523809523812,0.6111111111111112,0.6388888888888888,0.02777777777777768,0.6666666666666666,0.7187499999999999,0.05208333333333326,36,36,0.0,22,23,1.0,21,24,3.0,8,5,-3.0,14,13,-1.0,16,0.24615384615384617,6,0.09230769230769231,10,0.15384615384615385,4
P0,P0_derivative_amplitude_deciles,DERIVED_DECILES_ALL,ds004504__EC,AD_vs_CN,15,CN,AD,65,5,0.6923076923076923,0.6923076923076923,0.0,0.7021072796934866,0.7021072796934866,0.0,0.6922348484848486,0.6922348484848486,0.0,0.405772232054236,0.405772232054236,0.0,0.6216216216216216,0.6216216216216216,0.0,0.7931034482758621,0.7931034482758621,0.0,0.696969696969697,0.696969696969697,0.0,29,29,0.0,0.7857142857142857,0.7857142857142857,0.0,0.6111111111111112,0.6111111111111112,0.0,0.6875000000000001,0.6875000000000001,0.0,36,36,0.0,22,22,0.0,23,23,0.0,6,6,0.0,14,14,0.0,12,0.18461538461538463,6,0.09230769230769231,6,0.09230769230769231,0
P0,P0_derivative_amplitude_deciles,DERIVED_DECILES_ALL,ds004504__EC,AD_vs_CN,16,CN,AD,65,5,0.7692307692307693,0.7384615384615385,-0.03076923076923077,0.774904214559387,0.7437739463601533,-0.0311302681992337,0.7690120824449183,0.738213693437574,-0.030798389007344218,0.5471940137859033,0.48522953487286546,-0.0619644789130378,0.7058823529411765,0.6764705882352942,-0.02941176470588236,0.8275862068965517,0.7931034482758621,-0.03448275862068961,0.7619047619047619,0.7301587301587301,-0.031746031746031744,29,29,0.0,0.8387096774193549,0.8064516129032258,-0.032258064516129115,0.7222222222222222,0.6944444444444444,-0.02777777777777779,0.7761194029850746,0.746268656716418,-0.02985074626865669,36,36,0.0,26,25,-1.0,24,23,-1.0,5,6,1.0,10,11,1.0,12,0.18461538461538463,7,0.1076923076923077,5,0.07692307692307693,-2
P0,P0_derivative_amplitude_deciles,DERIVED_DECILES_ALL,ds004504__EC,AD_vs_CN,17,CN,AD,65,5,0.7538461538461538,0.8153846153846154,0.06153846153846154,0.7610153256704981,0.8098659003831418,0.048850574712643646,0.7537878787878789,0.8117760617760617,0.05798818298818276,0.5205369983473047,0.6251444083429379,0.10460740999563323,0.6857142857142857,0.8148148148148148,0.12910052910052905,0.8275862068965517,0.7586206896551724,-0.06896551724137934,0.75,0.7857142857142857,0.0357142857142857,29,29,0.0,0.8333333333333334,0.8157894736842105,-0.01754385964912286,0.6944444444444444,0.8611111111111112,0.16666666666666674,0.7575757575757577,0.8378378378378377,0.08026208026208004,36,36,0.0,25,31,6.0,24,22,-2.0,5,7,2.0,11,5,-6.0,14,0.2153846153846154,5,0.07692307692307693,9,0.13846153846153847,4
P0,P0_derivative_amplitude_deciles,DERIVED_DECILES_ALL,ds004504__EC,AD_vs_CN,18,CN,AD,65,5,0.7384615384615385,0.7846153846153846,0.0461538461538461,0.7370689655172413,0.7887931034482758,0.051724137931034475,0.7362138935306757,0.7841555977229602,0.047941704192284496,0.4727813104255336,0.5742950906086337,0.10151378018310009,0.7,0.7272727272727273,0.027272727272727337,0.7241379310344828,0.8275862068965517,0.10344827586206895,0.711864406779661,0.7741935483870968,0.062329141607435745,29,29,0.0,0.7714285714285715,0.84375,0.07232142857142854,0.75,0.75,0.0,0.7605633802816902,0.7941176470588235,0.033554266777133246,36,36,0.0,27,27,0.0,21,24,3.0,8,5,-3.0,9,9,0.0,11,0.16923076923076924,4,0.06153846153846154,7,0.1076923076923077,3
P0,P0_derivative_amplitude_deciles,DERIVED_DECILES_ALL,ds004504__EC,AD_vs_CN,19,CN,AD,65,5,0.7538461538461538,0.7230769230769231,-0.03076923076923077,0.7576628352490422,0.7298850574712643,-0.0277777777777779,0.7533206831119544,0.7230113636363635,-0.0303093194755909,0.5123893179891292,0.4584546040490023,-0.053934713940126944,0.696969696969697,0.6571428571428571,-0.03982683982683988,0.7931034482758621,0.7931034482758621,0.0,0.7419354838709677,0.71875,-0.02318548387096775,29,29,0.0,0.8125,0.8,-0.012499999999999956,0.7222222222222222,0.6666666666666666,-0.05555555555555558,0.7647058823529411,0.7272727272727272,-0.03743315508021394,36,36,0.0,26,24,-2.0,23,23,0.0,6,6,0.0,10,12,2.0,10,0.15384615384615385,6,0.09230769230769231,4,0.06153846153846154,-2
P0,P0_derivative_amplitude_deciles,DERIVED_DECILES_ALL,ds004504__EC,AD_vs_CN,20,CN,AD,65,5,0.7076923076923077,0.7230769230769231,0.01538461538461533,0.7092911877394636,0.7198275862068966,0.010536398467432928,0.7065811356616774,0.7198275862068966,0.013246450545219224,0.41619727130343764,0.4396551724137931,0.02345790111035545,0.65625,0.6896551724137931,0.03340517241379315,0.7241379310344828,0.6896551724137931,-0.03448275862068961,0.6885245901639345,0.6896551724137931,0.0011305822498586249,29,29,0.0,0.7575757575757576,0.75,-0.007575757575757569,0.6944444444444444,0.75,0.05555555555555558,0.7246376811594203,0.75,0.025362318840579712,36,36,0.0,25,27,2.0,21,20,-1.0,8,9,1.0,11,9,-2.0,9,0.13846153846153847,4,0.06153846153846154,5,0.07692307692307693,1
P0,P0_derivative_amplitude_deciles,DERIVED_DECILES_ALL,ds004504__EC,AD_vs_FTD,1,FTD,AD,59,5,0.576271186440678,0.4915254237288136,-0.0847457627118644,0.5821256038647343,0.5126811594202899,-0.06944444444444442,0.5718432510885341,0.4913793103448276,-0.08046394074370644,0.16023748270444452,0.025180507759266745,-0.13505697494517777,0.4666666666666667,0.4,-0.06666666666666665,0.6086956521739131,0.6086956521739131,0.0,0.5283018867924527,0.48275862068965525,-0.045543266102797464,23,23,0.0,0.6896551724137931,0.625,-0.06465517241379315,0.5555555555555556,0.4166666666666667,-0.1388888888888889,0.6153846153846154,0.5,-0.11538461538461542,36,36,0.0,20,15,-5.0,14,14,0.0,9,9,0.0,16,21,5.0,19,0.3220338983050847,12,0.2033898305084746,7,0.11864406779661017,-5
P0,P0_derivative_amplitude_deciles,DERIVED_DECILES_ALL,ds004504__EC,AD_vs_FTD,2,FTD,AD,59,5,0.4915254237288136,0.4576271186440678,-0.03389830508474578,0.4969806763285024,0.4613526570048309,-0.03562801932367149,0.4878472222222222,0.4537037037037037,-0.03414351851851849,-0.00589786698095908,-0.07549269735627623,-0.06959483037531715,0.3870967741935484,0.3548387096774194,-0.032258064516129004,0.5217391304347826,0.4782608695652174,-0.04347826086956519,0.4444444444444444,0.40740740740740744,-0.03703703703703698,23,23,0.0,0.6071428571428571,0.5714285714285714,-0.0357142857142857,0.4722222222222222,0.4444444444444444,-0.02777777777777779,0.53125,0.5,-0.03125,36,36,0.0,17,16,-1.0,12,11,-1.0,11,12,1.0,19,20,1.0,16,0.2711864406779661,9,0.15254237288135594,7,0.11864406779661017,-2
P0,P0_derivative_amplitude_deciles,DERIVED_DECILES_ALL,ds004504__EC,AD_vs_FTD,3,FTD,AD,59,5,0.559322033898305,0.4406779661016949,-0.11864406779661013,0.5839371980676329,0.4553140096618358,-0.12862318840579712,0.5591954022988506,0.4400345125107852,-0.11916088978806538,0.16667097993038466,-0.0882078199150987,-0.25487879984548334,0.45714285714285713,0.35294117647058826,-0.10420168067226887,0.6956521739130435,0.5217391304347826,-0.17391304347826086,0.5517241379310345,0.4210526315789474,-0.13067150635208707,23,23,0.0,0.7083333333333334,0.56,-0.14833333333333332,0.4722222222222222,0.3888888888888889,-0.08333333333333331,0.5666666666666667,0.45901639344262296,-0.10765027322404369,36,36,0.0,17,14,-3.0,16,12,-4.0,7,11,4.0,19,22,3.0,19,0.3220338983050847,13,0.22033898305084745,6,0.1016949152542373,-7
P0,P0_derivative_amplitude_deciles,DERIVED_DECILES_ALL,ds004504__EC,AD_vs_FTD,4,FTD,AD,59,5,0.4915254237288136,0.5084745762711864,0.016949152542372836,0.5126811594202899,0.5108695652173914,-0.0018115942028985588,0.4913793103448276,0.5033381712626996,0.011958860917872016,0.025180507759266745,0.02120790212264707,-0.003972605636619674,0.4,0.4,0.0,0.6086956521739131,0.5217391304347826,-0.08695652173913049,0.48275862068965525,0.4528301886792453,-0.029928432010409955,23,23,0.0,0.625,0.6206896551724138,-0.004310344827586188,0.4166666666666667,0.5,0.08333333333333331,0.5,0.5538461538461539,0.05384615384615388,36,36,0.0,15,18,3.0,14,12,-2.0,9,11,2.0,21,18,-3.0,23,0.3898305084745763,11,0.1864406779661017,12,0.2033898305084746,1
P0,P0_derivative_amplitude_deciles,DERIVED_DECILES_ALL,ds004504__EC,AD_vs_FTD,5,FTD,AD,59,5,0.5084745762711864,0.4915254237288136,-0.016949152542372836,0.5030193236714976,0.5048309178743962,0.0018115942028985588,0.4992683640620428,0.49020737327188946,-0.009060990790153323,0.00589786698095908,0.009491419630844785,0.003593552649885705,0.39285714285714285,0.3939393939393939,0.0010822510822510734,0.4782608695652174,0.5652173913043478,0.08695652173913038,0.4313725490196078,0.4642857142857143,0.03291316526610649,23,23,0.0,0.6129032258064516,0.6153846153846154,0.002481389578163795,0.5277777777777778,0.4444444444444444,-0.08333333333333337,0.5671641791044777,0.5161290322580646,-0.05103514684641308,36,36,0.0,19,16,-3.0,11,13,2.0,12,10,-2.0,17,20,3.0,17,0.288135593220339,9,0.15254237288135594,8,0.13559322033898305,-1
P0,P0_derivative_amplitude_deciles,DERIVED_DECILES_ALL,ds004504__EC,AD_vs_FTD,6,FTD,AD,59,5,0.4576271186440678,0.4915254237288136,0.03389830508474578,0.4692028985507246,0.4891304347826087,0.01992753623188409,0.456221198156682,0.48426573426573427,0.028044536109052276,-0.0605078001466355,-0.02120790212264707,0.039299898023988436,0.36363636363636365,0.3793103448275862,0.01567398119122254,0.5217391304347826,0.4782608695652174,-0.04347826086956519,0.42857142857142855,0.4230769230769231,-0.005494505494505475,23,23,0.0,0.5769230769230769,0.6,0.023076923076923106,0.4166666666666667,0.5,0.08333333333333331,0.48387096774193544,0.5454545454545454,0.06158357771260997,36,36,0.0,15,18,3.0,12,11,-1.0,11,12,1.0,21,18,-3.0,20,0.3389830508474576,9,0.15254237288135594,11,0.1864406779661017,2
P0,P0_derivative_amplitude_deciles,DERIVED_DECILES_ALL,ds004504__EC,AD_vs_FTD,7,FTD,AD,59,5,0.5254237288135594,0.4067796610169492,-0.11864406779661019,0.5483091787439613,0.3882850241545894,-0.16002415458937197,0.525287356321839,0.3892339544513458,-0.1360534018704932,0.0959257438448257,-0.21948907896328565,-0.31541482280811134,0.42857142857142855,0.2692307692307692,-0.15934065934065933,0.6521739130434783,0.30434782608695654,-0.34782608695652173,0.5172413793103448,0.28571428571428575,-0.231527093596059,23,23,0.0,0.6666666666666666,0.5151515151515151,-0.1515151515151515,0.4444444444444444,0.4722222222222222,0.02777777777777779,0.5333333333333333,0.49275362318840576,-0.04057971014492756,36,36,0.0,16,17,1.0,15,7,-8.0,8,16,8.0,20,19,-1.0,19,0.3220338983050847,13,0.22033898305084745,6,0.1016949152542373,-7
P0,P0_derivative_amplitude_deciles,DERIVED_DECILES_ALL,ds004504__EC,AD_vs_FTD,8,FTD,AD,59,5,0.5254237288135594,0.423728813559322,-0.10169491525423735,0.5404589371980677,0.4492753623188406,-0.09118357487922713,0.5241935483870968,0.4235632183908046,-0.10063032999629218,0.07949063940832507,-0.1023179700282708,-0.18180860943659588,0.42424242424242425,0.35135135135135137,-0.07289107289107288,0.6086956521739131,0.5652173913043478,-0.0434782608695653,0.5,0.43333333333333335,-0.06666666666666665,23,23,0.0,0.6538461538461539,0.5454545454545454,-0.10839160839160844,0.4722222222222222,0.3333333333333333,-0.1388888888888889,0.5483870967741936,0.41379310344827586,-0.13459399332591776,36,36,0.0,17,12,-5.0,14,13,-1.0,9,10,1.0,19,24,5.0,26,0.4406779661016949,16,0.2711864406779661,10,0.1694915254237288,-6
P0,P0_derivative_amplitude_deciles,DERIVED_DECILES_ALL,ds004504__EC,AD_vs_FTD,9,FTD,AD,59,5,0.5084745762711864,0.5084745762711864,0.0,0.518719806763285,0.5344202898550725,0.01570048309178751,0.5062049062049062,0.5084745762711865,0.002269670066280316,0.03665132285211278,0.06884057971014493,0.032189256858032145,0.40625,0.4166666666666667,0.010416666666666685,0.5652173913043478,0.6521739130434783,0.08695652173913049,0.4727272727272727,0.5084745762711865,0.03574730354391381,23,23,0.0,0.6296296296296297,0.6521739130434783,0.02254428341384862,0.4722222222222222,0.4166666666666667,-0.055555555555555525,0.5396825396825397,0.5084745762711865,-0.031207963411353123,36,36,0.0,17,15,-2.0,13,15,2.0,10,8,-2.0,19,21,2.0,14,0.23728813559322035,7,0.11864406779661017,7,0.11864406779661017,0
P0,P0_derivative_amplitude_deciles,DERIVED_DECILES_ALL,ds004504__EC,AD_vs_FTD,10,FTD,AD,59,5,0.5084745762711864,0.559322033898305,0.05084745762711862,0.518719806763285,0.5839371980676329,0.0652173913043479,0.5062049062049062,0.5591954022988506,0.05299049609394435,0.03665132285211278,0.16667097993038466,0.13001965707827187,0.40625,0.45714285714285713,0.05089285714285713,0.5652173913043478,0.6956521739130435,0.13043478260869568,0.4727272727272727,0.5517241379310345,0.07899686520376176,23,23,0.0,0.6296296296296297,0.7083333333333334,0.07870370370370372,0.4722222222222222,0.4722222222222222,0.0,0.5396825396825397,0.5666666666666667,0.026984126984127,36,36,0.0,17,17,0.0,13,16,3.0,10,7,-3.0,19,19,0.0,19,0.3220338983050847,8,0.13559322033898305,11,0.1864406779661017,3
P0,P0_derivative_amplitude_deciles,DERIVED_DECILES_ALL,ds004504__EC,AD_vs_FTD,11,FTD,AD,59,5,0.5084745762711864,0.4745762711864407,-0.03389830508474573,0.5344202898550725,0.4830917874396135,-0.051328502415459,0.5084745762711865,0.4721500721500721,-0.03632450412111443,0.06884057971014493,-0.033104420640618,-0.10194500035076293,0.4166666666666667,0.375,-0.041666666666666685,0.6521739130434783,0.5217391304347826,-0.13043478260869568,0.5084745762711865,0.43636363636363634,-0.07211093990755019,23,23,0.0,0.6521739130434783,0.5925925925925926,-0.05958132045088571,0.4166666666666667,0.4444444444444444,0.027777777777777735,0.5084745762711865,0.5079365079365079,-0.0005380683346786208,36,36,0.0,15,16,1.0,15,12,-3.0,8,11,3.0,21,20,-1.0,16,0.2711864406779661,9,0.15254237288135594,7,0.11864406779661017,-2
P0,P0_derivative_amplitude_deciles,DERIVED_DECILES_ALL,ds004504__EC,AD_vs_FTD,12,FTD,AD,59,5,0.559322033898305,0.5084745762711864,-0.05084745762711862,0.5446859903381642,0.518719806763285,-0.02596618357487923,0.543452380952381,0.5062049062049062,-0.03724747474747481,0.0882078199150987,0.03665132285211278,-0.051556497062985915,0.44,0.40625,-0.03375,0.4782608695652174,0.5652173913043478,0.08695652173913038,0.4583333333333333,0.4727272727272727,0.014393939393939403,23,23,0.0,0.6470588235294118,0.6296296296296297,-0.017429193899782147,0.6111111111111112,0.4722222222222222,-0.13888888888888895,0.6285714285714287,0.5396825396825397,-0.08888888888888902,36,36,0.0,22,17,-5.0,11,13,2.0,12,10,-2.0,14,19,5.0,23,0.3898305084745763,13,0.22033898305084745,10,0.1694915254237288,-3
P0,P0_derivative_amplitude_deciles,DERIVED_DECILES_ALL,ds004504__EC,AD_vs_FTD,13,FTD,AD,59,5,0.5932203389830508,0.423728813559322,-0.1694915254237288,0.5960144927536233,0.4257246376811594,-0.17028985507246386,0.5874125874125875,0.41956018518518523,-0.16785240222740228,0.1873364687500491,-0.1450875277315934,-0.3324239964816425,0.4827586206896552,0.3225806451612903,-0.16017797552836488,0.6086956521739131,0.43478260869565216,-0.17391304347826092,0.5384615384615384,0.37037037037037035,-0.16809116809116809,23,23,0.0,0.7,0.5357142857142857,-0.16428571428571426,0.5833333333333334,0.4166666666666667,-0.16666666666666669,0.6363636363636365,0.46875000000000006,-0.1676136363636364,36,36,0.0,21,15,-6.0,14,10,-4.0,9,13,4.0,15,21,6.0,16,0.2711864406779661,13,0.22033898305084745,3,0.05084745762711865,-10
P0,P0_derivative_amplitude_deciles,DERIVED_DECILES_ALL,ds004504__EC,AD_vs_FTD,14,FTD,AD,59,5,0.5084745762711864,0.4915254237288136,-0.016949152542372836,0.5344202898550725,0.5126811594202899,-0.021739130434782594,0.5084745762711865,0.4913793103448276,-0.017095265926358905,0.06884057971014493,0.025180507759266745,-0.04366007195087818,0.4166666666666667,0.4,-0.016666666666666663,0.6521739130434783,0.6086956521739131,-0.04347826086956519,0.5084745762711865,0.48275862068965525,-0.02571595558153128,23,23,0.0,0.6521739130434783,0.625,-0.02717391304347827,0.4166666666666667,0.4166666666666667,0.0,0.5084745762711865,0.5,-0.008474576271186529,36,36,0.0,15,15,0.0,15,14,-1.0,8,9,1.0,21,21,0.0,23,0.3898305084745763,12,0.2033898305084746,11,0.1864406779661017,-1
P0,P0_derivative_amplitude_deciles,DERIVED_DECILES_ALL,ds004504__EC,AD_vs_FTD,15,FTD,AD,59,5,0.6610169491525424,0.6271186440677966,-0.03389830508474578,0.6594202898550725,0.6473429951690821,-0.012077294685990392,0.6529411764705882,0.6261520737327189,-0.026789102737869386,0.31212739461154115,0.2894882987407659,-0.022639095870775228,0.5555555555555556,0.5151515151515151,-0.04040404040404044,0.6521739130434783,0.7391304347826086,0.08695652173913038,0.6,0.6071428571428571,0.0071428571428571175,23,23,0.0,0.75,0.7692307692307693,0.019230769230769273,0.6666666666666666,0.5555555555555556,-0.11111111111111105,0.7058823529411765,0.6451612903225806,-0.06072106261859589,36,36,0.0,24,20,-4.0,15,17,2.0,8,6,-2.0,12,16,4.0,16,0.2711864406779661,9,0.15254237288135594,7,0.11864406779661017,-2
P0,P0_derivative_amplitude_deciles,DERIVED_DECILES_ALL,ds004504__EC,AD_vs_FTD,16,FTD,AD,59,5,0.559322033898305,0.5084745762711864,-0.05084745762711862,0.5603864734299517,0.5344202898550725,-0.02596618357487923,0.553030303030303,0.5084745762711865,-0.044555726759116454,0.11782167845915038,0.06884057971014493,-0.048981098749005456,0.4482758620689655,0.4166666666666667,-0.03160919540229884,0.5652173913043478,0.6521739130434783,0.08695652173913049,0.4999999999999999,0.5084745762711865,0.00847457627118664,23,23,0.0,0.6666666666666666,0.6521739130434783,-0.01449275362318836,0.5555555555555556,0.4166666666666667,-0.1388888888888889,0.606060606060606,0.5084745762711865,-0.09758602978941944,36,36,0.0,20,15,-5.0,13,15,2.0,10,8,-2.0,16,21,5.0,21,0.3559322033898305,12,0.2033898305084746,9,0.15254237288135594,-3
P0,P0_derivative_amplitude_deciles,DERIVED_DECILES_ALL,ds004504__EC,AD_vs_FTD,17,FTD,AD,59,5,0.5423728813559322,0.5423728813559322,0.0,0.5464975845410628,0.5307971014492754,-0.0157004830917874,0.5375907111756169,0.5288376220053239,-0.008753089170292938,0.0907226924135458,0.0605078001466355,-0.0302148922669103,0.43333333333333335,0.4230769230769231,-0.010256410256410275,0.5652173913043478,0.4782608695652174,-0.08695652173913038,0.49056603773584906,0.44897959183673475,-0.04158644589911431,23,23,0.0,0.6551724137931034,0.6363636363636364,-0.018808777429467072,0.5277777777777778,0.5833333333333334,0.05555555555555558,0.5846153846153845,0.6086956521739131,0.024080267558528545,36,36,0.0,19,21,2.0,13,11,-2.0,10,12,2.0,17,15,-2.0,16,0.2711864406779661,8,0.13559322033898305,8,0.13559322033898305,0
P0,P0_derivative_amplitude_deciles,DERIVED_DECILES_ALL,ds004504__EC,AD_vs_FTD,18,FTD,AD,59,5,0.5423728813559322,0.5084745762711864,-0.03389830508474578,0.5700483091787439,0.5265700483091788,-0.04347826086956519,0.5423728813559322,0.5079091170549325,-0.03446376430099973,0.14009661835748793,0.052447892922491114,-0.08764872543499683,0.4444444444444444,0.4117647058823529,-0.0326797385620915,0.6956521739130435,0.6086956521739131,-0.08695652173913038,0.5423728813559322,0.4912280701754386,-0.05114481118049358,23,23,0.0,0.6956521739130435,0.64,-0.055652173913043446,0.4444444444444444,0.4444444444444444,0.0,0.5423728813559322,0.5245901639344263,-0.017782717421505945,36,36,0.0,16,16,0.0,16,14,-2.0,7,9,2.0,20,20,0.0,20,0.3389830508474576,11,0.1864406779661017,9,0.15254237288135594,-2
P0,P0_derivative_amplitude_deciles,DERIVED_DECILES_ALL,ds004504__EC,AD_vs_FTD,19,FTD,AD,59,5,0.4915254237288136,0.5254237288135594,0.03389830508474578,0.481280193236715,0.5326086956521738,0.05132850241545883,0.4794117647058824,0.5219907407407408,0.042578976034858385,-0.03665132285211278,0.06369696339435807,0.10034828624647085,0.37037037037037035,0.41935483870967744,0.048984468339307086,0.43478260869565216,0.5652173913043478,0.13043478260869562,0.39999999999999997,0.4814814814814815,0.08148148148148154,23,23,0.0,0.59375,0.6428571428571429,0.049107142857142905,0.5277777777777778,0.5,-0.02777777777777779,0.5588235294117648,0.5625000000000001,0.003676470588235281,36,36,0.0,19,18,-1.0,10,13,3.0,13,10,-3.0,17,18,1.0,20,0.3389830508474576,9,0.15254237288135594,11,0.1864406779661017,2
P0,P0_derivative_amplitude_deciles,DERIVED_DECILES_ALL,ds004504__EC,AD_vs_FTD,20,FTD,AD,59,5,0.3728813559322034,0.4745762711864407,0.1016949152542373,0.3526570048309179,0.4752415458937198,0.12258454106280192,0.3543330375628512,0.46908563134978226,0.11475259378693103,-0.2894882987407659,-0.04830688816825166,0.24118141057251427,0.23076923076923078,0.36666666666666664,0.13589743589743586,0.2608695652173913,0.4782608695652174,0.2173913043478261,0.24489795918367346,0.41509433962264153,0.17019638043896806,23,23,0.0,0.48484848484848486,0.5862068965517241,0.10135841170323923,0.4444444444444444,0.4722222222222222,0.02777777777777779,0.463768115942029,0.523076923076923,0.059308807134894004,36,36,0.0,16,17,1.0,6,11,5.0,17,12,-5.0,20,19,-1.0,14,0.23728813559322035,4,0.06779661016949153,10,0.1694915254237288,6
P0,P0_derivative_amplitude_deciles,DERIVED_DECILES_ALL,ds004504__EC,CN_vs_FTD,1,CN,FTD,52,5,0.7307692307692307,0.6153846153846154,-0.11538461538461531,0.7271364317841079,0.623688155922039,-0.10344827586206895,0.7271364317841079,0.6153846153846154,-0.1117518163994925,0.4542728635682159,0.24737631184407796,-0.20689655172413793,0.7586206896551724,0.6956521739130435,-0.06296851574212892,0.7586206896551724,0.5517241379310345,-0.2068965517241379,0.7586206896551724,0.6153846153846154,-0.14323607427055696,29,29,0.0,0.6956521739130435,0.5517241379310345,-0.14392803598200898,0.6956521739130435,0.6956521739130435,0.0,0.6956521739130435,0.6153846153846154,-0.08026755852842804,23,23,0.0,16,16,0.0,22,16,-6.0,7,13,6.0,7,7,0.0,14,0.2692307692307692,10,0.19230769230769232,4,0.07692307692307693,-6
P0,P0_derivative_amplitude_deciles,DERIVED_DECILES_ALL,ds004504__EC,CN_vs_FTD,2,CN,FTD,52,5,0.6538461538461539,0.6346153846153846,-0.019230769230769273,0.6581709145427286,0.6364317841079461,-0.021739130434782483,0.6533333333333333,0.6333951762523191,-0.019938157081014207,0.31446162325362675,0.27104108243182823,-0.043420540821798526,0.72,0.6923076923076923,-0.027692307692307683,0.6206896551724138,0.6206896551724138,0.0,0.6666666666666666,0.6545454545454545,-0.012121212121212088,29,29,0.0,0.5925925925925926,0.5769230769230769,-0.015669515669515688,0.6956521739130435,0.6521739130434783,-0.04347826086956519,0.6399999999999999,0.6122448979591837,-0.027755102040816215,23,23,0.0,16,15,-1.0,18,18,0.0,11,11,0.0,7,8,1.0,13,0.25,7,0.1346153846153846,6,0.11538461538461539,-1
P0,P0_derivative_amplitude_deciles,DERIVED_DECILES_ALL,ds004504__EC,CN_vs_FTD,3,CN,FTD,52,5,0.6538461538461539,0.7115384615384616,0.05769230769230771,0.6581709145427286,0.7188905547226387,0.06071964017991016,0.6533333333333333,0.7114317425083241,0.05809840917499076,0.31446162325362675,0.436149418678647,0.12168779542502023,0.72,0.7916666666666666,0.07166666666666666,0.6206896551724138,0.6551724137931034,0.03448275862068961,0.6666666666666666,0.7169811320754716,0.05031446540880502,29,29,0.0,0.5925925925925926,0.6428571428571429,0.050264550264550345,0.6956521739130435,0.782608695652174,0.08695652173913049,0.6399999999999999,0.7058823529411765,0.06588235294117661,23,23,0.0,16,18,2.0,18,19,1.0,11,10,-1.0,7,5,-2.0,13,0.25,5,0.09615384615384616,8,0.15384615384615385,3
P0,P0_derivative_amplitude_deciles,DERIVED_DECILES_ALL,ds004504__EC,CN_vs_FTD,4,CN,FTD,52,5,0.6346153846153846,0.6346153846153846,0.0,0.6319340329835083,0.6274362818590704,-0.004497751124437843,0.6312056737588652,0.6278719397363466,-0.003333734022518575,0.26288458112137625,0.25622059574705486,-0.006663985374321391,0.6785714285714286,0.6666666666666666,-0.011904761904761973,0.6551724137931034,0.6896551724137931,0.034482758620689724,0.6666666666666666,0.6779661016949153,0.011299435028248705,29,29,0.0,0.5833333333333334,0.5909090909090909,0.007575757575757569,0.6086956521739131,0.5652173913043478,-0.0434782608695653,0.5957446808510638,0.5777777777777778,-0.017966903073285967,23,23,0.0,14,13,-1.0,19,20,1.0,10,9,-1.0,9,10,1.0,14,0.2692307692307692,7,0.1346153846153846,7,0.1346153846153846,0
P0,P0_derivative_amplitude_deciles,DERIVED_DECILES_ALL,ds004504__EC,CN_vs_FTD,5,CN,FTD,52,5,0.6923076923076923,0.6346153846153846,-0.05769230769230771,0.697151424287856,0.6499250374812594,-0.04722638680659663,0.6918518518518519,0.6333951762523192,-0.058456675599532715,0.39195927448200873,0.30610969998643806,-0.08584957449557068,0.76,0.75,-0.010000000000000009,0.6551724137931034,0.5172413793103449,-0.13793103448275856,0.7037037037037037,0.6122448979591838,-0.09145880574451992,29,29,0.0,0.6296296296296297,0.5625,-0.06712962962962965,0.7391304347826086,0.782608695652174,0.0434782608695653,0.68,0.6545454545454547,-0.025454545454545396,23,23,0.0,17,18,1.0,19,15,-4.0,10,14,4.0,6,5,-1.0,7,0.1346153846153846,5,0.09615384615384616,2,0.038461538461538464,-3
P0,P0_derivative_amplitude_deciles,DERIVED_DECILES_ALL,ds004504__EC,CN_vs_FTD,6,CN,FTD,52,5,0.6538461538461539,0.5192307692307693,-0.13461538461538458,0.6581709145427286,0.5239880059970015,-0.13418290854572712,0.6533333333333333,0.5190529041805402,-0.13428042915279315,0.31446162325362675,0.04779719656752296,-0.2666644266861038,0.72,0.5833333333333334,-0.1366666666666666,0.6206896551724138,0.4827586206896552,-0.13793103448275862,0.6666666666666666,0.5283018867924529,-0.1383647798742137,29,29,0.0,0.5925925925925926,0.4642857142857143,-0.12830687830687826,0.6956521739130435,0.5652173913043478,-0.13043478260869568,0.6399999999999999,0.5098039215686274,-0.1301960784313725,23,23,0.0,16,13,-3.0,18,14,-4.0,11,15,4.0,7,10,3.0,17,0.3269230769230769,12,0.23076923076923078,5,0.09615384615384616,-7
P0,P0_derivative_amplitude_deciles,DERIVED_DECILES_ALL,ds004504__EC,CN_vs_FTD,7,CN,FTD,52,5,0.6346153846153846,0.6346153846153846,0.0,0.6409295352323838,0.6364317841079461,-0.004497751124437732,0.6344802071772104,0.6333951762523191,-0.001085030924891317,0.2808085298341974,0.27104108243182823,-0.009767447402369178,0.7083333333333334,0.6923076923076923,-0.01602564102564108,0.5862068965517241,0.6206896551724138,0.034482758620689724,0.6415094339622641,0.6545454545454545,0.013036020583190422,29,29,0.0,0.5714285714285714,0.5769230769230769,0.005494505494505475,0.6956521739130435,0.6521739130434783,-0.04347826086956519,0.6274509803921569,0.6122448979591837,-0.015206082432973167,23,23,0.0,16,15,-1.0,17,18,1.0,12,11,-1.0,7,8,1.0,12,0.23076923076923078,6,0.11538461538461539,6,0.11538461538461539,0
P0,P0_derivative_amplitude_deciles,DERIVED_DECILES_ALL,ds004504__EC,CN_vs_FTD,8,CN,FTD,52,5,0.75,0.6923076923076923,-0.05769230769230771,0.7578710644677662,0.7016491754122939,-0.05622188905547232,0.749907510173881,0.6923076923076923,-0.05759981786618873,0.5138198631008718,0.4032983508245877,-0.1105215122762841,0.8333333333333334,0.782608695652174,-0.050724637681159424,0.6896551724137931,0.6206896551724138,-0.06896551724137934,0.7547169811320755,0.6923076923076923,-0.062409288824383236,29,29,0.0,0.6785714285714286,0.6206896551724138,-0.05788177339901479,0.8260869565217391,0.782608695652174,-0.04347826086956519,0.7450980392156864,0.6923076923076923,-0.05279034690799411,23,23,0.0,19,18,-1.0,20,18,-2.0,9,11,2.0,4,5,1.0,9,0.17307692307692307,6,0.11538461538461539,3,0.057692307692307696,-3
P0,P0_derivative_amplitude_deciles,DERIVED_DECILES_ALL,ds004504__EC,CN_vs_FTD,9,CN,FTD,52,5,0.6346153846153846,0.5384615384615384,-0.09615384615384615,0.6454272863568216,0.5322338830584707,-0.11319340329835081,0.6344802071772104,0.5322338830584707,-0.10224632411873968,0.29239291514663907,0.06446776611694154,-0.22792514902969752,0.7272727272727273,0.5862068965517241,-0.1410658307210032,0.5517241379310345,0.5862068965517241,0.03448275862068961,0.6274509803921569,0.5862068965517241,-0.041244083840432766,29,29,0.0,0.5666666666666667,0.4782608695652174,-0.08840579710144925,0.7391304347826086,0.4782608695652174,-0.26086956521739124,0.6415094339622641,0.4782608695652174,-0.1632485643970467,23,23,0.0,17,11,-6.0,16,17,1.0,13,12,-1.0,6,12,6.0,11,0.21153846153846154,8,0.15384615384615385,3,0.057692307692307696,-5
P0,P0_derivative_amplitude_deciles,DERIVED_DECILES_ALL,ds004504__EC,CN_vs_FTD,10,CN,FTD,52,5,0.6346153846153846,0.5769230769230769,-0.05769230769230771,0.6319340329835083,0.5712143928035982,-0.06071964017991005,0.6312056737588652,0.5712143928035982,-0.05999128095526696,0.26288458112137625,0.1424287856071964,-0.12045579551417984,0.6785714285714286,0.6206896551724138,-0.05788177339901479,0.6551724137931034,0.6206896551724138,-0.03448275862068961,0.6666666666666666,0.6206896551724138,-0.04597701149425282,29,29,0.0,0.5833333333333334,0.5217391304347826,-0.061594202898550776,0.6086956521739131,0.5217391304347826,-0.08695652173913049,0.5957446808510638,0.5217391304347826,-0.07400555041628121,23,23,0.0,14,12,-2.0,19,18,-1.0,10,11,1.0,9,11,2.0,5,0.09615384615384616,4,0.07692307692307693,1,0.019230769230769232,-3
P0,P0_derivative_amplitude_deciles,DERIVED_DECILES_ALL,ds004504__EC,CN_vs_FTD,11,CN,FTD,52,5,0.6538461538461539,0.6538461538461539,0.0,0.6581709145427286,0.6626686656671663,0.004497751124437732,0.6533333333333333,0.6538461538461539,0.0005128205128205332,0.31446162325362675,0.32533733133433285,0.010875708080706092,0.72,0.7391304347826086,0.019130434782608674,0.6206896551724138,0.5862068965517241,-0.034482758620689724,0.6666666666666666,0.6538461538461539,-0.012820512820512775,29,29,0.0,0.5925925925925926,0.5862068965517241,-0.0063856960408684715,0.6956521739130435,0.7391304347826086,0.04347826086956519,0.6399999999999999,0.6538461538461539,0.013846153846153952,23,23,0.0,16,17,1.0,18,17,-1.0,11,12,1.0,7,6,-1.0,4,0.07692307692307693,2,0.038461538461538464,2,0.038461538461538464,0
P0,P0_derivative_amplitude_deciles,DERIVED_DECILES_ALL,ds004504__EC,CN_vs_FTD,12,CN,FTD,52,5,0.7115384615384616,0.7115384615384616,0.0,0.7233883058470765,0.7188905547226387,-0.004497751124437732,0.7114317425083241,0.7114317425083241,0.0,0.4491396325448373,0.436149418678647,-0.012990213866190314,0.8181818181818182,0.7916666666666666,-0.026515151515151603,0.6206896551724138,0.6551724137931034,0.03448275862068961,0.7058823529411765,0.7169811320754716,0.011098779134295134,29,29,0.0,0.6333333333333333,0.6428571428571429,0.009523809523809601,0.8260869565217391,0.782608695652174,-0.04347826086956519,0.7169811320754716,0.7058823529411765,-0.011098779134295134,23,23,0.0,19,18,-1.0,18,19,1.0,11,10,-1.0,4,5,1.0,6,0.11538461538461539,3,0.057692307692307696,3,0.057692307692307696,0
P0,P0_derivative_amplitude_deciles,DERIVED_DECILES_ALL,ds004504__EC,CN_vs_FTD,13,CN,FTD,52,5,0.7115384615384616,0.6538461538461539,-0.05769230769230771,0.7188905547226387,0.6626686656671663,-0.05622188905547243,0.7114317425083241,0.6538461538461539,-0.05758558866217023,0.436149418678647,0.32533733133433285,-0.11081208734431414,0.7916666666666666,0.7391304347826086,-0.05253623188405798,0.6551724137931034,0.5862068965517241,-0.06896551724137934,0.7169811320754716,0.6538461538461539,-0.0631349782293178,29,29,0.0,0.6428571428571429,0.5862068965517241,-0.05665024630541882,0.782608695652174,0.7391304347826086,-0.0434782608695653,0.7058823529411765,0.6538461538461539,-0.05203619909502266,23,23,0.0,18,17,-1.0,19,17,-2.0,10,12,2.0,5,6,1.0,13,0.25,8,0.15384615384615385,5,0.09615384615384616,-3
P0,P0_derivative_amplitude_deciles,DERIVED_DECILES_ALL,ds004504__EC,CN_vs_FTD,14,CN,FTD,52,5,0.6730769230769231,0.6730769230769231,0.0,0.684407796101949,0.6754122938530734,-0.008995502248875575,0.6729559748427674,0.6719851576994433,-0.000970817143324032,0.3707662738457382,0.34848139169806486,-0.022284882147673324,0.7727272727272727,0.7307692307692307,-0.04195804195804198,0.5862068965517241,0.6551724137931034,0.06896551724137934,0.6666666666666667,0.6909090909090909,0.024242424242424176,29,29,0.0,0.6,0.6153846153846154,0.015384615384615441,0.782608695652174,0.6956521739130435,-0.08695652173913049,0.6792452830188679,0.6530612244897959,-0.02618405852907202,23,23,0.0,18,16,-2.0,17,19,2.0,12,10,-2.0,5,7,2.0,10,0.19230769230769232,5,0.09615384615384616,5,0.09615384615384616,0
P0,P0_derivative_amplitude_deciles,DERIVED_DECILES_ALL,ds004504__EC,CN_vs_FTD,15,CN,FTD,52,5,0.7307692307692307,0.6346153846153846,-0.09615384615384615,0.7541229385307346,0.6409295352323838,-0.11319340329835081,0.7271364317841079,0.6344802071772104,-0.09265622460689749,0.5381189652041014,0.2808085298341974,-0.257310435369904,0.9411764705882353,0.7083333333333334,-0.2328431372549019,0.5517241379310345,0.5862068965517241,0.03448275862068961,0.6956521739130435,0.6415094339622641,-0.05414273995077934,29,29,0.0,0.6285714285714286,0.5714285714285714,-0.05714285714285716,0.9565217391304348,0.6956521739130435,-0.26086956521739135,0.7586206896551724,0.6274509803921569,-0.13116970926301552,23,23,0.0,22,16,-6.0,16,17,1.0,13,12,-1.0,1,7,6.0,7,0.1346153846153846,6,0.11538461538461539,1,0.019230769230769232,-5
P0,P0_derivative_amplitude_deciles,DERIVED_DECILES_ALL,ds004504__EC,CN_vs_FTD,16,CN,FTD,52,5,0.7115384615384616,0.6730769230769231,-0.038461538461538436,0.7233883058470765,0.6754122938530734,-0.04797601199400303,0.7114317425083241,0.6719851576994433,-0.03944658480888075,0.4491396325448373,0.34848139169806486,-0.10065824084677244,0.8181818181818182,0.7307692307692307,-0.0874125874125875,0.6206896551724138,0.6551724137931034,0.03448275862068961,0.7058823529411765,0.6909090909090909,-0.0149732620320856,29,29,0.0,0.6333333333333333,0.6153846153846154,-0.017948717948717885,0.8260869565217391,0.6956521739130435,-0.13043478260869568,0.7169811320754716,0.6530612244897959,-0.06391990758567578,23,23,0.0,19,16,-3.0,18,19,1.0,11,10,-1.0,4,7,3.0,10,0.19230769230769232,6,0.11538461538461539,4,0.07692307692307693,-2
P0,P0_derivative_amplitude_deciles,DERIVED_DECILES_ALL,ds004504__EC,CN_vs_FTD,17,CN,FTD,52,5,0.6153846153846154,0.6730769230769231,0.05769230769230771,0.6101949025487257,0.6709145427286357,0.06071964017991005,0.6101949025487257,0.6700261291526689,0.059831226603943244,0.22038980509745126,0.34055502554360106,0.1201652204461498,0.6551724137931034,0.7142857142857143,0.059113300492610876,0.6551724137931034,0.6896551724137931,0.034482758620689724,0.6551724137931034,0.7017543859649122,0.046581972171808816,29,29,0.0,0.5652173913043478,0.625,0.05978260869565222,0.5652173913043478,0.6521739130434783,0.08695652173913049,0.5652173913043478,0.6382978723404256,0.07308048103607778,23,23,0.0,13,15,2.0,19,20,1.0,10,9,-1.0,10,8,-2.0,23,0.4423076923076923,10,0.19230769230769232,13,0.25,3
P0,P0_derivative_amplitude_deciles,DERIVED_DECILES_ALL,ds004504__EC,CN_vs_FTD,18,CN,FTD,52,5,0.7307692307692307,0.6923076923076923,-0.038461538461538436,0.7451274362818591,0.6926536731634183,-0.052473763118440764,0.7303703703703703,0.6904761904761905,-0.03989417989417987,0.4962429403063537,0.3830172378018108,-0.11322570250454289,0.8571428571428571,0.7407407407407407,-0.1164021164021164,0.6206896551724138,0.6896551724137931,0.06896551724137934,0.7200000000000001,0.7142857142857143,-0.005714285714285783,29,29,0.0,0.6451612903225806,0.64,-0.005161290322580614,0.8695652173913043,0.6956521739130435,-0.17391304347826086,0.7407407407407407,0.6666666666666666,-0.07407407407407407,23,23,0.0,20,16,-4.0,18,20,2.0,11,9,-2.0,3,7,4.0,10,0.19230769230769232,6,0.11538461538461539,4,0.07692307692307693,-2
P0,P0_derivative_amplitude_deciles,DERIVED_DECILES_ALL,ds004504__EC,CN_vs_FTD,19,CN,FTD,52,5,0.6730769230769231,0.6153846153846154,-0.05769230769230771,0.6799100449775113,0.623688155922039,-0.05622188905547232,0.6729559748427674,0.6153846153846154,-0.05757135945815195,0.35847897425642217,0.24737631184407796,-0.1111026624123442,0.75,0.6956521739130435,-0.05434782608695654,0.6206896551724138,0.5517241379310345,-0.06896551724137934,0.679245283018868,0.6153846153846154,-0.06386066763425258,29,29,0.0,0.6071428571428571,0.5517241379310345,-0.05541871921182262,0.7391304347826086,0.6956521739130435,-0.04347826086956519,0.6666666666666666,0.6153846153846154,-0.05128205128205121,23,23,0.0,17,16,-1.0,18,16,-2.0,11,13,2.0,6,7,1.0,9,0.17307692307692307,6,0.11538461538461539,3,0.057692307692307696,-3
P0,P0_derivative_amplitude_deciles,DERIVED_DECILES_ALL,ds004504__EC,CN_vs_FTD,20,CN,FTD,52,5,0.6538461538461539,0.6538461538461539,0.0,0.6491754122938531,0.6446776611694153,-0.004497751124437843,0.6491754122938531,0.6454545454545455,-0.0037208668393076128,0.2983508245877061,0.2928895641563494,-0.005461260431356696,0.6896551724137931,0.6774193548387096,-0.012235817575083519,0.6896551724137931,0.7241379310344828,0.03448275862068961,0.6896551724137931,0.7,0.010344827586206806,29,29,0.0,0.6086956521739131,0.6190476190476191,0.010351966873705987,0.6086956521739131,0.5652173913043478,-0.0434782608695653,0.6086956521739131,0.5909090909090909,-0.017786561264822143,23,23,0.0,14,13,-1.0,20,21,1.0,9,8,-1.0,9,10,1.0,12,0.23076923076923078,6,0.11538461538461539,6,0.11538461538461539,0
P0,P0_derivative_amplitude_deciles,DERIVED_DECILES_ALL,ds006036__EO_or_photomark,AD_FTD_vs_CN,1,CN,AD_FTD,88,5,0.7045454545454546,0.8068181818181818,0.10227272727272718,0.6832261835184104,0.7594973699590883,0.07627118644067798,0.6762874929258631,0.7705169504525234,0.09422945752666034,0.3557985889312198,0.5477625708417798,0.19196398191056002,0.5454545454545454,0.75,0.20454545454545459,0.6206896551724138,0.6206896551724138,0.0,0.5806451612903226,0.679245283018868,0.09860012172854538,29,29,0.0,0.8,0.828125,0.028124999999999956,0.7457627118644068,0.8983050847457628,0.15254237288135597,0.7719298245614035,0.8617886178861789,0.08985879332477542,59,59,0.0,44,53,9.0,18,18,0.0,11,11,0.0,15,6,-9.0,11,0.125,1,0.011363636363636364,10,0.11363636363636363,9
P0,P0_derivative_amplitude_deciles,DERIVED_DECILES_ALL,ds006036__EO_or_photomark,AD_FTD_vs_CN,2,CN,AD_FTD,88,5,0.7272727272727273,0.7727272727272727,0.045454545454545414,0.673874926943308,0.7428404441846873,0.06896551724137934,0.6794171220400729,0.7428404441846873,0.06342332214461444,0.3624529859496714,0.4856808883693746,0.12322790241970322,0.6,0.6551724137931034,0.05517241379310345,0.5172413793103449,0.6551724137931034,0.13793103448275856,0.5555555555555556,0.6551724137931034,0.09961685823754785,29,29,0.0,0.7777777777777778,0.8305084745762712,0.052730696798493404,0.8305084745762712,0.8305084745762712,0.0,0.8032786885245902,0.8305084745762712,0.027229786051681026,59,59,0.0,49,49,0.0,15,19,4.0,14,10,-4.0,10,10,0.0,6,0.06818181818181818,1,0.011363636363636364,5,0.056818181818181816,4
P0,P0_derivative_amplitude_deciles,DERIVED_DECILES_ALL,ds006036__EO_or_photomark,AD_FTD_vs_CN,3,CN,AD_FTD,88,5,0.6477272727272727,0.7386363636363636,0.09090909090909094,0.6233196960841614,0.6823495032144944,0.05902980713033301,0.6168001123753337,0.6895229329651787,0.07272282058984503,0.23809545637843813,0.3849142389698993,0.14681878259146117,0.47058823529411764,0.625,0.15441176470588236,0.5517241379310345,0.5172413793103449,-0.03448275862068961,0.507936507936508,0.5660377358490567,0.05810122791254868,29,29,0.0,0.7592592592592593,0.78125,0.0219907407407407,0.6949152542372882,0.847457627118644,0.15254237288135586,0.7256637168141593,0.8130081300813008,0.08734441326714149,59,59,0.0,41,50,9.0,16,15,-1.0,13,14,1.0,18,9,-9.0,14,0.1590909090909091,3,0.03409090909090909,11,0.125,8
P0,P0_derivative_amplitude_deciles,DERIVED_DECILES_ALL,ds006036__EO_or_photomark,AD_FTD_vs_CN,4,CN,AD_FTD,88,5,0.7727272727272727,0.7840909090909091,0.011363636363636354,0.7340736411455289,0.7513150204558737,0.017241379310344862,0.7380952380952381,0.7535014005602241,0.01540616246498594,0.4771563543215385,0.5072462039474607,0.03008984962592215,0.6666666666666666,0.6785714285714286,0.011904761904761973,0.6206896551724138,0.6551724137931034,0.03448275862068961,0.6428571428571429,0.6666666666666666,0.023809523809523725,29,29,0.0,0.819672131147541,0.8333333333333334,0.013661202185792365,0.847457627118644,0.847457627118644,0.0,0.8333333333333333,0.8403361344537815,0.007002801120448265,59,59,0.0,50,50,0.0,18,19,1.0,11,10,-1.0,9,9,0.0,9,0.10227272727272728,4,0.045454545454545456,5,0.056818181818181816,1
P0,P0_derivative_amplitude_deciles,DERIVED_DECILES_ALL,ds006036__EO_or_photomark,AD_FTD_vs_CN,5,CN,AD_FTD,88,5,0.7045454545454546,0.75,0.045454545454545414,0.6481589713617768,0.717124488603156,0.06896551724137923,0.652701882210079,0.7171244886031561,0.06442260639307718,0.30884649391005614,0.4342489772063121,0.12540248329625597,0.56,0.6206896551724138,0.06068965517241376,0.4827586206896552,0.6206896551724138,0.13793103448275862,0.5185185185185185,0.6206896551724138,0.10217113665389532,29,29,0.0,0.7619047619047619,0.8135593220338984,0.051654560129136495,0.8135593220338984,0.8135593220338984,0.0,0.7868852459016393,0.8135593220338985,0.02667407613225914,59,59,0.0,48,48,0.0,14,18,4.0,15,11,-4.0,11,11,0.0,18,0.20454545454545456,7,0.07954545454545454,11,0.125,4
P0,P0_derivative_amplitude_deciles,DERIVED_DECILES_ALL,ds006036__EO_or_photomark,AD_FTD_vs_CN,6,CN,AD_FTD,88,5,0.6931818181818182,0.8181818181818182,0.125,0.6396843950905903,0.7679719462302748,0.12828755113968449,0.6429752066115703,0.7816377171215881,0.13866251051001788,0.28781960518381383,0.5733551721539346,0.2855355669701208,0.5384615384615384,0.782608695652174,0.2441471571906355,0.4827586206896552,0.6206896551724138,0.13793103448275862,0.509090909090909,0.6923076923076923,0.18321678321678325,29,29,0.0,0.7580645161290323,0.8307692307692308,0.07270471464019856,0.7966101694915254,0.9152542372881356,0.11864406779661019,0.7768595041322315,0.870967741935484,0.0941082378032525,59,59,0.0,47,54,7.0,14,18,4.0,15,11,-4.0,12,5,-7.0,13,0.14772727272727273,1,0.011363636363636364,12,0.13636363636363635,11
P0,P0_derivative_amplitude_deciles,DERIVED_DECILES_ALL,ds006036__EO_or_photomark,AD_FTD_vs_CN,7,CN,AD_FTD,88,5,0.7272727272727273,0.8068181818181818,0.07954545454545447,0.6914085330216247,0.7682641729982467,0.07685563997662193,0.6914085330216247,0.775206611570248,0.0837980785486232,0.38281706604324955,0.5527581538885796,0.16994108784533007,0.5862068965517241,0.7307692307692307,0.14456233421750664,0.5862068965517241,0.6551724137931034,0.06896551724137934,0.5862068965517241,0.6909090909090909,0.10470219435736683,29,29,0.0,0.7966101694915254,0.8387096774193549,0.04209950792782946,0.7966101694915254,0.8813559322033898,0.0847457627118644,0.7966101694915254,0.859504132231405,0.06289396273987957,59,59,0.0,47,52,5.0,17,19,2.0,12,10,-2.0,12,7,-5.0,7,0.07954545454545454,0,0.0,7,0.07954545454545454,7
P0,P0_derivative_amplitude_deciles,DERIVED_DECILES_ALL,ds006036__EO_or_photomark,AD_FTD_vs_CN,8,CN,AD_FTD,88,5,0.7840909090909091,0.7613636363636364,-0.022727272727272707,0.7513150204558737,0.7343658679135009,-0.016949152542372836,0.7535014005602241,0.732290308561495,-0.02121109199872906,0.5072462039474607,0.4648092255630665,-0.0424369783843942,0.6785714285714286,0.6333333333333333,-0.0452380952380953,0.6551724137931034,0.6551724137931034,0.0,0.6666666666666666,0.6440677966101694,-0.02259887005649719,29,29,0.0,0.8333333333333334,0.8275862068965517,-0.005747126436781658,0.847457627118644,0.8135593220338984,-0.03389830508474567,0.8403361344537815,0.8205128205128206,-0.01982331394096093,59,59,0.0,50,48,-2.0,19,19,0.0,10,10,0.0,9,11,2.0,10,0.11363636363636363,6,0.06818181818181818,4,0.045454545454545456,-2
P0,P0_derivative_amplitude_deciles,DERIVED_DECILES_ALL,ds006036__EO_or_photomark,AD_FTD_vs_CN,9,CN,AD_FTD,88,5,0.7386363636363636,0.7613636363636364,0.022727272727272707,0.6998831092928113,0.690531852717709,-0.009351256575102274,0.7016069585729028,0.703037120359955,0.001430161787052242,0.4034376784884454,0.4274183237627468,0.023980645274301382,0.6071428571428571,0.7,0.09285714285714286,0.5862068965517241,0.4827586206896552,-0.1034482758620689,0.5964912280701754,0.5714285714285714,-0.02506265664160401,29,29,0.0,0.8,0.7794117647058824,-0.020588235294117685,0.8135593220338984,0.8983050847457628,0.0847457627118644,0.8067226890756303,0.8346456692913385,0.02792298021570827,59,59,0.0,48,53,5.0,17,14,-3.0,12,15,3.0,11,6,-5.0,10,0.11363636363636363,4,0.045454545454545456,6,0.06818181818181818,2
P0,P0_derivative_amplitude_deciles,DERIVED_DECILES_ALL,ds006036__EO_or_photomark,AD_FTD_vs_CN,10,CN,AD_FTD,88,5,0.7272727272727273,0.8181818181818182,0.09090909090909094,0.6914085330216247,0.7679719462302748,0.07656341320865001,0.6914085330216247,0.7816377171215881,0.09022918409996339,0.38281706604324955,0.5733551721539346,0.19053810611068506,0.5862068965517241,0.782608695652174,0.19640179910044986,0.5862068965517241,0.6206896551724138,0.034482758620689724,0.5862068965517241,0.6923076923076923,0.1061007957559682,29,29,0.0,0.7966101694915254,0.8307692307692308,0.034159061277705405,0.7966101694915254,0.9152542372881356,0.11864406779661019,0.7966101694915254,0.870967741935484,0.07435757244395858,59,59,0.0,47,54,7.0,17,18,1.0,12,11,-1.0,12,5,-7.0,10,0.11363636363636363,1,0.011363636363636364,9,0.10227272727272728,8
P0,P0_derivative_amplitude_deciles,DERIVED_DECILES_ALL,ds006036__EO_or_photomark,AD_FTD_vs_CN,11,CN,AD_FTD,88,5,0.7386363636363636,0.7613636363636364,0.022727272727272707,0.6911163062536528,0.7080654587960258,0.016949152542372947,0.6958677685950414,0.7165209387942937,0.02065317019925228,0.39379502466572014,0.4391970162605261,0.04540199159480596,0.6153846153846154,0.6666666666666666,0.05128205128205121,0.5517241379310345,0.5517241379310345,0.0,0.5818181818181819,0.6037735849056604,0.021955403087478453,29,29,0.0,0.7903225806451613,0.796875,0.0065524193548387455,0.8305084745762712,0.864406779661017,0.03389830508474578,0.8099173553719008,0.8292682926829269,0.019350937311026106,59,59,0.0,49,51,2.0,16,16,0.0,13,13,0.0,10,8,-2.0,8,0.09090909090909091,3,0.03409090909090909,5,0.056818181818181816,2
P0,P0_derivative_amplitude_deciles,DERIVED_DECILES_ALL,ds006036__EO_or_photomark,AD_FTD_vs_CN,12,CN,AD_FTD,88,5,0.7613636363636364,0.7954545454545454,0.03409090909090906,0.7255990648743424,0.7510227936879018,0.025423728813559365,0.7275541795665634,0.7595628415300546,0.03200866196349117,0.455341941217953,0.5232724620685172,0.06793052085056417,0.6428571428571429,0.72,0.07714285714285707,0.6206896551724138,0.6206896551724138,0.0,0.6315789473684211,0.6666666666666666,0.0350877192982455,29,29,0.0,0.8166666666666667,0.8253968253968254,0.0087301587301587,0.8305084745762712,0.8813559322033898,0.05084745762711862,0.8235294117647058,0.8524590163934426,0.028929604628736727,59,59,0.0,49,52,3.0,18,18,0.0,11,11,0.0,10,7,-3.0,9,0.10227272727272728,3,0.03409090909090909,6,0.06818181818181818,3
P0,P0_derivative_amplitude_deciles,DERIVED_DECILES_ALL,ds006036__EO_or_photomark,AD_FTD_vs_CN,13,CN,AD_FTD,88,5,0.7613636363636364,0.8295454545454546,0.06818181818181823,0.7255990648743424,0.7852133255406195,0.059614260666277064,0.7275541795665634,0.7975149562816383,0.06996077671507483,0.455341941217953,0.6020453481324066,0.1467034069144536,0.6428571428571429,0.7916666666666666,0.14880952380952372,0.6206896551724138,0.6551724137931034,0.03448275862068961,0.6315789473684211,0.7169811320754716,0.08540218470705052,29,29,0.0,0.8166666666666667,0.84375,0.027083333333333348,0.8305084745762712,0.9152542372881356,0.0847457627118644,0.8235294117647058,0.8780487804878049,0.05451936872309904,59,59,0.0,49,54,5.0,18,19,1.0,11,10,-1.0,10,5,-5.0,6,0.06818181818181818,0,0.0,6,0.06818181818181818,6
P0,P0_derivative_amplitude_deciles,DERIVED_DECILES_ALL,ds006036__EO_or_photomark,AD_FTD_vs_CN,14,CN,AD_FTD,88,5,0.7613636363636364,0.8068181818181818,0.045454545454545414,0.7168322618351841,0.7507305669199298,0.03389830508474567,0.7223140495867768,0.7653333333333334,0.043019283746556614,0.4467827344066733,0.5443509371017501,0.09756820269507677,0.6538461538461539,0.7727272727272727,0.11888111888111885,0.5862068965517241,0.5862068965517241,0.0,0.6181818181818182,0.6666666666666667,0.048484848484848575,29,29,0.0,0.8064516129032258,0.8181818181818182,0.011730205278592476,0.847457627118644,0.9152542372881356,0.06779661016949157,0.8264462809917354,0.8640000000000001,0.03755371900826465,59,59,0.0,50,54,4.0,17,17,0.0,12,12,0.0,9,5,-4.0,6,0.06818181818181818,1,0.011363636363636364,5,0.056818181818181816,4
P0,P0_derivative_amplitude_deciles,DERIVED_DECILES_ALL,ds006036__EO_or_photomark,AD_FTD_vs_CN,15,CN,AD_FTD,88,5,0.75,0.7954545454545454,0.045454545454545414,0.6995908825248393,0.7422559906487434,0.042665108123904116,0.7061323618700668,0.7543424317617866,0.04821006989171983,0.4160594779892867,0.5183330836593368,0.10227360567005012,0.64,0.7391304347826086,0.09913043478260863,0.5517241379310345,0.5862068965517241,0.03448275862068961,0.5925925925925927,0.6538461538461539,0.061253561253561184,29,29,0.0,0.7936507936507936,0.8153846153846154,0.021733821733821768,0.847457627118644,0.8983050847457628,0.05084745762711873,0.819672131147541,0.8548387096774194,0.03516657852987837,59,59,0.0,50,53,3.0,16,17,1.0,13,12,-1.0,9,6,-3.0,4,0.045454545454545456,0,0.0,4,0.045454545454545456,4
P0,P0_derivative_amplitude_deciles,DERIVED_DECILES_ALL,ds006036__EO_or_photomark,AD_FTD_vs_CN,16,CN,AD_FTD,88,5,0.6818181818181818,0.7727272727272727,0.09090909090909094,0.6750438340151959,0.7428404441846873,0.06779661016949146,0.6606060606060606,0.7428404441846873,0.08223438357862667,0.3333618269354877,0.4856808883693746,0.1523190614338869,0.5135135135135135,0.6551724137931034,0.14165890027958994,0.6551724137931034,0.6551724137931034,0.0,0.5757575757575758,0.6551724137931034,0.07941483803552762,29,29,0.0,0.803921568627451,0.8305084745762712,0.026586905948820183,0.6949152542372882,0.8305084745762712,0.13559322033898302,0.7454545454545455,0.8305084745762712,0.08505392912172571,59,59,0.0,41,49,8.0,19,19,0.0,10,10,0.0,18,10,-8.0,12,0.13636363636363635,2,0.022727272727272728,10,0.11363636363636363,8
P0,P0_derivative_amplitude_deciles,DERIVED_DECILES_ALL,ds006036__EO_or_photomark,AD_FTD_vs_CN,17,CN,AD_FTD,88,5,0.7159090909090909,0.75,0.03409090909090906,0.6829339567504383,0.7258912916423144,0.04295733489187603,0.6812979863827322,0.7218390804597701,0.040541094077037876,0.3628062034943636,0.4445659684767653,0.08175976498240173,0.5666666666666667,0.6129032258064516,0.04623655913978497,0.5862068965517241,0.6551724137931034,0.06896551724137934,0.576271186440678,0.6333333333333333,0.05706214689265532,29,29,0.0,0.7931034482758621,0.8245614035087719,0.03145795523290984,0.7796610169491526,0.7966101694915254,0.016949152542372836,0.7863247863247863,0.8103448275862069,0.024020041261420544,59,59,0.0,46,47,1.0,17,19,2.0,12,10,-2.0,13,12,-1.0,9,0.10227272727272728,3,0.03409090909090909,6,0.06818181818181818,3
P0,P0_derivative_amplitude_deciles,DERIVED_DECILES_ALL,ds006036__EO_or_photomark,AD_FTD_vs_CN,18,CN,AD_FTD,88,5,0.7613636363636364,0.7727272727272727,0.011363636363636354,0.7255990648743424,0.7340736411455289,0.008474576271186418,0.7275541795665634,0.7380952380952381,0.010541058528674707,0.455341941217953,0.4771563543215385,0.021814413103585506,0.6428571428571429,0.6666666666666666,0.023809523809523725,0.6206896551724138,0.6206896551724138,0.0,0.6315789473684211,0.6428571428571429,0.011278195488721776,29,29,0.0,0.8166666666666667,0.819672131147541,0.0030054644808743536,0.8305084745762712,0.847457627118644,0.016949152542372836,0.8235294117647058,0.8333333333333333,0.009803921568627416,59,59,0.0,49,50,1.0,18,18,0.0,11,11,0.0,10,9,-1.0,7,0.07954545454545454,3,0.03409090909090909,4,0.045454545454545456,1
P0,P0_derivative_amplitude_deciles,DERIVED_DECILES_ALL,ds006036__EO_or_photomark,AD_FTD_vs_CN,19,CN,AD_FTD,88,5,0.6818181818181818,0.7159090909090909,0.03409090909090917,0.6487434248977206,0.6654003506721216,0.01665692577440092,0.6459770114942529,0.6694214876033058,0.02344447610905287,0.29273490032946126,0.340807314924767,0.04807241459530576,0.5161290322580645,0.5769230769230769,0.06079404466501237,0.5517241379310345,0.5172413793103449,-0.03448275862068961,0.5333333333333333,0.5454545454545454,0.012121212121212088,29,29,0.0,0.7719298245614035,0.7741935483870968,0.002263723825693287,0.7457627118644068,0.8135593220338984,0.06779661016949157,0.7586206896551725,0.7933884297520662,0.03476774009689376,59,59,0.0,44,48,4.0,16,15,-1.0,13,14,1.0,15,11,-4.0,5,0.056818181818181816,1,0.011363636363636364,4,0.045454545454545456,3
P0,P0_derivative_amplitude_deciles,DERIVED_DECILES_ALL,ds006036__EO_or_photomark,AD_FTD_vs_CN,20,CN,AD_FTD,88,5,0.7159090909090909,0.7613636363636364,0.045454545454545414,0.6829339567504383,0.7255990648743424,0.042665108123904116,0.6812979863827322,0.7275541795665634,0.04625619318383123,0.3628062034943636,0.455341941217953,0.09253573772358942,0.5666666666666667,0.6428571428571429,0.07619047619047625,0.5862068965517241,0.6206896551724138,0.034482758620689724,0.576271186440678,0.6315789473684211,0.055307760927743144,29,29,0.0,0.7931034482758621,0.8166666666666667,0.023563218390804552,0.7796610169491526,0.8305084745762712,0.05084745762711862,0.7863247863247863,0.8235294117647058,0.037204625439919536,59,59,0.0,46,49,3.0,17,18,1.0,12,11,-1.0,13,10,-3.0,10,0.11363636363636363,3,0.03409090909090909,7,0.07954545454545454,4
P0,P0_derivative_amplitude_deciles,DERIVED_DECILES_ALL,ds006036__EO_or_photomark,AD_vs_CN,1,CN,AD,65,5,0.6923076923076923,0.7846153846153846,0.09230769230769231,0.6685823754789272,0.7720306513409961,0.10344827586206895,0.663561076604555,0.7756410256410257,0.11207994903647067,0.38137070949438545,0.5656001593823551,0.18422944988796963,0.7647058823529411,0.8260869565217391,0.06138107416879801,0.4482758620689655,0.6551724137931034,0.2068965517241379,0.5652173913043479,0.7307692307692308,0.16555183946488294,29,29,0.0,0.6666666666666666,0.7619047619047619,0.09523809523809523,0.8888888888888888,0.8888888888888888,0.0,0.761904761904762,0.8205128205128205,0.05860805860805851,36,36,0.0,32,32,0.0,13,19,6.0,16,10,-6.0,4,4,0.0,10,0.15384615384615385,2,0.03076923076923077,8,0.12307692307692308,6
P0,P0_derivative_amplitude_deciles,DERIVED_DECILES_ALL,ds006036__EO_or_photomark,AD_vs_CN,2,CN,AD,65,5,0.7692307692307693,0.7384615384615385,-0.03076923076923077,0.7514367816091954,0.7236590038314177,-0.02777777777777768,0.7543461829176115,0.7257383966244726,-0.02860778629313887,0.5416114030164013,0.46991689875133896,-0.07169450426506235,0.85,0.7727272727272727,-0.07727272727272727,0.5862068965517241,0.5862068965517241,0.0,0.6938775510204082,0.6666666666666667,-0.027210884353741416,29,29,0.0,0.7333333333333333,0.7209302325581395,-0.012403100775193798,0.9166666666666666,0.8611111111111112,-0.05555555555555547,0.8148148148148148,0.7848101265822784,-0.030004688232536325,36,36,0.0,33,31,-2.0,17,17,0.0,12,12,0.0,3,5,2.0,8,0.12307692307692308,5,0.07692307692307693,3,0.046153846153846156,-2
P0,P0_derivative_amplitude_deciles,DERIVED_DECILES_ALL,ds006036__EO_or_photomark,AD_vs_CN,3,CN,AD,65,5,0.7692307692307693,0.7230769230769231,-0.04615384615384621,0.7547892720306513,0.7064176245210728,-0.04837164750957845,0.7580044676098288,0.7075,-0.05050446760982874,0.5353228910828958,0.4388246703114899,-0.09649822077140585,0.8181818181818182,0.7619047619047619,-0.05627705627705637,0.6206896551724138,0.5517241379310345,-0.06896551724137934,0.7058823529411765,0.64,-0.0658823529411765,29,29,0.0,0.7441860465116279,0.7045454545454546,-0.03964059196617331,0.8888888888888888,0.8611111111111112,-0.02777777777777768,0.8101265822784809,0.775,-0.03512658227848087,36,36,0.0,32,31,-1.0,18,16,-2.0,11,13,2.0,4,5,1.0,9,0.13846153846153847,6,0.09230769230769231,3,0.046153846153846156,-3
P0,P0_derivative_amplitude_deciles,DERIVED_DECILES_ALL,ds006036__EO_or_photomark,AD_vs_CN,4,CN,AD,65,5,0.7230769230769231,0.8,0.07692307692307698,0.7097701149425287,0.7859195402298851,0.07614942528735635,0.7115384615384615,0.790270538595185,0.07873207705672358,0.43614941867864704,0.6007288834144526,0.1645794647358056,0.7391304347826086,0.8636363636363636,0.124505928853755,0.5862068965517241,0.6551724137931034,0.06896551724137934,0.6538461538461539,0.7450980392156864,0.09125188536953255,29,29,0.0,0.7142857142857143,0.7674418604651163,0.05315614617940201,0.8333333333333334,0.9166666666666666,0.08333333333333326,0.7692307692307692,0.8354430379746837,0.0662122687439145,36,36,0.0,30,33,3.0,17,19,2.0,12,10,-2.0,6,3,-3.0,7,0.1076923076923077,1,0.015384615384615385,6,0.09230769230769231,5
P0,P0_derivative_amplitude_deciles,DERIVED_DECILES_ALL,ds006036__EO_or_photomark,AD_vs_CN,5,CN,AD,65,5,0.7384615384615385,0.7384615384615385,0.0,0.7203065134099617,0.7270114942528736,0.006704980842911934,0.7215923406399596,0.7292330311198236,0.007640690479864043,0.47455475311913253,0.46766034221713354,-0.006894410901998993,0.8,0.75,-0.050000000000000044,0.5517241379310345,0.6206896551724138,0.06896551724137934,0.6530612244897959,0.679245283018868,0.02618405852907213,29,29,0.0,0.7111111111111111,0.7317073170731707,0.020596205962059577,0.8888888888888888,0.8333333333333334,-0.05555555555555547,0.7901234567901234,0.7792207792207793,-0.010902677569344155,36,36,0.0,32,30,-2.0,16,18,2.0,13,11,-2.0,4,6,2.0,8,0.12307692307692308,4,0.06153846153846154,4,0.06153846153846154,0
P0,P0_derivative_amplitude_deciles,DERIVED_DECILES_ALL,ds006036__EO_or_photomark,AD_vs_CN,6,CN,AD,65,5,0.7076923076923077,0.7846153846153846,0.07692307692307687,0.6992337164750958,0.7720306513409961,0.07279693486590033,0.7006060606060606,0.7756410256410257,0.0750349650349651,0.4043189565754151,0.5656001593823551,0.16128120280693997,0.6923076923076923,0.8260869565217391,0.13377926421404684,0.6206896551724138,0.6551724137931034,0.03448275862068961,0.6545454545454545,0.7307692307692308,0.0762237762237763,29,29,0.0,0.717948717948718,0.7619047619047619,0.04395604395604391,0.7777777777777778,0.8888888888888888,0.11111111111111105,0.7466666666666666,0.8205128205128205,0.0738461538461539,36,36,0.0,28,32,4.0,18,19,1.0,11,10,-1.0,8,4,-4.0,7,0.1076923076923077,1,0.015384615384615385,6,0.09230769230769231,5
P0,P0_derivative_amplitude_deciles,DERIVED_DECILES_ALL,ds006036__EO_or_photomark,AD_vs_CN,7,CN,AD,65,5,0.7230769230769231,0.7538461538461538,0.03076923076923077,0.7131226053639848,0.7375478927203065,0.024425287356321768,0.7149122807017545,0.74,0.025087719298245492,0.43552166280673843,0.5050047249988376,0.06948306219209921,0.72,0.8095238095238095,0.08952380952380956,0.6206896551724138,0.5862068965517241,-0.034482758620689724,0.6666666666666666,0.68,0.01333333333333342,29,29,0.0,0.725,0.7272727272727273,0.002272727272727315,0.8055555555555556,0.8888888888888888,0.08333333333333326,0.7631578947368423,0.7999999999999999,0.036842105263157676,36,36,0.0,29,32,3.0,18,17,-1.0,11,12,1.0,7,4,-3.0,6,0.09230769230769231,2,0.03076923076923077,4,0.06153846153846154,2
P0,P0_derivative_amplitude_deciles,DERIVED_DECILES_ALL,ds006036__EO_or_photomark,AD_vs_CN,8,CN,AD,65,5,0.7538461538461538,0.7692307692307693,0.015384615384615441,0.7375478927203065,0.7547892720306513,0.01724137931034475,0.74,0.7580044676098288,0.018004467609828767,0.5050047249988376,0.5353228910828958,0.03031816608405813,0.8095238095238095,0.8181818181818182,0.008658008658008698,0.5862068965517241,0.6206896551724138,0.034482758620689724,0.68,0.7058823529411765,0.025882352941176467,29,29,0.0,0.7272727272727273,0.7441860465116279,0.016913319238900604,0.8888888888888888,0.8888888888888888,0.0,0.7999999999999999,0.8101265822784809,0.010126582278480956,36,36,0.0,32,32,0.0,17,18,1.0,12,11,-1.0,4,4,0.0,7,0.1076923076923077,3,0.046153846153846156,4,0.06153846153846154,1
P0,P0_derivative_amplitude_deciles,DERIVED_DECILES_ALL,ds006036__EO_or_photomark,AD_vs_CN,9,CN,AD,65,5,0.7384615384615385,0.7384615384615385,0.0,0.7236590038314177,0.7270114942528736,0.0033524904214559115,0.7257383966244726,0.7292330311198236,0.0034946344953510344,0.46991689875133896,0.46766034221713354,-0.002256556534205423,0.7727272727272727,0.75,-0.022727272727272707,0.5862068965517241,0.6206896551724138,0.034482758620689724,0.6666666666666667,0.679245283018868,0.012578616352201255,29,29,0.0,0.7209302325581395,0.7317073170731707,0.010777084515031232,0.8611111111111112,0.8333333333333334,-0.02777777777777779,0.7848101265822784,0.7792207792207793,-0.005589347361499186,36,36,0.0,31,30,-1.0,17,18,1.0,12,11,-1.0,5,6,1.0,10,0.15384615384615385,5,0.07692307692307693,5,0.07692307692307693,0
P0,P0_derivative_amplitude_deciles,DERIVED_DECILES_ALL,ds006036__EO_or_photomark,AD_vs_CN,10,CN,AD,65,5,0.7384615384615385,0.7538461538461538,0.01538461538461533,0.7337164750957854,0.7375478927203065,0.003831417624521105,0.7344388368180725,0.74,0.005561163181927453,0.46923423991105967,0.5050047249988376,0.03577048508777797,0.7142857142857143,0.8095238095238095,0.09523809523809523,0.6896551724137931,0.5862068965517241,-0.10344827586206906,0.7017543859649122,0.68,-0.021754385964912193,29,29,0.0,0.7567567567567568,0.7272727272727273,-0.029484029484029506,0.7777777777777778,0.8888888888888888,0.11111111111111105,0.7671232876712328,0.7999999999999999,0.0328767123287671,36,36,0.0,28,32,4.0,20,17,-3.0,9,12,3.0,8,4,-4.0,15,0.23076923076923078,7,0.1076923076923077,8,0.12307692307692308,1
P0,P0_derivative_amplitude_deciles,DERIVED_DECILES_ALL,ds006036__EO_or_photomark,AD_vs_CN,11,CN,AD,65,5,0.7846153846153846,0.7384615384615385,-0.0461538461538461,0.7686781609195402,0.7203065134099617,-0.048371647509578564,0.7725000000000001,0.7215923406399596,-0.05090765936004049,0.5711847796861853,0.47455475311913253,-0.09663002656705277,0.8571428571428571,0.8,-0.05714285714285705,0.6206896551724138,0.5517241379310345,-0.06896551724137934,0.7200000000000001,0.6530612244897959,-0.06693877551020422,29,29,0.0,0.75,0.7111111111111111,-0.03888888888888886,0.9166666666666666,0.8888888888888888,-0.02777777777777779,0.8250000000000001,0.7901234567901234,-0.034876543209876654,36,36,0.0,33,32,-1.0,18,16,-2.0,11,13,2.0,3,4,1.0,7,0.1076923076923077,5,0.07692307692307693,2,0.03076923076923077,-3
P0,P0_derivative_amplitude_deciles,DERIVED_DECILES_ALL,ds006036__EO_or_photomark,AD_vs_CN,12,CN,AD,65,5,0.6923076923076923,0.7076923076923077,0.015384615384615441,0.678639846743295,0.6925287356321839,0.01388888888888884,0.6794871794871795,0.6934723256391164,0.013985146151936911,0.371424048326793,0.40451090641978216,0.03308685809298917,0.6956521739130435,0.7272727272727273,0.031620553359683834,0.5517241379310345,0.5517241379310345,0.0,0.6153846153846154,0.6274509803921569,0.012066365007541435,29,29,0.0,0.6904761904761905,0.6976744186046512,0.007198228128460715,0.8055555555555556,0.8333333333333334,0.02777777777777779,0.7435897435897436,0.759493670886076,0.015903927296332387,36,36,0.0,29,30,1.0,16,16,0.0,13,13,0.0,7,6,-1.0,11,0.16923076923076924,5,0.07692307692307693,6,0.09230769230769231,1
P0,P0_derivative_amplitude_deciles,DERIVED_DECILES_ALL,ds006036__EO_or_photomark,AD_vs_CN,13,CN,AD,65,5,0.7230769230769231,0.7692307692307693,0.04615384615384621,0.7097701149425287,0.7547892720306513,0.04501915708812254,0.7115384615384615,0.7580044676098288,0.046466006071367305,0.43614941867864704,0.5353228910828958,0.09917347240424873,0.7391304347826086,0.8181818181818182,0.07905138339920958,0.5862068965517241,0.6206896551724138,0.034482758620689724,0.6538461538461539,0.7058823529411765,0.05203619909502266,29,29,0.0,0.7142857142857143,0.7441860465116279,0.029900332225913595,0.8333333333333334,0.8888888888888888,0.05555555555555547,0.7692307692307692,0.8101265822784809,0.04089581304771173,36,36,0.0,30,32,2.0,17,18,1.0,12,11,-1.0,6,4,-2.0,13,0.2,5,0.07692307692307693,8,0.12307692307692308,3
P0,P0_derivative_amplitude_deciles,DERIVED_DECILES_ALL,ds006036__EO_or_photomark,AD_vs_CN,14,CN,AD,65,5,0.6615384615384615,0.7538461538461538,0.09230769230769231,0.6542145593869731,0.7341954022988506,0.07998084291187746,0.6549227799227799,0.7357723577235772,0.08084957780079727,0.31112287401302324,0.5119209386454676,0.20079806463244437,0.6296296296296297,0.8421052631578947,0.21247563352826504,0.5862068965517241,0.5517241379310345,-0.03448275862068961,0.6071428571428571,0.6666666666666666,0.059523809523809534,29,29,0.0,0.6842105263157895,0.717391304347826,0.03318077803203656,0.7222222222222222,0.9166666666666666,0.19444444444444442,0.7027027027027027,0.8048780487804877,0.102175346077785,36,36,0.0,26,33,7.0,17,16,-1.0,12,13,1.0,10,3,-7.0,10,0.15384615384615385,2,0.03076923076923077,8,0.12307692307692308,6
P0,P0_derivative_amplitude_deciles,DERIVED_DECILES_ALL,ds006036__EO_or_photomark,AD_vs_CN,15,CN,AD,65,5,0.7230769230769231,0.7846153846153846,0.06153846153846154,0.7064176245210728,0.7686781609195402,0.0622605363984674,0.7075,0.7725000000000001,0.06500000000000006,0.4388246703114899,0.5711847796861853,0.1323601093746954,0.7619047619047619,0.8571428571428571,0.09523809523809523,0.5517241379310345,0.6206896551724138,0.06896551724137934,0.64,0.7200000000000001,0.08000000000000007,29,29,0.0,0.7045454545454546,0.75,0.045454545454545414,0.8611111111111112,0.9166666666666666,0.05555555555555547,0.775,0.8250000000000001,0.050000000000000044,36,36,0.0,31,33,2.0,16,18,2.0,13,11,-2.0,5,3,-2.0,10,0.15384615384615385,3,0.046153846153846156,7,0.1076923076923077,4
P0,P0_derivative_amplitude_deciles,DERIVED_DECILES_ALL,ds006036__EO_or_photomark,AD_vs_CN,16,CN,AD,65,5,0.7384615384615385,0.7538461538461538,0.01538461538461533,0.7303639846743295,0.7409003831417624,0.010536398467432928,0.7321212121212122,0.7435897435897436,0.01146853146853144,0.4674937935403238,0.500874789030501,0.0333809954901772,0.7307692307692307,0.782608695652174,0.05183946488294322,0.6551724137931034,0.6206896551724138,-0.03448275862068961,0.6909090909090909,0.6923076923076923,0.0013986013986013734,29,29,0.0,0.7435897435897436,0.7380952380952381,-0.005494505494505475,0.8055555555555556,0.8611111111111112,0.05555555555555558,0.7733333333333334,0.7948717948717949,0.021538461538461506,36,36,0.0,29,31,2.0,19,18,-1.0,10,11,1.0,7,5,-2.0,9,0.13846153846153847,4,0.06153846153846154,5,0.07692307692307693,1
P0,P0_derivative_amplitude_deciles,DERIVED_DECILES_ALL,ds006036__EO_or_photomark,AD_vs_CN,17,CN,AD,65,5,0.8153846153846154,0.7538461538461538,-0.06153846153846154,0.796455938697318,0.7409003831417624,-0.05555555555555558,0.801829268292683,0.7435897435897436,-0.05823952470293936,0.6480144397168598,0.500874789030501,-0.1471396506863588,0.9473684210526315,0.782608695652174,-0.16475972540045758,0.6206896551724138,0.6206896551724138,0.0,0.75,0.6923076923076923,-0.05769230769230771,29,29,0.0,0.7608695652173914,0.7380952380952381,-0.022774327122153215,0.9722222222222222,0.8611111111111112,-0.11111111111111105,0.853658536585366,0.7948717948717949,-0.05878674171357101,36,36,0.0,35,31,-4.0,18,18,0.0,11,11,0.0,1,5,4.0,6,0.09230769230769231,5,0.07692307692307693,1,0.015384615384615385,-4
P0,P0_derivative_amplitude_deciles,DERIVED_DECILES_ALL,ds006036__EO_or_photomark,AD_vs_CN,18,CN,AD,65,5,0.6615384615384615,0.7538461538461538,0.09230769230769231,0.6575670498084292,0.7341954022988506,0.07662835249042144,0.6575670498084292,0.7357723577235772,0.07820530791514801,0.31513409961685823,0.5119209386454676,0.19678683902860938,0.6206896551724138,0.8421052631578947,0.22141560798548088,0.6206896551724138,0.5517241379310345,-0.06896551724137934,0.6206896551724138,0.6666666666666666,0.04597701149425282,29,29,0.0,0.6944444444444444,0.717391304347826,0.022946859903381633,0.6944444444444444,0.9166666666666666,0.2222222222222222,0.6944444444444444,0.8048780487804877,0.11043360433604332,36,36,0.0,25,33,8.0,18,16,-2.0,11,13,2.0,11,3,-8.0,12,0.18461538461538463,3,0.046153846153846156,9,0.13846153846153847,6
P0,P0_derivative_amplitude_deciles,DERIVED_DECILES_ALL,ds006036__EO_or_photomark,AD_vs_CN,19,CN,AD,65,5,0.6923076923076923,0.7692307692307693,0.07692307692307698,0.6920498084291188,0.7547892720306513,0.06273946360153249,0.6904761904761906,0.7580044676098288,0.06752827713363818,0.38227316990966415,0.5353228910828958,0.15304972117323162,0.6451612903225806,0.8181818181818182,0.1730205278592376,0.6896551724137931,0.6206896551724138,-0.06896551724137934,0.6666666666666667,0.7058823529411765,0.039215686274509776,29,29,0.0,0.7352941176470589,0.7441860465116279,0.008891928864569021,0.6944444444444444,0.8888888888888888,0.19444444444444442,0.7142857142857144,0.8101265822784809,0.09584086799276648,36,36,0.0,25,32,7.0,20,18,-2.0,9,11,2.0,11,4,-7.0,15,0.23076923076923078,5,0.07692307692307693,10,0.15384615384615385,5
P0,P0_derivative_amplitude_deciles,DERIVED_DECILES_ALL,ds006036__EO_or_photomark,AD_vs_CN,20,CN,AD,65,5,0.676923076923077,0.7692307692307693,0.09230769230769231,0.6647509578544062,0.7581417624521073,0.0933908045977011,0.6655231560891939,0.7610879686351384,0.09556481254594451,0.33939906692551464,0.531790979862943,0.19239191293742836,0.6666666666666666,0.7916666666666666,0.125,0.5517241379310345,0.6551724137931034,0.10344827586206895,0.6037735849056604,0.7169811320754716,0.1132075471698113,29,29,0.0,0.6829268292682927,0.7560975609756098,0.07317073170731703,0.7777777777777778,0.8611111111111112,0.08333333333333337,0.7272727272727273,0.8051948051948052,0.07792207792207795,36,36,0.0,28,31,3.0,16,19,3.0,13,10,-3.0,8,5,-3.0,10,0.15384615384615385,2,0.03076923076923077,8,0.12307692307692308,6
P0,P0_derivative_amplitude_deciles,DERIVED_DECILES_ALL,ds006036__EO_or_photomark,AD_vs_FTD,1,FTD,AD,59,5,0.5254237288135594,0.4406779661016949,-0.08474576271186446,0.5247584541062802,0.4317632850241546,-0.09299516908212557,0.5186480186480187,0.4302019315188762,-0.08844608712914248,0.04830688816825166,-0.13329179376967523,-0.1815986819379269,0.41379310344827586,0.32142857142857145,-0.0923645320197044,0.5217391304347826,0.391304347826087,-0.13043478260869562,0.4615384615384615,0.35294117647058826,-0.10859728506787325,23,23,0.0,0.6333333333333333,0.5483870967741935,-0.0849462365591398,0.5277777777777778,0.4722222222222222,-0.05555555555555558,0.5757575757575758,0.5074626865671641,-0.06829488919041171,36,36,0.0,19,17,-2.0,12,9,-3.0,11,14,3.0,17,19,2.0,21,0.3559322033898305,13,0.22033898305084745,8,0.13559322033898305,-5
P0,P0_derivative_amplitude_deciles,DERIVED_DECILES_ALL,ds006036__EO_or_photomark,AD_vs_FTD,2,FTD,AD,59,5,0.4406779661016949,0.4745762711864407,0.03389830508474578,0.42391304347826086,0.45169082125603865,0.02777777777777779,0.4241348713398403,0.4519029068025172,0.02776803546267692,-0.14948985918580535,-0.0959257438448257,0.05356411534097964,0.3076923076923077,0.3333333333333333,0.025641025641025605,0.34782608695652173,0.34782608695652173,0.0,0.32653061224489793,0.3404255319148936,0.013894919669995676,23,23,0.0,0.5454545454545454,0.5714285714285714,0.025974025974025983,0.5,0.5555555555555556,0.05555555555555558,0.5217391304347826,0.5633802816901409,0.04164115125535828,36,36,0.0,18,20,2.0,8,8,0.0,15,15,0.0,18,16,-2.0,16,0.2711864406779661,7,0.11864406779661017,9,0.15254237288135594,2
P0,P0_derivative_amplitude_deciles,DERIVED_DECILES_ALL,ds006036__EO_or_photomark,AD_vs_FTD,3,FTD,AD,59,5,0.5254237288135594,0.5084745762711864,-0.016949152542372947,0.5247584541062802,0.5108695652173914,-0.01388888888888884,0.5186480186480187,0.5033381712626996,-0.015309847385319042,0.04830688816825166,0.02120790212264707,-0.02709898604560459,0.41379310344827586,0.4,-0.013793103448275834,0.5217391304347826,0.5217391304347826,0.0,0.4615384615384615,0.4528301886792453,-0.008708272859216215,23,23,0.0,0.6333333333333333,0.6206896551724138,-0.012643678160919491,0.5277777777777778,0.5,-0.02777777777777779,0.5757575757575758,0.5538461538461539,-0.021911421911421924,36,36,0.0,19,18,-1.0,12,12,0.0,11,11,0.0,17,18,1.0,29,0.4915254237288136,15,0.2542372881355932,14,0.23728813559322035,-1
P0,P0_derivative_amplitude_deciles,DERIVED_DECILES_ALL,ds006036__EO_or_photomark,AD_vs_FTD,4,FTD,AD,59,5,0.559322033898305,0.5423728813559322,-0.016949152542372836,0.5603864734299517,0.538647342995169,-0.021739130434782705,0.553030303030303,0.533801580333626,-0.01922872269667697,0.11782167845915038,0.07549269735627623,-0.042328981102874155,0.4482758620689655,0.42857142857142855,-0.019704433497536977,0.5652173913043478,0.5217391304347826,-0.04347826086956519,0.4999999999999999,0.47058823529411764,-0.02941176470588225,23,23,0.0,0.6666666666666666,0.6451612903225806,-0.021505376344086002,0.5555555555555556,0.5555555555555556,0.0,0.606060606060606,0.5970149253731343,-0.009045680687471691,36,36,0.0,20,20,0.0,13,12,-1.0,10,11,1.0,16,16,0.0,23,0.3898305084745763,12,0.2033898305084746,11,0.1864406779661017,-1
P0,P0_derivative_amplitude_deciles,DERIVED_DECILES_ALL,ds006036__EO_or_photomark,AD_vs_FTD,5,FTD,AD,59,5,0.4576271186440678,0.3728813559322034,-0.0847457627118644,0.4613526570048309,0.37620772946859904,-0.08514492753623187,0.4537037037037037,0.36998556998557,-0.08371813371813375,-0.07549269735627623,-0.24237165111881034,-0.16687895376253412,0.3548387096774194,0.28125,-0.07358870967741937,0.4782608695652174,0.391304347826087,-0.08695652173913043,0.40740740740740744,0.3272727272727273,-0.08013468013468011,23,23,0.0,0.5714285714285714,0.48148148148148145,-0.08994708994708994,0.4444444444444444,0.3611111111111111,-0.08333333333333331,0.5,0.4126984126984127,-0.08730158730158732,36,36,0.0,16,13,-3.0,11,9,-2.0,12,14,2.0,20,23,3.0,19,0.3220338983050847,12,0.2033898305084746,7,0.11864406779661017,-5
P0,P0_derivative_amplitude_deciles,DERIVED_DECILES_ALL,ds006036__EO_or_photomark,AD_vs_FTD,6,FTD,AD,59,5,0.6271186440677966,0.4745762711864407,-0.15254237288135591,0.6002415458937198,0.4909420289855072,-0.1092995169082126,0.6013513513513513,0.47397181478285877,-0.12737953656849255,0.204216803429348,-0.01787996349630379,-0.22209676692565178,0.5238095238095238,0.38235294117647056,-0.14145658263305327,0.4782608695652174,0.5652173913043478,0.08695652173913038,0.5,0.45614035087719296,-0.04385964912280704,23,23,0.0,0.6842105263157895,0.6,-0.08421052631578951,0.7222222222222222,0.4166666666666667,-0.3055555555555555,0.7027027027027027,0.49180327868852464,-0.2108994240141781,36,36,0.0,26,15,-11.0,11,13,2.0,12,10,-2.0,10,21,11.0,33,0.559322033898305,21,0.3559322033898305,12,0.2033898305084746,-9
P0,P0_derivative_amplitude_deciles,DERIVED_DECILES_ALL,ds006036__EO_or_photomark,AD_vs_FTD,7,FTD,AD,59,5,0.5254237288135594,0.4915254237288136,-0.03389830508474578,0.501207729468599,0.481280193236715,-0.019927536231884035,0.501207729468599,0.4794117647058824,-0.021795964762716613,0.0024154589371980675,-0.03665132285211278,-0.03906678178931085,0.391304347826087,0.37037037037037035,-0.020933977455716624,0.391304347826087,0.43478260869565216,0.04347826086956519,0.391304347826087,0.39999999999999997,0.008695652173912993,23,23,0.0,0.6111111111111112,0.59375,-0.01736111111111116,0.6111111111111112,0.5277777777777778,-0.08333333333333337,0.6111111111111112,0.5588235294117648,-0.05228758169934633,36,36,0.0,22,19,-3.0,9,10,1.0,14,13,-1.0,14,17,3.0,22,0.3728813559322034,12,0.2033898305084746,10,0.1694915254237288,-2
P0,P0_derivative_amplitude_deciles,DERIVED_DECILES_ALL,ds006036__EO_or_photomark,AD_vs_FTD,8,FTD,AD,59,5,0.5084745762711864,0.423728813559322,-0.0847457627118644,0.5030193236714976,0.4257246376811594,-0.07729468599033817,0.4992683640620428,0.41956018518518523,-0.07970817887685755,0.00589786698095908,-0.1450875277315934,-0.15098539471255248,0.39285714285714285,0.3225806451612903,-0.07027649769585254,0.4782608695652174,0.43478260869565216,-0.043478260869565244,0.4313725490196078,0.37037037037037035,-0.06100217864923746,23,23,0.0,0.6129032258064516,0.5357142857142857,-0.07718894009216593,0.5277777777777778,0.4166666666666667,-0.1111111111111111,0.5671641791044777,0.46875000000000006,-0.09841417910447764,36,36,0.0,19,15,-4.0,11,10,-1.0,12,13,1.0,17,21,4.0,21,0.3559322033898305,13,0.22033898305084745,8,0.13559322033898305,-5
P0,P0_derivative_amplitude_deciles,DERIVED_DECILES_ALL,ds006036__EO_or_photomark,AD_vs_FTD,9,FTD,AD,59,5,0.559322033898305,0.5423728813559322,-0.016949152542372836,0.552536231884058,0.5307971014492754,-0.021739130434782594,0.5488235294117647,0.5288376220053239,-0.019985907406440795,0.10286016413334878,0.0605078001466355,-0.04235236398671328,0.4444444444444444,0.4230769230769231,-0.021367521367521347,0.5217391304347826,0.4782608695652174,-0.04347826086956519,0.48,0.44897959183673475,-0.031020408163265234,23,23,0.0,0.65625,0.6363636363636364,-0.019886363636363646,0.5833333333333334,0.5833333333333334,0.0,0.6176470588235293,0.6086956521739131,-0.008951406649616245,36,36,0.0,21,21,0.0,12,11,-1.0,11,12,1.0,15,15,0.0,21,0.3559322033898305,11,0.1864406779661017,10,0.1694915254237288,-1
P0,P0_derivative_amplitude_deciles,DERIVED_DECILES_ALL,ds006036__EO_or_photomark,AD_vs_FTD,10,FTD,AD,59,5,0.559322033898305,0.6101694915254238,0.05084745762711873,0.5368357487922705,0.5942028985507246,0.05736714975845414,0.5368357487922705,0.5933473179502546,0.056511569157984165,0.07367149758454106,0.18705520049741012,0.11338370291286906,0.43478260869565216,0.5,0.06521739130434784,0.43478260869565216,0.5217391304347826,0.08695652173913043,0.43478260869565216,0.5106382978723404,0.07585568917668822,23,23,0.0,0.6388888888888888,0.6857142857142857,0.04682539682539688,0.6388888888888888,0.6666666666666666,0.02777777777777779,0.6388888888888888,0.676056338028169,0.03716744913928016,36,36,0.0,23,24,1.0,10,12,2.0,13,11,-2.0,13,12,-1.0,25,0.423728813559322,11,0.1864406779661017,14,0.23728813559322035,3
P0,P0_derivative_amplitude_deciles,DERIVED_DECILES_ALL,ds006036__EO_or_photomark,AD_vs_FTD,11,FTD,AD,59,5,0.5254237288135594,0.5254237288135594,0.0,0.5483091787439613,0.5169082125603865,-0.0314009661835748,0.525287356321839,0.5141176470588236,-0.011169709263015415,0.0959257438448257,0.033104420640618,-0.0628213232042077,0.42857142857142855,0.4074074074074074,-0.021164021164021163,0.6521739130434783,0.4782608695652174,-0.17391304347826086,0.5172413793103448,0.44000000000000006,-0.0772413793103447,23,23,0.0,0.6666666666666666,0.625,-0.04166666666666663,0.4444444444444444,0.5555555555555556,0.11111111111111116,0.5333333333333333,0.5882352941176471,0.05490196078431375,36,36,0.0,16,20,4.0,15,11,-4.0,8,12,4.0,20,16,-4.0,30,0.5084745762711864,15,0.2542372881355932,15,0.2542372881355932,0
P0,P0_derivative_amplitude_deciles,DERIVED_DECILES_ALL,ds006036__EO_or_photomark,AD_vs_FTD,12,FTD,AD,59,5,0.5084745762711864,0.4067796610169492,-0.10169491525423724,0.49516908212560384,0.40398550724637683,-0.09118357487922701,0.4939367051168293,0.4005805515239478,-0.09335615359288152,-0.009491419630844785,-0.1873364687500491,-0.17784504911920432,0.38461538461538464,0.3,-0.08461538461538465,0.43478260869565216,0.391304347826087,-0.04347826086956519,0.40816326530612246,0.33962264150943394,-0.06854062379668852,23,23,0.0,0.6060606060606061,0.5172413793103449,-0.08881922675026122,0.5555555555555556,0.4166666666666667,-0.1388888888888889,0.5797101449275361,0.46153846153846156,-0.11817168338907458,36,36,0.0,20,15,-5.0,10,9,-1.0,13,14,1.0,16,21,5.0,28,0.4745762711864407,17,0.288135593220339,11,0.1864406779661017,-6
P0,P0_derivative_amplitude_deciles,DERIVED_DECILES_ALL,ds006036__EO_or_photomark,AD_vs_FTD,13,FTD,AD,59,5,0.6101694915254238,0.576271186440678,-0.03389830508474578,0.586352657004831,0.5350241545893719,-0.051328502415459054,0.5869101978691019,0.5327842888818499,-0.054125908987252,0.1741841632624134,0.07419670929275898,-0.09998745396965442,0.5,0.4444444444444444,-0.05555555555555558,0.4782608695652174,0.34782608695652173,-0.13043478260869568,0.4888888888888889,0.3902439024390244,-0.09864498644986447,23,23,0.0,0.6756756756756757,0.6341463414634146,-0.041529334212261015,0.6944444444444444,0.7222222222222222,0.02777777777777779,0.684931506849315,0.6753246753246753,-0.009606831524639703,36,36,0.0,25,26,1.0,11,8,-3.0,12,15,3.0,11,10,-1.0,16,0.2711864406779661,9,0.15254237288135594,7,0.11864406779661017,-2
P0,P0_derivative_amplitude_deciles,DERIVED_DECILES_ALL,ds006036__EO_or_photomark,AD_vs_FTD,14,FTD,AD,59,5,0.576271186440678,0.5084745762711864,-0.06779661016949157,0.5585748792270531,0.4716183574879227,-0.08695652173913038,0.5579862151633204,0.4694573643410852,-0.08852885082223516,0.11630996441185117,-0.058483773731839564,-0.17479373814369073,0.4583333333333333,0.35,-0.10833333333333334,0.4782608695652174,0.30434782608695654,-0.17391304347826086,0.4680851063829787,0.3255813953488372,-0.1425037110341415,23,23,0.0,0.6571428571428571,0.5897435897435898,-0.06739926739926738,0.6388888888888888,0.6388888888888888,0.0,0.647887323943662,0.6133333333333332,-0.03455399061032882,36,36,0.0,23,23,0.0,11,7,-4.0,12,16,4.0,13,13,0.0,30,0.5084745762711864,17,0.288135593220339,13,0.22033898305084745,-4
P0,P0_derivative_amplitude_deciles,DERIVED_DECILES_ALL,ds006036__EO_or_photomark,AD_vs_FTD,15,FTD,AD,59,5,0.5932203389830508,0.576271186440678,-0.016949152542372836,0.5881642512077294,0.5664251207729469,-0.021739130434782483,0.5835294117647059,0.5637385388938184,-0.019790872870887433,0.17261590762607956,0.13050701992411579,-0.042108887701963776,0.48148148148148145,0.46153846153846156,-0.01994301994301989,0.5652173913043478,0.5217391304347826,-0.04347826086956519,0.52,0.4897959183673469,-0.03020408163265309,23,23,0.0,0.6875,0.6666666666666666,-0.02083333333333337,0.6111111111111112,0.6111111111111112,0.0,0.6470588235294118,0.6376811594202899,-0.009377664109121886,36,36,0.0,22,22,0.0,13,12,-1.0,10,11,1.0,14,14,0.0,25,0.423728813559322,13,0.22033898305084745,12,0.2033898305084746,-1
P0,P0_derivative_amplitude_deciles,DERIVED_DECILES_ALL,ds006036__EO_or_photomark,AD_vs_FTD,16,FTD,AD,59,5,0.5254237288135594,0.4576271186440678,-0.06779661016949157,0.5090579710144928,0.4613526570048309,-0.04770531400966188,0.5083333333333333,0.4537037037037037,-0.054629629629629584,0.01787996349630379,-0.07549269735627623,-0.09337266085258002,0.4,0.3548387096774194,-0.04516129032258065,0.43478260869565216,0.4782608695652174,0.043478260869565244,0.41666666666666663,0.40740740740740744,-0.00925925925925919,23,23,0.0,0.6176470588235294,0.5714285714285714,-0.04621848739495804,0.5833333333333334,0.4444444444444444,-0.13888888888888895,0.6,0.5,-0.09999999999999998,36,36,0.0,21,16,-5.0,10,11,1.0,13,12,-1.0,15,20,5.0,20,0.3389830508474576,12,0.2033898305084746,8,0.13559322033898305,-4
P0,P0_derivative_amplitude_deciles,DERIVED_DECILES_ALL,ds006036__EO_or_photomark,AD_vs_FTD,17,FTD,AD,59,5,0.559322033898305,0.576271186440678,0.016949152542372947,0.552536231884058,0.5821256038647343,0.02958937198067635,0.5488235294117647,0.5718432510885341,0.023019721676769356,0.10286016413334878,0.16023748270444452,0.05737731857109574,0.4444444444444444,0.4666666666666667,0.022222222222222254,0.5217391304347826,0.6086956521739131,0.08695652173913049,0.48,0.5283018867924527,0.04830188679245273,23,23,0.0,0.65625,0.6896551724137931,0.03340517241379315,0.5833333333333334,0.5555555555555556,-0.02777777777777779,0.6176470588235293,0.6153846153846154,-0.002262443438913908,36,36,0.0,21,20,-1.0,12,14,2.0,11,9,-2.0,15,16,1.0,29,0.4915254237288136,14,0.23728813559322035,15,0.2542372881355932,1
P0,P0_derivative_amplitude_deciles,DERIVED_DECILES_ALL,ds006036__EO_or_photomark,AD_vs_FTD,18,FTD,AD,59,5,0.576271186440678,0.5932203389830508,0.016949152542372836,0.5664251207729469,0.6117149758454106,0.045289855072463636,0.5637385388938184,0.5921658986175116,0.028427359723693146,0.13050701992411579,0.21948907896328565,0.08898205903916986,0.46153846153846156,0.48484848484848486,0.023310023310023298,0.5217391304347826,0.6956521739130435,0.17391304347826086,0.4897959183673469,0.5714285714285715,0.08163265306122458,23,23,0.0,0.6666666666666666,0.7307692307692307,0.0641025641025641,0.6111111111111112,0.5277777777777778,-0.08333333333333337,0.6376811594202899,0.6129032258064515,-0.0247779336138384,36,36,0.0,22,19,-3.0,12,16,4.0,11,7,-4.0,14,17,3.0,27,0.4576271186440678,13,0.22033898305084745,14,0.23728813559322035,1
P0,P0_derivative_amplitude_deciles,DERIVED_DECILES_ALL,ds006036__EO_or_photomark,AD_vs_FTD,19,FTD,AD,59,5,0.576271186440678,0.5084745762711864,-0.06779661016949157,0.5742753623188406,0.4873188405797102,-0.08695652173913038,0.5683347966052092,0.4872640095894517,-0.08107078701575754,0.1450875277315934,-0.025180507759266745,-0.17026803549086014,0.4642857142857143,0.375,-0.0892857142857143,0.5652173913043478,0.391304347826087,-0.1739130434782608,0.5098039215686274,0.3829787234042554,-0.12682519816437204,23,23,0.0,0.6774193548387096,0.6,-0.07741935483870965,0.5833333333333334,0.5833333333333334,0.0,0.626865671641791,0.591549295774648,-0.03531637586714298,36,36,0.0,21,21,0.0,13,9,-4.0,10,14,4.0,15,15,0.0,24,0.4067796610169492,14,0.23728813559322035,10,0.1694915254237288,-4
P0,P0_derivative_amplitude_deciles,DERIVED_DECILES_ALL,ds006036__EO_or_photomark,AD_vs_FTD,20,FTD,AD,59,5,0.5254237288135594,0.5423728813559322,0.016949152542372836,0.5169082125603865,0.5229468599033816,0.006038647342995085,0.5141176470588236,0.522625112376386,0.008507465317562413,0.033104420640618,0.04556472832629221,0.012460307685674209,0.4074074074074074,0.4166666666666667,0.0092592592592593,0.4782608695652174,0.43478260869565216,-0.043478260869565244,0.44000000000000006,0.425531914893617,-0.014468085106383033,23,23,0.0,0.625,0.6285714285714286,0.0035714285714285587,0.5555555555555556,0.6111111111111112,0.05555555555555558,0.5882352941176471,0.619718309859155,0.031483015741507914,36,36,0.0,20,22,2.0,11,10,-1.0,12,13,1.0,16,14,-2.0,25,0.423728813559322,12,0.2033898305084746,13,0.22033898305084745,1
P0,P0_derivative_amplitude_deciles,DERIVED_DECILES_ALL,ds006036__EO_or_photomark,CN_vs_FTD,1,CN,FTD,52,5,0.7307692307692307,0.6538461538461539,-0.07692307692307687,0.7136431784107946,0.631184407796102,-0.08245877061469264,0.7156250000000001,0.6267942583732057,-0.08883074162679439,0.4524008999503507,0.2876263301879047,-0.16477456976244603,0.7142857142857143,0.6486486486486487,-0.06563706563706562,0.8620689655172413,0.8275862068965517,-0.03448275862068961,0.7812500000000001,0.7272727272727273,-0.05397727272727282,29,29,0.0,0.7647058823529411,0.6666666666666666,-0.0980392156862745,0.5652173913043478,0.43478260869565216,-0.13043478260869562,0.65,0.5263157894736841,-0.12368421052631595,23,23,0.0,13,10,-3.0,25,24,-1.0,4,5,1.0,10,13,3.0,12,0.23076923076923078,8,0.15384615384615385,4,0.07692307692307693,-4
P0,P0_derivative_amplitude_deciles,DERIVED_DECILES_ALL,ds006036__EO_or_photomark,CN_vs_FTD,2,CN,FTD,52,5,0.6923076923076923,0.6153846153846154,-0.07692307692307687,0.6791604197901049,0.5877061469265368,-0.09145427286356811,0.6804915514592934,0.5751633986928104,-0.105328152766483,0.36957383245980413,0.20119582530445315,-0.16837800715535098,0.696969696969697,0.6153846153846154,-0.0815850815850816,0.7931034482758621,0.8275862068965517,0.03448275862068961,0.7419354838709677,0.7058823529411765,-0.03605313092979123,29,29,0.0,0.6842105263157895,0.6153846153846154,-0.06882591093117407,0.5652173913043478,0.34782608695652173,-0.21739130434782605,0.6190476190476191,0.4444444444444444,-0.17460317460317465,23,23,0.0,13,8,-5.0,23,24,1.0,6,5,-1.0,10,15,5.0,12,0.23076923076923078,8,0.15384615384615385,4,0.07692307692307693,-4
P0,P0_derivative_amplitude_deciles,DERIVED_DECILES_ALL,ds006036__EO_or_photomark,CN_vs_FTD,3,CN,FTD,52,5,0.6346153846153846,0.7115384615384616,0.07692307692307698,0.6319340329835083,0.7053973013493253,0.07346326836581707,0.6312056737588652,0.7062146892655368,0.0750090155066716,0.26288458112137625,0.4129673131452531,0.15008273202387684,0.6785714285714286,0.7333333333333333,0.05476190476190468,0.6551724137931034,0.7586206896551724,0.10344827586206895,0.6666666666666666,0.7457627118644068,0.07909604519774016,29,29,0.0,0.5833333333333334,0.6818181818181818,0.0984848484848484,0.6086956521739131,0.6521739130434783,0.04347826086956519,0.5957446808510638,0.6666666666666666,0.07092198581560283,23,23,0.0,14,15,1.0,19,22,3.0,10,7,-3.0,9,8,-1.0,16,0.3076923076923077,6,0.11538461538461539,10,0.19230769230769232,4
P0,P0_derivative_amplitude_deciles,DERIVED_DECILES_ALL,ds006036__EO_or_photomark,CN_vs_FTD,4,CN,FTD,52,5,0.6923076923076923,0.6730769230769231,-0.019230769230769162,0.6926536731634183,0.6664167916041979,-0.026236881559220437,0.6904761904761905,0.6670433145009417,-0.02343287597524879,0.3830172378018108,0.334593954446154,-0.04842328335565682,0.7407407407407407,0.7,-0.040740740740740744,0.6896551724137931,0.7241379310344828,0.03448275862068961,0.7142857142857143,0.711864406779661,-0.002421307506053294,29,29,0.0,0.64,0.6363636363636364,-0.0036363636363636598,0.6956521739130435,0.6086956521739131,-0.08695652173913038,0.6666666666666666,0.6222222222222223,-0.04444444444444429,23,23,0.0,16,14,-2.0,20,21,1.0,9,8,-1.0,7,9,2.0,13,0.25,7,0.1346153846153846,6,0.11538461538461539,-1
P0,P0_derivative_amplitude_deciles,DERIVED_DECILES_ALL,ds006036__EO_or_photomark,CN_vs_FTD,5,CN,FTD,52,5,0.6538461538461539,0.6538461538461539,0.0,0.6491754122938531,0.6446776611694153,-0.004497751124437843,0.6491754122938531,0.6454545454545455,-0.0037208668393076128,0.2983508245877061,0.2928895641563494,-0.005461260431356696,0.6896551724137931,0.6774193548387096,-0.012235817575083519,0.6896551724137931,0.7241379310344828,0.03448275862068961,0.6896551724137931,0.7,0.010344827586206806,29,29,0.0,0.6086956521739131,0.6190476190476191,0.010351966873705987,0.6086956521739131,0.5652173913043478,-0.0434782608695653,0.6086956521739131,0.5909090909090909,-0.017786561264822143,23,23,0.0,14,13,-1.0,20,21,1.0,9,8,-1.0,9,10,1.0,6,0.11538461538461539,3,0.057692307692307696,3,0.057692307692307696,0
P0,P0_derivative_amplitude_deciles,DERIVED_DECILES_ALL,ds006036__EO_or_photomark,CN_vs_FTD,6,CN,FTD,52,5,0.6346153846153846,0.6923076923076923,0.05769230769230771,0.6319340329835083,0.6881559220389806,0.05622188905547232,0.6312056737588652,0.6881559220389806,0.05695024828011541,0.26288458112137625,0.37631184407796103,0.11342726295658478,0.6785714285714286,0.7241379310344828,0.04556650246305416,0.6551724137931034,0.7241379310344828,0.06896551724137934,0.6666666666666666,0.7241379310344829,0.057471264367816244,29,29,0.0,0.5833333333333334,0.6521739130434783,0.0688405797101449,0.6086956521739131,0.6521739130434783,0.04347826086956519,0.5957446808510638,0.6521739130434783,0.05642923219241447,23,23,0.0,14,15,1.0,19,21,2.0,10,8,-2.0,9,8,-1.0,13,0.25,5,0.09615384615384616,8,0.15384615384615385,3
P0,P0_derivative_amplitude_deciles,DERIVED_DECILES_ALL,ds006036__EO_or_photomark,CN_vs_FTD,7,CN,FTD,52,5,0.6730769230769231,0.6730769230769231,0.0,0.6799100449775113,0.6529235382308846,-0.026986506746626726,0.6729559748427674,0.6512820512820514,-0.021673923560715957,0.35847897425642217,0.32912131438150566,-0.02935765987491651,0.75,0.6666666666666666,-0.08333333333333337,0.6206896551724138,0.8275862068965517,0.2068965517241379,0.679245283018868,0.7384615384615385,0.05921625544267051,29,29,0.0,0.6071428571428571,0.6875,0.0803571428571429,0.7391304347826086,0.4782608695652174,-0.26086956521739124,0.6666666666666666,0.5641025641025642,-0.10256410256410242,23,23,0.0,17,11,-6.0,18,24,6.0,11,5,-6.0,6,12,6.0,16,0.3076923076923077,8,0.15384615384615385,8,0.15384615384615385,0
P0,P0_derivative_amplitude_deciles,DERIVED_DECILES_ALL,ds006036__EO_or_photomark,CN_vs_FTD,8,CN,FTD,52,5,0.6730769230769231,0.6730769230769231,0.0,0.6709145427286357,0.6664167916041979,-0.004497751124437843,0.6700261291526689,0.6670433145009417,-0.002982814651727228,0.34055502554360106,0.334593954446154,-0.00596107109744709,0.7142857142857143,0.7,-0.014285714285714346,0.6896551724137931,0.7241379310344828,0.03448275862068961,0.7017543859649122,0.711864406779661,0.010110020814748766,29,29,0.0,0.625,0.6363636363636364,0.011363636363636354,0.6521739130434783,0.6086956521739131,-0.04347826086956519,0.6382978723404256,0.6222222222222223,-0.016075650118203222,23,23,0.0,15,14,-1.0,20,21,1.0,9,8,-1.0,8,9,1.0,8,0.15384615384615385,4,0.07692307692307693,4,0.07692307692307693,0
P0,P0_derivative_amplitude_deciles,DERIVED_DECILES_ALL,ds006036__EO_or_photomark,CN_vs_FTD,9,CN,FTD,52,5,0.6153846153846154,0.6538461538461539,0.038461538461538436,0.6056971514242879,0.6446776611694153,0.038980509745127345,0.6060606060606061,0.6454545454545455,0.039393939393939426,0.2139763137100791,0.2928895641563494,0.07891325044627032,0.6451612903225806,0.6774193548387096,0.032258064516129004,0.6896551724137931,0.7241379310344828,0.03448275862068961,0.6666666666666667,0.7,0.033333333333333215,29,29,0.0,0.5714285714285714,0.6190476190476191,0.04761904761904767,0.5217391304347826,0.5652173913043478,0.04347826086956519,0.5454545454545454,0.5909090909090909,0.045454545454545525,23,23,0.0,12,13,1.0,20,21,1.0,9,8,-1.0,11,10,-1.0,10,0.19230769230769232,4,0.07692307692307693,6,0.11538461538461539,2
P0,P0_derivative_amplitude_deciles,DERIVED_DECILES_ALL,ds006036__EO_or_photomark,CN_vs_FTD,10,CN,FTD,52,5,0.6923076923076923,0.6346153846153846,-0.05769230769230771,0.6926536731634183,0.618440779610195,-0.07421289355322336,0.6904761904761905,0.6174990321331785,-0.072977158343012,0.3830172378018108,0.24729677851009946,-0.13572045929171134,0.7407407407407407,0.6470588235294118,-0.0936819172113289,0.6896551724137931,0.7586206896551724,0.06896551724137923,0.7142857142857143,0.6984126984126984,-0.015873015873015928,29,29,0.0,0.64,0.6111111111111112,-0.028888888888888853,0.6956521739130435,0.4782608695652174,-0.21739130434782605,0.6666666666666666,0.5365853658536586,-0.13008130081300806,23,23,0.0,16,11,-5.0,20,22,2.0,9,7,-2.0,7,12,5.0,13,0.25,8,0.15384615384615385,5,0.09615384615384616,-3
P0,P0_derivative_amplitude_deciles,DERIVED_DECILES_ALL,ds006036__EO_or_photomark,CN_vs_FTD,11,CN,FTD,52,5,0.5961538461538461,0.6730769230769231,0.07692307692307698,0.5974512743628186,0.6709145427286357,0.07346326836581707,0.5948051948051949,0.6700261291526689,0.07522093434747401,0.19360077316559157,0.34055502554360106,0.1469542523780095,0.6538461538461539,0.7142857142857143,0.06043956043956045,0.5862068965517241,0.6896551724137931,0.10344827586206906,0.6181818181818182,0.7017543859649122,0.08357256778309408,29,29,0.0,0.5384615384615384,0.625,0.08653846153846156,0.6086956521739131,0.6521739130434783,0.04347826086956519,0.5714285714285715,0.6382978723404256,0.06686930091185406,23,23,0.0,14,15,1.0,17,20,3.0,12,9,-3.0,9,8,-1.0,12,0.23076923076923078,4,0.07692307692307693,8,0.15384615384615385,4
P0,P0_derivative_amplitude_deciles,DERIVED_DECILES_ALL,ds006036__EO_or_photomark,CN_vs_FTD,12,CN,FTD,52,5,0.75,0.75,0.0,0.7443778110944528,0.7443778110944528,0.0,0.7453860640301319,0.7453860640301319,0.0,0.4913406718443522,0.4913406718443522,0.0,0.7666666666666667,0.7666666666666667,0.0,0.7931034482758621,0.7931034482758621,0.0,0.7796610169491527,0.7796610169491527,0.0,29,29,0.0,0.7272727272727273,0.7272727272727273,0.0,0.6956521739130435,0.6956521739130435,0.0,0.711111111111111,0.711111111111111,0.0,23,23,0.0,16,16,0.0,23,23,0.0,6,6,0.0,7,7,0.0,12,0.23076923076923078,6,0.11538461538461539,6,0.11538461538461539,0
P0,P0_derivative_amplitude_deciles,DERIVED_DECILES_ALL,ds006036__EO_or_photomark,CN_vs_FTD,13,CN,FTD,52,5,0.5961538461538461,0.6538461538461539,0.05769230769230771,0.5839580209895052,0.6446776611694153,0.06071964017991005,0.5836828059473885,0.6454545454545455,0.061771739507156975,0.1714214319924053,0.2928895641563494,0.12146813216394411,0.625,0.6774193548387096,0.05241935483870963,0.6896551724137931,0.7241379310344828,0.03448275862068961,0.6557377049180328,0.7,0.04426229508196711,29,29,0.0,0.55,0.6190476190476191,0.06904761904761902,0.4782608695652174,0.5652173913043478,0.08695652173913038,0.5116279069767442,0.5909090909090909,0.07928118393234673,23,23,0.0,11,13,2.0,20,21,1.0,9,8,-1.0,12,10,-2.0,17,0.3269230769230769,7,0.1346153846153846,10,0.19230769230769232,3
P0,P0_derivative_amplitude_deciles,DERIVED_DECILES_ALL,ds006036__EO_or_photomark,CN_vs_FTD,14,CN,FTD,52,5,0.5961538461538461,0.5961538461538461,0.0,0.610944527736132,0.588455772113943,-0.022488755622188994,0.5948051948051948,0.5887005649717514,-0.006104629833443398,0.22652117798996416,0.17784723704795571,-0.04867394094200844,0.7,0.6333333333333333,-0.06666666666666665,0.4827586206896552,0.6551724137931034,0.17241379310344823,0.5714285714285714,0.6440677966101694,0.07263922518159804,29,29,0.0,0.53125,0.5454545454545454,0.014204545454545414,0.7391304347826086,0.5217391304347826,-0.21739130434782605,0.6181818181818182,0.5333333333333332,-0.08484848484848495,23,23,0.0,17,12,-5.0,14,19,5.0,15,10,-5.0,6,11,5.0,14,0.2692307692307692,7,0.1346153846153846,7,0.1346153846153846,0
P0,P0_derivative_amplitude_deciles,DERIVED_DECILES_ALL,ds006036__EO_or_photomark,CN_vs_FTD,15,CN,FTD,52,5,0.6923076923076923,0.7692307692307693,0.07692307692307698,0.6881559220389806,0.7571214392803598,0.06896551724137923,0.6881559220389806,0.76036866359447,0.0722127415554894,0.37631184407796103,0.530392571270765,0.15408072719280397,0.7241379310344828,0.7575757575757576,0.03343782654127481,0.7241379310344828,0.8620689655172413,0.13793103448275856,0.7241379310344829,0.8064516129032258,0.08231368186874288,29,29,0.0,0.6521739130434783,0.7894736842105263,0.13729977116704806,0.6521739130434783,0.6521739130434783,0.0,0.6521739130434783,0.7142857142857143,0.06211180124223603,23,23,0.0,15,15,0.0,21,25,4.0,8,4,-4.0,8,8,0.0,12,0.23076923076923078,4,0.07692307692307693,8,0.15384615384615385,4
P0,P0_derivative_amplitude_deciles,DERIVED_DECILES_ALL,ds006036__EO_or_photomark,CN_vs_FTD,16,CN,FTD,52,5,0.7115384615384616,0.6346153846153846,-0.07692307692307698,0.7053973013493253,0.618440779610195,-0.08695652173913038,0.7062146892655368,0.6174990321331785,-0.0887156571323583,0.4129673131452531,0.24729677851009946,-0.16567053463515363,0.7333333333333333,0.6470588235294118,-0.08627450980392148,0.7586206896551724,0.7586206896551724,0.0,0.7457627118644068,0.6984126984126984,-0.04735001345170842,29,29,0.0,0.6818181818181818,0.6111111111111112,-0.07070707070707061,0.6521739130434783,0.4782608695652174,-0.17391304347826086,0.6666666666666666,0.5365853658536586,-0.13008130081300806,23,23,0.0,15,11,-4.0,22,22,0.0,7,7,0.0,8,12,4.0,14,0.2692307692307692,9,0.17307692307692307,5,0.09615384615384616,-4
P0,P0_derivative_amplitude_deciles,DERIVED_DECILES_ALL,ds006036__EO_or_photomark,CN_vs_FTD,17,CN,FTD,52,5,0.75,0.6730769230769231,-0.07692307692307687,0.739880059970015,0.6664167916041979,-0.07346326836581718,0.7422798322531453,0.6670433145009417,-0.07523651775220364,0.4897755199783009,0.334593954446154,-0.1551815655321469,0.75,0.7,-0.050000000000000044,0.8275862068965517,0.7241379310344828,-0.10344827586206895,0.7868852459016394,0.711864406779661,-0.07502083912197843,29,29,0.0,0.75,0.6363636363636364,-0.11363636363636365,0.6521739130434783,0.6086956521739131,-0.04347826086956519,0.6976744186046512,0.6222222222222223,-0.07545219638242884,23,23,0.0,15,14,-1.0,24,21,-3.0,5,8,3.0,8,9,1.0,12,0.23076923076923078,8,0.15384615384615385,4,0.07692307692307693,-4
P0,P0_derivative_amplitude_deciles,DERIVED_DECILES_ALL,ds006036__EO_or_photomark,CN_vs_FTD,18,CN,FTD,52,5,0.6730769230769231,0.8076923076923077,0.13461538461538458,0.6619190404797601,0.800599700149925,0.13868065967016485,0.6629813191002669,0.803030303030303,0.14004898393003606,0.3305984759853531,0.6085425659414306,0.27794408995607756,0.6875,0.8064516129032258,0.11895161290322576,0.7586206896551724,0.8620689655172413,0.10344827586206895,0.7213114754098361,0.8333333333333334,0.11202185792349728,29,29,0.0,0.65,0.8095238095238095,0.1595238095238095,0.5652173913043478,0.7391304347826086,0.17391304347826086,0.6046511627906976,0.7727272727272727,0.16807610993657507,23,23,0.0,13,17,4.0,22,25,3.0,7,4,-3.0,10,6,-4.0,13,0.25,3,0.057692307692307696,10,0.19230769230769232,7
P0,P0_derivative_amplitude_deciles,DERIVED_DECILES_ALL,ds006036__EO_or_photomark,CN_vs_FTD,19,CN,FTD,52,5,0.6730769230769231,0.7692307692307693,0.09615384615384615,0.6709145427286357,0.7481259370314842,0.07721139430284851,0.6700261291526689,0.7511961722488039,0.08117004309613496,0.34055502554360106,0.5440246588125511,0.20346963326895007,0.7142857142857143,0.7297297297297297,0.015444015444015413,0.6896551724137931,0.9310344827586207,0.2413793103448275,0.7017543859649122,0.8181818181818181,0.11642743221690588,29,29,0.0,0.625,0.8666666666666667,0.2416666666666667,0.6521739130434783,0.5652173913043478,-0.08695652173913049,0.6382978723404256,0.6842105263157895,0.045912653975363926,23,23,0.0,15,13,-2.0,20,27,7.0,9,2,-7.0,8,10,2.0,13,0.25,4,0.07692307692307693,9,0.17307692307692307,5
P0,P0_derivative_amplitude_deciles,DERIVED_DECILES_ALL,ds006036__EO_or_photomark,CN_vs_FTD,20,CN,FTD,52,5,0.7115384615384616,0.75,0.038461538461538436,0.7143928035982009,0.7488755622188905,0.03448275862068961,0.7105751391465678,0.7476670399402762,0.03709190079370839,0.4259217009643015,0.4958959143880507,0.06997421342374921,0.7692307692307693,0.7857142857142857,0.016483516483516425,0.6896551724137931,0.7586206896551724,0.06896551724137923,0.7272727272727274,0.7719298245614034,0.04465709728867595,29,29,0.0,0.6538461538461539,0.7083333333333334,0.054487179487179516,0.7391304347826086,0.7391304347826086,0.0,0.693877551020408,0.723404255319149,0.029526704298740936,23,23,0.0,17,17,0.0,20,22,2.0,9,7,-2.0,6,6,0.0,12,0.23076923076923078,5,0.09615384615384616,7,0.1346153846153846,2
P0,P0_derivative_amplitude_deciles,RAW_DECILES,ds004504__EC,AD_FTD_vs_CN,1,CN,AD_FTD,88,5,0.7272727272727273,0.6363636363636364,-0.09090909090909094,0.6914085330216247,0.6323787258912916,-0.05902980713033312,0.6914085330216247,0.616557734204793,-0.07485079881683177,0.38281706604324955,0.250520259975192,-0.13229680606805755,0.5862068965517241,0.46153846153846156,-0.12466843501326252,0.5862068965517241,0.6206896551724138,0.034482758620689724,0.5862068965517241,0.5294117647058824,-0.05679513184584173,29,29,0.0,0.7966101694915254,0.7755102040816326,-0.021099965409892785,0.7966101694915254,0.6440677966101694,-0.15254237288135597,0.7966101694915254,0.7037037037037036,-0.0929064657878218,59,59,0.0,47,38,-9.0,17,18,1.0,12,11,-1.0,12,21,9.0,16,0.18181818181818182,12,0.13636363636363635,4,0.045454545454545456,-8
P0,P0_derivative_amplitude_deciles,RAW_DECILES,ds004504__EC,AD_FTD_vs_CN,2,CN,AD_FTD,88,5,0.8181818181818182,0.7045454545454546,-0.11363636363636365,0.7679719462302748,0.6919929865575687,-0.07597895967270607,0.7816377171215881,0.6808035714285714,-0.10083414569301674,0.5733551721539346,0.36878088976501133,-0.20457428238892328,0.782608695652174,0.5428571428571428,-0.23975155279503113,0.6206896551724138,0.6551724137931034,0.03448275862068961,0.6923076923076923,0.5937499999999999,-0.0985576923076924,29,29,0.0,0.8307692307692308,0.8113207547169812,-0.01944847605224964,0.9152542372881356,0.7288135593220338,-0.18644067796610175,0.870967741935484,0.7678571428571428,-0.10311059907834119,59,59,0.0,54,43,-11.0,18,19,1.0,11,10,-1.0,5,16,11.0,18,0.20454545454545456,14,0.1590909090909091,4,0.045454545454545456,-10
P0,P0_derivative_amplitude_deciles,RAW_DECILES,ds004504__EC,AD_FTD_vs_CN,3,CN,AD_FTD,88,5,0.75,0.6818181818181818,-0.06818181818181823,0.6908240794856809,0.6487434248977206,-0.04208065458796029,0.6997518610421837,0.6459770114942529,-0.05377484954793077,0.40828890667014106,0.29273490032946126,-0.1155540063406798,0.6521739130434783,0.5161290322580645,-0.13604488078541377,0.5172413793103449,0.5517241379310345,0.03448275862068961,0.576923076923077,0.5333333333333333,-0.04358974358974366,29,29,0.0,0.7846153846153846,0.7719298245614035,-0.012685560053981138,0.864406779661017,0.7457627118644068,-0.11864406779661019,0.8225806451612904,0.7586206896551725,-0.06395995550611788,59,59,0.0,51,44,-7.0,15,16,1.0,14,13,-1.0,8,15,7.0,14,0.1590909090909091,10,0.11363636363636363,4,0.045454545454545456,-6
P0,P0_derivative_amplitude_deciles,RAW_DECILES,ds004504__EC,AD_FTD_vs_CN,4,CN,AD_FTD,88,5,0.6931818181818182,0.6704545454545454,-0.022727272727272818,0.6659848042080654,0.6753360607831678,0.009351256575102385,0.6612972202423377,0.6543410537721794,-0.006956166470158287,0.32438019330789924,0.3310363091708821,0.00665611586298287,0.53125,0.5,-0.03125,0.5862068965517241,0.6896551724137931,0.10344827586206906,0.5573770491803278,0.5797101449275363,0.02233309574720843,29,29,0.0,0.7857142857142857,0.8125,0.0267857142857143,0.7457627118644068,0.6610169491525424,-0.0847457627118644,0.7652173913043477,0.7289719626168225,-0.03624542868752523,59,59,0.0,44,39,-5.0,17,20,3.0,12,9,-3.0,15,20,5.0,18,0.20454545454545456,10,0.11363636363636363,8,0.09090909090909091,-2
P0,P0_derivative_amplitude_deciles,RAW_DECILES,ds004504__EC,AD_FTD_vs_CN,5,CN,AD_FTD,88,5,0.7159090909090909,0.6477272727272727,-0.06818181818181823,0.6566335476329632,0.6320864991233197,-0.02454704850964351,0.6625249271360638,0.621898821898822,-0.04062610523724186,0.3306314616792725,0.25255763834767886,-0.07807382333159363,0.5833333333333334,0.4722222222222222,-0.11111111111111116,0.4827586206896552,0.5862068965517241,0.1034482758620689,0.5283018867924529,0.523076923076923,-0.00522496371552994,29,29,0.0,0.765625,0.7692307692307693,0.0036057692307692735,0.8305084745762712,0.6779661016949152,-0.15254237288135597,0.7967479674796748,0.7207207207207208,-0.076027246758954,59,59,0.0,49,40,-9.0,14,17,3.0,15,12,-3.0,10,19,9.0,12,0.13636363636363635,9,0.10227272727272728,3,0.03409090909090909,-6
P0,P0_derivative_amplitude_deciles,RAW_DECILES,ds004504__EC,AD_FTD_vs_CN,6,CN,AD_FTD,88,5,0.7159090909090909,0.6590909090909091,-0.05681818181818188,0.6829339567504383,0.6931618936294565,0.010227936879018129,0.6812979863827322,0.6526315789473683,-0.02866640743536386,0.3628062034943636,0.3640286770655196,0.001222473571156013,0.5666666666666667,0.48936170212765956,-0.07730496453900709,0.5862068965517241,0.7931034482758621,0.206896551724138,0.576271186440678,0.6052631578947368,0.02899197145405885,29,29,0.0,0.7931034482758621,0.8536585365853658,0.060555088309503735,0.7796610169491526,0.5932203389830508,-0.18644067796610175,0.7863247863247863,0.6999999999999998,-0.08632478632478646,59,59,0.0,46,35,-11.0,17,23,6.0,12,6,-6.0,13,24,11.0,21,0.23863636363636365,13,0.14772727272727273,8,0.09090909090909091,-5
P0,P0_derivative_amplitude_deciles,RAW_DECILES,ds004504__EC,AD_FTD_vs_CN,7,CN,AD_FTD,88,5,0.7386363636363636,0.6477272727272727,-0.09090909090909094,0.7174167153711279,0.6671537112799533,-0.05026300409117468,0.7114754098360656,0.6371857959835084,-0.07428961385255717,0.4248923658821779,0.3142811600693205,-0.11061120581285738,0.59375,0.4772727272727273,-0.11647727272727271,0.6551724137931034,0.7241379310344828,0.06896551724137934,0.6229508196721311,0.5753424657534246,-0.047608353918706436,29,29,0.0,0.8214285714285714,0.8181818181818182,-0.0032467532467531646,0.7796610169491526,0.6101694915254238,-0.1694915254237288,0.8,0.6990291262135923,-0.10097087378640779,59,59,0.0,46,36,-10.0,19,21,2.0,10,8,-2.0,13,23,10.0,24,0.2727272727272727,16,0.18181818181818182,8,0.09090909090909091,-8
P0,P0_derivative_amplitude_deciles,RAW_DECILES,ds004504__EC,AD_FTD_vs_CN,8,CN,AD_FTD,88,5,0.6363636363636364,0.6363636363636364,0.0,0.6060783167738165,0.6236119228521333,0.017533606078316777,0.6015846066779853,0.6121212121212121,0.010536605443226765,0.20598865674965355,0.2354124420596182,0.029423785309964645,0.45454545454545453,0.4594594594594595,0.004914004914004955,0.5172413793103449,0.5862068965517241,0.06896551724137923,0.4838709677419355,0.5151515151515151,0.03128054740957964,29,29,0.0,0.7454545454545455,0.7647058823529411,0.019251336898395643,0.6949152542372882,0.6610169491525424,-0.03389830508474578,0.7192982456140351,0.7090909090909091,-0.010207336523125998,59,59,0.0,41,39,-2.0,15,17,2.0,14,12,-2.0,18,20,2.0,10,0.11363636363636363,5,0.056818181818181816,5,0.056818181818181816,0
P0,P0_derivative_amplitude_deciles,RAW_DECILES,ds004504__EC,AD_FTD_vs_CN,9,CN,AD_FTD,88,5,0.6477272727272727,0.6477272727272727,0.0,0.6233196960841614,0.6496201052016364,0.026300409117475,0.6168001123753337,0.6305025057564675,0.01370239338113377,0.23809545637843813,0.28248431715915273,0.044388860780714606,0.47058823529411764,0.475,0.004411764705882337,0.5517241379310345,0.6551724137931034,0.10344827586206895,0.507936507936508,0.5507246376811594,0.042788129744651404,29,29,0.0,0.7592592592592593,0.7916666666666666,0.03240740740740733,0.6949152542372882,0.6440677966101694,-0.05084745762711873,0.7256637168141593,0.7102803738317757,-0.015383342982383641,59,59,0.0,41,38,-3.0,16,19,3.0,13,10,-3.0,18,21,3.0,20,0.22727272727272727,10,0.11363636363636363,10,0.11363636363636363,0
P0,P0_derivative_amplitude_deciles,RAW_DECILES,ds004504__EC,AD_FTD_vs_CN,10,CN,AD_FTD,88,5,0.8068181818181818,0.7159090909090909,-0.09090909090909083,0.7507305669199298,0.6829339567504383,-0.06779661016949146,0.7653333333333334,0.6812979863827322,-0.08403534695060122,0.5443509371017501,0.3628062034943636,-0.1815447336073865,0.7727272727272727,0.5666666666666667,-0.20606060606060606,0.5862068965517241,0.5862068965517241,0.0,0.6666666666666667,0.576271186440678,-0.09039548022598876,29,29,0.0,0.8181818181818182,0.7931034482758621,-0.025078369905956133,0.9152542372881356,0.7796610169491526,-0.13559322033898302,0.8640000000000001,0.7863247863247863,-0.0776752136752138,59,59,0.0,54,46,-8.0,17,17,0.0,12,12,0.0,5,13,8.0,14,0.1590909090909091,11,0.125,3,0.03409090909090909,-8
P0,P0_derivative_amplitude_deciles,RAW_DECILES,ds004504__EC,AD_FTD_vs_CN,11,CN,AD_FTD,88,5,0.75,0.6704545454545454,-0.07954545454545459,0.717124488603156,0.6490356516656925,-0.06808883693746348,0.7171244886031561,0.6415226857704734,-0.0756018028326827,0.4342489772063121,0.2877456937274963,-0.1465032834788158,0.6206896551724138,0.5,-0.12068965517241381,0.6206896551724138,0.5862068965517241,-0.034482758620689724,0.6206896551724138,0.5396825396825397,-0.08100711548987416,29,29,0.0,0.8135593220338984,0.7777777777777778,-0.03578154425612057,0.8135593220338984,0.711864406779661,-0.10169491525423735,0.8135593220338985,0.7433628318584071,-0.07019649017549134,59,59,0.0,48,42,-6.0,18,17,-1.0,11,12,1.0,11,17,6.0,21,0.23863636363636365,14,0.1590909090909091,7,0.07954545454545454,-7
P0,P0_derivative_amplitude_deciles,RAW_DECILES,ds004504__EC,AD_FTD_vs_CN,12,CN,AD_FTD,88,5,0.7954545454545454,0.6818181818181818,-0.11363636363636365,0.7510227936879018,0.657510227936879,-0.09351256575102285,0.7595628415300546,0.6513865308432372,-0.10817631068681743,0.5232724620685172,0.30586194487069773,-0.21741051719781945,0.72,0.5151515151515151,-0.20484848484848484,0.6206896551724138,0.5862068965517241,-0.034482758620689724,0.6666666666666666,0.5483870967741935,-0.11827956989247312,29,29,0.0,0.8253968253968254,0.7818181818181819,-0.043578643578643494,0.8813559322033898,0.7288135593220338,-0.15254237288135597,0.8524590163934426,0.7543859649122807,-0.09807305148116185,59,59,0.0,52,43,-9.0,18,17,-1.0,11,12,1.0,7,16,9.0,14,0.1590909090909091,12,0.13636363636363635,2,0.022727272727272728,-10
P0,P0_derivative_amplitude_deciles,RAW_DECILES,ds004504__EC,AD_FTD_vs_CN,13,CN,AD_FTD,88,5,0.7613636363636364,0.6818181818181818,-0.07954545454545459,0.7168322618351841,0.6838106370543542,-0.03302162478082993,0.7223140495867768,0.6644880174291938,-0.057826032157582974,0.4467827344066733,0.3478526347116904,-0.0989300996949829,0.6538461538461539,0.5128205128205128,-0.14102564102564108,0.5862068965517241,0.6896551724137931,0.10344827586206906,0.6181818181818182,0.5882352941176471,-0.029946524064171087,29,29,0.0,0.8064516129032258,0.8163265306122449,0.00987491770901916,0.847457627118644,0.6779661016949152,-0.1694915254237288,0.8264462809917354,0.7407407407407407,-0.08570554025099475,59,59,0.0,50,40,-10.0,17,20,3.0,12,9,-3.0,9,19,10.0,19,0.2159090909090909,13,0.14772727272727273,6,0.06818181818181818,-7
P0,P0_derivative_amplitude_deciles,RAW_DECILES,ds004504__EC,AD_FTD_vs_CN,14,CN,AD_FTD,88,5,0.7272727272727273,0.6818181818181818,-0.045454545454545525,0.6826417299824664,0.6750438340151959,-0.007597895967270563,0.6857142857142857,0.6606060606060606,-0.02510822510822508,0.3723130105505138,0.3333618269354877,-0.038951183615026086,0.5925925925925926,0.5135135135135135,-0.07907907907907907,0.5517241379310345,0.6551724137931034,0.10344827586206895,0.5714285714285714,0.5757575757575758,0.0043290043290044045,29,29,0.0,0.7868852459016393,0.803921568627451,0.01703632272581168,0.8135593220338984,0.6949152542372882,-0.11864406779661019,0.8,0.7454545454545455,-0.054545454545454564,59,59,0.0,48,41,-7.0,16,19,3.0,13,10,-3.0,11,18,7.0,14,0.1590909090909091,9,0.10227272727272728,5,0.056818181818181816,-4
P0,P0_derivative_amplitude_deciles,RAW_DECILES,ds004504__EC,AD_FTD_vs_CN,15,CN,AD_FTD,88,5,0.7386363636363636,0.7045454545454546,-0.03409090909090906,0.6998831092928113,0.700759789596727,0.0008766803039157445,0.7016069585729028,0.6848484848484848,-0.016758473724417966,0.4034376784884454,0.3823365193734225,-0.021101159115022916,0.6071428571428571,0.5405405405405406,-0.06660231660231652,0.5862068965517241,0.6896551724137931,0.10344827586206906,0.5964912280701754,0.6060606060606061,0.009569377990430672,29,29,0.0,0.8,0.8235294117647058,0.0235294117647058,0.8135593220338984,0.711864406779661,-0.10169491525423735,0.8067226890756303,0.7636363636363636,-0.043086325439266715,59,59,0.0,48,42,-6.0,17,20,3.0,12,9,-3.0,11,17,6.0,13,0.14772727272727273,8,0.09090909090909091,5,0.056818181818181816,-3
P0,P0_derivative_amplitude_deciles,RAW_DECILES,ds004504__EC,AD_FTD_vs_CN,16,CN,AD_FTD,88,5,0.7386363636363636,0.6931818181818182,-0.045454545454545414,0.6911163062536528,0.6922852133255406,0.0011689070718877703,0.6958677685950414,0.6746542516773929,-0.0212135169176485,0.39379502466572014,0.36494220215521905,-0.028852822510501086,0.6153846153846154,0.5263157894736842,-0.08906882591093124,0.5517241379310345,0.6896551724137931,0.13793103448275867,0.5818181818181819,0.5970149253731344,0.015196743554952485,29,29,0.0,0.7903225806451613,0.82,0.029677419354838697,0.8305084745762712,0.6949152542372882,-0.13559322033898302,0.8099173553719008,0.7522935779816514,-0.057623777390249376,59,59,0.0,49,41,-8.0,16,20,4.0,13,9,-4.0,10,18,8.0,20,0.22727272727272727,12,0.13636363636363635,8,0.09090909090909091,-4
P0,P0_derivative_amplitude_deciles,RAW_DECILES,ds004504__EC,AD_FTD_vs_CN,17,CN,AD_FTD,88,5,0.7613636363636364,0.7159090909090909,-0.045454545454545414,0.7343658679135009,0.7092343658679134,-0.02513150204558745,0.732290308561495,0.6950796950796951,-0.03721061348179988,0.4648092255630665,0.400069179329509,-0.0647400462335575,0.6333333333333333,0.5555555555555556,-0.07777777777777772,0.6551724137931034,0.6896551724137931,0.034482758620689724,0.6440677966101694,0.6153846153846154,-0.028683181225554022,29,29,0.0,0.8275862068965517,0.8269230769230769,-0.0006631299734748408,0.8135593220338984,0.7288135593220338,-0.08474576271186451,0.8205128205128206,0.7747747747747747,-0.04573804573804585,59,59,0.0,48,43,-5.0,19,20,1.0,10,9,-1.0,11,16,5.0,16,0.18181818181818182,10,0.11363636363636363,6,0.06818181818181818,-4
P0,P0_derivative_amplitude_deciles,RAW_DECILES,ds004504__EC,AD_FTD_vs_CN,18,CN,AD_FTD,88,5,0.7613636363636364,0.6590909090909091,-0.10227272727272729,0.7080654587960258,0.684395090590298,-0.023670368205727765,0.7165209387942937,0.6502384737678855,-0.06628246502640822,0.4391970162605261,0.3467878472793549,-0.09240916898117119,0.6666666666666666,0.4888888888888889,-0.17777777777777776,0.5517241379310345,0.7586206896551724,0.2068965517241379,0.6037735849056604,0.5945945945945945,-0.009178990311065838,29,29,0.0,0.796875,0.8372093023255814,0.04033430232558144,0.864406779661017,0.6101694915254238,-0.2542372881355932,0.8292682926829269,0.7058823529411764,-0.1233859397417505,59,59,0.0,51,36,-15.0,16,22,6.0,13,7,-6.0,8,23,15.0,31,0.3522727272727273,20,0.22727272727272727,11,0.125,-9
P0,P0_derivative_amplitude_deciles,RAW_DECILES,ds004504__EC,AD_FTD_vs_CN,19,CN,AD_FTD,88,5,0.6931818181818182,0.6363636363636364,-0.05681818181818188,0.6659848042080654,0.6060783167738165,-0.05990648743424887,0.6612972202423377,0.6015846066779853,-0.059712613564352424,0.32438019330789924,0.20598865674965355,-0.11839153655824569,0.53125,0.45454545454545453,-0.07670454545454547,0.5862068965517241,0.5172413793103449,-0.06896551724137923,0.5573770491803278,0.4838709677419355,-0.07350608143839232,29,29,0.0,0.7857142857142857,0.7454545454545455,-0.04025974025974022,0.7457627118644068,0.6949152542372882,-0.05084745762711862,0.7652173913043477,0.7192982456140351,-0.045919145690312635,59,59,0.0,44,41,-3.0,17,15,-2.0,12,14,2.0,15,18,3.0,13,0.14772727272727273,9,0.10227272727272728,4,0.045454545454545456,-5
P0,P0_derivative_amplitude_deciles,RAW_DECILES,ds004504__EC,AD_FTD_vs_CN,20,CN,AD_FTD,88,5,0.7727272727272727,0.6022727272727273,-0.17045454545454541,0.7165400350672122,0.6507890122735243,-0.06575102279368794,0.7270471464019851,0.5997400909681612,-0.12730705543382392,0.4633109951647389,0.2883180119190316,-0.17499298324570728,0.6956521739130435,0.4423076923076923,-0.25334448160535117,0.5517241379310345,0.7931034482758621,0.24137931034482762,0.6153846153846154,0.5679012345679012,-0.047483380816714216,29,29,0.0,0.8,0.8333333333333334,0.033333333333333326,0.8813559322033898,0.5084745762711864,-0.3728813559322034,0.8387096774193548,0.631578947368421,-0.20713073005093374,59,59,0.0,52,30,-22.0,16,23,7.0,13,6,-7.0,7,29,22.0,31,0.3522727272727273,23,0.26136363636363635,8,0.09090909090909091,-15
P0,P0_derivative_amplitude_deciles,RAW_DECILES,ds004504__EC,AD_vs_CN,1,CN,AD,65,5,0.7230769230769231,0.6923076923076923,-0.03076923076923077,0.7265325670498084,0.6987547892720306,-0.02777777777777779,0.7224857685009487,0.6922348484848485,-0.03025092001610019,0.45048354536962476,0.39637220975069987,-0.054111335618924894,0.6666666666666666,0.6285714285714286,-0.03809523809523807,0.7586206896551724,0.7586206896551724,0.0,0.7096774193548386,0.6875,-0.022177419354838634,29,29,0.0,0.78125,0.7666666666666667,-0.014583333333333282,0.6944444444444444,0.6388888888888888,-0.05555555555555558,0.7352941176470588,0.696969696969697,-0.03832442067736175,36,36,0.0,25,23,-2.0,22,22,0.0,7,7,0.0,11,13,2.0,10,0.15384615384615385,6,0.09230769230769231,4,0.06153846153846154,-2
P0,P0_derivative_amplitude_deciles,RAW_DECILES,ds004504__EC,AD_vs_CN,2,CN,AD,65,5,0.6615384615384615,0.6923076923076923,0.03076923076923077,0.6609195402298851,0.6954022988505747,0.03448275862068961,0.6595238095238095,0.6916508538899431,0.03212704436613356,0.32030869099662634,0.3885777727501203,0.06826908175349394,0.6129032258064516,0.6363636363636364,0.02346041055718473,0.6551724137931034,0.7241379310344828,0.06896551724137934,0.6333333333333333,0.6774193548387097,0.04408602150537644,29,29,0.0,0.7058823529411765,0.75,0.044117647058823484,0.6666666666666666,0.6666666666666666,0.0,0.6857142857142857,0.7058823529411765,0.020168067226890796,36,36,0.0,24,24,0.0,19,21,2.0,10,8,-2.0,12,12,0.0,10,0.15384615384615385,4,0.06153846153846154,6,0.09230769230769231,2
P0,P0_derivative_amplitude_deciles,RAW_DECILES,ds004504__EC,AD_vs_CN,3,CN,AD,65,5,0.7230769230769231,0.6307692307692307,-0.09230769230769231,0.7097701149425287,0.6331417624521073,-0.07662835249042144,0.7115384615384615,0.6299810246679316,-0.08155743687052985,0.43614941867864704,0.2647662275111114,-0.17138319116753564,0.7391304347826086,0.5757575757575758,-0.16337285902503285,0.5862068965517241,0.6551724137931034,0.06896551724137934,0.6538461538461539,0.6129032258064515,-0.04094292803970234,29,29,0.0,0.7142857142857143,0.6875,-0.0267857142857143,0.8333333333333334,0.6111111111111112,-0.2222222222222222,0.7692307692307692,0.6470588235294118,-0.12217194570135737,36,36,0.0,30,22,-8.0,17,19,2.0,12,10,-2.0,6,14,8.0,18,0.27692307692307694,12,0.18461538461538463,6,0.09230769230769231,-6
P0,P0_derivative_amplitude_deciles,RAW_DECILES,ds004504__EC,AD_vs_CN,4,CN,AD,65,5,0.6307692307692307,0.5846153846153846,-0.0461538461538461,0.6230842911877394,0.5847701149425287,-0.03831417624521072,0.6235521235521235,0.5830363506771205,-0.040515772875003075,0.24831856714704026,0.16857418082541983,-0.07974438632162043,0.5925925925925926,0.53125,-0.06134259259259256,0.5517241379310345,0.5862068965517241,0.03448275862068961,0.5714285714285714,0.5573770491803278,-0.014051522248243575,29,29,0.0,0.6578947368421053,0.6363636363636364,-0.021531100478468956,0.6944444444444444,0.5833333333333334,-0.11111111111111105,0.6756756756756757,0.6086956521739131,-0.06698002350176258,36,36,0.0,25,21,-4.0,16,17,1.0,13,12,-1.0,11,15,4.0,13,0.2,8,0.12307692307692308,5,0.07692307692307693,-3
P0,P0_derivative_amplitude_deciles,RAW_DECILES,ds004504__EC,AD_vs_CN,5,CN,AD,65,5,0.7230769230769231,0.7230769230769231,0.0,0.7131226053639848,0.7298850574712643,0.016762452107279557,0.7149122807017545,0.7230113636363635,0.008099082934609036,0.43552166280673843,0.4584546040490023,0.02293294124226386,0.72,0.6571428571428571,-0.06285714285714283,0.6206896551724138,0.7931034482758621,0.1724137931034483,0.6666666666666666,0.71875,0.05208333333333337,29,29,0.0,0.725,0.8,0.07500000000000007,0.8055555555555556,0.6666666666666666,-0.13888888888888895,0.7631578947368423,0.7272727272727272,-0.035885167464115075,36,36,0.0,29,24,-5.0,18,23,5.0,11,6,-5.0,7,12,5.0,12,0.18461538461538463,6,0.09230769230769231,6,0.09230769230769231,0
P0,P0_derivative_amplitude_deciles,RAW_DECILES,ds004504__EC,AD_vs_CN,6,CN,AD,65,5,0.676923076923077,0.6153846153846154,-0.06153846153846154,0.671455938697318,0.6159003831417624,-0.05555555555555558,0.6719538572458543,0.6139225469232598,-0.058031310322594565,0.34423331534458884,0.23047995344492428,-0.11375336189966456,0.6428571428571429,0.5625,-0.0803571428571429,0.6206896551724138,0.6206896551724138,0.0,0.6315789473684211,0.5901639344262296,-0.04141501294219152,29,29,0.0,0.7027027027027027,0.6666666666666666,-0.03603603603603611,0.7222222222222222,0.6111111111111112,-0.11111111111111105,0.7123287671232876,0.6376811594202899,-0.07464760770299772,36,36,0.0,26,22,-4.0,18,18,0.0,11,11,0.0,10,14,4.0,14,0.2153846153846154,9,0.13846153846153847,5,0.07692307692307693,-4
P0,P0_derivative_amplitude_deciles,RAW_DECILES,ds004504__EC,AD_vs_CN,7,CN,AD,65,5,0.6615384615384615,0.6923076923076923,0.03076923076923077,0.6575670498084292,0.6954022988505747,0.037835249042145525,0.6575670498084292,0.6916508538899431,0.0340838040815139,0.31513409961685823,0.3885777727501203,0.07344367313326206,0.6206896551724138,0.6363636363636364,0.01567398119122254,0.6206896551724138,0.7241379310344828,0.10344827586206895,0.6206896551724138,0.6774193548387097,0.05672969966629593,29,29,0.0,0.6944444444444444,0.75,0.05555555555555558,0.6944444444444444,0.6666666666666666,-0.02777777777777779,0.6944444444444444,0.7058823529411765,0.011437908496732097,36,36,0.0,25,24,-1.0,18,21,3.0,11,8,-3.0,11,12,1.0,18,0.27692307692307694,8,0.12307692307692308,10,0.15384615384615385,2
P0,P0_derivative_amplitude_deciles,RAW_DECILES,ds004504__EC,AD_vs_CN,8,CN,AD,65,5,0.7384615384615385,0.7230769230769231,-0.015384615384615441,0.7236590038314177,0.7198275862068966,-0.003831417624521105,0.7257383966244726,0.7198275862068966,-0.005910810417576018,0.46991689875133896,0.4396551724137931,-0.03026172633754587,0.7727272727272727,0.6896551724137931,-0.08307210031347956,0.5862068965517241,0.6896551724137931,0.10344827586206906,0.6666666666666667,0.6896551724137931,0.02298850574712641,29,29,0.0,0.7209302325581395,0.75,0.029069767441860517,0.8611111111111112,0.75,-0.11111111111111116,0.7848101265822784,0.75,-0.034810126582278444,36,36,0.0,31,27,-4.0,17,20,3.0,12,9,-3.0,5,9,4.0,19,0.2923076923076923,10,0.15384615384615385,9,0.13846153846153847,-1
P0,P0_derivative_amplitude_deciles,RAW_DECILES,ds004504__EC,AD_vs_CN,9,CN,AD,65,5,0.7076923076923077,0.7076923076923077,0.0,0.689176245210728,0.7059386973180077,0.01676245210727978,0.6888384983623079,0.7051802339460491,0.01634173558374119,0.4074981032218638,0.4106989161272312,0.0032008129053673895,0.75,0.6666666666666666,-0.08333333333333337,0.5172413793103449,0.6896551724137931,0.1724137931034483,0.6122448979591838,0.6779661016949153,0.06572120373573154,29,29,0.0,0.6888888888888889,0.7428571428571429,0.053968253968254,0.8611111111111112,0.7222222222222222,-0.13888888888888895,0.7654320987654321,0.732394366197183,-0.033037732568249045,36,36,0.0,31,26,-5.0,15,20,5.0,14,9,-5.0,5,10,5.0,14,0.2153846153846154,7,0.1076923076923077,7,0.1076923076923077,0
P0,P0_derivative_amplitude_deciles,RAW_DECILES,ds004504__EC,AD_vs_CN,10,CN,AD,65,5,0.6307692307692307,0.6,-0.03076923076923077,0.6230842911877394,0.5953065134099617,-0.02777777777777779,0.6235521235521235,0.5953065134099617,-0.02824561014216187,0.24831856714704026,0.19061302681992337,-0.05770554032711689,0.5925925925925926,0.5517241379310345,-0.040868454661558085,0.5517241379310345,0.5517241379310345,0.0,0.5714285714285714,0.5517241379310345,-0.019704433497536922,29,29,0.0,0.6578947368421053,0.6388888888888888,-0.01900584795321647,0.6944444444444444,0.6388888888888888,-0.05555555555555558,0.6756756756756757,0.6388888888888888,-0.03678678678678682,36,36,0.0,25,23,-2.0,16,16,0.0,13,13,0.0,11,13,2.0,12,0.18461538461538463,7,0.1076923076923077,5,0.07692307692307693,-2
P0,P0_derivative_amplitude_deciles,RAW_DECILES,ds004504__EC,AD_vs_CN,11,CN,AD,65,5,0.7230769230769231,0.6461538461538462,-0.07692307692307687,0.7097701149425287,0.6503831417624522,-0.059386973180076574,0.7115384615384615,0.6458185264155414,-0.06571993512292007,0.43614941867864704,0.299336098133752,-0.13681332054489503,0.7391304347826086,0.5882352941176471,-0.15089514066496157,0.5862068965517241,0.6896551724137931,0.10344827586206906,0.6538461538461539,0.6349206349206349,-0.01892551892551897,29,29,0.0,0.7142857142857143,0.7096774193548387,-0.004608294930875556,0.8333333333333334,0.6111111111111112,-0.2222222222222222,0.7692307692307692,0.6567164179104478,-0.11251435132032139,36,36,0.0,30,22,-8.0,17,20,3.0,12,9,-3.0,6,14,8.0,17,0.26153846153846155,11,0.16923076923076924,6,0.09230769230769231,-5
P0,P0_derivative_amplitude_deciles,RAW_DECILES,ds004504__EC,AD_vs_CN,12,CN,AD,65,5,0.6923076923076923,0.676923076923077,-0.01538461538461533,0.6819923371647509,0.671455938697318,-0.010536398467432928,0.6832358674463936,0.6719538572458543,-0.011282010200539316,0.37190613902597885,0.34423331534458884,-0.027672823681390013,0.68,0.6428571428571429,-0.037142857142857144,0.5862068965517241,0.6206896551724138,0.034482758620689724,0.6296296296296295,0.6315789473684211,0.0019493177387915894,29,29,0.0,0.7,0.7027027027027027,0.002702702702702786,0.7777777777777778,0.7222222222222222,-0.05555555555555558,0.7368421052631577,0.7123287671232876,-0.02451333813987011,36,36,0.0,28,26,-2.0,17,18,1.0,12,11,-1.0,8,10,2.0,11,0.16923076923076924,6,0.09230769230769231,5,0.07692307692307693,-1
P0,P0_derivative_amplitude_deciles,RAW_DECILES,ds004504__EC,AD_vs_CN,13,CN,AD,65,5,0.7538461538461538,0.6615384615384615,-0.09230769230769231,0.7375478927203065,0.6575670498084292,-0.07998084291187735,0.74,0.6575670498084292,-0.08243295019157082,0.5050047249988376,0.31513409961685823,-0.1898706253819794,0.8095238095238095,0.6206896551724138,-0.18883415435139572,0.5862068965517241,0.6206896551724138,0.034482758620689724,0.68,0.6206896551724138,-0.05931034482758624,29,29,0.0,0.7272727272727273,0.6944444444444444,-0.03282828282828287,0.8888888888888888,0.6944444444444444,-0.19444444444444442,0.7999999999999999,0.6944444444444444,-0.10555555555555551,36,36,0.0,32,25,-7.0,17,18,1.0,12,11,-1.0,4,11,7.0,12,0.18461538461538463,9,0.13846153846153847,3,0.046153846153846156,-6
P0,P0_derivative_amplitude_deciles,RAW_DECILES,ds004504__EC,AD_vs_CN,14,CN,AD,65,5,0.6923076923076923,0.7384615384615385,0.04615384615384621,0.6920498084291188,0.7404214559386972,0.04837164750957845,0.6904761904761906,0.7374673319078167,0.04699114143162608,0.38227316990966415,0.4781030439229421,0.09582987401327797,0.6451612903225806,0.6875,0.04233870967741937,0.6896551724137931,0.7586206896551724,0.06896551724137923,0.6666666666666667,0.7213114754098361,0.05464480874316935,29,29,0.0,0.7352941176470589,0.7878787878787878,0.05258467023172897,0.6944444444444444,0.7222222222222222,0.02777777777777779,0.7142857142857144,0.7536231884057971,0.039337474120082705,36,36,0.0,25,26,1.0,20,22,2.0,9,7,-2.0,11,10,-1.0,11,0.16923076923076924,4,0.06153846153846154,7,0.1076923076923077,3
P0,P0_derivative_amplitude_deciles,RAW_DECILES,ds004504__EC,AD_vs_CN,15,CN,AD,65,5,0.7384615384615385,0.6615384615384615,-0.07692307692307698,0.7270114942528736,0.664272030651341,-0.0627394636015326,0.7292330311198236,0.6608159392789374,-0.06841709184088618,0.46766034221713354,0.3266720001306158,-0.14098834208651773,0.75,0.6060606060606061,-0.14393939393939392,0.6206896551724138,0.6896551724137931,0.06896551724137934,0.679245283018868,0.6451612903225807,-0.03408399269628726,29,29,0.0,0.7317073170731707,0.71875,-0.012957317073170715,0.8333333333333334,0.6388888888888888,-0.19444444444444453,0.7792207792207793,0.676470588235294,-0.10275019098548521,36,36,0.0,30,23,-7.0,18,20,2.0,11,9,-2.0,6,13,7.0,13,0.2,9,0.13846153846153847,4,0.06153846153846154,-5
P0,P0_derivative_amplitude_deciles,RAW_DECILES,ds004504__EC,AD_vs_CN,16,CN,AD,65,5,0.7538461538461538,0.7230769230769231,-0.03076923076923077,0.7375478927203065,0.7231800766283525,-0.014367816091954033,0.74,0.7214285714285713,-0.018571428571428683,0.5050047249988376,0.444237648822702,-0.06076707617613564,0.8095238095238095,0.6774193548387096,-0.1321044546850999,0.5862068965517241,0.7241379310344828,0.13793103448275867,0.68,0.7,0.019999999999999907,29,29,0.0,0.7272727272727273,0.7647058823529411,0.03743315508021383,0.8888888888888888,0.7222222222222222,-0.16666666666666663,0.7999999999999999,0.7428571428571428,-0.05714285714285716,36,36,0.0,32,26,-6.0,17,21,4.0,12,8,-4.0,4,10,6.0,14,0.2153846153846154,8,0.12307692307692308,6,0.09230769230769231,-2
P0,P0_derivative_amplitude_deciles,RAW_DECILES,ds004504__EC,AD_vs_CN,17,CN,AD,65,5,0.7230769230769231,0.7538461538461538,0.03076923076923077,0.7131226053639848,0.7476053639846744,0.03448275862068961,0.7149122807017545,0.7490347490347491,0.03412246833299459,0.43552166280673843,0.4995357946109721,0.06401413180423365,0.72,0.7407407407407407,0.020740740740740726,0.6206896551724138,0.6896551724137931,0.06896551724137934,0.6666666666666666,0.7142857142857143,0.04761904761904767,29,29,0.0,0.725,0.7631578947368421,0.03815789473684217,0.8055555555555556,0.8055555555555556,0.0,0.7631578947368423,0.7837837837837838,0.020625889046941515,36,36,0.0,29,29,0.0,18,20,2.0,11,9,-2.0,7,7,0.0,14,0.2153846153846154,6,0.09230769230769231,8,0.12307692307692308,2
P0,P0_derivative_amplitude_deciles,RAW_DECILES,ds004504__EC,AD_vs_CN,18,CN,AD,65,5,0.7846153846153846,0.6923076923076923,-0.09230769230769231,0.7753831417624522,0.6920498084291188,-0.08333333333333337,0.7782651072124758,0.6904761904761906,-0.0877889167362852,0.5627527103682575,0.38227316990966415,-0.18047954045859332,0.8,0.6451612903225806,-0.15483870967741942,0.6896551724137931,0.6896551724137931,0.0,0.7407407407407408,0.6666666666666667,-0.07407407407407407,29,29,0.0,0.775,0.7352941176470589,-0.039705882352941146,0.8611111111111112,0.6944444444444444,-0.16666666666666674,0.8157894736842106,0.7142857142857144,-0.10150375939849621,36,36,0.0,31,25,-6.0,20,20,0.0,9,9,0.0,5,11,6.0,16,0.24615384615384617,11,0.16923076923076924,5,0.07692307692307693,-6
P0,P0_derivative_amplitude_deciles,RAW_DECILES,ds004504__EC,AD_vs_CN,19,CN,AD,65,5,0.6461538461538462,0.6461538461538462,0.0,0.6403256704980842,0.6503831417624522,0.010057471264367956,0.6407113674597452,0.6458185264155414,0.005107158955796165,0.2817328530613534,0.299336098133752,0.017603245072398577,0.6071428571428571,0.5882352941176471,-0.018907563025210017,0.5862068965517241,0.6896551724137931,0.10344827586206906,0.5964912280701754,0.6349206349206349,0.03842940685045948,29,29,0.0,0.6756756756756757,0.7096774193548387,0.03400174367916309,0.6944444444444444,0.6111111111111112,-0.08333333333333326,0.684931506849315,0.6567164179104478,-0.02821508893886726,36,36,0.0,25,22,-3.0,17,20,3.0,12,9,-3.0,11,14,3.0,16,0.24615384615384617,8,0.12307692307692308,8,0.12307692307692308,0
P0,P0_derivative_amplitude_deciles,RAW_DECILES,ds004504__EC,AD_vs_CN,20,CN,AD,65,5,0.6461538461538462,0.6307692307692307,-0.015384615384615441,0.6369731800766283,0.6331417624521073,-0.003831417624520994,0.6375757575757577,0.6299810246679316,-0.007594732907826085,0.2779692826455979,0.2647662275111114,-0.013203055134486497,0.6153846153846154,0.5757575757575758,-0.03962703962703962,0.5517241379310345,0.6551724137931034,0.10344827586206895,0.5818181818181819,0.6129032258064515,0.03108504398826961,29,29,0.0,0.6666666666666666,0.6875,0.02083333333333337,0.7222222222222222,0.6111111111111112,-0.11111111111111105,0.6933333333333334,0.6470588235294118,-0.04627450980392156,36,36,0.0,26,22,-4.0,16,19,3.0,13,10,-3.0,10,14,4.0,11,0.16923076923076924,6,0.09230769230769231,5,0.07692307692307693,-1
P0,P0_derivative_amplitude_deciles,RAW_DECILES,ds004504__EC,AD_vs_FTD,1,FTD,AD,59,5,0.5084745762711864,0.423728813559322,-0.0847457627118644,0.5108695652173914,0.4414251207729468,-0.06944444444444453,0.5033381712626996,0.42356321839080463,-0.07977495287189501,0.02120790212264707,-0.11630996441185117,-0.13751786653449824,0.4,0.34285714285714286,-0.05714285714285716,0.5217391304347826,0.5217391304347826,0.0,0.4528301886792453,0.4137931034482759,-0.03903708523096938,23,23,0.0,0.6206896551724138,0.5416666666666666,-0.07902298850574718,0.5,0.3611111111111111,-0.1388888888888889,0.5538461538461539,0.43333333333333335,-0.12051282051282053,36,36,0.0,18,13,-5.0,12,12,0.0,11,11,0.0,18,23,5.0,19,0.3220338983050847,12,0.2033898305084746,7,0.11864406779661017,-5
P0,P0_derivative_amplitude_deciles,RAW_DECILES,ds004504__EC,AD_vs_FTD,2,FTD,AD,59,5,0.5932203389830508,0.3220338983050847,-0.2711864406779661,0.6038647342995169,0.34239130434782605,-0.26147342995169087,0.5902777777777779,0.32183908045977005,-0.26843869731800785,0.20288662414499237,-0.31791654973069855,-0.5208031738756909,0.4838709677419355,0.2702702702702703,-0.2136006974716652,0.6521739130434783,0.43478260869565216,-0.2173913043478261,0.5555555555555556,0.3333333333333333,-0.22222222222222227,23,23,0.0,0.7142857142857143,0.4090909090909091,-0.3051948051948052,0.5555555555555556,0.25,-0.3055555555555556,0.6250000000000001,0.31034482758620685,-0.31465517241379326,36,36,0.0,20,9,-11.0,15,10,-5.0,8,13,5.0,16,27,11.0,22,0.3728813559322034,19,0.3220338983050847,3,0.05084745762711865,-16
P0,P0_derivative_amplitude_deciles,RAW_DECILES,ds004504__EC,AD_vs_FTD,3,FTD,AD,59,5,0.5254237288135594,0.423728813559322,-0.10169491525423735,0.5404589371980677,0.4414251207729468,-0.09903381642512088,0.5241935483870968,0.42356321839080463,-0.10063032999629212,0.07949063940832507,-0.11630996441185117,-0.19580060382017622,0.42424242424242425,0.34285714285714286,-0.0813852813852814,0.6086956521739131,0.5217391304347826,-0.08695652173913049,0.5,0.4137931034482759,-0.08620689655172409,23,23,0.0,0.6538461538461539,0.5416666666666666,-0.11217948717948723,0.4722222222222222,0.3611111111111111,-0.1111111111111111,0.5483870967741936,0.43333333333333335,-0.11505376344086027,36,36,0.0,17,13,-4.0,14,12,-2.0,9,11,2.0,19,23,4.0,28,0.4745762711864407,17,0.288135593220339,11,0.1864406779661017,-6
P0,P0_derivative_amplitude_deciles,RAW_DECILES,ds004504__EC,AD_vs_FTD,4,FTD,AD,59,5,0.5084745762711864,0.3728813559322034,-0.13559322033898302,0.5265700483091788,0.37620772946859904,-0.1503623188405797,0.5079091170549325,0.36998556998557,-0.1379235470693625,0.052447892922491114,-0.24237165111881034,-0.29481954404130145,0.4117647058823529,0.28125,-0.13051470588235292,0.6086956521739131,0.391304347826087,-0.2173913043478261,0.4912280701754386,0.3272727272727273,-0.1639553429027113,23,23,0.0,0.64,0.48148148148148145,-0.15851851851851856,0.4444444444444444,0.3611111111111111,-0.08333333333333331,0.5245901639344263,0.4126984126984127,-0.11189175123601358,36,36,0.0,16,13,-3.0,14,9,-5.0,9,14,5.0,20,23,3.0,26,0.4406779661016949,17,0.288135593220339,9,0.15254237288135594,-8
P0,P0_derivative_amplitude_deciles,RAW_DECILES,ds004504__EC,AD_vs_FTD,5,FTD,AD,59,5,0.576271186440678,0.4406779661016949,-0.13559322033898308,0.5585748792270531,0.4553140096618358,-0.1032608695652173,0.5579862151633204,0.4400345125107852,-0.11795170265253518,0.11630996441185117,-0.0882078199150987,-0.20451778432694986,0.4583333333333333,0.35294117647058826,-0.10539215686274506,0.4782608695652174,0.5217391304347826,0.04347826086956519,0.4680851063829787,0.4210526315789474,-0.04703247480403128,23,23,0.0,0.6571428571428571,0.56,-0.09714285714285709,0.6388888888888888,0.3888888888888889,-0.24999999999999994,0.647887323943662,0.45901639344262296,-0.18887093050103904,36,36,0.0,23,14,-9.0,11,12,1.0,12,11,-1.0,13,22,9.0,22,0.3728813559322034,15,0.2542372881355932,7,0.11864406779661017,-8
P0,P0_derivative_amplitude_deciles,RAW_DECILES,ds004504__EC,AD_vs_FTD,6,FTD,AD,59,5,0.559322033898305,0.4915254237288136,-0.06779661016949146,0.5603864734299517,0.5048309178743962,-0.05555555555555558,0.553030303030303,0.49020737327188946,-0.06282292975841353,0.11782167845915038,0.009491419630844785,-0.1083302588283056,0.4482758620689655,0.3939393939393939,-0.0543364681295716,0.5652173913043478,0.5652173913043478,0.0,0.4999999999999999,0.4642857142857143,-0.03571428571428559,23,23,0.0,0.6666666666666666,0.6153846153846154,-0.05128205128205121,0.5555555555555556,0.4444444444444444,-0.11111111111111116,0.606060606060606,0.5161290322580646,-0.08993157380254135,36,36,0.0,20,16,-4.0,13,13,0.0,10,10,0.0,16,20,4.0,16,0.2711864406779661,10,0.1694915254237288,6,0.1016949152542373,-4
P0,P0_derivative_amplitude_deciles,RAW_DECILES,ds004504__EC,AD_vs_FTD,7,FTD,AD,59,5,0.5254237288135594,0.4406779661016949,-0.08474576271186446,0.4933574879227053,0.43961352657004826,-0.05374396135265702,0.4926289926289926,0.434833091436865,-0.05779590119212763,-0.01353243878146282,-0.11782167845915038,-0.10428923967768756,0.38095238095238093,0.3333333333333333,-0.047619047619047616,0.34782608695652173,0.43478260869565216,0.08695652173913043,0.3636363636363636,0.3773584905660377,0.013722126929674117,23,23,0.0,0.6052631578947368,0.5517241379310345,-0.05353901996370236,0.6388888888888888,0.4444444444444444,-0.19444444444444442,0.6216216216216216,0.4923076923076923,-0.12931392931392932,36,36,0.0,23,16,-7.0,8,10,2.0,15,13,-2.0,13,20,7.0,25,0.423728813559322,15,0.2542372881355932,10,0.1694915254237288,-5
P0,P0_derivative_amplitude_deciles,RAW_DECILES,ds004504__EC,AD_vs_FTD,8,FTD,AD,59,5,0.4576271186440678,0.5084745762711864,0.05084745762711862,0.4849033816425121,0.5108695652173914,0.02596618357487923,0.45747126436781615,0.5033381712626996,0.045866906894883486,-0.030451776794128214,0.02120790212264707,0.05165967891677528,0.3783783783783784,0.4,0.021621621621621623,0.6086956521739131,0.5217391304347826,-0.08695652173913049,0.4666666666666667,0.4528301886792453,-0.01383647798742138,23,23,0.0,0.5909090909090909,0.6206896551724138,0.029780564263322873,0.3611111111111111,0.5,0.1388888888888889,0.4482758620689656,0.5538461538461539,0.1055702917771883,36,36,0.0,13,18,5.0,14,12,-2.0,9,11,2.0,23,18,-5.0,19,0.3220338983050847,8,0.13559322033898305,11,0.1864406779661017,3
P0,P0_derivative_amplitude_deciles,RAW_DECILES,ds004504__EC,AD_vs_FTD,9,FTD,AD,59,5,0.5084745762711864,0.3898305084745763,-0.11864406779661013,0.5108695652173914,0.4136473429951691,-0.09722222222222227,0.5033381712626996,0.3896551724137931,-0.11368299884890654,0.02120790212264707,-0.1741841632624134,-0.19539206538506046,0.4,0.32432432432432434,-0.07567567567567568,0.5217391304347826,0.5217391304347826,0.0,0.4528301886792453,0.4,-0.05283018867924527,23,23,0.0,0.6206896551724138,0.5,-0.12068965517241381,0.5,0.3055555555555556,-0.19444444444444442,0.5538461538461539,0.37931034482758624,-0.17453580901856763,36,36,0.0,18,11,-7.0,12,12,0.0,11,11,0.0,18,25,7.0,23,0.3898305084745763,15,0.2542372881355932,8,0.13559322033898305,-7
P0,P0_derivative_amplitude_deciles,RAW_DECILES,ds004504__EC,AD_vs_FTD,10,FTD,AD,59,5,0.576271186440678,0.5084745762711864,-0.06779661016949157,0.5742753623188406,0.5030193236714976,-0.07125603864734298,0.5683347966052092,0.4992683640620428,-0.06906643254316647,0.1450875277315934,0.00589786698095908,-0.1391896607506343,0.4642857142857143,0.39285714285714285,-0.07142857142857145,0.5652173913043478,0.4782608695652174,-0.08695652173913038,0.5098039215686274,0.4313725490196078,-0.0784313725490196,23,23,0.0,0.6774193548387096,0.6129032258064516,-0.06451612903225801,0.5833333333333334,0.5277777777777778,-0.05555555555555558,0.626865671641791,0.5671641791044777,-0.05970149253731327,36,36,0.0,21,19,-2.0,13,11,-2.0,10,12,2.0,15,17,2.0,22,0.3728813559322034,13,0.22033898305084745,9,0.15254237288135594,-4
P0,P0_derivative_amplitude_deciles,RAW_DECILES,ds004504__EC,AD_vs_FTD,11,FTD,AD,59,5,0.5932203389830508,0.4576271186440678,-0.13559322033898302,0.5960144927536233,0.4535024154589372,-0.14251207729468607,0.5874125874125875,0.44988344988344997,-0.13752913752913754,0.1873364687500491,-0.0907226924135458,-0.2780591611635949,0.4827586206896552,0.3448275862068966,-0.13793103448275862,0.6086956521739131,0.43478260869565216,-0.17391304347826092,0.5384615384615384,0.38461538461538464,-0.1538461538461538,23,23,0.0,0.7,0.5666666666666667,-0.1333333333333333,0.5833333333333334,0.4722222222222222,-0.11111111111111116,0.6363636363636365,0.5151515151515152,-0.12121212121212122,36,36,0.0,21,17,-4.0,14,10,-4.0,9,13,4.0,15,19,4.0,24,0.4067796610169492,16,0.2711864406779661,8,0.13559322033898305,-8
P0,P0_derivative_amplitude_deciles,RAW_DECILES,ds004504__EC,AD_vs_FTD,12,FTD,AD,59,5,0.5254237288135594,0.4067796610169492,-0.11864406779661019,0.5561594202898551,0.4196859903381642,-0.13647342995169087,0.5252873563218391,0.4060972102387116,-0.1191901460831275,0.11328060967415696,-0.1585356763338936,-0.2718162860080505,0.43243243243243246,0.3235294117647059,-0.10890302066772656,0.6956521739130435,0.4782608695652174,-0.21739130434782605,0.5333333333333333,0.3859649122807018,-0.14736842105263154,23,23,0.0,0.6818181818181818,0.52,-0.16181818181818175,0.4166666666666667,0.3611111111111111,-0.05555555555555558,0.5172413793103449,0.42622950819672134,-0.09101187111362352,36,36,0.0,15,13,-2.0,16,11,-5.0,7,12,5.0,21,23,2.0,21,0.3559322033898305,14,0.23728813559322035,7,0.11864406779661017,-7
P0,P0_derivative_amplitude_deciles,RAW_DECILES,ds004504__EC,AD_vs_FTD,13,FTD,AD,59,5,0.4915254237288136,0.4915254237288136,0.0,0.481280193236715,0.481280193236715,0.0,0.4794117647058824,0.4794117647058824,0.0,-0.03665132285211278,-0.03665132285211278,0.0,0.37037037037037035,0.37037037037037035,0.0,0.43478260869565216,0.43478260869565216,0.0,0.39999999999999997,0.39999999999999997,0.0,23,23,0.0,0.59375,0.59375,0.0,0.5277777777777778,0.5277777777777778,0.0,0.5588235294117648,0.5588235294117648,0.0,36,36,0.0,19,19,0.0,10,10,0.0,13,13,0.0,17,17,0.0,24,0.4067796610169492,12,0.2033898305084746,12,0.2033898305084746,0
P0,P0_derivative_amplitude_deciles,RAW_DECILES,ds004504__EC,AD_vs_FTD,14,FTD,AD,59,5,0.576271186440678,0.4067796610169492,-0.1694915254237288,0.5664251207729469,0.3961352657004831,-0.17028985507246386,0.5637385388938184,0.3956687152472929,-0.1680698236465255,0.13050701992411579,-0.20288662414499237,-0.33339364406910815,0.46153846153846156,0.2857142857142857,-0.17582417582417587,0.5217391304347826,0.34782608695652173,-0.17391304347826086,0.4897959183673469,0.3137254901960784,-0.1760704281712685,23,23,0.0,0.6666666666666666,0.5161290322580645,-0.15053763440860213,0.6111111111111112,0.4444444444444444,-0.16666666666666674,0.6376811594202899,0.4776119402985074,-0.1600692191217825,36,36,0.0,22,16,-6.0,12,8,-4.0,11,15,4.0,14,20,6.0,22,0.3728813559322034,16,0.2711864406779661,6,0.1016949152542373,-10
P0,P0_derivative_amplitude_deciles,RAW_DECILES,ds004504__EC,AD_vs_FTD,15,FTD,AD,59,5,0.5254237288135594,0.4745762711864407,-0.050847457627118675,0.5404589371980677,0.49879227053140096,-0.04166666666666674,0.5241935483870968,0.47457627118644075,-0.04961727720065601,0.07949063940832507,-0.0024154589371980675,-0.08190609834552313,0.42424242424242425,0.3888888888888889,-0.03535353535353536,0.6086956521739131,0.6086956521739131,0.0,0.5,0.47457627118644075,-0.025423728813559254,23,23,0.0,0.6538461538461539,0.6086956521739131,-0.04515050167224077,0.4722222222222222,0.3888888888888889,-0.08333333333333331,0.5483870967741936,0.47457627118644075,-0.07381082558775287,36,36,0.0,17,14,-3.0,14,14,0.0,9,9,0.0,19,22,3.0,13,0.22033898305084745,8,0.13559322033898305,5,0.0847457627118644,-3
P0,P0_derivative_amplitude_deciles,RAW_DECILES,ds004504__EC,AD_vs_FTD,16,FTD,AD,59,5,0.5254237288135594,0.423728813559322,-0.10169491525423735,0.5247584541062802,0.45712560386473433,-0.06763285024154586,0.5186480186480187,0.42223502304147464,-0.09641299560654404,0.04830688816825166,-0.08834782840341722,-0.1366547165716689,0.41379310344827586,0.358974358974359,-0.05481874447391688,0.5217391304347826,0.6086956521739131,0.08695652173913049,0.4615384615384615,0.45161290322580644,-0.00992555831265507,23,23,0.0,0.6333333333333333,0.55,-0.08333333333333326,0.5277777777777778,0.3055555555555556,-0.2222222222222222,0.5757575757575758,0.39285714285714285,-0.18290043290043295,36,36,0.0,19,11,-8.0,12,14,2.0,11,9,-2.0,17,25,8.0,22,0.3728813559322034,14,0.23728813559322035,8,0.13559322033898305,-6
P0,P0_derivative_amplitude_deciles,RAW_DECILES,ds004504__EC,AD_vs_FTD,17,FTD,AD,59,5,0.5254237288135594,0.5254237288135594,0.0,0.5169082125603865,0.5169082125603865,0.0,0.5141176470588236,0.5141176470588236,0.0,0.033104420640618,0.033104420640618,0.0,0.4074074074074074,0.4074074074074074,0.0,0.4782608695652174,0.4782608695652174,0.0,0.44000000000000006,0.44000000000000006,0.0,23,23,0.0,0.625,0.625,0.0,0.5555555555555556,0.5555555555555556,0.0,0.5882352941176471,0.5882352941176471,0.0,36,36,0.0,20,20,0.0,11,11,0.0,12,12,0.0,16,16,0.0,10,0.1694915254237288,5,0.0847457627118644,5,0.0847457627118644,0
P0,P0_derivative_amplitude_deciles,RAW_DECILES,ds004504__EC,AD_vs_FTD,18,FTD,AD,59,5,0.5254237288135594,0.5084745762711864,-0.016949152542372947,0.5326086956521738,0.5344202898550725,0.0018115942028986698,0.5219907407407408,0.5084745762711865,-0.013516164469554282,0.06369696339435807,0.06884057971014493,0.005143616315786859,0.41935483870967744,0.4166666666666667,-0.0026881720430107503,0.5652173913043478,0.6521739130434783,0.08695652173913049,0.4814814814814815,0.5084745762711865,0.02699309478970502,23,23,0.0,0.6428571428571429,0.6521739130434783,0.009316770186335366,0.5,0.4166666666666667,-0.08333333333333331,0.5625000000000001,0.5084745762711865,-0.05402542372881358,36,36,0.0,18,15,-3.0,13,15,2.0,10,8,-2.0,18,21,3.0,21,0.3559322033898305,11,0.1864406779661017,10,0.1694915254237288,-1
P0,P0_derivative_amplitude_deciles,RAW_DECILES,ds004504__EC,AD_vs_FTD,19,FTD,AD,59,5,0.5254237288135594,0.5084745762711864,-0.016949152542372947,0.5326086956521738,0.5265700483091788,-0.006038647342995085,0.5219907407407408,0.5079091170549325,-0.014081623685808342,0.06369696339435807,0.052447892922491114,-0.011249070471866955,0.41935483870967744,0.4117647058823529,-0.007590132827324514,0.5652173913043478,0.6086956521739131,0.0434782608695653,0.4814814814814815,0.4912280701754386,0.009746588693957114,23,23,0.0,0.6428571428571429,0.64,-0.0028571428571428914,0.5,0.4444444444444444,-0.05555555555555558,0.5625000000000001,0.5245901639344263,-0.037909836065573854,36,36,0.0,18,16,-2.0,13,14,1.0,10,9,-1.0,18,20,2.0,13,0.22033898305084745,7,0.11864406779661017,6,0.1016949152542373,-1
P0,P0_derivative_amplitude_deciles,RAW_DECILES,ds004504__EC,AD_vs_FTD,20,FTD,AD,59,5,0.4067796610169492,0.4067796610169492,0.0,0.3961352657004831,0.3961352657004831,0.0,0.3956687152472929,0.3956687152472929,0.0,-0.20288662414499237,-0.20288662414499237,0.0,0.2857142857142857,0.2857142857142857,0.0,0.34782608695652173,0.34782608695652173,0.0,0.3137254901960784,0.3137254901960784,0.0,23,23,0.0,0.5161290322580645,0.5161290322580645,0.0,0.4444444444444444,0.4444444444444444,0.0,0.4776119402985074,0.4776119402985074,0.0,36,36,0.0,16,16,0.0,8,8,0.0,15,15,0.0,20,20,0.0,26,0.4406779661016949,13,0.22033898305084745,13,0.22033898305084745,0
P0,P0_derivative_amplitude_deciles,RAW_DECILES,ds004504__EC,CN_vs_FTD,1,CN,FTD,52,5,0.7115384615384616,0.5961538461538461,-0.11538461538461542,0.7143928035982009,0.588455772113943,-0.12593703148425794,0.7105751391465678,0.5887005649717514,-0.1218745741748164,0.4259217009643015,0.17784723704795571,-0.24807446391634577,0.7692307692307693,0.6333333333333333,-0.13589743589743597,0.6896551724137931,0.6551724137931034,-0.034482758620689724,0.7272727272727274,0.6440677966101694,-0.08320493066255796,29,29,0.0,0.6538461538461539,0.5454545454545454,-0.10839160839160844,0.7391304347826086,0.5217391304347826,-0.21739130434782605,0.693877551020408,0.5333333333333332,-0.16054421768707483,23,23,0.0,17,12,-5.0,20,19,-1.0,9,10,1.0,6,11,5.0,8,0.15384615384615385,7,0.1346153846153846,1,0.019230769230769232,-6
P0,P0_derivative_amplitude_deciles,RAW_DECILES,ds004504__EC,CN_vs_FTD,2,CN,FTD,52,5,0.6923076923076923,0.5769230769230769,-0.11538461538461542,0.6881559220389806,0.5712143928035982,-0.11694152923538237,0.6881559220389806,0.5712143928035982,-0.11694152923538237,0.37631184407796103,0.1424287856071964,-0.23388305847076463,0.7241379310344828,0.6206896551724138,-0.10344827586206895,0.7241379310344828,0.6206896551724138,-0.10344827586206895,0.7241379310344829,0.6206896551724138,-0.10344827586206906,29,29,0.0,0.6521739130434783,0.5217391304347826,-0.13043478260869568,0.6521739130434783,0.5217391304347826,-0.13043478260869568,0.6521739130434783,0.5217391304347826,-0.13043478260869568,23,23,0.0,15,12,-3.0,21,18,-3.0,8,11,3.0,8,11,3.0,12,0.23076923076923078,9,0.17307692307692307,3,0.057692307692307696,-6
P0,P0_derivative_amplitude_deciles,RAW_DECILES,ds004504__EC,CN_vs_FTD,3,CN,FTD,52,5,0.6346153846153846,0.5576923076923077,-0.07692307692307687,0.6364317841079461,0.5539730134932533,-0.08245877061469276,0.6333951762523191,0.5535647629712579,-0.07983041328106122,0.27104108243182823,0.10754369227692666,-0.16349739015490156,0.6923076923076923,0.6071428571428571,-0.0851648351648352,0.6206896551724138,0.5862068965517241,-0.034482758620689724,0.6545454545454545,0.5964912280701754,-0.058054226475279136,29,29,0.0,0.5769230769230769,0.5,-0.07692307692307687,0.6521739130434783,0.5217391304347826,-0.13043478260869568,0.6122448979591837,0.5106382978723404,-0.1016066000868433,23,23,0.0,15,12,-3.0,18,17,-1.0,11,12,1.0,8,11,3.0,14,0.2692307692307692,9,0.17307692307692307,5,0.09615384615384616,-4
P0,P0_derivative_amplitude_deciles,RAW_DECILES,ds004504__EC,CN_vs_FTD,4,CN,FTD,52,5,0.6538461538461539,0.6538461538461539,0.0,0.6446776611694153,0.6491754122938531,0.004497751124437843,0.6454545454545455,0.6491754122938531,0.0037208668393076128,0.2928895641563494,0.2983508245877061,0.005461260431356696,0.6774193548387096,0.6896551724137931,0.012235817575083519,0.7241379310344828,0.6896551724137931,-0.03448275862068961,0.7,0.6896551724137931,-0.010344827586206806,29,29,0.0,0.6190476190476191,0.6086956521739131,-0.010351966873705987,0.5652173913043478,0.6086956521739131,0.0434782608695653,0.5909090909090909,0.6086956521739131,0.017786561264822143,23,23,0.0,13,14,1.0,21,20,-1.0,8,9,1.0,10,9,-1.0,10,0.19230769230769232,5,0.09615384615384616,5,0.09615384615384616,0
P0,P0_derivative_amplitude_deciles,RAW_DECILES,ds004504__EC,CN_vs_FTD,5,CN,FTD,52,5,0.6730769230769231,0.5769230769230769,-0.09615384615384626,0.6799100449775113,0.5802098950524738,-0.0997001499250375,0.6729559748427674,0.5762962962962963,-0.09665967854647106,0.35847897425642217,0.15946632079686288,-0.1990126534595593,0.75,0.64,-0.10999999999999999,0.6206896551724138,0.5517241379310345,-0.06896551724137934,0.679245283018868,0.5925925925925927,-0.08665269042627533,29,29,0.0,0.6071428571428571,0.5185185185185185,-0.0886243386243386,0.7391304347826086,0.6086956521739131,-0.13043478260869557,0.6666666666666666,0.5599999999999999,-0.10666666666666669,23,23,0.0,17,14,-3.0,18,16,-2.0,11,13,2.0,6,9,3.0,15,0.28846153846153844,10,0.19230769230769232,5,0.09615384615384616,-5
P0,P0_derivative_amplitude_deciles,RAW_DECILES,ds004504__EC,CN_vs_FTD,6,CN,FTD,52,5,0.5961538461538461,0.6153846153846154,0.019230769230769273,0.588455772113943,0.6146926536731634,0.026236881559220437,0.5887005649717514,0.6130952380952381,0.024394673123486754,0.17784723704795571,0.22802193534504692,0.0501746982970912,0.6333333333333333,0.6666666666666666,0.033333333333333326,0.6551724137931034,0.6206896551724138,-0.03448275862068961,0.6440677966101694,0.6428571428571429,-0.001210653753026536,29,29,0.0,0.5454545454545454,0.56,0.014545454545454639,0.5217391304347826,0.6086956521739131,0.08695652173913049,0.5333333333333332,0.5833333333333334,0.050000000000000155,23,23,0.0,12,14,2.0,19,18,-1.0,10,11,1.0,11,9,-2.0,13,0.25,6,0.11538461538461539,7,0.1346153846153846,1
P0,P0_derivative_amplitude_deciles,RAW_DECILES,ds004504__EC,CN_vs_FTD,7,CN,FTD,52,5,0.7115384615384616,0.6346153846153846,-0.07692307692307698,0.7143928035982009,0.6364317841079461,-0.0779610194902548,0.7105751391465678,0.6333951762523191,-0.07717996289424867,0.4259217009643015,0.27104108243182823,-0.15488061853247326,0.7692307692307693,0.6923076923076923,-0.07692307692307698,0.6896551724137931,0.6206896551724138,-0.06896551724137934,0.7272727272727274,0.6545454545454545,-0.07272727272727286,29,29,0.0,0.6538461538461539,0.5769230769230769,-0.07692307692307698,0.7391304347826086,0.6521739130434783,-0.08695652173913038,0.693877551020408,0.6122448979591837,-0.08163265306122436,23,23,0.0,17,15,-2.0,20,18,-2.0,9,11,2.0,6,8,2.0,10,0.19230769230769232,7,0.1346153846153846,3,0.057692307692307696,-4
P0,P0_derivative_amplitude_deciles,RAW_DECILES,ds004504__EC,CN_vs_FTD,8,CN,FTD,52,5,0.6730769230769231,0.6730769230769231,0.0,0.6754122938530734,0.6619190404797601,-0.013493253373313308,0.6719851576994433,0.6629813191002669,-0.009003838599176417,0.34848139169806486,0.3305984759853531,-0.017882915712711778,0.7307692307692307,0.6875,-0.043269230769230727,0.6551724137931034,0.7586206896551724,0.10344827586206895,0.6909090909090909,0.7213114754098361,0.030402384500745172,29,29,0.0,0.6153846153846154,0.65,0.0346153846153846,0.6956521739130435,0.5652173913043478,-0.13043478260869568,0.6530612244897959,0.6046511627906976,-0.04841006169909823,23,23,0.0,16,13,-3.0,19,22,3.0,10,7,-3.0,7,10,3.0,10,0.19230769230769232,5,0.09615384615384616,5,0.09615384615384616,0
P0,P0_derivative_amplitude_deciles,RAW_DECILES,ds004504__EC,CN_vs_FTD,9,CN,FTD,52,5,0.6730769230769231,0.5961538461538461,-0.07692307692307698,0.6754122938530734,0.5794602698650675,-0.09595202398800595,0.6719851576994433,0.5772357723577236,-0.09474938534171973,0.34848139169806486,0.1659079653295604,-0.18257342636850446,0.7307692307692307,0.6176470588235294,-0.11312217194570129,0.6551724137931034,0.7241379310344828,0.06896551724137934,0.6909090909090909,0.6666666666666667,-0.024242424242424176,29,29,0.0,0.6153846153846154,0.5555555555555556,-0.05982905982905984,0.6956521739130435,0.43478260869565216,-0.2608695652173913,0.6530612244897959,0.4878048780487805,-0.1652563464410154,23,23,0.0,16,10,-6.0,19,21,2.0,10,8,-2.0,7,13,6.0,16,0.3076923076923077,10,0.19230769230769232,6,0.11538461538461539,-4
P0,P0_derivative_amplitude_deciles,RAW_DECILES,ds004504__EC,CN_vs_FTD,10,CN,FTD,52,5,0.5769230769230769,0.6346153846153846,0.05769230769230771,0.5757121439280359,0.6229385307346327,0.04722638680659674,0.5744047619047619,0.6233320625238277,0.048927300619065806,0.15052428411666496,0.2510099539888792,0.10048566987221424,0.6296296296296297,0.65625,0.02662037037037035,0.5862068965517241,0.7241379310344828,0.13793103448275867,0.6071428571428571,0.6885245901639345,0.08138173302107743,29,29,0.0,0.52,0.6,0.07999999999999996,0.5652173913043478,0.5217391304347826,-0.04347826086956519,0.5416666666666667,0.5581395348837209,0.016472868217054182,23,23,0.0,13,12,-1.0,17,21,4.0,12,8,-4.0,10,11,1.0,15,0.28846153846153844,6,0.11538461538461539,9,0.17307692307692307,3
P0,P0_derivative_amplitude_deciles,RAW_DECILES,ds004504__EC,CN_vs_FTD,11,CN,FTD,52,5,0.6923076923076923,0.6153846153846154,-0.07692307692307687,0.6836581709145427,0.6146926536731634,-0.06896551724137934,0.6848484848484848,0.6130952380952381,-0.07175324675324668,0.3718028146026197,0.22802193534504692,-0.1437808792575728,0.7096774193548387,0.6666666666666666,-0.043010752688172116,0.7586206896551724,0.6206896551724138,-0.13793103448275856,0.7333333333333333,0.6428571428571429,-0.09047619047619038,29,29,0.0,0.6666666666666666,0.56,-0.10666666666666658,0.6086956521739131,0.6086956521739131,0.0,0.6363636363636365,0.5833333333333334,-0.053030303030303094,23,23,0.0,14,14,0.0,22,18,-4.0,7,11,4.0,9,9,0.0,10,0.19230769230769232,7,0.1346153846153846,3,0.057692307692307696,-4
P0,P0_derivative_amplitude_deciles,RAW_DECILES,ds004504__EC,CN_vs_FTD,12,CN,FTD,52,5,0.6730769230769231,0.6346153846153846,-0.03846153846153855,0.6754122938530734,0.6454272863568216,-0.02998500749625188,0.6719851576994433,0.6344802071772104,-0.037504950522232905,0.34848139169806486,0.29239291514663907,-0.05608847655142579,0.7307692307692307,0.7272727272727273,-0.0034965034965034336,0.6551724137931034,0.5517241379310345,-0.10344827586206895,0.6909090909090909,0.6274509803921569,-0.06345811051693406,29,29,0.0,0.6153846153846154,0.5666666666666667,-0.04871794871794877,0.6956521739130435,0.7391304347826086,0.04347826086956519,0.6530612244897959,0.6415094339622641,-0.011551790527531747,23,23,0.0,16,17,1.0,19,16,-3.0,10,13,3.0,7,6,-1.0,12,0.23076923076923078,7,0.1346153846153846,5,0.09615384615384616,-2
P0,P0_derivative_amplitude_deciles,RAW_DECILES,ds004504__EC,CN_vs_FTD,13,CN,FTD,52,5,0.6923076923076923,0.6538461538461539,-0.038461538461538436,0.697151424287856,0.6671664167916043,-0.02998500749625177,0.6918518518518519,0.6533333333333333,-0.03851851851851862,0.39195927448200873,0.33841643941381305,-0.05354283506819568,0.76,0.7619047619047619,0.0019047619047618536,0.6551724137931034,0.5517241379310345,-0.10344827586206895,0.7037037037037037,0.64,-0.0637037037037037,29,29,0.0,0.6296296296296297,0.5806451612903226,-0.04898446833930703,0.7391304347826086,0.782608695652174,0.0434782608695653,0.68,0.6666666666666667,-0.013333333333333308,23,23,0.0,17,18,1.0,19,16,-3.0,10,13,3.0,6,5,-1.0,12,0.23076923076923078,7,0.1346153846153846,5,0.09615384615384616,-2
P0,P0_derivative_amplitude_deciles,RAW_DECILES,ds004504__EC,CN_vs_FTD,14,CN,FTD,52,5,0.6153846153846154,0.6346153846153846,0.019230769230769162,0.623688155922039,0.6319340329835083,0.008245877061469287,0.6153846153846154,0.6312056737588652,0.01582105837424974,0.24737631184407796,0.26288458112137625,0.015508269277298287,0.6956521739130435,0.6785714285714286,-0.017080745341614856,0.5517241379310345,0.6551724137931034,0.10344827586206895,0.6153846153846154,0.6666666666666666,0.05128205128205121,29,29,0.0,0.5517241379310345,0.5833333333333334,0.031609195402298895,0.6956521739130435,0.6086956521739131,-0.08695652173913038,0.6153846153846154,0.5957446808510638,-0.019639934533551617,23,23,0.0,16,14,-2.0,16,19,3.0,13,10,-3.0,7,9,2.0,15,0.28846153846153844,7,0.1346153846153846,8,0.15384615384615385,1
P0,P0_derivative_amplitude_deciles,RAW_DECILES,ds004504__EC,CN_vs_FTD,15,CN,FTD,52,5,0.7884615384615384,0.6153846153846154,-0.17307692307692302,0.787856071964018,0.623688155922039,-0.164167916041979,0.7864874953340799,0.6153846153846154,-0.1711028799494645,0.5735663588102755,0.24737631184407796,-0.3261900469661976,0.8214285714285714,0.6956521739130435,-0.12577639751552794,0.7931034482758621,0.5517241379310345,-0.24137931034482762,0.8070175438596492,0.6153846153846154,-0.19163292847503377,29,29,0.0,0.75,0.5517241379310345,-0.19827586206896552,0.782608695652174,0.6956521739130435,-0.08695652173913049,0.7659574468085107,0.6153846153846154,-0.15057283142389533,23,23,0.0,18,16,-2.0,23,16,-7.0,6,13,7.0,5,7,2.0,17,0.3269230769230769,13,0.25,4,0.07692307692307693,-9
P0,P0_derivative_amplitude_deciles,RAW_DECILES,ds004504__EC,CN_vs_FTD,16,CN,FTD,52,5,0.7115384615384616,0.7115384615384616,0.0,0.7188905547226387,0.7053973013493253,-0.013493253373313419,0.7114317425083241,0.7062146892655368,-0.005217053242787317,0.436149418678647,0.4129673131452531,-0.023182105533393893,0.7916666666666666,0.7333333333333333,-0.05833333333333335,0.6551724137931034,0.7586206896551724,0.10344827586206895,0.7169811320754716,0.7457627118644068,0.02878157978893514,29,29,0.0,0.6428571428571429,0.6818181818181818,0.03896103896103886,0.782608695652174,0.6521739130434783,-0.13043478260869568,0.7058823529411765,0.6666666666666666,-0.03921568627450989,23,23,0.0,18,15,-3.0,19,22,3.0,10,7,-3.0,5,8,3.0,12,0.23076923076923078,6,0.11538461538461539,6,0.11538461538461539,0
P0,P0_derivative_amplitude_deciles,RAW_DECILES,ds004504__EC,CN_vs_FTD,17,CN,FTD,52,5,0.5769230769230769,0.6730769230769231,0.09615384615384626,0.5802098950524738,0.6709145427286357,0.09070464767616193,0.5762962962962963,0.6700261291526689,0.0937298328563726,0.15946632079686288,0.34055502554360106,0.1810887047467382,0.64,0.7142857142857143,0.07428571428571429,0.5517241379310345,0.6896551724137931,0.13793103448275867,0.5925925925925927,0.7017543859649122,0.10916179337231957,29,29,0.0,0.5185185185185185,0.625,0.10648148148148151,0.6086956521739131,0.6521739130434783,0.04347826086956519,0.5599999999999999,0.6382978723404256,0.07829787234042562,23,23,0.0,14,15,1.0,16,20,4.0,13,9,-4.0,9,8,-1.0,11,0.21153846153846154,3,0.057692307692307696,8,0.15384615384615385,5
P0,P0_derivative_amplitude_deciles,RAW_DECILES,ds004504__EC,CN_vs_FTD,18,CN,FTD,52,5,0.6730769230769231,0.6153846153846154,-0.05769230769230771,0.6529235382308846,0.6146926536731634,-0.03823088455772117,0.6512820512820514,0.6130952380952381,-0.03818681318681327,0.32912131438150566,0.22802193534504692,-0.10109937903645874,0.6666666666666666,0.6666666666666666,0.0,0.8275862068965517,0.6206896551724138,-0.2068965517241379,0.7384615384615385,0.6428571428571429,-0.0956043956043956,29,29,0.0,0.6875,0.56,-0.12749999999999995,0.4782608695652174,0.6086956521739131,0.13043478260869568,0.5641025641025642,0.5833333333333334,0.019230769230769162,23,23,0.0,11,14,3.0,24,18,-6.0,5,11,6.0,12,9,-3.0,19,0.36538461538461536,11,0.21153846153846154,8,0.15384615384615385,-3
P0,P0_derivative_amplitude_deciles,RAW_DECILES,ds004504__EC,CN_vs_FTD,19,CN,FTD,52,5,0.6730769230769231,0.5769230769230769,-0.09615384615384626,0.6664167916041979,0.5757121439280359,-0.09070464767616193,0.6670433145009417,0.5744047619047619,-0.09263855259617981,0.334593954446154,0.15052428411666496,-0.184069670329489,0.7,0.6296296296296297,-0.0703703703703703,0.7241379310344828,0.5862068965517241,-0.13793103448275867,0.711864406779661,0.6071428571428571,-0.10472154963680391,29,29,0.0,0.6363636363636364,0.52,-0.11636363636363634,0.6086956521739131,0.5652173913043478,-0.0434782608695653,0.6222222222222223,0.5416666666666667,-0.0805555555555556,23,23,0.0,14,13,-1.0,21,17,-4.0,8,12,4.0,9,10,1.0,15,0.28846153846153844,10,0.19230769230769232,5,0.09615384615384616,-5
P0,P0_derivative_amplitude_deciles,RAW_DECILES,ds004504__EC,CN_vs_FTD,20,CN,FTD,52,5,0.6730769230769231,0.6923076923076923,0.019230769230769162,0.6754122938530734,0.6881559220389806,0.01274362818590713,0.6719851576994433,0.6881559220389806,0.016170764339537236,0.34848139169806486,0.37631184407796103,0.027830452379896176,0.7307692307692307,0.7241379310344828,-0.006631299734747964,0.6551724137931034,0.7241379310344828,0.06896551724137934,0.6909090909090909,0.7241379310344829,0.033228840125391956,29,29,0.0,0.6153846153846154,0.6521739130434783,0.03678929765886285,0.6956521739130435,0.6521739130434783,-0.04347826086956519,0.6530612244897959,0.6521739130434783,-0.0008873114463175957,23,23,0.0,16,15,-1.0,19,21,2.0,10,8,-2.0,7,8,1.0,11,0.21153846153846154,5,0.09615384615384616,6,0.11538461538461539,1
P0,P0_derivative_amplitude_deciles,RAW_DECILES,ds006036__EO_or_photomark,AD_FTD_vs_CN,1,CN,AD_FTD,88,5,0.7159090909090909,0.7954545454545454,0.07954545454545447,0.7004675628287551,0.7422559906487434,0.04178842781998826,0.6909678325607529,0.7543424317617866,0.06337459920103372,0.3870461684256127,0.5183330836593368,0.13128691523372416,0.5588235294117647,0.7391304347826086,0.18030690537084393,0.6551724137931034,0.5862068965517241,-0.06896551724137934,0.6031746031746031,0.6538461538461539,0.050671550671550714,29,29,0.0,0.8148148148148148,0.8153846153846154,0.0005698005698006048,0.7457627118644068,0.8983050847457628,0.15254237288135597,0.7787610619469028,0.8548387096774194,0.07607764773051662,59,59,0.0,44,53,9.0,19,17,-2.0,10,12,2.0,15,6,-9.0,15,0.17045454545454544,4,0.045454545454545456,11,0.125,7
P0,P0_derivative_amplitude_deciles,RAW_DECILES,ds006036__EO_or_photomark,AD_FTD_vs_CN,2,CN,AD_FTD,88,5,0.7045454545454546,0.7386363636363636,0.03409090909090906,0.6656925774400935,0.7086499123319696,0.04295733489187614,0.6656925774400935,0.7067941474721136,0.041101570032020085,0.33138515488018705,0.413807714528715,0.08242255964852796,0.5517241379310345,0.6,0.0482758620689655,0.5517241379310345,0.6206896551724138,0.06896551724137934,0.5517241379310345,0.6101694915254238,0.05844535359438929,29,29,0.0,0.7796610169491526,0.8103448275862069,0.030683810637054276,0.7796610169491526,0.7966101694915254,0.016949152542372836,0.7796610169491526,0.8034188034188032,0.023757786469650655,59,59,0.0,46,47,1.0,16,18,2.0,13,11,-2.0,13,12,-1.0,9,0.10227272727272728,3,0.03409090909090909,6,0.06818181818181818,3
P0,P0_derivative_amplitude_deciles,RAW_DECILES,ds006036__EO_or_photomark,AD_FTD_vs_CN,3,CN,AD_FTD,88,5,0.6477272727272727,0.7272727272727273,0.07954545454545459,0.6320864991233197,0.6826417299824664,0.050555230859146705,0.621898821898822,0.6857142857142857,0.06381546381546377,0.25255763834767886,0.3723130105505138,0.11975537220283494,0.4722222222222222,0.5925925925925926,0.12037037037037035,0.5862068965517241,0.5517241379310345,-0.03448275862068961,0.523076923076923,0.5714285714285714,0.0483516483516484,29,29,0.0,0.7692307692307693,0.7868852459016393,0.017654476670870056,0.6779661016949152,0.8135593220338984,0.13559322033898313,0.7207207207207208,0.8,0.07927927927927925,59,59,0.0,40,48,8.0,17,16,-1.0,12,13,1.0,19,11,-8.0,17,0.19318181818181818,5,0.056818181818181816,12,0.13636363636363635,7
P0,P0_derivative_amplitude_deciles,RAW_DECILES,ds006036__EO_or_photomark,AD_FTD_vs_CN,4,CN,AD_FTD,88,5,0.75,0.8068181818181818,0.05681818181818177,0.7083576855639977,0.7682641729982467,0.05990648743424898,0.7119047619047618,0.775206611570248,0.06330184966548613,0.4247346824360262,0.5527581538885796,0.12802347145255344,0.6296296296296297,0.7307692307692307,0.10113960113960108,0.5862068965517241,0.6551724137931034,0.06896551724137934,0.6071428571428571,0.6909090909090909,0.08376623376623382,29,29,0.0,0.8032786885245902,0.8387096774193549,0.0354309888947647,0.8305084745762712,0.8813559322033898,0.05084745762711862,0.8166666666666667,0.859504132231405,0.04283746556473833,59,59,0.0,49,52,3.0,17,19,2.0,12,10,-2.0,10,7,-3.0,13,0.14772727272727273,4,0.045454545454545456,9,0.10227272727272728,5
P0,P0_derivative_amplitude_deciles,RAW_DECILES,ds006036__EO_or_photomark,AD_FTD_vs_CN,5,CN,AD_FTD,88,5,0.6931818181818182,0.7840909090909091,0.09090909090909083,0.657218001168907,0.7425482174167154,0.08533021624780834,0.6558018252933508,0.7487603305785124,0.09295850528516159,0.31180469246001213,0.4997704441476265,0.18796575168761437,0.5333333333333333,0.6923076923076923,0.15897435897435896,0.5517241379310345,0.6206896551724138,0.06896551724137934,0.5423728813559322,0.6545454545454545,0.11217257318952234,29,29,0.0,0.7758620689655172,0.8225806451612904,0.04671857619577313,0.7627118644067796,0.864406779661017,0.10169491525423735,0.7692307692307694,0.8429752066115702,0.07374443738080083,59,59,0.0,45,51,6.0,16,18,2.0,13,11,-2.0,14,8,-6.0,10,0.11363636363636363,1,0.011363636363636364,9,0.10227272727272728,8
P0,P0_derivative_amplitude_deciles,RAW_DECILES,ds006036__EO_or_photomark,AD_FTD_vs_CN,6,CN,AD_FTD,88,5,0.6477272727272727,0.7727272727272727,0.125,0.6233196960841614,0.7165400350672122,0.09322033898305082,0.6168001123753337,0.7270471464019851,0.11024703402665137,0.23809545637843813,0.4633109951647389,0.22521553878630077,0.47058823529411764,0.6956521739130435,0.22506393861892582,0.5517241379310345,0.5517241379310345,0.0,0.507936507936508,0.6153846153846154,0.1074481074481074,29,29,0.0,0.7592592592592593,0.8,0.040740740740740744,0.6949152542372882,0.8813559322033898,0.18644067796610164,0.7256637168141593,0.8387096774193548,0.11304596060519545,59,59,0.0,41,52,11.0,16,16,0.0,13,13,0.0,18,7,-11.0,15,0.17045454545454544,2,0.022727272727272728,13,0.14772727272727273,11
P0,P0_derivative_amplitude_deciles,RAW_DECILES,ds006036__EO_or_photomark,AD_FTD_vs_CN,7,CN,AD_FTD,88,5,0.6818181818181818,0.7727272727272727,0.09090909090909094,0.657510227936879,0.7428404441846873,0.08533021624780834,0.6513865308432372,0.7428404441846873,0.09145391334145014,0.30586194487069773,0.4856808883693746,0.1798189434986769,0.5151515151515151,0.6551724137931034,0.1400208986415883,0.5862068965517241,0.6551724137931034,0.06896551724137934,0.5483870967741935,0.6551724137931034,0.10678531701890992,29,29,0.0,0.7818181818181819,0.8305084745762712,0.04869029275808934,0.7288135593220338,0.8305084745762712,0.10169491525423735,0.7543859649122807,0.8305084745762712,0.07612250966399048,59,59,0.0,43,49,6.0,17,19,2.0,12,10,-2.0,16,10,-6.0,12,0.13636363636363635,2,0.022727272727272728,10,0.11363636363636363,8
P0,P0_derivative_amplitude_deciles,RAW_DECILES,ds006036__EO_or_photomark,AD_FTD_vs_CN,8,CN,AD_FTD,88,5,0.6818181818181818,0.6590909090909091,-0.022727272727272707,0.6399766218585623,0.6493278784336645,0.009351256575102163,0.6399766218585623,0.6363636363636365,-0.0036129854949258355,0.2799532437171245,0.284387134497553,0.0044338907804284955,0.5172413793103449,0.4864864864864865,-0.03075489282385835,0.5172413793103449,0.6206896551724138,0.10344827586206895,0.5172413793103449,0.5454545454545455,0.028213166144200663,29,29,0.0,0.7627118644067796,0.7843137254901961,0.02160186108341644,0.7627118644067796,0.6779661016949152,-0.0847457627118644,0.7627118644067796,0.7272727272727273,-0.035439137134052334,59,59,0.0,45,40,-5.0,15,18,3.0,14,11,-3.0,14,19,5.0,20,0.22727272727272727,11,0.125,9,0.10227272727272728,-2
P0,P0_derivative_amplitude_deciles,RAW_DECILES,ds006036__EO_or_photomark,AD_FTD_vs_CN,9,CN,AD_FTD,88,5,0.6931818181818182,0.7727272727272727,0.07954545454545447,0.657218001168907,0.7077732320280539,0.050555230859146816,0.6558018252933508,0.7206349206349206,0.06483309534156978,0.31180469246001213,0.4582448018991435,0.14644010943913138,0.5333333333333333,0.7142857142857143,0.18095238095238098,0.5517241379310345,0.5172413793103449,-0.03448275862068961,0.5423728813559322,0.6000000000000001,0.05762711864406789,29,29,0.0,0.7758620689655172,0.7910447761194029,0.0151827071538857,0.7627118644067796,0.8983050847457628,0.13559322033898313,0.7692307692307694,0.8412698412698412,0.07203907203907178,59,59,0.0,45,53,8.0,16,15,-1.0,13,14,1.0,14,6,-8.0,11,0.125,2,0.022727272727272728,9,0.10227272727272728,7
P0,P0_derivative_amplitude_deciles,RAW_DECILES,ds006036__EO_or_photomark,AD_FTD_vs_CN,10,CN,AD_FTD,88,5,0.7727272727272727,0.7954545454545454,0.022727272727272707,0.7165400350672122,0.733489187609585,0.016949152542372836,0.7270471464019851,0.7485714285714287,0.021524282169443576,0.4633109951647389,0.5149614581116957,0.0516504629469568,0.6956521739130435,0.7619047619047619,0.0662525879917184,0.5517241379310345,0.5517241379310345,0.0,0.6153846153846154,0.64,0.024615384615384595,29,29,0.0,0.8,0.8059701492537313,0.005970149253731294,0.8813559322033898,0.9152542372881356,0.03389830508474578,0.8387096774193548,0.8571428571428572,0.018433179723502446,59,59,0.0,52,54,2.0,16,16,0.0,13,13,0.0,7,5,-2.0,8,0.09090909090909091,3,0.03409090909090909,5,0.056818181818181816,2
P0,P0_derivative_amplitude_deciles,RAW_DECILES,ds006036__EO_or_photomark,AD_FTD_vs_CN,11,CN,AD_FTD,88,5,0.7045454545454546,0.7613636363636364,0.05681818181818177,0.6832261835184104,0.7255990648743424,0.04237288135593209,0.6762874929258631,0.7275541795665634,0.05126668664070033,0.3557985889312198,0.455341941217953,0.09954335228673322,0.5454545454545454,0.6428571428571429,0.09740259740259749,0.6206896551724138,0.6206896551724138,0.0,0.5806451612903226,0.6315789473684211,0.05093378607809851,29,29,0.0,0.8,0.8166666666666667,0.016666666666666607,0.7457627118644068,0.8305084745762712,0.0847457627118644,0.7719298245614035,0.8235294117647058,0.05159958720330238,59,59,0.0,44,49,5.0,18,18,0.0,11,11,0.0,15,10,-5.0,13,0.14772727272727273,4,0.045454545454545456,9,0.10227272727272728,5
P0,P0_derivative_amplitude_deciles,RAW_DECILES,ds006036__EO_or_photomark,AD_FTD_vs_CN,12,CN,AD_FTD,88,5,0.7272727272727273,0.75,0.022727272727272707,0.6914085330216247,0.6995908825248393,0.008182349503214503,0.6914085330216247,0.7061323618700668,0.014723828848442033,0.38281706604324955,0.4160594779892867,0.033242411946037165,0.5862068965517241,0.64,0.053793103448275925,0.5862068965517241,0.5517241379310345,-0.03448275862068961,0.5862068965517241,0.5925925925925927,0.0063856960408685826,29,29,0.0,0.7966101694915254,0.7936507936507936,-0.002959375840731804,0.7966101694915254,0.847457627118644,0.05084745762711862,0.7966101694915254,0.819672131147541,0.023061961656015595,59,59,0.0,47,50,3.0,17,16,-1.0,12,13,1.0,12,9,-3.0,16,0.18181818181818182,7,0.07954545454545454,9,0.10227272727272728,2
P0,P0_derivative_amplitude_deciles,RAW_DECILES,ds006036__EO_or_photomark,AD_FTD_vs_CN,13,CN,AD_FTD,88,5,0.6818181818181818,0.7386363636363636,0.05681818181818188,0.657510227936879,0.6823495032144944,0.024839275277615425,0.6513865308432372,0.6895229329651787,0.03813640212194158,0.30586194487069773,0.3849142389698993,0.07905229409920156,0.5151515151515151,0.625,0.10984848484848486,0.5862068965517241,0.5172413793103449,-0.06896551724137923,0.5483870967741935,0.5660377358490567,0.017650639074863195,29,29,0.0,0.7818181818181819,0.78125,-0.0005681818181818565,0.7288135593220338,0.847457627118644,0.11864406779661019,0.7543859649122807,0.8130081300813008,0.05862216516902008,59,59,0.0,43,50,7.0,17,15,-2.0,12,14,2.0,16,9,-7.0,13,0.14772727272727273,4,0.045454545454545456,9,0.10227272727272728,5
P0,P0_derivative_amplitude_deciles,RAW_DECILES,ds006036__EO_or_photomark,AD_FTD_vs_CN,14,CN,AD_FTD,88,5,0.7613636363636364,0.7840909090909091,0.022727272727272707,0.6992986557568673,0.733781414377557,0.03448275862068961,0.7101176470588235,0.7435189446234085,0.033401297564584986,0.4326892064142116,0.49347979355115296,0.060790587136941354,0.6818181818181818,0.7083333333333334,0.026515151515151603,0.5172413793103449,0.5862068965517241,0.06896551724137923,0.5882352941176471,0.6415094339622641,0.05327413984461704,29,29,0.0,0.7878787878787878,0.8125,0.024621212121212155,0.8813559322033898,0.8813559322033898,0.0,0.832,0.8455284552845529,0.013528455284552932,59,59,0.0,52,52,0.0,15,17,2.0,14,12,-2.0,7,7,0.0,8,0.09090909090909091,3,0.03409090909090909,5,0.056818181818181816,2
P0,P0_derivative_amplitude_deciles,RAW_DECILES,ds006036__EO_or_photomark,AD_FTD_vs_CN,15,CN,AD_FTD,88,5,0.7386363636363636,0.7840909090909091,0.045454545454545414,0.6911163062536528,0.733781414377557,0.042665108123904116,0.6958677685950414,0.7435189446234085,0.047651176028367104,0.39379502466572014,0.49347979355115296,0.09968476888543282,0.6153846153846154,0.7083333333333334,0.09294871794871795,0.5517241379310345,0.5862068965517241,0.03448275862068961,0.5818181818181819,0.6415094339622641,0.05969125214408222,29,29,0.0,0.7903225806451613,0.8125,0.022177419354838745,0.8305084745762712,0.8813559322033898,0.05084745762711862,0.8099173553719008,0.8455284552845529,0.0356110999126521,59,59,0.0,49,52,3.0,16,17,1.0,13,12,-1.0,10,7,-3.0,8,0.09090909090909091,2,0.022727272727272728,6,0.06818181818181818,4
P0,P0_derivative_amplitude_deciles,RAW_DECILES,ds006036__EO_or_photomark,AD_FTD_vs_CN,16,CN,AD_FTD,88,5,0.7272727272727273,0.7727272727272727,0.045454545454545414,0.7089421390999415,0.7253068381063705,0.016364699006429007,0.701188455008489,0.7328476017000607,0.03165914669157166,0.40573523299174186,0.469665970028902,0.06393073703716012,0.5757575757575758,0.68,0.10424242424242425,0.6551724137931034,0.5862068965517241,-0.06896551724137934,0.6129032258064515,0.6296296296296295,0.016726403823178027,29,29,0.0,0.8181818181818182,0.8095238095238095,-0.008658008658008698,0.7627118644067796,0.864406779661017,0.10169491525423735,0.7894736842105264,0.8360655737704918,0.046591889559965405,59,59,0.0,45,51,6.0,19,17,-2.0,10,12,2.0,14,8,-6.0,10,0.11363636363636363,3,0.03409090909090909,7,0.07954545454545454,4
P0,P0_derivative_amplitude_deciles,RAW_DECILES,ds006036__EO_or_photomark,AD_FTD_vs_CN,17,CN,AD_FTD,88,5,0.7272727272727273,0.7386363636363636,0.011363636363636354,0.7001753360607832,0.6998831092928113,-0.0002922267679719148,0.6965517241379311,0.7016069585729028,0.005055234434971689,0.39395561242766397,0.4034376784884454,0.009482066060781447,0.5806451612903226,0.6071428571428571,0.026497695852534475,0.6206896551724138,0.5862068965517241,-0.034482758620689724,0.6000000000000001,0.5964912280701754,-0.0035087719298246833,29,29,0.0,0.8070175438596491,0.8,-0.007017543859649034,0.7796610169491526,0.8135593220338984,0.03389830508474578,0.7931034482758621,0.8067226890756303,0.013619240799768173,59,59,0.0,46,48,2.0,18,17,-1.0,11,12,1.0,13,11,-2.0,5,0.056818181818181816,2,0.022727272727272728,3,0.03409090909090909,1
P0,P0_derivative_amplitude_deciles,RAW_DECILES,ds006036__EO_or_photomark,AD_FTD_vs_CN,18,CN,AD_FTD,88,5,0.7272727272727273,0.7840909090909091,0.05681818181818177,0.6651081239041496,0.7425482174167154,0.07744009351256576,0.6724565756823822,0.7487603305785124,0.07630375489613028,0.3532668181755432,0.4997704441476265,0.14650362597208333,0.6086956521739131,0.6923076923076923,0.08361204013377921,0.4827586206896552,0.6206896551724138,0.13793103448275862,0.5384615384615384,0.6545454545454545,0.1160839160839161,29,29,0.0,0.7692307692307693,0.8225806451612904,0.053349875930521096,0.847457627118644,0.864406779661017,0.016949152542372947,0.8064516129032259,0.8429752066115702,0.03652359370834435,59,59,0.0,50,51,1.0,14,18,4.0,15,11,-4.0,9,8,-1.0,9,0.10227272727272728,2,0.022727272727272728,7,0.07954545454545454,5
P0,P0_derivative_amplitude_deciles,RAW_DECILES,ds006036__EO_or_photomark,AD_FTD_vs_CN,19,CN,AD_FTD,88,5,0.6704545454545454,0.7159090909090909,0.045454545454545525,0.6402688486265342,0.6654003506721216,0.02513150204558734,0.636208125445474,0.6694214876033058,0.03321336215783177,0.2741241070207599,0.340807314924767,0.06668320790400711,0.5,0.5769230769230769,0.07692307692307687,0.5517241379310345,0.5172413793103449,-0.03448275862068961,0.5245901639344263,0.5454545454545454,0.020864381520119157,29,29,0.0,0.7678571428571429,0.7741935483870968,0.006336405529953848,0.7288135593220338,0.8135593220338984,0.08474576271186451,0.7478260869565218,0.7933884297520662,0.0455623427955445,59,59,0.0,43,48,5.0,16,15,-1.0,13,14,1.0,16,11,-5.0,10,0.11363636363636363,3,0.03409090909090909,7,0.07954545454545454,4
P0,P0_derivative_amplitude_deciles,RAW_DECILES,ds006036__EO_or_photomark,AD_FTD_vs_CN,20,CN,AD_FTD,88,5,0.6818181818181818,0.7613636363636364,0.07954545454545459,0.657510227936879,0.7080654587960258,0.050555230859146816,0.6513865308432372,0.7165209387942937,0.06513440795105652,0.30586194487069773,0.4391970162605261,0.13333507138982836,0.5151515151515151,0.6666666666666666,0.1515151515151515,0.5862068965517241,0.5517241379310345,-0.03448275862068961,0.5483870967741935,0.6037735849056604,0.05538648813146685,29,29,0.0,0.7818181818181819,0.796875,0.015056818181818143,0.7288135593220338,0.864406779661017,0.13559322033898313,0.7543859649122807,0.8292682926829269,0.07488232777064618,59,59,0.0,43,51,8.0,17,16,-1.0,12,13,1.0,16,8,-8.0,13,0.14772727272727273,3,0.03409090909090909,10,0.11363636363636363,7
P0,P0_derivative_amplitude_deciles,RAW_DECILES,ds006036__EO_or_photomark,AD_vs_CN,1,CN,AD,65,5,0.7384615384615385,0.7384615384615385,0.0,0.7136015325670498,0.7303639846743295,0.01676245210727967,0.711111111111111,0.7321212121212122,0.021010101010101145,0.4929769096843163,0.4674937935403238,-0.025483116143992512,0.875,0.7307692307692307,-0.14423076923076927,0.4827586206896552,0.6551724137931034,0.17241379310344823,0.6222222222222222,0.6909090909090909,0.06868686868686869,29,29,0.0,0.6938775510204082,0.7435897435897436,0.049712192569335456,0.9444444444444444,0.8055555555555556,-0.13888888888888884,0.7999999999999999,0.7733333333333334,-0.026666666666666505,36,36,0.0,34,29,-5.0,14,19,5.0,15,10,-5.0,2,7,5.0,12,0.18461538461538463,6,0.09230769230769231,6,0.09230769230769231,0
P0,P0_derivative_amplitude_deciles,RAW_DECILES,ds006036__EO_or_photomark,AD_vs_CN,2,CN,AD,65,5,0.7384615384615385,0.676923076923077,-0.06153846153846154,0.7236590038314177,0.6681034482758621,-0.05555555555555558,0.7257383966244726,0.669090909090909,-0.056647487533563634,0.46991689875133896,0.3411441196105065,-0.12877277914083246,0.7727272727272727,0.6538461538461539,-0.11888111888111885,0.5862068965517241,0.5862068965517241,0.0,0.6666666666666667,0.6181818181818182,-0.048484848484848575,29,29,0.0,0.7209302325581395,0.6923076923076923,-0.028622540250447193,0.8611111111111112,0.75,-0.11111111111111116,0.7848101265822784,0.7199999999999999,-0.06481012658227858,36,36,0.0,31,27,-4.0,17,17,0.0,12,12,0.0,5,9,4.0,12,0.18461538461538463,8,0.12307692307692308,4,0.06153846153846154,-4
P0,P0_derivative_amplitude_deciles,RAW_DECILES,ds006036__EO_or_photomark,AD_vs_CN,3,CN,AD,65,5,0.7076923076923077,0.7076923076923077,0.0,0.6925287356321839,0.6925287356321839,0.0,0.6934723256391164,0.6934723256391164,0.0,0.40451090641978216,0.40451090641978216,0.0,0.7272727272727273,0.7272727272727273,0.0,0.5517241379310345,0.5517241379310345,0.0,0.6274509803921569,0.6274509803921569,0.0,29,29,0.0,0.6976744186046512,0.6976744186046512,0.0,0.8333333333333334,0.8333333333333334,0.0,0.759493670886076,0.759493670886076,0.0,36,36,0.0,30,30,0.0,16,16,0.0,13,13,0.0,6,6,0.0,12,0.18461538461538463,6,0.09230769230769231,6,0.09230769230769231,0
P0,P0_derivative_amplitude_deciles,RAW_DECILES,ds006036__EO_or_photomark,AD_vs_CN,4,CN,AD,65,5,0.7076923076923077,0.7538461538461538,0.0461538461538461,0.6958812260536398,0.7409003831417624,0.04501915708812265,0.6973780936045086,0.7435897435897436,0.04621164998523497,0.4035297045713241,0.500874789030501,0.09734508445917689,0.7083333333333334,0.782608695652174,0.07427536231884058,0.5862068965517241,0.6206896551724138,0.034482758620689724,0.6415094339622641,0.6923076923076923,0.05079825834542817,29,29,0.0,0.7073170731707317,0.7380952380952381,0.030778164924506468,0.8055555555555556,0.8611111111111112,0.05555555555555558,0.7532467532467532,0.7948717948717949,0.04162504162504177,36,36,0.0,29,31,2.0,17,18,1.0,12,11,-1.0,7,5,-2.0,11,0.16923076923076924,4,0.06153846153846154,7,0.1076923076923077,3
P0,P0_derivative_amplitude_deciles,RAW_DECILES,ds006036__EO_or_photomark,AD_vs_CN,5,CN,AD,65,5,0.6461538461538462,0.7076923076923077,0.06153846153846154,0.6336206896551724,0.6958812260536398,0.0622605363984674,0.6336682185738789,0.6973780936045086,0.06370987503062975,0.2752684292797052,0.4035297045713241,0.1282612752916189,0.625,0.7083333333333334,0.08333333333333337,0.5172413793103449,0.5862068965517241,0.06896551724137923,0.5660377358490567,0.6415094339622641,0.07547169811320742,29,29,0.0,0.6585365853658537,0.7073170731707317,0.04878048780487798,0.75,0.8055555555555556,0.05555555555555558,0.7012987012987012,0.7532467532467532,0.051948051948051965,36,36,0.0,27,29,2.0,15,17,2.0,14,12,-2.0,9,7,-2.0,18,0.27692307692307694,7,0.1076923076923077,11,0.16923076923076924,4
P0,P0_derivative_amplitude_deciles,RAW_DECILES,ds006036__EO_or_photomark,AD_vs_CN,6,CN,AD,65,5,0.676923076923077,0.7230769230769231,0.0461538461538461,0.6647509578544062,0.7064176245210728,0.04166666666666663,0.6655231560891939,0.7075,0.04197684391080614,0.33939906692551464,0.4388246703114899,0.09942560338597528,0.6666666666666666,0.7619047619047619,0.09523809523809523,0.5517241379310345,0.5517241379310345,0.0,0.6037735849056604,0.64,0.03622641509433966,29,29,0.0,0.6829268292682927,0.7045454545454546,0.02161862527716185,0.7777777777777778,0.8611111111111112,0.08333333333333337,0.7272727272727273,0.775,0.04772727272727273,36,36,0.0,28,31,3.0,16,16,0.0,13,13,0.0,8,5,-3.0,11,0.16923076923076924,4,0.06153846153846154,7,0.1076923076923077,3
P0,P0_derivative_amplitude_deciles,RAW_DECILES,ds006036__EO_or_photomark,AD_vs_CN,7,CN,AD,65,5,0.6923076923076923,0.6923076923076923,0.0,0.6853448275862069,0.6819923371647509,-0.0033524904214559115,0.6862934362934363,0.6832358674463936,-0.0030575688470426687,0.37392718087900617,0.37190613902597885,-0.0020210418530273166,0.6666666666666666,0.68,0.01333333333333342,0.6206896551724138,0.5862068965517241,-0.034482758620689724,0.6428571428571429,0.6296296296296295,-0.013227513227513366,29,29,0.0,0.7105263157894737,0.7,-0.010526315789473717,0.75,0.7777777777777778,0.02777777777777779,0.7297297297297298,0.7368421052631577,0.007112375533427917,36,36,0.0,27,28,1.0,18,17,-1.0,11,12,1.0,9,8,-1.0,6,0.09230769230769231,3,0.046153846153846156,3,0.046153846153846156,0
P0,P0_derivative_amplitude_deciles,RAW_DECILES,ds006036__EO_or_photomark,AD_vs_CN,8,CN,AD,65,5,0.676923076923077,0.7384615384615385,0.06153846153846154,0.6681034482758621,0.7270114942528736,0.05890804597701149,0.669090909090909,0.7292330311198236,0.06014212202891467,0.3411441196105065,0.46766034221713354,0.12651622260662704,0.6538461538461539,0.75,0.09615384615384615,0.5862068965517241,0.6206896551724138,0.034482758620689724,0.6181818181818182,0.679245283018868,0.06106346483704983,29,29,0.0,0.6923076923076923,0.7317073170731707,0.039399624765478425,0.75,0.8333333333333334,0.08333333333333337,0.7199999999999999,0.7792207792207793,0.059220779220779396,36,36,0.0,27,30,3.0,17,18,1.0,12,11,-1.0,9,6,-3.0,8,0.12307692307692308,2,0.03076923076923077,6,0.09230769230769231,4
P0,P0_derivative_amplitude_deciles,RAW_DECILES,ds006036__EO_or_photomark,AD_vs_CN,9,CN,AD,65,5,0.6923076923076923,0.7230769230769231,0.03076923076923077,0.6886973180076628,0.7131226053639848,0.02442528735632199,0.6886973180076628,0.7149122807017545,0.026214962694091737,0.3773946360153257,0.43552166280673843,0.05812702679141274,0.6551724137931034,0.72,0.06482758620689655,0.6551724137931034,0.6206896551724138,-0.03448275862068961,0.6551724137931034,0.6666666666666666,0.011494252873563204,29,29,0.0,0.7222222222222222,0.725,0.002777777777777768,0.7222222222222222,0.8055555555555556,0.08333333333333337,0.7222222222222222,0.7631578947368423,0.04093567251462005,36,36,0.0,26,29,3.0,19,18,-1.0,10,11,1.0,10,7,-3.0,16,0.24615384615384617,7,0.1076923076923077,9,0.13846153846153847,2
P0,P0_derivative_amplitude_deciles,RAW_DECILES,ds006036__EO_or_photomark,AD_vs_CN,10,CN,AD,65,5,0.6923076923076923,0.7230769230769231,0.03076923076923077,0.6819923371647509,0.7097701149425287,0.02777777777777779,0.6832358674463936,0.7115384615384615,0.028302594092067812,0.37190613902597885,0.43614941867864704,0.06424327965266818,0.68,0.7391304347826086,0.0591304347826086,0.5862068965517241,0.5862068965517241,0.0,0.6296296296296295,0.6538461538461539,0.024216524216524316,29,29,0.0,0.7,0.7142857142857143,0.014285714285714346,0.7777777777777778,0.8333333333333334,0.05555555555555558,0.7368421052631577,0.7692307692307692,0.03238866396761142,36,36,0.0,28,30,2.0,17,17,0.0,12,12,0.0,8,6,-2.0,8,0.12307692307692308,3,0.046153846153846156,5,0.07692307692307693,2
P0,P0_derivative_amplitude_deciles,RAW_DECILES,ds006036__EO_or_photomark,AD_vs_CN,11,CN,AD,65,5,0.7538461538461538,0.7538461538461538,0.0,0.7375478927203065,0.7341954022988506,-0.0033524904214559115,0.74,0.7357723577235772,-0.004227642276422805,0.5050047249988376,0.5119209386454676,0.006916213646629976,0.8095238095238095,0.8421052631578947,0.032581453634085156,0.5862068965517241,0.5517241379310345,-0.03448275862068961,0.68,0.6666666666666666,-0.01333333333333342,29,29,0.0,0.7272727272727273,0.717391304347826,-0.00988142292490124,0.8888888888888888,0.9166666666666666,0.02777777777777779,0.7999999999999999,0.8048780487804877,0.004878048780487809,36,36,0.0,32,33,1.0,17,16,-1.0,12,13,1.0,4,3,-1.0,8,0.12307692307692308,4,0.06153846153846154,4,0.06153846153846154,0
P0,P0_derivative_amplitude_deciles,RAW_DECILES,ds006036__EO_or_photomark,AD_vs_CN,12,CN,AD,65,5,0.676923076923077,0.6923076923076923,0.01538461538461533,0.6681034482758621,0.6752873563218391,0.007183908045977017,0.669090909090909,0.675,0.005909090909091086,0.3411441196105065,0.37264461562414225,0.03150049601363575,0.6538461538461539,0.7142857142857143,0.06043956043956045,0.5862068965517241,0.5172413793103449,-0.06896551724137923,0.6181818181818182,0.6000000000000001,-0.018181818181818077,29,29,0.0,0.6923076923076923,0.6818181818181818,-0.010489510489510523,0.75,0.8333333333333334,0.08333333333333337,0.7199999999999999,0.7499999999999999,0.030000000000000027,36,36,0.0,27,30,3.0,17,15,-2.0,12,14,2.0,9,6,-3.0,9,0.13846153846153847,4,0.06153846153846154,5,0.07692307692307693,1
P0,P0_derivative_amplitude_deciles,RAW_DECILES,ds006036__EO_or_photomark,AD_vs_CN,13,CN,AD,65,5,0.6615384615384615,0.7692307692307693,0.10769230769230775,0.6542145593869731,0.7514367816091954,0.09722222222222221,0.6549227799227799,0.7543461829176115,0.09942340299483154,0.31112287401302324,0.5416114030164013,0.23048852900337807,0.6296296296296297,0.85,0.22037037037037033,0.5862068965517241,0.5862068965517241,0.0,0.6071428571428571,0.6938775510204082,0.08673469387755106,29,29,0.0,0.6842105263157895,0.7333333333333333,0.04912280701754379,0.7222222222222222,0.9166666666666666,0.19444444444444442,0.7027027027027027,0.8148148148148148,0.11211211211211203,36,36,0.0,26,33,7.0,17,17,0.0,12,12,0.0,10,3,-7.0,11,0.16923076923076924,2,0.03076923076923077,9,0.13846153846153847,7
P0,P0_derivative_amplitude_deciles,RAW_DECILES,ds006036__EO_or_photomark,AD_vs_CN,14,CN,AD,65,5,0.6615384615384615,0.7692307692307693,0.10769230769230775,0.6542145593869731,0.7514367816091954,0.09722222222222221,0.6549227799227799,0.7543461829176115,0.09942340299483154,0.31112287401302324,0.5416114030164013,0.23048852900337807,0.6296296296296297,0.85,0.22037037037037033,0.5862068965517241,0.5862068965517241,0.0,0.6071428571428571,0.6938775510204082,0.08673469387755106,29,29,0.0,0.6842105263157895,0.7333333333333333,0.04912280701754379,0.7222222222222222,0.9166666666666666,0.19444444444444442,0.7027027027027027,0.8148148148148148,0.11211211211211203,36,36,0.0,26,33,7.0,17,17,0.0,12,12,0.0,10,3,-7.0,9,0.13846153846153847,1,0.015384615384615385,8,0.12307692307692308,7
P0,P0_derivative_amplitude_deciles,RAW_DECILES,ds006036__EO_or_photomark,AD_vs_CN,15,CN,AD,65,5,0.6923076923076923,0.7230769230769231,0.03076923076923077,0.6886973180076628,0.7030651340996168,0.014367816091954033,0.6886973180076628,0.7027439024390244,0.014046584431361642,0.3773946360153257,0.44387418810977153,0.06647955209444584,0.6551724137931034,0.7894736842105263,0.1343012704174229,0.6551724137931034,0.5172413793103449,-0.13793103448275856,0.6551724137931034,0.625,-0.030172413793103425,29,29,0.0,0.7222222222222222,0.6956521739130435,-0.02657004830917875,0.7222222222222222,0.8888888888888888,0.16666666666666663,0.7222222222222222,0.7804878048780488,0.0582655826558266,36,36,0.0,26,32,6.0,19,15,-4.0,10,14,4.0,10,4,-6.0,14,0.2153846153846154,6,0.09230769230769231,8,0.12307692307692308,2
P0,P0_derivative_amplitude_deciles,RAW_DECILES,ds006036__EO_or_photomark,AD_vs_CN,16,CN,AD,65,5,0.7384615384615385,0.7538461538461538,0.01538461538461533,0.7270114942528736,0.7442528735632183,0.01724137931034475,0.7292330311198236,0.7465886939571149,0.017355662837291286,0.46766034221713354,0.49913718658749795,0.03147684437036441,0.75,0.76,0.010000000000000009,0.6206896551724138,0.6551724137931034,0.03448275862068961,0.679245283018868,0.7037037037037037,0.024458420684835724,29,29,0.0,0.7317073170731707,0.75,0.018292682926829285,0.8333333333333334,0.8333333333333334,0.0,0.7792207792207793,0.7894736842105262,0.010252904989746958,36,36,0.0,30,30,0.0,18,19,1.0,11,10,-1.0,6,6,0.0,11,0.16923076923076924,5,0.07692307692307693,6,0.09230769230769231,1
P0,P0_derivative_amplitude_deciles,RAW_DECILES,ds006036__EO_or_photomark,AD_vs_CN,17,CN,AD,65,5,0.7846153846153846,0.7538461538461538,-0.03076923076923077,0.7653256704980842,0.7409003831417624,-0.024425287356321768,0.7688008130081301,0.7435897435897436,-0.025211069418386467,0.5799676891811637,0.500874789030501,-0.07909290015066273,0.8947368421052632,0.782608695652174,-0.11212814645308922,0.5862068965517241,0.6206896551724138,0.034482758620689724,0.7083333333333333,0.6923076923076923,-0.01602564102564097,29,29,0.0,0.7391304347826086,0.7380952380952381,-0.0010351966873705098,0.9444444444444444,0.8611111111111112,-0.08333333333333326,0.8292682926829269,0.7948717948717949,-0.034396497811131965,36,36,0.0,34,31,-3.0,17,18,1.0,12,11,-1.0,2,5,3.0,6,0.09230769230769231,4,0.06153846153846154,2,0.03076923076923077,-2
P0,P0_derivative_amplitude_deciles,RAW_DECILES,ds006036__EO_or_photomark,AD_vs_CN,18,CN,AD,65,5,0.6923076923076923,0.6923076923076923,0.0,0.6819923371647509,0.678639846743295,-0.0033524904214559115,0.6832358674463936,0.6794871794871795,-0.0037486879592141253,0.37190613902597885,0.371424048326793,-0.00048209069918586644,0.68,0.6956521739130435,0.01565217391304341,0.5862068965517241,0.5517241379310345,-0.03448275862068961,0.6296296296296295,0.6153846153846154,-0.01424501424501412,29,29,0.0,0.7,0.6904761904761905,-0.00952380952380949,0.7777777777777778,0.8055555555555556,0.02777777777777779,0.7368421052631577,0.7435897435897436,0.00674763832658587,36,36,0.0,28,29,1.0,17,16,-1.0,12,13,1.0,8,7,-1.0,16,0.24615384615384617,8,0.12307692307692308,8,0.12307692307692308,0
P0,P0_derivative_amplitude_deciles,RAW_DECILES,ds006036__EO_or_photomark,AD_vs_CN,19,CN,AD,65,5,0.7384615384615385,0.7846153846153846,0.0461538461538461,0.7203065134099617,0.7720306513409961,0.051724137931034475,0.7215923406399596,0.7756410256410257,0.05404868500106608,0.47455475311913253,0.5656001593823551,0.09104540626322255,0.8,0.8260869565217391,0.02608695652173909,0.5517241379310345,0.6551724137931034,0.10344827586206895,0.6530612244897959,0.7307692307692308,0.07770800627943497,29,29,0.0,0.7111111111111111,0.7619047619047619,0.050793650793650724,0.8888888888888888,0.8888888888888888,0.0,0.7901234567901234,0.8205128205128205,0.03038936372269707,36,36,0.0,32,32,0.0,16,19,3.0,13,10,-3.0,4,4,0.0,11,0.16923076923076924,4,0.06153846153846154,7,0.1076923076923077,3
P0,P0_derivative_amplitude_deciles,RAW_DECILES,ds006036__EO_or_photomark,AD_vs_CN,20,CN,AD,65,5,0.7230769230769231,0.7384615384615385,0.015384615384615441,0.7030651340996168,0.7236590038314177,0.020593869731800885,0.7027439024390244,0.7257383966244726,0.02299449418544819,0.44387418810977153,0.46991689875133896,0.026042710641567435,0.7894736842105263,0.7727272727272727,-0.01674641148325362,0.5172413793103449,0.5862068965517241,0.06896551724137923,0.625,0.6666666666666667,0.04166666666666674,29,29,0.0,0.6956521739130435,0.7209302325581395,0.025278058645096024,0.8888888888888888,0.8611111111111112,-0.02777777777777768,0.7804878048780488,0.7848101265822784,0.004322321704229637,36,36,0.0,32,31,-1.0,15,17,2.0,14,12,-2.0,4,5,1.0,9,0.13846153846153847,4,0.06153846153846154,5,0.07692307692307693,1
P0,P0_derivative_amplitude_deciles,RAW_DECILES,ds006036__EO_or_photomark,AD_vs_FTD,1,FTD,AD,59,5,0.6440677966101694,0.4067796610169492,-0.23728813559322026,0.6533816425120773,0.41183574879227053,-0.24154589371980678,0.6403483309143687,0.40404040404040403,-0.23630792687396468,0.299267063286242,-0.17261590762607956,-0.47188297091232156,0.5333333333333333,0.3125,-0.22083333333333333,0.6956521739130435,0.43478260869565216,-0.2608695652173913,0.6037735849056605,0.36363636363636365,-0.24013722126929682,23,23,0.0,0.7586206896551724,0.5185185185185185,-0.24010217113665389,0.6111111111111112,0.3888888888888889,-0.22222222222222227,0.676923076923077,0.4444444444444444,-0.23247863247863254,36,36,0.0,22,14,-8.0,16,10,-6.0,7,13,6.0,14,22,8.0,26,0.4406779661016949,20,0.3389830508474576,6,0.1016949152542373,-14
P0,P0_derivative_amplitude_deciles,RAW_DECILES,ds006036__EO_or_photomark,AD_vs_FTD,2,FTD,AD,59,5,0.559322033898305,0.576271186440678,0.016949152542372947,0.552536231884058,0.5507246376811594,-0.0018115942028985588,0.5488235294117647,0.5509893455098935,0.0021658160981288255,0.10286016413334878,0.1023179700282708,-0.0005421941050779838,0.4444444444444444,0.45454545454545453,0.01010101010101011,0.5217391304347826,0.43478260869565216,-0.08695652173913043,0.48,0.4444444444444445,-0.03555555555555551,23,23,0.0,0.65625,0.6486486486486487,-0.007601351351351315,0.5833333333333334,0.6666666666666666,0.08333333333333326,0.6176470588235293,0.6575342465753425,0.03988718775181321,36,36,0.0,21,24,3.0,12,10,-2.0,11,13,2.0,15,12,-3.0,17,0.288135593220339,8,0.13559322033898305,9,0.15254237288135594,1
P0,P0_derivative_amplitude_deciles,RAW_DECILES,ds006036__EO_or_photomark,AD_vs_FTD,3,FTD,AD,59,5,0.559322033898305,0.4745762711864407,-0.08474576271186435,0.5446859903381642,0.46739130434782605,-0.07729468599033817,0.543452380952381,0.46473514779045955,-0.07871723316192147,0.0882078199150987,-0.06369696339435807,-0.15190478330945678,0.44,0.35714285714285715,-0.08285714285714285,0.4782608695652174,0.43478260869565216,-0.043478260869565244,0.4583333333333333,0.39215686274509803,-0.06617647058823528,23,23,0.0,0.6470588235294118,0.5806451612903226,-0.06641366223908918,0.6111111111111112,0.5,-0.11111111111111116,0.6285714285714287,0.537313432835821,-0.09125799573560767,36,36,0.0,22,18,-4.0,11,10,-1.0,12,13,1.0,14,18,4.0,9,0.15254237288135594,7,0.11864406779661017,2,0.03389830508474576,-5
P0,P0_derivative_amplitude_deciles,RAW_DECILES,ds006036__EO_or_photomark,AD_vs_FTD,4,FTD,AD,59,5,0.6440677966101694,0.559322033898305,-0.0847457627118644,0.6376811594202898,0.5446859903381642,-0.09299516908212557,0.6335403726708075,0.543452380952381,-0.09008799171842652,0.27050545947907634,0.0882078199150987,-0.18229763956397765,0.5384615384615384,0.44,-0.09846153846153843,0.6086956521739131,0.4782608695652174,-0.13043478260869568,0.5714285714285715,0.4583333333333333,-0.11309523809523819,23,23,0.0,0.7272727272727273,0.6470588235294118,-0.0802139037433155,0.6666666666666666,0.6111111111111112,-0.05555555555555547,0.6956521739130435,0.6285714285714287,-0.06708074534161479,36,36,0.0,24,22,-2.0,14,11,-3.0,9,12,3.0,12,14,2.0,17,0.288135593220339,11,0.1864406779661017,6,0.1016949152542373,-5
P0,P0_derivative_amplitude_deciles,RAW_DECILES,ds006036__EO_or_photomark,AD_vs_FTD,5,FTD,AD,59,5,0.4745762711864407,0.4745762711864407,0.0,0.45169082125603865,0.4752415458937198,0.023550724637681153,0.4519029068025172,0.46908563134978226,0.01718272454726505,-0.0959257438448257,-0.04830688816825166,0.04761885567657404,0.3333333333333333,0.36666666666666664,0.033333333333333326,0.34782608695652173,0.4782608695652174,0.13043478260869568,0.3404255319148936,0.41509433962264153,0.07466880770774792,23,23,0.0,0.5714285714285714,0.5862068965517241,0.014778325123152691,0.5555555555555556,0.4722222222222222,-0.08333333333333337,0.5633802816901409,0.523076923076923,-0.04030335861321788,36,36,0.0,20,17,-3.0,8,11,3.0,15,12,-3.0,16,19,3.0,16,0.2711864406779661,8,0.13559322033898305,8,0.13559322033898305,0
P0,P0_derivative_amplitude_deciles,RAW_DECILES,ds006036__EO_or_photomark,AD_vs_FTD,6,FTD,AD,59,5,0.6440677966101694,0.5254237288135594,-0.11864406779661008,0.6376811594202898,0.5090579710144928,-0.128623188405797,0.6335403726708075,0.5083333333333333,-0.12520703933747424,0.27050545947907634,0.01787996349630379,-0.25262549598277256,0.5384615384615384,0.4,-0.1384615384615384,0.6086956521739131,0.43478260869565216,-0.17391304347826092,0.5714285714285715,0.41666666666666663,-0.15476190476190488,23,23,0.0,0.7272727272727273,0.6176470588235294,-0.10962566844919786,0.6666666666666666,0.5833333333333334,-0.08333333333333326,0.6956521739130435,0.6,-0.09565217391304348,36,36,0.0,24,21,-3.0,14,10,-4.0,9,13,4.0,12,15,3.0,19,0.3220338983050847,13,0.22033898305084745,6,0.1016949152542373,-7
P0,P0_derivative_amplitude_deciles,RAW_DECILES,ds006036__EO_or_photomark,AD_vs_FTD,7,FTD,AD,59,5,0.5932203389830508,0.4576271186440678,-0.13559322033898302,0.5881642512077294,0.42995169082125606,-0.15821256038647336,0.5835294117647059,0.42995169082125606,-0.1535777209434498,0.17261590762607956,-0.14009661835748793,-0.31271252598356747,0.48148148148148145,0.30434782608695654,-0.1771336553945249,0.5652173913043478,0.30434782608695654,-0.26086956521739124,0.52,0.30434782608695654,-0.21565217391304348,23,23,0.0,0.6875,0.5555555555555556,-0.13194444444444442,0.6111111111111112,0.5555555555555556,-0.05555555555555558,0.6470588235294118,0.5555555555555556,-0.09150326797385622,36,36,0.0,22,20,-2.0,13,7,-6.0,10,16,6.0,14,16,2.0,18,0.3050847457627119,13,0.22033898305084745,5,0.0847457627118644,-8
P0,P0_derivative_amplitude_deciles,RAW_DECILES,ds006036__EO_or_photomark,AD_vs_FTD,8,FTD,AD,59,5,0.6101694915254238,0.3898305084745763,-0.22033898305084748,0.6020531400966183,0.38224637681159424,-0.21980676328502402,0.5986394557823129,0.38111888111888115,-0.21752057466343178,0.20050623970159606,-0.22975227299534326,-0.4302585126969393,0.5,0.27586206896551724,-0.22413793103448276,0.5652173913043478,0.34782608695652173,-0.21739130434782605,0.5306122448979592,0.3076923076923077,-0.2229199372056515,23,23,0.0,0.696969696969697,0.5,-0.19696969696969702,0.6388888888888888,0.4166666666666667,-0.22222222222222215,0.6666666666666666,0.45454545454545453,-0.2121212121212121,36,36,0.0,23,15,-8.0,13,8,-5.0,10,15,5.0,13,21,8.0,19,0.3220338983050847,16,0.2711864406779661,3,0.05084745762711865,-13
P0,P0_derivative_amplitude_deciles,RAW_DECILES,ds006036__EO_or_photomark,AD_vs_FTD,9,FTD,AD,59,5,0.576271186440678,0.4745762711864407,-0.1016949152542373,0.5821256038647343,0.4595410628019324,-0.12258454106280192,0.5718432510885341,0.4590357882283348,-0.11280746286019927,0.16023748270444452,-0.07949063940832507,-0.2397281221127696,0.4666666666666667,0.34615384615384615,-0.12051282051282053,0.6086956521739131,0.391304347826087,-0.2173913043478261,0.5283018867924527,0.36734693877551017,-0.16095494801694255,23,23,0.0,0.6896551724137931,0.5757575757575758,-0.11389759665621735,0.5555555555555556,0.5277777777777778,-0.02777777777777779,0.6153846153846154,0.5507246376811594,-0.064659977703456,36,36,0.0,20,19,-1.0,14,9,-5.0,9,14,5.0,16,17,1.0,16,0.2711864406779661,11,0.1864406779661017,5,0.0847457627118644,-6
P0,P0_derivative_amplitude_deciles,RAW_DECILES,ds006036__EO_or_photomark,AD_vs_FTD,10,FTD,AD,59,5,0.6949152542372882,0.559322033898305,-0.13559322033898313,0.6950483091787439,0.552536231884058,-0.14251207729468596,0.6876470588235293,0.5488235294117647,-0.13882352941176457,0.38188313810427194,0.10286016413334878,-0.2790229739709231,0.5925925925925926,0.4444444444444444,-0.14814814814814814,0.6956521739130435,0.5217391304347826,-0.17391304347826086,0.6399999999999999,0.48,-0.15999999999999992,23,23,0.0,0.78125,0.65625,-0.125,0.6944444444444444,0.5833333333333334,-0.11111111111111105,0.7352941176470588,0.6176470588235293,-0.11764705882352944,36,36,0.0,25,21,-4.0,16,12,-4.0,7,11,4.0,11,15,4.0,16,0.2711864406779661,12,0.2033898305084746,4,0.06779661016949153,-8
P0,P0_derivative_amplitude_deciles,RAW_DECILES,ds006036__EO_or_photomark,AD_vs_FTD,11,FTD,AD,59,5,0.6610169491525424,0.5084745762711864,-0.15254237288135597,0.6515700483091788,0.49516908212560384,-0.1564009661835749,0.648809523809524,0.4939367051168293,-0.15487281869269465,0.2991913891714834,-0.009491419630844785,-0.3086828088023282,0.56,0.38461538461538464,-0.17538461538461542,0.6086956521739131,0.43478260869565216,-0.17391304347826092,0.5833333333333334,0.40816326530612246,-0.1751700680272109,23,23,0.0,0.7352941176470589,0.6060606060606061,-0.1292335115864528,0.6944444444444444,0.5555555555555556,-0.13888888888888884,0.7142857142857144,0.5797101449275361,-0.13457556935817827,36,36,0.0,25,20,-5.0,14,10,-4.0,9,13,4.0,11,16,5.0,15,0.2542372881355932,12,0.2033898305084746,3,0.05084745762711865,-9
P0,P0_derivative_amplitude_deciles,RAW_DECILES,ds006036__EO_or_photomark,AD_vs_FTD,12,FTD,AD,59,5,0.559322033898305,0.4915254237288136,-0.06779661016949146,0.5603864734299517,0.5048309178743962,-0.05555555555555558,0.553030303030303,0.49020737327188946,-0.06282292975841353,0.11782167845915038,0.009491419630844785,-0.1083302588283056,0.4482758620689655,0.3939393939393939,-0.0543364681295716,0.5652173913043478,0.5652173913043478,0.0,0.4999999999999999,0.4642857142857143,-0.03571428571428559,23,23,0.0,0.6666666666666666,0.6153846153846154,-0.05128205128205121,0.5555555555555556,0.4444444444444444,-0.11111111111111116,0.606060606060606,0.5161290322580646,-0.08993157380254135,36,36,0.0,20,16,-4.0,13,13,0.0,10,10,0.0,16,20,4.0,22,0.3728813559322034,13,0.22033898305084745,9,0.15254237288135594,-4
P0,P0_derivative_amplitude_deciles,RAW_DECILES,ds006036__EO_or_photomark,AD_vs_FTD,13,FTD,AD,59,5,0.6271186440677966,0.3898305084745763,-0.23728813559322032,0.6316425120772947,0.3743961352657005,-0.25724637681159424,0.6217948717948718,0.3752941176470588,-0.24650075414781303,0.25685125904094785,-0.24591855333030513,-0.502769812371253,0.5172413793103449,0.25925925925925924,-0.2579821200510856,0.6521739130434783,0.30434782608695654,-0.34782608695652173,0.576923076923077,0.27999999999999997,-0.296923076923077,23,23,0.0,0.7333333333333333,0.5,-0.23333333333333328,0.6111111111111112,0.4444444444444444,-0.16666666666666674,0.6666666666666666,0.47058823529411764,-0.196078431372549,36,36,0.0,22,16,-6.0,15,7,-8.0,8,16,8.0,14,20,6.0,22,0.3728813559322034,18,0.3050847457627119,4,0.06779661016949153,-14
P0,P0_derivative_amplitude_deciles,RAW_DECILES,ds006036__EO_or_photomark,AD_vs_FTD,14,FTD,AD,59,5,0.6101694915254238,0.5254237288135594,-0.0847457627118644,0.6177536231884058,0.4855072463768116,-0.13224637681159418,0.6060957910014514,0.48245614035087714,-0.12363965065057425,0.22975227299534326,-0.03025445104080258,-0.26000672403614583,0.5,0.3684210526315789,-0.13157894736842107,0.6521739130434783,0.30434782608695654,-0.34782608695652173,0.5660377358490566,0.3333333333333333,-0.23270440251572327,23,23,0.0,0.7241379310344828,0.6,-0.12413793103448278,0.5833333333333334,0.6666666666666666,0.08333333333333326,0.6461538461538462,0.631578947368421,-0.014574898785425172,36,36,0.0,21,24,3.0,15,7,-8.0,8,16,8.0,15,12,-3.0,19,0.3220338983050847,12,0.2033898305084746,7,0.11864406779661017,-5
P0,P0_derivative_amplitude_deciles,RAW_DECILES,ds006036__EO_or_photomark,AD_vs_FTD,15,FTD,AD,59,5,0.6101694915254238,0.4915254237288136,-0.11864406779661019,0.6099033816425121,0.47342995169082125,-0.13647342995169087,0.6028680128767925,0.4732142857142857,-0.12965372716250678,0.21468235810691053,-0.052447892922491114,-0.26713025102940163,0.5,0.36,-0.14,0.6086956521739131,0.391304347826087,-0.2173913043478261,0.5490196078431373,0.37499999999999994,-0.17401960784313736,23,23,0.0,0.7096774193548387,0.5882352941176471,-0.12144212523719167,0.6111111111111112,0.5555555555555556,-0.05555555555555558,0.6567164179104478,0.5714285714285715,-0.08528784648187626,36,36,0.0,22,20,-2.0,14,9,-5.0,9,14,5.0,14,16,2.0,25,0.423728813559322,16,0.2711864406779661,9,0.15254237288135594,-7
P0,P0_derivative_amplitude_deciles,RAW_DECILES,ds006036__EO_or_photomark,AD_vs_FTD,16,FTD,AD,59,5,0.6271186440677966,0.5084745762711864,-0.11864406779661019,0.6159420289855072,0.5030193236714976,-0.11292270531400961,0.6136904761904762,0.4992683640620428,-0.11442211212843345,0.2288635327526885,0.00589786698095908,-0.2229656657717294,0.52,0.39285714285714285,-0.12714285714285717,0.5652173913043478,0.4782608695652174,-0.08695652173913038,0.5416666666666667,0.4313725490196078,-0.11029411764705893,23,23,0.0,0.7058823529411765,0.6129032258064516,-0.09297912713472489,0.6666666666666666,0.5277777777777778,-0.13888888888888884,0.6857142857142857,0.5671641791044777,-0.11855010660980803,36,36,0.0,24,19,-5.0,13,11,-2.0,10,12,2.0,12,17,5.0,21,0.3559322033898305,14,0.23728813559322035,7,0.11864406779661017,-7
P0,P0_derivative_amplitude_deciles,RAW_DECILES,ds006036__EO_or_photomark,AD_vs_FTD,17,FTD,AD,59,5,0.6610169491525424,0.5423728813559322,-0.11864406779661019,0.6515700483091788,0.5464975845410628,-0.10507246376811596,0.648809523809524,0.5375907111756169,-0.1112188126339071,0.2991913891714834,0.0907226924135458,-0.2084686967579376,0.56,0.43333333333333335,-0.1266666666666667,0.6086956521739131,0.5652173913043478,-0.0434782608695653,0.5833333333333334,0.49056603773584906,-0.09276729559748431,23,23,0.0,0.7352941176470589,0.6551724137931034,-0.08012170385395545,0.6944444444444444,0.5277777777777778,-0.16666666666666663,0.7142857142857144,0.5846153846153845,-0.12967032967032988,36,36,0.0,25,19,-6.0,14,13,-1.0,9,10,1.0,11,17,6.0,17,0.288135593220339,12,0.2033898305084746,5,0.0847457627118644,-7
P0,P0_derivative_amplitude_deciles,RAW_DECILES,ds006036__EO_or_photomark,AD_vs_FTD,18,FTD,AD,59,5,0.6101694915254238,0.4915254237288136,-0.11864406779661019,0.6020531400966183,0.47342995169082125,-0.128623188405797,0.5986394557823129,0.4732142857142857,-0.12542517006802723,0.20050623970159606,-0.052447892922491114,-0.25295413262408717,0.5,0.36,-0.14,0.5652173913043478,0.391304347826087,-0.1739130434782608,0.5306122448979592,0.37499999999999994,-0.15561224489795927,23,23,0.0,0.696969696969697,0.5882352941176471,-0.10873440285204994,0.6388888888888888,0.5555555555555556,-0.08333333333333326,0.6666666666666666,0.5714285714285715,-0.09523809523809512,36,36,0.0,23,20,-3.0,13,9,-4.0,10,14,4.0,13,16,3.0,23,0.3898305084745763,15,0.2542372881355932,8,0.13559322033898305,-7
P0,P0_derivative_amplitude_deciles,RAW_DECILES,ds006036__EO_or_photomark,AD_vs_FTD,19,FTD,AD,59,5,0.5932203389830508,0.4915254237288136,-0.10169491525423724,0.5803140096618358,0.47342995169082125,-0.10688405797101452,0.5785714285714285,0.4732142857142857,-0.10535714285714282,0.1585356763338936,-0.052447892922491114,-0.2109835692563847,0.48,0.36,-0.12,0.5217391304347826,0.391304347826087,-0.13043478260869562,0.4999999999999999,0.37499999999999994,-0.12499999999999994,23,23,0.0,0.6764705882352942,0.5882352941176471,-0.08823529411764708,0.6388888888888888,0.5555555555555556,-0.08333333333333326,0.6571428571428571,0.5714285714285715,-0.08571428571428563,36,36,0.0,23,20,-3.0,12,9,-3.0,11,14,3.0,13,16,3.0,18,0.3050847457627119,12,0.2033898305084746,6,0.1016949152542373,-6
P0,P0_derivative_amplitude_deciles,RAW_DECILES,ds006036__EO_or_photomark,AD_vs_FTD,20,FTD,AD,59,5,0.6440677966101694,0.5084745762711864,-0.13559322033898302,0.6455314009661836,0.4873188405797102,-0.15821256038647336,0.6374012291483757,0.4872640095894517,-0.150137219558924,0.28427718848222766,-0.025180507759266745,-0.3094576962414944,0.5357142857142857,0.375,-0.1607142857142857,0.6521739130434783,0.391304347826087,-0.2608695652173913,0.5882352941176471,0.3829787234042554,-0.2052565707133917,23,23,0.0,0.7419354838709677,0.6,-0.14193548387096777,0.6388888888888888,0.5833333333333334,-0.05555555555555547,0.6865671641791045,0.591549295774648,-0.09501786840445647,36,36,0.0,23,21,-2.0,15,9,-6.0,8,14,6.0,13,15,2.0,18,0.3050847457627119,13,0.22033898305084745,5,0.0847457627118644,-8
P0,P0_derivative_amplitude_deciles,RAW_DECILES,ds006036__EO_or_photomark,CN_vs_FTD,1,CN,FTD,52,5,0.6153846153846154,0.8076923076923077,0.1923076923076923,0.6146926536731634,0.7961019490254873,0.18140929535232386,0.6130952380952381,0.8003072196620584,0.18721198156682028,0.22802193534504692,0.6108019406762454,0.3827800053311985,0.6666666666666666,0.7878787878787878,0.12121212121212122,0.6206896551724138,0.896551724137931,0.27586206896551724,0.6428571428571429,0.8387096774193549,0.19585253456221197,29,29,0.0,0.56,0.8421052631578947,0.28210526315789464,0.6086956521739131,0.6956521739130435,0.08695652173913038,0.5833333333333334,0.761904761904762,0.1785714285714286,23,23,0.0,14,16,2.0,18,26,8.0,11,3,-8.0,9,7,-2.0,12,0.23076923076923078,1,0.019230769230769232,11,0.21153846153846154,10
P0,P0_derivative_amplitude_deciles,RAW_DECILES,ds006036__EO_or_photomark,CN_vs_FTD,2,CN,FTD,52,5,0.6923076923076923,0.6923076923076923,0.0,0.6881559220389806,0.6836581709145427,-0.004497751124437843,0.6881559220389806,0.6848484848484848,-0.0033074371904957545,0.37631184407796103,0.3718028146026197,-0.00450902947534132,0.7241379310344828,0.7096774193548387,-0.014460511679644017,0.7241379310344828,0.7586206896551724,0.03448275862068961,0.7241379310344829,0.7333333333333333,0.009195402298850408,29,29,0.0,0.6521739130434783,0.6666666666666666,0.01449275362318836,0.6521739130434783,0.6086956521739131,-0.04347826086956519,0.6521739130434783,0.6363636363636365,-0.015810276679841806,23,23,0.0,15,14,-1.0,21,22,1.0,8,7,-1.0,8,9,1.0,8,0.15384615384615385,4,0.07692307692307693,4,0.07692307692307693,0
P0,P0_derivative_amplitude_deciles,RAW_DECILES,ds006036__EO_or_photomark,CN_vs_FTD,3,CN,FTD,52,5,0.7115384615384616,0.7307692307692307,0.019230769230769162,0.7008995502248876,0.7316341829085458,0.03073463268365817,0.7026305756767061,0.7291666666666667,0.02653609098996068,0.41018699798182695,0.4605148890301928,0.050327891048365825,0.71875,0.7777777777777778,0.05902777777777779,0.7931034482758621,0.7241379310344828,-0.06896551724137934,0.7540983606557378,0.75,-0.004098360655737765,29,29,0.0,0.7,0.68,-0.019999999999999907,0.6086956521739131,0.7391304347826086,0.13043478260869557,0.6511627906976744,0.7083333333333334,0.057170542635659016,23,23,0.0,14,17,3.0,23,21,-2.0,6,8,2.0,9,6,-3.0,11,0.21153846153846154,5,0.09615384615384616,6,0.11538461538461539,1
P0,P0_derivative_amplitude_deciles,RAW_DECILES,ds006036__EO_or_photomark,CN_vs_FTD,4,CN,FTD,52,5,0.6730769230769231,0.7307692307692307,0.0576923076923076,0.6754122938530734,0.7271364317841079,0.051724137931034475,0.6719851576994433,0.7271364317841079,0.05515127408466458,0.34848139169806486,0.4542728635682159,0.10579147187015103,0.7307692307692307,0.7586206896551724,0.02785145888594165,0.6551724137931034,0.7586206896551724,0.10344827586206895,0.6909090909090909,0.7586206896551724,0.06771159874608146,29,29,0.0,0.6153846153846154,0.6956521739130435,0.08026755852842804,0.6956521739130435,0.6956521739130435,0.0,0.6530612244897959,0.6956521739130435,0.04259094942324759,23,23,0.0,16,16,0.0,19,22,3.0,10,7,-3.0,7,7,0.0,15,0.28846153846153844,6,0.11538461538461539,9,0.17307692307692307,3
P0,P0_derivative_amplitude_deciles,RAW_DECILES,ds006036__EO_or_photomark,CN_vs_FTD,5,CN,FTD,52,5,0.7115384615384616,0.7115384615384616,0.0,0.7143928035982009,0.7053973013493253,-0.008995502248875575,0.7105751391465678,0.7062146892655368,-0.004360449881031014,0.4259217009643015,0.4129673131452531,-0.012954387819048396,0.7692307692307693,0.7333333333333333,-0.03589743589743599,0.6896551724137931,0.7586206896551724,0.06896551724137923,0.7272727272727274,0.7457627118644068,0.018489984591679387,29,29,0.0,0.6538461538461539,0.6818181818181818,0.027972027972027913,0.7391304347826086,0.6521739130434783,-0.08695652173913038,0.693877551020408,0.6666666666666666,-0.027210884353741416,23,23,0.0,17,15,-2.0,20,22,2.0,9,7,-2.0,6,8,2.0,10,0.19230769230769232,5,0.09615384615384616,5,0.09615384615384616,0
P0,P0_derivative_amplitude_deciles,RAW_DECILES,ds006036__EO_or_photomark,CN_vs_FTD,6,CN,FTD,52,5,0.7115384615384616,0.7115384615384616,0.0,0.7143928035982009,0.7008995502248876,-0.013493253373313308,0.7105751391465678,0.7026305756767061,-0.00794456346986172,0.4259217009643015,0.41018699798182695,-0.015734702982474535,0.7692307692307693,0.71875,-0.050480769230769273,0.6896551724137931,0.7931034482758621,0.10344827586206895,0.7272727272727274,0.7540983606557378,0.02682563338301036,29,29,0.0,0.6538461538461539,0.7,0.0461538461538461,0.7391304347826086,0.6086956521739131,-0.13043478260869557,0.693877551020408,0.6511627906976744,-0.04271476032273369,23,23,0.0,17,14,-3.0,20,23,3.0,9,6,-3.0,6,9,3.0,10,0.19230769230769232,5,0.09615384615384616,5,0.09615384615384616,0
P0,P0_derivative_amplitude_deciles,RAW_DECILES,ds006036__EO_or_photomark,CN_vs_FTD,7,CN,FTD,52,5,0.6730769230769231,0.6538461538461539,-0.019230769230769273,0.6754122938530734,0.6446776611694153,-0.03073463268365817,0.6719851576994433,0.6454545454545455,-0.026530612244897833,0.34848139169806486,0.2928895641563494,-0.05559182754171543,0.7307692307692307,0.6774193548387096,-0.053349875930521096,0.6551724137931034,0.7241379310344828,0.06896551724137934,0.6909090909090909,0.7,0.009090909090909038,29,29,0.0,0.6153846153846154,0.6190476190476191,0.00366300366300365,0.6956521739130435,0.5652173913043478,-0.13043478260869568,0.6530612244897959,0.5909090909090909,-0.06215213358070493,23,23,0.0,16,13,-3.0,19,21,2.0,10,8,-2.0,7,10,3.0,13,0.25,7,0.1346153846153846,6,0.11538461538461539,-1
P0,P0_derivative_amplitude_deciles,RAW_DECILES,ds006036__EO_or_photomark,CN_vs_FTD,8,CN,FTD,52,5,0.6538461538461539,0.6538461538461539,0.0,0.6491754122938531,0.6401799100449774,-0.008995502248875686,0.6491754122938531,0.6405529953917051,-0.008622416902148045,0.2983508245877061,0.28916446305432375,-0.00918636153338237,0.6896551724137931,0.6666666666666666,-0.02298850574712652,0.6896551724137931,0.7586206896551724,0.06896551724137923,0.6896551724137931,0.7096774193548386,0.020022246941045485,29,29,0.0,0.6086956521739131,0.631578947368421,0.022883295194507935,0.6086956521739131,0.5217391304347826,-0.08695652173913049,0.6086956521739131,0.5714285714285715,-0.037267080745341574,23,23,0.0,14,12,-2.0,20,22,2.0,9,7,-2.0,9,11,2.0,12,0.23076923076923078,6,0.11538461538461539,6,0.11538461538461539,0
P0,P0_derivative_amplitude_deciles,RAW_DECILES,ds006036__EO_or_photomark,CN_vs_FTD,9,CN,FTD,52,5,0.6923076923076923,0.7115384615384616,0.019230769230769273,0.6881559220389806,0.7233883058470765,0.0352323838080959,0.6881559220389806,0.7114317425083241,0.02327582046934351,0.37631184407796103,0.4491396325448373,0.07282778846687626,0.7241379310344828,0.8181818181818182,0.09404388714733547,0.7241379310344828,0.6206896551724138,-0.10344827586206895,0.7241379310344829,0.7058823529411765,-0.018255578093306357,29,29,0.0,0.6521739130434783,0.6333333333333333,-0.018840579710144967,0.6521739130434783,0.8260869565217391,0.17391304347826086,0.6521739130434783,0.7169811320754716,0.06480721903199338,23,23,0.0,15,19,4.0,21,18,-3.0,8,11,3.0,8,4,-4.0,13,0.25,6,0.11538461538461539,7,0.1346153846153846,1
P0,P0_derivative_amplitude_deciles,RAW_DECILES,ds006036__EO_or_photomark,CN_vs_FTD,10,CN,FTD,52,5,0.5769230769230769,0.6538461538461539,0.07692307692307698,0.5757121439280359,0.631184407796102,0.05547226386806603,0.5744047619047619,0.6267942583732057,0.05238949646844382,0.15052428411666496,0.2876263301879047,0.1371020460712397,0.6296296296296297,0.6486486486486487,0.019019019019019034,0.5862068965517241,0.8275862068965517,0.24137931034482762,0.6071428571428571,0.7272727272727273,0.1201298701298702,29,29,0.0,0.52,0.6666666666666666,0.1466666666666666,0.5652173913043478,0.43478260869565216,-0.13043478260869562,0.5416666666666667,0.5263157894736841,-0.01535087719298267,23,23,0.0,13,10,-3.0,17,24,7.0,12,5,-7.0,10,13,3.0,10,0.19230769230769232,3,0.057692307692307696,7,0.1346153846153846,4
P0,P0_derivative_amplitude_deciles,RAW_DECILES,ds006036__EO_or_photomark,CN_vs_FTD,11,CN,FTD,52,5,0.5576923076923077,0.6153846153846154,0.05769230769230771,0.5449775112443778,0.6101949025487257,0.0652173913043479,0.5440335493709493,0.6101949025487257,0.06616135317777638,0.09183290999593141,0.22038980509745126,0.12855689510151985,0.59375,0.6551724137931034,0.061422413793103425,0.6551724137931034,0.6551724137931034,0.0,0.6229508196721311,0.6551724137931034,0.03222159412097236,29,29,0.0,0.5,0.5652173913043478,0.06521739130434778,0.43478260869565216,0.5652173913043478,0.13043478260869562,0.46511627906976744,0.5652173913043478,0.10010111223458035,23,23,0.0,10,13,3.0,19,19,0.0,10,10,0.0,13,10,-3.0,11,0.21153846153846154,4,0.07692307692307693,7,0.1346153846153846,3
P0,P0_derivative_amplitude_deciles,RAW_DECILES,ds006036__EO_or_photomark,CN_vs_FTD,12,CN,FTD,52,5,0.6923076923076923,0.7307692307692307,0.038461538461538436,0.697151424287856,0.7226386806596702,0.02548725637181415,0.6918518518518519,0.7242424242424244,0.032390572390572414,0.39195927448200873,0.45071606504889,0.05875679056688127,0.76,0.7419354838709677,-0.01806451612903226,0.6551724137931034,0.7931034482758621,0.13793103448275867,0.7037037037037037,0.7666666666666667,0.062962962962963,29,29,0.0,0.6296296296296297,0.7142857142857143,0.08465608465608465,0.7391304347826086,0.6521739130434783,-0.08695652173913038,0.68,0.6818181818181819,0.0018181818181818299,23,23,0.0,17,15,-2.0,19,23,4.0,10,6,-4.0,6,8,2.0,10,0.19230769230769232,4,0.07692307692307693,6,0.11538461538461539,2
P0,P0_derivative_amplitude_deciles,RAW_DECILES,ds006036__EO_or_photomark,CN_vs_FTD,13,CN,FTD,52,5,0.5961538461538461,0.5961538461538461,0.0,0.6019490254872564,0.5929535232383808,-0.008995502248875575,0.5960044395116537,0.5923852183650616,-0.0036192211465920776,0.20313808541197256,0.18521413669915146,-0.017923948712821103,0.6666666666666666,0.6428571428571429,-0.023809523809523725,0.5517241379310345,0.6206896551724138,0.06896551724137934,0.6037735849056604,0.6315789473684211,0.027805362462760774,29,29,0.0,0.5357142857142857,0.5416666666666666,0.005952380952380931,0.6521739130434783,0.5652173913043478,-0.08695652173913049,0.5882352941176471,0.5531914893617021,-0.03504380475594493,23,23,0.0,15,13,-2.0,16,18,2.0,13,11,-2.0,8,10,2.0,12,0.23076923076923078,6,0.11538461538461539,6,0.11538461538461539,0
P0,P0_derivative_amplitude_deciles,RAW_DECILES,ds006036__EO_or_photomark,CN_vs_FTD,14,CN,FTD,52,5,0.6346153846153846,0.6538461538461539,0.019230769230769273,0.6409295352323838,0.6536731634182908,0.012743628185907019,0.6344802071772104,0.6517857142857144,0.01730550710850398,0.2808085298341974,0.30551958657342887,0.024711056739231463,0.7083333333333334,0.7037037037037037,-0.00462962962962965,0.5862068965517241,0.6551724137931034,0.06896551724137934,0.6415094339622641,0.6785714285714286,0.037061994609164484,29,29,0.0,0.5714285714285714,0.6,0.02857142857142858,0.6956521739130435,0.6521739130434783,-0.04347826086956519,0.6274509803921569,0.6250000000000001,-0.002450980392156743,23,23,0.0,16,15,-1.0,17,19,2.0,12,10,-2.0,7,8,1.0,7,0.1346153846153846,3,0.057692307692307696,4,0.07692307692307693,1
P0,P0_derivative_amplitude_deciles,RAW_DECILES,ds006036__EO_or_photomark,CN_vs_FTD,15,CN,FTD,52,5,0.6923076923076923,0.6538461538461539,-0.038461538461538436,0.6791604197901049,0.6491754122938531,-0.02998500749625177,0.6804915514592934,0.6491754122938531,-0.03131613916544029,0.36957383245980413,0.2983508245877061,-0.07122300787209801,0.696969696969697,0.6896551724137931,-0.007314524555903867,0.7931034482758621,0.6896551724137931,-0.10344827586206895,0.7419354838709677,0.6896551724137931,-0.0522803114571746,29,29,0.0,0.6842105263157895,0.6086956521739131,-0.07551487414187641,0.5652173913043478,0.6086956521739131,0.0434782608695653,0.6190476190476191,0.6086956521739131,-0.010351966873705987,23,23,0.0,13,14,1.0,23,20,-3.0,6,9,3.0,10,9,-1.0,12,0.23076923076923078,7,0.1346153846153846,5,0.09615384615384616,-2
P0,P0_derivative_amplitude_deciles,RAW_DECILES,ds006036__EO_or_photomark,CN_vs_FTD,16,CN,FTD,52,5,0.6923076923076923,0.6153846153846154,-0.07692307692307687,0.6836581709145427,0.6011994002998501,-0.08245877061469264,0.6848484848484848,0.6006144393241168,-0.08423404552436797,0.3718028146026197,0.20875509364884334,-0.16304772095377637,0.7096774193548387,0.6363636363636364,-0.07331378299120239,0.7586206896551724,0.7241379310344828,-0.03448275862068961,0.7333333333333333,0.6774193548387097,-0.05591397849462354,29,29,0.0,0.6666666666666666,0.5789473684210527,-0.08771929824561397,0.6086956521739131,0.4782608695652174,-0.13043478260869568,0.6363636363636365,0.5238095238095238,-0.11255411255411263,23,23,0.0,14,11,-3.0,22,21,-1.0,7,8,1.0,9,12,3.0,12,0.23076923076923078,8,0.15384615384615385,4,0.07692307692307693,-4
P0,P0_derivative_amplitude_deciles,RAW_DECILES,ds006036__EO_or_photomark,CN_vs_FTD,17,CN,FTD,52,5,0.6346153846153846,0.6923076923076923,0.05769230769230771,0.6229385307346327,0.6836581709145427,0.06071964017991005,0.6233320625238277,0.6848484848484848,0.06151642232465715,0.2510099539888792,0.3718028146026197,0.1207928606137405,0.65625,0.7096774193548387,0.053427419354838745,0.7241379310344828,0.7586206896551724,0.03448275862068961,0.6885245901639345,0.7333333333333333,0.04480874316939876,29,29,0.0,0.6,0.6666666666666666,0.06666666666666665,0.5217391304347826,0.6086956521739131,0.08695652173913049,0.5581395348837209,0.6363636363636365,0.07822410147991554,23,23,0.0,12,14,2.0,21,22,1.0,8,7,-1.0,11,9,-2.0,11,0.21153846153846154,4,0.07692307692307693,7,0.1346153846153846,3
P0,P0_derivative_amplitude_deciles,RAW_DECILES,ds006036__EO_or_photomark,CN_vs_FTD,18,CN,FTD,52,5,0.7115384615384616,0.7115384615384616,0.0,0.7053973013493253,0.7008995502248876,-0.004497751124437732,0.7062146892655368,0.7026305756767061,-0.0035841135888307063,0.4129673131452531,0.41018699798182695,-0.002780315163426139,0.7333333333333333,0.71875,-0.014583333333333282,0.7586206896551724,0.7931034482758621,0.034482758620689724,0.7457627118644068,0.7540983606557378,0.008335648791330974,29,29,0.0,0.6818181818181818,0.7,0.018181818181818188,0.6521739130434783,0.6086956521739131,-0.04347826086956519,0.6666666666666666,0.6511627906976744,-0.015503875968992276,23,23,0.0,15,14,-1.0,22,23,1.0,7,6,-1.0,8,9,1.0,8,0.15384615384615385,4,0.07692307692307693,4,0.07692307692307693,0
P0,P0_derivative_amplitude_deciles,RAW_DECILES,ds006036__EO_or_photomark,CN_vs_FTD,19,CN,FTD,52,5,0.6923076923076923,0.7692307692307693,0.07692307692307698,0.6836581709145427,0.7481259370314842,0.0644677661169415,0.6848484848484848,0.7511961722488039,0.06634768740031904,0.3718028146026197,0.5440246588125511,0.17222184420993142,0.7096774193548387,0.7297297297297297,0.02005231037489097,0.7586206896551724,0.9310344827586207,0.1724137931034483,0.7333333333333333,0.8181818181818181,0.08484848484848484,29,29,0.0,0.6666666666666666,0.8666666666666667,0.20000000000000007,0.6086956521739131,0.5652173913043478,-0.0434782608695653,0.6363636363636365,0.6842105263157895,0.04784688995215303,23,23,0.0,14,13,-1.0,22,27,5.0,7,2,-5.0,9,10,1.0,12,0.23076923076923078,4,0.07692307692307693,8,0.15384615384615385,4
P0,P0_derivative_amplitude_deciles,RAW_DECILES,ds006036__EO_or_photomark,CN_vs_FTD,20,CN,FTD,52,5,0.6730769230769231,0.6730769230769231,0.0,0.6709145427286357,0.6754122938530734,0.004497751124437732,0.6700261291526689,0.6719851576994433,0.001959028546774433,0.34055502554360106,0.34848139169806486,0.007926366154463793,0.7142857142857143,0.7307692307692307,0.016483516483516425,0.6896551724137931,0.6551724137931034,-0.034482758620689724,0.7017543859649122,0.6909090909090909,-0.010845295055821325,29,29,0.0,0.625,0.6153846153846154,-0.009615384615384581,0.6521739130434783,0.6956521739130435,0.04347826086956519,0.6382978723404256,0.6530612244897959,0.014763352149370301,23,23,0.0,15,16,1.0,20,19,-1.0,9,10,1.0,8,7,-1.0,14,0.2692307692307692,7,0.1346153846153846,7,0.1346153846153846,0
P0,P0_derivative_amplitude_deciles,REGION_AGGREGATES_ALL,ds004504__EC,AD_FTD_vs_CN,1,CN,AD_FTD,88,5,0.7727272727272727,0.6136363636363636,-0.15909090909090906,0.7253068381063705,0.6241963763880771,-0.10111046171829341,0.7328476017000607,0.6004273504273503,-0.1324202512727104,0.469665970028902,0.23357343121034205,-0.23609253881855993,0.68,0.4418604651162791,-0.23813953488372097,0.5862068965517241,0.6551724137931034,0.06896551724137934,0.6296296296296295,0.5277777777777777,-0.10185185185185186,29,29,0.0,0.8095238095238095,0.7777777777777778,-0.031746031746031744,0.864406779661017,0.5932203389830508,-0.27118644067796616,0.8360655737704918,0.673076923076923,-0.16298865069356883,59,59,0.0,51,35,-16.0,17,19,2.0,12,10,-2.0,8,24,16.0,18,0.20454545454545456,16,0.18181818181818182,2,0.022727272727272728,-14
P0,P0_derivative_amplitude_deciles,REGION_AGGREGATES_ALL,ds004504__EC,AD_FTD_vs_CN,2,CN,AD_FTD,88,5,0.7954545454545454,0.6590909090909091,-0.13636363636363635,0.7597895967270603,0.6756282875511397,-0.08416130917592057,0.7642857142857142,0.6474358974358975,-0.11684981684981677,0.5295780262070509,0.3303003109586249,-0.19927771524842597,0.7037037037037037,0.4883720930232558,-0.21533161068044793,0.6551724137931034,0.7241379310344828,0.06896551724137934,0.6785714285714286,0.5833333333333334,-0.09523809523809523,29,29,0.0,0.8360655737704918,0.8222222222222222,-0.013843351548269656,0.864406779661017,0.6271186440677966,-0.23728813559322037,0.85,0.7115384615384616,-0.1384615384615384,59,59,0.0,51,37,-14.0,19,21,2.0,10,8,-2.0,8,22,14.0,16,0.18181818181818182,14,0.1590909090909091,2,0.022727272727272728,-12
P0,P0_derivative_amplitude_deciles,REGION_AGGREGATES_ALL,ds004504__EC,AD_FTD_vs_CN,3,CN,AD_FTD,88,5,0.7727272727272727,0.7613636363636364,-0.011363636363636354,0.7428404441846873,0.7518994739918177,0.009059029807130359,0.7428404441846873,0.7404129793510326,-0.0024274648336547466,0.4856808883693746,0.48634664312372905,0.0006657547543544307,0.6551724137931034,0.6176470588235294,-0.03752535496957399,0.6551724137931034,0.7241379310344828,0.06896551724137934,0.6551724137931034,0.6666666666666667,0.011494252873563315,29,29,0.0,0.8305084745762712,0.8518518518518519,0.021343377275580666,0.8305084745762712,0.7796610169491526,-0.05084745762711862,0.8305084745762712,0.8141592920353983,-0.01634918254087292,59,59,0.0,49,46,-3.0,19,21,2.0,10,8,-2.0,10,13,3.0,11,0.125,6,0.06818181818181818,5,0.056818181818181816,-1
P0,P0_derivative_amplitude_deciles,REGION_AGGREGATES_ALL,ds004504__EC,AD_FTD_vs_CN,4,CN,AD_FTD,88,5,0.7954545454545454,0.75,-0.045454545454545414,0.7597895967270603,0.7346580946814729,-0.02513150204558734,0.7642857142857142,0.726089417091115,-0.03819629719459927,0.5295780262070509,0.4556718770522639,-0.07390614915478694,0.7037037037037037,0.6060606060606061,-0.09764309764309764,0.6551724137931034,0.6896551724137931,0.034482758620689724,0.6785714285714286,0.6451612903225807,-0.033410138248847865,29,29,0.0,0.8360655737704918,0.8363636363636363,0.0002980625931444658,0.864406779661017,0.7796610169491526,-0.0847457627118644,0.85,0.8070175438596492,-0.04298245614035079,59,59,0.0,51,46,-5.0,19,20,1.0,10,9,-1.0,8,13,5.0,8,0.09090909090909091,6,0.06818181818181818,2,0.022727272727272728,-4
P0,P0_derivative_amplitude_deciles,REGION_AGGREGATES_ALL,ds004504__EC,AD_FTD_vs_CN,5,CN,AD_FTD,88,5,0.75,0.7159090909090909,-0.03409090909090906,0.7083576855639977,0.7092343658679134,0.0008766803039157445,0.7119047619047618,0.6950796950796951,-0.01682506682506668,0.4247346824360262,0.400069179329509,-0.024665503106517217,0.6296296296296297,0.5555555555555556,-0.07407407407407407,0.5862068965517241,0.6896551724137931,0.10344827586206906,0.6071428571428571,0.6153846153846154,0.008241758241758323,29,29,0.0,0.8032786885245902,0.8269230769230769,0.023644388398486704,0.8305084745762712,0.7288135593220338,-0.10169491525423735,0.8166666666666667,0.7747747747747747,-0.04189189189189191,59,59,0.0,49,43,-6.0,17,20,3.0,12,9,-3.0,10,16,6.0,13,0.14772727272727273,8,0.09090909090909091,5,0.056818181818181816,-3
P0,P0_derivative_amplitude_deciles,REGION_AGGREGATES_ALL,ds004504__EC,AD_FTD_vs_CN,6,CN,AD_FTD,88,5,0.8181818181818182,0.7613636363636364,-0.05681818181818188,0.7942723553477499,0.7694330800701344,-0.024839275277615425,0.79427235534775,0.7469533068601945,-0.047319048487555526,0.5885447106954997,0.5113627817433313,-0.07718192895216847,0.7241379310344828,0.6052631578947368,-0.11887477313974593,0.7241379310344828,0.7931034482758621,0.06896551724137934,0.7241379310344829,0.6865671641791046,-0.0375707668553783,29,29,0.0,0.864406779661017,0.88,0.015593220338983027,0.864406779661017,0.7457627118644068,-0.11864406779661019,0.864406779661017,0.8073394495412843,-0.05706733011973264,59,59,0.0,51,44,-7.0,21,23,2.0,8,6,-2.0,8,15,7.0,9,0.10227272727272728,7,0.07954545454545454,2,0.022727272727272728,-5
P0,P0_derivative_amplitude_deciles,REGION_AGGREGATES_ALL,ds004504__EC,AD_FTD_vs_CN,7,CN,AD_FTD,88,5,0.7727272727272727,0.6590909090909091,-0.11363636363636365,0.7340736411455289,0.6931618936294565,-0.040911747516072405,0.7380952380952381,0.6526315789473683,-0.0854636591478698,0.4771563543215385,0.3640286770655196,-0.11312767725601891,0.6666666666666666,0.48936170212765956,-0.17730496453900707,0.6206896551724138,0.7931034482758621,0.1724137931034483,0.6428571428571429,0.6052631578947368,-0.03759398496240607,29,29,0.0,0.819672131147541,0.8536585365853658,0.03398640543782483,0.847457627118644,0.5932203389830508,-0.2542372881355932,0.8333333333333333,0.6999999999999998,-0.13333333333333341,59,59,0.0,50,35,-15.0,18,23,5.0,11,6,-5.0,9,24,15.0,20,0.22727272727272727,15,0.17045454545454544,5,0.056818181818181816,-10
P0,P0_derivative_amplitude_deciles,REGION_AGGREGATES_ALL,ds004504__EC,AD_FTD_vs_CN,8,CN,AD_FTD,88,5,0.7159090909090909,0.6818181818181818,-0.03409090909090917,0.7004675628287551,0.6838106370543542,-0.01665692577440092,0.6909678325607529,0.6644880174291938,-0.02647981513155906,0.3870461684256127,0.3478526347116904,-0.03919353371392226,0.5588235294117647,0.5128205128205128,-0.046003016591251944,0.6551724137931034,0.6896551724137931,0.034482758620689724,0.6031746031746031,0.5882352941176471,-0.014939309056956063,29,29,0.0,0.8148148148148148,0.8163265306122449,0.0015117157974301465,0.7457627118644068,0.6779661016949152,-0.06779661016949157,0.7787610619469028,0.7407407407407407,-0.038020321206162055,59,59,0.0,44,40,-4.0,19,20,1.0,10,9,-1.0,15,19,4.0,11,0.125,7,0.07954545454545454,4,0.045454545454545456,-3
P0,P0_derivative_amplitude_deciles,REGION_AGGREGATES_ALL,ds004504__EC,AD_FTD_vs_CN,9,CN,AD_FTD,88,5,0.7727272727272727,0.7613636363636364,-0.011363636363636354,0.7428404441846873,0.7694330800701344,0.026592635885447136,0.7428404441846873,0.7469533068601945,0.004112862675507145,0.4856808883693746,0.5113627817433313,0.025681893373956655,0.6551724137931034,0.6052631578947368,-0.04990925589836659,0.6551724137931034,0.7931034482758621,0.13793103448275867,0.6551724137931034,0.6865671641791046,0.03139475038600115,29,29,0.0,0.8305084745762712,0.88,0.04949152542372881,0.8305084745762712,0.7457627118644068,-0.0847457627118644,0.8305084745762712,0.8073394495412843,-0.023169025034986857,59,59,0.0,49,44,-5.0,19,23,4.0,10,6,-4.0,10,15,5.0,15,0.17045454545454544,8,0.09090909090909091,7,0.07954545454545454,-1
P0,P0_derivative_amplitude_deciles,REGION_AGGREGATES_ALL,ds004504__EC,AD_FTD_vs_CN,10,CN,AD_FTD,88,5,0.7272727272727273,0.7159090909090909,-0.011363636363636354,0.7089421390999415,0.7180011689070719,0.009059029807130359,0.701188455008489,0.6987539367383268,-0.002434518270162278,0.40573523299174186,0.4137490620179231,0.008013829026181252,0.5757575757575758,0.5526315789473685,-0.023125996810207328,0.6551724137931034,0.7241379310344828,0.06896551724137934,0.6129032258064515,0.6268656716417911,0.013962445835339565,29,29,0.0,0.8181818181818182,0.84,0.021818181818181737,0.7627118644067796,0.711864406779661,-0.05084745762711862,0.7894736842105264,0.7706422018348624,-0.01883148237566401,59,59,0.0,45,42,-3.0,19,21,2.0,10,8,-2.0,14,17,3.0,11,0.125,6,0.06818181818181818,5,0.056818181818181816,-1
P0,P0_derivative_amplitude_deciles,REGION_AGGREGATES_ALL,ds004504__EC,AD_FTD_vs_CN,11,CN,AD_FTD,88,5,0.7954545454545454,0.6136363636363636,-0.18181818181818177,0.7860900058445354,0.6504967855055523,-0.13559322033898302,0.7758913412563667,0.6085818942961799,-0.1673094469601868,0.5555451651733081,0.2848078010755494,-0.27073736409775867,0.6666666666666666,0.4489795918367347,-0.21768707482993194,0.7586206896551724,0.7586206896551724,0.0,0.7096774193548386,0.564102564102564,-0.14557485525227465,29,29,0.0,0.8727272727272727,0.8205128205128205,-0.0522144522144522,0.8135593220338984,0.5423728813559322,-0.27118644067796616,0.8421052631578948,0.6530612244897959,-0.18904403866809893,59,59,0.0,48,32,-16.0,22,22,0.0,7,7,0.0,11,27,16.0,26,0.29545454545454547,21,0.23863636363636365,5,0.056818181818181816,-16
P0,P0_derivative_amplitude_deciles,REGION_AGGREGATES_ALL,ds004504__EC,AD_FTD_vs_CN,12,CN,AD_FTD,88,5,0.7613636363636364,0.7045454545454546,-0.05681818181818177,0.7255990648743424,0.700759789596727,-0.024839275277615425,0.7275541795665634,0.6848484848484848,-0.04270569471807861,0.455341941217953,0.3823365193734225,-0.07300542184453052,0.6428571428571429,0.5405405405405406,-0.10231660231660233,0.6206896551724138,0.6896551724137931,0.06896551724137934,0.6315789473684211,0.6060606060606061,-0.02551834130781505,29,29,0.0,0.8166666666666667,0.8235294117647058,0.006862745098039191,0.8305084745762712,0.711864406779661,-0.11864406779661019,0.8235294117647058,0.7636363636363636,-0.059893048128342286,59,59,0.0,49,42,-7.0,18,20,2.0,11,9,-2.0,10,17,7.0,9,0.10227272727272728,7,0.07954545454545454,2,0.022727272727272728,-5
P0,P0_derivative_amplitude_deciles,REGION_AGGREGATES_ALL,ds004504__EC,AD_FTD_vs_CN,13,CN,AD_FTD,88,5,0.7613636363636364,0.75,-0.011363636363636354,0.7255990648743424,0.7346580946814729,0.00905902980713047,0.7275541795665634,0.726089417091115,-0.0014647624754484667,0.455341941217953,0.4556718770522639,0.00032993583431090157,0.6428571428571429,0.6060606060606061,-0.03679653679653683,0.6206896551724138,0.6896551724137931,0.06896551724137934,0.6315789473684211,0.6451612903225807,0.01358234295415961,29,29,0.0,0.8166666666666667,0.8363636363636363,0.019696969696969657,0.8305084745762712,0.7796610169491526,-0.05084745762711862,0.8235294117647058,0.8070175438596492,-0.016511867905056654,59,59,0.0,49,46,-3.0,18,20,2.0,11,9,-2.0,10,13,3.0,7,0.07954545454545454,4,0.045454545454545456,3,0.03409090909090909,-1
P0,P0_derivative_amplitude_deciles,REGION_AGGREGATES_ALL,ds004504__EC,AD_FTD_vs_CN,14,CN,AD_FTD,88,5,0.7272727272727273,0.6590909090909091,-0.06818181818181823,0.7089421390999415,0.6756282875511397,-0.03331385154880184,0.701188455008489,0.6474358974358975,-0.053752557572591564,0.40573523299174186,0.3303003109586249,-0.07543492203311697,0.5757575757575758,0.4883720930232558,-0.08738548273432001,0.6551724137931034,0.7241379310344828,0.06896551724137934,0.6129032258064515,0.5833333333333334,-0.029569892473118142,29,29,0.0,0.8181818181818182,0.8222222222222222,0.004040404040403955,0.7627118644067796,0.6271186440677966,-0.13559322033898302,0.7894736842105264,0.7115384615384616,-0.07793522267206487,59,59,0.0,45,37,-8.0,19,21,2.0,10,8,-2.0,14,22,8.0,16,0.18181818181818182,11,0.125,5,0.056818181818181816,-6
P0,P0_derivative_amplitude_deciles,REGION_AGGREGATES_ALL,ds004504__EC,AD_FTD_vs_CN,15,CN,AD_FTD,88,5,0.7045454545454546,0.6704545454545454,-0.03409090909090917,0.6919929865575687,0.6665692577440093,-0.025423728813559365,0.6808035714285714,0.6505545666164589,-0.030249004812112457,0.36878088976501133,0.316135342292515,-0.052645547472496335,0.5428571428571428,0.5,-0.042857142857142816,0.6551724137931034,0.6551724137931034,0.0,0.5937499999999999,0.5671641791044776,-0.026585820895522305,29,29,0.0,0.8113207547169812,0.8,-0.01132075471698113,0.7288135593220338,0.6779661016949152,-0.05084745762711862,0.7678571428571428,0.7339449541284404,-0.033912188728702386,59,59,0.0,43,40,-3.0,19,19,0.0,10,10,0.0,16,19,3.0,17,0.19318181818181818,10,0.11363636363636363,7,0.07954545454545454,-3
P0,P0_derivative_amplitude_deciles,REGION_AGGREGATES_ALL,ds004504__EC,AD_FTD_vs_CN,16,CN,AD_FTD,88,5,0.7840909090909091,0.75,-0.03409090909090906,0.7513150204558737,0.7258912916423144,-0.025423728813559365,0.7535014005602241,0.7218390804597701,-0.031662320100454,0.5072462039474607,0.4445659684767653,-0.06268023547069534,0.6785714285714286,0.6129032258064516,-0.06566820276497698,0.6551724137931034,0.6551724137931034,0.0,0.6666666666666666,0.6333333333333333,-0.033333333333333326,29,29,0.0,0.8333333333333334,0.8245614035087719,-0.00877192982456143,0.847457627118644,0.7966101694915254,-0.05084745762711862,0.8403361344537815,0.8103448275862069,-0.029991306867574674,59,59,0.0,50,47,-3.0,19,19,0.0,10,10,0.0,9,12,3.0,9,0.10227272727272728,6,0.06818181818181818,3,0.03409090909090909,-3
P0,P0_derivative_amplitude_deciles,REGION_AGGREGATES_ALL,ds004504__EC,AD_FTD_vs_CN,17,CN,AD_FTD,88,5,0.7727272727272727,0.75,-0.022727272727272707,0.7165400350672122,0.7434248977206313,0.02688486265341905,0.7270471464019851,0.7299107142857142,0.002863567883729101,0.4633109951647389,0.4675715086366125,0.004260513471873617,0.6956521739130435,0.6,-0.09565217391304348,0.5517241379310345,0.7241379310344828,0.1724137931034483,0.6153846153846154,0.65625,0.04086538461538458,29,29,0.0,0.8,0.8490566037735849,0.049056603773584895,0.8813559322033898,0.7627118644067796,-0.11864406779661019,0.8387096774193548,0.8035714285714285,-0.03513824884792627,59,59,0.0,52,45,-7.0,16,21,5.0,13,8,-5.0,7,14,7.0,18,0.20454545454545456,10,0.11363636363636363,8,0.09090909090909091,-2
P0,P0_derivative_amplitude_deciles,REGION_AGGREGATES_ALL,ds004504__EC,AD_FTD_vs_CN,18,CN,AD_FTD,88,5,0.8181818181818182,0.6931818181818182,-0.125,0.7767387492694331,0.6835184102863823,-0.09322033898305082,0.7862780813600486,0.6706860706860707,-0.11559201067397795,0.5768789541081325,0.35089866566889893,-0.22598028843923357,0.76,0.5277777777777778,-0.23222222222222222,0.6551724137931034,0.6551724137931034,0.0,0.7037037037037037,0.5846153846153845,-0.11908831908831918,29,29,0.0,0.8412698412698413,0.8076923076923077,-0.03357753357753357,0.8983050847457628,0.711864406779661,-0.18644067796610175,0.8688524590163935,0.7567567567567568,-0.11209570225963672,59,59,0.0,53,42,-11.0,19,19,0.0,10,10,0.0,6,17,11.0,13,0.14772727272727273,12,0.13636363636363635,1,0.011363636363636364,-11
P0,P0_derivative_amplitude_deciles,REGION_AGGREGATES_ALL,ds004504__EC,AD_FTD_vs_CN,19,CN,AD_FTD,88,5,0.7840909090909091,0.6704545454545454,-0.11363636363636365,0.7600818234950322,0.6490356516656925,-0.11104617182933962,0.7577864696508765,0.6415226857704734,-0.11626378388040304,0.5158107365974179,0.2877456937274963,-0.22806504286992163,0.6666666666666666,0.5,-0.16666666666666663,0.6896551724137931,0.5862068965517241,-0.10344827586206906,0.6779661016949153,0.5396825396825397,-0.13828356201237568,29,29,0.0,0.8448275862068966,0.7777777777777778,-0.06704980842911878,0.8305084745762712,0.711864406779661,-0.11864406779661019,0.8376068376068375,0.7433628318584071,-0.09424400574843039,59,59,0.0,49,42,-7.0,20,17,-3.0,9,12,3.0,10,17,7.0,12,0.13636363636363635,11,0.125,1,0.011363636363636364,-10
P0,P0_derivative_amplitude_deciles,REGION_AGGREGATES_ALL,ds004504__EC,AD_FTD_vs_CN,20,CN,AD_FTD,88,5,0.7840909090909091,0.7272727272727273,-0.05681818181818177,0.7600818234950322,0.7352425482174167,-0.024839275277615425,0.7577864696508765,0.7124183006535947,-0.0453681689972818,0.5158107365974179,0.4451850094481889,-0.07062572714922905,0.6666666666666666,0.5641025641025641,-0.10256410256410253,0.6896551724137931,0.7586206896551724,0.06896551724137923,0.6779661016949153,0.6470588235294118,-0.030907278165503538,29,29,0.0,0.8448275862068966,0.8571428571428571,0.01231527093596052,0.8305084745762712,0.711864406779661,-0.11864406779661019,0.8376068376068375,0.7777777777777777,-0.05982905982905984,59,59,0.0,49,42,-7.0,20,22,2.0,9,7,-2.0,10,17,7.0,15,0.17045454545454544,10,0.11363636363636363,5,0.056818181818181816,-5
P0,P0_derivative_amplitude_deciles,REGION_AGGREGATES_ALL,ds004504__EC,AD_vs_CN,1,CN,AD,65,5,0.7692307692307693,0.676923076923077,-0.09230769230769231,0.7648467432950192,0.6815134099616857,-0.08333333333333348,0.7656813266041818,0.6766169154228856,-0.08906441118129615,0.5317347021942951,0.3613005770467898,-0.17043412514750528,0.75,0.6176470588235294,-0.13235294117647056,0.7241379310344828,0.7241379310344828,0.0,0.736842105263158,0.6666666666666667,-0.07017543859649122,29,29,0.0,0.7837837837837838,0.7419354838709677,-0.04184829991281602,0.8055555555555556,0.6388888888888888,-0.16666666666666674,0.7945205479452055,0.6865671641791045,-0.10795338376610109,36,36,0.0,29,23,-6.0,21,21,0.0,8,8,0.0,7,13,6.0,8,0.12307692307692308,7,0.1076923076923077,1,0.015384615384615385,-6
P0,P0_derivative_amplitude_deciles,REGION_AGGREGATES_ALL,ds004504__EC,AD_vs_CN,2,CN,AD,65,5,0.7230769230769231,0.7384615384615385,0.015384615384615441,0.7164750957854407,0.7370689655172413,0.020593869731800662,0.7176640926640927,0.7362138935306757,0.018549800866582977,0.4367314877449891,0.4727813104255336,0.03604982268054452,0.7037037037037037,0.7,-0.0037037037037037646,0.6551724137931034,0.7241379310344828,0.06896551724137934,0.6785714285714286,0.711864406779661,0.033292978208232404,29,29,0.0,0.7368421052631579,0.7714285714285715,0.03458646616541361,0.7777777777777778,0.75,-0.02777777777777779,0.7567567567567567,0.7605633802816902,0.00380662352493355,36,36,0.0,28,27,-1.0,19,21,2.0,10,8,-2.0,8,9,1.0,5,0.07692307692307693,2,0.03076923076923077,3,0.046153846153846156,1
P0,P0_derivative_amplitude_deciles,REGION_AGGREGATES_ALL,ds004504__EC,AD_vs_CN,3,CN,AD,65,5,0.6923076923076923,0.7538461538461538,0.06153846153846154,0.6954022988505747,0.7576628352490422,0.062260536398467514,0.6916508538899431,0.7533206831119544,0.06166982922201136,0.3885777727501203,0.5123893179891292,0.12381154523900895,0.6363636363636364,0.696969696969697,0.06060606060606066,0.7241379310344828,0.7931034482758621,0.06896551724137934,0.6774193548387097,0.7419354838709677,0.06451612903225801,29,29,0.0,0.75,0.8125,0.0625,0.6666666666666666,0.7222222222222222,0.05555555555555558,0.7058823529411765,0.7647058823529411,0.05882352941176461,36,36,0.0,24,26,2.0,21,23,2.0,8,6,-2.0,12,10,-2.0,8,0.12307692307692308,2,0.03076923076923077,6,0.09230769230769231,4
P0,P0_derivative_amplitude_deciles,REGION_AGGREGATES_ALL,ds004504__EC,AD_vs_CN,4,CN,AD,65,5,0.676923076923077,0.6615384615384615,-0.015384615384615441,0.6781609195402298,0.664272030651341,-0.01388888888888884,0.6756949394155382,0.6608159392789374,-0.014879000136600706,0.3542914986839332,0.3266720001306158,-0.027619498553317412,0.625,0.6060606060606061,-0.018939393939393923,0.6896551724137931,0.6896551724137931,0.0,0.6557377049180328,0.6451612903225807,-0.01057641459545211,29,29,0.0,0.7272727272727273,0.71875,-0.008522727272727293,0.6666666666666666,0.6388888888888888,-0.02777777777777779,0.6956521739130435,0.676470588235294,-0.019181585677749413,36,36,0.0,24,23,-1.0,20,20,0.0,9,9,0.0,12,13,1.0,3,0.046153846153846156,2,0.03076923076923077,1,0.015384615384615385,-1
P0,P0_derivative_amplitude_deciles,REGION_AGGREGATES_ALL,ds004504__EC,AD_vs_CN,5,CN,AD,65,5,0.7076923076923077,0.7076923076923077,0.0,0.6992337164750958,0.6992337164750958,0.0,0.7006060606060606,0.7006060606060606,0.0,0.4043189565754151,0.4043189565754151,0.0,0.6923076923076923,0.6923076923076923,0.0,0.6206896551724138,0.6206896551724138,0.0,0.6545454545454545,0.6545454545454545,0.0,29,29,0.0,0.717948717948718,0.717948717948718,0.0,0.7777777777777778,0.7777777777777778,0.0,0.7466666666666666,0.7466666666666666,0.0,36,36,0.0,28,28,0.0,18,18,0.0,11,11,0.0,8,8,0.0,14,0.2153846153846154,7,0.1076923076923077,7,0.1076923076923077,0
P0,P0_derivative_amplitude_deciles,REGION_AGGREGATES_ALL,ds004504__EC,AD_vs_CN,6,CN,AD,65,5,0.7076923076923077,0.6923076923076923,-0.015384615384615441,0.7059386973180077,0.7054597701149425,-0.00047892720306519365,0.7051802339460491,0.6916508538899431,-0.013529380056106044,0.4106989161272312,0.41695392396839687,0.006255007841165672,0.6666666666666666,0.6153846153846154,-0.05128205128205121,0.6896551724137931,0.8275862068965517,0.13793103448275856,0.6779661016949153,0.7058823529411765,0.02791625124626118,29,29,0.0,0.7428571428571429,0.8076923076923077,0.06483516483516483,0.7222222222222222,0.5833333333333334,-0.13888888888888884,0.732394366197183,0.6774193548387097,-0.05497501135847327,36,36,0.0,26,21,-5.0,20,24,4.0,9,5,-4.0,10,15,5.0,11,0.16923076923076924,6,0.09230769230769231,5,0.07692307692307693,-1
P0,P0_derivative_amplitude_deciles,REGION_AGGREGATES_ALL,ds004504__EC,AD_vs_CN,7,CN,AD,65,5,0.676923076923077,0.7384615384615385,0.06153846153846154,0.6748084291187739,0.7471264367816092,0.07231800766283525,0.6741465743614228,0.7384615384615385,0.06431496410011572,0.3486165218289288,0.4942528735632184,0.14563635173428957,0.6333333333333333,0.6666666666666666,0.033333333333333326,0.6551724137931034,0.8275862068965517,0.1724137931034483,0.6440677966101694,0.7384615384615385,0.09439374185136906,29,29,0.0,0.7142857142857143,0.8275862068965517,0.11330049261083741,0.6944444444444444,0.6666666666666666,-0.02777777777777779,0.7042253521126761,0.7384615384615385,0.034236186348862385,36,36,0.0,25,24,-1.0,19,24,5.0,10,5,-5.0,11,12,1.0,12,0.18461538461538463,4,0.06153846153846154,8,0.12307692307692308,4
P0,P0_derivative_amplitude_deciles,REGION_AGGREGATES_ALL,ds004504__EC,AD_vs_CN,8,CN,AD,65,5,0.7230769230769231,0.6461538461538462,-0.07692307692307687,0.7164750957854407,0.6470306513409961,-0.06944444444444453,0.7176640926640927,0.6448087431693988,-0.07285534949469386,0.4367314877449891,0.29238572606442875,-0.14434576168056035,0.7037037037037037,0.59375,-0.10995370370370372,0.6551724137931034,0.6551724137931034,0.0,0.6785714285714286,0.6229508196721311,-0.05562060889929754,29,29,0.0,0.7368421052631579,0.696969696969697,-0.03987240829346084,0.7777777777777778,0.6388888888888888,-0.13888888888888895,0.7567567567567567,0.6666666666666666,-0.09009009009009006,36,36,0.0,28,23,-5.0,19,19,0.0,10,10,0.0,8,13,5.0,13,0.2,9,0.13846153846153847,4,0.06153846153846154,-5
P0,P0_derivative_amplitude_deciles,REGION_AGGREGATES_ALL,ds004504__EC,AD_vs_CN,9,CN,AD,65,5,0.676923076923077,0.7384615384615385,0.06153846153846154,0.6681034482758621,0.7437739463601533,0.07567049808429116,0.669090909090909,0.738213693437574,0.06912278434666508,0.3411441196105065,0.48522953487286546,0.14408541526235896,0.6538461538461539,0.6764705882352942,0.022624434389140302,0.5862068965517241,0.7931034482758621,0.206896551724138,0.6181818181818182,0.7301587301587301,0.11197691197691195,29,29,0.0,0.6923076923076923,0.8064516129032258,0.11414392059553347,0.75,0.6944444444444444,-0.05555555555555558,0.7199999999999999,0.746268656716418,0.026268656716418093,36,36,0.0,27,25,-2.0,17,23,6.0,12,6,-6.0,9,11,2.0,16,0.24615384615384617,6,0.09230769230769231,10,0.15384615384615385,4
P0,P0_derivative_amplitude_deciles,REGION_AGGREGATES_ALL,ds004504__EC,AD_vs_CN,10,CN,AD,65,5,0.676923076923077,0.6307692307692307,-0.04615384615384621,0.6748084291187739,0.6230842911877394,-0.051724137931034475,0.6741465743614228,0.6235521235521235,-0.05059445080929925,0.3486165218289288,0.24831856714704026,-0.10029795468188857,0.6333333333333333,0.5925925925925926,-0.040740740740740744,0.6551724137931034,0.5517241379310345,-0.10344827586206895,0.6440677966101694,0.5714285714285714,-0.07263922518159804,29,29,0.0,0.7142857142857143,0.6578947368421053,-0.05639097744360899,0.6944444444444444,0.6944444444444444,0.0,0.7042253521126761,0.6756756756756757,-0.02854967643700046,36,36,0.0,25,25,0.0,19,16,-3.0,10,13,3.0,11,11,0.0,7,0.1076923076923077,5,0.07692307692307693,2,0.03076923076923077,-3
P0,P0_derivative_amplitude_deciles,REGION_AGGREGATES_ALL,ds004504__EC,AD_vs_CN,11,CN,AD,65,5,0.6923076923076923,0.7076923076923077,0.015384615384615441,0.6886973180076628,0.7059386973180077,0.017241379310344973,0.6886973180076628,0.7051802339460491,0.016482915938386355,0.3773946360153257,0.4106989161272312,0.033304280111905504,0.6551724137931034,0.6666666666666666,0.011494252873563204,0.6551724137931034,0.6896551724137931,0.034482758620689724,0.6551724137931034,0.6779661016949153,0.02279368790181191,29,29,0.0,0.7222222222222222,0.7428571428571429,0.020634920634920673,0.7222222222222222,0.7222222222222222,0.0,0.7222222222222222,0.732394366197183,0.010172143974960801,36,36,0.0,26,26,0.0,19,20,1.0,10,9,-1.0,10,10,0.0,11,0.16923076923076924,5,0.07692307692307693,6,0.09230769230769231,1
P0,P0_derivative_amplitude_deciles,REGION_AGGREGATES_ALL,ds004504__EC,AD_vs_CN,12,CN,AD,65,5,0.7538461538461538,0.7076923076923077,-0.0461538461538461,0.7442528735632183,0.6992337164750958,-0.04501915708812254,0.7465886939571149,0.7006060606060606,-0.04598263335105435,0.49913718658749795,0.4043189565754151,-0.09481823001208284,0.76,0.6923076923076923,-0.06769230769230772,0.6551724137931034,0.6206896551724138,-0.03448275862068961,0.7037037037037037,0.6545454545454545,-0.04915824915824918,29,29,0.0,0.75,0.717948717948718,-0.03205128205128205,0.8333333333333334,0.7777777777777778,-0.05555555555555558,0.7894736842105262,0.7466666666666666,-0.04280701754385963,36,36,0.0,30,28,-2.0,19,18,-1.0,10,11,1.0,6,8,2.0,13,0.2,8,0.12307692307692308,5,0.07692307692307693,-3
P0,P0_derivative_amplitude_deciles,REGION_AGGREGATES_ALL,ds004504__EC,AD_vs_CN,13,CN,AD,65,5,0.6923076923076923,0.7230769230769231,0.03076923076923077,0.6853448275862069,0.7332375478927202,0.04789272030651337,0.6862934362934363,0.7230113636363635,0.036717927342927226,0.37392718087900617,0.46827269433747143,0.09434551345846526,0.6666666666666666,0.6486486486486487,-0.018018018018017945,0.6206896551724138,0.8275862068965517,0.2068965517241379,0.6428571428571429,0.7272727272727273,0.08441558441558439,29,29,0.0,0.7105263157894737,0.8214285714285714,0.11090225563909772,0.75,0.6388888888888888,-0.11111111111111116,0.7297297297297298,0.7187499999999999,-0.010979729729729937,36,36,0.0,27,23,-4.0,18,24,6.0,11,5,-6.0,9,13,4.0,12,0.18461538461538463,5,0.07692307692307693,7,0.1076923076923077,2
P0,P0_derivative_amplitude_deciles,REGION_AGGREGATES_ALL,ds004504__EC,AD_vs_CN,14,CN,AD,65,5,0.7230769230769231,0.7538461538461538,0.03076923076923077,0.7164750957854407,0.7576628352490422,0.04118773946360155,0.7176640926640927,0.7533206831119544,0.035656590447861736,0.4367314877449891,0.5123893179891292,0.07565783024414013,0.7037037037037037,0.696969696969697,-0.006734006734006703,0.6551724137931034,0.7931034482758621,0.13793103448275867,0.6785714285714286,0.7419354838709677,0.06336405529953915,29,29,0.0,0.7368421052631579,0.8125,0.07565789473684215,0.7777777777777778,0.7222222222222222,-0.05555555555555558,0.7567567567567567,0.7647058823529411,0.007949125596184436,36,36,0.0,28,26,-2.0,19,23,4.0,10,6,-4.0,8,10,2.0,12,0.18461538461538463,5,0.07692307692307693,7,0.1076923076923077,2
P0,P0_derivative_amplitude_deciles,REGION_AGGREGATES_ALL,ds004504__EC,AD_vs_CN,15,CN,AD,65,5,0.6923076923076923,0.6923076923076923,0.0,0.6920498084291188,0.6954022988505747,0.0033524904214559115,0.6904761904761906,0.6916508538899431,0.001174663413752497,0.38227316990966415,0.3885777727501203,0.006304602840456142,0.6451612903225806,0.6363636363636364,-0.008797653958944274,0.6896551724137931,0.7241379310344828,0.03448275862068961,0.6666666666666667,0.6774193548387097,0.010752688172043001,29,29,0.0,0.7352941176470589,0.75,0.014705882352941124,0.6944444444444444,0.6666666666666666,-0.02777777777777779,0.7142857142857144,0.7058823529411765,-0.008403361344537896,36,36,0.0,25,24,-1.0,20,21,1.0,9,8,-1.0,11,12,1.0,14,0.2153846153846154,7,0.1076923076923077,7,0.1076923076923077,0
P0,P0_derivative_amplitude_deciles,REGION_AGGREGATES_ALL,ds004504__EC,AD_vs_CN,16,CN,AD,65,5,0.7230769230769231,0.7538461538461538,0.03076923076923077,0.7198275862068966,0.7576628352490422,0.037835249042145636,0.7198275862068966,0.7533206831119544,0.03349309690505786,0.4396551724137931,0.5123893179891292,0.07273414557533614,0.6896551724137931,0.696969696969697,0.007314524555903867,0.6896551724137931,0.7931034482758621,0.10344827586206895,0.6896551724137931,0.7419354838709677,0.0522803114571746,29,29,0.0,0.75,0.8125,0.0625,0.75,0.7222222222222222,-0.02777777777777779,0.75,0.7647058823529411,0.014705882352941124,36,36,0.0,27,26,-1.0,20,23,3.0,9,6,-3.0,9,10,1.0,6,0.09230769230769231,2,0.03076923076923077,4,0.06153846153846154,2
P0,P0_derivative_amplitude_deciles,REGION_AGGREGATES_ALL,ds004504__EC,AD_vs_CN,17,CN,AD,65,5,0.676923076923077,0.7384615384615385,0.06153846153846154,0.6748084291187739,0.7404214559386972,0.06561302681992331,0.6741465743614228,0.7374673319078167,0.06332075754639388,0.3486165218289288,0.4781030439229421,0.1294865220940133,0.6333333333333333,0.6875,0.054166666666666696,0.6551724137931034,0.7586206896551724,0.10344827586206895,0.6440677966101694,0.7213114754098361,0.07724367879966665,29,29,0.0,0.7142857142857143,0.7878787878787878,0.07359307359307354,0.6944444444444444,0.7222222222222222,0.02777777777777779,0.7042253521126761,0.7536231884057971,0.049397836293121,36,36,0.0,25,26,1.0,19,22,3.0,10,7,-3.0,11,10,-1.0,12,0.18461538461538463,4,0.06153846153846154,8,0.12307692307692308,4
P0,P0_derivative_amplitude_deciles,REGION_AGGREGATES_ALL,ds004504__EC,AD_vs_CN,18,CN,AD,65,5,0.7230769230769231,0.6923076923076923,-0.03076923076923077,0.7097701149425287,0.6954022988505747,-0.014367816091954033,0.7115384615384615,0.6916508538899431,-0.01988760764851838,0.43614941867864704,0.3885777727501203,-0.04757164592852675,0.7391304347826086,0.6363636363636364,-0.1027667984189723,0.5862068965517241,0.7241379310344828,0.13793103448275867,0.6538461538461539,0.6774193548387097,0.023573200992555887,29,29,0.0,0.7142857142857143,0.75,0.0357142857142857,0.8333333333333334,0.6666666666666666,-0.16666666666666674,0.7692307692307692,0.7058823529411765,-0.06334841628959265,36,36,0.0,30,24,-6.0,17,21,4.0,12,8,-4.0,6,12,6.0,14,0.2153846153846154,8,0.12307692307692308,6,0.09230769230769231,-2
P0,P0_derivative_amplitude_deciles,REGION_AGGREGATES_ALL,ds004504__EC,AD_vs_CN,19,CN,AD,65,5,0.7384615384615385,0.7230769230769231,-0.015384615384615441,0.7303639846743295,0.7298850574712643,-0.00047892720306519365,0.7321212121212122,0.7230113636363635,-0.009109848484848637,0.4674937935403238,0.4584546040490023,-0.009039189491321487,0.7307692307692307,0.6571428571428571,-0.07362637362637359,0.6551724137931034,0.7931034482758621,0.13793103448275867,0.6909090909090909,0.71875,0.027840909090909083,29,29,0.0,0.7435897435897436,0.8,0.05641025641025643,0.8055555555555556,0.6666666666666666,-0.13888888888888895,0.7733333333333334,0.7272727272727272,-0.046060606060606246,36,36,0.0,29,24,-5.0,19,23,4.0,10,6,-4.0,7,12,5.0,11,0.16923076923076924,6,0.09230769230769231,5,0.07692307692307693,-1
P0,P0_derivative_amplitude_deciles,REGION_AGGREGATES_ALL,ds004504__EC,AD_vs_CN,20,CN,AD,65,5,0.6615384615384615,0.676923076923077,0.015384615384615441,0.6542145593869731,0.6781609195402298,0.023946360153256685,0.6549227799227799,0.6756949394155382,0.020772159492758235,0.31112287401302324,0.3542914986839332,0.04316862467090998,0.6296296296296297,0.625,-0.00462962962962965,0.5862068965517241,0.6896551724137931,0.10344827586206906,0.6071428571428571,0.6557377049180328,0.048594847775175753,29,29,0.0,0.6842105263157895,0.7272727272727273,0.0430622009569378,0.7222222222222222,0.6666666666666666,-0.05555555555555558,0.7027027027027027,0.6956521739130435,-0.007050528789659283,36,36,0.0,26,24,-2.0,17,20,3.0,12,9,-3.0,10,12,2.0,9,0.13846153846153847,4,0.06153846153846154,5,0.07692307692307693,1
P0,P0_derivative_amplitude_deciles,REGION_AGGREGATES_ALL,ds004504__EC,AD_vs_FTD,1,FTD,AD,59,5,0.4576271186440678,0.5254237288135594,0.06779661016949157,0.47705314009661837,0.5326086956521738,0.05555555555555547,0.45747126436781604,0.5219907407407408,0.06451947637292477,-0.04556472832629221,0.06369696339435807,0.10926169172065028,0.37142857142857144,0.41935483870967744,0.047926267281105994,0.5652173913043478,0.5652173913043478,0.0,0.4482758620689655,0.4814814814814815,0.033205619412515985,23,23,0.0,0.5833333333333334,0.6428571428571429,0.059523809523809534,0.3888888888888889,0.5,0.1111111111111111,0.4666666666666666,0.5625000000000001,0.09583333333333349,36,36,0.0,14,18,4.0,13,13,0.0,10,10,0.0,22,18,-4.0,28,0.4745762711864407,12,0.2033898305084746,16,0.2711864406779661,4
P0,P0_derivative_amplitude_deciles,REGION_AGGREGATES_ALL,ds004504__EC,AD_vs_FTD,2,FTD,AD,59,5,0.4576271186440678,0.5084745762711864,0.05084745762711862,0.4692028985507246,0.5108695652173914,0.04166666666666674,0.456221198156682,0.5033381712626996,0.047116973106017646,-0.0605078001466355,0.02120790212264707,0.08171570226928257,0.36363636363636365,0.4,0.036363636363636376,0.5217391304347826,0.5217391304347826,0.0,0.42857142857142855,0.4528301886792453,0.024258760107816746,23,23,0.0,0.5769230769230769,0.6206896551724138,0.04376657824933694,0.4166666666666667,0.5,0.08333333333333331,0.48387096774193544,0.5538461538461539,0.06997518610421843,36,36,0.0,15,18,3.0,12,12,0.0,11,11,0.0,21,18,-3.0,13,0.22033898305084745,5,0.0847457627118644,8,0.13559322033898305,3
P0,P0_derivative_amplitude_deciles,REGION_AGGREGATES_ALL,ds004504__EC,AD_vs_FTD,3,FTD,AD,59,5,0.4576271186440678,0.4915254237288136,0.03389830508474578,0.4849033816425121,0.4969806763285024,0.01207729468599028,0.45747126436781615,0.4878472222222222,0.030375957854406055,-0.030451776794128214,-0.00589786698095908,0.024553909813169135,0.3783783783783784,0.3870967741935484,0.008718395815169977,0.6086956521739131,0.5217391304347826,-0.08695652173913049,0.4666666666666667,0.4444444444444444,-0.022222222222222254,23,23,0.0,0.5909090909090909,0.6071428571428571,0.016233766233766156,0.3611111111111111,0.4722222222222222,0.1111111111111111,0.4482758620689656,0.53125,0.08297413793103442,36,36,0.0,13,17,4.0,14,12,-2.0,9,11,2.0,23,19,-4.0,20,0.3389830508474576,9,0.15254237288135594,11,0.1864406779661017,2
P0,P0_derivative_amplitude_deciles,REGION_AGGREGATES_ALL,ds004504__EC,AD_vs_FTD,4,FTD,AD,59,5,0.5254237288135594,0.5423728813559322,0.016949152542372836,0.5483091787439613,0.5150966183574879,-0.033212560386473466,0.525287356321839,0.515068493150685,-0.010218863171153947,0.0959257438448257,0.030451776794128214,-0.0654739670506975,0.42857142857142855,0.4090909090909091,-0.01948051948051943,0.6521739130434783,0.391304347826087,-0.2608695652173913,0.5172413793103448,0.4,-0.11724137931034473,23,23,0.0,0.6666666666666666,0.6216216216216216,-0.04504504504504503,0.4444444444444444,0.6388888888888888,0.19444444444444442,0.5333333333333333,0.6301369863013699,0.09680365296803661,36,36,0.0,16,23,7.0,15,9,-6.0,8,14,6.0,20,13,-7.0,21,0.3559322033898305,10,0.1694915254237288,11,0.1864406779661017,1
P0,P0_derivative_amplitude_deciles,REGION_AGGREGATES_ALL,ds004504__EC,AD_vs_FTD,5,FTD,AD,59,5,0.423728813559322,0.423728813559322,0.0,0.4257246376811594,0.40217391304347827,-0.023550724637681153,0.41956018518518523,0.4029761904761905,-0.016583994708994743,-0.1450875277315934,-0.19310360576008093,-0.048016078028487535,0.3225806451612903,0.28,-0.04258064516129029,0.43478260869565216,0.30434782608695654,-0.13043478260869562,0.37037037037037035,0.2916666666666667,-0.07870370370370366,23,23,0.0,0.5357142857142857,0.5294117647058824,-0.006302521008403339,0.4166666666666667,0.5,0.08333333333333331,0.46875000000000006,0.5142857142857143,0.04553571428571429,36,36,0.0,15,18,3.0,10,7,-3.0,13,16,3.0,21,18,-3.0,20,0.3389830508474576,10,0.1694915254237288,10,0.1694915254237288,0
P0,P0_derivative_amplitude_deciles,REGION_AGGREGATES_ALL,ds004504__EC,AD_vs_FTD,6,FTD,AD,59,5,0.4576271186440678,0.4406779661016949,-0.01694915254237289,0.4613526570048309,0.42391304347826086,-0.03743961352657005,0.4537037037037037,0.4241348713398403,-0.02956883236386343,-0.07549269735627623,-0.14948985918580535,-0.07399716182952912,0.3548387096774194,0.3076923076923077,-0.04714640198511166,0.4782608695652174,0.34782608695652173,-0.13043478260869568,0.40740740740740744,0.32653061224489793,-0.08087679516250951,23,23,0.0,0.5714285714285714,0.5454545454545454,-0.025974025974025983,0.4444444444444444,0.5,0.05555555555555558,0.5,0.5217391304347826,0.021739130434782594,36,36,0.0,16,18,2.0,11,8,-3.0,12,15,3.0,20,18,-2.0,15,0.2542372881355932,8,0.13559322033898305,7,0.11864406779661017,-1
P0,P0_derivative_amplitude_deciles,REGION_AGGREGATES_ALL,ds004504__EC,AD_vs_FTD,7,FTD,AD,59,5,0.423728813559322,0.4576271186440678,0.03389830508474578,0.4492753623188406,0.4221014492753623,-0.02717391304347827,0.4235632183908046,0.4201474201474202,-0.0034157982433843936,-0.1023179700282708,-0.15869860025533672,-0.05638063022706592,0.35135135135135137,0.2857142857142857,-0.06563706563706567,0.5652173913043478,0.2608695652173913,-0.3043478260869565,0.43333333333333335,0.2727272727272727,-0.16060606060606064,23,23,0.0,0.5454545454545454,0.5526315789473685,0.0071770334928230595,0.3333333333333333,0.5833333333333334,0.25000000000000006,0.41379310344827586,0.5675675675675677,0.1537744641192918,36,36,0.0,12,21,9.0,13,6,-7.0,10,17,7.0,24,15,-9.0,20,0.3389830508474576,9,0.15254237288135594,11,0.1864406779661017,2
P0,P0_derivative_amplitude_deciles,REGION_AGGREGATES_ALL,ds004504__EC,AD_vs_FTD,8,FTD,AD,59,5,0.3728813559322034,0.3898305084745763,0.01694915254237289,0.4076086956521739,0.39794685990338163,-0.009661835748792258,0.36998556998557,0.38824884792626724,0.018263277940697265,-0.19287212538511644,-0.20050623970159606,-0.007634114316479618,0.325,0.30303030303030304,-0.021969696969696972,0.5652173913043478,0.43478260869565216,-0.13043478260869562,0.4126984126984127,0.35714285714285715,-0.055555555555555525,23,23,0.0,0.47368421052631576,0.5,0.026315789473684237,0.25,0.3611111111111111,0.1111111111111111,0.32727272727272727,0.4193548387096774,0.09208211143695011,36,36,0.0,9,13,4.0,13,10,-3.0,10,13,3.0,27,23,-4.0,17,0.288135593220339,8,0.13559322033898305,9,0.15254237288135594,1
P0,P0_derivative_amplitude_deciles,REGION_AGGREGATES_ALL,ds004504__EC,AD_vs_FTD,9,FTD,AD,59,5,0.4915254237288136,0.4745762711864407,-0.01694915254237289,0.5126811594202899,0.4752415458937198,-0.037439613526570104,0.4913793103448276,0.46908563134978226,-0.022293678995045363,0.025180507759266745,-0.04830688816825166,-0.0734873959275184,0.4,0.36666666666666664,-0.03333333333333338,0.6086956521739131,0.4782608695652174,-0.13043478260869568,0.48275862068965525,0.41509433962264153,-0.06766428106701372,23,23,0.0,0.625,0.5862068965517241,-0.03879310344827591,0.4166666666666667,0.4722222222222222,0.055555555555555525,0.5,0.523076923076923,0.023076923076922995,36,36,0.0,15,17,2.0,14,11,-3.0,9,12,3.0,21,19,-2.0,21,0.3559322033898305,11,0.1864406779661017,10,0.1694915254237288,-1
P0,P0_derivative_amplitude_deciles,REGION_AGGREGATES_ALL,ds004504__EC,AD_vs_FTD,10,FTD,AD,59,5,0.4915254237288136,0.576271186440678,0.0847457627118644,0.5126811594202899,0.5664251207729469,0.05374396135265702,0.4913793103448276,0.5637385388938184,0.0723592285489908,0.025180507759266745,0.13050701992411579,0.10532651216484903,0.4,0.46153846153846156,0.06153846153846154,0.6086956521739131,0.5217391304347826,-0.08695652173913049,0.48275862068965525,0.4897959183673469,0.0070372976776916785,23,23,0.0,0.625,0.6666666666666666,0.04166666666666663,0.4166666666666667,0.6111111111111112,0.19444444444444448,0.5,0.6376811594202899,0.1376811594202899,36,36,0.0,15,22,7.0,14,12,-2.0,9,11,2.0,21,14,-7.0,19,0.3220338983050847,7,0.11864406779661017,12,0.2033898305084746,5
P0,P0_derivative_amplitude_deciles,REGION_AGGREGATES_ALL,ds004504__EC,AD_vs_FTD,11,FTD,AD,59,5,0.4745762711864407,0.4067796610169492,-0.06779661016949151,0.49879227053140096,0.41183574879227053,-0.08695652173913043,0.47457627118644075,0.40404040404040403,-0.07053586714603671,-0.0024154589371980675,-0.17261590762607956,-0.17020044868888148,0.3888888888888889,0.3125,-0.0763888888888889,0.6086956521739131,0.43478260869565216,-0.17391304347826092,0.47457627118644075,0.36363636363636365,-0.1109399075500771,23,23,0.0,0.6086956521739131,0.5185185185185185,-0.09017713365539459,0.3888888888888889,0.3888888888888889,0.0,0.47457627118644075,0.4444444444444444,-0.030131826741996326,36,36,0.0,14,14,0.0,14,10,-4.0,9,13,4.0,22,22,0.0,14,0.23728813559322035,9,0.15254237288135594,5,0.0847457627118644,-4
P0,P0_derivative_amplitude_deciles,REGION_AGGREGATES_ALL,ds004504__EC,AD_vs_FTD,12,FTD,AD,59,5,0.5084745762711864,0.4915254237288136,-0.016949152542372836,0.5265700483091788,0.481280193236715,-0.04528985507246375,0.5079091170549325,0.4794117647058824,-0.028497352349050042,0.052447892922491114,-0.03665132285211278,-0.08909921577460389,0.4117647058823529,0.37037037037037035,-0.04139433551198257,0.6086956521739131,0.43478260869565216,-0.17391304347826092,0.4912280701754386,0.39999999999999997,-0.09122807017543866,23,23,0.0,0.64,0.59375,-0.04625000000000001,0.4444444444444444,0.5277777777777778,0.08333333333333337,0.5245901639344263,0.5588235294117648,0.03423336547733857,36,36,0.0,16,19,3.0,14,10,-4.0,9,13,4.0,20,17,-3.0,17,0.288135593220339,9,0.15254237288135594,8,0.13559322033898305,-1
P0,P0_derivative_amplitude_deciles,REGION_AGGREGATES_ALL,ds004504__EC,AD_vs_FTD,13,FTD,AD,59,5,0.5423728813559322,0.4745762711864407,-0.06779661016949151,0.5543478260869565,0.49879227053140096,-0.05555555555555558,0.5402597402597403,0.47457627118644075,-0.06568346907329958,0.10640706634484356,-0.0024154589371980675,-0.10882252528204163,0.4375,0.3888888888888889,-0.048611111111111105,0.6086956521739131,0.6086956521739131,0.0,0.5090909090909091,0.47457627118644075,-0.034514637904468404,23,23,0.0,0.6666666666666666,0.6086956521739131,-0.05797101449275355,0.5,0.3888888888888889,-0.1111111111111111,0.5714285714285715,0.47457627118644075,-0.09685230024213076,36,36,0.0,18,14,-4.0,14,14,0.0,9,9,0.0,18,22,4.0,18,0.3050847457627119,11,0.1864406779661017,7,0.11864406779661017,-4
P0,P0_derivative_amplitude_deciles,REGION_AGGREGATES_ALL,ds004504__EC,AD_vs_FTD,14,FTD,AD,59,5,0.5084745762711864,0.4745762711864407,-0.03389830508474573,0.5422705314009661,0.4752415458937198,-0.06702898550724634,0.5079091170549324,0.46908563134978226,-0.038823485705150096,0.08611551951839977,-0.04830688816825166,-0.13442240768665142,0.42105263157894735,0.36666666666666664,-0.054385964912280704,0.6956521739130435,0.4782608695652174,-0.21739130434782605,0.5245901639344263,0.41509433962264153,-0.10949582431178473,23,23,0.0,0.6666666666666666,0.5862068965517241,-0.08045977011494254,0.3888888888888889,0.4722222222222222,0.08333333333333331,0.49122807017543857,0.523076923076923,0.031848852901484426,36,36,0.0,14,17,3.0,16,11,-5.0,7,12,5.0,22,19,-3.0,18,0.3050847457627119,10,0.1694915254237288,8,0.13559322033898305,-2
P0,P0_derivative_amplitude_deciles,REGION_AGGREGATES_ALL,ds004504__EC,AD_vs_FTD,15,FTD,AD,59,5,0.4745762711864407,0.4915254237288136,0.01694915254237289,0.4830917874396135,0.4891304347826087,0.006038647342995196,0.4721500721500721,0.48426573426573427,0.012115662115662174,-0.033104420640618,-0.02120790212264707,0.011896518517970928,0.375,0.3793103448275862,0.004310344827586188,0.5217391304347826,0.4782608695652174,-0.04347826086956519,0.43636363636363634,0.4230769230769231,-0.01328671328671327,23,23,0.0,0.5925925925925926,0.6,0.007407407407407418,0.4444444444444444,0.5,0.05555555555555558,0.5079365079365079,0.5454545454545454,0.037518037518037506,36,36,0.0,16,18,2.0,12,11,-1.0,11,12,1.0,20,18,-2.0,15,0.2542372881355932,7,0.11864406779661017,8,0.13559322033898305,1
P0,P0_derivative_amplitude_deciles,REGION_AGGREGATES_ALL,ds004504__EC,AD_vs_FTD,16,FTD,AD,59,5,0.4406779661016949,0.4576271186440678,0.01694915254237289,0.4631642512077294,0.4692028985507246,0.006038647342995196,0.44067796610169496,0.456221198156682,0.015543232054987033,-0.07367149758454106,-0.0605078001466355,0.013163697437905554,0.3611111111111111,0.36363636363636365,0.0025252525252525415,0.5652173913043478,0.5217391304347826,-0.04347826086956519,0.44067796610169496,0.42857142857142855,-0.012106537530266415,23,23,0.0,0.5652173913043478,0.5769230769230769,0.01170568561872909,0.3611111111111111,0.4166666666666667,0.05555555555555558,0.44067796610169496,0.48387096774193544,0.04319300164024048,36,36,0.0,13,15,2.0,13,12,-1.0,10,11,1.0,23,21,-2.0,17,0.288135593220339,8,0.13559322033898305,9,0.15254237288135594,1
P0,P0_derivative_amplitude_deciles,REGION_AGGREGATES_ALL,ds004504__EC,AD_vs_FTD,17,FTD,AD,59,5,0.559322033898305,0.4406779661016949,-0.11864406779661013,0.5603864734299517,0.40821256038647347,-0.15217391304347827,0.553030303030303,0.4073059360730593,-0.14572436695724367,0.11782167845915038,-0.18514680290829955,-0.3029684813674499,0.4482758620689655,0.2727272727272727,-0.17554858934169282,0.5652173913043478,0.2608695652173913,-0.3043478260869565,0.4999999999999999,0.2666666666666666,-0.23333333333333328,23,23,0.0,0.6666666666666666,0.5405405405405406,-0.12612612612612606,0.5555555555555556,0.5555555555555556,0.0,0.606060606060606,0.547945205479452,-0.05811540058115394,36,36,0.0,20,20,0.0,13,6,-7.0,10,17,7.0,16,16,0.0,19,0.3220338983050847,13,0.22033898305084745,6,0.1016949152542373,-7
P0,P0_derivative_amplitude_deciles,REGION_AGGREGATES_ALL,ds004504__EC,AD_vs_FTD,18,FTD,AD,59,5,0.4067796610169492,0.4745762711864407,0.06779661016949151,0.427536231884058,0.4909420289855072,0.06340579710144922,0.4067796610169491,0.47397181478285877,0.06719215376590965,-0.14492753623188406,-0.01787996349630379,0.12704757273558026,0.3333333333333333,0.38235294117647056,0.04901960784313725,0.5217391304347826,0.5652173913043478,0.04347826086956519,0.4067796610169491,0.45614035087719296,0.049360689860243834,23,23,0.0,0.5217391304347826,0.6,0.07826086956521738,0.3333333333333333,0.4166666666666667,0.08333333333333337,0.4067796610169491,0.49180327868852464,0.08502361767157551,36,36,0.0,12,15,3.0,12,13,1.0,11,10,-1.0,24,21,-3.0,14,0.23728813559322035,5,0.0847457627118644,9,0.15254237288135594,4
P0,P0_derivative_amplitude_deciles,REGION_AGGREGATES_ALL,ds004504__EC,AD_vs_FTD,19,FTD,AD,59,5,0.4576271186440678,0.4406779661016949,-0.01694915254237289,0.4849033816425121,0.4631642512077294,-0.021739130434782705,0.45747126436781615,0.44067796610169496,-0.016793298266121193,-0.030451776794128214,-0.07367149758454106,-0.04321972079041284,0.3783783783783784,0.3611111111111111,-0.017267267267267294,0.6086956521739131,0.5652173913043478,-0.0434782608695653,0.4666666666666667,0.44067796610169496,-0.025988700564971712,23,23,0.0,0.5909090909090909,0.5652173913043478,-0.025691699604743157,0.3611111111111111,0.3611111111111111,0.0,0.4482758620689656,0.44067796610169496,-0.007597895967270618,36,36,0.0,13,13,0.0,14,13,-1.0,9,10,1.0,23,23,0.0,25,0.423728813559322,13,0.22033898305084745,12,0.2033898305084746,-1
P0,P0_derivative_amplitude_deciles,REGION_AGGREGATES_ALL,ds004504__EC,AD_vs_FTD,20,FTD,AD,59,5,0.4067796610169492,0.3559322033898305,-0.050847457627118675,0.427536231884058,0.37016908212560384,-0.05736714975845414,0.4067796610169491,0.35574712643678164,-0.05103253458016749,-0.14492753623188406,-0.2578004365829691,-0.11287290035108502,0.3333333333333333,0.2857142857142857,-0.047619047619047616,0.5217391304347826,0.43478260869565216,-0.08695652173913043,0.4067796610169491,0.3448275862068965,-0.061952074810052604,23,23,0.0,0.5217391304347826,0.4583333333333333,-0.06340579710144928,0.3333333333333333,0.3055555555555556,-0.027777777777777735,0.4067796610169491,0.3666666666666667,-0.04011299435028243,36,36,0.0,12,11,-1.0,12,10,-2.0,11,13,2.0,24,25,1.0,13,0.22033898305084745,8,0.13559322033898305,5,0.0847457627118644,-3
P0,P0_derivative_amplitude_deciles,REGION_AGGREGATES_ALL,ds004504__EC,CN_vs_FTD,1,CN,FTD,52,5,0.7692307692307693,0.6538461538461539,-0.11538461538461542,0.7661169415292354,0.6491754122938531,-0.11694152923538226,0.7661169415292353,0.6491754122938531,-0.11694152923538215,0.5322338830584707,0.2983508245877061,-0.23388305847076463,0.7931034482758621,0.6896551724137931,-0.10344827586206895,0.7931034482758621,0.6896551724137931,-0.10344827586206895,0.7931034482758621,0.6896551724137931,-0.10344827586206895,29,29,0.0,0.7391304347826086,0.6086956521739131,-0.13043478260869557,0.7391304347826086,0.6086956521739131,-0.13043478260869557,0.7391304347826085,0.6086956521739131,-0.13043478260869545,23,23,0.0,17,14,-3.0,23,20,-3.0,6,9,3.0,6,9,3.0,14,0.2692307692307692,10,0.19230769230769232,4,0.07692307692307693,-6
P0,P0_derivative_amplitude_deciles,REGION_AGGREGATES_ALL,ds004504__EC,CN_vs_FTD,2,CN,FTD,52,5,0.8076923076923077,0.6538461538461539,-0.15384615384615385,0.8050974512743628,0.6446776611694153,-0.16041979010494756,0.8050974512743628,0.6454545454545455,-0.15964290581981733,0.6101949025487257,0.2928895641563494,-0.31730533839237623,0.8275862068965517,0.6774193548387096,-0.15016685205784208,0.8275862068965517,0.7241379310344828,-0.10344827586206895,0.8275862068965517,0.7,-0.12758620689655176,29,29,0.0,0.782608695652174,0.6190476190476191,-0.16356107660455488,0.782608695652174,0.5652173913043478,-0.21739130434782616,0.782608695652174,0.5909090909090909,-0.191699604743083,23,23,0.0,18,13,-5.0,24,21,-3.0,5,8,3.0,5,10,5.0,12,0.23076923076923078,10,0.19230769230769232,2,0.038461538461538464,-8
P0,P0_derivative_amplitude_deciles,REGION_AGGREGATES_ALL,ds004504__EC,CN_vs_FTD,3,CN,FTD,52,5,0.7884615384615384,0.6153846153846154,-0.17307692307692302,0.787856071964018,0.6191904047976011,-0.16866566716641684,0.7864874953340799,0.6148148148148147,-0.1716726805192652,0.5735663588102755,0.23696397202524483,-0.3366023867850307,0.8214285714285714,0.68,-0.14142857142857135,0.7931034482758621,0.5862068965517241,-0.206896551724138,0.8070175438596492,0.6296296296296295,-0.17738791423001965,29,29,0.0,0.75,0.5555555555555556,-0.19444444444444442,0.782608695652174,0.6521739130434783,-0.13043478260869568,0.7659574468085107,0.6,-0.16595744680851077,23,23,0.0,18,15,-3.0,23,17,-6.0,6,12,6.0,5,8,3.0,13,0.25,11,0.21153846153846154,2,0.038461538461538464,-9
P0,P0_derivative_amplitude_deciles,REGION_AGGREGATES_ALL,ds004504__EC,CN_vs_FTD,4,CN,FTD,52,5,0.75,0.6346153846153846,-0.11538461538461542,0.7533733133433284,0.6274362818590704,-0.12593703148425794,0.749165120593692,0.6278719397363466,-0.12129318085734542,0.5033620102305381,0.25622059574705486,-0.2471414144834832,0.8076923076923077,0.6666666666666666,-0.14102564102564108,0.7241379310344828,0.6896551724137931,-0.03448275862068961,0.7636363636363636,0.6779661016949153,-0.08567026194144822,29,29,0.0,0.6923076923076923,0.5909090909090909,-0.10139860139860135,0.782608695652174,0.5652173913043478,-0.21739130434782616,0.7346938775510203,0.5777777777777778,-0.1569160997732425,23,23,0.0,18,13,-5.0,21,20,-1.0,8,9,1.0,5,10,5.0,12,0.23076923076923078,9,0.17307692307692307,3,0.057692307692307696,-6
P0,P0_derivative_amplitude_deciles,REGION_AGGREGATES_ALL,ds004504__EC,CN_vs_FTD,5,CN,FTD,52,5,0.7692307692307693,0.5384615384615384,-0.23076923076923084,0.7661169415292354,0.5412293853073463,-0.22488755622188905,0.7661169415292353,0.5377777777777778,-0.22833916375145746,0.5322338830584707,0.08196866956848091,-0.4502652134899898,0.7931034482758621,0.6,-0.19310344827586212,0.7931034482758621,0.5172413793103449,-0.27586206896551724,0.7931034482758621,0.5555555555555556,-0.23754789272030652,29,29,0.0,0.7391304347826086,0.48148148148148145,-0.2576489533011272,0.7391304347826086,0.5652173913043478,-0.17391304347826086,0.7391304347826085,0.52,-0.21913043478260852,23,23,0.0,17,13,-4.0,23,15,-8.0,6,14,8.0,6,10,4.0,16,0.3076923076923077,14,0.2692307692307692,2,0.038461538461538464,-12
P0,P0_derivative_amplitude_deciles,REGION_AGGREGATES_ALL,ds004504__EC,CN_vs_FTD,6,CN,FTD,52,5,0.75,0.6923076923076923,-0.05769230769230771,0.7488755622188905,0.697151424287856,-0.051724137931034475,0.7476670399402762,0.6918518518518519,-0.05581518808842423,0.4958959143880507,0.39195927448200873,-0.10393663990604196,0.7857142857142857,0.76,-0.02571428571428569,0.7586206896551724,0.6551724137931034,-0.10344827586206895,0.7719298245614034,0.7037037037037037,-0.06822612085769963,29,29,0.0,0.7083333333333334,0.6296296296296297,-0.07870370370370372,0.7391304347826086,0.7391304347826086,0.0,0.723404255319149,0.68,-0.04340425531914893,23,23,0.0,17,17,0.0,22,19,-3.0,7,10,3.0,6,6,0.0,9,0.17307692307692307,6,0.11538461538461539,3,0.057692307692307696,-3
P0,P0_derivative_amplitude_deciles,REGION_AGGREGATES_ALL,ds004504__EC,CN_vs_FTD,7,CN,FTD,52,5,0.7692307692307693,0.5961538461538461,-0.17307692307692313,0.7661169415292354,0.5974512743628186,-0.16866566716641673,0.7661169415292353,0.5948051948051949,-0.17131174672404037,0.5322338830584707,0.19360077316559157,-0.3386331098928792,0.7931034482758621,0.6538461538461539,-0.13925729442970824,0.7931034482758621,0.5862068965517241,-0.206896551724138,0.7931034482758621,0.6181818181818182,-0.17492163009404393,29,29,0.0,0.7391304347826086,0.5384615384615384,-0.2006688963210702,0.7391304347826086,0.6086956521739131,-0.13043478260869557,0.7391304347826085,0.5714285714285715,-0.16770186335403703,23,23,0.0,17,14,-3.0,23,17,-6.0,6,12,6.0,6,9,3.0,21,0.40384615384615385,15,0.28846153846153844,6,0.11538461538461539,-9
P0,P0_derivative_amplitude_deciles,REGION_AGGREGATES_ALL,ds004504__EC,CN_vs_FTD,8,CN,FTD,52,5,0.7692307692307693,0.6730769230769231,-0.09615384615384615,0.775112443778111,0.6754122938530734,-0.0997001499250375,0.7688888888888888,0.6719851576994433,-0.09690373118944551,0.5469545769387727,0.34848139169806486,-0.19847318524070784,0.84,0.7307692307692307,-0.10923076923076924,0.7241379310344828,0.6551724137931034,-0.06896551724137934,0.7777777777777777,0.6909090909090909,-0.08686868686868676,29,29,0.0,0.7037037037037037,0.6153846153846154,-0.0883190883190883,0.8260869565217391,0.6956521739130435,-0.13043478260869568,0.76,0.6530612244897959,-0.10693877551020414,23,23,0.0,19,16,-3.0,21,19,-2.0,8,10,2.0,4,7,3.0,7,0.1346153846153846,6,0.11538461538461539,1,0.019230769230769232,-5
P0,P0_derivative_amplitude_deciles,REGION_AGGREGATES_ALL,ds004504__EC,CN_vs_FTD,9,CN,FTD,52,5,0.7884615384615384,0.5961538461538461,-0.1923076923076923,0.7923538230884557,0.5974512743628186,-0.19490254872563706,0.7877551020408163,0.5948051948051949,-0.19294990723562144,0.5808023194967747,0.19360077316559157,-0.3872015463311832,0.8461538461538461,0.6538461538461539,-0.1923076923076923,0.7586206896551724,0.5862068965517241,-0.1724137931034483,0.8,0.6181818181818182,-0.18181818181818188,29,29,0.0,0.7307692307692307,0.5384615384615384,-0.1923076923076923,0.8260869565217391,0.6086956521739131,-0.21739130434782605,0.7755102040816326,0.5714285714285715,-0.20408163265306112,23,23,0.0,19,14,-5.0,22,17,-5.0,7,12,5.0,4,9,5.0,12,0.23076923076923078,11,0.21153846153846154,1,0.019230769230769232,-10
P0,P0_derivative_amplitude_deciles,REGION_AGGREGATES_ALL,ds004504__EC,CN_vs_FTD,10,CN,FTD,52,5,0.8076923076923077,0.6153846153846154,-0.1923076923076923,0.8095952023988007,0.6146926536731634,-0.19490254872563728,0.8065476190476191,0.6130952380952381,-0.19345238095238093,0.6155101914869567,0.22802193534504692,-0.38748825614190985,0.8518518518518519,0.6666666666666666,-0.18518518518518523,0.7931034482758621,0.6206896551724138,-0.1724137931034483,0.8214285714285715,0.6428571428571429,-0.1785714285714286,29,29,0.0,0.76,0.56,-0.19999999999999996,0.8260869565217391,0.6086956521739131,-0.21739130434782605,0.7916666666666667,0.5833333333333334,-0.20833333333333337,23,23,0.0,19,14,-5.0,23,18,-5.0,6,11,5.0,4,9,5.0,12,0.23076923076923078,11,0.21153846153846154,1,0.019230769230769232,-10
P0,P0_derivative_amplitude_deciles,REGION_AGGREGATES_ALL,ds004504__EC,CN_vs_FTD,11,CN,FTD,52,5,0.6923076923076923,0.6730769230769231,-0.019230769230769162,0.6836581709145427,0.684407796101949,0.0007496251874062887,0.6848484848484848,0.6729559748427674,-0.01189251000571745,0.3718028146026197,0.3707662738457382,-0.0010365407568815321,0.7096774193548387,0.7727272727272727,0.06304985337243396,0.7586206896551724,0.5862068965517241,-0.1724137931034483,0.7333333333333333,0.6666666666666667,-0.06666666666666654,29,29,0.0,0.6666666666666666,0.6,-0.06666666666666665,0.6086956521739131,0.782608695652174,0.17391304347826086,0.6363636363636365,0.6792452830188679,0.04288164665523142,23,23,0.0,14,18,4.0,22,17,-5.0,7,12,5.0,9,5,-4.0,13,0.25,7,0.1346153846153846,6,0.11538461538461539,-1
P0,P0_derivative_amplitude_deciles,REGION_AGGREGATES_ALL,ds004504__EC,CN_vs_FTD,12,CN,FTD,52,5,0.7884615384615384,0.7115384615384616,-0.07692307692307687,0.787856071964018,0.7188905547226387,-0.06896551724137923,0.7864874953340799,0.7114317425083241,-0.07505575282575583,0.5735663588102755,0.436149418678647,-0.13741694013162853,0.8214285714285714,0.7916666666666666,-0.029761904761904767,0.7931034482758621,0.6551724137931034,-0.13793103448275867,0.8070175438596492,0.7169811320754716,-0.09003641178417754,29,29,0.0,0.75,0.6428571428571429,-0.1071428571428571,0.782608695652174,0.782608695652174,0.0,0.7659574468085107,0.7058823529411765,-0.06007509386733423,23,23,0.0,18,18,0.0,23,19,-4.0,6,10,4.0,5,5,0.0,12,0.23076923076923078,8,0.15384615384615385,4,0.07692307692307693,-4
P0,P0_derivative_amplitude_deciles,REGION_AGGREGATES_ALL,ds004504__EC,CN_vs_FTD,13,CN,FTD,52,5,0.8076923076923077,0.7115384615384616,-0.09615384615384615,0.8095952023988007,0.7143928035982009,-0.09520239880059977,0.8065476190476191,0.7105751391465678,-0.09597247990105129,0.6155101914869567,0.4259217009643015,-0.18958849052265525,0.8518518518518519,0.7692307692307693,-0.08262108262108259,0.7931034482758621,0.6896551724137931,-0.10344827586206895,0.8214285714285715,0.7272727272727274,-0.0941558441558441,29,29,0.0,0.76,0.6538461538461539,-0.10615384615384615,0.8260869565217391,0.7391304347826086,-0.08695652173913049,0.7916666666666667,0.693877551020408,-0.0977891156462587,23,23,0.0,19,17,-2.0,23,20,-3.0,6,9,3.0,4,6,2.0,9,0.17307692307692307,7,0.1346153846153846,2,0.038461538461538464,-5
P0,P0_derivative_amplitude_deciles,REGION_AGGREGATES_ALL,ds004504__EC,CN_vs_FTD,14,CN,FTD,52,5,0.6923076923076923,0.7307692307692307,0.038461538461538436,0.7061469265367316,0.7316341829085458,0.02548725637181415,0.6918518518518519,0.7291666666666667,0.0373148148148148,0.41732968986008334,0.4605148890301928,0.043185199170109434,0.8095238095238095,0.7777777777777778,-0.031746031746031744,0.5862068965517241,0.7241379310344828,0.13793103448275867,0.68,0.75,0.06999999999999995,29,29,0.0,0.6129032258064516,0.68,0.06709677419354843,0.8260869565217391,0.7391304347826086,-0.08695652173913049,0.7037037037037037,0.7083333333333334,0.00462962962962965,23,23,0.0,19,17,-2.0,17,21,4.0,12,8,-4.0,4,6,2.0,8,0.15384615384615385,3,0.057692307692307696,5,0.09615384615384616,2
P0,P0_derivative_amplitude_deciles,REGION_AGGREGATES_ALL,ds004504__EC,CN_vs_FTD,15,CN,FTD,52,5,0.8269230769230769,0.6923076923076923,-0.13461538461538458,0.8223388305847077,0.7016491754122939,-0.12068965517241381,0.823728813559322,0.6923076923076923,-0.13142112125162975,0.6480873892425505,0.4032983508245877,-0.2447890384179628,0.8333333333333334,0.782608695652174,-0.050724637681159424,0.8620689655172413,0.6206896551724138,-0.2413793103448275,0.847457627118644,0.6923076923076923,-0.15514993481095174,29,29,0.0,0.8181818181818182,0.6206896551724138,-0.19749216300940442,0.782608695652174,0.782608695652174,0.0,0.8,0.6923076923076923,-0.10769230769230775,23,23,0.0,18,18,0.0,25,18,-7.0,4,11,7.0,5,5,0.0,15,0.28846153846153844,11,0.21153846153846154,4,0.07692307692307693,-7
P0,P0_derivative_amplitude_deciles,REGION_AGGREGATES_ALL,ds004504__EC,CN_vs_FTD,16,CN,FTD,52,5,0.75,0.6923076923076923,-0.05769230769230771,0.7488755622188905,0.697151424287856,-0.051724137931034475,0.7476670399402762,0.6918518518518519,-0.05581518808842423,0.4958959143880507,0.39195927448200873,-0.10393663990604196,0.7857142857142857,0.76,-0.02571428571428569,0.7586206896551724,0.6551724137931034,-0.10344827586206895,0.7719298245614034,0.7037037037037037,-0.06822612085769963,29,29,0.0,0.7083333333333334,0.6296296296296297,-0.07870370370370372,0.7391304347826086,0.7391304347826086,0.0,0.723404255319149,0.68,-0.04340425531914893,23,23,0.0,17,17,0.0,22,19,-3.0,7,10,3.0,6,6,0.0,13,0.25,8,0.15384615384615385,5,0.09615384615384616,-3
P0,P0_derivative_amplitude_deciles,REGION_AGGREGATES_ALL,ds004504__EC,CN_vs_FTD,17,CN,FTD,52,5,0.8076923076923077,0.5769230769230769,-0.23076923076923084,0.800599700149925,0.5667166416791605,-0.23388305847076452,0.803030303030303,0.5666666666666667,-0.23636363636363633,0.6085425659414306,0.1350630632638088,-0.47347950267762184,0.8064516129032258,0.6129032258064516,-0.19354838709677413,0.8620689655172413,0.6551724137931034,-0.2068965517241379,0.8333333333333334,0.6333333333333333,-0.20000000000000007,29,29,0.0,0.8095238095238095,0.5238095238095238,-0.2857142857142857,0.7391304347826086,0.4782608695652174,-0.26086956521739124,0.7727272727272727,0.5,-0.2727272727272727,23,23,0.0,17,11,-6.0,25,19,-6.0,4,10,6.0,6,12,6.0,18,0.34615384615384615,15,0.28846153846153844,3,0.057692307692307696,-12
P0,P0_derivative_amplitude_deciles,REGION_AGGREGATES_ALL,ds004504__EC,CN_vs_FTD,18,CN,FTD,52,5,0.7307692307692307,0.5961538461538461,-0.13461538461538458,0.7406296851574212,0.6064467766116941,-0.13418290854572712,0.7307692307692308,0.5960044395116537,-0.13476479125757712,0.48125937031484256,0.21401955644753992,-0.26723981386730267,0.8260869565217391,0.6818181818181818,-0.14426877470355737,0.6551724137931034,0.5172413793103449,-0.13793103448275856,0.7307692307692308,0.5882352941176471,-0.14253393665158376,29,29,0.0,0.6551724137931034,0.5333333333333333,-0.1218390804597701,0.8260869565217391,0.6956521739130435,-0.13043478260869568,0.7307692307692308,0.6037735849056605,-0.12699564586357037,23,23,0.0,19,16,-3.0,19,15,-4.0,10,14,4.0,4,7,3.0,9,0.17307692307692307,8,0.15384615384615385,1,0.019230769230769232,-7
P0,P0_derivative_amplitude_deciles,REGION_AGGREGATES_ALL,ds004504__EC,CN_vs_FTD,19,CN,FTD,52,5,0.7884615384615384,0.6153846153846154,-0.17307692307692302,0.787856071964018,0.6281859070464768,-0.15967016491754116,0.7864874953340799,0.6148148148148149,-0.171672680519265,0.5735663588102755,0.25950318896754276,-0.31406316984273275,0.8214285714285714,0.7142857142857143,-0.1071428571428571,0.7931034482758621,0.5172413793103449,-0.27586206896551724,0.8070175438596492,0.6000000000000001,-0.2070175438596491,29,29,0.0,0.75,0.5483870967741935,-0.2016129032258065,0.782608695652174,0.7391304347826086,-0.0434782608695653,0.7659574468085107,0.6296296296296297,-0.1363278171788811,23,23,0.0,18,17,-1.0,23,15,-8.0,6,14,8.0,5,6,1.0,11,0.21153846153846154,10,0.19230769230769232,1,0.019230769230769232,-9
P0,P0_derivative_amplitude_deciles,REGION_AGGREGATES_ALL,ds004504__EC,CN_vs_FTD,20,CN,FTD,52,5,0.7307692307692307,0.5961538461538461,-0.13461538461538458,0.7271364317841079,0.588455772113943,-0.13868065967016496,0.7271364317841079,0.5887005649717514,-0.13843586681235653,0.4542728635682159,0.17784723704795571,-0.27642562652026015,0.7586206896551724,0.6333333333333333,-0.12528735632183907,0.7586206896551724,0.6551724137931034,-0.10344827586206895,0.7586206896551724,0.6440677966101694,-0.11455289304500293,29,29,0.0,0.6956521739130435,0.5454545454545454,-0.15019762845849804,0.6956521739130435,0.5217391304347826,-0.17391304347826086,0.6956521739130435,0.5333333333333332,-0.16231884057971024,23,23,0.0,16,12,-4.0,22,19,-3.0,7,10,3.0,7,11,4.0,11,0.21153846153846154,9,0.17307692307692307,2,0.038461538461538464,-7
P0,P0_derivative_amplitude_deciles,REGION_AGGREGATES_ALL,ds006036__EO_or_photomark,AD_FTD_vs_CN,1,CN,AD_FTD,88,5,0.75,0.7727272727272727,0.022727272727272707,0.6908240794856809,0.7165400350672122,0.02571595558153128,0.6997518610421837,0.7270471464019851,0.027295285359801413,0.40828890667014106,0.4633109951647389,0.05502208849459783,0.6521739130434783,0.6956521739130435,0.04347826086956519,0.5172413793103449,0.5517241379310345,0.03448275862068961,0.576923076923077,0.6153846153846154,0.038461538461538436,29,29,0.0,0.7846153846153846,0.8,0.015384615384615441,0.864406779661017,0.8813559322033898,0.016949152542372836,0.8225806451612904,0.8387096774193548,0.01612903225806439,59,59,0.0,51,52,1.0,15,16,1.0,14,13,-1.0,8,7,-1.0,10,0.11363636363636363,4,0.045454545454545456,6,0.06818181818181818,2
P0,P0_derivative_amplitude_deciles,REGION_AGGREGATES_ALL,ds006036__EO_or_photomark,AD_FTD_vs_CN,2,CN,AD_FTD,88,5,0.7159090909090909,0.75,0.03409090909090906,0.6829339567504383,0.7083576855639977,0.025423728813559365,0.6812979863827322,0.7119047619047618,0.030606775522029617,0.3628062034943636,0.4247346824360262,0.06192847894166259,0.5666666666666667,0.6296296296296297,0.062962962962963,0.5862068965517241,0.5862068965517241,0.0,0.576271186440678,0.6071428571428571,0.03087167070217911,29,29,0.0,0.7931034482758621,0.8032786885245902,0.010175240248728068,0.7796610169491526,0.8305084745762712,0.05084745762711862,0.7863247863247863,0.8166666666666667,0.030341880341880345,59,59,0.0,46,49,3.0,17,17,0.0,12,12,0.0,13,10,-3.0,11,0.125,4,0.045454545454545456,7,0.07954545454545454,3
P0,P0_derivative_amplitude_deciles,REGION_AGGREGATES_ALL,ds006036__EO_or_photomark,AD_FTD_vs_CN,3,CN,AD_FTD,88,5,0.6931818181818182,0.6704545454545454,-0.022727272727272818,0.6309175920514319,0.6402688486265342,0.009351256575102274,0.635526921306949,0.636208125445474,0.0006812041385250156,0.2763486843886456,0.2741241070207599,-0.0022245773678857272,0.5416666666666666,0.5,-0.04166666666666663,0.4482758620689655,0.5517241379310345,0.10344827586206895,0.49056603773584906,0.5245901639344263,0.0340241261985772,29,29,0.0,0.75,0.7678571428571429,0.017857142857142905,0.8135593220338984,0.7288135593220338,-0.08474576271186451,0.7804878048780488,0.7478260869565218,-0.032661717921527056,59,59,0.0,48,43,-5.0,13,16,3.0,16,13,-3.0,11,16,5.0,8,0.09090909090909091,5,0.056818181818181816,3,0.03409090909090909,-2
P0,P0_derivative_amplitude_deciles,REGION_AGGREGATES_ALL,ds006036__EO_or_photomark,AD_FTD_vs_CN,4,CN,AD_FTD,88,5,0.7613636363636364,0.7840909090909091,0.022727272727272707,0.7080654587960258,0.733781414377557,0.02571595558153117,0.7165209387942937,0.7435189446234085,0.026998005829114824,0.4391970162605261,0.49347979355115296,0.05428277729062686,0.6666666666666666,0.7083333333333334,0.04166666666666674,0.5517241379310345,0.5862068965517241,0.03448275862068961,0.6037735849056604,0.6415094339622641,0.037735849056603765,29,29,0.0,0.796875,0.8125,0.015625,0.864406779661017,0.8813559322033898,0.016949152542372836,0.8292682926829269,0.8455284552845529,0.016260162601625994,59,59,0.0,51,52,1.0,16,17,1.0,13,12,-1.0,8,7,-1.0,8,0.09090909090909091,3,0.03409090909090909,5,0.056818181818181816,2
P0,P0_derivative_amplitude_deciles,REGION_AGGREGATES_ALL,ds006036__EO_or_photomark,AD_FTD_vs_CN,5,CN,AD_FTD,88,5,0.7386363636363636,0.75,0.011363636363636354,0.7086499123319696,0.7083576855639977,-0.0002922267679719148,0.7067941474721136,0.7119047619047618,0.005110614432648264,0.413807714528715,0.4247346824360262,0.01092696790731118,0.6,0.6296296296296297,0.029629629629629672,0.6206896551724138,0.5862068965517241,-0.034482758620689724,0.6101694915254238,0.6071428571428571,-0.003026634382566673,29,29,0.0,0.8103448275862069,0.8032786885245902,-0.007066139061616683,0.7966101694915254,0.8305084745762712,0.03389830508474578,0.8034188034188032,0.8166666666666667,0.013247863247863423,59,59,0.0,47,49,2.0,18,17,-1.0,11,12,1.0,12,10,-2.0,11,0.125,5,0.056818181818181816,6,0.06818181818181818,1
P0,P0_derivative_amplitude_deciles,REGION_AGGREGATES_ALL,ds006036__EO_or_photomark,AD_FTD_vs_CN,6,CN,AD_FTD,88,5,0.7045454545454546,0.7045454545454546,0.0,0.6481589713617768,0.6744593804792518,0.026300409117475,0.652701882210079,0.6712643678160919,0.018562485606012924,0.30884649391005614,0.3433452563785626,0.03449876246850647,0.56,0.5483870967741935,-0.011612903225806548,0.4827586206896552,0.5862068965517241,0.1034482758620689,0.5185185185185185,0.5666666666666665,0.04814814814814805,29,29,0.0,0.7619047619047619,0.7894736842105263,0.027568922305764465,0.8135593220338984,0.7627118644067796,-0.05084745762711873,0.7868852459016393,0.7758620689655172,-0.011023176936122092,59,59,0.0,48,45,-3.0,14,17,3.0,15,12,-3.0,11,14,3.0,12,0.13636363636363635,6,0.06818181818181818,6,0.06818181818181818,0
P0,P0_derivative_amplitude_deciles,REGION_AGGREGATES_ALL,ds006036__EO_or_photomark,AD_FTD_vs_CN,7,CN,AD_FTD,88,5,0.7386363636363636,0.7386363636363636,0.0,0.7174167153711279,0.7261835184102864,0.008766803039158444,0.7114754098360656,0.7156904059558926,0.004214996119827008,0.4248923658821779,0.43669640577467084,0.011804039892492957,0.59375,0.5882352941176471,-0.005514705882352922,0.6551724137931034,0.6896551724137931,0.034482758620689724,0.6229508196721311,0.6349206349206349,0.011969815248503823,29,29,0.0,0.8214285714285714,0.8333333333333334,0.011904761904761973,0.7796610169491526,0.7627118644067796,-0.016949152542372947,0.8,0.7964601769911505,-0.0035398230088495852,59,59,0.0,46,45,-1.0,19,20,1.0,10,9,-1.0,13,14,1.0,14,0.1590909090909091,7,0.07954545454545454,7,0.07954545454545454,0
P0,P0_derivative_amplitude_deciles,REGION_AGGREGATES_ALL,ds006036__EO_or_photomark,AD_FTD_vs_CN,8,CN,AD_FTD,88,5,0.7159090909090909,0.8181818181818182,0.10227272727272729,0.6654003506721216,0.7767387492694331,0.11133839859731154,0.6694214876033058,0.7862780813600486,0.11685659375674284,0.340807314924767,0.5768789541081325,0.2360716391833655,0.5769230769230769,0.76,0.18307692307692314,0.5172413793103449,0.6551724137931034,0.13793103448275856,0.5454545454545454,0.7037037037037037,0.1582491582491583,29,29,0.0,0.7741935483870968,0.8412698412698413,0.06707629288274453,0.8135593220338984,0.8983050847457628,0.0847457627118644,0.7933884297520662,0.8688524590163935,0.07546402926432727,59,59,0.0,48,53,5.0,15,19,4.0,14,10,-4.0,11,6,-5.0,13,0.14772727272727273,2,0.022727272727272728,11,0.125,9
P0,P0_derivative_amplitude_deciles,REGION_AGGREGATES_ALL,ds006036__EO_or_photomark,AD_FTD_vs_CN,9,CN,AD_FTD,88,5,0.7272727272727273,0.7954545454545454,0.06818181818181812,0.6563413208649913,0.733489187609585,0.07714786674459373,0.6647619047619048,0.7485714285714287,0.08380952380952389,0.34481148947403906,0.5149614581116957,0.17014996863765663,0.6190476190476191,0.7619047619047619,0.1428571428571428,0.4482758620689655,0.5517241379310345,0.10344827586206895,0.52,0.64,0.12,29,29,0.0,0.7611940298507462,0.8059701492537313,0.04477611940298509,0.864406779661017,0.9152542372881356,0.05084745762711862,0.8095238095238095,0.8571428571428572,0.04761904761904767,59,59,0.0,51,54,3.0,13,16,3.0,16,13,-3.0,8,5,-3.0,8,0.09090909090909091,1,0.011363636363636364,7,0.07954545454545454,6
P0,P0_derivative_amplitude_deciles,REGION_AGGREGATES_ALL,ds006036__EO_or_photomark,AD_FTD_vs_CN,10,CN,AD_FTD,88,5,0.7840909090909091,0.7613636363636364,-0.022727272727272707,0.7250146113383986,0.7168322618351841,-0.008182349503214503,0.7377254901960785,0.7223140495867768,-0.015411440609301663,0.48852007175798084,0.4467827344066733,-0.041737337351307524,0.7272727272727273,0.6538461538461539,-0.07342657342657344,0.5517241379310345,0.5862068965517241,0.03448275862068961,0.6274509803921569,0.6181818181818182,-0.009269162210338688,29,29,0.0,0.803030303030303,0.8064516129032258,0.003421309872922773,0.8983050847457628,0.847457627118644,-0.05084745762711873,0.8480000000000001,0.8264462809917354,-0.021553719008264638,59,59,0.0,53,50,-3.0,16,17,1.0,13,12,-1.0,6,9,3.0,10,0.11363636363636363,6,0.06818181818181818,4,0.045454545454545456,-2
P0,P0_derivative_amplitude_deciles,REGION_AGGREGATES_ALL,ds006036__EO_or_photomark,AD_FTD_vs_CN,11,CN,AD_FTD,88,5,0.7386363636363636,0.7613636363636364,0.022727272727272707,0.6823495032144944,0.6992986557568673,0.016949152542372947,0.6895229329651787,0.7101176470588235,0.020594714093644773,0.3849142389698993,0.4326892064142116,0.04777496744431231,0.625,0.6818181818181818,0.05681818181818177,0.5172413793103449,0.5172413793103449,0.0,0.5660377358490567,0.5882352941176471,0.02219755826859038,29,29,0.0,0.78125,0.7878787878787878,0.006628787878787845,0.847457627118644,0.8813559322033898,0.03389830508474578,0.8130081300813008,0.832,0.018991869918699167,59,59,0.0,50,52,2.0,15,15,0.0,14,14,0.0,9,7,-2.0,12,0.13636363636363635,5,0.056818181818181816,7,0.07954545454545454,2
P0,P0_derivative_amplitude_deciles,REGION_AGGREGATES_ALL,ds006036__EO_or_photomark,AD_FTD_vs_CN,12,CN,AD_FTD,88,5,0.75,0.7613636363636364,0.011363636363636354,0.6908240794856809,0.7431326709526593,0.052308591466978416,0.6997518610421837,0.7365645046329294,0.036812643590745764,0.40828890667014106,0.47514845216931717,0.06685954549917611,0.6521739130434783,0.625,-0.02717391304347827,0.5172413793103449,0.6896551724137931,0.1724137931034483,0.576923076923077,0.6557377049180328,0.07881462799495587,29,29,0.0,0.7846153846153846,0.8392857142857143,0.0546703296703297,0.864406779661017,0.7966101694915254,-0.06779661016949157,0.8225806451612904,0.8173913043478261,-0.005189340813464227,59,59,0.0,51,47,-4.0,15,20,5.0,14,9,-5.0,8,12,4.0,13,0.14772727272727273,6,0.06818181818181818,7,0.07954545454545454,1
P0,P0_derivative_amplitude_deciles,REGION_AGGREGATES_ALL,ds006036__EO_or_photomark,AD_FTD_vs_CN,13,CN,AD_FTD,88,5,0.75,0.8181818181818182,0.06818181818181823,0.7083576855639977,0.7679719462302748,0.059614260666277064,0.7119047619047618,0.7816377171215881,0.06973295521682632,0.4247346824360262,0.5733551721539346,0.14862048971790842,0.6296296296296297,0.782608695652174,0.1529790660225443,0.5862068965517241,0.6206896551724138,0.034482758620689724,0.6071428571428571,0.6923076923076923,0.0851648351648352,29,29,0.0,0.8032786885245902,0.8307692307692308,0.027490542244640648,0.8305084745762712,0.9152542372881356,0.0847457627118644,0.8166666666666667,0.870967741935484,0.054301075268817334,59,59,0.0,49,54,5.0,17,18,1.0,12,11,-1.0,10,5,-5.0,12,0.13636363636363635,3,0.03409090909090909,9,0.10227272727272728,6
P0,P0_derivative_amplitude_deciles,REGION_AGGREGATES_ALL,ds006036__EO_or_photomark,AD_FTD_vs_CN,14,CN,AD_FTD,88,5,0.7613636363636364,0.7954545454545454,0.03409090909090906,0.7080654587960258,0.7510227936879018,0.04295733489187603,0.7165209387942937,0.7595628415300546,0.04304190273576092,0.4391970162605261,0.5232724620685172,0.08407544580799109,0.6666666666666666,0.72,0.053333333333333344,0.5517241379310345,0.6206896551724138,0.06896551724137934,0.6037735849056604,0.6666666666666666,0.06289308176100628,29,29,0.0,0.796875,0.8253968253968254,0.02852182539682535,0.864406779661017,0.8813559322033898,0.016949152542372836,0.8292682926829269,0.8524590163934426,0.02319072371051567,59,59,0.0,51,52,1.0,16,18,2.0,13,11,-2.0,8,7,-1.0,7,0.07954545454545454,2,0.022727272727272728,5,0.056818181818181816,3
P0,P0_derivative_amplitude_deciles,REGION_AGGREGATES_ALL,ds006036__EO_or_photomark,AD_FTD_vs_CN,15,CN,AD_FTD,88,5,0.7272727272727273,0.7727272727272727,0.045454545454545414,0.6826417299824664,0.7253068381063705,0.042665108123904116,0.6857142857142857,0.7328476017000607,0.04713331598577497,0.3723130105505138,0.469665970028902,0.09735295947838818,0.5925925925925926,0.68,0.08740740740740749,0.5517241379310345,0.5862068965517241,0.03448275862068961,0.5714285714285714,0.6296296296296295,0.05820105820105814,29,29,0.0,0.7868852459016393,0.8095238095238095,0.022638563622170205,0.8135593220338984,0.864406779661017,0.05084745762711862,0.8,0.8360655737704918,0.0360655737704918,59,59,0.0,48,51,3.0,16,17,1.0,13,12,-1.0,11,8,-3.0,4,0.045454545454545456,0,0.0,4,0.045454545454545456,4
P0,P0_derivative_amplitude_deciles,REGION_AGGREGATES_ALL,ds006036__EO_or_photomark,AD_FTD_vs_CN,16,CN,AD_FTD,88,5,0.7045454545454546,0.7840909090909091,0.07954545454545447,0.6656925774400935,0.7250146113383986,0.05932203389830515,0.6656925774400935,0.7377254901960785,0.072032912755985,0.33138515488018705,0.48852007175798084,0.1571349168777938,0.5517241379310345,0.7272727272727273,0.17554858934169282,0.5517241379310345,0.5517241379310345,0.0,0.5517241379310345,0.6274509803921569,0.07572684246112238,29,29,0.0,0.7796610169491526,0.803030303030303,0.02336928608115041,0.7796610169491526,0.8983050847457628,0.11864406779661019,0.7796610169491526,0.8480000000000001,0.06833898305084751,59,59,0.0,46,53,7.0,16,16,0.0,13,13,0.0,13,6,-7.0,13,0.14772727272727273,3,0.03409090909090909,10,0.11363636363636363,7
P0,P0_derivative_amplitude_deciles,REGION_AGGREGATES_ALL,ds006036__EO_or_photomark,AD_FTD_vs_CN,17,CN,AD_FTD,88,5,0.7613636363636364,0.7727272727272727,0.011363636363636354,0.7168322618351841,0.7253068381063705,0.008474576271186418,0.7223140495867768,0.7328476017000607,0.010533552113283884,0.4467827344066733,0.469665970028902,0.02288323562222866,0.6538461538461539,0.68,0.026153846153846194,0.5862068965517241,0.5862068965517241,0.0,0.6181818181818182,0.6296296296296295,0.011447811447811373,29,29,0.0,0.8064516129032258,0.8095238095238095,0.003072196620583778,0.847457627118644,0.864406779661017,0.016949152542372947,0.8264462809917354,0.8360655737704918,0.009619292778756394,59,59,0.0,50,51,1.0,17,17,0.0,12,12,0.0,9,8,-1.0,9,0.10227272727272728,4,0.045454545454545456,5,0.056818181818181816,1
P0,P0_derivative_amplitude_deciles,REGION_AGGREGATES_ALL,ds006036__EO_or_photomark,AD_FTD_vs_CN,18,CN,AD_FTD,88,5,0.7386363636363636,0.8068181818181818,0.06818181818181812,0.6735827001753361,0.7682641729982467,0.09468147282291062,0.6825098039215686,0.775206611570248,0.09269680764867938,0.37685834107044236,0.5527581538885796,0.17589981281813727,0.6363636363636364,0.7307692307692307,0.09440559440559437,0.4827586206896552,0.6551724137931034,0.17241379310344823,0.5490196078431373,0.6909090909090909,0.14188948306595361,29,29,0.0,0.7727272727272727,0.8387096774193549,0.06598240469208216,0.864406779661017,0.8813559322033898,0.016949152542372836,0.8159999999999998,0.859504132231405,0.043504132231405146,59,59,0.0,51,52,1.0,14,19,5.0,15,10,-5.0,8,7,-1.0,10,0.11363636363636363,2,0.022727272727272728,8,0.09090909090909091,6
P0,P0_derivative_amplitude_deciles,REGION_AGGREGATES_ALL,ds006036__EO_or_photomark,AD_FTD_vs_CN,19,CN,AD_FTD,88,5,0.7159090909090909,0.7045454545454546,-0.011363636363636354,0.6566335476329632,0.6569257744009351,0.0002922267679719148,0.6625249271360638,0.6595238095238095,-0.0030011176122543004,0.3306314616792725,0.31989133866500147,-0.010740123014271019,0.5833333333333334,0.5555555555555556,-0.02777777777777779,0.4827586206896552,0.5172413793103449,0.03448275862068967,0.5283018867924529,0.5357142857142857,0.0074123989218327635,29,29,0.0,0.765625,0.7704918032786885,0.004866803278688492,0.8305084745762712,0.7966101694915254,-0.03389830508474578,0.7967479674796748,0.7833333333333333,-0.013414634146341475,59,59,0.0,49,47,-2.0,14,15,1.0,15,14,-1.0,10,12,2.0,7,0.07954545454545454,4,0.045454545454545456,3,0.03409090909090909,-1
P0,P0_derivative_amplitude_deciles,REGION_AGGREGATES_ALL,ds006036__EO_or_photomark,AD_FTD_vs_CN,20,CN,AD_FTD,88,5,0.7045454545454546,0.7159090909090909,0.011363636363636354,0.6569257744009351,0.6741671537112799,0.01724137931034475,0.6595238095238095,0.6756597375792422,0.016135928055432736,0.31989133866500147,0.3515334157589378,0.03164207709393635,0.5555555555555556,0.5714285714285714,0.015873015873015817,0.5172413793103449,0.5517241379310345,0.03448275862068961,0.5357142857142857,0.5614035087719299,0.025689223057644206,29,29,0.0,0.7704918032786885,0.7833333333333333,0.012841530054644834,0.7966101694915254,0.7966101694915254,0.0,0.7833333333333333,0.7899159663865546,0.006582633053221265,59,59,0.0,47,47,0.0,15,16,1.0,14,13,-1.0,12,12,0.0,13,0.14772727272727273,6,0.06818181818181818,7,0.07954545454545454,1
P0,P0_derivative_amplitude_deciles,REGION_AGGREGATES_ALL,ds006036__EO_or_photomark,AD_vs_CN,1,CN,AD,65,5,0.7692307692307693,0.7538461538461538,-0.015384615384615441,0.7480842911877394,0.7375478927203065,-0.010536398467432928,0.7500640861317611,0.74,-0.01006408613176113,0.5511811148433216,0.5050047249988376,-0.04617638984448391,0.8888888888888888,0.8095238095238095,-0.0793650793650793,0.5517241379310345,0.5862068965517241,0.03448275862068961,0.6808510638297872,0.68,-0.0008510638297871687,29,29,0.0,0.723404255319149,0.7272727272727273,0.003868471953578312,0.9444444444444444,0.8888888888888888,-0.05555555555555558,0.8192771084337349,0.7999999999999999,-0.01927710843373498,36,36,0.0,34,32,-2.0,16,17,1.0,13,12,-1.0,2,4,2.0,5,0.07692307692307693,3,0.046153846153846156,2,0.03076923076923077,-1
P0,P0_derivative_amplitude_deciles,REGION_AGGREGATES_ALL,ds006036__EO_or_photomark,AD_vs_CN,2,CN,AD,65,5,0.7692307692307693,0.7076923076923077,-0.06153846153846154,0.7514367816091954,0.685823754789272,-0.06561302681992331,0.7543461829176115,0.6834145091002306,-0.07093167381738086,0.5416114030164013,0.41285380802936056,-0.12875759498704076,0.85,0.7777777777777778,-0.07222222222222219,0.5862068965517241,0.4827586206896552,-0.1034482758620689,0.6938775510204082,0.5957446808510638,-0.09813287016934436,29,29,0.0,0.7333333333333333,0.6808510638297872,-0.052482269503546064,0.9166666666666666,0.8888888888888888,-0.02777777777777779,0.8148148148148148,0.7710843373493975,-0.04373047746541725,36,36,0.0,33,32,-1.0,17,14,-3.0,12,15,3.0,3,4,1.0,6,0.09230769230769231,5,0.07692307692307693,1,0.015384615384615385,-4
P0,P0_derivative_amplitude_deciles,REGION_AGGREGATES_ALL,ds006036__EO_or_photomark,AD_vs_CN,3,CN,AD,65,5,0.7692307692307693,0.6615384615384615,-0.10769230769230775,0.7514367816091954,0.6508620689655172,-0.10057471264367812,0.7543461829176115,0.6515594541910332,-0.10278672872657824,0.5416114030164013,0.30829061524521933,-0.23332078777118198,0.85,0.64,-0.20999999999999996,0.5862068965517241,0.5517241379310345,-0.03448275862068961,0.6938775510204082,0.5925925925925927,-0.10128495842781549,29,29,0.0,0.7333333333333333,0.675,-0.05833333333333324,0.9166666666666666,0.75,-0.16666666666666663,0.8148148148148148,0.7105263157894738,-0.10428849902534099,36,36,0.0,33,27,-6.0,17,16,-1.0,12,13,1.0,3,9,6.0,9,0.13846153846153847,8,0.12307692307692308,1,0.015384615384615385,-7
P0,P0_derivative_amplitude_deciles,REGION_AGGREGATES_ALL,ds006036__EO_or_photomark,AD_vs_CN,4,CN,AD,65,5,0.7384615384615385,0.7384615384615385,0.0,0.7270114942528736,0.7236590038314177,-0.0033524904214559115,0.7292330311198236,0.7257383966244726,-0.0034946344953510344,0.46766034221713354,0.46991689875133896,0.002256556534205423,0.75,0.7727272727272727,0.022727272727272707,0.6206896551724138,0.5862068965517241,-0.034482758620689724,0.679245283018868,0.6666666666666667,-0.012578616352201255,29,29,0.0,0.7317073170731707,0.7209302325581395,-0.010777084515031232,0.8333333333333334,0.8611111111111112,0.02777777777777779,0.7792207792207793,0.7848101265822784,0.005589347361499186,36,36,0.0,30,31,1.0,18,17,-1.0,11,12,1.0,6,5,-1.0,12,0.18461538461538463,6,0.09230769230769231,6,0.09230769230769231,0
P0,P0_derivative_amplitude_deciles,REGION_AGGREGATES_ALL,ds006036__EO_or_photomark,AD_vs_CN,5,CN,AD,65,5,0.8,0.7538461538461538,-0.04615384615384621,0.7792145593869731,0.7409003831417624,-0.03831417624521072,0.7833888746475262,0.7435897435897436,-0.039799131057782544,0.620344768250302,0.500874789030501,-0.11946997921980107,0.9444444444444444,0.782608695652174,-0.16183574879227047,0.5862068965517241,0.6206896551724138,0.034482758620689724,0.7234042553191489,0.6923076923076923,-0.03109656301145658,29,29,0.0,0.7446808510638298,0.7380952380952381,-0.006585612968591614,0.9722222222222222,0.8611111111111112,-0.11111111111111105,0.8433734939759036,0.7948717948717949,-0.04850169910410862,36,36,0.0,35,31,-4.0,17,18,1.0,12,11,-1.0,1,5,4.0,7,0.1076923076923077,5,0.07692307692307693,2,0.03076923076923077,-3
P0,P0_derivative_amplitude_deciles,REGION_AGGREGATES_ALL,ds006036__EO_or_photomark,AD_vs_CN,6,CN,AD,65,5,0.7846153846153846,0.7384615384615385,-0.0461538461538461,0.7653256704980842,0.7270114942528736,-0.03831417624521061,0.7688008130081301,0.7292330311198236,-0.03956778188830645,0.5799676891811637,0.46766034221713354,-0.11230734696403016,0.8947368421052632,0.75,-0.14473684210526316,0.5862068965517241,0.6206896551724138,0.034482758620689724,0.7083333333333333,0.679245283018868,-0.029088050314465264,29,29,0.0,0.7391304347826086,0.7317073170731707,-0.007423117709437932,0.9444444444444444,0.8333333333333334,-0.11111111111111105,0.8292682926829269,0.7792207792207793,-0.05004751346214764,36,36,0.0,34,30,-4.0,17,18,1.0,12,11,-1.0,2,6,4.0,9,0.13846153846153847,6,0.09230769230769231,3,0.046153846153846156,-3
P0,P0_derivative_amplitude_deciles,REGION_AGGREGATES_ALL,ds006036__EO_or_photomark,AD_vs_CN,7,CN,AD,65,5,0.7230769230769231,0.7692307692307693,0.04615384615384621,0.7131226053639848,0.7547892720306513,0.04166666666666652,0.7149122807017545,0.7580044676098288,0.04309218690807426,0.43552166280673843,0.5353228910828958,0.09980122827615734,0.72,0.8181818181818182,0.09818181818181826,0.6206896551724138,0.6206896551724138,0.0,0.6666666666666666,0.7058823529411765,0.03921568627450989,29,29,0.0,0.725,0.7441860465116279,0.01918604651162792,0.8055555555555556,0.8888888888888888,0.08333333333333326,0.7631578947368423,0.8101265822784809,0.04696868754163863,36,36,0.0,29,32,3.0,18,18,0.0,11,11,0.0,7,4,-3.0,5,0.07692307692307693,1,0.015384615384615385,4,0.06153846153846154,3
P0,P0_derivative_amplitude_deciles,REGION_AGGREGATES_ALL,ds006036__EO_or_photomark,AD_vs_CN,8,CN,AD,65,5,0.7538461538461538,0.7230769230769231,-0.03076923076923077,0.7375478927203065,0.7064176245210728,-0.0311302681992337,0.74,0.7075,-0.03249999999999997,0.5050047249988376,0.4388246703114899,-0.06618005468734772,0.8095238095238095,0.7619047619047619,-0.04761904761904767,0.5862068965517241,0.5517241379310345,-0.03448275862068961,0.68,0.64,-0.040000000000000036,29,29,0.0,0.7272727272727273,0.7045454545454546,-0.022727272727272707,0.8888888888888888,0.8611111111111112,-0.02777777777777768,0.7999999999999999,0.775,-0.02499999999999991,36,36,0.0,32,31,-1.0,17,16,-1.0,12,13,1.0,4,5,1.0,8,0.12307692307692308,5,0.07692307692307693,3,0.046153846153846156,-2
P0,P0_derivative_amplitude_deciles,REGION_AGGREGATES_ALL,ds006036__EO_or_photomark,AD_vs_CN,9,CN,AD,65,5,0.7384615384615385,0.6923076923076923,-0.04615384615384621,0.7136015325670498,0.6719348659003832,-0.04166666666666663,0.711111111111111,0.6697154471544716,-0.041395663956639406,0.4929769096843163,0.3758274375740754,-0.1171494721102409,0.875,0.7368421052631579,-0.13815789473684215,0.4827586206896552,0.4827586206896552,0.0,0.6222222222222222,0.5833333333333334,-0.03888888888888886,29,29,0.0,0.6938775510204082,0.6739130434782609,-0.01996450754214729,0.9444444444444444,0.8611111111111112,-0.08333333333333326,0.7999999999999999,0.7560975609756099,-0.04390243902439006,36,36,0.0,34,31,-3.0,14,14,0.0,15,15,0.0,2,5,3.0,5,0.07692307692307693,4,0.06153846153846154,1,0.015384615384615385,-3
P0,P0_derivative_amplitude_deciles,REGION_AGGREGATES_ALL,ds006036__EO_or_photomark,AD_vs_CN,10,CN,AD,65,5,0.8,0.7076923076923077,-0.09230769230769231,0.7792145593869731,0.6958812260536398,-0.08333333333333337,0.7833888746475262,0.6973780936045086,-0.08601078104301751,0.620344768250302,0.4035297045713241,-0.21681506367897796,0.9444444444444444,0.7083333333333334,-0.23611111111111105,0.5862068965517241,0.5862068965517241,0.0,0.7234042553191489,0.6415094339622641,-0.08189482135688475,29,29,0.0,0.7446808510638298,0.7073170731707317,-0.03736377789309808,0.9722222222222222,0.8055555555555556,-0.16666666666666663,0.8433734939759036,0.7532467532467532,-0.09012674072915039,36,36,0.0,35,29,-6.0,17,17,0.0,12,12,0.0,1,7,6.0,10,0.15384615384615385,8,0.12307692307692308,2,0.03076923076923077,-6
P0,P0_derivative_amplitude_deciles,REGION_AGGREGATES_ALL,ds006036__EO_or_photomark,AD_vs_CN,11,CN,AD,65,5,0.8,0.7846153846153846,-0.015384615384615441,0.7792145593869731,0.7686781609195402,-0.010536398467432928,0.7833888746475262,0.7725000000000001,-0.010888874647526081,0.620344768250302,0.5711847796861853,-0.04915998856411674,0.9444444444444444,0.8571428571428571,-0.08730158730158732,0.5862068965517241,0.6206896551724138,0.034482758620689724,0.7234042553191489,0.7200000000000001,-0.0034042553191487857,29,29,0.0,0.7446808510638298,0.75,0.005319148936170248,0.9722222222222222,0.9166666666666666,-0.05555555555555558,0.8433734939759036,0.8250000000000001,-0.018373493975903488,36,36,0.0,35,33,-2.0,17,18,1.0,12,11,-1.0,1,3,2.0,5,0.07692307692307693,3,0.046153846153846156,2,0.03076923076923077,-1
P0,P0_derivative_amplitude_deciles,REGION_AGGREGATES_ALL,ds006036__EO_or_photomark,AD_vs_CN,12,CN,AD,65,5,0.7230769230769231,0.7692307692307693,0.04615384615384621,0.7030651340996168,0.7581417624521073,0.0550766283524905,0.7027439024390244,0.7610879686351384,0.058344066196113986,0.44387418810977153,0.531790979862943,0.08791679175317146,0.7894736842105263,0.7916666666666666,0.002192982456140302,0.5172413793103449,0.6551724137931034,0.13793103448275856,0.625,0.7169811320754716,0.09198113207547165,29,29,0.0,0.6956521739130435,0.7560975609756098,0.0604453870625663,0.8888888888888888,0.8611111111111112,-0.02777777777777768,0.7804878048780488,0.8051948051948052,0.024707000316756433,36,36,0.0,32,31,-1.0,15,19,4.0,14,10,-4.0,4,5,1.0,11,0.16923076923076924,4,0.06153846153846154,7,0.1076923076923077,3
P0,P0_derivative_amplitude_deciles,REGION_AGGREGATES_ALL,ds006036__EO_or_photomark,AD_vs_CN,13,CN,AD,65,5,0.7384615384615385,0.7692307692307693,0.03076923076923077,0.7236590038314177,0.7514367816091954,0.02777777777777768,0.7257383966244726,0.7543461829176115,0.02860778629313887,0.46991689875133896,0.5416114030164013,0.07169450426506235,0.7727272727272727,0.85,0.07727272727272727,0.5862068965517241,0.5862068965517241,0.0,0.6666666666666667,0.6938775510204082,0.027210884353741416,29,29,0.0,0.7209302325581395,0.7333333333333333,0.012403100775193798,0.8611111111111112,0.9166666666666666,0.05555555555555547,0.7848101265822784,0.8148148148148148,0.030004688232536325,36,36,0.0,31,33,2.0,17,17,0.0,12,12,0.0,5,3,-2.0,8,0.12307692307692308,3,0.046153846153846156,5,0.07692307692307693,2
P0,P0_derivative_amplitude_deciles,REGION_AGGREGATES_ALL,ds006036__EO_or_photomark,AD_vs_CN,14,CN,AD,65,5,0.6923076923076923,0.6615384615384615,-0.03076923076923077,0.678639846743295,0.6542145593869731,-0.02442528735632188,0.6794871794871795,0.6549227799227799,-0.024564399564399597,0.371424048326793,0.31112287401302324,-0.060301174313769745,0.6956521739130435,0.6296296296296297,-0.06602254428341381,0.5517241379310345,0.5862068965517241,0.03448275862068961,0.6153846153846154,0.6071428571428571,-0.008241758241758323,29,29,0.0,0.6904761904761905,0.6842105263157895,-0.006265664160400974,0.8055555555555556,0.7222222222222222,-0.08333333333333337,0.7435897435897436,0.7027027027027027,-0.04088704088704087,36,36,0.0,29,26,-3.0,16,17,1.0,13,12,-1.0,7,10,3.0,10,0.15384615384615385,6,0.09230769230769231,4,0.06153846153846154,-2
P0,P0_derivative_amplitude_deciles,REGION_AGGREGATES_ALL,ds006036__EO_or_photomark,AD_vs_CN,15,CN,AD,65,5,0.8,0.7692307692307693,-0.03076923076923077,0.7792145593869731,0.7547892720306513,-0.02442528735632188,0.7833888746475262,0.7580044676098288,-0.0253844070376974,0.620344768250302,0.5353228910828958,-0.08502187716740628,0.9444444444444444,0.8181818181818182,-0.1262626262626262,0.5862068965517241,0.6206896551724138,0.034482758620689724,0.7234042553191489,0.7058823529411765,-0.017521902377972354,29,29,0.0,0.7446808510638298,0.7441860465116279,-0.0004948045522018552,0.9722222222222222,0.8888888888888888,-0.08333333333333337,0.8433734939759036,0.8101265822784809,-0.033246911697422665,36,36,0.0,35,32,-3.0,17,18,1.0,12,11,-1.0,1,4,3.0,6,0.09230769230769231,4,0.06153846153846154,2,0.03076923076923077,-2
P0,P0_derivative_amplitude_deciles,REGION_AGGREGATES_ALL,ds006036__EO_or_photomark,AD_vs_CN,16,CN,AD,65,5,0.8,0.7538461538461538,-0.04615384615384621,0.7792145593869731,0.7476053639846744,-0.031609195402298784,0.7833888746475262,0.7490347490347491,-0.034354125612777064,0.620344768250302,0.4995357946109721,-0.12080897363932996,0.9444444444444444,0.7407407407407407,-0.20370370370370372,0.5862068965517241,0.6896551724137931,0.10344827586206906,0.7234042553191489,0.7142857142857143,-0.009118541033434568,29,29,0.0,0.7446808510638298,0.7631578947368421,0.018477043673012394,0.9722222222222222,0.8055555555555556,-0.16666666666666663,0.8433734939759036,0.7837837837837838,-0.05958971019211978,36,36,0.0,35,29,-6.0,17,20,3.0,12,9,-3.0,1,7,6.0,11,0.16923076923076924,7,0.1076923076923077,4,0.06153846153846154,-3
P0,P0_derivative_amplitude_deciles,REGION_AGGREGATES_ALL,ds006036__EO_or_photomark,AD_vs_CN,17,CN,AD,65,5,0.7384615384615385,0.7230769230769231,-0.015384615384615441,0.7236590038314177,0.7064176245210728,-0.017241379310344862,0.7257383966244726,0.7075,-0.018238396624472575,0.46991689875133896,0.4388246703114899,-0.031092228439849046,0.7727272727272727,0.7619047619047619,-0.010822510822510845,0.5862068965517241,0.5517241379310345,-0.03448275862068961,0.6666666666666667,0.64,-0.026666666666666727,29,29,0.0,0.7209302325581395,0.7045454545454546,-0.016384778012684897,0.8611111111111112,0.8611111111111112,0.0,0.7848101265822784,0.775,-0.009810126582278422,36,36,0.0,31,31,0.0,17,16,-1.0,12,13,1.0,5,5,0.0,11,0.16923076923076924,6,0.09230769230769231,5,0.07692307692307693,-1
P0,P0_derivative_amplitude_deciles,REGION_AGGREGATES_ALL,ds006036__EO_or_photomark,AD_vs_CN,18,CN,AD,65,5,0.7230769230769231,0.6923076923076923,-0.03076923076923077,0.7064176245210728,0.6819923371647509,-0.02442528735632188,0.7075,0.6832358674463936,-0.024264132553606377,0.4388246703114899,0.37190613902597885,-0.06691853128551106,0.7619047619047619,0.68,-0.08190476190476181,0.5517241379310345,0.5862068965517241,0.03448275862068961,0.64,0.6296296296296295,-0.010370370370370474,29,29,0.0,0.7045454545454546,0.7,-0.00454545454545463,0.8611111111111112,0.7777777777777778,-0.08333333333333337,0.775,0.7368421052631577,-0.03815789473684228,36,36,0.0,31,28,-3.0,16,17,1.0,13,12,-1.0,5,8,3.0,10,0.15384615384615385,6,0.09230769230769231,4,0.06153846153846154,-2
P0,P0_derivative_amplitude_deciles,REGION_AGGREGATES_ALL,ds006036__EO_or_photomark,AD_vs_CN,19,CN,AD,65,5,0.7384615384615385,0.6923076923076923,-0.04615384615384621,0.7236590038314177,0.6819923371647509,-0.04166666666666674,0.7257383966244726,0.6832358674463936,-0.04250252917807895,0.46991689875133896,0.37190613902597885,-0.09801075972536011,0.7727272727272727,0.68,-0.09272727272727266,0.5862068965517241,0.5862068965517241,0.0,0.6666666666666667,0.6296296296296295,-0.0370370370370372,29,29,0.0,0.7209302325581395,0.7,-0.020930232558139528,0.8611111111111112,0.7777777777777778,-0.08333333333333337,0.7848101265822784,0.7368421052631577,-0.0479680213191207,36,36,0.0,31,28,-3.0,17,17,0.0,12,12,0.0,5,8,3.0,17,0.26153846153846155,10,0.15384615384615385,7,0.1076923076923077,-3
P0,P0_derivative_amplitude_deciles,REGION_AGGREGATES_ALL,ds006036__EO_or_photomark,AD_vs_CN,20,CN,AD,65,5,0.7692307692307693,0.7384615384615385,-0.03076923076923077,0.7480842911877394,0.7236590038314177,-0.024425287356321768,0.7500640861317611,0.7257383966244726,-0.024325689507288528,0.5511811148433216,0.46991689875133896,-0.08126421609198259,0.8888888888888888,0.7727272727272727,-0.11616161616161613,0.5517241379310345,0.5862068965517241,0.03448275862068961,0.6808510638297872,0.6666666666666667,-0.014184397163120477,29,29,0.0,0.723404255319149,0.7209302325581395,-0.002474022761009498,0.9444444444444444,0.8611111111111112,-0.08333333333333326,0.8192771084337349,0.7848101265822784,-0.03446698185145647,36,36,0.0,34,31,-3.0,16,17,1.0,13,12,-1.0,2,5,3.0,6,0.09230769230769231,4,0.06153846153846154,2,0.03076923076923077,-2
P0,P0_derivative_amplitude_deciles,REGION_AGGREGATES_ALL,ds006036__EO_or_photomark,AD_vs_FTD,1,FTD,AD,59,5,0.5084745762711864,0.4915254237288136,-0.016949152542372836,0.5422705314009661,0.4969806763285024,-0.04528985507246375,0.5079091170549324,0.4878472222222222,-0.020061894832710148,0.08611551951839977,-0.00589786698095908,-0.09201338649935885,0.42105263157894735,0.3870967741935484,-0.03395585738539897,0.6956521739130435,0.5217391304347826,-0.17391304347826086,0.5245901639344263,0.4444444444444444,-0.08014571948998184,23,23,0.0,0.6666666666666666,0.6071428571428571,-0.059523809523809534,0.3888888888888889,0.4722222222222222,0.08333333333333331,0.49122807017543857,0.53125,0.04002192982456143,36,36,0.0,14,17,3.0,16,12,-4.0,7,11,4.0,22,19,-3.0,17,0.288135593220339,9,0.15254237288135594,8,0.13559322033898305,-1
P0,P0_derivative_amplitude_deciles,REGION_AGGREGATES_ALL,ds006036__EO_or_photomark,AD_vs_FTD,2,FTD,AD,59,5,0.576271186440678,0.5084745762711864,-0.06779661016949157,0.5507246376811594,0.518719806763285,-0.03200483091787443,0.5509893455098935,0.5062049062049062,-0.04478443930498732,0.1023179700282708,0.03665132285211278,-0.06566664717615801,0.45454545454545453,0.40625,-0.04829545454545453,0.43478260869565216,0.5652173913043478,0.13043478260869562,0.4444444444444445,0.4727272727272727,0.028282828282828243,23,23,0.0,0.6486486486486487,0.6296296296296297,-0.019019019019019034,0.6666666666666666,0.4722222222222222,-0.19444444444444442,0.6575342465753425,0.5396825396825397,-0.11785170689280289,36,36,0.0,24,17,-7.0,10,13,3.0,13,10,-3.0,12,19,7.0,22,0.3728813559322034,13,0.22033898305084745,9,0.15254237288135594,-4
P0,P0_derivative_amplitude_deciles,REGION_AGGREGATES_ALL,ds006036__EO_or_photomark,AD_vs_FTD,3,FTD,AD,59,5,0.4915254237288136,0.4576271186440678,-0.03389830508474578,0.46557971014492755,0.4535024154589372,-0.012077294685990336,0.46557971014492755,0.44988344988344997,-0.01569626026147758,-0.06884057971014493,-0.0907226924135458,-0.021882112703400874,0.34782608695652173,0.3448275862068966,-0.0029985007496251548,0.34782608695652173,0.43478260869565216,0.08695652173913043,0.34782608695652173,0.38461538461538464,0.03678929765886291,23,23,0.0,0.5833333333333334,0.5666666666666667,-0.01666666666666672,0.5833333333333334,0.4722222222222222,-0.11111111111111116,0.5833333333333334,0.5151515151515152,-0.06818181818181812,36,36,0.0,21,17,-4.0,8,10,2.0,15,13,-2.0,15,19,4.0,22,0.3728813559322034,12,0.2033898305084746,10,0.1694915254237288,-2
P0,P0_derivative_amplitude_deciles,REGION_AGGREGATES_ALL,ds006036__EO_or_photomark,AD_vs_FTD,4,FTD,AD,59,5,0.5423728813559322,0.4745762711864407,-0.06779661016949151,0.5229468599033816,0.4595410628019324,-0.06340579710144922,0.522625112376386,0.4590357882283348,-0.06358932414805119,0.04556472832629221,-0.07949063940832507,-0.12505536773461728,0.4166666666666667,0.34615384615384615,-0.07051282051282054,0.43478260869565216,0.391304347826087,-0.04347826086956519,0.425531914893617,0.36734693877551017,-0.05818497611810686,23,23,0.0,0.6285714285714286,0.5757575757575758,-0.05281385281385276,0.6111111111111112,0.5277777777777778,-0.08333333333333337,0.619718309859155,0.5507246376811594,-0.06899367217799557,36,36,0.0,22,19,-3.0,10,9,-1.0,13,14,1.0,14,17,3.0,14,0.23728813559322035,9,0.15254237288135594,5,0.0847457627118644,-4
P0,P0_derivative_amplitude_deciles,REGION_AGGREGATES_ALL,ds006036__EO_or_photomark,AD_vs_FTD,5,FTD,AD,59,5,0.4915254237288136,0.4406779661016949,-0.050847457627118675,0.4969806763285024,0.43961352657004826,-0.05736714975845414,0.4878472222222222,0.434833091436865,-0.053014130785357216,-0.00589786698095908,-0.11782167845915038,-0.1119238114781913,0.3870967741935484,0.3333333333333333,-0.05376344086021506,0.5217391304347826,0.43478260869565216,-0.08695652173913043,0.4444444444444444,0.3773584905660377,-0.06708595387840671,23,23,0.0,0.6071428571428571,0.5517241379310345,-0.05541871921182262,0.4722222222222222,0.4444444444444444,-0.02777777777777779,0.53125,0.4923076923076923,-0.03894230769230772,36,36,0.0,17,16,-1.0,12,10,-2.0,11,13,2.0,19,20,1.0,15,0.2542372881355932,9,0.15254237288135594,6,0.1016949152542373,-3
P0,P0_derivative_amplitude_deciles,REGION_AGGREGATES_ALL,ds006036__EO_or_photomark,AD_vs_FTD,6,FTD,AD,59,5,0.5084745762711864,0.5254237288135594,0.016949152542372947,0.518719806763285,0.5169082125603865,-0.0018115942028984477,0.5062049062049062,0.5141176470588236,0.007912740853917355,0.03665132285211278,0.033104420640618,-0.0035469022114947846,0.40625,0.4074074074074074,0.0011574074074073848,0.5652173913043478,0.4782608695652174,-0.08695652173913038,0.4727272727272727,0.44000000000000006,-0.03272727272727266,23,23,0.0,0.6296296296296297,0.625,-0.00462962962962965,0.4722222222222222,0.5555555555555556,0.08333333333333337,0.5396825396825397,0.5882352941176471,0.048552754435107426,36,36,0.0,17,20,3.0,13,11,-2.0,10,12,2.0,19,16,-3.0,15,0.2542372881355932,7,0.11864406779661017,8,0.13559322033898305,1
P0,P0_derivative_amplitude_deciles,REGION_AGGREGATES_ALL,ds006036__EO_or_photomark,AD_vs_FTD,7,FTD,AD,59,5,0.5423728813559322,0.3050847457627119,-0.23728813559322032,0.5229468599033816,0.2971014492753623,-0.22584541062801933,0.522625112376386,0.2978229317851959,-0.22480218059119006,0.04556472832629221,-0.3958808396227453,-0.4414455679490375,0.4166666666666667,0.2,-0.21666666666666667,0.43478260869565216,0.2608695652173913,-0.17391304347826086,0.425531914893617,0.22641509433962265,-0.19911682055399438,23,23,0.0,0.6285714285714286,0.41379310344827586,-0.2147783251231527,0.6111111111111112,0.3333333333333333,-0.27777777777777785,0.619718309859155,0.36923076923076925,-0.25048754062838574,36,36,0.0,22,12,-10.0,10,6,-4.0,13,17,4.0,14,24,10.0,20,0.3389830508474576,17,0.288135593220339,3,0.05084745762711865,-14
P0,P0_derivative_amplitude_deciles,REGION_AGGREGATES_ALL,ds006036__EO_or_photomark,AD_vs_FTD,8,FTD,AD,59,5,0.576271186440678,0.4067796610169492,-0.1694915254237288,0.5742753623188406,0.40398550724637683,-0.17028985507246375,0.5683347966052092,0.4005805515239478,-0.16775424508126147,0.1450875277315934,-0.1873364687500491,-0.3324239964816425,0.4642857142857143,0.3,-0.1642857142857143,0.5652173913043478,0.391304347826087,-0.1739130434782608,0.5098039215686274,0.33962264150943394,-0.17018128005919347,23,23,0.0,0.6774193548387096,0.5172413793103449,-0.16017797552836477,0.5833333333333334,0.4166666666666667,-0.16666666666666669,0.626865671641791,0.46153846153846156,-0.1653272101033294,36,36,0.0,21,15,-6.0,13,9,-4.0,10,14,4.0,15,21,6.0,16,0.2711864406779661,13,0.22033898305084745,3,0.05084745762711865,-10
P0,P0_derivative_amplitude_deciles,REGION_AGGREGATES_ALL,ds006036__EO_or_photomark,AD_vs_FTD,9,FTD,AD,59,5,0.6271186440677966,0.5932203389830508,-0.03389830508474578,0.623792270531401,0.5410628019323671,-0.08272946859903385,0.618235294117647,0.5342105263157895,-0.08402476780185753,0.24237165111881034,0.09198600900533842,-0.15038564211347194,0.5185185185185185,0.4666666666666667,-0.051851851851851816,0.6086956521739131,0.30434782608695654,-0.30434782608695654,0.5599999999999999,0.3684210526315789,-0.19157894736842102,23,23,0.0,0.71875,0.6363636363636364,-0.08238636363636365,0.6388888888888888,0.7777777777777778,0.13888888888888895,0.676470588235294,0.7000000000000001,0.02352941176470602,36,36,0.0,23,28,5.0,14,7,-7.0,9,16,7.0,13,8,-5.0,18,0.3050847457627119,10,0.1694915254237288,8,0.13559322033898305,-2
P0,P0_derivative_amplitude_deciles,REGION_AGGREGATES_ALL,ds006036__EO_or_photomark,AD_vs_FTD,10,FTD,AD,59,5,0.559322033898305,0.4915254237288136,-0.06779661016949146,0.552536231884058,0.46557971014492755,-0.08695652173913043,0.5488235294117647,0.46557971014492755,-0.08324381926683716,0.10286016413334878,-0.06884057971014493,-0.1717007438434937,0.4444444444444444,0.34782608695652173,-0.09661835748792269,0.5217391304347826,0.34782608695652173,-0.17391304347826086,0.48,0.34782608695652173,-0.13217391304347825,23,23,0.0,0.65625,0.5833333333333334,-0.07291666666666663,0.5833333333333334,0.5833333333333334,0.0,0.6176470588235293,0.5833333333333334,-0.034313725490195957,36,36,0.0,21,21,0.0,12,8,-4.0,11,15,4.0,15,15,0.0,20,0.3389830508474576,12,0.2033898305084746,8,0.13559322033898305,-4
P0,P0_derivative_amplitude_deciles,REGION_AGGREGATES_ALL,ds006036__EO_or_photomark,AD_vs_FTD,11,FTD,AD,59,5,0.4915254237288136,0.4406779661016949,-0.050847457627118675,0.4891304347826087,0.43961352657004826,-0.04951690821256044,0.48426573426573427,0.434833091436865,-0.04943264282886928,-0.02120790212264707,-0.11782167845915038,-0.09661377633650331,0.3793103448275862,0.3333333333333333,-0.04597701149425287,0.4782608695652174,0.43478260869565216,-0.043478260869565244,0.4230769230769231,0.3773584905660377,-0.045718432510885365,23,23,0.0,0.6,0.5517241379310345,-0.0482758620689655,0.5,0.4444444444444444,-0.05555555555555558,0.5454545454545454,0.4923076923076923,-0.053146853146853135,36,36,0.0,18,16,-2.0,11,10,-1.0,12,13,1.0,18,20,2.0,23,0.3898305084745763,13,0.22033898305084745,10,0.1694915254237288,-3
P0,P0_derivative_amplitude_deciles,REGION_AGGREGATES_ALL,ds006036__EO_or_photomark,AD_vs_FTD,12,FTD,AD,59,5,0.4915254237288136,0.5423728813559322,0.05084745762711862,0.481280193236715,0.5464975845410628,0.06521739130434778,0.4794117647058824,0.5375907111756169,0.05817894646973443,-0.03665132285211278,0.0907226924135458,0.12737401526565859,0.37037037037037035,0.43333333333333335,0.062962962962963,0.43478260869565216,0.5652173913043478,0.13043478260869562,0.39999999999999997,0.49056603773584906,0.09056603773584909,23,23,0.0,0.59375,0.6551724137931034,0.061422413793103425,0.5277777777777778,0.5277777777777778,0.0,0.5588235294117648,0.5846153846153845,0.025791855203619707,36,36,0.0,19,19,0.0,10,13,3.0,13,10,-3.0,17,17,0.0,19,0.3220338983050847,8,0.13559322033898305,11,0.1864406779661017,3
P0,P0_derivative_amplitude_deciles,REGION_AGGREGATES_ALL,ds006036__EO_or_photomark,AD_vs_FTD,13,FTD,AD,59,5,0.4915254237288136,0.423728813559322,-0.06779661016949157,0.47342995169082125,0.41787439613526567,-0.05555555555555558,0.4732142857142857,0.41550116550116545,-0.05771312021312025,-0.052447892922491114,-0.16023748270444452,-0.10778958978195341,0.36,0.3103448275862069,-0.04965517241379308,0.391304347826087,0.391304347826087,0.0,0.37499999999999994,0.34615384615384615,-0.0288461538461538,23,23,0.0,0.5882352941176471,0.5333333333333333,-0.05490196078431375,0.5555555555555556,0.4444444444444444,-0.11111111111111116,0.5714285714285715,0.4848484848484848,-0.0865800865800867,36,36,0.0,20,16,-4.0,9,9,0.0,14,14,0.0,16,20,4.0,18,0.3050847457627119,11,0.1864406779661017,7,0.11864406779661017,-4
P0,P0_derivative_amplitude_deciles,REGION_AGGREGATES_ALL,ds006036__EO_or_photomark,AD_vs_FTD,14,FTD,AD,59,5,0.5932203389830508,0.5423728813559322,-0.05084745762711862,0.6038647342995169,0.5621980676328502,-0.04166666666666674,0.5902777777777779,0.5418464193270061,-0.048431358450771844,0.20288662414499237,0.12277574934128602,-0.08011087480370635,0.4838709677419355,0.4411764705882353,-0.04269449715370022,0.6521739130434783,0.6521739130434783,0.0,0.5555555555555556,0.5263157894736842,-0.0292397660818714,23,23,0.0,0.7142857142857143,0.68,-0.03428571428571425,0.5555555555555556,0.4722222222222222,-0.08333333333333337,0.6250000000000001,0.5573770491803278,-0.06762295081967229,36,36,0.0,20,17,-3.0,15,15,0.0,8,8,0.0,16,19,3.0,23,0.3898305084745763,13,0.22033898305084745,10,0.1694915254237288,-3
P0,P0_derivative_amplitude_deciles,REGION_AGGREGATES_ALL,ds006036__EO_or_photomark,AD_vs_FTD,15,FTD,AD,59,5,0.5423728813559322,0.576271186440678,0.03389830508474578,0.538647342995169,0.5899758454106281,0.051328502415459054,0.533801580333626,0.5743145743145743,0.04051299398094832,0.07549269735627623,0.17616280983757435,0.10067011248129812,0.42857142857142855,0.46875,0.04017857142857145,0.5217391304347826,0.6521739130434783,0.13043478260869568,0.47058823529411764,0.5454545454545454,0.07486631016042777,23,23,0.0,0.6451612903225806,0.7037037037037037,0.05854241338112309,0.5555555555555556,0.5277777777777778,-0.02777777777777779,0.5970149253731343,0.6031746031746033,0.006159677801468977,36,36,0.0,20,19,-1.0,12,15,3.0,11,8,-3.0,16,17,1.0,18,0.3050847457627119,8,0.13559322033898305,10,0.1694915254237288,2
P0,P0_derivative_amplitude_deciles,REGION_AGGREGATES_ALL,ds006036__EO_or_photomark,AD_vs_FTD,16,FTD,AD,59,5,0.5084745762711864,0.5254237288135594,0.016949152542372947,0.518719806763285,0.5247584541062802,0.006038647342995196,0.5062049062049062,0.5186480186480187,0.01244311244311247,0.03665132285211278,0.04830688816825166,0.011655565316138879,0.40625,0.41379310344827586,0.007543103448275856,0.5652173913043478,0.5217391304347826,-0.04347826086956519,0.4727272727272727,0.4615384615384615,-0.01118881118881121,23,23,0.0,0.6296296296296297,0.6333333333333333,0.0037037037037036535,0.4722222222222222,0.5277777777777778,0.05555555555555558,0.5396825396825397,0.5757575757575758,0.03607503607503615,36,36,0.0,17,19,2.0,13,12,-1.0,10,11,1.0,19,17,-2.0,19,0.3220338983050847,9,0.15254237288135594,10,0.1694915254237288,1
P0,P0_derivative_amplitude_deciles,REGION_AGGREGATES_ALL,ds006036__EO_or_photomark,AD_vs_FTD,17,FTD,AD,59,5,0.559322033898305,0.559322033898305,0.0,0.552536231884058,0.5682367149758454,0.0157004830917874,0.5488235294117647,0.5561342592592592,0.007310729847494479,0.10286016413334878,0.13329179376967523,0.03043162963632645,0.4444444444444444,0.45161290322580644,0.007168458781362019,0.5217391304347826,0.6086956521739131,0.08695652173913049,0.48,0.5185185185185185,0.03851851851851851,23,23,0.0,0.65625,0.6785714285714286,0.022321428571428603,0.5833333333333334,0.5277777777777778,-0.05555555555555558,0.6176470588235293,0.5937499999999999,-0.023897058823529438,36,36,0.0,21,19,-2.0,12,14,2.0,11,9,-2.0,15,17,2.0,16,0.2711864406779661,8,0.13559322033898305,8,0.13559322033898305,0
P0,P0_derivative_amplitude_deciles,REGION_AGGREGATES_ALL,ds006036__EO_or_photomark,AD_vs_FTD,18,FTD,AD,59,5,0.5423728813559322,0.4576271186440678,-0.0847457627118644,0.5229468599033816,0.42995169082125606,-0.09299516908212557,0.522625112376386,0.42995169082125606,-0.09267342155512992,0.04556472832629221,-0.14009661835748793,-0.18566134668378015,0.4166666666666667,0.30434782608695654,-0.11231884057971014,0.43478260869565216,0.30434782608695654,-0.13043478260869562,0.425531914893617,0.30434782608695654,-0.12118408880666048,23,23,0.0,0.6285714285714286,0.5555555555555556,-0.07301587301587298,0.6111111111111112,0.5555555555555556,-0.05555555555555558,0.619718309859155,0.5555555555555556,-0.06416275430359941,36,36,0.0,22,20,-2.0,10,7,-3.0,13,16,3.0,14,16,2.0,27,0.4576271186440678,16,0.2711864406779661,11,0.1864406779661017,-5
P0,P0_derivative_amplitude_deciles,REGION_AGGREGATES_ALL,ds006036__EO_or_photomark,AD_vs_FTD,19,FTD,AD,59,5,0.4576271186440678,0.559322033898305,0.10169491525423724,0.44565217391304346,0.5446859903381642,0.09903381642512077,0.4447058823529412,0.543452380952381,0.09874649859943985,-0.10640706634484356,0.0882078199150987,0.19461488625994228,0.3333333333333333,0.44,0.10666666666666669,0.391304347826087,0.4782608695652174,0.08695652173913043,0.36,0.4583333333333333,0.09833333333333333,23,23,0.0,0.5625,0.6470588235294118,0.0845588235294118,0.5,0.6111111111111112,0.11111111111111116,0.5294117647058824,0.6285714285714287,0.09915966386554631,36,36,0.0,18,22,4.0,9,11,2.0,14,12,-2.0,18,14,-4.0,16,0.2711864406779661,5,0.0847457627118644,11,0.1864406779661017,6
P0,P0_derivative_amplitude_deciles,REGION_AGGREGATES_ALL,ds006036__EO_or_photomark,AD_vs_FTD,20,FTD,AD,59,5,0.5254237288135594,0.4067796610169492,-0.11864406779661019,0.5247584541062802,0.3804347826086957,-0.14432367149758452,0.5186480186480187,0.38118070122864844,-0.13746731741937024,0.04830688816825166,-0.2374162160159436,-0.2857231041841953,0.41379310344827586,0.25,-0.16379310344827586,0.5217391304347826,0.2608695652173913,-0.2608695652173913,0.4615384615384615,0.2553191489361702,-0.20621931260229132,23,23,0.0,0.6333333333333333,0.5142857142857142,-0.11904761904761907,0.5277777777777778,0.5,-0.02777777777777779,0.5757575757575758,0.5070422535211268,-0.06871532223644905,36,36,0.0,19,18,-1.0,12,6,-6.0,11,17,6.0,17,18,1.0,19,0.3220338983050847,13,0.22033898305084745,6,0.1016949152542373,-7
P0,P0_derivative_amplitude_deciles,REGION_AGGREGATES_ALL,ds006036__EO_or_photomark,CN_vs_FTD,1,CN,FTD,52,5,0.6730769230769231,0.5961538461538461,-0.07692307692307698,0.6709145427286357,0.5974512743628186,-0.07346326836581707,0.6700261291526689,0.5948051948051949,-0.07522093434747401,0.34055502554360106,0.19360077316559157,-0.1469542523780095,0.7142857142857143,0.6538461538461539,-0.06043956043956045,0.6896551724137931,0.5862068965517241,-0.10344827586206906,0.7017543859649122,0.6181818181818182,-0.08357256778309408,29,29,0.0,0.625,0.5384615384615384,-0.08653846153846156,0.6521739130434783,0.6086956521739131,-0.04347826086956519,0.6382978723404256,0.5714285714285715,-0.06686930091185406,23,23,0.0,15,14,-1.0,20,17,-3.0,9,12,3.0,8,9,1.0,18,0.34615384615384615,11,0.21153846153846154,7,0.1346153846153846,-4
P0,P0_derivative_amplitude_deciles,REGION_AGGREGATES_ALL,ds006036__EO_or_photomark,CN_vs_FTD,2,CN,FTD,52,5,0.6923076923076923,0.6153846153846154,-0.07692307692307687,0.6926536731634183,0.6011994002998501,-0.09145427286356822,0.6904761904761905,0.6006144393241168,-0.08986175115207362,0.3830172378018108,0.20875509364884334,-0.17426214415296745,0.7407407407407407,0.6363636363636364,-0.10437710437710435,0.6896551724137931,0.7241379310344828,0.03448275862068961,0.7142857142857143,0.6774193548387097,-0.03686635944700456,29,29,0.0,0.64,0.5789473684210527,-0.06105263157894736,0.6956521739130435,0.4782608695652174,-0.21739130434782605,0.6666666666666666,0.5238095238095238,-0.1428571428571428,23,23,0.0,16,11,-5.0,20,21,1.0,9,8,-1.0,7,12,5.0,12,0.23076923076923078,8,0.15384615384615385,4,0.07692307692307693,-4
P0,P0_derivative_amplitude_deciles,REGION_AGGREGATES_ALL,ds006036__EO_or_photomark,CN_vs_FTD,3,CN,FTD,52,5,0.6923076923076923,0.6730769230769231,-0.019230769230769162,0.6836581709145427,0.6664167916041979,-0.017241379310344862,0.6848484848484848,0.6670433145009417,-0.017805170347543142,0.3718028146026197,0.334593954446154,-0.03720886015646574,0.7096774193548387,0.7,-0.00967741935483879,0.7586206896551724,0.7241379310344828,-0.03448275862068961,0.7333333333333333,0.711864406779661,-0.021468926553672274,29,29,0.0,0.6666666666666666,0.6363636363636364,-0.030303030303030276,0.6086956521739131,0.6086956521739131,0.0,0.6363636363636365,0.6222222222222223,-0.014141414141414121,23,23,0.0,14,14,0.0,22,21,-1.0,7,8,1.0,9,9,0.0,7,0.1346153846153846,4,0.07692307692307693,3,0.057692307692307696,-1
P0,P0_derivative_amplitude_deciles,REGION_AGGREGATES_ALL,ds006036__EO_or_photomark,CN_vs_FTD,4,CN,FTD,52,5,0.6538461538461539,0.7307692307692307,0.07692307692307687,0.6491754122938531,0.7226386806596702,0.07346326836581707,0.6491754122938531,0.7242424242424244,0.07506701194857124,0.2983508245877061,0.45071606504889,0.15236524046118388,0.6896551724137931,0.7419354838709677,0.0522803114571746,0.6896551724137931,0.7931034482758621,0.10344827586206895,0.6896551724137931,0.7666666666666667,0.07701149425287357,29,29,0.0,0.6086956521739131,0.7142857142857143,0.10559006211180122,0.6086956521739131,0.6521739130434783,0.04347826086956519,0.6086956521739131,0.6818181818181819,0.0731225296442688,23,23,0.0,14,15,1.0,20,23,3.0,9,6,-3.0,9,8,-1.0,10,0.19230769230769232,3,0.057692307692307696,7,0.1346153846153846,4
P0,P0_derivative_amplitude_deciles,REGION_AGGREGATES_ALL,ds006036__EO_or_photomark,CN_vs_FTD,5,CN,FTD,52,5,0.6923076923076923,0.6346153846153846,-0.05769230769230771,0.6926536731634183,0.6229385307346327,-0.06971514242878563,0.6904761904761905,0.6233320625238277,-0.0671441279523628,0.3830172378018108,0.2510099539888792,-0.1320072838129316,0.7407407407407407,0.65625,-0.0844907407407407,0.6896551724137931,0.7241379310344828,0.03448275862068961,0.7142857142857143,0.6885245901639345,-0.025761124121779777,29,29,0.0,0.64,0.6,-0.040000000000000036,0.6956521739130435,0.5217391304347826,-0.17391304347826086,0.6666666666666666,0.5581395348837209,-0.10852713178294571,23,23,0.0,16,12,-4.0,20,21,1.0,9,8,-1.0,7,11,4.0,11,0.21153846153846154,7,0.1346153846153846,4,0.07692307692307693,-3
P0,P0_derivative_amplitude_deciles,REGION_AGGREGATES_ALL,ds006036__EO_or_photomark,CN_vs_FTD,6,CN,FTD,52,5,0.7307692307692307,0.6346153846153846,-0.09615384615384615,0.7316341829085458,0.6274362818590704,-0.10419790104947535,0.7291666666666667,0.6278719397363466,-0.10129472693032016,0.4605148890301928,0.25622059574705486,-0.20429429328313792,0.7777777777777778,0.6666666666666666,-0.11111111111111116,0.7241379310344828,0.6896551724137931,-0.03448275862068961,0.75,0.6779661016949153,-0.07203389830508466,29,29,0.0,0.68,0.5909090909090909,-0.08909090909090911,0.7391304347826086,0.5652173913043478,-0.17391304347826086,0.7083333333333334,0.5777777777777778,-0.13055555555555554,23,23,0.0,17,13,-4.0,21,20,-1.0,8,9,1.0,6,10,4.0,15,0.28846153846153844,10,0.19230769230769232,5,0.09615384615384616,-5
P0,P0_derivative_amplitude_deciles,REGION_AGGREGATES_ALL,ds006036__EO_or_photomark,CN_vs_FTD,7,CN,FTD,52,5,0.6538461538461539,0.5769230769230769,-0.07692307692307698,0.6536731634182908,0.5622188905547226,-0.09145427286356822,0.6517857142857144,0.5606758832565284,-0.09110983102918602,0.30551958657342887,0.12834572424336294,-0.17717386233006593,0.7037037037037037,0.6060606060606061,-0.09764309764309764,0.6551724137931034,0.6896551724137931,0.034482758620689724,0.6785714285714286,0.6451612903225807,-0.033410138248847865,29,29,0.0,0.6,0.5263157894736842,-0.0736842105263158,0.6521739130434783,0.43478260869565216,-0.2173913043478261,0.6250000000000001,0.47619047619047616,-0.14880952380952395,23,23,0.0,15,10,-5.0,19,20,1.0,10,9,-1.0,8,13,5.0,12,0.23076923076923078,8,0.15384615384615385,4,0.07692307692307693,-4
P0,P0_derivative_amplitude_deciles,REGION_AGGREGATES_ALL,ds006036__EO_or_photomark,CN_vs_FTD,8,CN,FTD,52,5,0.6923076923076923,0.6538461538461539,-0.038461538461538436,0.697151424287856,0.6491754122938531,-0.04797601199400292,0.6918518518518519,0.6491754122938531,-0.042676439557998824,0.39195927448200873,0.2983508245877061,-0.09360844989430261,0.76,0.6896551724137931,-0.07034482758620686,0.6551724137931034,0.6896551724137931,0.034482758620689724,0.7037037037037037,0.6896551724137931,-0.01404853128991057,29,29,0.0,0.6296296296296297,0.6086956521739131,-0.020933977455716568,0.7391304347826086,0.6086956521739131,-0.13043478260869557,0.68,0.6086956521739131,-0.07130434782608697,23,23,0.0,17,14,-3.0,19,20,1.0,10,9,-1.0,6,9,3.0,10,0.19230769230769232,6,0.11538461538461539,4,0.07692307692307693,-2
P0,P0_derivative_amplitude_deciles,REGION_AGGREGATES_ALL,ds006036__EO_or_photomark,CN_vs_FTD,9,CN,FTD,52,5,0.6923076923076923,0.7115384615384616,0.019230769230769273,0.697151424287856,0.7008995502248876,0.0037481259370315545,0.6918518518518519,0.7026305756767061,0.01077872382485412,0.39195927448200873,0.41018699798182695,0.018227723499818216,0.76,0.71875,-0.04125000000000001,0.6551724137931034,0.7931034482758621,0.13793103448275867,0.7037037037037037,0.7540983606557378,0.050394656952034045,29,29,0.0,0.6296296296296297,0.7,0.0703703703703703,0.7391304347826086,0.6086956521739131,-0.13043478260869557,0.68,0.6511627906976744,-0.028837209302325695,23,23,0.0,17,14,-3.0,19,23,4.0,10,6,-4.0,6,9,3.0,11,0.21153846153846154,5,0.09615384615384616,6,0.11538461538461539,1
P0,P0_derivative_amplitude_deciles,REGION_AGGREGATES_ALL,ds006036__EO_or_photomark,CN_vs_FTD,10,CN,FTD,52,5,0.6730769230769231,0.7115384615384616,0.038461538461538436,0.6754122938530734,0.6964017991004497,0.020989505247376306,0.6719851576994433,0.6980255516840883,0.02604039398464497,0.34848139169806486,0.4100744048711776,0.06159301317311272,0.7307692307692307,0.7058823529411765,-0.02488687782805421,0.6551724137931034,0.8275862068965517,0.1724137931034483,0.6909090909090909,0.7619047619047619,0.07099567099567095,29,29,0.0,0.6153846153846154,0.7222222222222222,0.10683760683760679,0.6956521739130435,0.5652173913043478,-0.13043478260869568,0.6530612244897959,0.6341463414634146,-0.018914883026381224,23,23,0.0,16,13,-3.0,19,24,5.0,10,5,-5.0,7,10,3.0,16,0.3076923076923077,7,0.1346153846153846,9,0.17307692307692307,2
P0,P0_derivative_amplitude_deciles,REGION_AGGREGATES_ALL,ds006036__EO_or_photomark,CN_vs_FTD,11,CN,FTD,52,5,0.6346153846153846,0.6730769230769231,0.03846153846153855,0.6319340329835083,0.6664167916041979,0.03448275862068961,0.6312056737588652,0.6670433145009417,0.035837640742076515,0.26288458112137625,0.334593954446154,0.07170937332477773,0.6785714285714286,0.7,0.021428571428571352,0.6551724137931034,0.7241379310344828,0.06896551724137934,0.6666666666666666,0.711864406779661,0.04519774011299438,29,29,0.0,0.5833333333333334,0.6363636363636364,0.05303030303030298,0.6086956521739131,0.6086956521739131,0.0,0.5957446808510638,0.6222222222222223,0.02647754137115854,23,23,0.0,14,14,0.0,19,21,2.0,10,8,-2.0,9,9,0.0,8,0.15384615384615385,3,0.057692307692307696,5,0.09615384615384616,2
P0,P0_derivative_amplitude_deciles,REGION_AGGREGATES_ALL,ds006036__EO_or_photomark,CN_vs_FTD,12,CN,FTD,52,5,0.7115384615384616,0.6923076923076923,-0.019230769230769273,0.7053973013493253,0.6746626686656672,-0.03073463268365817,0.7062146892655368,0.675,-0.03121468926553672,0.4129673131452531,0.36985757785414636,-0.04310973529110673,0.7333333333333333,0.6857142857142857,-0.04761904761904756,0.7586206896551724,0.8275862068965517,0.06896551724137934,0.7457627118644068,0.75,0.004237288135593209,29,29,0.0,0.6818181818181818,0.7058823529411765,0.02406417112299475,0.6521739130434783,0.5217391304347826,-0.13043478260869568,0.6666666666666666,0.6,-0.06666666666666665,23,23,0.0,15,12,-3.0,22,24,2.0,7,5,-2.0,8,11,3.0,9,0.17307692307692307,5,0.09615384615384616,4,0.07692307692307693,-1
P0,P0_derivative_amplitude_deciles,REGION_AGGREGATES_ALL,ds006036__EO_or_photomark,CN_vs_FTD,13,CN,FTD,52,5,0.6346153846153846,0.5961538461538461,-0.038461538461538436,0.6319340329835083,0.5749625187406296,-0.05697151424287861,0.6312056737588652,0.5692307692307692,-0.06197490452809595,0.26288458112137625,0.16133397763799298,-0.10155060348338327,0.6785714285714286,0.6111111111111112,-0.06746031746031744,0.6551724137931034,0.7586206896551724,0.10344827586206895,0.6666666666666666,0.676923076923077,0.010256410256410331,29,29,0.0,0.5833333333333334,0.5625,-0.02083333333333337,0.6086956521739131,0.391304347826087,-0.2173913043478261,0.5957446808510638,0.46153846153846156,-0.13420621931260224,23,23,0.0,14,9,-5.0,19,22,3.0,10,7,-3.0,9,14,5.0,14,0.2692307692307692,8,0.15384615384615385,6,0.11538461538461539,-2
P0,P0_derivative_amplitude_deciles,REGION_AGGREGATES_ALL,ds006036__EO_or_photomark,CN_vs_FTD,14,CN,FTD,52,5,0.6346153846153846,0.5769230769230769,-0.05769230769230771,0.6409295352323838,0.5757121439280359,-0.0652173913043479,0.6344802071772104,0.5744047619047619,-0.06007544527244857,0.2808085298341974,0.15052428411666496,-0.13028424571753244,0.7083333333333334,0.6296296296296297,-0.07870370370370372,0.5862068965517241,0.5862068965517241,0.0,0.6415094339622641,0.6071428571428571,-0.034366576819407024,29,29,0.0,0.5714285714285714,0.52,-0.05142857142857138,0.6956521739130435,0.5652173913043478,-0.13043478260869568,0.6274509803921569,0.5416666666666667,-0.08578431372549011,23,23,0.0,16,13,-3.0,17,17,0.0,12,12,0.0,7,10,3.0,11,0.21153846153846154,7,0.1346153846153846,4,0.07692307692307693,-3
P0,P0_derivative_amplitude_deciles,REGION_AGGREGATES_ALL,ds006036__EO_or_photomark,CN_vs_FTD,15,CN,FTD,52,5,0.6346153846153846,0.6730769230769231,0.03846153846153855,0.6274362818590704,0.6709145427286357,0.0434782608695653,0.6278719397363466,0.6700261291526689,0.04215418941632232,0.25622059574705486,0.34055502554360106,0.0843344297965462,0.6666666666666666,0.7142857142857143,0.04761904761904767,0.6896551724137931,0.6896551724137931,0.0,0.6779661016949153,0.7017543859649122,0.023788284269996907,29,29,0.0,0.5909090909090909,0.625,0.03409090909090906,0.5652173913043478,0.6521739130434783,0.08695652173913049,0.5777777777777778,0.6382978723404256,0.06052009456264773,23,23,0.0,13,15,2.0,20,20,0.0,9,9,0.0,10,8,-2.0,10,0.19230769230769232,4,0.07692307692307693,6,0.11538461538461539,2
P0,P0_derivative_amplitude_deciles,REGION_AGGREGATES_ALL,ds006036__EO_or_photomark,CN_vs_FTD,16,CN,FTD,52,5,0.7115384615384616,0.7115384615384616,0.0,0.709895052473763,0.7008995502248876,-0.008995502248875464,0.7088465845464726,0.7026305756767061,-0.006216008869766587,0.4182254699658259,0.41018699798182695,-0.00803847198399893,0.75,0.71875,-0.03125,0.7241379310344828,0.7931034482758621,0.06896551724137934,0.736842105263158,0.7540983606557378,0.0172562553925798,29,29,0.0,0.6666666666666666,0.7,0.033333333333333326,0.6956521739130435,0.6086956521739131,-0.08695652173913038,0.6808510638297872,0.6511627906976744,-0.029688273132112863,23,23,0.0,16,14,-2.0,21,23,2.0,8,6,-2.0,7,9,2.0,8,0.15384615384615385,4,0.07692307692307693,4,0.07692307692307693,0
P0,P0_derivative_amplitude_deciles,REGION_AGGREGATES_ALL,ds006036__EO_or_photomark,CN_vs_FTD,17,CN,FTD,52,5,0.8076923076923077,0.6730769230769231,-0.13461538461538458,0.8095952023988007,0.6664167916041979,-0.1431784107946028,0.8065476190476191,0.6670433145009417,-0.1395043045466774,0.6155101914869567,0.334593954446154,-0.28091623704080276,0.8518518518518519,0.7,-0.1518518518518519,0.7931034482758621,0.7241379310344828,-0.06896551724137934,0.8214285714285715,0.711864406779661,-0.1095641646489105,29,29,0.0,0.76,0.6363636363636364,-0.12363636363636366,0.8260869565217391,0.6086956521739131,-0.21739130434782605,0.7916666666666667,0.6222222222222223,-0.1694444444444444,23,23,0.0,19,14,-5.0,23,21,-2.0,6,8,2.0,4,9,5.0,15,0.28846153846153844,11,0.21153846153846154,4,0.07692307692307693,-7
P0,P0_derivative_amplitude_deciles,REGION_AGGREGATES_ALL,ds006036__EO_or_photomark,CN_vs_FTD,18,CN,FTD,52,5,0.7115384615384616,0.6730769230769231,-0.038461538461538436,0.7188905547226387,0.6619190404797601,-0.05697151424287861,0.7114317425083241,0.6629813191002669,-0.048450423408057164,0.436149418678647,0.3305984759853531,-0.1055509426932939,0.7916666666666666,0.6875,-0.10416666666666663,0.6551724137931034,0.7586206896551724,0.10344827586206895,0.7169811320754716,0.7213114754098361,0.004330343334364439,29,29,0.0,0.6428571428571429,0.65,0.0071428571428571175,0.782608695652174,0.5652173913043478,-0.21739130434782616,0.7058823529411765,0.6046511627906976,-0.10123119015047888,23,23,0.0,18,13,-5.0,19,22,3.0,10,7,-3.0,5,10,5.0,10,0.19230769230769232,6,0.11538461538461539,4,0.07692307692307693,-2
P0,P0_derivative_amplitude_deciles,REGION_AGGREGATES_ALL,ds006036__EO_or_photomark,CN_vs_FTD,19,CN,FTD,52,5,0.6730769230769231,0.7115384615384616,0.038461538461538436,0.6664167916041979,0.7008995502248876,0.034482758620689724,0.6670433145009417,0.7026305756767061,0.035587261175764384,0.334593954446154,0.41018699798182695,0.07559304353567298,0.7,0.71875,0.018750000000000044,0.7241379310344828,0.7931034482758621,0.06896551724137934,0.711864406779661,0.7540983606557378,0.04223395387607676,29,29,0.0,0.6363636363636364,0.7,0.0636363636363636,0.6086956521739131,0.6086956521739131,0.0,0.6222222222222223,0.6511627906976744,0.02894056847545201,23,23,0.0,14,14,0.0,21,23,2.0,8,6,-2.0,9,9,0.0,8,0.15384615384615385,3,0.057692307692307696,5,0.09615384615384616,2
P0,P0_derivative_amplitude_deciles,REGION_AGGREGATES_ALL,ds006036__EO_or_photomark,CN_vs_FTD,20,CN,FTD,52,5,0.75,0.6153846153846154,-0.13461538461538458,0.7443778110944528,0.6011994002998501,-0.1431784107946027,0.7453860640301319,0.6006144393241168,-0.144771624706015,0.4913406718443522,0.20875509364884334,-0.2825855781955089,0.7666666666666667,0.6363636363636364,-0.13030303030303036,0.7931034482758621,0.7241379310344828,-0.06896551724137934,0.7796610169491527,0.6774193548387097,-0.10224166211044294,29,29,0.0,0.7272727272727273,0.5789473684210527,-0.14832535885167464,0.6956521739130435,0.4782608695652174,-0.21739130434782605,0.711111111111111,0.5238095238095238,-0.1873015873015872,23,23,0.0,16,11,-5.0,23,21,-2.0,6,8,2.0,7,12,5.0,13,0.25,10,0.19230769230769232,3,0.057692307692307696,-7
P1,P1_psd_bandpower_from_derivatives,PSD_ABSOLUTE_CHANNEL_BAND,ds004504__EC,AD_FTD_vs_CN,1,CN,AD_FTD,88,5,0.7954545454545454,0.7386363636363636,-0.05681818181818177,0.8123904149620105,0.7524839275277615,-0.05990648743424898,0.784313725490196,0.7258566978193146,-0.058457027670881345,0.5911835715529365,0.4766922852060702,-0.11449128634686634,0.6410256410256411,0.575,-0.06602564102564112,0.8620689655172413,0.7931034482758621,-0.06896551724137923,0.7352941176470588,0.6666666666666666,-0.06862745098039214,29,29,0.0,0.9183673469387755,0.875,-0.04336734693877553,0.7627118644067796,0.711864406779661,-0.05084745762711862,0.8333333333333333,0.7850467289719627,-0.048286604361370555,59,59,0.0,45,42,-3.0,25,23,-2.0,4,6,2.0,14,17,3.0,11,0.125,8,0.09090909090909091,3,0.03409090909090909,-5
P1,P1_psd_bandpower_from_derivatives,PSD_ABSOLUTE_CHANNEL_BAND,ds004504__EC,AD_FTD_vs_CN,2,CN,AD_FTD,88,5,0.7613636363636364,0.75,-0.011363636363636354,0.7957334891876096,0.7784921098772648,-0.01724137931034475,0.7542226359888284,0.7414529914529915,-0.012769644535836955,0.5560358985841823,0.5237540704551905,-0.03228182812899183,0.5909090909090909,0.5813953488372093,-0.009513742071881603,0.896551724137931,0.8620689655172413,-0.034482758620689724,0.7123287671232877,0.6944444444444445,-0.017884322678843212,29,29,0.0,0.9318181818181818,0.9111111111111111,-0.020707070707070674,0.6949152542372882,0.6949152542372882,0.0,0.796116504854369,0.7884615384615385,-0.007654966392830476,59,59,0.0,41,41,0.0,26,25,-1.0,3,4,1.0,18,18,0.0,19,0.2159090909090909,10,0.11363636363636363,9,0.10227272727272728,-1
P1,P1_psd_bandpower_from_derivatives,PSD_ABSOLUTE_CHANNEL_BAND,ds004504__EC,AD_FTD_vs_CN,3,CN,AD_FTD,88,5,0.7727272727272727,0.7386363636363636,-0.03409090909090906,0.8129748684979544,0.7437171244886032,-0.06925774400935125,0.7668256491785903,0.7228536217992605,-0.043972027379329814,0.588605046650062,0.4625559218806272,-0.12604912476943475,0.6,0.5789473684210527,-0.021052631578947323,0.9310344827586207,0.7586206896551724,-0.1724137931034483,0.7297297297297297,0.6567164179104478,-0.07301331181928195,29,29,0.0,0.9534883720930233,0.86,-0.0934883720930233,0.6949152542372882,0.7288135593220338,0.03389830508474567,0.803921568627451,0.7889908256880733,-0.014930742939377684,59,59,0.0,41,43,2.0,27,22,-5.0,2,7,5.0,18,16,-2.0,11,0.125,7,0.07954545454545454,4,0.045454545454545456,-3
P1,P1_psd_bandpower_from_derivatives,PSD_ABSOLUTE_CHANNEL_BAND,ds004504__EC,AD_FTD_vs_CN,4,CN,AD_FTD,88,5,0.75,0.7159090909090909,-0.03409090909090906,0.7784921098772648,0.7530683810637053,-0.025423728813559476,0.7414529914529915,0.7095709570957096,-0.031882034357281874,0.5237540704551905,0.47630959059016076,-0.047444479865029754,0.5813953488372093,0.5434782608695652,-0.03791708796764415,0.8620689655172413,0.8620689655172413,0.0,0.6944444444444445,0.6666666666666666,-0.0277777777777779,29,29,0.0,0.9111111111111111,0.9047619047619048,-0.006349206349206327,0.6949152542372882,0.6440677966101694,-0.05084745762711873,0.7884615384615385,0.7524752475247525,-0.03598629093678607,59,59,0.0,41,38,-3.0,25,25,0.0,4,4,0.0,18,21,3.0,15,0.17045454545454544,9,0.10227272727272728,6,0.06818181818181818,-3
P1,P1_psd_bandpower_from_derivatives,PSD_ABSOLUTE_CHANNEL_BAND,ds004504__EC,AD_FTD_vs_CN,5,CN,AD_FTD,88,5,0.7727272727272727,0.75,-0.022727272727272707,0.804208065458796,0.7697253068381064,-0.03448275862068961,0.7649572649572649,0.7390835579514824,-0.02587370700578251,0.5721175103293319,0.5083184098812021,-0.06379910044812975,0.6046511627906976,0.5853658536585366,-0.019285309132161088,0.896551724137931,0.8275862068965517,-0.06896551724137934,0.7222222222222221,0.6857142857142856,-0.03650793650793649,29,29,0.0,0.9333333333333333,0.8936170212765957,-0.039716312056737646,0.711864406779661,0.711864406779661,0.0,0.8076923076923076,0.7924528301886792,-0.015239477503628418,59,59,0.0,42,42,0.0,26,24,-2.0,3,5,2.0,17,17,0.0,16,0.18181818181818182,9,0.10227272727272728,7,0.07954545454545454,-2
P1,P1_psd_bandpower_from_derivatives,PSD_ABSOLUTE_CHANNEL_BAND,ds004504__EC,AD_FTD_vs_CN,6,CN,AD_FTD,88,5,0.7954545454545454,0.7727272727272727,-0.022727272727272707,0.8211572180011689,0.7866744593804793,-0.03448275862068961,0.786522911051213,0.7603485838779956,-0.026174327173217327,0.6052458639863935,0.5425173841846873,-0.06272847980170615,0.6341463414634146,0.6153846153846154,-0.018761726078799223,0.896551724137931,0.8275862068965517,-0.06896551724137934,0.7428571428571429,0.7058823529411765,-0.036974789915966366,29,29,0.0,0.9361702127659575,0.8979591836734694,-0.03821102909248808,0.7457627118644068,0.7457627118644068,0.0,0.8301886792452831,0.8148148148148148,-0.015373864430468287,59,59,0.0,44,44,0.0,26,24,-2.0,3,5,2.0,15,15,0.0,10,0.11363636363636363,6,0.06818181818181818,4,0.045454545454545456,-2
P1,P1_psd_bandpower_from_derivatives,PSD_ABSOLUTE_CHANNEL_BAND,ds004504__EC,AD_FTD_vs_CN,7,CN,AD_FTD,88,5,0.7840909090909091,0.7386363636363636,-0.045454545454545414,0.8039158386908241,0.7612507305669199,-0.042665108123904116,0.7735337938507382,0.7285043594902749,-0.04502943436046325,0.573796269229529,0.4917099006785262,-0.08208636855100276,0.625,0.5714285714285714,-0.0535714285714286,0.8620689655172413,0.8275862068965517,-0.03448275862068961,0.7246376811594203,0.676056338028169,-0.04858134313125129,29,29,0.0,0.9166666666666666,0.8913043478260869,-0.025362318840579712,0.7457627118644068,0.6949152542372882,-0.05084745762711862,0.822429906542056,0.780952380952381,-0.0414775255896751,59,59,0.0,44,41,-3.0,25,24,-1.0,4,5,1.0,15,18,3.0,20,0.22727272727272727,12,0.13636363636363635,8,0.09090909090909091,-4
P1,P1_psd_bandpower_from_derivatives,PSD_ABSOLUTE_CHANNEL_BAND,ds004504__EC,AD_FTD_vs_CN,8,CN,AD_FTD,88,5,0.7727272727272727,0.7159090909090909,-0.05681818181818177,0.804208065458796,0.7355347749853887,-0.06867329047340731,0.7649572649572649,0.7048960429242119,-0.060061222033052974,0.5721175103293319,0.4433089261150919,-0.12880858421424002,0.6046511627906976,0.5476190476190477,-0.057032115171649966,0.896551724137931,0.7931034482758621,-0.10344827586206895,0.7222222222222221,0.647887323943662,-0.0743348982785601,29,29,0.0,0.9333333333333333,0.8695652173913043,-0.06376811594202902,0.711864406779661,0.6779661016949152,-0.03389830508474578,0.8076923076923076,0.7619047619047619,-0.045787545787545736,59,59,0.0,42,40,-2.0,26,23,-3.0,3,6,3.0,17,19,2.0,17,0.19318181818181818,11,0.125,6,0.06818181818181818,-5
P1,P1_psd_bandpower_from_derivatives,PSD_ABSOLUTE_CHANNEL_BAND,ds004504__EC,AD_FTD_vs_CN,9,CN,AD_FTD,88,5,0.7386363636363636,0.6931818181818182,-0.045454545454545414,0.7700175336060783,0.7361192285213325,-0.03389830508474578,0.7308152679877643,0.6883116883116883,-0.042503579676075987,0.50768495088121,0.44579556301678785,-0.06188938786442216,0.5681818181818182,0.5208333333333334,-0.04734848484848486,0.8620689655172413,0.8620689655172413,0.0,0.6849315068493151,0.6493506493506493,-0.0355808574986658,29,29,0.0,0.9090909090909091,0.9,-0.009090909090909038,0.6779661016949152,0.6101694915254238,-0.06779661016949146,0.7766990291262135,0.7272727272727273,-0.049426301853486176,59,59,0.0,40,36,-4.0,25,25,0.0,4,4,0.0,19,23,4.0,12,0.13636363636363635,8,0.09090909090909091,4,0.045454545454545456,-4
P1,P1_psd_bandpower_from_derivatives,PSD_ABSOLUTE_CHANNEL_BAND,ds004504__EC,AD_FTD_vs_CN,10,CN,AD_FTD,88,5,0.8295454545454546,0.7272727272727273,-0.10227272727272729,0.8553477498538866,0.7527761542957334,-0.1025715955581532,0.8212108898821617,0.717948717948718,-0.10326217193344378,0.6709002532529877,0.4753906305810491,-0.19550962267193867,0.675,0.5581395348837209,-0.11686046511627912,0.9310344827586207,0.8275862068965517,-0.10344827586206895,0.7826086956521738,0.6666666666666666,-0.1159420289855072,29,29,0.0,0.9583333333333334,0.8888888888888888,-0.06944444444444453,0.7796610169491526,0.6779661016949152,-0.10169491525423735,0.8598130841121496,0.7692307692307693,-0.09058231488138035,59,59,0.0,46,40,-6.0,27,24,-3.0,2,5,3.0,13,19,6.0,15,0.17045454545454544,12,0.13636363636363635,3,0.03409090909090909,-9
P1,P1_psd_bandpower_from_derivatives,PSD_ABSOLUTE_CHANNEL_BAND,ds004504__EC,AD_FTD_vs_CN,11,CN,AD_FTD,88,5,0.7727272727272727,0.7386363636363636,-0.03409090909090906,0.7866744593804793,0.7700175336060783,-0.016656925774401032,0.7603485838779956,0.7308152679877643,-0.029533315890231338,0.5425173841846873,0.50768495088121,-0.034832433303477295,0.6153846153846154,0.5681818181818182,-0.047202797202797186,0.8275862068965517,0.8620689655172413,0.03448275862068961,0.7058823529411765,0.6849315068493151,-0.020950846091861375,29,29,0.0,0.8979591836734694,0.9090909090909091,0.011131725417439675,0.7457627118644068,0.6779661016949152,-0.06779661016949157,0.8148148148148148,0.7766990291262135,-0.0381157856886013,59,59,0.0,44,40,-4.0,24,25,1.0,5,4,-1.0,15,19,4.0,13,0.14772727272727273,8,0.09090909090909091,5,0.056818181818181816,-3
P1,P1_psd_bandpower_from_derivatives,PSD_ABSOLUTE_CHANNEL_BAND,ds004504__EC,AD_FTD_vs_CN,12,CN,AD_FTD,88,5,0.7159090909090909,0.7159090909090909,0.0,0.7530683810637053,0.7267679719462303,-0.026300409117475,0.7095709570957096,0.7020181498036029,-0.007552807292106722,0.47630959059016076,0.4281402931943408,-0.04816929739581993,0.5434782608695652,0.55,0.006521739130434856,0.8620689655172413,0.7586206896551724,-0.10344827586206895,0.6666666666666666,0.6376811594202898,-0.02898550724637683,29,29,0.0,0.9047619047619048,0.8541666666666666,-0.05059523809523814,0.6440677966101694,0.6949152542372882,0.05084745762711873,0.7524752475247525,0.7663551401869159,0.013879892662163384,59,59,0.0,38,41,3.0,25,22,-3.0,4,7,3.0,21,18,-3.0,24,0.2727272727272727,12,0.13636363636363635,12,0.13636363636363635,0
P1,P1_psd_bandpower_from_derivatives,PSD_ABSOLUTE_CHANNEL_BAND,ds004504__EC,AD_FTD_vs_CN,13,CN,AD_FTD,88,5,0.7613636363636364,0.7045454545454546,-0.05681818181818177,0.7869666861484512,0.7270601987142022,-0.05990648743424898,0.752112676056338,0.6944444444444444,-0.057668231611893606,0.5401108752419606,0.4270271907069077,-0.11308368453505285,0.5952380952380952,0.5348837209302325,-0.060354374307862724,0.8620689655172413,0.7931034482758621,-0.06896551724137923,0.7042253521126761,0.6388888888888888,-0.06533646322378728,29,29,0.0,0.9130434782608695,0.8666666666666667,-0.046376811594202816,0.711864406779661,0.6610169491525424,-0.05084745762711862,0.7999999999999999,0.7500000000000001,-0.04999999999999982,59,59,0.0,42,39,-3.0,25,23,-2.0,4,6,2.0,17,20,3.0,13,0.14772727272727273,9,0.10227272727272728,4,0.045454545454545456,-5
P1,P1_psd_bandpower_from_derivatives,PSD_ABSOLUTE_CHANNEL_BAND,ds004504__EC,AD_FTD_vs_CN,14,CN,AD_FTD,88,5,0.7045454545454546,0.7272727272727273,0.022727272727272707,0.7445938047925189,0.7615429573348919,0.016949152542372947,0.6989473684210527,0.7201907790143085,0.02124341059325585,0.46095613117071094,0.49187816690177916,0.03092203573106822,0.5319148936170213,0.5555555555555556,0.023640661938534313,0.8620689655172413,0.8620689655172413,0.0,0.6578947368421053,0.6756756756756757,0.017780938833570348,29,29,0.0,0.9024390243902439,0.9069767441860465,0.004537719795802531,0.6271186440677966,0.6610169491525424,0.03389830508474578,0.74,0.7647058823529412,0.024705882352941244,59,59,0.0,37,39,2.0,25,25,0.0,4,4,0.0,22,20,-2.0,20,0.22727272727272727,9,0.10227272727272728,11,0.125,2
P1,P1_psd_bandpower_from_derivatives,PSD_ABSOLUTE_CHANNEL_BAND,ds004504__EC,AD_FTD_vs_CN,15,CN,AD_FTD,88,5,0.7840909090909091,0.7613636363636364,-0.022727272727272707,0.7863822326125074,0.7781998831092928,-0.008182349503214614,0.7682605682605682,0.7496952458350263,-0.018565322425541875,0.5475807203113391,0.5252442772177995,-0.02233644309353955,0.6388888888888888,0.6,-0.03888888888888886,0.7931034482758621,0.8275862068965517,0.03448275862068961,0.7076923076923076,0.6956521739130435,-0.012040133779264162,29,29,0.0,0.8846153846153846,0.8958333333333334,0.011217948717948789,0.7796610169491526,0.7288135593220338,-0.05084745762711873,0.8288288288288288,0.8037383177570093,-0.025090511071819477,59,59,0.0,46,43,-3.0,23,24,1.0,6,5,-1.0,13,16,3.0,14,0.1590909090909091,8,0.09090909090909091,6,0.06818181818181818,-2
P1,P1_psd_bandpower_from_derivatives,PSD_ABSOLUTE_CHANNEL_BAND,ds004504__EC,AD_FTD_vs_CN,16,CN,AD_FTD,88,5,0.7386363636363636,0.7159090909090909,-0.022727272727272707,0.7524839275277615,0.7180011689070719,-0.03448275862068961,0.7258566978193146,0.6987539367383268,-0.02710276108098786,0.4766922852060702,0.4137490620179231,-0.0629432231881471,0.575,0.5526315789473685,-0.022368421052631482,0.7931034482758621,0.7241379310344828,-0.06896551724137934,0.6666666666666666,0.6268656716417911,-0.03980099502487555,29,29,0.0,0.875,0.84,-0.03500000000000003,0.711864406779661,0.711864406779661,0.0,0.7850467289719627,0.7706422018348624,-0.014404527137100276,59,59,0.0,42,42,0.0,23,21,-2.0,6,8,2.0,17,17,0.0,14,0.1590909090909091,8,0.09090909090909091,6,0.06818181818181818,-2
P1,P1_psd_bandpower_from_derivatives,PSD_ABSOLUTE_CHANNEL_BAND,ds004504__EC,AD_FTD_vs_CN,17,CN,AD_FTD,88,5,0.8181818181818182,0.75,-0.06818181818181823,0.8381063705435419,0.7609585037989479,-0.07714786674459395,0.8082788671023965,0.7363834422657951,-0.07189542483660138,0.6398497589211858,0.4938511968164381,-0.1459985621047477,0.6666666666666666,0.5897435897435898,-0.07692307692307687,0.896551724137931,0.7931034482758621,-0.10344827586206895,0.7647058823529411,0.676470588235294,-0.08823529411764708,29,29,0.0,0.9387755102040817,0.8775510204081632,-0.061224489795918435,0.7796610169491526,0.7288135593220338,-0.05084745762711873,0.8518518518518519,0.7962962962962963,-0.05555555555555558,59,59,0.0,46,43,-3.0,26,23,-3.0,3,6,3.0,13,16,3.0,12,0.13636363636363635,9,0.10227272727272728,3,0.03409090909090909,-6
P1,P1_psd_bandpower_from_derivatives,PSD_ABSOLUTE_CHANNEL_BAND,ds004504__EC,AD_FTD_vs_CN,18,CN,AD_FTD,88,5,0.6818181818181818,0.7613636363636364,0.07954545454545459,0.6838106370543542,0.7781998831092928,0.09438924605493859,0.6644880174291938,0.7496952458350263,0.0852072284058325,0.3478526347116904,0.5252442772177995,0.17739164250610912,0.5128205128205128,0.6,0.0871794871794872,0.6896551724137931,0.8275862068965517,0.13793103448275856,0.5882352941176471,0.6956521739130435,0.10741687979539638,29,29,0.0,0.8163265306122449,0.8958333333333334,0.07950680272108845,0.6779661016949152,0.7288135593220338,0.05084745762711862,0.7407407407407407,0.8037383177570093,0.06299757701626862,59,59,0.0,40,43,3.0,20,24,4.0,9,5,-4.0,19,16,-3.0,13,0.14772727272727273,3,0.03409090909090909,10,0.11363636363636363,7
P1,P1_psd_bandpower_from_derivatives,PSD_ABSOLUTE_CHANNEL_BAND,ds004504__EC,AD_FTD_vs_CN,19,CN,AD_FTD,88,5,0.75,0.7727272727272727,0.022727272727272707,0.7609585037989479,0.7954412624196376,0.034482758620689724,0.7363834422657951,0.7628032345013478,0.026419792235552686,0.4938511968164381,0.5567821369337977,0.06293094011735967,0.5897435897435898,0.6097560975609756,0.02001250781738584,0.7931034482758621,0.8620689655172413,0.06896551724137923,0.676470588235294,0.7142857142857144,0.03781512605042037,29,29,0.0,0.8775510204081632,0.9148936170212766,0.037342596613113344,0.7288135593220338,0.7288135593220338,0.0,0.7962962962962963,0.8113207547169811,0.015024458420684783,59,59,0.0,43,43,0.0,23,25,2.0,6,4,-2.0,16,16,0.0,12,0.13636363636363635,5,0.056818181818181816,7,0.07954545454545454,2
P1,P1_psd_bandpower_from_derivatives,PSD_ABSOLUTE_CHANNEL_BAND,ds004504__EC,AD_FTD_vs_CN,20,CN,AD_FTD,88,5,0.7272727272727273,0.75,0.022727272727272707,0.7440093512565751,0.7697253068381064,0.02571595558153128,0.7153638814016174,0.7390835579514824,0.023719676549864954,0.4598546828286065,0.5083184098812021,0.04846372705259566,0.5609756097560976,0.5853658536585366,0.024390243902438935,0.7931034482758621,0.8275862068965517,0.03448275862068961,0.6571428571428573,0.6857142857142856,0.02857142857142836,29,29,0.0,0.8723404255319149,0.8936170212765957,0.02127659574468077,0.6949152542372882,0.711864406779661,0.016949152542372836,0.7735849056603775,0.7924528301886792,0.01886792452830166,59,59,0.0,41,42,1.0,23,24,1.0,6,5,-1.0,18,17,-1.0,12,0.13636363636363635,5,0.056818181818181816,7,0.07954545454545454,2
P1,P1_psd_bandpower_from_derivatives,PSD_ABSOLUTE_CHANNEL_BAND,ds004504__EC,AD_vs_CN,1,CN,AD,65,5,0.7846153846153846,0.7692307692307693,-0.01538461538461533,0.7854406130268199,0.7681992337164751,-0.01724137931034475,0.7833333333333333,0.767247553115302,-0.01608578021803131,0.5681666066487776,0.5348637047238359,-0.033302901924941675,0.7419354838709677,0.7333333333333333,-0.008602150537634468,0.7931034482758621,0.7586206896551724,-0.034482758620689724,0.7666666666666667,0.7457627118644068,-0.020903954802259928,29,29,0.0,0.8235294117647058,0.8,-0.0235294117647058,0.7777777777777778,0.7777777777777778,0.0,0.7999999999999999,0.7887323943661971,-0.011267605633802802,36,36,0.0,28,28,0.0,23,22,-1.0,6,7,1.0,8,8,0.0,11,0.16923076923076924,6,0.09230769230769231,5,0.07692307692307693,-1
P1,P1_psd_bandpower_from_derivatives,PSD_ABSOLUTE_CHANNEL_BAND,ds004504__EC,AD_vs_CN,2,CN,AD,65,5,0.7846153846153846,0.7692307692307693,-0.01538461538461533,0.7954980842911877,0.774904214559387,-0.020593869731800774,0.784564393939394,0.7690120824449183,-0.015552311494475779,0.5932736189039423,0.5471940137859033,-0.04607960511803899,0.7027027027027027,0.7058823529411765,0.0031796502384737746,0.896551724137931,0.8275862068965517,-0.06896551724137934,0.787878787878788,0.7619047619047619,-0.025974025974026094,29,29,0.0,0.8928571428571429,0.8387096774193549,-0.054147465437788034,0.6944444444444444,0.7222222222222222,0.02777777777777779,0.78125,0.7761194029850746,-0.005130597014925353,36,36,0.0,25,26,1.0,26,24,-2.0,3,5,2.0,11,10,-1.0,13,0.2,7,0.1076923076923077,6,0.09230769230769231,-1
P1,P1_psd_bandpower_from_derivatives,PSD_ABSOLUTE_CHANNEL_BAND,ds004504__EC,AD_vs_CN,3,CN,AD,65,5,0.8153846153846154,0.7384615384615385,-0.07692307692307687,0.8232758620689655,0.7404214559386972,-0.08285440613026829,0.8153409090909092,0.7374673319078167,-0.07787357718309251,0.6447017869439094,0.4781030439229421,-0.16659874302096733,0.7428571428571429,0.6875,-0.05535714285714288,0.896551724137931,0.7586206896551724,-0.13793103448275867,0.8125,0.7213114754098361,-0.09118852459016391,29,29,0.0,0.9,0.7878787878787878,-0.11212121212121218,0.75,0.7222222222222222,-0.02777777777777779,0.8181818181818182,0.7536231884057971,-0.06455862977602111,36,36,0.0,27,26,-1.0,26,22,-4.0,3,7,4.0,9,10,1.0,13,0.2,9,0.13846153846153847,4,0.06153846153846154,-5
P1,P1_psd_bandpower_from_derivatives,PSD_ABSOLUTE_CHANNEL_BAND,ds004504__EC,AD_vs_CN,4,CN,AD,65,5,0.7538461538461538,0.7846153846153846,0.03076923076923077,0.7610153256704981,0.7854406130268199,0.024425287356321768,0.7537878787878789,0.7833333333333333,0.02954545454545443,0.5205369983473047,0.5681666066487776,0.04762960830147289,0.6857142857142857,0.7419354838709677,0.05622119815668203,0.8275862068965517,0.7931034482758621,-0.03448275862068961,0.75,0.7666666666666667,0.01666666666666672,29,29,0.0,0.8333333333333334,0.8235294117647058,-0.009803921568627527,0.6944444444444444,0.7777777777777778,0.08333333333333337,0.7575757575757577,0.7999999999999999,0.04242424242424225,36,36,0.0,25,28,3.0,24,23,-1.0,5,6,1.0,11,8,-3.0,12,0.18461538461538463,5,0.07692307692307693,7,0.1076923076923077,2
P1,P1_psd_bandpower_from_derivatives,PSD_ABSOLUTE_CHANNEL_BAND,ds004504__EC,AD_vs_CN,5,CN,AD,65,5,0.8307692307692308,0.7230769230769231,-0.10769230769230775,0.8338122605363985,0.7332375478927202,-0.10057471264367823,0.8301259206462342,0.7230113636363635,-0.10711455700987071,0.6638203617814555,0.46827269433747143,-0.1955476674439841,0.78125,0.6486486486486487,-0.13260135135135132,0.8620689655172413,0.8275862068965517,-0.03448275862068961,0.8196721311475409,0.7272727272727273,-0.0923994038748136,29,29,0.0,0.8787878787878788,0.8214285714285714,-0.05735930735930739,0.8055555555555556,0.6388888888888888,-0.16666666666666674,0.8405797101449276,0.7187499999999999,-0.12182971014492772,36,36,0.0,29,23,-6.0,25,24,-1.0,4,5,1.0,7,13,6.0,11,0.16923076923076924,9,0.13846153846153847,2,0.03076923076923077,-7
P1,P1_psd_bandpower_from_derivatives,PSD_ABSOLUTE_CHANNEL_BAND,ds004504__EC,AD_vs_CN,6,CN,AD,65,5,0.8,0.7692307692307693,-0.03076923076923077,0.8093869731800767,0.771551724137931,-0.037835249042145636,0.7999999999999999,0.7683535281539557,-0.03164647184604419,0.6187739463601533,0.5400088165424466,-0.07876512981770667,0.7222222222222222,0.71875,-0.00347222222222221,0.896551724137931,0.7931034482758621,-0.10344827586206895,0.7999999999999999,0.7540983606557378,-0.04590163934426217,29,29,0.0,0.896551724137931,0.8181818181818182,-0.07836990595611282,0.7222222222222222,0.75,0.02777777777777779,0.7999999999999999,0.7826086956521738,-0.017391304347826098,36,36,0.0,26,27,1.0,26,23,-3.0,3,6,3.0,10,9,-1.0,10,0.15384615384615385,6,0.09230769230769231,4,0.06153846153846154,-2
P1,P1_psd_bandpower_from_derivatives,PSD_ABSOLUTE_CHANNEL_BAND,ds004504__EC,AD_vs_CN,7,CN,AD,65,5,0.7692307692307693,0.6923076923076923,-0.07692307692307698,0.7782567049808429,0.6920498084291188,-0.08620689655172409,0.7692307692307692,0.6904761904761906,-0.07875457875457859,0.5565134099616859,0.38227316990966415,-0.1742402400520217,0.6944444444444444,0.6451612903225806,-0.04928315412186379,0.8620689655172413,0.6896551724137931,-0.17241379310344818,0.7692307692307692,0.6666666666666667,-0.10256410256410242,29,29,0.0,0.8620689655172413,0.7352941176470589,-0.12677484787018245,0.6944444444444444,0.6944444444444444,0.0,0.7692307692307692,0.7142857142857144,-0.05494505494505475,36,36,0.0,25,25,0.0,25,20,-5.0,4,9,5.0,11,11,0.0,27,0.4153846153846154,16,0.24615384615384617,11,0.16923076923076924,-5
P1,P1_psd_bandpower_from_derivatives,PSD_ABSOLUTE_CHANNEL_BAND,ds004504__EC,AD_vs_CN,8,CN,AD,65,5,0.7692307692307693,0.7846153846153846,0.01538461538461533,0.7782567049808429,0.7887931034482758,0.010536398467432928,0.7692307692307692,0.7841555977229602,0.014924828492191011,0.5565134099616859,0.5742950906086337,0.01778168064694785,0.6944444444444444,0.7272727272727273,0.03282828282828287,0.8620689655172413,0.8275862068965517,-0.03448275862068961,0.7692307692307692,0.7741935483870968,0.00496277915632759,29,29,0.0,0.8620689655172413,0.84375,-0.018318965517241326,0.6944444444444444,0.75,0.05555555555555558,0.7692307692307692,0.7941176470588235,0.02488687782805432,36,36,0.0,25,27,2.0,25,24,-1.0,4,5,1.0,11,9,-2.0,15,0.23076923076923078,7,0.1076923076923077,8,0.12307692307692308,1
P1,P1_psd_bandpower_from_derivatives,PSD_ABSOLUTE_CHANNEL_BAND,ds004504__EC,AD_vs_CN,9,CN,AD,65,5,0.8153846153846154,0.7538461538461538,-0.06153846153846154,0.8232758620689655,0.7576628352490422,-0.06561302681992331,0.8153409090909092,0.7533206831119544,-0.062020225978954735,0.6447017869439094,0.5123893179891292,-0.13231246895478022,0.7428571428571429,0.696969696969697,-0.045887445887445866,0.896551724137931,0.7931034482758621,-0.10344827586206895,0.8125,0.7419354838709677,-0.07056451612903225,29,29,0.0,0.9,0.8125,-0.08750000000000002,0.75,0.7222222222222222,-0.02777777777777779,0.8181818181818182,0.7647058823529411,-0.05347593582887711,36,36,0.0,27,26,-1.0,26,23,-3.0,3,6,3.0,9,10,1.0,12,0.18461538461538463,8,0.12307692307692308,4,0.06153846153846154,-4
P1,P1_psd_bandpower_from_derivatives,PSD_ABSOLUTE_CHANNEL_BAND,ds004504__EC,AD_vs_CN,10,CN,AD,65,5,0.8153846153846154,0.7384615384615385,-0.07692307692307687,0.8232758620689655,0.7437739463601533,-0.07950191570881227,0.8153409090909092,0.738213693437574,-0.07712721565333513,0.6447017869439094,0.48522953487286546,-0.15947225207104399,0.7428571428571429,0.6764705882352942,-0.06638655462184873,0.896551724137931,0.7931034482758621,-0.10344827586206895,0.8125,0.7301587301587301,-0.08234126984126988,29,29,0.0,0.9,0.8064516129032258,-0.09354838709677427,0.75,0.6944444444444444,-0.05555555555555558,0.8181818181818182,0.746268656716418,-0.07191316146540028,36,36,0.0,27,25,-2.0,26,23,-3.0,3,6,3.0,9,11,2.0,11,0.16923076923076924,8,0.12307692307692308,3,0.046153846153846156,-5
P1,P1_psd_bandpower_from_derivatives,PSD_ABSOLUTE_CHANNEL_BAND,ds004504__EC,AD_vs_CN,11,CN,AD,65,5,0.676923076923077,0.7692307692307693,0.09230769230769231,0.6882183908045978,0.774904214559387,0.08668582375478917,0.6766169154228856,0.7690120824449183,0.09239516702203265,0.3797245015127892,0.5471940137859033,0.16746951227311407,0.6052631578947368,0.7058823529411765,0.10061919504643968,0.7931034482758621,0.8275862068965517,0.03448275862068961,0.6865671641791046,0.7619047619047619,0.07533759772565729,29,29,0.0,0.7777777777777778,0.8387096774193549,0.06093189964157708,0.5833333333333334,0.7222222222222222,0.13888888888888884,0.6666666666666666,0.7761194029850746,0.10945273631840802,36,36,0.0,21,26,5.0,23,24,1.0,6,5,-1.0,15,10,-5.0,14,0.2153846153846154,4,0.06153846153846154,10,0.15384615384615385,6
P1,P1_psd_bandpower_from_derivatives,PSD_ABSOLUTE_CHANNEL_BAND,ds004504__EC,AD_vs_CN,12,CN,AD,65,5,0.7692307692307693,0.6461538461538462,-0.12307692307692308,0.7782567049808429,0.6470306513409961,-0.13122605363984674,0.7692307692307692,0.6448087431693988,-0.12442202606137032,0.5565134099616859,0.29238572606442875,-0.2641276838972571,0.6944444444444444,0.59375,-0.10069444444444442,0.8620689655172413,0.6551724137931034,-0.2068965517241379,0.7692307692307692,0.6229508196721311,-0.1462799495586381,29,29,0.0,0.8620689655172413,0.696969696969697,-0.1650992685475443,0.6944444444444444,0.6388888888888888,-0.05555555555555558,0.7692307692307692,0.6666666666666666,-0.10256410256410253,36,36,0.0,25,23,-2.0,25,19,-6.0,4,10,6.0,11,13,2.0,18,0.27692307692307694,13,0.2,5,0.07692307692307693,-8
P1,P1_psd_bandpower_from_derivatives,PSD_ABSOLUTE_CHANNEL_BAND,ds004504__EC,AD_vs_CN,13,CN,AD,65,5,0.7692307692307693,0.7692307692307693,0.0,0.771551724137931,0.771551724137931,0.0,0.7683535281539557,0.7683535281539557,0.0,0.5400088165424466,0.5400088165424466,0.0,0.71875,0.71875,0.0,0.7931034482758621,0.7931034482758621,0.0,0.7540983606557378,0.7540983606557378,0.0,29,29,0.0,0.8181818181818182,0.8181818181818182,0.0,0.75,0.75,0.0,0.7826086956521738,0.7826086956521738,0.0,36,36,0.0,27,27,0.0,23,23,0.0,6,6,0.0,9,9,0.0,12,0.18461538461538463,6,0.09230769230769231,6,0.09230769230769231,0
P1,P1_psd_bandpower_from_derivatives,PSD_ABSOLUTE_CHANNEL_BAND,ds004504__EC,AD_vs_CN,14,CN,AD,65,5,0.7538461538461538,0.7692307692307693,0.015384615384615441,0.7610153256704981,0.774904214559387,0.01388888888888884,0.7537878787878789,0.7690120824449183,0.015224203657039359,0.5205369983473047,0.5471940137859033,0.026657015438598552,0.6857142857142857,0.7058823529411765,0.020168067226890796,0.8275862068965517,0.8275862068965517,0.0,0.75,0.7619047619047619,0.011904761904761862,29,29,0.0,0.8333333333333334,0.8387096774193549,0.005376344086021501,0.6944444444444444,0.7222222222222222,0.02777777777777779,0.7575757575757577,0.7761194029850746,0.018543645409316967,36,36,0.0,25,26,1.0,24,24,0.0,5,5,0.0,11,10,-1.0,15,0.23076923076923078,7,0.1076923076923077,8,0.12307692307692308,1
P1,P1_psd_bandpower_from_derivatives,PSD_ABSOLUTE_CHANNEL_BAND,ds004504__EC,AD_vs_CN,15,CN,AD,65,5,0.7692307692307693,0.7538461538461538,-0.015384615384615441,0.774904214559387,0.7576628352490422,-0.01724137931034475,0.7690120824449183,0.7533206831119544,-0.015691399332963818,0.5471940137859033,0.5123893179891292,-0.03480469579677403,0.7058823529411765,0.696969696969697,-0.0089126559714795,0.8275862068965517,0.7931034482758621,-0.03448275862068961,0.7619047619047619,0.7419354838709677,-0.019969278033794113,29,29,0.0,0.8387096774193549,0.8125,-0.02620967741935487,0.7222222222222222,0.7222222222222222,0.0,0.7761194029850746,0.7647058823529411,-0.011413520632133523,36,36,0.0,26,26,0.0,24,23,-1.0,5,6,1.0,10,10,0.0,11,0.16923076923076924,6,0.09230769230769231,5,0.07692307692307693,-1
P1,P1_psd_bandpower_from_derivatives,PSD_ABSOLUTE_CHANNEL_BAND,ds004504__EC,AD_vs_CN,16,CN,AD,65,5,0.8153846153846154,0.7692307692307693,-0.0461538461538461,0.8232758620689655,0.771551724137931,-0.051724137931034475,0.8153409090909092,0.7683535281539557,-0.04698738093695343,0.6447017869439094,0.5400088165424466,-0.10469297040146286,0.7428571428571429,0.71875,-0.024107142857142883,0.896551724137931,0.7931034482758621,-0.10344827586206895,0.8125,0.7540983606557378,-0.058401639344262235,29,29,0.0,0.9,0.8181818181818182,-0.08181818181818179,0.75,0.75,0.0,0.8181818181818182,0.7826086956521738,-0.035573122529644396,36,36,0.0,27,27,0.0,26,23,-3.0,3,6,3.0,9,9,0.0,9,0.13846153846153847,6,0.09230769230769231,3,0.046153846153846156,-3
P1,P1_psd_bandpower_from_derivatives,PSD_ABSOLUTE_CHANNEL_BAND,ds004504__EC,AD_vs_CN,17,CN,AD,65,5,0.7846153846153846,0.7692307692307693,-0.01538461538461533,0.7921455938697317,0.7648467432950192,-0.027298850574712485,0.7845643939393939,0.7656813266041818,-0.018883067335212167,0.582619392645607,0.5317347021942951,-0.05088469045131194,0.7142857142857143,0.75,0.0357142857142857,0.8620689655172413,0.7241379310344828,-0.13793103448275856,0.7812500000000001,0.736842105263158,-0.044407894736842146,29,29,0.0,0.8666666666666667,0.7837837837837838,-0.08288288288288292,0.7222222222222222,0.8055555555555556,0.08333333333333337,0.7878787878787877,0.7945205479452055,0.006641760066417812,36,36,0.0,26,29,3.0,25,21,-4.0,4,8,4.0,10,7,-3.0,11,0.16923076923076924,6,0.09230769230769231,5,0.07692307692307693,-1
P1,P1_psd_bandpower_from_derivatives,PSD_ABSOLUTE_CHANNEL_BAND,ds004504__EC,AD_vs_CN,18,CN,AD,65,5,0.8461538461538461,0.7538461538461538,-0.09230769230769231,0.8510536398467433,0.7543103448275862,-0.09674329501915713,0.8458254269449715,0.7523809523809524,-0.09344447456401916,0.6981066358476425,0.5062021277357398,-0.19190450811190274,0.7878787878787878,0.7096774193548387,-0.0782013685239491,0.896551724137931,0.7586206896551724,-0.13793103448275867,0.8387096774193549,0.7333333333333333,-0.10537634408602159,29,29,0.0,0.90625,0.7941176470588235,-0.11213235294117652,0.8055555555555556,0.75,-0.05555555555555558,0.8529411764705882,0.7714285714285715,-0.08151260504201674,36,36,0.0,29,27,-2.0,26,22,-4.0,3,7,4.0,7,9,2.0,12,0.18461538461538463,9,0.13846153846153847,3,0.046153846153846156,-6
P1,P1_psd_bandpower_from_derivatives,PSD_ABSOLUTE_CHANNEL_BAND,ds004504__EC,AD_vs_CN,19,CN,AD,65,5,0.7384615384615385,0.7846153846153846,0.0461538461538461,0.7504789272030651,0.7887931034482758,0.03831417624521072,0.738213693437574,0.7841555977229602,0.04594190428538614,0.5053331152447551,0.5742950906086337,0.0689619753638786,0.6578947368421053,0.7272727272727273,0.06937799043062198,0.8620689655172413,0.8275862068965517,-0.03448275862068961,0.746268656716418,0.7741935483870968,0.027924891670678798,29,29,0.0,0.8518518518518519,0.84375,-0.00810185185185186,0.6388888888888888,0.75,0.11111111111111116,0.7301587301587301,0.7941176470588235,0.06395891690009337,36,36,0.0,23,27,4.0,25,24,-1.0,4,5,1.0,13,9,-4.0,15,0.23076923076923078,6,0.09230769230769231,9,0.13846153846153847,3
P1,P1_psd_bandpower_from_derivatives,PSD_ABSOLUTE_CHANNEL_BAND,ds004504__EC,AD_vs_CN,20,CN,AD,65,5,0.8153846153846154,0.7076923076923077,-0.10769230769230764,0.8199233716475096,0.7126436781609196,-0.10727969348659006,0.8149905123339658,0.7074153044302298,-0.10757520790373598,0.6362008632281381,0.42326505595982766,-0.2129358072683104,0.7575757575757576,0.6470588235294118,-0.11051693404634577,0.8620689655172413,0.7586206896551724,-0.10344827586206895,0.8064516129032258,0.6984126984126984,-0.10803891449052738,29,29,0.0,0.875,0.7741935483870968,-0.10080645161290325,0.7777777777777778,0.6666666666666666,-0.11111111111111116,0.823529411764706,0.7164179104477612,-0.1071115013169448,36,36,0.0,28,24,-4.0,25,22,-3.0,4,7,3.0,8,12,4.0,13,0.2,10,0.15384615384615385,3,0.046153846153846156,-7
P1,P1_psd_bandpower_from_derivatives,PSD_ABSOLUTE_CHANNEL_BAND,ds004504__EC,AD_vs_FTD,1,FTD,AD,59,5,0.559322033898305,0.5254237288135594,-0.03389830508474567,0.5368357487922705,0.46195652173913043,-0.07487922705314004,0.5368357487922705,0.440379403794038,-0.09645634499823247,0.07367149758454106,-0.08953127908482314,-0.1632027766693642,0.43478260869565216,0.3076923076923077,-0.12709030100334445,0.43478260869565216,0.17391304347826086,-0.2608695652173913,0.43478260869565216,0.2222222222222222,-0.21256038647342995,23,23,0.0,0.6388888888888888,0.5869565217391305,-0.05193236714975835,0.6388888888888888,0.75,0.11111111111111116,0.6388888888888888,0.6585365853658538,0.01964769647696496,36,36,0.0,23,27,4.0,10,4,-6.0,13,19,6.0,13,9,-4.0,22,0.3728813559322034,12,0.2033898305084746,10,0.1694915254237288,-2
P1,P1_psd_bandpower_from_derivatives,PSD_ABSOLUTE_CHANNEL_BAND,ds004504__EC,AD_vs_FTD,2,FTD,AD,59,5,0.559322033898305,0.4576271186440678,-0.10169491525423724,0.5289855072463768,0.40640096618357485,-0.12258454106280198,0.5288697788697788,0.39487179487179486,-0.13399798399798396,0.059050641955474124,-0.20158927543576516,-0.26063991739123926,0.42857142857142855,0.23529411764705882,-0.19327731092436973,0.391304347826087,0.17391304347826086,-0.2173913043478261,0.4090909090909091,0.19999999999999998,-0.20909090909090913,23,23,0.0,0.631578947368421,0.5476190476190477,-0.08395989974937335,0.6666666666666666,0.6388888888888888,-0.02777777777777779,0.6486486486486486,0.5897435897435898,-0.058905058905058816,36,36,0.0,24,23,-1.0,9,4,-5.0,14,19,5.0,12,13,1.0,24,0.4067796610169492,15,0.2542372881355932,9,0.15254237288135594,-6
P1,P1_psd_bandpower_from_derivatives,PSD_ABSOLUTE_CHANNEL_BAND,ds004504__EC,AD_vs_FTD,3,FTD,AD,59,5,0.4576271186440678,0.6101694915254238,0.15254237288135597,0.4142512077294686,0.5549516908212561,0.14070048309178745,0.4085213032581454,0.5472138805472139,0.13869257728906847,-0.17900550199141527,0.12599576542058236,0.3050012674119976,0.2631578947368421,0.5,0.2368421052631579,0.21739130434782608,0.30434782608695654,0.08695652173913046,0.23809523809523808,0.3783783783783784,0.14028314028314032,23,23,0.0,0.55,0.6444444444444445,0.09444444444444444,0.6111111111111112,0.8055555555555556,0.19444444444444442,0.5789473684210527,0.7160493827160493,0.1371020142949967,36,36,0.0,22,29,7.0,5,7,2.0,18,16,-2.0,14,7,-7.0,23,0.3898305084745763,7,0.11864406779661017,16,0.2711864406779661,9
P1,P1_psd_bandpower_from_derivatives,PSD_ABSOLUTE_CHANNEL_BAND,ds004504__EC,AD_vs_FTD,4,FTD,AD,59,5,0.559322033898305,0.4915254237288136,-0.06779661016949146,0.5289855072463768,0.44202898550724634,-0.08695652173913049,0.5288697788697788,0.43269230769230765,-0.09617747117747116,0.059050641955474124,-0.12485529317311907,-0.18390593512859318,0.42857142857142855,0.29411764705882354,-0.134453781512605,0.391304347826087,0.21739130434782608,-0.1739130434782609,0.4090909090909091,0.25,-0.15909090909090912,23,23,0.0,0.631578947368421,0.5714285714285714,-0.06015037593984962,0.6666666666666666,0.6666666666666666,0.0,0.6486486486486486,0.6153846153846153,-0.033264033264033266,36,36,0.0,24,24,0.0,9,5,-4.0,14,18,4.0,12,12,0.0,26,0.4406779661016949,15,0.2542372881355932,11,0.1864406779661017,-4
P1,P1_psd_bandpower_from_derivatives,PSD_ABSOLUTE_CHANNEL_BAND,ds004504__EC,AD_vs_FTD,5,FTD,AD,59,5,0.5932203389830508,0.4915254237288136,-0.10169491525423724,0.5803140096618358,0.42632850241545894,-0.15398550724637683,0.5785714285714285,0.40040650406504064,-0.17816492450638788,0.1585356763338936,-0.17337803251346703,-0.3319137088473606,0.48,0.23076923076923078,-0.2492307692307692,0.5217391304347826,0.13043478260869565,-0.3913043478260869,0.4999999999999999,0.16666666666666669,-0.3333333333333332,23,23,0.0,0.6764705882352942,0.5652173913043478,-0.11125319693094637,0.6388888888888888,0.7222222222222222,0.08333333333333337,0.6571428571428571,0.6341463414634146,-0.022996515679442497,36,36,0.0,23,26,3.0,12,3,-9.0,11,20,9.0,13,10,-3.0,24,0.4067796610169492,15,0.2542372881355932,9,0.15254237288135594,-6
P1,P1_psd_bandpower_from_derivatives,PSD_ABSOLUTE_CHANNEL_BAND,ds004504__EC,AD_vs_FTD,6,FTD,AD,59,5,0.5084745762711864,0.423728813559322,-0.0847457627118644,0.5030193236714976,0.3864734299516908,-0.11654589371980678,0.4992683640620428,0.3839066339066338,-0.11536173015540896,0.00589786698095908,-0.23128168099227364,-0.23717954797323273,0.39285714285714285,0.23809523809523808,-0.15476190476190477,0.4782608695652174,0.21739130434782608,-0.26086956521739135,0.4313725490196078,0.22727272727272724,-0.20409982174688057,23,23,0.0,0.6129032258064516,0.5263157894736842,-0.08658743633276744,0.5277777777777778,0.5555555555555556,0.02777777777777779,0.5671641791044777,0.5405405405405405,-0.026623638563937235,36,36,0.0,19,20,1.0,11,5,-6.0,12,18,6.0,17,16,-1.0,23,0.3898305084745763,14,0.23728813559322035,9,0.15254237288135594,-5
P1,P1_psd_bandpower_from_derivatives,PSD_ABSOLUTE_CHANNEL_BAND,ds004504__EC,AD_vs_FTD,7,FTD,AD,59,5,0.5084745762711864,0.4406779661016949,-0.06779661016949151,0.4873188405797102,0.392512077294686,-0.09480676328502419,0.4872640095894517,0.3832752613240419,-0.10398874826540982,-0.025180507759266745,-0.2277071423122603,-0.20252663455299355,0.375,0.2222222222222222,-0.1527777777777778,0.391304347826087,0.17391304347826086,-0.2173913043478261,0.3829787234042554,0.1951219512195122,-0.18785677218474317,23,23,0.0,0.6,0.5365853658536586,-0.06341463414634141,0.5833333333333334,0.6111111111111112,0.02777777777777779,0.591549295774648,0.5714285714285715,-0.02012072434607648,36,36,0.0,21,22,1.0,9,4,-5.0,14,19,5.0,15,14,-1.0,24,0.4067796610169492,14,0.23728813559322035,10,0.1694915254237288,-4
P1,P1_psd_bandpower_from_derivatives,PSD_ABSOLUTE_CHANNEL_BAND,ds004504__EC,AD_vs_FTD,8,FTD,AD,59,5,0.4915254237288136,0.4915254237288136,0.0,0.45772946859903385,0.46557971014492755,0.0078502415458937,0.45638820638820643,0.46557971014492755,0.00919150375672112,-0.08611551951839977,-0.06884057971014493,0.01727493980825484,0.3333333333333333,0.34782608695652173,0.014492753623188415,0.30434782608695654,0.34782608695652173,0.04347826086956519,0.31818181818181823,0.34782608695652173,0.029644268774703497,23,23,0.0,0.5789473684210527,0.5833333333333334,0.004385964912280715,0.6111111111111112,0.5833333333333334,-0.02777777777777779,0.5945945945945946,0.5833333333333334,-0.011261261261261257,36,36,0.0,22,21,-1.0,7,8,1.0,16,15,-1.0,14,15,1.0,28,0.4745762711864407,14,0.23728813559322035,14,0.23728813559322035,0
P1,P1_psd_bandpower_from_derivatives,PSD_ABSOLUTE_CHANNEL_BAND,ds004504__EC,AD_vs_FTD,9,FTD,AD,59,5,0.6101694915254238,0.576271186440678,-0.03389830508474578,0.5785024154589372,0.5271739130434783,-0.05132850241545894,0.5792248062015504,0.5212593313859136,-0.05796547481563674,0.1617636294710456,0.05962153132020875,-0.10214209815083686,0.5,0.4375,-0.0625,0.43478260869565216,0.30434782608695654,-0.13043478260869562,0.46511627906976744,0.358974358974359,-0.10614192009540846,23,23,0.0,0.6666666666666666,0.627906976744186,-0.03875968992248058,0.7222222222222222,0.75,0.02777777777777779,0.6933333333333334,0.6835443037974683,-0.009789029535865024,36,36,0.0,26,27,1.0,10,7,-3.0,13,16,3.0,10,9,-1.0,22,0.3728813559322034,12,0.2033898305084746,10,0.1694915254237288,-2
P1,P1_psd_bandpower_from_derivatives,PSD_ABSOLUTE_CHANNEL_BAND,ds004504__EC,AD_vs_FTD,10,FTD,AD,59,5,0.576271186440678,0.5254237288135594,-0.05084745762711862,0.5585748792270531,0.4776570048309179,-0.08091787439613518,0.5579862151633204,0.4705128205128205,-0.08747339465049986,0.11630996441185117,-0.048121310910472975,-0.16443127532232416,0.4583333333333333,0.35294117647058826,-0.10539215686274506,0.4782608695652174,0.2608695652173913,-0.2173913043478261,0.4680851063829787,0.3,-0.1680851063829787,23,23,0.0,0.6571428571428571,0.5952380952380952,-0.06190476190476191,0.6388888888888888,0.6944444444444444,0.05555555555555558,0.647887323943662,0.6410256410256411,-0.006861682918020917,36,36,0.0,23,25,2.0,11,6,-5.0,12,17,5.0,13,11,-2.0,23,0.3898305084745763,13,0.22033898305084745,10,0.1694915254237288,-3
P1,P1_psd_bandpower_from_derivatives,PSD_ABSOLUTE_CHANNEL_BAND,ds004504__EC,AD_vs_FTD,11,FTD,AD,59,5,0.559322033898305,0.5254237288135594,-0.03389830508474567,0.552536231884058,0.4776570048309179,-0.0748792270531401,0.5488235294117647,0.4705128205128205,-0.0783107088989442,0.10286016413334878,-0.048121310910472975,-0.15098147504382176,0.4444444444444444,0.35294117647058826,-0.09150326797385616,0.5217391304347826,0.2608695652173913,-0.2608695652173913,0.48,0.3,-0.18,23,23,0.0,0.65625,0.5952380952380952,-0.06101190476190477,0.5833333333333334,0.6944444444444444,0.11111111111111105,0.6176470588235293,0.6410256410256411,0.023378582202111753,36,36,0.0,21,25,4.0,12,6,-6.0,11,17,6.0,15,11,-4.0,28,0.4745762711864407,15,0.2542372881355932,13,0.22033898305084745,-2
P1,P1_psd_bandpower_from_derivatives,PSD_ABSOLUTE_CHANNEL_BAND,ds004504__EC,AD_vs_FTD,12,FTD,AD,59,5,0.5932203389830508,0.3728813559322034,-0.22033898305084743,0.5881642512077294,0.321256038647343,-0.26690821256038644,0.5835294117647059,0.3085207475451378,-0.27500866421956804,0.17261590762607956,-0.37865906811476996,-0.5512749757408495,0.48148148148148145,0.1111111111111111,-0.37037037037037035,0.5652173913043478,0.08695652173913043,-0.47826086956521735,0.52,0.0975609756097561,-0.42243902439024394,23,23,0.0,0.6875,0.4878048780487805,-0.19969512195121952,0.6111111111111112,0.5555555555555556,-0.05555555555555558,0.6470588235294118,0.5194805194805195,-0.12757830404889225,36,36,0.0,22,20,-2.0,13,2,-11.0,10,21,11.0,14,16,2.0,29,0.4915254237288136,21,0.3559322033898305,8,0.13559322033898305,-13
P1,P1_psd_bandpower_from_derivatives,PSD_ABSOLUTE_CHANNEL_BAND,ds004504__EC,AD_vs_FTD,13,FTD,AD,59,5,0.5254237288135594,0.5254237288135594,0.0,0.4933574879227053,0.4933574879227053,0.0,0.4926289926289926,0.4926289926289926,0.0,-0.01353243878146282,-0.01353243878146282,0.0,0.38095238095238093,0.38095238095238093,0.0,0.34782608695652173,0.34782608695652173,0.0,0.3636363636363636,0.3636363636363636,0.0,23,23,0.0,0.6052631578947368,0.6052631578947368,0.0,0.6388888888888888,0.6388888888888888,0.0,0.6216216216216216,0.6216216216216216,0.0,36,36,0.0,23,23,0.0,8,8,0.0,15,15,0.0,13,13,0.0,22,0.3728813559322034,11,0.1864406779661017,11,0.1864406779661017,0
P1,P1_psd_bandpower_from_derivatives,PSD_ABSOLUTE_CHANNEL_BAND,ds004504__EC,AD_vs_FTD,14,FTD,AD,59,5,0.5254237288135594,0.4576271186440678,-0.06779661016949157,0.4933574879227053,0.4142512077294686,-0.07910628019323668,0.4926289926289926,0.4085213032581454,-0.08410768937084723,-0.01353243878146282,-0.17900550199141527,-0.16547306320995245,0.38095238095238093,0.2631578947368421,-0.11779448621553884,0.34782608695652173,0.21739130434782608,-0.13043478260869565,0.3636363636363636,0.23809523809523808,-0.1255411255411255,23,23,0.0,0.6052631578947368,0.55,-0.05526315789473679,0.6388888888888888,0.6111111111111112,-0.02777777777777768,0.6216216216216216,0.5789473684210527,-0.042674253200568946,36,36,0.0,23,22,-1.0,8,5,-3.0,15,18,3.0,13,14,1.0,24,0.4067796610169492,14,0.23728813559322035,10,0.1694915254237288,-4
P1,P1_psd_bandpower_from_derivatives,PSD_ABSOLUTE_CHANNEL_BAND,ds004504__EC,AD_vs_FTD,15,FTD,AD,59,5,0.5084745762711864,0.5423728813559322,0.03389830508474578,0.4716183574879227,0.4993961352657005,0.02777777777777779,0.4694573643410852,0.4954070319923979,0.02594966765131268,-0.058483773731839564,-0.0012792536084958444,0.05720452012334372,0.35,0.3888888888888889,0.03888888888888892,0.30434782608695654,0.30434782608695654,0.0,0.3255813953488372,0.34146341463414637,0.01588201928530919,23,23,0.0,0.5897435897435898,0.6097560975609756,0.02001250781738584,0.6388888888888888,0.6944444444444444,0.05555555555555558,0.6133333333333332,0.6493506493506495,0.03601731601731628,36,36,0.0,23,25,2.0,7,7,0.0,16,16,0.0,13,11,-2.0,22,0.3728813559322034,10,0.1694915254237288,12,0.2033898305084746,2
P1,P1_psd_bandpower_from_derivatives,PSD_ABSOLUTE_CHANNEL_BAND,ds004504__EC,AD_vs_FTD,16,FTD,AD,59,5,0.5084745762711864,0.4915254237288136,-0.016949152542372836,0.49516908212560384,0.44202898550724634,-0.0531400966183575,0.4939367051168293,0.43269230769230765,-0.061244397424521646,-0.009491419630844785,-0.12485529317311907,-0.11536387354227429,0.38461538461538464,0.29411764705882354,-0.0904977375565611,0.43478260869565216,0.21739130434782608,-0.21739130434782608,0.40816326530612246,0.25,-0.15816326530612246,23,23,0.0,0.6060606060606061,0.5714285714285714,-0.03463203463203468,0.5555555555555556,0.6666666666666666,0.11111111111111105,0.5797101449275361,0.6153846153846153,0.035674470457079166,36,36,0.0,20,24,4.0,10,5,-5.0,13,18,5.0,16,12,-4.0,27,0.4576271186440678,14,0.23728813559322035,13,0.22033898305084745,-1
P1,P1_psd_bandpower_from_derivatives,PSD_ABSOLUTE_CHANNEL_BAND,ds004504__EC,AD_vs_FTD,17,FTD,AD,59,5,0.5084745762711864,0.576271186440678,0.06779661016949157,0.4716183574879227,0.5271739130434783,0.05555555555555558,0.4694573643410852,0.5212593313859136,0.05180196704482842,-0.058483773731839564,0.05962153132020875,0.1181053050520483,0.35,0.4375,0.08750000000000002,0.30434782608695654,0.30434782608695654,0.0,0.3255813953488372,0.358974358974359,0.0333929636255218,23,23,0.0,0.5897435897435898,0.627906976744186,0.038163387000596294,0.6388888888888888,0.75,0.11111111111111116,0.6133333333333332,0.6835443037974683,0.07021097046413516,36,36,0.0,23,27,4.0,7,7,0.0,16,16,0.0,13,9,-4.0,24,0.4067796610169492,10,0.1694915254237288,14,0.23728813559322035,4
P1,P1_psd_bandpower_from_derivatives,PSD_ABSOLUTE_CHANNEL_BAND,ds004504__EC,AD_vs_FTD,18,FTD,AD,59,5,0.4406779661016949,0.5254237288135594,0.08474576271186446,0.40821256038647347,0.4776570048309179,0.06944444444444442,0.4073059360730593,0.4705128205128205,0.06320688443976119,-0.18514680290829955,-0.048121310910472975,0.13702549199782657,0.2727272727272727,0.35294117647058826,0.08021390374331555,0.2608695652173913,0.2608695652173913,0.0,0.2666666666666666,0.3,0.03333333333333338,23,23,0.0,0.5405405405405406,0.5952380952380952,0.05469755469755466,0.5555555555555556,0.6944444444444444,0.13888888888888884,0.547945205479452,0.6410256410256411,0.09308043554618906,36,36,0.0,20,25,5.0,6,6,0.0,17,17,0.0,16,11,-5.0,25,0.423728813559322,10,0.1694915254237288,15,0.2542372881355932,5
P1,P1_psd_bandpower_from_derivatives,PSD_ABSOLUTE_CHANNEL_BAND,ds004504__EC,AD_vs_FTD,19,FTD,AD,59,5,0.5254237288135594,0.4745762711864407,-0.050847457627118675,0.5326086956521738,0.42814009661835745,-0.10446859903381639,0.5219907407407408,0.42065251821349386,-0.10133822252724695,0.06369696339435807,-0.1522311794110055,-0.21592814280536357,0.41935483870967744,0.2777777777777778,-0.14157706093189965,0.5652173913043478,0.21739130434782608,-0.34782608695652173,0.4814814814814815,0.24390243902439024,-0.23757904245709127,23,23,0.0,0.6428571428571429,0.5609756097560976,-0.08188153310104529,0.5,0.6388888888888888,0.13888888888888884,0.5625000000000001,0.5974025974025975,0.03490259740259738,36,36,0.0,18,23,5.0,13,5,-8.0,10,18,8.0,18,13,-5.0,31,0.5254237288135594,17,0.288135593220339,14,0.23728813559322035,-3
P1,P1_psd_bandpower_from_derivatives,PSD_ABSOLUTE_CHANNEL_BAND,ds004504__EC,AD_vs_FTD,20,FTD,AD,59,5,0.4406779661016949,0.4576271186440678,0.01694915254237289,0.40821256038647347,0.43780193236714976,0.029589371980676293,0.4073059360730593,0.4380952380952381,0.030789302022178777,-0.18514680290829955,-0.12277574934128602,0.06237105356701353,0.2727272727272727,0.32,0.0472727272727273,0.2608695652173913,0.34782608695652173,0.08695652173913043,0.2666666666666666,0.3333333333333333,0.06666666666666671,23,23,0.0,0.5405405405405406,0.5588235294117647,0.01828298887122415,0.5555555555555556,0.5277777777777778,-0.02777777777777779,0.547945205479452,0.5428571428571428,-0.0050880626223092085,36,36,0.0,20,19,-1.0,6,8,2.0,17,15,-2.0,16,17,1.0,29,0.4915254237288136,14,0.23728813559322035,15,0.2542372881355932,1
P1,P1_psd_bandpower_from_derivatives,PSD_ABSOLUTE_CHANNEL_BAND,ds004504__EC,CN_vs_FTD,1,CN,FTD,52,5,0.7692307692307693,0.6923076923076923,-0.07692307692307698,0.7481259370314842,0.6611694152923538,-0.08695652173913038,0.7511961722488039,0.6504201680672269,-0.10077600418157695,0.5440246588125511,0.3920010876487019,-0.15202357116384924,0.7297297297297297,0.6585365853658537,-0.07119314436387603,0.9310344827586207,0.9310344827586207,0.0,0.8181818181818181,0.7714285714285715,-0.04675324675324666,29,29,0.0,0.8666666666666667,0.8181818181818182,-0.048484848484848464,0.5652173913043478,0.391304347826087,-0.1739130434782608,0.6842105263157895,0.5294117647058824,-0.15479876160990713,23,23,0.0,13,9,-4.0,27,27,0.0,2,2,0.0,10,14,4.0,14,0.2692307692307692,9,0.17307692307692307,5,0.09615384615384616,-4
P1,P1_psd_bandpower_from_derivatives,PSD_ABSOLUTE_CHANNEL_BAND,ds004504__EC,CN_vs_FTD,2,CN,FTD,52,5,0.8076923076923077,0.6923076923076923,-0.11538461538461542,0.7916041979010495,0.6656671664167916,-0.12593703148425794,0.796875,0.6601307189542482,-0.13674428104575176,0.6174875441427594,0.38003655890841154,-0.23745098523434788,0.7714285714285715,0.6666666666666666,-0.10476190476190483,0.9310344827586207,0.896551724137931,-0.03448275862068961,0.8437500000000001,0.7647058823529411,-0.07904411764705899,29,29,0.0,0.8823529411764706,0.7692307692307693,-0.11312217194570129,0.6521739130434783,0.43478260869565216,-0.2173913043478261,0.75,0.5555555555555555,-0.19444444444444453,23,23,0.0,15,10,-5.0,27,26,-1.0,2,3,1.0,8,13,5.0,12,0.23076923076923078,9,0.17307692307692307,3,0.057692307692307696,-6
P1,P1_psd_bandpower_from_derivatives,PSD_ABSOLUTE_CHANNEL_BAND,ds004504__EC,CN_vs_FTD,3,CN,FTD,52,5,0.7692307692307693,0.6538461538461539,-0.11538461538461542,0.7571214392803598,0.631184407796102,-0.12593703148425783,0.76036866359447,0.6267942583732057,-0.1335744052212643,0.530392571270765,0.2876263301879047,-0.24276624108286032,0.7575757575757576,0.6486486486486487,-0.10892710892710888,0.8620689655172413,0.8275862068965517,-0.03448275862068961,0.8064516129032258,0.7272727272727273,-0.07917888563049846,29,29,0.0,0.7894736842105263,0.6666666666666666,-0.1228070175438597,0.6521739130434783,0.43478260869565216,-0.2173913043478261,0.7142857142857143,0.5263157894736841,-0.18796992481203023,23,23,0.0,15,10,-5.0,25,24,-1.0,4,5,1.0,8,13,5.0,12,0.23076923076923078,9,0.17307692307692307,3,0.057692307692307696,-6
P1,P1_psd_bandpower_from_derivatives,PSD_ABSOLUTE_CHANNEL_BAND,ds004504__EC,CN_vs_FTD,4,CN,FTD,52,5,0.7307692307692307,0.7307692307692307,0.0,0.7181409295352323,0.7091454272863569,-0.008995502248875464,0.7204301075268817,0.7097288676236045,-0.010701239903277204,0.44998320186528457,0.4585585492710023,0.008575347405717748,0.7272727272727273,0.7027027027027027,-0.02457002457002455,0.8275862068965517,0.896551724137931,0.06896551724137934,0.7741935483870968,0.787878787878788,0.013685239491691203,29,29,0.0,0.7368421052631579,0.8,0.06315789473684219,0.6086956521739131,0.5217391304347826,-0.08695652173913049,0.6666666666666666,0.6315789473684211,-0.0350877192982455,23,23,0.0,14,12,-2.0,24,26,2.0,5,3,-2.0,9,11,2.0,10,0.19230769230769232,5,0.09615384615384616,5,0.09615384615384616,0
P1,P1_psd_bandpower_from_derivatives,PSD_ABSOLUTE_CHANNEL_BAND,ds004504__EC,CN_vs_FTD,5,CN,FTD,52,5,0.75,0.7307692307692307,-0.019230769230769273,0.7308845577211394,0.704647676161919,-0.026236881559220326,0.7333333333333334,0.7026143790849673,-0.030718954248366126,0.49690865112501836,0.4694569257103907,-0.027451725414627648,0.7222222222222222,0.6923076923076923,-0.02991452991452992,0.896551724137931,0.9310344827586207,0.03448275862068961,0.7999999999999999,0.7941176470588235,-0.00588235294117645,29,29,0.0,0.8125,0.8461538461538461,0.033653846153846145,0.5652173913043478,0.4782608695652174,-0.08695652173913038,0.6666666666666667,0.6111111111111112,-0.05555555555555558,23,23,0.0,13,11,-2.0,26,27,1.0,3,2,-1.0,10,12,2.0,9,0.17307692307692307,5,0.09615384615384616,4,0.07692307692307693,-1
P1,P1_psd_bandpower_from_derivatives,PSD_ABSOLUTE_CHANNEL_BAND,ds004504__EC,CN_vs_FTD,6,CN,FTD,52,5,0.7884615384615384,0.75,-0.038461538461538436,0.7653673163418291,0.7263868065967016,-0.038980509745127456,0.7692617991125452,0.7273093989511898,-0.041952400161355374,0.5942709882388961,0.5069769447687759,-0.08729404347012026,0.7368421052631579,0.7105263157894737,-0.02631578947368418,0.9655172413793104,0.9310344827586207,-0.034482758620689724,0.835820895522388,0.8059701492537312,-0.029850746268656803,29,29,0.0,0.9285714285714286,0.8571428571428571,-0.07142857142857151,0.5652173913043478,0.5217391304347826,-0.04347826086956519,0.7027027027027025,0.6486486486486486,-0.054054054054053946,23,23,0.0,13,12,-1.0,28,27,-1.0,1,2,1.0,10,11,1.0,10,0.19230769230769232,6,0.11538461538461539,4,0.07692307692307693,-2
P1,P1_psd_bandpower_from_derivatives,PSD_ABSOLUTE_CHANNEL_BAND,ds004504__EC,CN_vs_FTD,7,CN,FTD,52,5,0.75,0.7115384615384616,-0.038461538461538436,0.7353823088455772,0.6784107946026987,-0.056971514242878496,0.7382888114595432,0.6670934699103712,-0.07119534154917195,0.4914632180517166,0.44966532059935993,-0.04179789745235668,0.7352941176470589,0.6666666666666666,-0.06862745098039225,0.8620689655172413,0.9655172413793104,0.10344827586206906,0.7936507936507937,0.7887323943661971,-0.004918399284596586,29,29,0.0,0.7777777777777778,0.9,0.12222222222222223,0.6086956521739131,0.391304347826087,-0.2173913043478261,0.6829268292682927,0.5454545454545454,-0.13747228381374732,23,23,0.0,14,9,-5.0,25,28,3.0,4,1,-3.0,9,14,5.0,12,0.23076923076923078,7,0.1346153846153846,5,0.09615384615384616,-2
P1,P1_psd_bandpower_from_derivatives,PSD_ABSOLUTE_CHANNEL_BAND,ds004504__EC,CN_vs_FTD,8,CN,FTD,52,5,0.7884615384615384,0.7307692307692307,-0.05769230769230771,0.7653673163418291,0.7181409295352323,-0.04722638680659674,0.7692617991125452,0.7204301075268817,-0.04883169158566347,0.5942709882388961,0.44998320186528457,-0.14428778637361156,0.7368421052631579,0.7272727272727273,-0.009569377990430561,0.9655172413793104,0.8275862068965517,-0.13793103448275867,0.835820895522388,0.7741935483870968,-0.06162734713529128,29,29,0.0,0.9285714285714286,0.7368421052631579,-0.19172932330827075,0.5652173913043478,0.6086956521739131,0.0434782608695653,0.7027027027027025,0.6666666666666666,-0.03603603603603589,23,23,0.0,13,14,1.0,28,24,-4.0,1,5,4.0,10,9,-1.0,13,0.25,8,0.15384615384615385,5,0.09615384615384616,-3
P1,P1_psd_bandpower_from_derivatives,PSD_ABSOLUTE_CHANNEL_BAND,ds004504__EC,CN_vs_FTD,9,CN,FTD,52,5,0.7692307692307693,0.7307692307692307,-0.03846153846153855,0.7571214392803598,0.7136431784107946,-0.04347826086956519,0.76036866359447,0.7156250000000001,-0.04474366359446991,0.530392571270765,0.4524008999503507,-0.07799167132041429,0.7575757575757576,0.7142857142857143,-0.04329004329004327,0.8620689655172413,0.8620689655172413,0.0,0.8064516129032258,0.7812500000000001,-0.025201612903225645,29,29,0.0,0.7894736842105263,0.7647058823529411,-0.024767801857585203,0.6521739130434783,0.5652173913043478,-0.08695652173913049,0.7142857142857143,0.65,-0.06428571428571428,23,23,0.0,15,13,-2.0,25,25,0.0,4,4,0.0,8,10,2.0,10,0.19230769230769232,6,0.11538461538461539,4,0.07692307692307693,-2
P1,P1_psd_bandpower_from_derivatives,PSD_ABSOLUTE_CHANNEL_BAND,ds004504__EC,CN_vs_FTD,10,CN,FTD,52,5,0.7307692307692307,0.6346153846153846,-0.09615384615384615,0.7001499250374813,0.6229385307346327,-0.07721139430284862,0.6941176470588236,0.6233320625238277,-0.07078558453499595,0.48681065303350424,0.2510099539888792,-0.23580069904462503,0.6829268292682927,0.65625,-0.026676829268292734,0.9655172413793104,0.7241379310344828,-0.24137931034482762,0.8000000000000002,0.6885245901639345,-0.11147540983606563,29,29,0.0,0.9090909090909091,0.6,-0.3090909090909091,0.43478260869565216,0.5217391304347826,0.08695652173913043,0.5882352941176471,0.5581395348837209,-0.030095759233926156,23,23,0.0,10,12,2.0,28,21,-7.0,1,8,7.0,13,11,-2.0,13,0.25,9,0.17307692307692307,4,0.07692307692307693,-5
P1,P1_psd_bandpower_from_derivatives,PSD_ABSOLUTE_CHANNEL_BAND,ds004504__EC,CN_vs_FTD,11,CN,FTD,52,5,0.8076923076923077,0.6730769230769231,-0.13461538461538458,0.7916041979010495,0.643928035982009,-0.14767616191904054,0.796875,0.6339544513457558,-0.1629205486542442,0.6174875441427594,0.3393264339623531,-0.2781611101804063,0.7714285714285715,0.65,-0.12142857142857144,0.9310344827586207,0.896551724137931,-0.03448275862068961,0.8437500000000001,0.7536231884057972,-0.09012681159420288,29,29,0.0,0.8823529411764706,0.75,-0.13235294117647056,0.6521739130434783,0.391304347826087,-0.2608695652173913,0.75,0.5142857142857143,-0.23571428571428565,23,23,0.0,15,9,-6.0,27,26,-1.0,2,3,1.0,8,14,6.0,11,0.21153846153846154,9,0.17307692307692307,2,0.038461538461538464,-7
P1,P1_psd_bandpower_from_derivatives,PSD_ABSOLUTE_CHANNEL_BAND,ds004504__EC,CN_vs_FTD,12,CN,FTD,52,5,0.75,0.7692307692307693,0.019230769230769273,0.7263868065967016,0.7481259370314842,0.021739130434782594,0.7273093989511898,0.7511961722488039,0.023886773297614017,0.5069769447687759,0.5440246588125511,0.03704771404377527,0.7105263157894737,0.7297297297297297,0.019203413940256042,0.9310344827586207,0.9310344827586207,0.0,0.8059701492537312,0.8181818181818181,0.012211668928086894,29,29,0.0,0.8571428571428571,0.8666666666666667,0.009523809523809601,0.5217391304347826,0.5652173913043478,0.04347826086956519,0.6486486486486486,0.6842105263157895,0.03556187766714092,23,23,0.0,12,13,1.0,27,27,0.0,2,2,0.0,11,10,-1.0,9,0.17307692307692307,4,0.07692307692307693,5,0.09615384615384616,1
P1,P1_psd_bandpower_from_derivatives,PSD_ABSOLUTE_CHANNEL_BAND,ds004504__EC,CN_vs_FTD,13,CN,FTD,52,5,0.75,0.7307692307692307,-0.019230769230769273,0.7308845577211394,0.7136431784107946,-0.01724137931034475,0.7333333333333334,0.7156250000000001,-0.017708333333333326,0.49690865112501836,0.4524008999503507,-0.044507751174667654,0.7222222222222222,0.7142857142857143,-0.007936507936507908,0.896551724137931,0.8620689655172413,-0.034482758620689724,0.7999999999999999,0.7812500000000001,-0.018749999999999822,29,29,0.0,0.8125,0.7647058823529411,-0.047794117647058876,0.5652173913043478,0.5652173913043478,0.0,0.6666666666666667,0.65,-0.01666666666666672,23,23,0.0,13,13,0.0,26,25,-1.0,3,4,1.0,10,10,0.0,11,0.21153846153846154,6,0.11538461538461539,5,0.09615384615384616,-1
P1,P1_psd_bandpower_from_derivatives,PSD_ABSOLUTE_CHANNEL_BAND,ds004504__EC,CN_vs_FTD,14,CN,FTD,52,5,0.8076923076923077,0.7692307692307693,-0.038461538461538436,0.7961019490254873,0.7436281859070465,-0.052473763118440764,0.8003072196620584,0.7450980392156863,-0.05520918044637213,0.6108019406762454,0.5588772925123698,-0.05192464816387554,0.7878787878787878,0.717948717948718,-0.0699300699300699,0.896551724137931,0.9655172413793104,0.06896551724137934,0.8387096774193549,0.8235294117647058,-0.015180265654649028,29,29,0.0,0.8421052631578947,0.9230769230769231,0.08097165991902844,0.6956521739130435,0.5217391304347826,-0.17391304347826086,0.761904761904762,0.6666666666666667,-0.09523809523809523,23,23,0.0,16,12,-4.0,26,28,2.0,3,1,-2.0,7,11,4.0,8,0.15384615384615385,5,0.09615384615384616,3,0.057692307692307696,-2
P1,P1_psd_bandpower_from_derivatives,PSD_ABSOLUTE_CHANNEL_BAND,ds004504__EC,CN_vs_FTD,15,CN,FTD,52,5,0.7115384615384616,0.7115384615384616,0.0,0.6919040479760119,0.6919040479760119,0.0,0.6923076923076923,0.6923076923076923,0.0,0.41301498275326204,0.41301498275326204,0.0,0.6944444444444444,0.6944444444444444,0.0,0.8620689655172413,0.8620689655172413,0.0,0.7692307692307692,0.7692307692307692,0.0,29,29,0.0,0.75,0.75,0.0,0.5217391304347826,0.5217391304347826,0.0,0.6153846153846153,0.6153846153846153,0.0,23,23,0.0,12,12,0.0,25,25,0.0,4,4,0.0,11,11,0.0,12,0.23076923076923078,6,0.11538461538461539,6,0.11538461538461539,0
P1,P1_psd_bandpower_from_derivatives,PSD_ABSOLUTE_CHANNEL_BAND,ds004504__EC,CN_vs_FTD,16,CN,FTD,52,5,0.8076923076923077,0.7307692307692307,-0.07692307692307698,0.7916041979010495,0.7091454272863569,-0.08245877061469264,0.796875,0.7097288676236045,-0.08714613237639546,0.6174875441427594,0.4585585492710023,-0.1589289948717571,0.7714285714285715,0.7027027027027027,-0.06872586872586872,0.9310344827586207,0.896551724137931,-0.03448275862068961,0.8437500000000001,0.787878787878788,-0.055871212121212155,29,29,0.0,0.8823529411764706,0.8,-0.08235294117647052,0.6521739130434783,0.5217391304347826,-0.13043478260869568,0.75,0.6315789473684211,-0.11842105263157887,23,23,0.0,15,12,-3.0,27,26,-1.0,2,3,1.0,8,11,3.0,10,0.19230769230769232,7,0.1346153846153846,3,0.057692307692307696,-4
P1,P1_psd_bandpower_from_derivatives,PSD_ABSOLUTE_CHANNEL_BAND,ds004504__EC,CN_vs_FTD,17,CN,FTD,52,5,0.7307692307692307,0.6923076923076923,-0.038461538461538436,0.7136431784107946,0.6746626686656672,-0.038980509745127456,0.7156250000000001,0.675,-0.04062500000000002,0.4524008999503507,0.36985757785414636,-0.08254332209620435,0.7142857142857143,0.6857142857142857,-0.02857142857142858,0.8620689655172413,0.8275862068965517,-0.03448275862068961,0.7812500000000001,0.75,-0.03125000000000011,29,29,0.0,0.7647058823529411,0.7058823529411765,-0.05882352941176461,0.5652173913043478,0.5217391304347826,-0.04347826086956519,0.65,0.6,-0.050000000000000044,23,23,0.0,13,12,-1.0,25,24,-1.0,4,5,1.0,10,11,1.0,10,0.19230769230769232,6,0.11538461538461539,4,0.07692307692307693,-2
P1,P1_psd_bandpower_from_derivatives,PSD_ABSOLUTE_CHANNEL_BAND,ds004504__EC,CN_vs_FTD,18,CN,FTD,52,5,0.7115384615384616,0.75,0.038461538461538436,0.6874062968515742,0.7218890554722639,0.034482758620689724,0.6853569987898347,0.7200828157349897,0.034725816945154975,0.4196829012986555,0.5231282523586277,0.10344535105997221,0.6842105263157895,0.7,0.015789473684210464,0.896551724137931,0.9655172413793104,0.06896551724137934,0.7761194029850746,0.8115942028985508,0.03547479991347613,29,29,0.0,0.7857142857142857,0.9166666666666666,0.13095238095238093,0.4782608695652174,0.4782608695652174,0.0,0.5945945945945946,0.6285714285714286,0.03397683397683393,23,23,0.0,11,11,0.0,26,28,2.0,3,1,-2.0,12,12,0.0,12,0.23076923076923078,5,0.09615384615384616,7,0.1346153846153846,2
P1,P1_psd_bandpower_from_derivatives,PSD_ABSOLUTE_CHANNEL_BAND,ds004504__EC,CN_vs_FTD,19,CN,FTD,52,5,0.7884615384615384,0.7115384615384616,-0.07692307692307687,0.7743628185907047,0.7053973013493253,-0.06896551724137934,0.7785520712349981,0.7062146892655368,-0.07233738196946138,0.5728520312322557,0.4129673131452531,-0.1598847180870026,0.7647058823529411,0.7333333333333333,-0.03137254901960784,0.896551724137931,0.7586206896551724,-0.13793103448275867,0.8253968253968255,0.7457627118644068,-0.07963411353241867,29,29,0.0,0.8333333333333334,0.6818181818181818,-0.1515151515151516,0.6521739130434783,0.6521739130434783,0.0,0.7317073170731708,0.6666666666666666,-0.0650406504065042,23,23,0.0,15,15,0.0,26,22,-4.0,3,7,4.0,8,8,0.0,10,0.19230769230769232,7,0.1346153846153846,3,0.057692307692307696,-4
P1,P1_psd_bandpower_from_derivatives,PSD_ABSOLUTE_CHANNEL_BAND,ds004504__EC,CN_vs_FTD,20,CN,FTD,52,5,0.8076923076923077,0.6923076923076923,-0.11538461538461542,0.7916041979010495,0.6611694152923538,-0.13043478260869568,0.796875,0.6504201680672269,-0.1464548319327731,0.6174875441427594,0.3920010876487019,-0.22548645649405752,0.7714285714285715,0.6585365853658537,-0.11289198606271778,0.9310344827586207,0.9310344827586207,0.0,0.8437500000000001,0.7714285714285715,-0.07232142857142865,29,29,0.0,0.8823529411764706,0.8181818181818182,-0.06417112299465233,0.6521739130434783,0.391304347826087,-0.2608695652173913,0.75,0.5294117647058824,-0.22058823529411764,23,23,0.0,15,9,-6.0,27,27,0.0,2,2,0.0,8,14,6.0,12,0.23076923076923078,9,0.17307692307692307,3,0.057692307692307696,-6
P1,P1_psd_bandpower_from_derivatives,PSD_ABSOLUTE_CHANNEL_BAND,ds006036__EO_or_photomark,AD_FTD_vs_CN,1,CN,AD_FTD,88,5,0.8181818181818182,0.7159090909090909,-0.10227272727272729,0.8030391583869082,0.7355347749853887,-0.06750438340151954,0.7977011494252872,0.7048960429242119,-0.09280510650107532,0.5963970366240694,0.4433089261150919,-0.15308811050897753,0.7096774193548387,0.5476190476190477,-0.16205837173579107,0.7586206896551724,0.7931034482758621,0.034482758620689724,0.7333333333333333,0.647887323943662,-0.08544600938967128,29,29,0.0,0.8771929824561403,0.8695652173913043,-0.0076277650648359785,0.847457627118644,0.6779661016949152,-0.1694915254237288,0.8620689655172413,0.7619047619047619,-0.10016420361247946,59,59,0.0,50,40,-10.0,22,23,1.0,7,6,-1.0,9,19,10.0,15,0.17045454545454544,12,0.13636363636363635,3,0.03409090909090909,-9
P1,P1_psd_bandpower_from_derivatives,PSD_ABSOLUTE_CHANNEL_BAND,ds006036__EO_or_photomark,AD_FTD_vs_CN,2,CN,AD_FTD,88,5,0.7840909090909091,0.7386363636363636,-0.045454545454545414,0.7951490356516657,0.7437171244886032,-0.05143191116306256,0.7710529919211282,0.7228536217992605,-0.0481993701218677,0.5601696416060353,0.4625559218806272,-0.09761371972540811,0.631578947368421,0.5789473684210527,-0.05263157894736836,0.8275862068965517,0.7586206896551724,-0.06896551724137934,0.716417910447761,0.6567164179104478,-0.05970149253731327,29,29,0.0,0.9,0.86,-0.040000000000000036,0.7627118644067796,0.7288135593220338,-0.03389830508474578,0.8256880733944953,0.7889908256880733,-0.03669724770642202,59,59,0.0,45,43,-2.0,24,22,-2.0,5,7,2.0,14,16,2.0,14,0.1590909090909091,9,0.10227272727272728,5,0.056818181818181816,-4
P1,P1_psd_bandpower_from_derivatives,PSD_ABSOLUTE_CHANNEL_BAND,ds006036__EO_or_photomark,AD_FTD_vs_CN,3,CN,AD_FTD,88,5,0.7613636363636364,0.6590909090909091,-0.10227272727272729,0.7431326709526593,0.6668614845119814,-0.07627118644067798,0.7365645046329294,0.6442048517520216,-0.09235965288090786,0.47514845216931717,0.31446350167081955,-0.16068495049849763,0.625,0.4878048780487805,-0.13719512195121952,0.6896551724137931,0.6896551724137931,0.0,0.6557377049180328,0.5714285714285714,-0.08430913348946145,29,29,0.0,0.8392857142857143,0.8085106382978723,-0.030775075987842015,0.7966101694915254,0.6440677966101694,-0.15254237288135597,0.8173913043478261,0.7169811320754716,-0.10041017227235449,59,59,0.0,47,38,-9.0,20,20,0.0,9,9,0.0,12,21,9.0,11,0.125,10,0.11363636363636363,1,0.011363636363636364,-9
P1,P1_psd_bandpower_from_derivatives,PSD_ABSOLUTE_CHANNEL_BAND,ds006036__EO_or_photomark,AD_FTD_vs_CN,4,CN,AD_FTD,88,5,0.7613636363636364,0.7613636363636364,0.0,0.7431326709526593,0.760666277030976,0.017533606078316666,0.7365645046329294,0.7438669438669439,0.007302439234014413,0.47514845216931717,0.49841020665072905,0.023261754481411878,0.625,0.6111111111111112,-0.01388888888888884,0.6896551724137931,0.7586206896551724,0.06896551724137923,0.6557377049180328,0.676923076923077,0.021185372005044112,29,29,0.0,0.8392857142857143,0.8653846153846154,0.026098901098901117,0.7966101694915254,0.7627118644067796,-0.03389830508474578,0.8173913043478261,0.8108108108108109,-0.006580493537015286,59,59,0.0,47,45,-2.0,20,22,2.0,9,7,-2.0,12,14,2.0,12,0.13636363636363635,6,0.06818181818181818,6,0.06818181818181818,0
P1,P1_psd_bandpower_from_derivatives,PSD_ABSOLUTE_CHANNEL_BAND,ds006036__EO_or_photomark,AD_FTD_vs_CN,5,CN,AD_FTD,88,5,0.8068181818181818,0.6818181818181818,-0.125,0.8120981881940386,0.7188778492109877,-0.09322033898305082,0.7926541926541927,0.6757894736842105,-0.11686471896998218,0.5967512339719492,0.4124924041181153,-0.1842588298538339,0.6666666666666666,0.5106382978723404,-0.15602836879432624,0.8275862068965517,0.8275862068965517,0.0,0.7384615384615385,0.631578947368421,-0.10688259109311748,29,29,0.0,0.9038461538461539,0.8780487804878049,-0.025797373358348974,0.7966101694915254,0.6101694915254238,-0.18644067796610164,0.8468468468468469,0.7200000000000001,-0.12684684684684677,59,59,0.0,47,36,-11.0,24,24,0.0,5,5,0.0,12,23,11.0,13,0.14772727272727273,12,0.13636363636363635,1,0.011363636363636364,-11
P1,P1_psd_bandpower_from_derivatives,PSD_ABSOLUTE_CHANNEL_BAND,ds006036__EO_or_photomark,AD_FTD_vs_CN,6,CN,AD_FTD,88,5,0.7840909090909091,0.6477272727272727,-0.13636363636363635,0.7688486265341905,0.6583869082407949,-0.11046171829339557,0.7616535994297934,0.6340710932260227,-0.12758250620377065,0.5254045384564565,0.29810600242478885,-0.22729853603166766,0.65625,0.47619047619047616,-0.18005952380952384,0.7241379310344828,0.6896551724137931,-0.03448275862068961,0.6885245901639345,0.5633802816901408,-0.12514430847379376,29,29,0.0,0.8571428571428571,0.8043478260869565,-0.052795031055900554,0.8135593220338984,0.6271186440677966,-0.18644067796610175,0.8347826086956522,0.7047619047619047,-0.13002070393374754,59,59,0.0,48,37,-11.0,21,20,-1.0,8,9,1.0,11,22,11.0,18,0.20454545454545456,15,0.17045454545454544,3,0.03409090909090909,-12
P1,P1_psd_bandpower_from_derivatives,PSD_ABSOLUTE_CHANNEL_BAND,ds006036__EO_or_photomark,AD_FTD_vs_CN,7,CN,AD_FTD,88,5,0.7954545454545454,0.6590909090909091,-0.13636363636363635,0.7773232028053769,0.6668614845119814,-0.11046171829339557,0.7724137931034483,0.6442048517520216,-0.1282089413514267,0.545786680574968,0.31446350167081955,-0.2313231789041485,0.6774193548387096,0.4878048780487805,-0.18961447678992915,0.7241379310344828,0.6896551724137931,-0.03448275862068961,0.7,0.5714285714285714,-0.12857142857142856,29,29,0.0,0.8596491228070176,0.8085106382978723,-0.051138484509145266,0.8305084745762712,0.6440677966101694,-0.18644067796610175,0.8448275862068966,0.7169811320754716,-0.12784645413142492,59,59,0.0,49,38,-11.0,21,20,-1.0,8,9,1.0,10,21,11.0,14,0.1590909090909091,13,0.14772727272727273,1,0.011363636363636364,-12
P1,P1_psd_bandpower_from_derivatives,PSD_ABSOLUTE_CHANNEL_BAND,ds006036__EO_or_photomark,AD_FTD_vs_CN,8,CN,AD_FTD,88,5,0.7954545454545454,0.625,-0.17045454545454541,0.7860900058445354,0.6326709526592635,-0.15341905318527183,0.7758913412563667,0.6104627766599597,-0.16542856459640698,0.5555451651733081,0.24970502786135448,-0.3058401373119536,0.6666666666666666,0.4523809523809524,-0.21428571428571425,0.7586206896551724,0.6551724137931034,-0.10344827586206895,0.7096774193548386,0.5352112676056338,-0.17446615174920488,29,29,0.0,0.8727272727272727,0.782608695652174,-0.09011857707509874,0.8135593220338984,0.6101694915254238,-0.2033898305084746,0.8421052631578948,0.6857142857142858,-0.15639097744360897,59,59,0.0,48,36,-12.0,22,19,-3.0,7,10,3.0,11,23,12.0,17,0.19318181818181818,16,0.18181818181818182,1,0.011363636363636364,-15
P1,P1_psd_bandpower_from_derivatives,PSD_ABSOLUTE_CHANNEL_BAND,ds006036__EO_or_photomark,AD_FTD_vs_CN,9,CN,AD_FTD,88,5,0.7840909090909091,0.7613636363636364,-0.022727272727272707,0.7863822326125074,0.7694330800701344,-0.016949152542372947,0.7682605682605682,0.7469533068601945,-0.021307261400373756,0.5475807203113391,0.5113627817433313,-0.03621793856800781,0.6388888888888888,0.6052631578947368,-0.033625730994152,0.7931034482758621,0.7931034482758621,0.0,0.7076923076923076,0.6865671641791046,-0.02112514351320305,29,29,0.0,0.8846153846153846,0.88,-0.004615384615384577,0.7796610169491526,0.7457627118644068,-0.03389830508474578,0.8288288288288288,0.8073394495412843,-0.021489379287544463,59,59,0.0,46,44,-2.0,23,23,0.0,6,6,0.0,13,15,2.0,12,0.13636363636363635,7,0.07954545454545454,5,0.056818181818181816,-2
P1,P1_psd_bandpower_from_derivatives,PSD_ABSOLUTE_CHANNEL_BAND,ds006036__EO_or_photomark,AD_FTD_vs_CN,10,CN,AD_FTD,88,5,0.75,0.7159090909090909,-0.03409090909090906,0.7521917007597896,0.7267679719462303,-0.025423728813559254,0.7333333333333334,0.7020181498036029,-0.031315183529730506,0.480285904249292,0.4281402931943408,-0.05214561105495119,0.5945945945945946,0.55,-0.04459459459459458,0.7586206896551724,0.7586206896551724,0.0,0.6666666666666667,0.6376811594202898,-0.02898550724637694,29,29,0.0,0.8627450980392157,0.8541666666666666,-0.0085784313725491,0.7457627118644068,0.6949152542372882,-0.05084745762711862,0.8,0.7663551401869159,-0.03364485981308418,59,59,0.0,44,41,-3.0,22,22,0.0,7,7,0.0,15,18,3.0,15,0.17045454545454544,9,0.10227272727272728,6,0.06818181818181818,-3
P1,P1_psd_bandpower_from_derivatives,PSD_ABSOLUTE_CHANNEL_BAND,ds006036__EO_or_photomark,AD_FTD_vs_CN,11,CN,AD_FTD,88,5,0.7727272727272727,0.7386363636363636,-0.03409090909090906,0.7691408533021624,0.7524839275277615,-0.01665692577440092,0.7544642857142858,0.7258566978193146,-0.028607587894971198,0.5169668180724131,0.4766922852060702,-0.04027453286634286,0.6285714285714286,0.575,-0.0535714285714286,0.7586206896551724,0.7931034482758621,0.034482758620689724,0.6875,0.6666666666666666,-0.02083333333333337,29,29,0.0,0.8679245283018868,0.875,0.007075471698113178,0.7796610169491526,0.711864406779661,-0.06779661016949157,0.8214285714285715,0.7850467289719627,-0.036381842456608804,59,59,0.0,46,42,-4.0,22,23,1.0,7,6,-1.0,13,17,4.0,15,0.17045454545454544,9,0.10227272727272728,6,0.06818181818181818,-3
P1,P1_psd_bandpower_from_derivatives,PSD_ABSOLUTE_CHANNEL_BAND,ds006036__EO_or_photomark,AD_FTD_vs_CN,12,CN,AD_FTD,88,5,0.7840909090909091,0.7159090909090909,-0.06818181818181812,0.7863822326125074,0.7530683810637053,-0.033313851548802065,0.7682605682605682,0.7095709570957096,-0.0586896111648586,0.5475807203113391,0.47630959059016076,-0.07127112972117833,0.6388888888888888,0.5434782608695652,-0.09541062801932365,0.7931034482758621,0.8620689655172413,0.06896551724137923,0.7076923076923076,0.6666666666666666,-0.04102564102564099,29,29,0.0,0.8846153846153846,0.9047619047619048,0.020146520146520186,0.7796610169491526,0.6440677966101694,-0.13559322033898313,0.8288288288288288,0.7524752475247525,-0.07635358130407632,59,59,0.0,46,38,-8.0,23,25,2.0,6,4,-2.0,13,21,8.0,18,0.20454545454545456,12,0.13636363636363635,6,0.06818181818181818,-6
P1,P1_psd_bandpower_from_derivatives,PSD_ABSOLUTE_CHANNEL_BAND,ds006036__EO_or_photomark,AD_FTD_vs_CN,13,CN,AD_FTD,88,5,0.7840909090909091,0.7159090909090909,-0.06818181818181812,0.7863822326125074,0.7267679719462303,-0.059614260666277064,0.7682605682605682,0.7020181498036029,-0.06624241845696532,0.5475807203113391,0.4281402931943408,-0.11944042711699826,0.6388888888888888,0.55,-0.0888888888888888,0.7931034482758621,0.7586206896551724,-0.034482758620689724,0.7076923076923076,0.6376811594202898,-0.07001114827201782,29,29,0.0,0.8846153846153846,0.8541666666666666,-0.03044871794871795,0.7796610169491526,0.6949152542372882,-0.0847457627118644,0.8288288288288288,0.7663551401869159,-0.06247368864191294,59,59,0.0,46,41,-5.0,23,22,-1.0,6,7,1.0,13,18,5.0,12,0.13636363636363635,9,0.10227272727272728,3,0.03409090909090909,-6
P1,P1_psd_bandpower_from_derivatives,PSD_ABSOLUTE_CHANNEL_BAND,ds006036__EO_or_photomark,AD_FTD_vs_CN,14,CN,AD_FTD,88,5,0.7727272727272727,0.7386363636363636,-0.03409090909090906,0.7603740502630041,0.7524839275277615,-0.007890122735242588,0.7509903791737408,0.7258566978193146,-0.025133681354426174,0.505608521112786,0.4766922852060702,-0.02891623590671577,0.6363636363636364,0.575,-0.0613636363636364,0.7241379310344828,0.7931034482758621,0.06896551724137934,0.6774193548387097,0.6666666666666666,-0.010752688172043112,29,29,0.0,0.8545454545454545,0.875,0.020454545454545503,0.7966101694915254,0.711864406779661,-0.0847457627118644,0.8245614035087718,0.7850467289719627,-0.039514674536809125,59,59,0.0,47,42,-5.0,21,23,2.0,8,6,-2.0,12,17,5.0,15,0.17045454545454544,9,0.10227272727272728,6,0.06818181818181818,-3
P1,P1_psd_bandpower_from_derivatives,PSD_ABSOLUTE_CHANNEL_BAND,ds006036__EO_or_photomark,AD_FTD_vs_CN,15,CN,AD_FTD,88,5,0.7840909090909091,0.6477272727272727,-0.13636363636363635,0.7776154295733488,0.6759205143191116,-0.10169491525423724,0.7651355527461723,0.6398679867986798,-0.12526756594749244,0.5359968804727873,0.3311066668998577,-0.20489021357292958,0.6470588235294118,0.4782608695652174,-0.1687979539641944,0.7586206896551724,0.7586206896551724,0.0,0.6984126984126984,0.5866666666666667,-0.1117460317460317,29,29,0.0,0.8703703703703703,0.8333333333333334,-0.03703703703703698,0.7966101694915254,0.5932203389830508,-0.2033898305084746,0.8318584070796461,0.6930693069306931,-0.13878910014895296,59,59,0.0,47,35,-12.0,22,22,0.0,7,7,0.0,12,24,12.0,22,0.25,17,0.19318181818181818,5,0.056818181818181816,-12
P1,P1_psd_bandpower_from_derivatives,PSD_ABSOLUTE_CHANNEL_BAND,ds006036__EO_or_photomark,AD_FTD_vs_CN,16,CN,AD_FTD,88,5,0.7840909090909091,0.6477272727272727,-0.13636363636363635,0.7776154295733488,0.68468731735827,-0.0929281122150788,0.7651355527461723,0.6421356421356421,-0.12299991061053017,0.5359968804727873,0.34869157899332914,-0.18730530147945812,0.6470588235294118,0.4791666666666667,-0.1678921568627451,0.7586206896551724,0.7931034482758621,0.034482758620689724,0.6984126984126984,0.5974025974025974,-0.101010101010101,29,29,0.0,0.8703703703703703,0.85,-0.020370370370370372,0.7966101694915254,0.576271186440678,-0.22033898305084743,0.8318584070796461,0.686868686868687,-0.14498972021095913,59,59,0.0,47,34,-13.0,22,23,1.0,7,6,-1.0,12,25,13.0,18,0.20454545454545456,15,0.17045454545454544,3,0.03409090909090909,-12
P1,P1_psd_bandpower_from_derivatives,PSD_ABSOLUTE_CHANNEL_BAND,ds006036__EO_or_photomark,AD_FTD_vs_CN,17,CN,AD_FTD,88,5,0.8068181818181818,0.6818181818181818,-0.125,0.8033313851548802,0.6750438340151959,-0.12828755113968437,0.789858126141312,0.6606060606060606,-0.12925206553525137,0.5856471178218454,0.3333618269354877,-0.2522852908863577,0.6764705882352942,0.5135135135135135,-0.16295707472178067,0.7931034482758621,0.6551724137931034,-0.13793103448275867,0.7301587301587301,0.5757575757575758,-0.15440115440115432,29,29,0.0,0.8888888888888888,0.803921568627451,-0.08496732026143783,0.8135593220338984,0.6949152542372882,-0.11864406779661019,0.8495575221238938,0.7454545454545455,-0.10410297666934831,59,59,0.0,48,41,-7.0,23,19,-4.0,6,10,4.0,11,18,7.0,15,0.17045454545454544,13,0.14772727272727273,2,0.022727272727272728,-11
P1,P1_psd_bandpower_from_derivatives,PSD_ABSOLUTE_CHANNEL_BAND,ds006036__EO_or_photomark,AD_FTD_vs_CN,18,CN,AD_FTD,88,5,0.7954545454545454,0.75,-0.045454545454545414,0.7948568088836938,0.7697253068381064,-0.02513150204558745,0.7790178571428572,0.7390835579514824,-0.03993429919137481,0.5663621275082137,0.5083184098812021,-0.05804371762701155,0.6571428571428571,0.5853658536585366,-0.07177700348432059,0.7931034482758621,0.8275862068965517,0.03448275862068961,0.71875,0.6857142857142856,-0.03303571428571439,29,29,0.0,0.8867924528301887,0.8936170212765957,0.006824568446406998,0.7966101694915254,0.711864406779661,-0.0847457627118644,0.8392857142857143,0.7924528301886792,-0.04683288409703512,59,59,0.0,47,42,-5.0,23,24,1.0,6,5,-1.0,12,17,5.0,18,0.20454545454545456,11,0.125,7,0.07954545454545454,-4
P1,P1_psd_bandpower_from_derivatives,PSD_ABSOLUTE_CHANNEL_BAND,ds006036__EO_or_photomark,AD_FTD_vs_CN,19,CN,AD_FTD,88,5,0.7272727272727273,0.6590909090909091,-0.06818181818181823,0.7352425482174167,0.6580946814728229,-0.07714786674459384,0.7124183006535947,0.6405228758169934,-0.07189542483660127,0.4451850094481889,0.29918644734344124,-0.14599856210474765,0.5641025641025641,0.48717948717948717,-0.07692307692307693,0.7586206896551724,0.6551724137931034,-0.10344827586206895,0.6470588235294118,0.5588235294117647,-0.08823529411764708,29,29,0.0,0.8571428571428571,0.7959183673469388,-0.061224489795918324,0.711864406779661,0.6610169491525424,-0.05084745762711862,0.7777777777777777,0.7222222222222222,-0.05555555555555547,59,59,0.0,42,39,-3.0,22,19,-3.0,7,10,3.0,17,20,3.0,18,0.20454545454545456,12,0.13636363636363635,6,0.06818181818181818,-6
P1,P1_psd_bandpower_from_derivatives,PSD_ABSOLUTE_CHANNEL_BAND,ds006036__EO_or_photomark,AD_FTD_vs_CN,20,CN,AD_FTD,88,5,0.75,0.7159090909090909,-0.03409090909090906,0.7521917007597896,0.7267679719462303,-0.025423728813559254,0.7333333333333334,0.7020181498036029,-0.031315183529730506,0.480285904249292,0.4281402931943408,-0.05214561105495119,0.5945945945945946,0.55,-0.04459459459459458,0.7586206896551724,0.7586206896551724,0.0,0.6666666666666667,0.6376811594202898,-0.02898550724637694,29,29,0.0,0.8627450980392157,0.8541666666666666,-0.0085784313725491,0.7457627118644068,0.6949152542372882,-0.05084745762711862,0.8,0.7663551401869159,-0.03364485981308418,59,59,0.0,44,41,-3.0,22,22,0.0,7,7,0.0,15,18,3.0,15,0.17045454545454544,9,0.10227272727272728,6,0.06818181818181818,-3
P1,P1_psd_bandpower_from_derivatives,PSD_ABSOLUTE_CHANNEL_BAND,ds006036__EO_or_photomark,AD_vs_CN,1,CN,AD,65,5,0.7384615384615385,0.6923076923076923,-0.04615384615384621,0.7471264367816092,0.7021072796934866,-0.04501915708812254,0.7384615384615385,0.6922348484848486,-0.04622668997668988,0.4942528735632184,0.405772232054236,-0.08848064150898238,0.6666666666666666,0.6216216216216216,-0.04504504504504503,0.8275862068965517,0.7931034482758621,-0.03448275862068961,0.7384615384615385,0.696969696969697,-0.041491841491841486,29,29,0.0,0.8275862068965517,0.7857142857142857,-0.041871921182266014,0.6666666666666666,0.6111111111111112,-0.05555555555555547,0.7384615384615385,0.6875000000000001,-0.05096153846153839,36,36,0.0,24,22,-2.0,24,23,-1.0,5,6,1.0,12,14,2.0,15,0.23076923076923078,9,0.13846153846153847,6,0.09230769230769231,-3
P1,P1_psd_bandpower_from_derivatives,PSD_ABSOLUTE_CHANNEL_BAND,ds006036__EO_or_photomark,AD_vs_CN,2,CN,AD,65,5,0.7846153846153846,0.6615384615384615,-0.12307692307692308,0.7854406130268199,0.6709770114942528,-0.11446360153256707,0.7833333333333333,0.6614583333333333,-0.12187500000000007,0.5681666066487776,0.3432717697710006,-0.224894836877777,0.7419354838709677,0.5945945945945946,-0.14734088927637312,0.7931034482758621,0.7586206896551724,-0.034482758620689724,0.7666666666666667,0.6666666666666667,-0.09999999999999998,29,29,0.0,0.8235294117647058,0.75,-0.07352941176470584,0.7777777777777778,0.5833333333333334,-0.19444444444444442,0.7999999999999999,0.6562499999999999,-0.14375000000000004,36,36,0.0,28,21,-7.0,23,22,-1.0,6,7,1.0,8,15,7.0,14,0.2153846153846154,11,0.16923076923076924,3,0.046153846153846156,-8
P1,P1_psd_bandpower_from_derivatives,PSD_ABSOLUTE_CHANNEL_BAND,ds006036__EO_or_photomark,AD_vs_CN,3,CN,AD,65,5,0.7846153846153846,0.676923076923077,-0.10769230769230764,0.7854406130268199,0.6781609195402298,-0.10727969348659006,0.7833333333333333,0.6756949394155382,-0.10763839391779517,0.5681666066487776,0.3542914986839332,-0.21387510796484438,0.7419354838709677,0.625,-0.11693548387096775,0.7931034482758621,0.6896551724137931,-0.10344827586206895,0.7666666666666667,0.6557377049180328,-0.11092896174863387,29,29,0.0,0.8235294117647058,0.7272727272727273,-0.09625668449197855,0.7777777777777778,0.6666666666666666,-0.11111111111111116,0.7999999999999999,0.6956521739130435,-0.10434782608695647,36,36,0.0,28,24,-4.0,23,20,-3.0,6,9,3.0,8,12,4.0,15,0.23076923076923078,11,0.16923076923076924,4,0.06153846153846154,-7
P1,P1_psd_bandpower_from_derivatives,PSD_ABSOLUTE_CHANNEL_BAND,ds006036__EO_or_photomark,AD_vs_CN,4,CN,AD,65,5,0.8,0.6923076923076923,-0.10769230769230775,0.7993295019157088,0.6954022988505747,-0.10392720306513414,0.7982812126999286,0.6916508538899431,-0.1066303588099855,0.5969460990221384,0.3885777727501203,-0.20836832627201807,0.7666666666666667,0.6363636363636364,-0.13030303030303036,0.7931034482758621,0.7241379310344828,-0.06896551724137934,0.7796610169491527,0.6774193548387097,-0.10224166211044294,29,29,0.0,0.8285714285714286,0.75,-0.07857142857142863,0.8055555555555556,0.6666666666666666,-0.13888888888888895,0.8169014084507044,0.7058823529411765,-0.11101905550952784,36,36,0.0,29,24,-5.0,23,21,-2.0,6,8,2.0,7,12,5.0,15,0.23076923076923078,11,0.16923076923076924,4,0.06153846153846154,-7
P1,P1_psd_bandpower_from_derivatives,PSD_ABSOLUTE_CHANNEL_BAND,ds006036__EO_or_photomark,AD_vs_CN,5,CN,AD,65,5,0.7538461538461538,0.6923076923076923,-0.06153846153846154,0.7543103448275862,0.6920498084291188,-0.0622605363984674,0.7523809523809524,0.6904761904761906,-0.061904761904761796,0.5062021277357398,0.38227316990966415,-0.12392895782607566,0.7096774193548387,0.6451612903225806,-0.06451612903225812,0.7586206896551724,0.6896551724137931,-0.06896551724137923,0.7333333333333333,0.6666666666666667,-0.06666666666666654,29,29,0.0,0.7941176470588235,0.7352941176470589,-0.05882352941176461,0.75,0.6944444444444444,-0.05555555555555558,0.7714285714285715,0.7142857142857144,-0.05714285714285705,36,36,0.0,27,25,-2.0,22,20,-2.0,7,9,2.0,9,11,2.0,14,0.2153846153846154,9,0.13846153846153847,5,0.07692307692307693,-4
P1,P1_psd_bandpower_from_derivatives,PSD_ABSOLUTE_CHANNEL_BAND,ds006036__EO_or_photomark,AD_vs_CN,6,CN,AD,65,5,0.7846153846153846,0.7384615384615385,-0.0461538461538461,0.7854406130268199,0.7471264367816092,-0.03831417624521072,0.7833333333333333,0.7384615384615385,-0.04487179487179482,0.5681666066487776,0.4942528735632184,-0.07391373308555921,0.7419354838709677,0.6666666666666666,-0.07526881720430112,0.7931034482758621,0.8275862068965517,0.03448275862068961,0.7666666666666667,0.7384615384615385,-0.028205128205128216,29,29,0.0,0.8235294117647058,0.8275862068965517,0.0040567951318458695,0.7777777777777778,0.6666666666666666,-0.11111111111111116,0.7999999999999999,0.7384615384615385,-0.06153846153846143,36,36,0.0,28,24,-4.0,23,24,1.0,6,5,-1.0,8,12,4.0,15,0.23076923076923078,9,0.13846153846153847,6,0.09230769230769231,-3
P1,P1_psd_bandpower_from_derivatives,PSD_ABSOLUTE_CHANNEL_BAND,ds006036__EO_or_photomark,AD_vs_CN,7,CN,AD,65,5,0.7692307692307693,0.6923076923076923,-0.07692307692307698,0.771551724137931,0.6954022988505747,-0.07614942528735635,0.7683535281539557,0.6916508538899431,-0.07670267426401267,0.5400088165424466,0.3885777727501203,-0.1514310437923263,0.71875,0.6363636363636364,-0.08238636363636365,0.7931034482758621,0.7241379310344828,-0.06896551724137934,0.7540983606557378,0.6774193548387097,-0.07667900581702802,29,29,0.0,0.8181818181818182,0.75,-0.06818181818181823,0.75,0.6666666666666666,-0.08333333333333337,0.7826086956521738,0.7058823529411765,-0.07672634271099732,36,36,0.0,27,24,-3.0,23,21,-2.0,6,8,2.0,9,12,3.0,13,0.2,9,0.13846153846153847,4,0.06153846153846154,-5
P1,P1_psd_bandpower_from_derivatives,PSD_ABSOLUTE_CHANNEL_BAND,ds006036__EO_or_photomark,AD_vs_CN,8,CN,AD,65,5,0.7692307692307693,0.6615384615384615,-0.10769230769230775,0.7681992337164751,0.6676245210727969,-0.10057471264367823,0.767247553115302,0.6614583333333333,-0.10578921978196876,0.5348637047238359,0.3342898154523975,-0.20057388927143843,0.7333333333333333,0.6,-0.1333333333333333,0.7586206896551724,0.7241379310344828,-0.03448275862068961,0.7457627118644068,0.65625,-0.08951271186440679,29,29,0.0,0.8,0.7333333333333333,-0.06666666666666676,0.7777777777777778,0.6111111111111112,-0.16666666666666663,0.7887323943661971,0.6666666666666666,-0.1220657276995305,36,36,0.0,28,22,-6.0,22,21,-1.0,7,8,1.0,8,14,6.0,15,0.23076923076923078,11,0.16923076923076924,4,0.06153846153846154,-7
P1,P1_psd_bandpower_from_derivatives,PSD_ABSOLUTE_CHANNEL_BAND,ds006036__EO_or_photomark,AD_vs_CN,9,CN,AD,65,5,0.7538461538461538,0.6461538461538462,-0.10769230769230764,0.7576628352490422,0.6403256704980842,-0.11733716475095801,0.7533206831119544,0.6407113674597452,-0.11260931565220922,0.5123893179891292,0.2817328530613534,-0.2306564649277758,0.696969696969697,0.6071428571428571,-0.08982683982683992,0.7931034482758621,0.5862068965517241,-0.206896551724138,0.7419354838709677,0.5964912280701754,-0.14544425580079234,29,29,0.0,0.8125,0.6756756756756757,-0.13682432432432434,0.7222222222222222,0.6944444444444444,-0.02777777777777779,0.7647058823529411,0.684931506849315,-0.0797743755036261,36,36,0.0,26,25,-1.0,23,17,-6.0,6,12,6.0,10,11,1.0,19,0.2923076923076923,13,0.2,6,0.09230769230769231,-7
P1,P1_psd_bandpower_from_derivatives,PSD_ABSOLUTE_CHANNEL_BAND,ds006036__EO_or_photomark,AD_vs_CN,10,CN,AD,65,5,0.7384615384615385,0.7230769230769231,-0.015384615384615441,0.7404214559386972,0.7298850574712643,-0.010536398467432928,0.7374673319078167,0.7230113636363635,-0.014455968271453123,0.4781030439229421,0.4584546040490023,-0.019648439873939827,0.6875,0.6571428571428571,-0.03035714285714286,0.7586206896551724,0.7931034482758621,0.034482758620689724,0.7213114754098361,0.71875,-0.0025614754098360892,29,29,0.0,0.7878787878787878,0.8,0.0121212121212122,0.7222222222222222,0.6666666666666666,-0.05555555555555558,0.7536231884057971,0.7272727272727272,-0.026350461133069936,36,36,0.0,26,24,-2.0,22,23,1.0,7,6,-1.0,10,12,2.0,19,0.2923076923076923,10,0.15384615384615385,9,0.13846153846153847,-1
P1,P1_psd_bandpower_from_derivatives,PSD_ABSOLUTE_CHANNEL_BAND,ds006036__EO_or_photomark,AD_vs_CN,11,CN,AD,65,5,0.7692307692307693,0.6923076923076923,-0.07692307692307698,0.7681992337164751,0.6920498084291188,-0.07614942528735635,0.767247553115302,0.6904761904761906,-0.07677136263911144,0.5348637047238359,0.38227316990966415,-0.15259053481417179,0.7333333333333333,0.6451612903225806,-0.08817204301075265,0.7586206896551724,0.6896551724137931,-0.06896551724137923,0.7457627118644068,0.6666666666666667,-0.07909604519774005,29,29,0.0,0.8,0.7352941176470589,-0.06470588235294117,0.7777777777777778,0.6944444444444444,-0.08333333333333337,0.7887323943661971,0.7142857142857144,-0.07444668008048272,36,36,0.0,28,25,-3.0,22,20,-2.0,7,9,2.0,8,11,3.0,17,0.26153846153846155,11,0.16923076923076924,6,0.09230769230769231,-5
P1,P1_psd_bandpower_from_derivatives,PSD_ABSOLUTE_CHANNEL_BAND,ds006036__EO_or_photomark,AD_vs_CN,12,CN,AD,65,5,0.7230769230769231,0.7384615384615385,0.015384615384615441,0.7198275862068966,0.7437739463601533,0.023946360153256685,0.7198275862068966,0.738213693437574,0.018386107230677462,0.4396551724137931,0.48522953487286546,0.04557436245907237,0.6896551724137931,0.6764705882352942,-0.013184584178498993,0.6896551724137931,0.7931034482758621,0.10344827586206895,0.6896551724137931,0.7301587301587301,0.04050355774493697,29,29,0.0,0.75,0.8064516129032258,0.056451612903225756,0.75,0.6944444444444444,-0.05555555555555558,0.75,0.746268656716418,-0.003731343283582045,36,36,0.0,27,25,-2.0,20,23,3.0,9,6,-3.0,9,11,2.0,13,0.2,6,0.09230769230769231,7,0.1076923076923077,1
P1,P1_psd_bandpower_from_derivatives,PSD_ABSOLUTE_CHANNEL_BAND,ds006036__EO_or_photomark,AD_vs_CN,13,CN,AD,65,5,0.7230769230769231,0.7076923076923077,-0.01538461538461533,0.7332375478927202,0.7092911877394636,-0.023946360153256574,0.7230113636363635,0.7065811356616774,-0.016430227974686185,0.46827269433747143,0.41619727130343764,-0.052075423034033785,0.6486486486486487,0.65625,0.007601351351351315,0.8275862068965517,0.7241379310344828,-0.10344827586206895,0.7272727272727273,0.6885245901639345,-0.03874813710879277,29,29,0.0,0.8214285714285714,0.7575757575757576,-0.06385281385281383,0.6388888888888888,0.6944444444444444,0.05555555555555558,0.7187499999999999,0.7246376811594203,0.005887681159420399,36,36,0.0,23,25,2.0,24,21,-3.0,5,8,3.0,13,11,-2.0,13,0.2,7,0.1076923076923077,6,0.09230769230769231,-1
P1,P1_psd_bandpower_from_derivatives,PSD_ABSOLUTE_CHANNEL_BAND,ds006036__EO_or_photomark,AD_vs_CN,14,CN,AD,65,5,0.8,0.6923076923076923,-0.10769230769230775,0.8026819923371648,0.6886973180076628,-0.11398467432950199,0.799239724400095,0.6886973180076628,-0.11054240639243229,0.6019145891619511,0.3773946360153257,-0.22451995314662537,0.75,0.6551724137931034,-0.09482758620689657,0.8275862068965517,0.6551724137931034,-0.1724137931034483,0.7868852459016394,0.6551724137931034,-0.13171283210853602,29,29,0.0,0.8484848484848485,0.7222222222222222,-0.1262626262626263,0.7777777777777778,0.7222222222222222,-0.05555555555555558,0.8115942028985507,0.7222222222222222,-0.08937198067632846,36,36,0.0,28,26,-2.0,24,19,-5.0,5,10,5.0,8,10,2.0,17,0.26153846153846155,12,0.18461538461538463,5,0.07692307692307693,-7
P1,P1_psd_bandpower_from_derivatives,PSD_ABSOLUTE_CHANNEL_BAND,ds006036__EO_or_photomark,AD_vs_CN,15,CN,AD,65,5,0.7384615384615385,0.6307692307692307,-0.10769230769230775,0.7404214559386972,0.6264367816091954,-0.11398467432950188,0.7374673319078167,0.6264367816091954,-0.1110305502986213,0.4781030439229421,0.25287356321839083,-0.2252294807045513,0.6875,0.5862068965517241,-0.10129310344827591,0.7586206896551724,0.5862068965517241,-0.1724137931034483,0.7213114754098361,0.5862068965517241,-0.135104578858112,29,29,0.0,0.7878787878787878,0.6666666666666666,-0.12121212121212122,0.7222222222222222,0.6666666666666666,-0.05555555555555558,0.7536231884057971,0.6666666666666666,-0.08695652173913049,36,36,0.0,26,24,-2.0,22,17,-5.0,7,12,5.0,10,12,2.0,17,0.26153846153846155,12,0.18461538461538463,5,0.07692307692307693,-7
P1,P1_psd_bandpower_from_derivatives,PSD_ABSOLUTE_CHANNEL_BAND,ds006036__EO_or_photomark,AD_vs_CN,16,CN,AD,65,5,0.8153846153846154,0.7230769230769231,-0.09230769230769231,0.8165708812260537,0.7231800766283525,-0.09339080459770122,0.8142857142857143,0.7214285714285713,-0.09285714285714297,0.6301310855618155,0.444237648822702,-0.18589343673911352,0.7741935483870968,0.6774193548387096,-0.09677419354838712,0.8275862068965517,0.7241379310344828,-0.10344827586206895,0.7999999999999999,0.7,-0.09999999999999998,29,29,0.0,0.8529411764705882,0.7647058823529411,-0.08823529411764708,0.8055555555555556,0.7222222222222222,-0.08333333333333337,0.8285714285714286,0.7428571428571428,-0.08571428571428585,36,36,0.0,29,26,-3.0,24,21,-3.0,5,8,3.0,7,10,3.0,16,0.24615384615384617,11,0.16923076923076924,5,0.07692307692307693,-6
P1,P1_psd_bandpower_from_derivatives,PSD_ABSOLUTE_CHANNEL_BAND,ds006036__EO_or_photomark,AD_vs_CN,17,CN,AD,65,5,0.7384615384615385,0.6461538461538462,-0.09230769230769231,0.7370689655172413,0.6470306513409961,-0.0900383141762452,0.7362138935306757,0.6448087431693988,-0.09140515036127683,0.4727813104255336,0.29238572606442875,-0.18039558436110487,0.7,0.59375,-0.10624999999999996,0.7241379310344828,0.6551724137931034,-0.06896551724137934,0.711864406779661,0.6229508196721311,-0.08891358710752995,29,29,0.0,0.7714285714285715,0.696969696969697,-0.07445887445887445,0.75,0.6388888888888888,-0.11111111111111116,0.7605633802816902,0.6666666666666666,-0.09389671361502361,36,36,0.0,27,23,-4.0,21,19,-2.0,8,10,2.0,9,13,4.0,12,0.18461538461538463,9,0.13846153846153847,3,0.046153846153846156,-6
P1,P1_psd_bandpower_from_derivatives,PSD_ABSOLUTE_CHANNEL_BAND,ds006036__EO_or_photomark,AD_vs_CN,18,CN,AD,65,5,0.7846153846153846,0.676923076923077,-0.10769230769230764,0.7887931034482758,0.6781609195402298,-0.11063218390804597,0.7841555977229602,0.6756949394155382,-0.10846065830742202,0.5742950906086337,0.3542914986839332,-0.22000359192470048,0.7272727272727273,0.625,-0.10227272727272729,0.8275862068965517,0.6896551724137931,-0.13793103448275856,0.7741935483870968,0.6557377049180328,-0.1184558434690639,29,29,0.0,0.84375,0.7272727272727273,-0.11647727272727271,0.75,0.6666666666666666,-0.08333333333333337,0.7941176470588235,0.6956521739130435,-0.09846547314578002,36,36,0.0,27,24,-3.0,24,20,-4.0,5,9,4.0,9,12,3.0,15,0.23076923076923078,11,0.16923076923076924,4,0.06153846153846154,-7
P1,P1_psd_bandpower_from_derivatives,PSD_ABSOLUTE_CHANNEL_BAND,ds006036__EO_or_photomark,AD_vs_CN,19,CN,AD,65,5,0.8,0.5846153846153846,-0.2153846153846154,0.8026819923371648,0.5780651340996168,-0.22461685823754796,0.799239724400095,0.5782263878875271,-0.22101333651256794,0.6019145891619511,0.15673192849488263,-0.44518266066706846,0.75,0.5357142857142857,-0.2142857142857143,0.8275862068965517,0.5172413793103449,-0.31034482758620685,0.7868852459016394,0.5263157894736843,-0.26056945642795515,29,29,0.0,0.8484848484848485,0.6216216216216216,-0.2268632268632269,0.7777777777777778,0.6388888888888888,-0.13888888888888895,0.8115942028985507,0.6301369863013699,-0.18145721659718073,36,36,0.0,28,23,-5.0,24,15,-9.0,5,14,9.0,8,13,5.0,18,0.27692307692307694,16,0.24615384615384617,2,0.03076923076923077,-14
P1,P1_psd_bandpower_from_derivatives,PSD_ABSOLUTE_CHANNEL_BAND,ds006036__EO_or_photomark,AD_vs_CN,20,CN,AD,65,5,0.7076923076923077,0.6923076923076923,-0.015384615384615441,0.7092911877394636,0.6954022988505747,-0.01388888888888895,0.7065811356616774,0.6916508538899431,-0.014930281771734277,0.41619727130343764,0.3885777727501203,-0.027619498553317356,0.65625,0.6363636363636364,-0.019886363636363646,0.7241379310344828,0.7241379310344828,0.0,0.6885245901639345,0.6774193548387097,-0.011105235325224783,29,29,0.0,0.7575757575757576,0.75,-0.007575757575757569,0.6944444444444444,0.6666666666666666,-0.02777777777777779,0.7246376811594203,0.7058823529411765,-0.018755328218243772,36,36,0.0,25,24,-1.0,21,21,0.0,8,8,0.0,11,12,1.0,17,0.26153846153846155,9,0.13846153846153847,8,0.12307692307692308,-1
P1,P1_psd_bandpower_from_derivatives,PSD_ABSOLUTE_CHANNEL_BAND,ds006036__EO_or_photomark,AD_vs_FTD,1,FTD,AD,59,5,0.559322033898305,0.4915254237288136,-0.06779661016949146,0.5446859903381642,0.45772946859903385,-0.08695652173913038,0.543452380952381,0.45638820638820643,-0.08706417456417459,0.0882078199150987,-0.08611551951839977,-0.17432333943349848,0.44,0.3333333333333333,-0.10666666666666669,0.4782608695652174,0.30434782608695654,-0.17391304347826086,0.4583333333333333,0.31818181818181823,-0.14015151515151508,23,23,0.0,0.6470588235294118,0.5789473684210527,-0.06811145510835914,0.6111111111111112,0.6111111111111112,0.0,0.6285714285714287,0.5945945945945946,-0.03397683397683404,36,36,0.0,22,22,0.0,11,7,-4.0,12,16,4.0,14,14,0.0,22,0.3728813559322034,13,0.22033898305084745,9,0.15254237288135594,-4
P1,P1_psd_bandpower_from_derivatives,PSD_ABSOLUTE_CHANNEL_BAND,ds006036__EO_or_photomark,AD_vs_FTD,2,FTD,AD,59,5,0.5932203389830508,0.576271186440678,-0.016949152542372836,0.5489130434782609,0.5428743961352657,-0.006038647342995196,0.5461538461538462,0.5426356589147286,-0.003518187239117565,0.10534665361481922,0.08834782840341722,-0.016998825211402002,0.47058823529411764,0.45,-0.02058823529411763,0.34782608695652173,0.391304347826087,0.043478260869565244,0.39999999999999997,0.4186046511627907,0.018604651162790753,23,23,0.0,0.6428571428571429,0.6410256410256411,-0.001831501831501825,0.75,0.6944444444444444,-0.05555555555555558,0.6923076923076924,0.6666666666666666,-0.025641025641025772,36,36,0.0,27,25,-2.0,8,9,1.0,15,14,-1.0,9,11,2.0,17,0.288135593220339,9,0.15254237288135594,8,0.13559322033898305,-1
P1,P1_psd_bandpower_from_derivatives,PSD_ABSOLUTE_CHANNEL_BAND,ds006036__EO_or_photomark,AD_vs_FTD,3,FTD,AD,59,5,0.6101694915254238,0.4406779661016949,-0.16949152542372886,0.5785024154589372,0.42391304347826086,-0.15458937198067635,0.5792248062015504,0.4241348713398403,-0.15508993486171008,0.1617636294710456,-0.14948985918580535,-0.311253488656851,0.5,0.3076923076923077,-0.1923076923076923,0.43478260869565216,0.34782608695652173,-0.08695652173913043,0.46511627906976744,0.32653061224489793,-0.1385856668248695,23,23,0.0,0.6666666666666666,0.5454545454545454,-0.12121212121212122,0.7222222222222222,0.5,-0.2222222222222222,0.6933333333333334,0.5217391304347826,-0.17159420289855076,36,36,0.0,26,18,-8.0,10,8,-2.0,13,15,2.0,10,18,8.0,30,0.5084745762711864,20,0.3389830508474576,10,0.1694915254237288,-10
P1,P1_psd_bandpower_from_derivatives,PSD_ABSOLUTE_CHANNEL_BAND,ds006036__EO_or_photomark,AD_vs_FTD,4,FTD,AD,59,5,0.576271186440678,0.5254237288135594,-0.05084745762711862,0.5271739130434783,0.4933574879227053,-0.033816425120772986,0.5212593313859136,0.4926289926289926,-0.028630338756921003,0.05962153132020875,-0.01353243878146282,-0.07315397010167157,0.4375,0.38095238095238093,-0.05654761904761907,0.30434782608695654,0.34782608695652173,0.04347826086956519,0.358974358974359,0.3636363636363636,0.004662004662004615,23,23,0.0,0.627906976744186,0.6052631578947368,-0.022643818849449215,0.75,0.6388888888888888,-0.11111111111111116,0.6835443037974683,0.6216216216216216,-0.06192268217584673,36,36,0.0,27,23,-4.0,7,8,1.0,16,15,-1.0,9,13,4.0,25,0.423728813559322,14,0.23728813559322035,11,0.1864406779661017,-3
P1,P1_psd_bandpower_from_derivatives,PSD_ABSOLUTE_CHANNEL_BAND,ds006036__EO_or_photomark,AD_vs_FTD,5,FTD,AD,59,5,0.576271186440678,0.4915254237288136,-0.0847457627118644,0.5585748792270531,0.4891304347826087,-0.06944444444444436,0.5579862151633204,0.48426573426573427,-0.0737204808975861,0.11630996441185117,-0.02120790212264707,-0.13751786653449824,0.4583333333333333,0.3793103448275862,-0.07902298850574713,0.4782608695652174,0.4782608695652174,0.0,0.4680851063829787,0.4230769230769231,-0.045008183306055605,23,23,0.0,0.6571428571428571,0.6,-0.05714285714285716,0.6388888888888888,0.5,-0.13888888888888884,0.647887323943662,0.5454545454545454,-0.10243277848911658,36,36,0.0,23,18,-5.0,11,11,0.0,12,12,0.0,13,18,5.0,31,0.5254237288135594,18,0.3050847457627119,13,0.22033898305084745,-5
P1,P1_psd_bandpower_from_derivatives,PSD_ABSOLUTE_CHANNEL_BAND,ds006036__EO_or_photomark,AD_vs_FTD,6,FTD,AD,59,5,0.5932203389830508,0.4915254237288136,-0.10169491525423724,0.5410628019323671,0.47342995169082125,-0.06763285024154586,0.5342105263157895,0.4732142857142857,-0.06099624060150377,0.09198600900533842,-0.052447892922491114,-0.14443390192782954,0.4666666666666667,0.36,-0.10666666666666669,0.30434782608695654,0.391304347826087,0.08695652173913043,0.3684210526315789,0.37499999999999994,0.006578947368421018,23,23,0.0,0.6363636363636364,0.5882352941176471,-0.048128342245989275,0.7777777777777778,0.5555555555555556,-0.2222222222222222,0.7000000000000001,0.5714285714285715,-0.12857142857142856,36,36,0.0,28,20,-8.0,7,9,2.0,16,14,-2.0,8,16,8.0,26,0.4406779661016949,16,0.2711864406779661,10,0.1694915254237288,-6
P1,P1_psd_bandpower_from_derivatives,PSD_ABSOLUTE_CHANNEL_BAND,ds006036__EO_or_photomark,AD_vs_FTD,7,FTD,AD,59,5,0.5423728813559322,0.5254237288135594,-0.016949152542372836,0.4993961352657005,0.501207729468599,0.0018115942028985588,0.4954070319923979,0.501207729468599,0.005800697476201155,-0.0012792536084958444,0.0024154589371980675,0.003694712545693912,0.3888888888888889,0.391304347826087,0.0024154589371980784,0.30434782608695654,0.391304347826087,0.08695652173913043,0.34146341463414637,0.391304347826087,0.049840933191940606,23,23,0.0,0.6097560975609756,0.6111111111111112,0.0013550135501355642,0.6944444444444444,0.6111111111111112,-0.08333333333333326,0.6493506493506495,0.6111111111111112,-0.038239538239538295,36,36,0.0,25,22,-3.0,7,9,2.0,16,14,-2.0,11,14,3.0,21,0.3559322033898305,11,0.1864406779661017,10,0.1694915254237288,-1
P1,P1_psd_bandpower_from_derivatives,PSD_ABSOLUTE_CHANNEL_BAND,ds006036__EO_or_photomark,AD_vs_FTD,8,FTD,AD,59,5,0.5423728813559322,0.5423728813559322,0.0,0.5229468599033816,0.5229468599033816,0.0,0.522625112376386,0.522625112376386,0.0,0.04556472832629221,0.04556472832629221,0.0,0.4166666666666667,0.4166666666666667,0.0,0.43478260869565216,0.43478260869565216,0.0,0.425531914893617,0.425531914893617,0.0,23,23,0.0,0.6285714285714286,0.6285714285714286,0.0,0.6111111111111112,0.6111111111111112,0.0,0.619718309859155,0.619718309859155,0.0,36,36,0.0,22,22,0.0,10,10,0.0,13,13,0.0,14,14,0.0,26,0.4406779661016949,13,0.22033898305084745,13,0.22033898305084745,0
P1,P1_psd_bandpower_from_derivatives,PSD_ABSOLUTE_CHANNEL_BAND,ds006036__EO_or_photomark,AD_vs_FTD,9,FTD,AD,59,5,0.6440677966101694,0.423728813559322,-0.22033898305084743,0.6141304347826086,0.3943236714975845,-0.21980676328502413,0.615813953488372,0.3943236714975845,-0.22149028199078746,0.235179430538674,-0.2113526570048309,-0.44653208754350493,0.55,0.2608695652173913,-0.28913043478260875,0.4782608695652174,0.2608695652173913,-0.2173913043478261,0.5116279069767442,0.2608695652173913,-0.2507583417593529,23,23,0.0,0.6923076923076923,0.5277777777777778,-0.1645299145299145,0.75,0.5277777777777778,-0.2222222222222222,0.7199999999999999,0.5277777777777778,-0.19222222222222207,36,36,0.0,27,19,-8.0,11,6,-5.0,12,17,5.0,9,17,8.0,27,0.4576271186440678,20,0.3389830508474576,7,0.11864406779661017,-13
P1,P1_psd_bandpower_from_derivatives,PSD_ABSOLUTE_CHANNEL_BAND,ds006036__EO_or_photomark,AD_vs_FTD,10,FTD,AD,59,5,0.6949152542372882,0.5932203389830508,-0.10169491525423735,0.6243961352657005,0.5646135265700483,-0.05978260869565222,0.6140988372093024,0.565110565110565,-0.04898827209873735,0.3374782551989867,0.13163372269241108,-0.20584453250657564,0.7777777777777778,0.47619047619047616,-0.3015873015873016,0.30434782608695654,0.43478260869565216,0.13043478260869562,0.43750000000000006,0.4545454545454545,0.01704545454545442,23,23,0.0,0.68,0.6578947368421053,-0.02210526315789474,0.9444444444444444,0.6944444444444444,-0.25,0.7906976744186047,0.6756756756756757,-0.11502199874292907,36,36,0.0,34,25,-9.0,7,10,3.0,16,13,-3.0,2,11,9.0,20,0.3389830508474576,13,0.22033898305084745,7,0.11864406779661017,-6
P1,P1_psd_bandpower_from_derivatives,PSD_ABSOLUTE_CHANNEL_BAND,ds006036__EO_or_photomark,AD_vs_FTD,11,FTD,AD,59,5,0.5932203389830508,0.5423728813559322,-0.05084745762711862,0.5489130434782609,0.5072463768115942,-0.04166666666666663,0.5461538461538462,0.5060465116279069,-0.04010733452593929,0.10534665361481922,0.014932027335788824,-0.0904146262790304,0.47058823529411764,0.4,-0.07058823529411762,0.34782608695652173,0.34782608695652173,0.0,0.39999999999999997,0.37209302325581395,-0.02790697674418602,23,23,0.0,0.6428571428571429,0.6153846153846154,-0.027472527472527486,0.75,0.6666666666666666,-0.08333333333333337,0.6923076923076924,0.64,-0.05230769230769239,36,36,0.0,27,24,-3.0,8,8,0.0,15,15,0.0,9,12,3.0,21,0.3559322033898305,12,0.2033898305084746,9,0.15254237288135594,-3
P1,P1_psd_bandpower_from_derivatives,PSD_ABSOLUTE_CHANNEL_BAND,ds006036__EO_or_photomark,AD_vs_FTD,12,FTD,AD,59,5,0.5423728813559322,0.4915254237288136,-0.05084745762711862,0.4993961352657005,0.45772946859903385,-0.04166666666666663,0.4954070319923979,0.45638820638820643,-0.039018825604191454,-0.0012792536084958444,-0.08611551951839977,-0.08483626590990392,0.3888888888888889,0.3333333333333333,-0.05555555555555558,0.30434782608695654,0.30434782608695654,0.0,0.34146341463414637,0.31818181818181823,-0.023281596452328135,23,23,0.0,0.6097560975609756,0.5789473684210527,-0.03080872913992294,0.6944444444444444,0.6111111111111112,-0.08333333333333326,0.6493506493506495,0.5945945945945946,-0.05475605475605483,36,36,0.0,25,22,-3.0,7,7,0.0,16,16,0.0,11,14,3.0,19,0.3220338983050847,11,0.1864406779661017,8,0.13559322033898305,-3
P1,P1_psd_bandpower_from_derivatives,PSD_ABSOLUTE_CHANNEL_BAND,ds006036__EO_or_photomark,AD_vs_FTD,13,FTD,AD,59,5,0.5423728813559322,0.576271186440678,0.03389830508474578,0.5072463768115942,0.5271739130434783,0.019927536231884035,0.5060465116279069,0.5212593313859136,0.015212819758006701,0.014932027335788824,0.05962153132020875,0.044689503984419926,0.4,0.4375,0.03749999999999998,0.34782608695652173,0.30434782608695654,-0.04347826086956519,0.37209302325581395,0.358974358974359,-0.013118664281454973,23,23,0.0,0.6153846153846154,0.627906976744186,0.012522361359570633,0.6666666666666666,0.75,0.08333333333333337,0.64,0.6835443037974683,0.04354430379746832,36,36,0.0,24,27,3.0,8,7,-1.0,15,16,1.0,12,9,-3.0,20,0.3389830508474576,9,0.15254237288135594,11,0.1864406779661017,2
P1,P1_psd_bandpower_from_derivatives,PSD_ABSOLUTE_CHANNEL_BAND,ds006036__EO_or_photomark,AD_vs_FTD,14,FTD,AD,59,5,0.559322033898305,0.6440677966101694,0.0847457627118644,0.5446859903381642,0.6298309178743962,0.08514492753623193,0.543452380952381,0.6287084207371891,0.08525603978480811,0.0882078199150987,0.2578004365829691,0.1695926166678704,0.44,0.5416666666666666,0.10166666666666663,0.4782608695652174,0.5652173913043478,0.08695652173913038,0.4583333333333333,0.5531914893617021,0.09485815602836883,23,23,0.0,0.6470588235294118,0.7142857142857143,0.0672268907563025,0.6111111111111112,0.6944444444444444,0.08333333333333326,0.6285714285714287,0.7042253521126761,0.07565392354124745,36,36,0.0,22,25,3.0,11,13,2.0,12,10,-2.0,14,11,-3.0,19,0.3220338983050847,7,0.11864406779661017,12,0.2033898305084746,5
P1,P1_psd_bandpower_from_derivatives,PSD_ABSOLUTE_CHANNEL_BAND,ds006036__EO_or_photomark,AD_vs_FTD,15,FTD,AD,59,5,0.6101694915254238,0.4915254237288136,-0.11864406779661019,0.586352657004831,0.44202898550724634,-0.14432367149758463,0.5869101978691019,0.43269230769230765,-0.15421789017679427,0.1741841632624134,-0.12485529317311907,-0.2990394564355325,0.5,0.29411764705882354,-0.20588235294117646,0.4782608695652174,0.21739130434782608,-0.26086956521739135,0.4888888888888889,0.25,-0.23888888888888887,23,23,0.0,0.6756756756756757,0.5714285714285714,-0.10424710424710426,0.6944444444444444,0.6666666666666666,-0.02777777777777779,0.684931506849315,0.6153846153846153,-0.06954689146469972,36,36,0.0,25,24,-1.0,11,5,-6.0,12,18,6.0,11,12,1.0,19,0.3220338983050847,13,0.22033898305084745,6,0.1016949152542373,-7
P1,P1_psd_bandpower_from_derivatives,PSD_ABSOLUTE_CHANNEL_BAND,ds006036__EO_or_photomark,AD_vs_FTD,16,FTD,AD,59,5,0.559322033898305,0.5084745762711864,-0.05084745762711862,0.5289855072463768,0.5030193236714976,-0.02596618357487923,0.5288697788697788,0.4992683640620428,-0.029601414807736037,0.059050641955474124,0.00589786698095908,-0.053152774974515045,0.42857142857142855,0.39285714285714285,-0.0357142857142857,0.391304347826087,0.4782608695652174,0.08695652173913043,0.4090909090909091,0.4313725490196078,0.022281639928698693,23,23,0.0,0.631578947368421,0.6129032258064516,-0.018675721561969394,0.6666666666666666,0.5277777777777778,-0.13888888888888884,0.6486486486486486,0.5671641791044777,-0.08148446954417088,36,36,0.0,24,19,-5.0,9,11,2.0,14,12,-2.0,12,17,5.0,29,0.4915254237288136,16,0.2711864406779661,13,0.22033898305084745,-3
P1,P1_psd_bandpower_from_derivatives,PSD_ABSOLUTE_CHANNEL_BAND,ds006036__EO_or_photomark,AD_vs_FTD,17,FTD,AD,59,5,0.576271186440678,0.5254237288135594,-0.05084745762711862,0.5350241545893719,0.4776570048309179,-0.05736714975845403,0.5327842888818499,0.4705128205128205,-0.062271468369029415,0.07419670929275898,-0.048121310910472975,-0.12231802020323196,0.4444444444444444,0.35294117647058826,-0.09150326797385616,0.34782608695652173,0.2608695652173913,-0.08695652173913043,0.3902439024390244,0.3,-0.09024390243902441,23,23,0.0,0.6341463414634146,0.5952380952380952,-0.03890824622531941,0.7222222222222222,0.6944444444444444,-0.02777777777777779,0.6753246753246753,0.6410256410256411,-0.03429903429903425,36,36,0.0,26,25,-1.0,8,6,-2.0,15,17,2.0,10,11,1.0,19,0.3220338983050847,11,0.1864406779661017,8,0.13559322033898305,-3
P1,P1_psd_bandpower_from_derivatives,PSD_ABSOLUTE_CHANNEL_BAND,ds006036__EO_or_photomark,AD_vs_FTD,18,FTD,AD,59,5,0.6101694915254238,0.576271186440678,-0.03389830508474578,0.5942028985507246,0.5742753623188406,-0.019927536231884035,0.5933473179502546,0.5683347966052092,-0.02501252134504539,0.18705520049741012,0.1450875277315934,-0.04196767276581673,0.5,0.4642857142857143,-0.0357142857142857,0.5217391304347826,0.5652173913043478,0.04347826086956519,0.5106382978723404,0.5098039215686274,-0.0008343763037129692,23,23,0.0,0.6857142857142857,0.6774193548387096,-0.00829493087557609,0.6666666666666666,0.5833333333333334,-0.08333333333333326,0.676056338028169,0.626865671641791,-0.049190666386378035,36,36,0.0,24,21,-3.0,12,13,1.0,11,10,-1.0,12,15,3.0,24,0.4067796610169492,13,0.22033898305084745,11,0.1864406779661017,-2
P1,P1_psd_bandpower_from_derivatives,PSD_ABSOLUTE_CHANNEL_BAND,ds006036__EO_or_photomark,AD_vs_FTD,19,FTD,AD,59,5,0.5423728813559322,0.5254237288135594,-0.016949152542372836,0.5072463768115942,0.4933574879227053,-0.01388888888888895,0.5060465116279069,0.4926289926289926,-0.013417518998914302,0.014932027335788824,-0.01353243878146282,-0.028464466117251647,0.4,0.38095238095238093,-0.01904761904761909,0.34782608695652173,0.34782608695652173,0.0,0.37209302325581395,0.3636363636363636,-0.008456659619450357,23,23,0.0,0.6153846153846154,0.6052631578947368,-0.010121457489878583,0.6666666666666666,0.6388888888888888,-0.02777777777777779,0.64,0.6216216216216216,-0.018378378378378413,36,36,0.0,24,23,-1.0,8,8,0.0,15,15,0.0,12,13,1.0,21,0.3559322033898305,11,0.1864406779661017,10,0.1694915254237288,-1
P1,P1_psd_bandpower_from_derivatives,PSD_ABSOLUTE_CHANNEL_BAND,ds006036__EO_or_photomark,AD_vs_FTD,20,FTD,AD,59,5,0.576271186440678,0.4576271186440678,-0.11864406779661019,0.5428743961352657,0.43780193236714976,-0.10507246376811591,0.5426356589147286,0.4380952380952381,-0.10454042081949055,0.08834782840341722,-0.12277574934128602,-0.21112357774470325,0.45,0.32,-0.13,0.391304347826087,0.34782608695652173,-0.043478260869565244,0.4186046511627907,0.3333333333333333,-0.0852713178294574,23,23,0.0,0.6410256410256411,0.5588235294117647,-0.08220211161387636,0.6944444444444444,0.5277777777777778,-0.16666666666666663,0.6666666666666666,0.5428571428571428,-0.12380952380952381,36,36,0.0,25,19,-6.0,9,8,-1.0,14,15,1.0,11,17,6.0,27,0.4576271186440678,17,0.288135593220339,10,0.1694915254237288,-7
P1,P1_psd_bandpower_from_derivatives,PSD_ABSOLUTE_CHANNEL_BAND,ds006036__EO_or_photomark,CN_vs_FTD,1,CN,FTD,52,5,0.7307692307692307,0.6730769230769231,-0.0576923076923076,0.7181409295352323,0.6619190404797601,-0.05622188905547221,0.7204301075268817,0.6629813191002669,-0.05744878842661483,0.44998320186528457,0.3305984759853531,-0.11938472587993149,0.7272727272727273,0.6875,-0.03977272727272729,0.8275862068965517,0.7586206896551724,-0.06896551724137934,0.7741935483870968,0.7213114754098361,-0.052882072977260663,29,29,0.0,0.7368421052631579,0.65,-0.08684210526315783,0.6086956521739131,0.5652173913043478,-0.0434782608695653,0.6666666666666666,0.6046511627906976,-0.06201550387596899,23,23,0.0,14,13,-1.0,24,22,-2.0,5,7,2.0,9,10,1.0,11,0.21153846153846154,7,0.1346153846153846,4,0.07692307692307693,-3
P1,P1_psd_bandpower_from_derivatives,PSD_ABSOLUTE_CHANNEL_BAND,ds006036__EO_or_photomark,CN_vs_FTD,2,CN,FTD,52,5,0.8269230769230769,0.6730769230769231,-0.15384615384615374,0.8223388305847077,0.6619190404797601,-0.16041979010494756,0.823728813559322,0.6629813191002669,-0.16074749445905512,0.6480873892425505,0.3305984759853531,-0.3174889132571974,0.8333333333333334,0.6875,-0.14583333333333337,0.8620689655172413,0.7586206896551724,-0.10344827586206895,0.847457627118644,0.7213114754098361,-0.12614615170880794,29,29,0.0,0.8181818181818182,0.65,-0.1681818181818182,0.782608695652174,0.5652173913043478,-0.21739130434782616,0.8,0.6046511627906976,-0.1953488372093024,23,23,0.0,18,13,-5.0,25,22,-3.0,4,7,3.0,5,10,5.0,10,0.19230769230769232,9,0.17307692307692307,1,0.019230769230769232,-8
P1,P1_psd_bandpower_from_derivatives,PSD_ABSOLUTE_CHANNEL_BAND,ds006036__EO_or_photomark,CN_vs_FTD,3,CN,FTD,52,5,0.8653846153846154,0.6923076923076923,-0.17307692307692313,0.8613193403298351,0.6746626686656672,-0.186656671664168,0.8629001883239171,0.675,-0.18790018832391708,0.7264607479416496,0.36985757785414636,-0.35660317008750325,0.8666666666666667,0.6857142857142857,-0.18095238095238098,0.896551724137931,0.8275862068965517,-0.06896551724137934,0.8813559322033899,0.75,-0.13135593220338992,29,29,0.0,0.8636363636363636,0.7058823529411765,-0.15775401069518713,0.8260869565217391,0.5217391304347826,-0.30434782608695654,0.8444444444444444,0.6,-0.24444444444444446,23,23,0.0,19,12,-7.0,26,24,-2.0,3,5,2.0,4,11,7.0,15,0.28846153846153844,12,0.23076923076923078,3,0.057692307692307696,-9
P1,P1_psd_bandpower_from_derivatives,PSD_ABSOLUTE_CHANNEL_BAND,ds006036__EO_or_photomark,CN_vs_FTD,4,CN,FTD,52,5,0.7884615384615384,0.7307692307692307,-0.05769230769230771,0.7833583208395802,0.7226386806596702,-0.06071964017991005,0.784557438794727,0.7242424242424244,-0.06031501455230259,0.5697140305434514,0.45071606504889,-0.11899796549456138,0.8,0.7419354838709677,-0.058064516129032295,0.8275862068965517,0.7931034482758621,-0.03448275862068961,0.8135593220338982,0.7666666666666667,-0.04689265536723153,29,29,0.0,0.7727272727272727,0.7142857142857143,-0.058441558441558406,0.7391304347826086,0.6521739130434783,-0.08695652173913038,0.7555555555555555,0.6818181818181819,-0.07373737373737366,23,23,0.0,17,15,-2.0,24,23,-1.0,5,6,1.0,6,8,2.0,11,0.21153846153846154,7,0.1346153846153846,4,0.07692307692307693,-3
P1,P1_psd_bandpower_from_derivatives,PSD_ABSOLUTE_CHANNEL_BAND,ds006036__EO_or_photomark,CN_vs_FTD,5,CN,FTD,52,5,0.7692307692307693,0.75,-0.019230769230769273,0.7616191904047975,0.739880059970015,-0.021739130434782483,0.7636363636363636,0.7422798322531453,-0.021356531383218247,0.5296293154951603,0.4897755199783009,-0.03985379551685947,0.7741935483870968,0.75,-0.024193548387096753,0.8275862068965517,0.8275862068965517,0.0,0.7999999999999999,0.7868852459016394,-0.013114754098360493,29,29,0.0,0.7619047619047619,0.75,-0.011904761904761862,0.6956521739130435,0.6521739130434783,-0.04347826086956519,0.7272727272727272,0.6976744186046512,-0.029598308668076,23,23,0.0,16,15,-1.0,24,24,0.0,5,5,0.0,7,8,1.0,9,0.17307692307692307,5,0.09615384615384616,4,0.07692307692307693,-1
P1,P1_psd_bandpower_from_derivatives,PSD_ABSOLUTE_CHANNEL_BAND,ds006036__EO_or_photomark,CN_vs_FTD,6,CN,FTD,52,5,0.7884615384615384,0.7307692307692307,-0.05769230769230771,0.7833583208395802,0.7226386806596702,-0.06071964017991005,0.784557438794727,0.7242424242424244,-0.06031501455230259,0.5697140305434514,0.45071606504889,-0.11899796549456138,0.8,0.7419354838709677,-0.058064516129032295,0.8275862068965517,0.7931034482758621,-0.03448275862068961,0.8135593220338982,0.7666666666666667,-0.04689265536723153,29,29,0.0,0.7727272727272727,0.7142857142857143,-0.058441558441558406,0.7391304347826086,0.6521739130434783,-0.08695652173913038,0.7555555555555555,0.6818181818181819,-0.07373737373737366,23,23,0.0,17,15,-2.0,24,23,-1.0,5,6,1.0,6,8,2.0,9,0.17307692307692307,6,0.11538461538461539,3,0.057692307692307696,-3
P1,P1_psd_bandpower_from_derivatives,PSD_ABSOLUTE_CHANNEL_BAND,ds006036__EO_or_photomark,CN_vs_FTD,7,CN,FTD,52,5,0.8461538461538461,0.6346153846153846,-0.21153846153846156,0.848575712143928,0.6274362818590704,-0.2211394302848576,0.8452380952380952,0.6278719397363466,-0.21736615550174865,0.6930078427153387,0.25622059574705486,-0.4367872469682838,0.8888888888888888,0.6666666666666666,-0.2222222222222222,0.8275862068965517,0.6896551724137931,-0.13793103448275856,0.8571428571428572,0.6779661016949153,-0.17917675544794187,29,29,0.0,0.8,0.5909090909090909,-0.2090909090909091,0.8695652173913043,0.5652173913043478,-0.30434782608695654,0.8333333333333333,0.5777777777777778,-0.2555555555555554,23,23,0.0,20,13,-7.0,24,20,-4.0,5,9,4.0,3,10,7.0,15,0.28846153846153844,13,0.25,2,0.038461538461538464,-11
P1,P1_psd_bandpower_from_derivatives,PSD_ABSOLUTE_CHANNEL_BAND,ds006036__EO_or_photomark,CN_vs_FTD,8,CN,FTD,52,5,0.8461538461538461,0.6923076923076923,-0.15384615384615385,0.848575712143928,0.6836581709145427,-0.1649175412293853,0.8452380952380952,0.6848484848484848,-0.16038961038961042,0.6930078427153387,0.3718028146026197,-0.32120502811271895,0.8888888888888888,0.7096774193548387,-0.1792114695340501,0.8275862068965517,0.7586206896551724,-0.06896551724137934,0.8571428571428572,0.7333333333333333,-0.12380952380952392,29,29,0.0,0.8,0.6666666666666666,-0.13333333333333341,0.8695652173913043,0.6086956521739131,-0.26086956521739124,0.8333333333333333,0.6363636363636365,-0.1969696969696968,23,23,0.0,20,14,-6.0,24,22,-2.0,5,7,2.0,3,9,6.0,12,0.23076923076923078,10,0.19230769230769232,2,0.038461538461538464,-8
P1,P1_psd_bandpower_from_derivatives,PSD_ABSOLUTE_CHANNEL_BAND,ds006036__EO_or_photomark,CN_vs_FTD,9,CN,FTD,52,5,0.8269230769230769,0.7115384615384616,-0.11538461538461531,0.8268365817091454,0.6964017991004497,-0.13043478260869568,0.8253079507278835,0.6980255516840883,-0.12728239904379524,0.6512368032325003,0.4100744048711776,-0.24116239836132275,0.8571428571428571,0.7058823529411765,-0.15126050420168058,0.8275862068965517,0.8275862068965517,0.0,0.8421052631578947,0.7619047619047619,-0.08020050125313283,29,29,0.0,0.7916666666666666,0.7222222222222222,-0.06944444444444442,0.8260869565217391,0.5652173913043478,-0.26086956521739135,0.8085106382978724,0.6341463414634146,-0.17436429683445775,23,23,0.0,19,13,-6.0,24,24,0.0,5,5,0.0,4,10,6.0,12,0.23076923076923078,9,0.17307692307692307,3,0.057692307692307696,-6
P1,P1_psd_bandpower_from_derivatives,PSD_ABSOLUTE_CHANNEL_BAND,ds006036__EO_or_photomark,CN_vs_FTD,10,CN,FTD,52,5,0.8269230769230769,0.8269230769230769,0.0,0.8178410794602698,0.8178410794602698,0.0,0.8215783454060236,0.8215783454060236,0.0,0.6489525639712487,0.6489525639712487,0.0,0.8125,0.8125,0.0,0.896551724137931,0.896551724137931,0.0,0.8524590163934426,0.8524590163934426,0.0,29,29,0.0,0.85,0.85,0.0,0.7391304347826086,0.7391304347826086,0.0,0.7906976744186046,0.7906976744186046,0.0,23,23,0.0,17,17,0.0,26,26,0.0,3,3,0.0,6,6,0.0,10,0.19230769230769232,5,0.09615384615384616,5,0.09615384615384616,0
P1,P1_psd_bandpower_from_derivatives,PSD_ABSOLUTE_CHANNEL_BAND,ds006036__EO_or_photomark,CN_vs_FTD,11,CN,FTD,52,5,0.8653846153846154,0.7307692307692307,-0.1346153846153847,0.8658170914542729,0.7226386806596702,-0.1431784107946027,0.8641284061216872,0.7242424242424244,-0.13988598187926282,0.7289072476547251,0.45071606504889,-0.27819118260583514,0.8928571428571429,0.7419354838709677,-0.15092165898617516,0.8620689655172413,0.7931034482758621,-0.06896551724137923,0.8771929824561403,0.7666666666666667,-0.11052631578947358,29,29,0.0,0.8333333333333334,0.7142857142857143,-0.11904761904761907,0.8695652173913043,0.6521739130434783,-0.21739130434782605,0.851063829787234,0.6818181818181819,-0.16924564796905217,23,23,0.0,20,15,-5.0,25,23,-2.0,4,6,2.0,3,8,5.0,7,0.1346153846153846,7,0.1346153846153846,0,0.0,-7
P1,P1_psd_bandpower_from_derivatives,PSD_ABSOLUTE_CHANNEL_BAND,ds006036__EO_or_photomark,CN_vs_FTD,12,CN,FTD,52,5,0.8461538461538461,0.6923076923076923,-0.15384615384615385,0.8530734632683659,0.6746626686656672,-0.1784107946026987,0.845925925925926,0.675,-0.17092592592592593,0.7019498793955365,0.36985757785414636,-0.3320923015413902,0.92,0.6857142857142857,-0.23428571428571432,0.7931034482758621,0.8275862068965517,0.03448275862068961,0.851851851851852,0.75,-0.10185185185185197,29,29,0.0,0.7777777777777778,0.7058823529411765,-0.07189542483660127,0.9130434782608695,0.5217391304347826,-0.3913043478260869,0.84,0.6,-0.24,23,23,0.0,21,12,-9.0,23,24,1.0,6,5,-1.0,2,11,9.0,12,0.23076923076923078,10,0.19230769230769232,2,0.038461538461538464,-8
P1,P1_psd_bandpower_from_derivatives,PSD_ABSOLUTE_CHANNEL_BAND,ds006036__EO_or_photomark,CN_vs_FTD,13,CN,FTD,52,5,0.7692307692307693,0.8269230769230769,0.0576923076923076,0.7706146926536732,0.8223388305847077,0.051724137931034475,0.7678571428571428,0.823728813559322,0.055871670702179244,0.5380125402585747,0.6480873892425505,0.11007484898397579,0.8148148148148148,0.8333333333333334,0.0185185185185186,0.7586206896551724,0.8620689655172413,0.10344827586206895,0.7857142857142857,0.847457627118644,0.06174334140435833,29,29,0.0,0.72,0.8181818181818182,0.09818181818181826,0.782608695652174,0.782608695652174,0.0,0.7499999999999999,0.8,0.050000000000000155,23,23,0.0,18,18,0.0,22,25,3.0,7,4,-3.0,5,5,0.0,9,0.17307692307692307,3,0.057692307692307696,6,0.11538461538461539,3
P1,P1_psd_bandpower_from_derivatives,PSD_ABSOLUTE_CHANNEL_BAND,ds006036__EO_or_photomark,CN_vs_FTD,14,CN,FTD,52,5,0.7692307692307693,0.7307692307692307,-0.03846153846153855,0.775112443778111,0.7226386806596702,-0.052473763118440764,0.7688888888888888,0.7242424242424244,-0.04464646464646449,0.5469545769387727,0.45071606504889,-0.0962385118898827,0.84,0.7419354838709677,-0.09806451612903222,0.7241379310344828,0.7931034482758621,0.06896551724137934,0.7777777777777777,0.7666666666666667,-0.01111111111111096,29,29,0.0,0.7037037037037037,0.7142857142857143,0.010582010582010581,0.8260869565217391,0.6521739130434783,-0.17391304347826086,0.76,0.6818181818181819,-0.07818181818181813,23,23,0.0,19,15,-4.0,21,23,2.0,8,6,-2.0,4,8,4.0,10,0.19230769230769232,6,0.11538461538461539,4,0.07692307692307693,-2
P1,P1_psd_bandpower_from_derivatives,PSD_ABSOLUTE_CHANNEL_BAND,ds006036__EO_or_photomark,CN_vs_FTD,15,CN,FTD,52,5,0.7884615384615384,0.7115384615384616,-0.07692307692307687,0.787856071964018,0.7008995502248876,-0.08695652173913038,0.7864874953340799,0.7026305756767061,-0.08385691965737385,0.5735663588102755,0.41018699798182695,-0.16337936082844856,0.8214285714285714,0.71875,-0.1026785714285714,0.7931034482758621,0.7931034482758621,0.0,0.8070175438596492,0.7540983606557378,-0.052919183203911424,29,29,0.0,0.75,0.7,-0.050000000000000044,0.782608695652174,0.6086956521739131,-0.17391304347826086,0.7659574468085107,0.6511627906976744,-0.11479465611083639,23,23,0.0,18,14,-4.0,23,23,0.0,6,6,0.0,5,9,4.0,12,0.23076923076923078,8,0.15384615384615385,4,0.07692307692307693,-4
P1,P1_psd_bandpower_from_derivatives,PSD_ABSOLUTE_CHANNEL_BAND,ds006036__EO_or_photomark,CN_vs_FTD,16,CN,FTD,52,5,0.8269230769230769,0.7692307692307693,-0.0576923076923076,0.8223388305847077,0.7571214392803598,-0.0652173913043479,0.823728813559322,0.76036866359447,-0.06336014996485206,0.6480873892425505,0.530392571270765,-0.11769481797178549,0.8333333333333334,0.7575757575757576,-0.0757575757575758,0.8620689655172413,0.8620689655172413,0.0,0.847457627118644,0.8064516129032258,-0.041006014215418274,29,29,0.0,0.8181818181818182,0.7894736842105263,-0.028708133971291905,0.782608695652174,0.6521739130434783,-0.13043478260869568,0.8,0.7142857142857143,-0.08571428571428574,23,23,0.0,18,15,-3.0,25,25,0.0,4,4,0.0,5,8,3.0,9,0.17307692307692307,6,0.11538461538461539,3,0.057692307692307696,-3
P1,P1_psd_bandpower_from_derivatives,PSD_ABSOLUTE_CHANNEL_BAND,ds006036__EO_or_photomark,CN_vs_FTD,17,CN,FTD,52,5,0.8076923076923077,0.75,-0.05769230769230771,0.8140929535232384,0.739880059970015,-0.07421289355322336,0.8074074074074074,0.7422798322531453,-0.06512757515426204,0.6244522281671546,0.4897755199783009,-0.13467670818885374,0.88,0.75,-0.13,0.7586206896551724,0.8275862068965517,0.06896551724137934,0.8148148148148148,0.7868852459016394,-0.02792956891317533,29,29,0.0,0.7407407407407407,0.75,0.0092592592592593,0.8695652173913043,0.6521739130434783,-0.21739130434782605,0.7999999999999999,0.6976744186046512,-0.10232558139534875,23,23,0.0,20,15,-5.0,22,24,2.0,7,5,-2.0,3,8,5.0,9,0.17307692307692307,6,0.11538461538461539,3,0.057692307692307696,-3
P1,P1_psd_bandpower_from_derivatives,PSD_ABSOLUTE_CHANNEL_BAND,ds006036__EO_or_photomark,CN_vs_FTD,18,CN,FTD,52,5,0.8846153846153846,0.75,-0.13461538461538458,0.8740629685157422,0.739880059970015,-0.13418290854572712,0.880184331797235,0.7422798322531453,-0.13790449954408968,0.7716206794872061,0.4897755199783009,-0.28184515950890526,0.8484848484848485,0.75,-0.09848484848484851,0.9655172413793104,0.8275862068965517,-0.13793103448275867,0.9032258064516129,0.7868852459016394,-0.11634056054997344,29,29,0.0,0.9473684210526315,0.75,-0.19736842105263153,0.782608695652174,0.6521739130434783,-0.13043478260869568,0.8571428571428571,0.6976744186046512,-0.15946843853820591,23,23,0.0,18,15,-3.0,28,24,-4.0,1,5,4.0,5,8,3.0,13,0.25,10,0.19230769230769232,3,0.057692307692307696,-7
P1,P1_psd_bandpower_from_derivatives,PSD_ABSOLUTE_CHANNEL_BAND,ds006036__EO_or_photomark,CN_vs_FTD,19,CN,FTD,52,5,0.8269230769230769,0.7307692307692307,-0.09615384615384615,0.8268365817091454,0.7181409295352323,-0.10869565217391308,0.8253079507278835,0.7204301075268817,-0.1048778432010018,0.6512368032325003,0.44998320186528457,-0.20125360136721576,0.8571428571428571,0.7272727272727273,-0.1298701298701298,0.8275862068965517,0.8275862068965517,0.0,0.8421052631578947,0.7741935483870968,-0.06791171477079794,29,29,0.0,0.7916666666666666,0.7368421052631579,-0.054824561403508776,0.8260869565217391,0.6086956521739131,-0.21739130434782605,0.8085106382978724,0.6666666666666666,-0.14184397163120577,23,23,0.0,19,14,-5.0,24,24,0.0,5,5,0.0,4,9,5.0,11,0.21153846153846154,8,0.15384615384615385,3,0.057692307692307696,-5
P1,P1_psd_bandpower_from_derivatives,PSD_ABSOLUTE_CHANNEL_BAND,ds006036__EO_or_photomark,CN_vs_FTD,20,CN,FTD,52,5,0.7884615384615384,0.8461538461538461,0.05769230769230771,0.7788605697151424,0.830584707646177,0.051724137931034586,0.7819290888295845,0.8375,0.05557091117041557,0.5693640419747747,0.7000308662389637,0.13066682426418896,0.78125,0.8,0.018750000000000044,0.8620689655172413,0.9655172413793104,0.10344827586206906,0.8196721311475409,0.8750000000000001,0.05532786885245922,29,29,0.0,0.8,0.9411764705882353,0.14117647058823524,0.6956521739130435,0.6956521739130435,0.0,0.7441860465116279,0.7999999999999999,0.05581395348837204,23,23,0.0,16,16,0.0,25,28,3.0,4,1,-3.0,7,7,0.0,9,0.17307692307692307,3,0.057692307692307696,6,0.11538461538461539,3
P1,P1_psd_bandpower_from_derivatives,PSD_REGION_ABSOLUTE,ds004504__EC,AD_FTD_vs_CN,1,CN,AD_FTD,88,5,0.7159090909090909,0.7045454545454546,-0.011363636363636354,0.788135593220339,0.7270601987142022,-0.06107539450613675,0.7149889882109082,0.6944444444444444,-0.020544543766463752,0.5563083412064929,0.4270271907069077,-0.12928115049958516,0.5370370370370371,0.5348837209302325,-0.0021533161068045814,1.0,0.7931034482758621,-0.2068965517241379,0.6987951807228916,0.6388888888888888,-0.059906291834002756,29,29,0.0,1.0,0.8666666666666667,-0.1333333333333333,0.576271186440678,0.6610169491525424,0.0847457627118644,0.7311827956989247,0.7500000000000001,0.018817204301075363,59,59,0.0,34,39,5.0,29,23,-6.0,0,6,6.0,25,20,-5.0,21,0.23863636363636365,11,0.125,10,0.11363636363636363,-1
P1,P1_psd_bandpower_from_derivatives,PSD_REGION_ABSOLUTE,ds004504__EC,AD_FTD_vs_CN,2,CN,AD_FTD,88,5,0.6931818181818182,0.7272727272727273,0.03409090909090906,0.7624196376388077,0.7703097603740503,0.007890122735242588,0.6921881072677807,0.7221052631578947,0.02991715589011401,0.5066581038574347,0.5094198582233066,0.0027617543658718935,0.5185185185185185,0.5531914893617021,0.03467297084318366,0.9655172413793104,0.896551724137931,-0.06896551724137934,0.6746987951807228,0.6842105263157894,0.009511731135066537,29,29,0.0,0.9705882352941176,0.926829268292683,-0.04375896700143467,0.559322033898305,0.6440677966101694,0.0847457627118644,0.7096774193548386,0.76,0.050322580645161374,59,59,0.0,33,38,5.0,28,26,-2.0,1,3,2.0,26,21,-5.0,21,0.23863636363636365,9,0.10227272727272728,12,0.13636363636363635,3
P1,P1_psd_bandpower_from_derivatives,PSD_REGION_ABSOLUTE,ds004504__EC,AD_FTD_vs_CN,3,CN,AD_FTD,88,5,0.6704545454545454,0.7045454545454546,0.03409090909090917,0.7191700759789597,0.7445938047925189,0.025423728813559254,0.6669711601200574,0.6989473684210527,0.031976208300995235,0.41596755564804605,0.46095613117071094,0.044988575522664886,0.5,0.5319148936170213,0.03191489361702127,0.8620689655172413,0.8620689655172413,0.0,0.6329113924050632,0.6578947368421053,0.024983344437042088,29,29,0.0,0.8947368421052632,0.9024390243902439,0.007702182284980763,0.576271186440678,0.6271186440677966,0.05084745762711862,0.7010309278350517,0.74,0.03896907216494827,59,59,0.0,34,37,3.0,25,25,0.0,4,4,0.0,25,22,-3.0,17,0.19318181818181818,7,0.07954545454545454,10,0.11363636363636363,3
P1,P1_psd_bandpower_from_derivatives,PSD_REGION_ABSOLUTE,ds004504__EC,AD_FTD_vs_CN,4,CN,AD_FTD,88,5,0.7159090909090909,0.6590909090909091,-0.05681818181818188,0.7706019871420222,0.7019286966686149,-0.06867329047340731,0.7129061725172909,0.6546310832025118,-0.058275089314779094,0.5135812753734542,0.38214017581204784,-0.13144109956140637,0.54,0.4897959183673469,-0.05020408163265311,0.9310344827586207,0.8275862068965517,-0.10344827586206895,0.6835443037974683,0.6153846153846154,-0.06815968841285291,29,29,0.0,0.9473684210526315,0.8717948717948718,-0.07557354925775972,0.6101694915254238,0.576271186440678,-0.03389830508474578,0.7422680412371134,0.6938775510204083,-0.04839049021670516,59,59,0.0,36,34,-2.0,27,24,-3.0,2,5,3.0,23,25,2.0,19,0.2159090909090909,12,0.13636363636363635,7,0.07954545454545454,-5
P1,P1_psd_bandpower_from_derivatives,PSD_REGION_ABSOLUTE,ds004504__EC,AD_FTD_vs_CN,5,CN,AD_FTD,88,5,0.7272727272727273,0.7272727272727273,0.0,0.7966101694915254,0.7878433664523671,-0.008766803039158333,0.7259989621172807,0.7250000000000001,-0.0009989621172805663,0.5697299895152002,0.5481826369473379,-0.02154735256786222,0.5471698113207547,0.5490196078431373,0.0018497965223825963,1.0,0.9655172413793104,-0.03448275862068961,0.7073170731707317,0.7000000000000002,-0.007317073170731492,29,29,0.0,1.0,0.972972972972973,-0.027027027027026973,0.5932203389830508,0.6101694915254238,0.016949152542372947,0.7446808510638298,0.7500000000000001,0.005319148936170359,59,59,0.0,35,36,1.0,29,28,-1.0,0,1,1.0,24,23,-1.0,14,0.1590909090909091,7,0.07954545454545454,7,0.07954545454545454,0
P1,P1_psd_bandpower_from_derivatives,PSD_REGION_ABSOLUTE,ds004504__EC,AD_FTD_vs_CN,6,CN,AD_FTD,88,5,0.7045454545454546,0.7045454545454546,0.0,0.7796610169491525,0.7533606078316775,-0.026300409117475,0.7039337474120082,0.7006802721088436,-0.0032534753031645547,0.5430610041581776,0.47947255054854626,-0.06358845360963133,0.5272727272727272,0.5306122448979592,0.0033395176252319914,1.0,0.896551724137931,-0.10344827586206895,0.6904761904761904,0.6666666666666666,-0.023809523809523725,29,29,0.0,1.0,0.9230769230769231,-0.07692307692307687,0.559322033898305,0.6101694915254238,0.05084745762711873,0.717391304347826,0.7346938775510206,0.017302573203194505,59,59,0.0,33,36,3.0,29,26,-3.0,0,3,3.0,26,23,-3.0,20,0.22727272727272727,10,0.11363636363636363,10,0.11363636363636363,0
P1,P1_psd_bandpower_from_derivatives,PSD_REGION_ABSOLUTE,ds004504__EC,AD_FTD_vs_CN,7,CN,AD_FTD,88,5,0.7045454545454546,0.6704545454545454,-0.03409090909090917,0.7796610169491525,0.727936879018118,-0.051724137931034475,0.7039337474120082,0.6683560753736192,-0.03557767203838902,0.5430610041581776,0.4358295529008617,-0.10723145125731587,0.5272727272727272,0.5,-0.027272727272727226,1.0,0.896551724137931,-0.10344827586206895,0.6904761904761904,0.6419753086419753,-0.04850088183421508,29,29,0.0,1.0,0.9166666666666666,-0.08333333333333337,0.559322033898305,0.559322033898305,0.0,0.717391304347826,0.6947368421052631,-0.022654462242562956,59,59,0.0,33,33,0.0,29,26,-3.0,0,3,3.0,26,26,0.0,17,0.19318181818181818,10,0.11363636363636363,7,0.07954545454545454,-3
P1,P1_psd_bandpower_from_derivatives,PSD_REGION_ABSOLUTE,ds004504__EC,AD_FTD_vs_CN,8,CN,AD_FTD,88,5,0.7045454545454546,0.7272727272727273,0.022727272727272707,0.7708942139099941,0.7790765634132086,0.008182349503214503,0.7031655422937209,0.7237048665620095,0.02053932426828864,0.5203346800793995,0.5281387379167956,0.007804057837396017,0.5283018867924528,0.5510204081632653,0.022718521370812428,0.9655172413793104,0.9310344827586207,-0.034482758620689724,0.6829268292682926,0.6923076923076924,0.009380863039399778,29,29,0.0,0.9714285714285714,0.9487179487179487,-0.02271062271062274,0.576271186440678,0.6271186440677966,0.05084745762711862,0.723404255319149,0.7551020408163266,0.03169778549717761,59,59,0.0,34,37,3.0,28,27,-1.0,1,2,1.0,25,22,-3.0,14,0.1590909090909091,6,0.06818181818181818,8,0.09090909090909091,2
P1,P1_psd_bandpower_from_derivatives,PSD_REGION_ABSOLUTE,ds004504__EC,AD_FTD_vs_CN,9,CN,AD_FTD,88,5,0.7272727272727273,0.7045454545454546,-0.022727272727272707,0.7790765634132086,0.7182933956750438,-0.060783167738164834,0.7237048665620095,0.6916442048517519,-0.032060661710257565,0.5281387379167956,0.4113909557760108,-0.11674778214078474,0.5510204081632653,0.5365853658536586,-0.014435042309606683,0.9310344827586207,0.7586206896551724,-0.1724137931034483,0.6923076923076924,0.6285714285714286,-0.06373626373626384,29,29,0.0,0.9487179487179487,0.851063829787234,-0.09765411893071463,0.6271186440677966,0.6779661016949152,0.05084745762711862,0.7551020408163266,0.7547169811320754,-0.00038505968425117665,59,59,0.0,37,40,3.0,27,22,-5.0,2,7,5.0,22,19,-3.0,18,0.20454545454545456,10,0.11363636363636363,8,0.09090909090909091,-2
P1,P1_psd_bandpower_from_derivatives,PSD_REGION_ABSOLUTE,ds004504__EC,AD_FTD_vs_CN,10,CN,AD_FTD,88,5,0.6818181818181818,0.7045454545454546,0.022727272727272818,0.7539450613676213,0.7533606078316775,-0.0005844535359438296,0.6811594202898552,0.7006802721088436,0.01952085181898844,0.4931243600976555,0.47947255054854626,-0.013651809549109217,0.509090909090909,0.5306122448979592,0.02152133580705018,0.9655172413793104,0.896551724137931,-0.06896551724137934,0.6666666666666667,0.6666666666666666,-1.1102230246251565e-16,29,29,0.0,0.9696969696969697,0.9230769230769231,-0.046620046620046596,0.5423728813559322,0.6101694915254238,0.06779661016949157,0.6956521739130436,0.7346938775510206,0.03904170363797699,59,59,0.0,32,36,4.0,28,26,-2.0,1,3,2.0,27,23,-4.0,14,0.1590909090909091,6,0.06818181818181818,8,0.09090909090909091,2
P1,P1_psd_bandpower_from_derivatives,PSD_REGION_ABSOLUTE,ds004504__EC,AD_FTD_vs_CN,11,CN,AD_FTD,88,5,0.7045454545454546,0.7272727272727273,0.022727272727272707,0.7708942139099941,0.7878433664523671,0.016949152542372947,0.7031655422937209,0.7250000000000001,0.02183445770627923,0.5203346800793995,0.5481826369473379,0.027847956867938395,0.5283018867924528,0.5490196078431373,0.02071772105068448,0.9655172413793104,0.9655172413793104,0.0,0.6829268292682926,0.7000000000000002,0.017073170731707554,29,29,0.0,0.9714285714285714,0.972972972972973,0.001544401544401608,0.576271186440678,0.6101694915254238,0.03389830508474578,0.723404255319149,0.7500000000000001,0.02659574468085113,59,59,0.0,34,36,2.0,28,28,0.0,1,1,0.0,25,23,-2.0,12,0.13636363636363635,5,0.056818181818181816,7,0.07954545454545454,2
P1,P1_psd_bandpower_from_derivatives,PSD_REGION_ABSOLUTE,ds004504__EC,AD_FTD_vs_CN,12,CN,AD_FTD,88,5,0.7045454545454546,0.6590909090909091,-0.045454545454545525,0.7796610169491525,0.7457627118644068,-0.03389830508474567,0.7039337474120082,0.6590909090909091,-0.04484283832109914,0.5430610041581776,0.4915254237288136,-0.051535580429364014,0.5272727272727272,0.4915254237288136,-0.035747303543913644,1.0,1.0,0.0,0.6904761904761904,0.6590909090909091,-0.031385281385281294,29,29,0.0,1.0,1.0,0.0,0.559322033898305,0.4915254237288136,-0.06779661016949146,0.717391304347826,0.6590909090909091,-0.05830039525691699,59,59,0.0,33,29,-4.0,29,29,0.0,0,0,0.0,26,30,4.0,14,0.1590909090909091,9,0.10227272727272728,5,0.056818181818181816,-4
P1,P1_psd_bandpower_from_derivatives,PSD_REGION_ABSOLUTE,ds004504__EC,AD_FTD_vs_CN,13,CN,AD_FTD,88,5,0.6818181818181818,0.6704545454545454,-0.011363636363636354,0.7188778492109877,0.7367036820572764,0.01782583284628869,0.6757894736842105,0.6693872263246534,-0.006402247359557078,0.4124924041181153,0.4570078665083765,0.04451546239026122,0.5106382978723404,0.5,-0.010638297872340385,0.8275862068965517,0.9310344827586207,0.10344827586206895,0.631578947368421,0.6506024096385543,0.019023462270133296,29,29,0.0,0.8780487804878049,0.9411764705882353,0.0631276901004304,0.6101694915254238,0.5423728813559322,-0.06779661016949157,0.7200000000000001,0.6881720430107526,-0.03182795698924745,59,59,0.0,36,32,-4.0,24,27,3.0,5,2,-3.0,23,27,4.0,25,0.2840909090909091,13,0.14772727272727273,12,0.13636363636363635,-1
P1,P1_psd_bandpower_from_derivatives,PSD_REGION_ABSOLUTE,ds004504__EC,AD_FTD_vs_CN,14,CN,AD_FTD,88,5,0.7386363636363636,0.7386363636363636,0.0,0.8050847457627119,0.7787843366452367,-0.02630040911747522,0.7369720597790773,0.7328052805280527,-0.004166779251024599,0.5833410938826918,0.5247105651535952,-0.05863052872909669,0.5576923076923077,0.5652173913043478,0.007525083612040073,1.0,0.896551724137931,-0.10344827586206895,0.7160493827160493,0.6933333333333332,-0.022716049382716097,29,29,0.0,1.0,0.9285714285714286,-0.0714285714285714,0.6101694915254238,0.6610169491525424,0.05084745762711862,0.7578947368421053,0.7722772277227723,0.01438249088066701,59,59,0.0,36,39,3.0,29,26,-3.0,0,3,3.0,23,20,-3.0,14,0.1590909090909091,7,0.07954545454545454,7,0.07954545454545454,0
P1,P1_psd_bandpower_from_derivatives,PSD_REGION_ABSOLUTE,ds004504__EC,AD_FTD_vs_CN,15,CN,AD_FTD,88,5,0.7045454545454546,0.7045454545454546,0.0,0.7708942139099941,0.7445938047925189,-0.02630040911747522,0.7031655422937209,0.6989473684210527,-0.004218173872668207,0.5203346800793995,0.46095613117071094,-0.0593785489086886,0.5283018867924528,0.5319148936170213,0.0036130068245684432,0.9655172413793104,0.8620689655172413,-0.10344827586206906,0.6829268292682926,0.6578947368421053,-0.025032092426187313,29,29,0.0,0.9714285714285714,0.9024390243902439,-0.06898954703832749,0.576271186440678,0.6271186440677966,0.05084745762711862,0.723404255319149,0.74,0.01659574468085101,59,59,0.0,34,37,3.0,28,25,-3.0,1,4,3.0,25,22,-3.0,14,0.1590909090909091,7,0.07954545454545454,7,0.07954545454545454,0
P1,P1_psd_bandpower_from_derivatives,PSD_REGION_ABSOLUTE,ds004504__EC,AD_FTD_vs_CN,16,CN,AD_FTD,88,5,0.7159090909090909,0.7045454545454546,-0.011363636363636354,0.7793687901811805,0.7621274108708358,-0.01724137931034475,0.714100064977258,0.7020833333333333,-0.012016731643924694,0.5341705802220819,0.49920794450940315,-0.034962635712678714,0.5384615384615384,0.5294117647058824,-0.009049773755656076,0.9655172413793104,0.9310344827586207,-0.034482758620689724,0.691358024691358,0.6749999999999999,-0.016358024691358053,29,29,0.0,0.9722222222222222,0.9459459459459459,-0.026276276276276267,0.5932203389830508,0.5932203389830508,0.0,0.736842105263158,0.7291666666666666,-0.007675438596491335,59,59,0.0,35,35,0.0,28,27,-1.0,1,2,1.0,24,24,0.0,17,0.19318181818181818,9,0.10227272727272728,8,0.09090909090909091,-1
P1,P1_psd_bandpower_from_derivatives,PSD_REGION_ABSOLUTE,ds004504__EC,AD_FTD_vs_CN,17,CN,AD_FTD,88,5,0.6931818181818182,0.7045454545454546,0.011363636363636354,0.7536528345996494,0.7621274108708358,0.008474576271186418,0.6912280701754385,0.7020833333333333,0.010855263157894757,0.48500006656147177,0.49920794450940315,0.01420787794793138,0.5192307692307693,0.5294117647058824,0.010180995475113086,0.9310344827586207,0.9310344827586207,0.0,0.6666666666666666,0.6749999999999999,0.008333333333333304,29,29,0.0,0.9444444444444444,0.9459459459459459,0.0015015015015015232,0.576271186440678,0.5932203389830508,0.016949152542372836,0.7157894736842105,0.7291666666666666,0.013377192982456099,59,59,0.0,34,35,1.0,27,27,0.0,2,2,0.0,25,24,-1.0,19,0.2159090909090909,9,0.10227272727272728,10,0.11363636363636363,1
P1,P1_psd_bandpower_from_derivatives,PSD_REGION_ABSOLUTE,ds004504__EC,AD_FTD_vs_CN,18,CN,AD_FTD,88,5,0.7272727272727273,0.7840909090909091,0.05681818181818177,0.7790765634132086,0.8126826417299824,0.03360607831677376,0.7237048665620095,0.775720992622401,0.05201612606039152,0.5281387379167956,0.588511849805395,0.060373111888599396,0.5510204081632653,0.6190476190476191,0.06802721088435382,0.9310344827586207,0.896551724137931,-0.03448275862068961,0.6923076923076924,0.732394366197183,0.04008667388949061,29,29,0.0,0.9487179487179487,0.9347826086956522,-0.01393534002229646,0.6271186440677966,0.7288135593220338,0.10169491525423724,0.7551020408163266,0.819047619047619,0.06394557823129243,59,59,0.0,37,43,6.0,27,26,-1.0,2,3,1.0,22,16,-6.0,13,0.14772727272727273,4,0.045454545454545456,9,0.10227272727272728,5
P1,P1_psd_bandpower_from_derivatives,PSD_REGION_ABSOLUTE,ds004504__EC,AD_FTD_vs_CN,19,CN,AD_FTD,88,5,0.6363636363636364,0.7272727272727273,0.09090909090909094,0.7200467562828755,0.7527761542957334,0.0327293980128579,0.6363636363636365,0.717948717948718,0.08158508158508149,0.440093512565751,0.4753906305810491,0.03529711801529806,0.4745762711864407,0.5581395348837209,0.08356326369728023,0.9655172413793104,0.8275862068965517,-0.13793103448275867,0.6363636363636365,0.6666666666666666,0.030303030303030165,29,29,0.0,0.9655172413793104,0.8888888888888888,-0.07662835249042155,0.4745762711864407,0.6779661016949152,0.20338983050847453,0.6363636363636365,0.7692307692307693,0.1328671328671328,59,59,0.0,28,40,12.0,28,24,-4.0,1,5,4.0,31,19,-12.0,24,0.2727272727272727,8,0.09090909090909091,16,0.18181818181818182,8
P1,P1_psd_bandpower_from_derivatives,PSD_REGION_ABSOLUTE,ds004504__EC,AD_FTD_vs_CN,20,CN,AD_FTD,88,5,0.7045454545454546,0.7272727272727273,0.022727272727272707,0.7533606078316775,0.7440093512565751,-0.009351256575102385,0.7006802721088436,0.7153638814016174,0.014683609292773792,0.47947255054854626,0.4598546828286065,-0.019617867719939786,0.5306122448979592,0.5609756097560976,0.030363364858138397,0.896551724137931,0.7931034482758621,-0.10344827586206895,0.6666666666666666,0.6571428571428573,-0.009523809523809379,29,29,0.0,0.9230769230769231,0.8723404255319149,-0.0507364975450082,0.6101694915254238,0.6949152542372882,0.0847457627118644,0.7346938775510206,0.7735849056603775,0.03889102810935696,59,59,0.0,36,41,5.0,26,23,-3.0,3,6,3.0,23,18,-5.0,20,0.22727272727272727,9,0.10227272727272728,11,0.125,2
P1,P1_psd_bandpower_from_derivatives,PSD_REGION_ABSOLUTE,ds004504__EC,AD_vs_CN,1,CN,AD,65,5,0.7538461538461538,0.7692307692307693,0.015384615384615441,0.7777777777777778,0.7782567049808429,0.00047892720306508263,0.7490347490347491,0.7692307692307692,0.02019602019602007,0.5983516452371671,0.5565134099616859,-0.04183823527548125,0.6444444444444445,0.6944444444444444,0.04999999999999993,1.0,0.8620689655172413,-0.13793103448275867,0.7837837837837839,0.7692307692307692,-0.01455301455301472,29,29,0.0,1.0,0.8620689655172413,-0.13793103448275867,0.5555555555555556,0.6944444444444444,0.13888888888888884,0.7142857142857143,0.7692307692307692,0.05494505494505486,36,36,0.0,20,25,5.0,29,25,-4.0,0,4,4.0,16,11,-5.0,15,0.23076923076923078,7,0.1076923076923077,8,0.12307692307692308,1
P1,P1_psd_bandpower_from_derivatives,PSD_REGION_ABSOLUTE,ds004504__EC,AD_vs_CN,2,CN,AD,65,5,0.7538461538461538,0.7692307692307693,0.015384615384615441,0.7777777777777778,0.774904214559387,-0.002873563218390829,0.7490347490347491,0.7690120824449183,0.019977333410169162,0.5983516452371671,0.5471940137859033,-0.05115763145126384,0.6444444444444445,0.7058823529411765,0.06143790849673203,1.0,0.8275862068965517,-0.1724137931034483,0.7837837837837839,0.7619047619047619,-0.02187902187902202,29,29,0.0,1.0,0.8387096774193549,-0.16129032258064513,0.5555555555555556,0.7222222222222222,0.16666666666666663,0.7142857142857143,0.7761194029850746,0.061833688699360345,36,36,0.0,20,26,6.0,29,24,-5.0,0,5,5.0,16,10,-6.0,15,0.23076923076923078,7,0.1076923076923077,8,0.12307692307692308,1
P1,P1_psd_bandpower_from_derivatives,PSD_REGION_ABSOLUTE,ds004504__EC,AD_vs_CN,3,CN,AD,65,5,0.7692307692307693,0.7538461538461538,-0.015384615384615441,0.7883141762452108,0.7610153256704981,-0.027298850574712707,0.767247553115302,0.7537878787878789,-0.013459674327423121,0.5994565069510172,0.5205369983473047,-0.07891950860371244,0.6666666666666666,0.6857142857142857,0.01904761904761909,0.9655172413793104,0.8275862068965517,-0.13793103448275867,0.7887323943661971,0.75,-0.03873239436619713,29,29,0.0,0.9565217391304348,0.8333333333333334,-0.12318840579710144,0.6111111111111112,0.6944444444444444,0.08333333333333326,0.7457627118644068,0.7575757575757577,0.011813045711350889,36,36,0.0,22,25,3.0,28,24,-4.0,1,5,4.0,14,11,-3.0,13,0.2,7,0.1076923076923077,6,0.09230769230769231,-1
P1,P1_psd_bandpower_from_derivatives,PSD_REGION_ABSOLUTE,ds004504__EC,AD_vs_CN,4,CN,AD,65,5,0.7538461538461538,0.7692307692307693,0.015384615384615441,0.7744252873563219,0.7782567049808429,0.003831417624520994,0.7509578544061304,0.7692307692307692,0.018272914824638775,0.5765789785535701,0.5565134099616859,-0.020065568591884242,0.6511627906976745,0.6944444444444444,0.043281653746769955,0.9655172413793104,0.8620689655172413,-0.10344827586206906,0.7777777777777779,0.7692307692307692,-0.008547008547008739,29,29,0.0,0.9545454545454546,0.8620689655172413,-0.09247648902821326,0.5833333333333334,0.6944444444444444,0.11111111111111105,0.7241379310344828,0.7692307692307692,0.0450928381962864,36,36,0.0,21,25,4.0,28,25,-3.0,1,4,3.0,15,11,-4.0,15,0.23076923076923078,7,0.1076923076923077,8,0.12307692307692308,1
P1,P1_psd_bandpower_from_derivatives,PSD_REGION_ABSOLUTE,ds004504__EC,AD_vs_CN,5,CN,AD,65,5,0.7846153846153846,0.7692307692307693,-0.01538461538461533,0.8055555555555556,0.7782567049808429,-0.027298850574712707,0.782088122605364,0.7692307692307692,-0.012857353374594815,0.641984970885127,0.5565134099616859,-0.0854715609234411,0.6744186046511628,0.6944444444444444,0.020025839793281652,1.0,0.8620689655172413,-0.13793103448275867,0.8055555555555556,0.7692307692307692,-0.03632478632478642,29,29,0.0,1.0,0.8620689655172413,-0.13793103448275867,0.6111111111111112,0.6944444444444444,0.08333333333333326,0.7586206896551725,0.7692307692307692,0.010610079575596676,36,36,0.0,22,25,3.0,29,25,-4.0,0,4,4.0,14,11,-3.0,19,0.2923076923076923,10,0.15384615384615385,9,0.13846153846153847,-1
P1,P1_psd_bandpower_from_derivatives,PSD_REGION_ABSOLUTE,ds004504__EC,AD_vs_CN,6,CN,AD,65,5,0.7384615384615385,0.7692307692307693,0.03076923076923077,0.7605363984674329,0.7816091954022988,0.021072796934865856,0.7344388368180725,0.7690120824449183,0.03457324562684572,0.5538761499987251,0.568137422110738,0.01426127211201289,0.6363636363636364,0.6842105263157895,0.04784688995215314,0.9655172413793104,0.896551724137931,-0.06896551724137934,0.7671232876712328,0.7761194029850746,0.008996115313841813,29,29,0.0,0.9523809523809523,0.8888888888888888,-0.06349206349206349,0.5555555555555556,0.6666666666666666,0.11111111111111105,0.7017543859649122,0.761904761904762,0.06015037593984973,36,36,0.0,20,24,4.0,28,26,-2.0,1,3,2.0,16,12,-4.0,16,0.24615384615384617,7,0.1076923076923077,9,0.13846153846153847,2
P1,P1_psd_bandpower_from_derivatives,PSD_REGION_ABSOLUTE,ds004504__EC,AD_vs_CN,7,CN,AD,65,5,0.7846153846153846,0.8153846153846154,0.03076923076923077,0.7988505747126436,0.8199233716475096,0.021072796934865967,0.7841555977229602,0.8149905123339658,0.030834914611005626,0.6064784348631227,0.6362008632281381,0.029722428365015374,0.6923076923076923,0.7575757575757576,0.06526806526806528,0.9310344827586207,0.8620689655172413,-0.06896551724137934,0.7941176470588235,0.8064516129032258,0.012333965844402273,29,29,0.0,0.9230769230769231,0.875,-0.04807692307692313,0.6666666666666666,0.7777777777777778,0.11111111111111116,0.7741935483870968,0.823529411764706,0.0493358633776092,36,36,0.0,24,28,4.0,27,25,-2.0,2,4,2.0,12,8,-4.0,12,0.18461538461538463,5,0.07692307692307693,7,0.1076923076923077,2
P1,P1_psd_bandpower_from_derivatives,PSD_REGION_ABSOLUTE,ds004504__EC,AD_vs_CN,8,CN,AD,65,5,0.8,0.8,0.0,0.8160919540229885,0.8093869731800767,-0.006704980842911823,0.799239724400095,0.7999999999999999,0.0007602755999048805,0.6459422414661738,0.6187739463601533,-0.02716829510602059,0.7,0.7222222222222222,0.022222222222222254,0.9655172413793104,0.896551724137931,-0.06896551724137934,0.8115942028985508,0.7999999999999999,-0.011594202898550843,29,29,0.0,0.96,0.896551724137931,-0.06344827586206891,0.6666666666666666,0.7222222222222222,0.05555555555555558,0.7868852459016393,0.7999999999999999,0.013114754098360604,36,36,0.0,24,26,2.0,28,26,-2.0,1,3,2.0,12,10,-2.0,10,0.15384615384615385,5,0.07692307692307693,5,0.07692307692307693,0
P1,P1_psd_bandpower_from_derivatives,PSD_REGION_ABSOLUTE,ds004504__EC,AD_vs_CN,9,CN,AD,65,5,0.8,0.7384615384615385,-0.06153846153846154,0.8160919540229885,0.7404214559386972,-0.07567049808429127,0.799239724400095,0.7374673319078167,-0.061772392492278394,0.6459422414661738,0.4781030439229421,-0.16783919754323173,0.7,0.6875,-0.012499999999999956,0.9655172413793104,0.7586206896551724,-0.206896551724138,0.8115942028985508,0.7213114754098361,-0.09028272748871469,29,29,0.0,0.96,0.7878787878787878,-0.17212121212121212,0.6666666666666666,0.7222222222222222,0.05555555555555558,0.7868852459016393,0.7536231884057971,-0.03326205749584221,36,36,0.0,24,26,2.0,28,22,-6.0,1,7,6.0,12,10,-2.0,12,0.18461538461538463,8,0.12307692307692308,4,0.06153846153846154,-4
P1,P1_psd_bandpower_from_derivatives,PSD_REGION_ABSOLUTE,ds004504__EC,AD_vs_CN,10,CN,AD,65,5,0.7846153846153846,0.7076923076923077,-0.07692307692307687,0.8055555555555556,0.7025862068965517,-0.10296934865900387,0.782088122605364,0.7031963470319633,-0.07889177557340066,0.641984970885127,0.40673377762782426,-0.2352511932573027,0.6744186046511628,0.6785714285714286,0.004152823920265836,1.0,0.6551724137931034,-0.3448275862068966,0.8055555555555556,0.6666666666666666,-0.13888888888888895,29,29,0.0,1.0,0.7297297297297297,-0.2702702702702703,0.6111111111111112,0.75,0.13888888888888884,0.7586206896551725,0.7397260273972601,-0.018894662257912365,36,36,0.0,22,27,5.0,29,19,-10.0,0,10,10.0,14,9,-5.0,17,0.26153846153846155,11,0.16923076923076924,6,0.09230769230769231,-5
P1,P1_psd_bandpower_from_derivatives,PSD_REGION_ABSOLUTE,ds004504__EC,AD_vs_CN,11,CN,AD,65,5,0.7230769230769231,0.7692307692307693,0.04615384615384621,0.7466475095785441,0.7782567049808429,0.031609195402298784,0.7176640926640926,0.7692307692307692,0.05156667656667657,0.5312949953398984,0.5565134099616859,0.02521841462178742,0.6222222222222222,0.6944444444444444,0.07222222222222219,0.9655172413793104,0.8620689655172413,-0.10344827586206906,0.7567567567567567,0.7692307692307692,0.012474012474012475,29,29,0.0,0.95,0.8620689655172413,-0.08793103448275863,0.5277777777777778,0.6944444444444444,0.16666666666666663,0.6785714285714285,0.7692307692307692,0.09065934065934067,36,36,0.0,19,25,6.0,28,25,-3.0,1,4,3.0,17,11,-6.0,9,0.13846153846153847,3,0.046153846153846156,6,0.09230769230769231,3
P1,P1_psd_bandpower_from_derivatives,PSD_REGION_ABSOLUTE,ds004504__EC,AD_vs_CN,12,CN,AD,65,5,0.7538461538461538,0.7076923076923077,-0.0461538461538461,0.7744252873563219,0.7059386973180077,-0.06848659003831414,0.7509578544061304,0.7051802339460491,-0.04577762046008127,0.5765789785535701,0.4106989161272312,-0.1658800624263389,0.6511627906976745,0.6666666666666666,0.015503875968992165,0.9655172413793104,0.6896551724137931,-0.27586206896551724,0.7777777777777779,0.6779661016949153,-0.09981167608286257,29,29,0.0,0.9545454545454546,0.7428571428571429,-0.2116883116883117,0.5833333333333334,0.7222222222222222,0.13888888888888884,0.7241379310344828,0.732394366197183,0.008256435162700249,36,36,0.0,21,26,5.0,28,20,-8.0,1,9,8.0,15,10,-5.0,17,0.26153846153846155,10,0.15384615384615385,7,0.1076923076923077,-3
P1,P1_psd_bandpower_from_derivatives,PSD_REGION_ABSOLUTE,ds004504__EC,AD_vs_CN,13,CN,AD,65,5,0.7384615384615385,0.7692307692307693,0.03076923076923077,0.7605363984674329,0.774904214559387,0.014367816091954033,0.7344388368180725,0.7690120824449183,0.03457324562684572,0.5538761499987251,0.5471940137859033,-0.006682136212821876,0.6363636363636364,0.7058823529411765,0.06951871657754016,0.9655172413793104,0.8275862068965517,-0.13793103448275867,0.7671232876712328,0.7619047619047619,-0.005218525766470972,29,29,0.0,0.9523809523809523,0.8387096774193549,-0.11367127496159746,0.5555555555555556,0.7222222222222222,0.16666666666666663,0.7017543859649122,0.7761194029850746,0.0743650170201624,36,36,0.0,20,26,6.0,28,24,-4.0,1,5,4.0,16,10,-6.0,18,0.27692307692307694,8,0.12307692307692308,10,0.15384615384615385,2
P1,P1_psd_bandpower_from_derivatives,PSD_REGION_ABSOLUTE,ds004504__EC,AD_vs_CN,14,CN,AD,65,5,0.8153846153846154,0.7230769230769231,-0.09230769230769231,0.8333333333333333,0.7298850574712643,-0.10344827586206895,0.8142857142857143,0.7230113636363635,-0.09127435064935074,0.6866911354074366,0.4584546040490023,-0.22823653135843436,0.7073170731707317,0.6571428571428571,-0.05017421602787453,1.0,0.7931034482758621,-0.2068965517241379,0.8285714285714285,0.71875,-0.10982142857142851,29,29,0.0,1.0,0.8,-0.19999999999999996,0.6666666666666666,0.6666666666666666,0.0,0.8,0.7272727272727272,-0.07272727272727286,36,36,0.0,24,24,0.0,29,23,-6.0,0,6,6.0,12,12,0.0,12,0.18461538461538463,9,0.13846153846153847,3,0.046153846153846156,-6
P1,P1_psd_bandpower_from_derivatives,PSD_REGION_ABSOLUTE,ds004504__EC,AD_vs_CN,15,CN,AD,65,5,0.7384615384615385,0.8307692307692308,0.09230769230769231,0.7504789272030651,0.8371647509578544,0.08668582375478928,0.738213693437574,0.8306088604596067,0.09239516702203265,0.5053331152447551,0.671122971611979,0.16578985636722388,0.6578947368421053,0.7647058823529411,0.10681114551083581,0.8620689655172413,0.896551724137931,0.034482758620689724,0.746268656716418,0.8253968253968255,0.0791281686804075,29,29,0.0,0.8518518518518519,0.9032258064516129,0.05137395459976102,0.6388888888888888,0.7777777777777778,0.13888888888888895,0.7301587301587301,0.835820895522388,0.10566216536365791,36,36,0.0,23,28,5.0,25,26,1.0,4,3,-1.0,13,8,-5.0,12,0.18461538461538463,3,0.046153846153846156,9,0.13846153846153847,6
P1,P1_psd_bandpower_from_derivatives,PSD_REGION_ABSOLUTE,ds004504__EC,AD_vs_CN,16,CN,AD,65,5,0.7846153846153846,0.676923076923077,-0.10769230769230764,0.8022030651340997,0.6781609195402298,-0.12404214559386983,0.7833333333333334,0.6756949394155382,-0.10763839391779528,0.6225604977616271,0.3542914986839332,-0.2682689990776939,0.6829268292682927,0.625,-0.057926829268292734,0.9655172413793104,0.6896551724137931,-0.27586206896551724,0.8000000000000002,0.6557377049180328,-0.1442622950819673,29,29,0.0,0.9583333333333334,0.7272727272727273,-0.23106060606060608,0.6388888888888888,0.6666666666666666,0.02777777777777779,0.7666666666666666,0.6956521739130435,-0.07101449275362315,36,36,0.0,23,24,1.0,28,20,-8.0,1,9,8.0,13,12,-1.0,13,0.2,10,0.15384615384615385,3,0.046153846153846156,-7
P1,P1_psd_bandpower_from_derivatives,PSD_REGION_ABSOLUTE,ds004504__EC,AD_vs_CN,17,CN,AD,65,5,0.7846153846153846,0.7846153846153846,0.0,0.8022030651340997,0.7954980842911877,-0.006704980842911934,0.7833333333333334,0.784564393939394,0.0012310606060605966,0.6225604977616271,0.5932736189039423,-0.029286878857684884,0.6829268292682927,0.7027027027027027,0.019775873434410007,0.9655172413793104,0.896551724137931,-0.06896551724137934,0.8000000000000002,0.787878787878788,-0.0121212121212122,29,29,0.0,0.9583333333333334,0.8928571428571429,-0.06547619047619047,0.6388888888888888,0.6944444444444444,0.05555555555555558,0.7666666666666666,0.78125,0.014583333333333393,36,36,0.0,23,25,2.0,28,26,-2.0,1,3,2.0,13,11,-2.0,10,0.15384615384615385,5,0.07692307692307693,5,0.07692307692307693,0
P1,P1_psd_bandpower_from_derivatives,PSD_REGION_ABSOLUTE,ds004504__EC,AD_vs_CN,18,CN,AD,65,5,0.7230769230769231,0.7230769230769231,0.0,0.7432950191570882,0.7298850574712643,-0.013409961685823868,0.7198275862068966,0.7230113636363635,0.0031837774294669607,0.5111729862220132,0.4584546040490023,-0.05271838217301095,0.627906976744186,0.6571428571428571,0.029235880398671088,0.9310344827586207,0.7931034482758621,-0.13793103448275856,0.7499999999999999,0.71875,-0.03124999999999989,29,29,0.0,0.9090909090909091,0.8,-0.10909090909090902,0.5555555555555556,0.6666666666666666,0.11111111111111105,0.6896551724137931,0.7272727272727272,0.03761755485893403,36,36,0.0,20,24,4.0,27,23,-4.0,2,6,4.0,16,12,-4.0,14,0.2153846153846154,7,0.1076923076923077,7,0.1076923076923077,0
P1,P1_psd_bandpower_from_derivatives,PSD_REGION_ABSOLUTE,ds004504__EC,AD_vs_CN,19,CN,AD,65,5,0.7692307692307693,0.676923076923077,-0.09230769230769231,0.7883141762452108,0.6848659003831418,-0.10344827586206906,0.767247553115302,0.676923076923077,-0.09032447619222506,0.5994565069510172,0.36973180076628354,-0.22972470618473362,0.6666666666666666,0.6111111111111112,-0.05555555555555547,0.9655172413793104,0.7586206896551724,-0.206896551724138,0.7887323943661971,0.676923076923077,-0.11180931744312017,29,29,0.0,0.9565217391304348,0.7586206896551724,-0.19790104947526244,0.6111111111111112,0.6111111111111112,0.0,0.7457627118644068,0.676923076923077,-0.06883963494132983,36,36,0.0,22,22,0.0,28,22,-6.0,1,7,6.0,14,14,0.0,18,0.27692307692307694,12,0.18461538461538463,6,0.09230769230769231,-6
P1,P1_psd_bandpower_from_derivatives,PSD_REGION_ABSOLUTE,ds004504__EC,AD_vs_CN,20,CN,AD,65,5,0.8,0.7846153846153846,-0.015384615384615441,0.8194444444444444,0.7887931034482758,-0.03065134099616862,0.7982812126999284,0.7841555977229602,-0.014125614976968182,0.6641818773028711,0.5742950906086337,-0.08988678669423744,0.6904761904761905,0.7272727272727273,0.03679653679653683,1.0,0.8275862068965517,-0.1724137931034483,0.8169014084507042,0.7741935483870968,-0.042707860063607495,29,29,0.0,1.0,0.84375,-0.15625,0.6388888888888888,0.75,0.11111111111111116,0.7796610169491525,0.7941176470588235,0.01445663010967102,36,36,0.0,23,27,4.0,29,24,-5.0,0,5,5.0,13,9,-4.0,13,0.2,7,0.1076923076923077,6,0.09230769230769231,-1
P1,P1_psd_bandpower_from_derivatives,PSD_REGION_ABSOLUTE,ds004504__EC,AD_vs_FTD,1,FTD,AD,59,5,0.423728813559322,0.5254237288135594,0.10169491525423735,0.3864734299516908,0.4776570048309179,0.09118357487922707,0.3839066339066338,0.4705128205128205,0.08660618660618669,-0.23128168099227364,-0.048121310910472975,0.18316037008180067,0.23809523809523808,0.35294117647058826,0.11484593837535018,0.21739130434782608,0.2608695652173913,0.043478260869565216,0.22727272727272724,0.3,0.07272727272727275,23,23,0.0,0.5263157894736842,0.5952380952380952,0.06892230576441105,0.5555555555555556,0.6944444444444444,0.13888888888888884,0.5405405405405405,0.6410256410256411,0.10048510048510062,36,36,0.0,20,25,5.0,5,6,1.0,18,17,-1.0,16,11,-5.0,20,0.3389830508474576,7,0.11864406779661017,13,0.22033898305084745,6
P1,P1_psd_bandpower_from_derivatives,PSD_REGION_ABSOLUTE,ds004504__EC,AD_vs_FTD,2,FTD,AD,59,5,0.4915254237288136,0.4915254237288136,0.0,0.4498792270531401,0.46557971014492755,0.015700483091787454,0.44548872180451127,0.46557971014492755,0.020090988340416283,-0.10462997651610892,-0.06884057971014493,0.03578939680596399,0.3157894736842105,0.34782608695652173,0.03203661327231122,0.2608695652173913,0.34782608695652173,0.08695652173913043,0.28571428571428575,0.34782608695652173,0.062111801242235976,23,23,0.0,0.575,0.5833333333333334,0.008333333333333415,0.6388888888888888,0.5833333333333334,-0.05555555555555547,0.6052631578947367,0.5833333333333334,-0.021929824561403355,36,36,0.0,23,21,-2.0,6,8,2.0,17,15,-2.0,13,15,2.0,24,0.4067796610169492,12,0.2033898305084746,12,0.2033898305084746,0
P1,P1_psd_bandpower_from_derivatives,PSD_REGION_ABSOLUTE,ds004504__EC,AD_vs_FTD,3,FTD,AD,59,5,0.4745762711864407,0.559322033898305,0.08474576271186435,0.42814009661835745,0.5211352657004831,0.09299516908212563,0.42065251821349386,0.5194235588972431,0.09877104068374926,-0.1522311794110055,0.04412107443450376,0.19635225384550925,0.2777777777777778,0.42105263157894735,0.14327485380116955,0.21739130434782608,0.34782608695652173,0.13043478260869565,0.24390243902439024,0.380952380952381,0.13704994192799075,23,23,0.0,0.5609756097560976,0.625,0.06402439024390238,0.6388888888888888,0.6944444444444444,0.05555555555555558,0.5974025974025975,0.6578947368421053,0.06049213943950782,36,36,0.0,23,25,2.0,5,8,3.0,18,15,-3.0,13,11,-2.0,27,0.4576271186440678,11,0.1864406779661017,16,0.2711864406779661,5
P1,P1_psd_bandpower_from_derivatives,PSD_REGION_ABSOLUTE,ds004504__EC,AD_vs_FTD,4,FTD,AD,59,5,0.5084745762711864,0.559322033898305,0.05084745762711862,0.46376811594202894,0.5132850241545894,0.049516908212560495,0.45802977510294585,0.5083333333333333,0.05030355823038746,-0.07675521650975066,0.02861267135217312,0.10536788786192378,0.3333333333333333,0.4117647058823529,0.0784313725490196,0.2608695652173913,0.30434782608695654,0.043478260869565244,0.2926829268292683,0.35,0.0573170731707317,23,23,0.0,0.5853658536585366,0.6190476190476191,0.03368176538908252,0.6666666666666666,0.7222222222222222,0.05555555555555558,0.6233766233766234,0.6666666666666666,0.04329004329004327,36,36,0.0,24,26,2.0,6,7,1.0,17,16,-1.0,12,10,-2.0,19,0.3220338983050847,8,0.13559322033898305,11,0.1864406779661017,3
P1,P1_psd_bandpower_from_derivatives,PSD_REGION_ABSOLUTE,ds004504__EC,AD_vs_FTD,5,FTD,AD,59,5,0.4915254237288136,0.6779661016949152,0.18644067796610164,0.4184782608695652,0.6340579710144928,0.2155797101449276,0.38025210084033617,0.6361570918532944,0.2559049910129582,-0.20417456493017655,0.29413288784636316,0.4983074527765397,0.18181818181818182,0.625,0.4431818181818182,0.08695652173913043,0.43478260869565216,0.34782608695652173,0.1176470588235294,0.5128205128205128,0.3951734539969834,23,23,0.0,0.5625,0.6976744186046512,0.13517441860465118,0.75,0.8333333333333334,0.08333333333333337,0.6428571428571429,0.759493670886076,0.1166365280289331,36,36,0.0,27,30,3.0,2,10,8.0,21,13,-8.0,9,6,-3.0,21,0.3559322033898305,5,0.0847457627118644,16,0.2711864406779661,11
P1,P1_psd_bandpower_from_derivatives,PSD_REGION_ABSOLUTE,ds004504__EC,AD_vs_FTD,6,FTD,AD,59,5,0.4576271186440678,0.5423728813559322,0.0847457627118644,0.4142512077294686,0.4993961352657005,0.08514492753623187,0.4085213032581454,0.4954070319923979,0.08688572873425249,-0.17900550199141527,-0.0012792536084958444,0.17772624838291942,0.2631578947368421,0.3888888888888889,0.1257309941520468,0.21739130434782608,0.30434782608695654,0.08695652173913046,0.23809523809523808,0.34146341463414637,0.10336817653890829,23,23,0.0,0.55,0.6097560975609756,0.05975609756097555,0.6111111111111112,0.6944444444444444,0.08333333333333326,0.5789473684210527,0.6493506493506495,0.0704032809295968,36,36,0.0,22,25,3.0,5,7,2.0,18,16,-2.0,14,11,-3.0,21,0.3559322033898305,8,0.13559322033898305,13,0.22033898305084745,5
P1,P1_psd_bandpower_from_derivatives,PSD_REGION_ABSOLUTE,ds004504__EC,AD_vs_FTD,7,FTD,AD,59,5,0.4915254237288136,0.5084745762711864,0.016949152542372836,0.44202898550724634,0.46376811594202894,0.021739130434782594,0.43269230769230765,0.45802977510294585,0.025337467410638193,-0.12485529317311907,-0.07675521650975066,0.04810007666336841,0.29411764705882354,0.3333333333333333,0.039215686274509776,0.21739130434782608,0.2608695652173913,0.043478260869565216,0.25,0.2926829268292683,0.042682926829268275,23,23,0.0,0.5714285714285714,0.5853658536585366,0.013937282229965153,0.6666666666666666,0.6666666666666666,0.0,0.6153846153846153,0.6233766233766234,0.007992007992008054,36,36,0.0,24,24,0.0,5,6,1.0,18,17,-1.0,12,12,0.0,25,0.423728813559322,12,0.2033898305084746,13,0.22033898305084745,1
P1,P1_psd_bandpower_from_derivatives,PSD_REGION_ABSOLUTE,ds004504__EC,AD_vs_FTD,8,FTD,AD,59,5,0.4576271186440678,0.4915254237288136,0.03389830508474578,0.42995169082125606,0.4498792270531401,0.019927536231884035,0.42995169082125606,0.44548872180451127,0.015537030983255207,-0.14009661835748793,-0.10462997651610892,0.035466641841379015,0.30434782608695654,0.3157894736842105,0.011441647597253968,0.30434782608695654,0.2608695652173913,-0.043478260869565244,0.30434782608695654,0.28571428571428575,-0.018633540372670787,23,23,0.0,0.5555555555555556,0.575,0.019444444444444375,0.5555555555555556,0.6388888888888888,0.08333333333333326,0.5555555555555556,0.6052631578947367,0.049707602339181145,36,36,0.0,20,23,3.0,7,6,-1.0,16,17,1.0,16,13,-3.0,22,0.3728813559322034,10,0.1694915254237288,12,0.2033898305084746,2
P1,P1_psd_bandpower_from_derivatives,PSD_REGION_ABSOLUTE,ds004504__EC,AD_vs_FTD,9,FTD,AD,59,5,0.423728813559322,0.6101694915254238,0.18644067796610175,0.3943236714975845,0.5706521739130435,0.17632850241545894,0.3943236714975845,0.5701615457713018,0.17583787427371733,-0.2113526570048309,0.1496726721940138,0.3610253291988447,0.2608695652173913,0.5,0.2391304347826087,0.2608695652173913,0.391304347826087,0.13043478260869568,0.2608695652173913,0.4390243902439025,0.1781548250265112,23,23,0.0,0.5277777777777778,0.6585365853658537,0.1307588075880759,0.5277777777777778,0.75,0.2222222222222222,0.5277777777777778,0.7012987012987012,0.1735209235209234,36,36,0.0,19,27,8.0,6,9,3.0,17,14,-3.0,17,9,-8.0,23,0.3898305084745763,6,0.1016949152542373,17,0.288135593220339,11
P1,P1_psd_bandpower_from_derivatives,PSD_REGION_ABSOLUTE,ds004504__EC,AD_vs_FTD,10,FTD,AD,59,5,0.4915254237288136,0.576271186440678,0.0847457627118644,0.44202898550724634,0.5350241545893719,0.09299516908212557,0.43269230769230765,0.5327842888818499,0.10009198118954227,-0.12485529317311907,0.07419670929275898,0.19905200246587806,0.29411764705882354,0.4444444444444444,0.15032679738562088,0.21739130434782608,0.34782608695652173,0.13043478260869565,0.25,0.3902439024390244,0.1402439024390244,23,23,0.0,0.5714285714285714,0.6341463414634146,0.06271777003484325,0.6666666666666666,0.7222222222222222,0.05555555555555558,0.6153846153846153,0.6753246753246753,0.05994005994006002,36,36,0.0,24,26,2.0,5,8,3.0,18,15,-3.0,12,10,-2.0,25,0.423728813559322,10,0.1694915254237288,15,0.2542372881355932,5
P1,P1_psd_bandpower_from_derivatives,PSD_REGION_ABSOLUTE,ds004504__EC,AD_vs_FTD,11,FTD,AD,59,5,0.5423728813559322,0.5254237288135594,-0.016949152542372836,0.46799516908212563,0.4855072463768116,0.017512077294685957,0.43208556149732624,0.48245614035087714,0.050370578853550896,-0.08320753592851597,-0.03025445104080258,0.052953084887713386,0.3,0.3684210526315789,0.06842105263157894,0.13043478260869565,0.30434782608695654,0.1739130434782609,0.18181818181818182,0.3333333333333333,0.1515151515151515,23,23,0.0,0.5918367346938775,0.6,0.008163265306122436,0.8055555555555556,0.6666666666666666,-0.13888888888888895,0.6823529411764706,0.631578947368421,-0.05077399380804959,36,36,0.0,29,24,-5.0,3,7,4.0,20,16,-4.0,7,12,5.0,21,0.3559322033898305,11,0.1864406779661017,10,0.1694915254237288,-1
P1,P1_psd_bandpower_from_derivatives,PSD_REGION_ABSOLUTE,ds004504__EC,AD_vs_FTD,12,FTD,AD,59,5,0.4915254237288136,0.5084745762711864,0.016949152542372836,0.44202898550724634,0.46376811594202894,0.021739130434782594,0.43269230769230765,0.45802977510294585,0.025337467410638193,-0.12485529317311907,-0.07675521650975066,0.04810007666336841,0.29411764705882354,0.3333333333333333,0.039215686274509776,0.21739130434782608,0.2608695652173913,0.043478260869565216,0.25,0.2926829268292683,0.042682926829268275,23,23,0.0,0.5714285714285714,0.5853658536585366,0.013937282229965153,0.6666666666666666,0.6666666666666666,0.0,0.6153846153846153,0.6233766233766234,0.007992007992008054,36,36,0.0,24,24,0.0,5,6,1.0,18,17,-1.0,12,12,0.0,21,0.3559322033898305,10,0.1694915254237288,11,0.1864406779661017,1
P1,P1_psd_bandpower_from_derivatives,PSD_REGION_ABSOLUTE,ds004504__EC,AD_vs_FTD,13,FTD,AD,59,5,0.5423728813559322,0.5423728813559322,0.0,0.5229468599033816,0.4915458937198067,-0.03140096618357491,0.522625112376386,0.48296007789678674,-0.03966503447959924,0.04556472832629221,-0.018548920855176055,-0.06411364918146827,0.4166666666666667,0.375,-0.041666666666666685,0.43478260869565216,0.2608695652173913,-0.17391304347826086,0.425531914893617,0.30769230769230765,-0.11783960720130937,23,23,0.0,0.6285714285714286,0.6046511627906976,-0.02392026578073092,0.6111111111111112,0.7222222222222222,0.11111111111111105,0.619718309859155,0.6582278481012659,0.0385095382421109,36,36,0.0,22,26,4.0,10,6,-4.0,13,17,4.0,14,10,-4.0,30,0.5084745762711864,15,0.2542372881355932,15,0.2542372881355932,0
P1,P1_psd_bandpower_from_derivatives,PSD_REGION_ABSOLUTE,ds004504__EC,AD_vs_FTD,14,FTD,AD,59,5,0.5423728813559322,0.576271186440678,0.03389830508474578,0.4758454106280193,0.5036231884057971,0.02777777777777779,0.45163511187607575,0.4741532976827095,0.022518185806633728,-0.05853360478940836,0.009419721048511243,0.0679533258379196,0.3333333333333333,0.4,0.06666666666666671,0.17391304347826086,0.17391304347826086,0.0,0.22857142857142854,0.24242424242424243,0.013852813852813894,23,23,0.0,0.5957446808510638,0.6122448979591837,0.016500217108119886,0.7777777777777778,0.8333333333333334,0.05555555555555558,0.674698795180723,0.7058823529411765,0.031183557760453562,36,36,0.0,28,30,2.0,4,4,0.0,19,19,0.0,8,6,-2.0,18,0.3050847457627119,8,0.13559322033898305,10,0.1694915254237288,2
P1,P1_psd_bandpower_from_derivatives,PSD_REGION_ABSOLUTE,ds004504__EC,AD_vs_FTD,15,FTD,AD,59,5,0.5084745762711864,0.5423728813559322,0.03389830508474578,0.44806763285024154,0.5072463768115942,0.0591787439613527,0.42909576242909575,0.5060465116279069,0.07695074919881117,-0.11907292116670419,0.014932027335788824,0.134004948502493,0.2857142857142857,0.4,0.11428571428571432,0.17391304347826086,0.34782608695652173,0.17391304347826086,0.2162162162162162,0.37209302325581395,0.15587680703959775,23,23,0.0,0.5777777777777777,0.6153846153846154,0.037606837606837695,0.7222222222222222,0.6666666666666666,-0.05555555555555558,0.6419753086419753,0.64,-0.0019753086419752597,36,36,0.0,26,24,-2.0,4,8,4.0,19,15,-4.0,10,12,2.0,20,0.3389830508474576,9,0.15254237288135594,11,0.1864406779661017,2
P1,P1_psd_bandpower_from_derivatives,PSD_REGION_ABSOLUTE,ds004504__EC,AD_vs_FTD,16,FTD,AD,59,5,0.4915254237288136,0.5423728813559322,0.05084745762711862,0.44202898550724634,0.5307971014492754,0.08876811594202905,0.43269230769230765,0.5288376220053239,0.09614531431301626,-0.12485529317311907,0.0605078001466355,0.18536309331975456,0.29411764705882354,0.4230769230769231,0.12895927601809953,0.21739130434782608,0.4782608695652174,0.26086956521739135,0.25,0.44897959183673475,0.19897959183673475,23,23,0.0,0.5714285714285714,0.6363636363636364,0.06493506493506496,0.6666666666666666,0.5833333333333334,-0.08333333333333326,0.6153846153846153,0.6086956521739131,-0.006688963210702226,36,36,0.0,24,21,-3.0,5,11,6.0,18,12,-6.0,12,15,3.0,25,0.423728813559322,11,0.1864406779661017,14,0.23728813559322035,3
P1,P1_psd_bandpower_from_derivatives,PSD_REGION_ABSOLUTE,ds004504__EC,AD_vs_FTD,17,FTD,AD,59,5,0.576271186440678,0.5932203389830508,0.016949152542372836,0.5114734299516909,0.5332125603864735,0.021739130434782594,0.49225473321858865,0.5203252032520326,0.02807047003344393,0.027803462274968972,0.07816222777246465,0.050358765497495676,0.4166666666666667,0.46153846153846156,0.04487179487179488,0.21739130434782608,0.2608695652173913,0.043478260869565216,0.2857142857142857,0.33333333333333337,0.04761904761904767,23,23,0.0,0.6170212765957447,0.6304347826086957,0.013413506012950993,0.8055555555555556,0.8055555555555556,0.0,0.6987951807228916,0.7073170731707318,0.008521892447840185,36,36,0.0,29,29,0.0,5,6,1.0,18,17,-1.0,7,7,0.0,21,0.3559322033898305,10,0.1694915254237288,11,0.1864406779661017,1
P1,P1_psd_bandpower_from_derivatives,PSD_REGION_ABSOLUTE,ds004504__EC,AD_vs_FTD,18,FTD,AD,59,5,0.559322033898305,0.5932203389830508,0.03389830508474578,0.4975845410628019,0.5567632850241546,0.0591787439613527,0.48035230352303526,0.556390977443609,0.07603867392057373,-0.005684525656179247,0.11849659990981011,0.12418112556598936,0.38461538461538464,0.47368421052631576,0.08906882591093113,0.21739130434782608,0.391304347826087,0.1739130434782609,0.27777777777777773,0.42857142857142855,0.1507936507936508,23,23,0.0,0.6086956521739131,0.65,0.04130434782608694,0.7777777777777778,0.7222222222222222,-0.05555555555555558,0.6829268292682927,0.6842105263157895,0.0012836970474967568,36,36,0.0,28,26,-2.0,5,9,4.0,18,14,-4.0,8,10,2.0,28,0.4745762711864407,13,0.22033898305084745,15,0.2542372881355932,2
P1,P1_psd_bandpower_from_derivatives,PSD_REGION_ABSOLUTE,ds004504__EC,AD_vs_FTD,19,FTD,AD,59,5,0.4576271186440678,0.4576271186440678,0.0,0.4221014492753623,0.4221014492753623,0.0,0.4201474201474202,0.4201474201474202,0.0,-0.15869860025533672,-0.15869860025533672,0.0,0.2857142857142857,0.2857142857142857,0.0,0.2608695652173913,0.2608695652173913,0.0,0.2727272727272727,0.2727272727272727,0.0,23,23,0.0,0.5526315789473685,0.5526315789473685,0.0,0.5833333333333334,0.5833333333333334,0.0,0.5675675675675677,0.5675675675675677,0.0,36,36,0.0,21,21,0.0,6,6,0.0,17,17,0.0,15,15,0.0,26,0.4406779661016949,13,0.22033898305084745,13,0.22033898305084745,0
P1,P1_psd_bandpower_from_derivatives,PSD_REGION_ABSOLUTE,ds004504__EC,AD_vs_FTD,20,FTD,AD,59,5,0.5084745762711864,0.4406779661016949,-0.06779661016949151,0.44021739130434784,0.40821256038647347,-0.03200483091787437,0.4110154905335628,0.4073059360730593,-0.0037095544605034725,-0.1448706718537857,-0.18514680290829955,-0.04027613105451386,0.25,0.2727272727272727,0.022727272727272707,0.13043478260869565,0.2608695652173913,0.13043478260869565,0.1714285714285714,0.2666666666666666,0.0952380952380952,23,23,0.0,0.574468085106383,0.5405405405405406,-0.03392754456584246,0.75,0.5555555555555556,-0.19444444444444442,0.6506024096385542,0.547945205479452,-0.10265720415910218,36,36,0.0,27,20,-7.0,3,6,3.0,20,17,-3.0,9,16,7.0,24,0.4067796610169492,14,0.23728813559322035,10,0.1694915254237288,-4
P1,P1_psd_bandpower_from_derivatives,PSD_REGION_ABSOLUTE,ds004504__EC,CN_vs_FTD,1,CN,FTD,52,5,0.7692307692307693,0.75,-0.019230769230769273,0.7481259370314842,0.7353823088455772,-0.012743628185907019,0.7511961722488039,0.7382888114595432,-0.012907360789260691,0.5440246588125511,0.4914632180517166,-0.05256144076083452,0.7297297297297297,0.7352941176470589,0.005564387917329161,0.9310344827586207,0.8620689655172413,-0.06896551724137934,0.8181818181818181,0.7936507936507937,-0.024531024531024404,29,29,0.0,0.8666666666666667,0.7777777777777778,-0.0888888888888889,0.5652173913043478,0.6086956521739131,0.0434782608695653,0.6842105263157895,0.6829268292682927,-0.0012836970474967568,23,23,0.0,13,14,1.0,27,25,-2.0,2,4,2.0,10,9,-1.0,13,0.25,7,0.1346153846153846,6,0.11538461538461539,-1
P1,P1_psd_bandpower_from_derivatives,PSD_REGION_ABSOLUTE,ds004504__EC,CN_vs_FTD,2,CN,FTD,52,5,0.7115384615384616,0.7692307692307693,0.05769230769230771,0.7008995502248876,0.7616191904047975,0.06071964017990994,0.7026305756767061,0.7636363636363636,0.0610057879596575,0.41018699798182695,0.5296293154951603,0.1194423175133334,0.71875,0.7741935483870968,0.05544354838709675,0.7931034482758621,0.8275862068965517,0.03448275862068961,0.7540983606557378,0.7999999999999999,0.04590163934426217,29,29,0.0,0.7,0.7619047619047619,0.06190476190476191,0.6086956521739131,0.6956521739130435,0.08695652173913038,0.6511627906976744,0.7272727272727272,0.07610993657505283,23,23,0.0,14,16,2.0,23,24,1.0,6,5,-1.0,9,7,-2.0,15,0.28846153846153844,6,0.11538461538461539,9,0.17307692307692307,3
P1,P1_psd_bandpower_from_derivatives,PSD_REGION_ABSOLUTE,ds004504__EC,CN_vs_FTD,3,CN,FTD,52,5,0.6923076923076923,0.7115384615384616,0.019230769230769273,0.6746626686656672,0.6829085457271364,0.008245877061469287,0.675,0.6770186335403726,0.002018633540372572,0.36985757785414636,0.43122734316049044,0.06136976530634408,0.6857142857142857,0.675,-0.010714285714285676,0.8275862068965517,0.9310344827586207,0.10344827586206895,0.75,0.7826086956521738,0.032608695652173836,29,29,0.0,0.7058823529411765,0.8333333333333334,0.12745098039215685,0.5217391304347826,0.43478260869565216,-0.08695652173913043,0.6,0.5714285714285714,-0.02857142857142858,23,23,0.0,12,10,-2.0,24,27,3.0,5,2,-3.0,11,13,2.0,17,0.3269230769230769,8,0.15384615384615385,9,0.17307692307692307,1
P1,P1_psd_bandpower_from_derivatives,PSD_REGION_ABSOLUTE,ds004504__EC,CN_vs_FTD,4,CN,FTD,52,5,0.75,0.7115384615384616,-0.038461538461538436,0.7443778110944528,0.7008995502248876,-0.04347826086956519,0.7453860640301319,0.7026305756767061,-0.0427554883534258,0.4913406718443522,0.41018699798182695,-0.08115367386252526,0.7666666666666667,0.71875,-0.04791666666666672,0.7931034482758621,0.7931034482758621,0.0,0.7796610169491527,0.7540983606557378,-0.02556265629341492,29,29,0.0,0.7272727272727273,0.7,-0.027272727272727337,0.6956521739130435,0.6086956521739131,-0.08695652173913038,0.711111111111111,0.6511627906976744,-0.05994832041343667,23,23,0.0,16,14,-2.0,23,23,0.0,6,6,0.0,7,9,2.0,10,0.19230769230769232,6,0.11538461538461539,4,0.07692307692307693,-2
P1,P1_psd_bandpower_from_derivatives,PSD_REGION_ABSOLUTE,ds004504__EC,CN_vs_FTD,5,CN,FTD,52,5,0.75,0.75,0.0,0.7353823088455772,0.739880059970015,0.004497751124437843,0.7382888114595432,0.7422798322531453,0.00399102079360214,0.4914632180517166,0.4897755199783009,-0.0016876980734157332,0.7352941176470589,0.75,0.014705882352941124,0.8620689655172413,0.8275862068965517,-0.03448275862068961,0.7936507936507937,0.7868852459016394,-0.006765547749154277,29,29,0.0,0.7777777777777778,0.75,-0.02777777777777779,0.6086956521739131,0.6521739130434783,0.04347826086956519,0.6829268292682927,0.6976744186046512,0.014747589336358446,23,23,0.0,14,15,1.0,25,24,-1.0,4,5,1.0,9,8,-1.0,12,0.23076923076923078,6,0.11538461538461539,6,0.11538461538461539,0
P1,P1_psd_bandpower_from_derivatives,PSD_REGION_ABSOLUTE,ds004504__EC,CN_vs_FTD,6,CN,FTD,52,5,0.7307692307692307,0.7307692307692307,0.0,0.7181409295352323,0.7136431784107946,-0.004497751124437732,0.7204301075268817,0.7156250000000001,-0.00480510752688168,0.44998320186528457,0.4524008999503507,0.0024176980850661445,0.7272727272727273,0.7142857142857143,-0.012987012987012991,0.8275862068965517,0.8620689655172413,0.03448275862068961,0.7741935483870968,0.7812500000000001,0.007056451612903358,29,29,0.0,0.7368421052631579,0.7647058823529411,0.02786377708978327,0.6086956521739131,0.5652173913043478,-0.0434782608695653,0.6666666666666666,0.65,-0.016666666666666607,23,23,0.0,14,13,-1.0,24,25,1.0,5,4,-1.0,9,10,1.0,10,0.19230769230769232,5,0.09615384615384616,5,0.09615384615384616,0
P1,P1_psd_bandpower_from_derivatives,PSD_REGION_ABSOLUTE,ds004504__EC,CN_vs_FTD,7,CN,FTD,52,5,0.75,0.75,0.0,0.7353823088455772,0.7308845577211394,-0.004497751124437843,0.7382888114595432,0.7333333333333334,-0.004955478126209778,0.4914632180517166,0.49690865112501836,0.005445433073301753,0.7352941176470589,0.7222222222222222,-0.013071895424836666,0.8620689655172413,0.896551724137931,0.034482758620689724,0.7936507936507937,0.7999999999999999,0.006349206349206216,29,29,0.0,0.7777777777777778,0.8125,0.03472222222222221,0.6086956521739131,0.5652173913043478,-0.0434782608695653,0.6829268292682927,0.6666666666666667,-0.016260162601625994,23,23,0.0,14,13,-1.0,25,26,1.0,4,3,-1.0,9,10,1.0,16,0.3076923076923077,8,0.15384615384615385,8,0.15384615384615385,0
P1,P1_psd_bandpower_from_derivatives,PSD_REGION_ABSOLUTE,ds004504__EC,CN_vs_FTD,8,CN,FTD,52,5,0.7884615384615384,0.6923076923076923,-0.09615384615384615,0.7788605697151424,0.6656671664167916,-0.11319340329835081,0.7819290888295845,0.6601307189542482,-0.12179836987533621,0.5693640419747747,0.38003655890841154,-0.1893274830663632,0.78125,0.6666666666666666,-0.11458333333333337,0.8620689655172413,0.896551724137931,0.034482758620689724,0.8196721311475409,0.7647058823529411,-0.05496624879459977,29,29,0.0,0.8,0.7692307692307693,-0.03076923076923077,0.6956521739130435,0.43478260869565216,-0.2608695652173913,0.7441860465116279,0.5555555555555555,-0.18863049095607243,23,23,0.0,16,10,-6.0,25,26,1.0,4,3,-1.0,7,13,6.0,9,0.17307692307692307,7,0.1346153846153846,2,0.038461538461538464,-5
P1,P1_psd_bandpower_from_derivatives,PSD_REGION_ABSOLUTE,ds004504__EC,CN_vs_FTD,9,CN,FTD,52,5,0.7307692307692307,0.7115384615384616,-0.019230769230769162,0.7136431784107946,0.6964017991004497,-0.017241379310344862,0.7156250000000001,0.6980255516840883,-0.01759944831591176,0.4524008999503507,0.4100744048711776,-0.04232649507917313,0.7142857142857143,0.7058823529411765,-0.008403361344537785,0.8620689655172413,0.8275862068965517,-0.03448275862068961,0.7812500000000001,0.7619047619047619,-0.01934523809523825,29,29,0.0,0.7647058823529411,0.7222222222222222,-0.042483660130718914,0.5652173913043478,0.5652173913043478,0.0,0.65,0.6341463414634146,-0.01585365853658538,23,23,0.0,13,13,0.0,25,24,-1.0,4,5,1.0,10,10,0.0,19,0.36538461538461536,10,0.19230769230769232,9,0.17307692307692307,-1
P1,P1_psd_bandpower_from_derivatives,PSD_REGION_ABSOLUTE,ds004504__EC,CN_vs_FTD,10,CN,FTD,52,5,0.7692307692307693,0.6346153846153846,-0.1346153846153847,0.7526236881559221,0.6094452773613194,-0.1431784107946027,0.75625,0.6014521984671237,-0.15479780153287626,0.534944222046555,0.2450948143584148,-0.2898494076881402,0.7428571428571429,0.631578947368421,-0.11127819548872186,0.896551724137931,0.8275862068965517,-0.06896551724137934,0.8125,0.716417910447761,-0.09608208955223896,29,29,0.0,0.8235294117647058,0.6428571428571429,-0.18067226890756294,0.6086956521739131,0.391304347826087,-0.2173913043478261,0.7,0.4864864864864865,-0.21351351351351344,23,23,0.0,14,9,-5.0,26,24,-2.0,3,5,2.0,9,14,5.0,9,0.17307692307692307,8,0.15384615384615385,1,0.019230769230769232,-7
P1,P1_psd_bandpower_from_derivatives,PSD_REGION_ABSOLUTE,ds004504__EC,CN_vs_FTD,11,CN,FTD,52,5,0.8076923076923077,0.6538461538461539,-0.15384615384615385,0.8050974512743628,0.6401799100449774,-0.1649175412293854,0.8050974512743628,0.6405529953917051,-0.16454445588265776,0.6101949025487257,0.28916446305432375,-0.3210304394944019,0.8275862068965517,0.6666666666666666,-0.16091954022988508,0.8275862068965517,0.7586206896551724,-0.06896551724137934,0.8275862068965517,0.7096774193548386,-0.11790878754171308,29,29,0.0,0.782608695652174,0.631578947368421,-0.15102974828375293,0.782608695652174,0.5217391304347826,-0.26086956521739135,0.782608695652174,0.5714285714285715,-0.21118012422360244,23,23,0.0,18,12,-6.0,24,22,-2.0,5,7,2.0,5,11,6.0,16,0.3076923076923077,12,0.23076923076923078,4,0.07692307692307693,-8
P1,P1_psd_bandpower_from_derivatives,PSD_REGION_ABSOLUTE,ds004504__EC,CN_vs_FTD,12,CN,FTD,52,5,0.75,0.7307692307692307,-0.019230769230769273,0.739880059970015,0.7136431784107946,-0.026236881559220437,0.7422798322531453,0.7156250000000001,-0.026654832253145244,0.4897755199783009,0.4524008999503507,-0.03737462002795017,0.75,0.7142857142857143,-0.0357142857142857,0.8275862068965517,0.8620689655172413,0.03448275862068961,0.7868852459016394,0.7812500000000001,-0.00563524590163933,29,29,0.0,0.75,0.7647058823529411,0.014705882352941124,0.6521739130434783,0.5652173913043478,-0.08695652173913049,0.6976744186046512,0.65,-0.04767441860465116,23,23,0.0,15,13,-2.0,24,25,1.0,5,4,-1.0,8,10,2.0,11,0.21153846153846154,6,0.11538461538461539,5,0.09615384615384616,-1
P1,P1_psd_bandpower_from_derivatives,PSD_REGION_ABSOLUTE,ds004504__EC,CN_vs_FTD,13,CN,FTD,52,5,0.7692307692307693,0.75,-0.019230769230769273,0.7616191904047975,0.7443778110944528,-0.01724137931034475,0.7636363636363636,0.7453860640301319,-0.0182502996062317,0.5296293154951603,0.4913406718443522,-0.03828864365080814,0.7741935483870968,0.7666666666666667,-0.007526881720430034,0.8275862068965517,0.7931034482758621,-0.03448275862068961,0.7999999999999999,0.7796610169491527,-0.020338983050847248,29,29,0.0,0.7619047619047619,0.7272727272727273,-0.03463203463203457,0.6956521739130435,0.6956521739130435,0.0,0.7272727272727272,0.711111111111111,-0.016161616161616155,23,23,0.0,16,16,0.0,24,23,-1.0,5,6,1.0,7,7,0.0,11,0.21153846153846154,6,0.11538461538461539,5,0.09615384615384616,-1
P1,P1_psd_bandpower_from_derivatives,PSD_REGION_ABSOLUTE,ds004504__EC,CN_vs_FTD,14,CN,FTD,52,5,0.75,0.7307692307692307,-0.019230769230769273,0.7308845577211394,0.7136431784107946,-0.01724137931034475,0.7333333333333334,0.7156250000000001,-0.017708333333333326,0.49690865112501836,0.4524008999503507,-0.044507751174667654,0.7222222222222222,0.7142857142857143,-0.007936507936507908,0.896551724137931,0.8620689655172413,-0.034482758620689724,0.7999999999999999,0.7812500000000001,-0.018749999999999822,29,29,0.0,0.8125,0.7647058823529411,-0.047794117647058876,0.5652173913043478,0.5652173913043478,0.0,0.6666666666666667,0.65,-0.01666666666666672,23,23,0.0,13,13,0.0,26,25,-1.0,3,4,1.0,10,10,0.0,19,0.36538461538461536,10,0.19230769230769232,9,0.17307692307692307,-1
P1,P1_psd_bandpower_from_derivatives,PSD_REGION_ABSOLUTE,ds004504__EC,CN_vs_FTD,15,CN,FTD,52,5,0.7307692307692307,0.6538461538461539,-0.07692307692307687,0.7271364317841079,0.6221889055472264,-0.10494752623688153,0.7271364317841079,0.6067226890756302,-0.12041374270847771,0.4542728635682159,0.2971915222638996,-0.15708134130431628,0.7586206896551724,0.6341463414634146,-0.12447434819175773,0.7586206896551724,0.896551724137931,0.13793103448275867,0.7586206896551724,0.7428571428571429,-0.015763546798029493,29,29,0.0,0.6956521739130435,0.7272727272727273,0.031620553359683834,0.6956521739130435,0.34782608695652173,-0.34782608695652173,0.6956521739130435,0.4705882352941176,-0.22506393861892587,23,23,0.0,16,8,-8.0,22,26,4.0,7,3,-4.0,7,15,8.0,16,0.3076923076923077,10,0.19230769230769232,6,0.11538461538461539,-4
P1,P1_psd_bandpower_from_derivatives,PSD_REGION_ABSOLUTE,ds004504__EC,CN_vs_FTD,16,CN,FTD,52,5,0.8076923076923077,0.7115384615384616,-0.09615384615384615,0.800599700149925,0.6829085457271364,-0.11769115442278855,0.803030303030303,0.6770186335403726,-0.12601166948993037,0.6085425659414306,0.43122734316049044,-0.1773152227809402,0.8064516129032258,0.675,-0.1314516129032257,0.8620689655172413,0.9310344827586207,0.06896551724137934,0.8333333333333334,0.7826086956521738,-0.050724637681159535,29,29,0.0,0.8095238095238095,0.8333333333333334,0.023809523809523836,0.7391304347826086,0.43478260869565216,-0.3043478260869565,0.7727272727272727,0.5714285714285714,-0.2012987012987013,23,23,0.0,17,10,-7.0,25,27,2.0,4,2,-2.0,6,13,7.0,15,0.28846153846153844,10,0.19230769230769232,5,0.09615384615384616,-5
P1,P1_psd_bandpower_from_derivatives,PSD_REGION_ABSOLUTE,ds004504__EC,CN_vs_FTD,17,CN,FTD,52,5,0.7692307692307693,0.7307692307692307,-0.03846153846153855,0.7616191904047975,0.7271364317841079,-0.03448275862068961,0.7636363636363636,0.7271364317841079,-0.03649993185225564,0.5296293154951603,0.4542728635682159,-0.07535645192694446,0.7741935483870968,0.7586206896551724,-0.015572858731924377,0.8275862068965517,0.7586206896551724,-0.06896551724137934,0.7999999999999999,0.7586206896551724,-0.04137931034482756,29,29,0.0,0.7619047619047619,0.6956521739130435,-0.0662525879917184,0.6956521739130435,0.6956521739130435,0.0,0.7272727272727272,0.6956521739130435,-0.03162055335968372,23,23,0.0,16,16,0.0,24,22,-2.0,5,7,2.0,7,7,0.0,12,0.23076923076923078,7,0.1346153846153846,5,0.09615384615384616,-2
P1,P1_psd_bandpower_from_derivatives,PSD_REGION_ABSOLUTE,ds004504__EC,CN_vs_FTD,18,CN,FTD,52,5,0.6923076923076923,0.7692307692307693,0.07692307692307698,0.6701649175412294,0.7526236881559221,0.08245877061469264,0.6682615629984051,0.75625,0.08798843700159487,0.3730924397294535,0.534944222046555,0.1618517823171015,0.6756756756756757,0.7428571428571429,0.06718146718146722,0.8620689655172413,0.896551724137931,0.034482758620689724,0.7575757575757576,0.8125,0.05492424242424243,29,29,0.0,0.7333333333333333,0.8235294117647058,0.09019607843137256,0.4782608695652174,0.6086956521739131,0.13043478260869568,0.5789473684210527,0.7,0.1210526315789473,23,23,0.0,11,14,3.0,25,26,1.0,4,3,-1.0,12,9,-3.0,18,0.34615384615384615,7,0.1346153846153846,11,0.21153846153846154,4
P1,P1_psd_bandpower_from_derivatives,PSD_REGION_ABSOLUTE,ds004504__EC,CN_vs_FTD,19,CN,FTD,52,5,0.6923076923076923,0.7307692307692307,0.038461538461538436,0.6746626686656672,0.7136431784107946,0.038980509745127456,0.675,0.7156250000000001,0.04062500000000002,0.36985757785414636,0.4524008999503507,0.08254332209620435,0.6857142857142857,0.7142857142857143,0.02857142857142858,0.8275862068965517,0.8620689655172413,0.03448275862068961,0.75,0.7812500000000001,0.03125000000000011,29,29,0.0,0.7058823529411765,0.7647058823529411,0.05882352941176461,0.5217391304347826,0.5652173913043478,0.04347826086956519,0.6,0.65,0.050000000000000044,23,23,0.0,12,13,1.0,24,25,1.0,5,4,-1.0,11,10,-1.0,12,0.23076923076923078,5,0.09615384615384616,7,0.1346153846153846,2
P1,P1_psd_bandpower_from_derivatives,PSD_REGION_ABSOLUTE,ds004504__EC,CN_vs_FTD,20,CN,FTD,52,5,0.7884615384615384,0.75,-0.038461538461538436,0.7743628185907047,0.7218890554722639,-0.052473763118440764,0.7785520712349981,0.7200828157349897,-0.05846925550000848,0.5728520312322557,0.5231282523586277,-0.049723778873628,0.7647058823529411,0.7,-0.06470588235294117,0.896551724137931,0.9655172413793104,0.06896551724137934,0.8253968253968255,0.8115942028985508,-0.013802622498274686,29,29,0.0,0.8333333333333334,0.9166666666666666,0.08333333333333326,0.6521739130434783,0.4782608695652174,-0.17391304347826086,0.7317073170731708,0.6285714285714286,-0.10313588850174227,23,23,0.0,15,11,-4.0,26,28,2.0,3,1,-2.0,8,12,4.0,10,0.19230769230769232,6,0.11538461538461539,4,0.07692307692307693,-2
P1,P1_psd_bandpower_from_derivatives,PSD_REGION_ABSOLUTE,ds006036__EO_or_photomark,AD_FTD_vs_CN,1,CN,AD_FTD,88,5,0.6931818181818182,0.75,0.05681818181818177,0.7624196376388077,0.7784921098772648,0.01607247223845709,0.6921881072677807,0.7414529914529915,0.0492648841852108,0.5066581038574347,0.5237540704551905,0.017095966597755807,0.5185185185185185,0.5813953488372093,0.06287683031869085,0.9655172413793104,0.8620689655172413,-0.10344827586206906,0.6746987951807228,0.6944444444444445,0.019745649263721687,29,29,0.0,0.9705882352941176,0.9111111111111111,-0.05947712418300655,0.559322033898305,0.6949152542372882,0.13559322033898313,0.7096774193548386,0.7884615384615385,0.07878411910669991,59,59,0.0,33,41,8.0,28,25,-3.0,1,4,3.0,26,18,-8.0,19,0.2159090909090909,7,0.07954545454545454,12,0.13636363636363635,5
P1,P1_psd_bandpower_from_derivatives,PSD_REGION_ABSOLUTE,ds006036__EO_or_photomark,AD_FTD_vs_CN,2,CN,AD_FTD,88,5,0.7386363636363636,0.7272727272727273,-0.011363636363636354,0.787551139684395,0.7615429573348919,-0.026008182349503195,0.7344877344877345,0.7201907790143085,-0.01429695547342602,0.5428995470402467,0.49187816690177916,-0.05102138013846752,0.5625,0.5555555555555556,-0.00694444444444442,0.9310344827586207,0.8620689655172413,-0.06896551724137934,0.7012987012987013,0.6756756756756757,-0.025623025623025653,29,29,0.0,0.95,0.9069767441860465,-0.0430232558139535,0.6440677966101694,0.6610169491525424,0.016949152542372947,0.7676767676767676,0.7647058823529412,-0.002970885323826389,59,59,0.0,38,39,1.0,27,25,-2.0,2,4,2.0,21,20,-1.0,13,0.14772727272727273,7,0.07954545454545454,6,0.06818181818181818,-1
P1,P1_psd_bandpower_from_derivatives,PSD_REGION_ABSOLUTE,ds006036__EO_or_photomark,AD_FTD_vs_CN,3,CN,AD_FTD,88,5,0.6590909090909091,0.7386363636363636,0.07954545454545459,0.72822910578609,0.7612507305669199,0.03302162478082993,0.6583850931677019,0.7285043594902749,0.07011926632257304,0.4431877160371334,0.4917099006785262,0.048522184641392796,0.4909090909090909,0.5714285714285714,0.08051948051948049,0.9310344827586207,0.8275862068965517,-0.10344827586206895,0.6428571428571428,0.676056338028169,0.03319919517102621,29,29,0.0,0.9393939393939394,0.8913043478260869,-0.04808959156785253,0.5254237288135594,0.6949152542372882,0.1694915254237288,0.673913043478261,0.780952380952381,0.10703933747411998,59,59,0.0,31,41,10.0,27,24,-3.0,2,5,3.0,28,18,-10.0,21,0.23863636363636365,7,0.07954545454545454,14,0.1590909090909091,7
P1,P1_psd_bandpower_from_derivatives,PSD_REGION_ABSOLUTE,ds006036__EO_or_photomark,AD_FTD_vs_CN,4,CN,AD_FTD,88,5,0.6590909090909091,0.7613636363636364,0.10227272727272729,0.7194623027469316,0.7869666861484512,0.06750438340151965,0.6574987026466009,0.752112676056338,0.0946139734097371,0.4215440612077983,0.5401108752419606,0.11856681403416225,0.49056603773584906,0.5952380952380952,0.10467205750224617,0.896551724137931,0.8620689655172413,-0.034482758620689724,0.6341463414634146,0.7042253521126761,0.07007901064926148,29,29,0.0,0.9142857142857143,0.9130434782608695,-0.001242236024844745,0.5423728813559322,0.711864406779661,0.1694915254237288,0.6808510638297872,0.7999999999999999,0.11914893617021272,59,59,0.0,32,42,10.0,26,25,-1.0,3,4,1.0,27,17,-10.0,21,0.23863636363636365,6,0.06818181818181818,15,0.17045454545454544,9
P1,P1_psd_bandpower_from_derivatives,PSD_REGION_ABSOLUTE,ds006036__EO_or_photomark,AD_FTD_vs_CN,5,CN,AD_FTD,88,5,0.6704545454545454,0.7045454545454546,0.03409090909090917,0.7367036820572764,0.7533606078316775,0.016656925774401032,0.6693872263246534,0.7006802721088436,0.03129304578419023,0.4570078665083765,0.47947255054854626,0.02246468404016977,0.5,0.5306122448979592,0.030612244897959218,0.9310344827586207,0.896551724137931,-0.03448275862068961,0.6506024096385543,0.6666666666666666,0.016064257028112316,29,29,0.0,0.9411764705882353,0.9230769230769231,-0.018099547511312153,0.5423728813559322,0.6101694915254238,0.06779661016949157,0.6881720430107526,0.7346938775510206,0.046521834540267926,59,59,0.0,32,36,4.0,27,26,-1.0,2,3,1.0,27,23,-4.0,21,0.23863636363636365,9,0.10227272727272728,12,0.13636363636363635,3
P1,P1_psd_bandpower_from_derivatives,PSD_REGION_ABSOLUTE,ds006036__EO_or_photomark,AD_FTD_vs_CN,6,CN,AD_FTD,88,5,0.7045454545454546,0.7159090909090909,0.011363636363636354,0.7621274108708358,0.7706019871420222,0.008474576271186418,0.7020833333333333,0.7129061725172909,0.010822839183957655,0.49920794450940315,0.5135812753734542,0.01437333086405107,0.5294117647058824,0.54,0.010588235294117676,0.9310344827586207,0.9310344827586207,0.0,0.6749999999999999,0.6835443037974683,0.0085443037974684,29,29,0.0,0.9459459459459459,0.9473684210526315,0.0014224751066855834,0.5932203389830508,0.6101694915254238,0.016949152542372947,0.7291666666666666,0.7422680412371134,0.0131013745704468,59,59,0.0,35,36,1.0,27,27,0.0,2,2,0.0,24,23,-1.0,15,0.17045454545454544,7,0.07954545454545454,8,0.09090909090909091,1
P1,P1_psd_bandpower_from_derivatives,PSD_REGION_ABSOLUTE,ds006036__EO_or_photomark,AD_FTD_vs_CN,7,CN,AD_FTD,88,5,0.6931818181818182,0.7272727272727273,0.03409090909090906,0.7448860315604909,0.7703097603740503,0.025423728813559365,0.6899386663186742,0.7221052631578947,0.03216659683922052,0.4647744155107501,0.5094198582233066,0.04464544271255649,0.52,0.5531914893617021,0.03319148936170213,0.896551724137931,0.896551724137931,0.0,0.6582278481012658,0.6842105263157894,0.025982678214523602,29,29,0.0,0.9210526315789473,0.926829268292683,0.005776636713735628,0.5932203389830508,0.6440677966101694,0.05084745762711862,0.7216494845360825,0.76,0.038350515463917545,59,59,0.0,35,38,3.0,26,26,0.0,3,3,0.0,24,21,-3.0,15,0.17045454545454544,6,0.06818181818181818,9,0.10227272727272728,3
P1,P1_psd_bandpower_from_derivatives,PSD_REGION_ABSOLUTE,ds006036__EO_or_photomark,AD_FTD_vs_CN,8,CN,AD_FTD,88,5,0.6363636363636364,0.625,-0.011363636363636354,0.6937463471654004,0.6677381648158971,-0.026008182349503306,0.634665282823041,0.621036147722824,-0.013629135100217016,0.37214875177199774,0.3183538359226379,-0.05379491584935986,0.4716981132075472,0.46,-0.011698113207547156,0.8620689655172413,0.7931034482758621,-0.06896551724137923,0.6097560975609757,0.5822784810126583,-0.027477616548317374,29,29,0.0,0.8857142857142857,0.8421052631578947,-0.043609022556390986,0.5254237288135594,0.5423728813559322,0.016949152542372836,0.6595744680851064,0.6597938144329897,0.00021934634788323137,59,59,0.0,31,32,1.0,25,23,-2.0,4,6,2.0,28,27,-1.0,17,0.19318181818181818,9,0.10227272727272728,8,0.09090909090909091,-1
P1,P1_psd_bandpower_from_derivatives,PSD_REGION_ABSOLUTE,ds006036__EO_or_photomark,AD_FTD_vs_CN,9,CN,AD_FTD,88,5,0.7272727272727273,0.6931818181818182,-0.03409090909090906,0.7703097603740503,0.7273524254821742,-0.04295733489187614,0.7221052631578947,0.6863366336633663,-0.035768629494528414,0.5094198582233066,0.4279086160267264,-0.08151124219658018,0.5531914893617021,0.5217391304347826,-0.031452358926919555,0.896551724137931,0.8275862068965517,-0.06896551724137934,0.6842105263157894,0.64,-0.04421052631578937,29,29,0.0,0.926829268292683,0.8809523809523809,-0.04587688734030204,0.6440677966101694,0.6271186440677966,-0.016949152542372836,0.76,0.7326732673267327,-0.02732673267326735,59,59,0.0,38,37,-1.0,26,24,-2.0,3,5,2.0,21,22,1.0,13,0.14772727272727273,8,0.09090909090909091,5,0.056818181818181816,-3
P1,P1_psd_bandpower_from_derivatives,PSD_REGION_ABSOLUTE,ds006036__EO_or_photomark,AD_FTD_vs_CN,10,CN,AD_FTD,88,5,0.6477272727272727,0.6704545454545454,0.022727272727272707,0.728521332554062,0.6928696668614844,-0.035651665692577605,0.6476817770889837,0.6605931639845724,0.012911386895588683,0.4532179730552593,0.3626321077722929,-0.09058586528296642,0.4827586206896552,0.5,0.017241379310344807,0.9655172413793104,0.7586206896551724,-0.206896551724138,0.6436781609195403,0.6027397260273972,-0.040938434892143105,29,29,0.0,0.9666666666666667,0.8409090909090909,-0.12575757575757573,0.4915254237288136,0.6271186440677966,0.13559322033898302,0.651685393258427,0.7184466019417475,0.06676120868332047,59,59,0.0,29,37,8.0,28,22,-6.0,1,7,6.0,30,22,-8.0,22,0.25,10,0.11363636363636363,12,0.13636363636363635,2
P1,P1_psd_bandpower_from_derivatives,PSD_REGION_ABSOLUTE,ds006036__EO_or_photomark,AD_FTD_vs_CN,11,CN,AD_FTD,88,5,0.7272727272727273,0.6590909090909091,-0.06818181818181823,0.7790765634132086,0.7194623027469316,-0.059614260666277064,0.7237048665620095,0.6574987026466009,-0.06620616391540857,0.5281387379167956,0.4215440612077983,-0.10659467670899725,0.5510204081632653,0.49056603773584906,-0.06045437042741619,0.9310344827586207,0.896551724137931,-0.03448275862068961,0.6923076923076924,0.6341463414634146,-0.05816135084427776,29,29,0.0,0.9487179487179487,0.9142857142857143,-0.03443223443223442,0.6271186440677966,0.5423728813559322,-0.0847457627118644,0.7551020408163266,0.6808510638297872,-0.07425097698653937,59,59,0.0,37,32,-5.0,27,26,-1.0,2,3,1.0,22,27,5.0,24,0.2727272727272727,15,0.17045454545454544,9,0.10227272727272728,-6
P1,P1_psd_bandpower_from_derivatives,PSD_REGION_ABSOLUTE,ds006036__EO_or_photomark,AD_FTD_vs_CN,12,CN,AD_FTD,88,5,0.7272727272727273,0.6363636363636364,-0.09090909090909094,0.7966101694915254,0.6937463471654004,-0.10286382232612501,0.7259989621172807,0.634665282823041,-0.09133367929423963,0.5697299895152002,0.37214875177199774,-0.1975812377432024,0.5471698113207547,0.4716981132075472,-0.07547169811320753,1.0,0.8620689655172413,-0.13793103448275867,0.7073170731707317,0.6097560975609757,-0.09756097560975596,29,29,0.0,1.0,0.8857142857142857,-0.11428571428571432,0.5932203389830508,0.5254237288135594,-0.06779661016949146,0.7446808510638298,0.6595744680851064,-0.0851063829787233,59,59,0.0,35,31,-4.0,29,25,-4.0,0,4,4.0,24,28,4.0,26,0.29545454545454547,17,0.19318181818181818,9,0.10227272727272728,-8
P1,P1_psd_bandpower_from_derivatives,PSD_REGION_ABSOLUTE,ds006036__EO_or_photomark,AD_FTD_vs_CN,13,CN,AD_FTD,88,5,0.7159090909090909,0.6818181818181818,-0.03409090909090917,0.7618351841028639,0.7276446522501461,-0.03419053185271781,0.7113997113997115,0.6776556776556776,-0.0337440337440339,0.49434755502851724,0.4308063631802971,-0.06354119184822016,0.5416666666666666,0.5102040816326531,-0.03146258503401356,0.896551724137931,0.8620689655172413,-0.034482758620689724,0.6753246753246753,0.641025641025641,-0.03429903429903436,29,29,0.0,0.925,0.8974358974358975,-0.027564102564102577,0.6271186440677966,0.5932203389830508,-0.03389830508474578,0.7474747474747475,0.7142857142857142,-0.03318903318903332,59,59,0.0,37,35,-2.0,26,25,-1.0,3,4,1.0,22,24,2.0,21,0.23863636363636365,12,0.13636363636363635,9,0.10227272727272728,-3
P1,P1_psd_bandpower_from_derivatives,PSD_REGION_ABSOLUTE,ds006036__EO_or_photomark,AD_FTD_vs_CN,14,CN,AD_FTD,88,5,0.7159090909090909,0.6818181818181818,-0.03409090909090917,0.7706019871420222,0.7364114552893045,-0.0341905318527177,0.7129061725172909,0.6791666666666667,-0.03373950585062424,0.5135812753734542,0.4502332520714684,-0.0633480233019858,0.54,0.5098039215686274,-0.03019607843137262,0.9310344827586207,0.896551724137931,-0.03448275862068961,0.6835443037974683,0.65,-0.03354430379746831,29,29,0.0,0.9473684210526315,0.918918918918919,-0.028449502133712556,0.6101694915254238,0.576271186440678,-0.03389830508474578,0.7422680412371134,0.7083333333333333,-0.03393470790378017,59,59,0.0,36,34,-2.0,27,26,-1.0,2,3,1.0,23,25,2.0,17,0.19318181818181818,10,0.11363636363636363,7,0.07954545454545454,-3
P1,P1_psd_bandpower_from_derivatives,PSD_REGION_ABSOLUTE,ds006036__EO_or_photomark,AD_FTD_vs_CN,15,CN,AD_FTD,88,5,0.7386363636363636,0.6931818181818182,-0.045454545454545414,0.7787843366452367,0.7536528345996494,-0.02513150204558734,0.7328052805280527,0.6912280701754385,-0.04157721035261419,0.5247105651535952,0.48500006656147177,-0.03971049859212339,0.5652173913043478,0.5192307692307693,-0.04598662207357851,0.896551724137931,0.9310344827586207,0.03448275862068961,0.6933333333333332,0.6666666666666666,-0.026666666666666616,29,29,0.0,0.9285714285714286,0.9444444444444444,0.015873015873015817,0.6610169491525424,0.576271186440678,-0.0847457627118644,0.7722772277227723,0.7157894736842105,-0.056487754038561766,59,59,0.0,39,34,-5.0,26,27,1.0,3,2,-1.0,20,25,5.0,12,0.13636363636363635,8,0.09090909090909091,4,0.045454545454545456,-4
P1,P1_psd_bandpower_from_derivatives,PSD_REGION_ABSOLUTE,ds006036__EO_or_photomark,AD_FTD_vs_CN,16,CN,AD_FTD,88,5,0.6931818181818182,0.7159090909090909,0.022727272727272707,0.7536528345996494,0.7793687901811805,0.02571595558153117,0.6912280701754385,0.714100064977258,0.02287199480181945,0.48500006656147177,0.5341705802220819,0.04917051366061009,0.5192307692307693,0.5384615384615384,0.019230769230769162,0.9310344827586207,0.9655172413793104,0.034482758620689724,0.6666666666666666,0.691358024691358,0.024691358024691357,29,29,0.0,0.9444444444444444,0.9722222222222222,0.02777777777777779,0.576271186440678,0.5932203389830508,0.016949152542372836,0.7157894736842105,0.736842105263158,0.021052631578947434,59,59,0.0,34,35,1.0,27,28,1.0,2,1,-1.0,25,24,-1.0,16,0.18181818181818182,7,0.07954545454545454,9,0.10227272727272728,2
P1,P1_psd_bandpower_from_derivatives,PSD_REGION_ABSOLUTE,ds006036__EO_or_photomark,AD_FTD_vs_CN,17,CN,AD_FTD,88,5,0.6931818181818182,0.6931818181818182,0.0,0.7536528345996494,0.7185856224430158,-0.035067212156633554,0.6912280701754385,0.6840005319856364,-0.007227538189802152,0.48500006656147177,0.41098305547526526,-0.07401701108620651,0.5192307692307693,0.5227272727272727,0.0034965034965034336,0.9310344827586207,0.7931034482758621,-0.13793103448275856,0.6666666666666666,0.6301369863013699,-0.03652968036529669,29,29,0.0,0.9444444444444444,0.8636363636363636,-0.08080808080808077,0.576271186440678,0.6440677966101694,0.06779661016949146,0.7157894736842105,0.7378640776699029,0.022074603985692387,59,59,0.0,34,38,4.0,27,23,-4.0,2,6,4.0,25,21,-4.0,22,0.25,11,0.125,11,0.125,0
P1,P1_psd_bandpower_from_derivatives,PSD_REGION_ABSOLUTE,ds006036__EO_or_photomark,AD_FTD_vs_CN,18,CN,AD_FTD,88,5,0.6477272727272727,0.6931818181818182,0.045454545454545525,0.7109877264757452,0.7624196376388077,0.05143191116306256,0.6465863453815262,0.6921881072677807,0.04560176188625453,0.4073576291593183,0.5066581038574347,0.09930047469811643,0.48148148148148145,0.5185185185185185,0.037037037037037035,0.896551724137931,0.9655172413793104,0.06896551724137934,0.6265060240963856,0.6746987951807228,0.04819277108433728,29,29,0.0,0.9117647058823529,0.9705882352941176,0.05882352941176472,0.5254237288135594,0.559322033898305,0.03389830508474567,0.6666666666666667,0.7096774193548386,0.043010752688171894,59,59,0.0,31,33,2.0,26,28,2.0,3,1,-2.0,28,26,-2.0,16,0.18181818181818182,6,0.06818181818181818,10,0.11363636363636363,4
P1,P1_psd_bandpower_from_derivatives,PSD_REGION_ABSOLUTE,ds006036__EO_or_photomark,AD_FTD_vs_CN,19,CN,AD_FTD,88,5,0.6931818181818182,0.6818181818181818,-0.011363636363636465,0.7536528345996494,0.7188778492109877,-0.03477498538866164,0.6912280701754385,0.6757894736842105,-0.01543859649122803,0.48500006656147177,0.4124924041181153,-0.07250766244335649,0.5192307692307693,0.5106382978723404,-0.008592471358428888,0.9310344827586207,0.8275862068965517,-0.10344827586206895,0.6666666666666666,0.631578947368421,-0.03508771929824561,29,29,0.0,0.9444444444444444,0.8780487804878049,-0.06639566395663954,0.576271186440678,0.6101694915254238,0.03389830508474578,0.7157894736842105,0.7200000000000001,0.004210526315789553,59,59,0.0,34,36,2.0,27,24,-3.0,2,5,3.0,25,23,-2.0,17,0.19318181818181818,9,0.10227272727272728,8,0.09090909090909091,-1
P1,P1_psd_bandpower_from_derivatives,PSD_REGION_ABSOLUTE,ds006036__EO_or_photomark,AD_FTD_vs_CN,20,CN,AD_FTD,88,5,0.6590909090909091,0.6022727272727273,-0.05681818181818177,0.7106954997077732,0.6595558153126826,-0.051139684395090645,0.65625,0.6009845834952714,-0.055265416504728604,0.40125855963353363,0.3080571544612019,-0.09320140517233172,0.49019607843137253,0.4444444444444444,-0.04575163398692811,0.8620689655172413,0.8275862068965517,-0.03448275862068961,0.625,0.5783132530120482,-0.04668674698795183,29,29,0.0,0.8918918918918919,0.8529411764705882,-0.03895071542130368,0.559322033898305,0.4915254237288136,-0.06779661016949146,0.6874999999999999,0.6236559139784946,-0.06384408602150526,59,59,0.0,33,29,-4.0,25,24,-1.0,4,5,1.0,26,30,4.0,19,0.2159090909090909,12,0.13636363636363635,7,0.07954545454545454,-5
P1,P1_psd_bandpower_from_derivatives,PSD_REGION_ABSOLUTE,ds006036__EO_or_photomark,AD_vs_CN,1,CN,AD,65,5,0.7538461538461538,0.676923076923077,-0.07692307692307687,0.7777777777777778,0.6882183908045978,-0.08955938697318,0.7490347490347491,0.6766169154228856,-0.07241783361186349,0.5983516452371671,0.3797245015127892,-0.21862714372437791,0.6444444444444445,0.6052631578947368,-0.03918128654970765,1.0,0.7931034482758621,-0.2068965517241379,0.7837837837837839,0.6865671641791046,-0.09721661960467931,29,29,0.0,1.0,0.7777777777777778,-0.2222222222222222,0.5555555555555556,0.5833333333333334,0.02777777777777779,0.7142857142857143,0.6666666666666666,-0.04761904761904767,36,36,0.0,20,21,1.0,29,23,-6.0,0,6,6.0,16,15,-1.0,15,0.23076923076923078,10,0.15384615384615385,5,0.07692307692307693,-5
P1,P1_psd_bandpower_from_derivatives,PSD_REGION_ABSOLUTE,ds006036__EO_or_photomark,AD_vs_CN,2,CN,AD,65,5,0.7692307692307693,0.6923076923076923,-0.07692307692307698,0.7849616858237547,0.6920498084291188,-0.09291187739463591,0.7683535281539557,0.6904761904761906,-0.07787733767776517,0.5823267176854143,0.38227316990966415,-0.20005354777575018,0.675,0.6451612903225806,-0.029838709677419417,0.9310344827586207,0.6896551724137931,-0.2413793103448275,0.7826086956521738,0.6666666666666667,-0.1159420289855071,29,29,0.0,0.92,0.7352941176470589,-0.18470588235294116,0.6388888888888888,0.6944444444444444,0.05555555555555558,0.7540983606557377,0.7142857142857144,-0.03981264637002324,36,36,0.0,23,25,2.0,27,20,-7.0,2,9,7.0,13,11,-2.0,17,0.26153846153846155,11,0.16923076923076924,6,0.09230769230769231,-5
P1,P1_psd_bandpower_from_derivatives,PSD_REGION_ABSOLUTE,ds006036__EO_or_photomark,AD_vs_CN,3,CN,AD,65,5,0.7846153846153846,0.6615384615384615,-0.12307692307692308,0.7988505747126436,0.6676245210727969,-0.13122605363984674,0.7841555977229602,0.6614583333333333,-0.12269726438962691,0.6064784348631227,0.3342898154523975,-0.2721886194107252,0.6923076923076923,0.6,-0.09230769230769231,0.9310344827586207,0.7241379310344828,-0.2068965517241379,0.7941176470588235,0.65625,-0.13786764705882348,29,29,0.0,0.9230769230769231,0.7333333333333333,-0.18974358974358985,0.6666666666666666,0.6111111111111112,-0.05555555555555547,0.7741935483870968,0.6666666666666666,-0.10752688172043012,36,36,0.0,24,22,-2.0,27,21,-6.0,2,8,6.0,12,14,2.0,16,0.24615384615384617,12,0.18461538461538463,4,0.06153846153846154,-8
P1,P1_psd_bandpower_from_derivatives,PSD_REGION_ABSOLUTE,ds006036__EO_or_photomark,AD_vs_CN,4,CN,AD,65,5,0.7384615384615385,0.6307692307692307,-0.10769230769230775,0.757183908045977,0.6297892720306513,-0.12739463601532575,0.7362138935306757,0.6285714285714286,-0.10764246495924712,0.5347311365991632,0.2583442120835885,-0.2763869245155747,0.6428571428571429,0.5806451612903226,-0.062211981566820285,0.9310344827586207,0.6206896551724138,-0.31034482758620685,0.7605633802816901,0.6000000000000001,-0.16056338028169004,29,29,0.0,0.9130434782608695,0.6764705882352942,-0.23657289002557536,0.5833333333333334,0.6388888888888888,0.05555555555555547,0.7118644067796611,0.6571428571428571,-0.05472154963680398,36,36,0.0,21,23,2.0,27,18,-9.0,2,11,9.0,15,13,-2.0,17,0.26153846153846155,12,0.18461538461538463,5,0.07692307692307693,-7
P1,P1_psd_bandpower_from_derivatives,PSD_REGION_ABSOLUTE,ds006036__EO_or_photomark,AD_vs_CN,5,CN,AD,65,5,0.6923076923076923,0.6923076923076923,0.0,0.7155172413793103,0.6987547892720306,-0.01676245210727967,0.6862934362934363,0.6922348484848485,0.005941412191412199,0.46423834544262965,0.39637220975069987,-0.06786613569192979,0.6,0.6285714285714286,0.02857142857142858,0.9310344827586207,0.7586206896551724,-0.1724137931034483,0.7297297297297297,0.6875,-0.042229729729729715,29,29,0.0,0.9,0.7666666666666667,-0.1333333333333333,0.5,0.6388888888888888,0.13888888888888884,0.6428571428571429,0.696969696969697,0.05411255411255411,36,36,0.0,18,23,5.0,27,22,-5.0,2,7,5.0,18,13,-5.0,20,0.3076923076923077,10,0.15384615384615385,10,0.15384615384615385,0
P1,P1_psd_bandpower_from_derivatives,PSD_REGION_ABSOLUTE,ds006036__EO_or_photomark,AD_vs_CN,6,CN,AD,65,5,0.7230769230769231,0.7076923076923077,-0.01538461538461533,0.7399425287356323,0.7092911877394636,-0.03065134099616862,0.7214285714285715,0.7065811356616774,-0.01484743576689418,0.49429922247000824,0.41619727130343764,-0.0781019511665706,0.6341463414634146,0.65625,0.022103658536585358,0.896551724137931,0.7241379310344828,-0.1724137931034483,0.7428571428571429,0.6885245901639345,-0.05433255269320836,29,29,0.0,0.875,0.7575757575757576,-0.11742424242424243,0.5833333333333334,0.6944444444444444,0.11111111111111105,0.7000000000000001,0.7246376811594203,0.02463768115942022,36,36,0.0,21,25,4.0,26,21,-5.0,3,8,5.0,15,11,-4.0,17,0.26153846153846155,9,0.13846153846153847,8,0.12307692307692308,-1
P1,P1_psd_bandpower_from_derivatives,PSD_REGION_ABSOLUTE,ds006036__EO_or_photomark,AD_vs_CN,7,CN,AD,65,5,0.7384615384615385,0.6615384615384615,-0.07692307692307698,0.7538314176245211,0.6575670498084292,-0.09626436781609193,0.7374673319078167,0.6575670498084292,-0.07990028209938749,0.5187111939046547,0.31513409961685823,-0.20357709428779647,0.65,0.6206896551724138,-0.02931034482758621,0.896551724137931,0.6206896551724138,-0.27586206896551724,0.7536231884057972,0.6206896551724138,-0.13293353323338342,29,29,0.0,0.88,0.6944444444444444,-0.18555555555555558,0.6111111111111112,0.6944444444444444,0.08333333333333326,0.7213114754098361,0.6944444444444444,-0.02686703096539167,36,36,0.0,22,25,3.0,26,18,-8.0,3,11,8.0,14,11,-3.0,15,0.23076923076923078,10,0.15384615384615385,5,0.07692307692307693,-5
P1,P1_psd_bandpower_from_derivatives,PSD_REGION_ABSOLUTE,ds006036__EO_or_photomark,AD_vs_CN,8,CN,AD,65,5,0.7692307692307693,0.7230769230769231,-0.04615384615384621,0.7782567049808429,0.7298850574712643,-0.048371647509578564,0.7692307692307692,0.7230113636363635,-0.04621940559440563,0.5565134099616859,0.4584546040490023,-0.09805880591268357,0.6944444444444444,0.6571428571428571,-0.03730158730158728,0.8620689655172413,0.7931034482758621,-0.06896551724137923,0.7692307692307692,0.71875,-0.05048076923076916,29,29,0.0,0.8620689655172413,0.8,-0.06206896551724128,0.6944444444444444,0.6666666666666666,-0.02777777777777779,0.7692307692307692,0.7272727272727272,-0.04195804195804198,36,36,0.0,25,24,-1.0,25,23,-2.0,4,6,2.0,11,12,1.0,15,0.23076923076923078,9,0.13846153846153847,6,0.09230769230769231,-3
P1,P1_psd_bandpower_from_derivatives,PSD_REGION_ABSOLUTE,ds006036__EO_or_photomark,AD_vs_CN,9,CN,AD,65,5,0.7230769230769231,0.6461538461538462,-0.07692307692307687,0.75,0.6436781609195402,-0.10632183908045978,0.7149122807017543,0.6431129147767964,-0.07179936592495784,0.5554373396683665,0.2865341275306264,-0.2689032121377401,0.6170212765957447,0.6,-0.017021276595744705,1.0,0.6206896551724138,-0.3793103448275862,0.763157894736842,0.6101694915254238,-0.15298840321141827,29,29,0.0,1.0,0.6857142857142857,-0.3142857142857143,0.5,0.6666666666666666,0.16666666666666663,0.6666666666666666,0.676056338028169,0.009389671361502372,36,36,0.0,18,24,6.0,29,18,-11.0,0,11,11.0,18,12,-6.0,23,0.35384615384615387,14,0.2153846153846154,9,0.13846153846153847,-5
P1,P1_psd_bandpower_from_derivatives,PSD_REGION_ABSOLUTE,ds006036__EO_or_photomark,AD_vs_CN,10,CN,AD,65,5,0.7538461538461538,0.6461538461538462,-0.10769230769230764,0.7710727969348659,0.6436781609195402,-0.12739463601532564,0.7523809523809524,0.6431129147767964,-0.10926803760415593,0.5584298601158177,0.2865341275306264,-0.27189573258519134,0.6585365853658537,0.6,-0.05853658536585371,0.9310344827586207,0.6206896551724138,-0.31034482758620685,0.7714285714285715,0.6101694915254238,-0.1612590799031477,29,29,0.0,0.9166666666666666,0.6857142857142857,-0.2309523809523809,0.6111111111111112,0.6666666666666666,0.05555555555555547,0.7333333333333334,0.676056338028169,-0.05727699530516439,36,36,0.0,22,24,2.0,27,18,-9.0,2,11,9.0,14,12,-2.0,19,0.2923076923076923,13,0.2,6,0.09230769230769231,-7
P1,P1_psd_bandpower_from_derivatives,PSD_REGION_ABSOLUTE,ds006036__EO_or_photomark,AD_vs_CN,11,CN,AD,65,5,0.7538461538461538,0.6615384615384615,-0.09230769230769231,0.7744252873563219,0.664272030651341,-0.11015325670498088,0.7509578544061304,0.6608159392789374,-0.09014191512719294,0.5765789785535701,0.3266720001306158,-0.24990697842295428,0.6511627906976745,0.6060606060606061,-0.04510218463706839,0.9655172413793104,0.6896551724137931,-0.27586206896551724,0.7777777777777779,0.6451612903225807,-0.13261648745519716,29,29,0.0,0.9545454545454546,0.71875,-0.23579545454545459,0.5833333333333334,0.6388888888888888,0.05555555555555547,0.7241379310344828,0.676470588235294,-0.04766734279918872,36,36,0.0,21,23,2.0,28,20,-8.0,1,9,8.0,15,13,-2.0,20,0.3076923076923077,13,0.2,7,0.1076923076923077,-6
P1,P1_psd_bandpower_from_derivatives,PSD_REGION_ABSOLUTE,ds006036__EO_or_photomark,AD_vs_CN,12,CN,AD,65,5,0.7230769230769231,0.7230769230769231,0.0,0.7466475095785441,0.7265325670498084,-0.02011494252873569,0.7176640926640926,0.7224857685009487,0.00482167583685611,0.5312949953398984,0.45048354536962476,-0.08081144997027367,0.6222222222222222,0.6666666666666666,0.0444444444444444,0.9655172413793104,0.7586206896551724,-0.206896551724138,0.7567567567567567,0.7096774193548386,-0.04707933740191805,29,29,0.0,0.95,0.78125,-0.16874999999999996,0.5277777777777778,0.6944444444444444,0.16666666666666663,0.6785714285714285,0.7352941176470588,0.05672268907563027,36,36,0.0,19,25,6.0,28,22,-6.0,1,7,6.0,17,11,-6.0,18,0.27692307692307694,9,0.13846153846153847,9,0.13846153846153847,0
P1,P1_psd_bandpower_from_derivatives,PSD_REGION_ABSOLUTE,ds006036__EO_or_photomark,AD_vs_CN,13,CN,AD,65,5,0.7538461538461538,0.676923076923077,-0.07692307692307687,0.7777777777777778,0.6781609195402298,-0.09961685823754796,0.7490347490347491,0.6756949394155382,-0.07333980961921094,0.5983516452371671,0.3542914986839332,-0.24406014655323388,0.6444444444444445,0.625,-0.019444444444444486,1.0,0.6896551724137931,-0.31034482758620685,0.7837837837837839,0.6557377049180328,-0.12804607886575103,29,29,0.0,1.0,0.7272727272727273,-0.2727272727272727,0.5555555555555556,0.6666666666666666,0.11111111111111105,0.7142857142857143,0.6956521739130435,-0.018633540372670843,36,36,0.0,20,24,4.0,29,20,-9.0,0,9,9.0,16,12,-4.0,21,0.3230769230769231,13,0.2,8,0.12307692307692308,-5
P1,P1_psd_bandpower_from_derivatives,PSD_REGION_ABSOLUTE,ds006036__EO_or_photomark,AD_vs_CN,14,CN,AD,65,5,0.7538461538461538,0.7230769230769231,-0.03076923076923077,0.7744252873563219,0.7265325670498084,-0.04789272030651348,0.7509578544061304,0.7224857685009487,-0.028472085905181688,0.5765789785535701,0.45048354536962476,-0.12609543318394534,0.6511627906976745,0.6666666666666666,0.015503875968992165,0.9655172413793104,0.7586206896551724,-0.206896551724138,0.7777777777777779,0.7096774193548386,-0.06810035842293927,29,29,0.0,0.9545454545454546,0.78125,-0.17329545454545459,0.5833333333333334,0.6944444444444444,0.11111111111111105,0.7241379310344828,0.7352941176470588,0.011156186612576002,36,36,0.0,21,25,4.0,28,22,-6.0,1,7,6.0,15,11,-4.0,20,0.3076923076923077,11,0.16923076923076924,9,0.13846153846153847,-2
P1,P1_psd_bandpower_from_derivatives,PSD_REGION_ABSOLUTE,ds006036__EO_or_photomark,AD_vs_CN,15,CN,AD,65,5,0.6923076923076923,0.676923076923077,-0.01538461538461533,0.7121647509578544,0.6848659003831418,-0.027298850574712596,0.6886973180076628,0.676923076923077,-0.011774241084585801,0.4457669938904565,0.36973180076628354,-0.07603519312417295,0.6046511627906976,0.6111111111111112,0.006459948320413522,0.896551724137931,0.7586206896551724,-0.13793103448275867,0.7222222222222221,0.676923076923077,-0.04529914529914514,29,29,0.0,0.8636363636363636,0.7586206896551724,-0.10501567398119127,0.5277777777777778,0.6111111111111112,0.08333333333333337,0.6551724137931034,0.676923076923077,0.021750663129973535,36,36,0.0,19,22,3.0,26,22,-4.0,3,7,4.0,17,14,-3.0,15,0.23076923076923078,8,0.12307692307692308,7,0.1076923076923077,-1
P1,P1_psd_bandpower_from_derivatives,PSD_REGION_ABSOLUTE,ds006036__EO_or_photomark,AD_vs_CN,16,CN,AD,65,5,0.7846153846153846,0.676923076923077,-0.10769230769230764,0.8022030651340997,0.6748084291187739,-0.12739463601532575,0.7833333333333334,0.6741465743614228,-0.10918675897191066,0.6225604977616271,0.3486165218289288,-0.2739439759326983,0.6829268292682927,0.6333333333333333,-0.04959349593495943,0.9655172413793104,0.6551724137931034,-0.31034482758620696,0.8000000000000002,0.6440677966101694,-0.15593220338983071,29,29,0.0,0.9583333333333334,0.7142857142857143,-0.24404761904761907,0.6388888888888888,0.6944444444444444,0.05555555555555558,0.7666666666666666,0.7042253521126761,-0.06244131455399049,36,36,0.0,23,25,2.0,28,19,-9.0,1,10,9.0,13,11,-2.0,23,0.35384615384615387,15,0.23076923076923078,8,0.12307692307692308,-7
P1,P1_psd_bandpower_from_derivatives,PSD_REGION_ABSOLUTE,ds006036__EO_or_photomark,AD_vs_CN,17,CN,AD,65,5,0.7538461538461538,0.6923076923076923,-0.06153846153846154,0.7744252873563219,0.7021072796934866,-0.07231800766283525,0.7509578544061304,0.6922348484848486,-0.05872300592128177,0.5765789785535701,0.405772232054236,-0.17080674649933408,0.6511627906976745,0.6216216216216216,-0.029541169076052864,0.9655172413793104,0.7931034482758621,-0.1724137931034483,0.7777777777777779,0.696969696969697,-0.08080808080808088,29,29,0.0,0.9545454545454546,0.7857142857142857,-0.1688311688311689,0.5833333333333334,0.6111111111111112,0.02777777777777779,0.7241379310344828,0.6875000000000001,-0.03663793103448265,36,36,0.0,21,22,1.0,28,23,-5.0,1,6,5.0,15,14,-1.0,16,0.24615384615384617,10,0.15384615384615385,6,0.09230769230769231,-4
P1,P1_psd_bandpower_from_derivatives,PSD_REGION_ABSOLUTE,ds006036__EO_or_photomark,AD_vs_CN,18,CN,AD,65,5,0.6461538461538462,0.7076923076923077,0.06153846153846154,0.6704980842911877,0.7059386973180077,0.03544061302682,0.6375757575757575,0.7051802339460491,0.06760447637029166,0.37268681831858175,0.4106989161272312,0.03801209780864945,0.5652173913043478,0.6666666666666666,0.10144927536231885,0.896551724137931,0.6896551724137931,-0.2068965517241379,0.6933333333333332,0.6779661016949153,-0.01536723163841791,29,29,0.0,0.8421052631578947,0.7428571428571429,-0.09924812030075181,0.4444444444444444,0.7222222222222222,0.2777777777777778,0.5818181818181818,0.732394366197183,0.15057618437900122,36,36,0.0,16,26,10.0,26,20,-6.0,3,9,6.0,20,10,-10.0,26,0.4,11,0.16923076923076924,15,0.23076923076923078,4
P1,P1_psd_bandpower_from_derivatives,PSD_REGION_ABSOLUTE,ds006036__EO_or_photomark,AD_vs_CN,19,CN,AD,65,5,0.8153846153846154,0.7230769230769231,-0.09230769230769231,0.8266283524904214,0.7231800766283525,-0.10344827586206895,0.8153409090909092,0.7214285714285713,-0.09391233766233786,0.6557740811871776,0.444237648822702,-0.2115364323644756,0.7297297297297297,0.6774193548387096,-0.052310374891020084,0.9310344827586207,0.7241379310344828,-0.2068965517241379,0.8181818181818181,0.7,-0.11818181818181817,29,29,0.0,0.9285714285714286,0.7647058823529411,-0.16386554621848748,0.7222222222222222,0.7222222222222222,0.0,0.8125000000000001,0.7428571428571428,-0.06964285714285734,36,36,0.0,26,26,0.0,27,21,-6.0,2,8,6.0,10,10,0.0,16,0.24615384615384617,11,0.16923076923076924,5,0.07692307692307693,-6
P1,P1_psd_bandpower_from_derivatives,PSD_REGION_ABSOLUTE,ds006036__EO_or_photomark,AD_vs_CN,20,CN,AD,65,5,0.7538461538461538,0.6307692307692307,-0.12307692307692308,0.7777777777777778,0.6331417624521073,-0.1446360153256705,0.7490347490347491,0.6299810246679316,-0.11905372436681749,0.5983516452371671,0.2647662275111114,-0.3335854177260557,0.6444444444444445,0.5757575757575758,-0.06868686868686869,1.0,0.6551724137931034,-0.3448275862068966,0.7837837837837839,0.6129032258064515,-0.17088055797733237,29,29,0.0,1.0,0.6875,-0.3125,0.5555555555555556,0.6111111111111112,0.05555555555555558,0.7142857142857143,0.6470588235294118,-0.0672268907563025,36,36,0.0,20,22,2.0,29,19,-10.0,0,10,10.0,16,14,-2.0,22,0.3384615384615385,15,0.23076923076923078,7,0.1076923076923077,-8
P1,P1_psd_bandpower_from_derivatives,PSD_REGION_ABSOLUTE,ds006036__EO_or_photomark,AD_vs_FTD,1,FTD,AD,59,5,0.5084745762711864,0.3728813559322034,-0.13559322033898302,0.44021739130434784,0.32910628019323673,-0.1111111111111111,0.4110154905335628,0.3231007751937985,-0.0879147153397643,-0.1448706718537857,-0.3521469780023531,-0.20727630614856743,0.25,0.15,-0.1,0.13043478260869565,0.13043478260869565,0.0,0.1714285714285714,0.13953488372093023,-0.03189368770764117,23,23,0.0,0.574468085106383,0.48717948717948717,-0.08728859792689586,0.75,0.5277777777777778,-0.2222222222222222,0.6506024096385542,0.5066666666666667,-0.1439357429718875,36,36,0.0,27,19,-8.0,3,3,0.0,20,20,0.0,9,17,8.0,20,0.3389830508474576,14,0.23728813559322035,6,0.1016949152542373,-8
P1,P1_psd_bandpower_from_derivatives,PSD_REGION_ABSOLUTE,ds006036__EO_or_photomark,AD_vs_FTD,2,FTD,AD,59,5,0.5932203389830508,0.5254237288135594,-0.06779661016949146,0.5489130434782609,0.4933574879227053,-0.05555555555555558,0.5461538461538462,0.4926289926289926,-0.05352485352485359,0.10534665361481922,-0.01353243878146282,-0.11887909239628204,0.47058823529411764,0.38095238095238093,-0.08963585434173671,0.34782608695652173,0.34782608695652173,0.0,0.39999999999999997,0.3636363636363636,-0.036363636363636376,23,23,0.0,0.6428571428571429,0.6052631578947368,-0.03759398496240607,0.75,0.6388888888888888,-0.11111111111111116,0.6923076923076924,0.6216216216216216,-0.0706860706860708,36,36,0.0,27,23,-4.0,8,8,0.0,15,15,0.0,9,13,4.0,20,0.3389830508474576,12,0.2033898305084746,8,0.13559322033898305,-4
P1,P1_psd_bandpower_from_derivatives,PSD_REGION_ABSOLUTE,ds006036__EO_or_photomark,AD_vs_FTD,3,FTD,AD,59,5,0.5254237288135594,0.559322033898305,0.03389830508474567,0.4776570048309179,0.5289855072463768,0.05132850241545894,0.4705128205128205,0.5288697788697788,0.05835695835695831,-0.048121310910472975,0.059050641955474124,0.1071719528659471,0.35294117647058826,0.42857142857142855,0.07563025210084029,0.2608695652173913,0.391304347826087,0.13043478260869568,0.3,0.4090909090909091,0.10909090909090913,23,23,0.0,0.5952380952380952,0.631578947368421,0.036340852130325785,0.6944444444444444,0.6666666666666666,-0.02777777777777779,0.6410256410256411,0.6486486486486486,0.007623007623007494,36,36,0.0,25,24,-1.0,6,9,3.0,17,14,-3.0,11,12,1.0,20,0.3389830508474576,9,0.15254237288135594,11,0.1864406779661017,2
P1,P1_psd_bandpower_from_derivatives,PSD_REGION_ABSOLUTE,ds006036__EO_or_photomark,AD_vs_FTD,4,FTD,AD,59,5,0.5423728813559322,0.4576271186440678,-0.0847457627118644,0.483695652173913,0.4142512077294686,-0.06944444444444442,0.46846846846846835,0.4085213032581454,-0.05994716521032295,-0.03738335897094201,-0.17900550199141527,-0.14162214302047327,0.35714285714285715,0.2631578947368421,-0.09398496240601506,0.21739130434782608,0.21739130434782608,0.0,0.27027027027027023,0.23809523809523808,-0.03217503217503215,23,23,0.0,0.6,0.55,-0.04999999999999993,0.75,0.6111111111111112,-0.13888888888888884,0.6666666666666665,0.5789473684210527,-0.08771929824561386,36,36,0.0,27,22,-5.0,5,5,0.0,18,18,0.0,9,14,5.0,21,0.3559322033898305,13,0.22033898305084745,8,0.13559322033898305,-5
P1,P1_psd_bandpower_from_derivatives,PSD_REGION_ABSOLUTE,ds006036__EO_or_photomark,AD_vs_FTD,5,FTD,AD,59,5,0.5254237288135594,0.5084745762711864,-0.016949152542372947,0.46980676328502413,0.44021739130434784,-0.029589371980676293,0.45657894736842103,0.4110154905335628,-0.04556345683485824,-0.06763677132745471,-0.1448706718537857,-0.07723390052633097,0.3333333333333333,0.25,-0.08333333333333331,0.21739130434782608,0.13043478260869565,-0.08695652173913043,0.26315789473684204,0.1714285714285714,-0.09172932330827063,23,23,0.0,0.5909090909090909,0.574468085106383,-0.01644100580270791,0.7222222222222222,0.75,0.02777777777777779,0.65,0.6506024096385542,0.00060240963855418,36,36,0.0,26,27,1.0,5,3,-2.0,18,20,2.0,10,9,-1.0,25,0.423728813559322,13,0.22033898305084745,12,0.2033898305084746,-1
P1,P1_psd_bandpower_from_derivatives,PSD_REGION_ABSOLUTE,ds006036__EO_or_photomark,AD_vs_FTD,6,FTD,AD,59,5,0.5932203389830508,0.4915254237288136,-0.10169491525423724,0.5410628019323671,0.42632850241545894,-0.11473429951690817,0.5342105263157895,0.40040650406504064,-0.13380402225074883,0.09198600900533842,-0.17337803251346703,-0.26536404151880544,0.4666666666666667,0.23076923076923078,-0.2358974358974359,0.30434782608695654,0.13043478260869565,-0.1739130434782609,0.3684210526315789,0.16666666666666669,-0.20175438596491224,23,23,0.0,0.6363636363636364,0.5652173913043478,-0.07114624505928857,0.7777777777777778,0.7222222222222222,-0.05555555555555558,0.7000000000000001,0.6341463414634146,-0.06585365853658542,36,36,0.0,28,26,-2.0,7,3,-4.0,16,20,4.0,8,10,2.0,22,0.3728813559322034,14,0.23728813559322035,8,0.13559322033898305,-6
P1,P1_psd_bandpower_from_derivatives,PSD_REGION_ABSOLUTE,ds006036__EO_or_photomark,AD_vs_FTD,7,FTD,AD,59,5,0.6271186440677966,0.5932203389830508,-0.03389830508474578,0.5531400966183575,0.572463768115942,0.019323671497584516,0.528343023255814,0.572463768115942,0.04412074486012807,0.14416546824034385,0.14492753623188406,0.0007620679915402162,0.5555555555555556,0.4782608695652174,-0.07729468599033817,0.21739130434782608,0.4782608695652174,0.26086956521739135,0.3125,0.4782608695652174,0.1657608695652174,23,23,0.0,0.64,0.6666666666666666,0.026666666666666616,0.8888888888888888,0.6666666666666666,-0.2222222222222222,0.7441860465116279,0.6666666666666666,-0.07751937984496127,36,36,0.0,32,24,-8.0,5,11,6.0,18,12,-6.0,4,12,8.0,20,0.3389830508474576,11,0.1864406779661017,9,0.15254237288135594,-2
P1,P1_psd_bandpower_from_derivatives,PSD_REGION_ABSOLUTE,ds006036__EO_or_photomark,AD_vs_FTD,8,FTD,AD,59,5,0.5423728813559322,0.5084745762711864,-0.03389830508474578,0.4915458937198067,0.43236714975845414,-0.05917874396135259,0.48296007789678674,0.3900178253119429,-0.09294225258484384,-0.018548920855176055,-0.17583479290554319,-0.15728587205036712,0.375,0.2,-0.175,0.2608695652173913,0.08695652173913043,-0.17391304347826086,0.30769230769230765,0.12121212121212122,-0.18648018648018644,23,23,0.0,0.6046511627906976,0.5714285714285714,-0.03322259136212624,0.7222222222222222,0.7777777777777778,0.05555555555555558,0.6582278481012659,0.6588235294117646,0.0005956813104986969,36,36,0.0,26,28,2.0,6,2,-4.0,17,21,4.0,10,8,-2.0,24,0.4067796610169492,13,0.22033898305084745,11,0.1864406779661017,-2
P1,P1_psd_bandpower_from_derivatives,PSD_REGION_ABSOLUTE,ds006036__EO_or_photomark,AD_vs_FTD,9,FTD,AD,59,5,0.5932203389830508,0.4745762711864407,-0.11864406779661013,0.5567632850241546,0.44384057971014496,-0.11292270531400966,0.556390977443609,0.4432267884322679,-0.11316418901134107,0.11849659990981011,-0.11328060967415696,-0.23177720958396708,0.47368421052631576,0.3181818181818182,-0.1555023923444976,0.391304347826087,0.30434782608695654,-0.08695652173913043,0.42857142857142855,0.31111111111111117,-0.11746031746031738,23,23,0.0,0.65,0.5675675675675675,-0.08243243243243248,0.7222222222222222,0.5833333333333334,-0.13888888888888884,0.6842105263157895,0.5753424657534246,-0.10886806056236487,36,36,0.0,26,21,-5.0,9,7,-2.0,14,16,2.0,10,15,5.0,17,0.288135593220339,12,0.2033898305084746,5,0.0847457627118644,-7
P1,P1_psd_bandpower_from_derivatives,PSD_REGION_ABSOLUTE,ds006036__EO_or_photomark,AD_vs_FTD,10,FTD,AD,59,5,0.5423728813559322,0.4915254237288136,-0.05084745762711862,0.46014492753623193,0.4184782608695652,-0.04166666666666674,0.40934371523915464,0.38025210084033617,-0.029091614398818466,-0.11355301911460841,-0.20417456493017655,-0.09062154581556814,0.25,0.18181818181818182,-0.06818181818181818,0.08695652173913043,0.08695652173913043,0.0,0.12903225806451613,0.1176470588235294,-0.01138519924098673,23,23,0.0,0.5882352941176471,0.5625,-0.02573529411764708,0.8333333333333334,0.75,-0.08333333333333337,0.6896551724137931,0.6428571428571429,-0.046798029556650245,36,36,0.0,30,27,-3.0,2,2,0.0,21,21,0.0,6,9,3.0,9,0.15254237288135594,6,0.1016949152542373,3,0.05084745762711865,-3
P1,P1_psd_bandpower_from_derivatives,PSD_REGION_ABSOLUTE,ds006036__EO_or_photomark,AD_vs_FTD,11,FTD,AD,59,5,0.6101694915254238,0.4576271186440678,-0.15254237288135597,0.5314009661835748,0.4142512077294686,-0.11714975845410619,0.4968483500185391,0.4085213032581454,-0.08832704676039371,0.0894660150599945,-0.17900550199141527,-0.26847151705140976,0.5,0.2631578947368421,-0.2368421052631579,0.17391304347826086,0.21739130434782608,0.043478260869565216,0.25806451612903225,0.23809523809523808,-0.01996927803379417,23,23,0.0,0.6274509803921569,0.55,-0.07745098039215681,0.8888888888888888,0.6111111111111112,-0.2777777777777777,0.735632183908046,0.5789473684210527,-0.1566848154869933,36,36,0.0,32,22,-10.0,4,5,1.0,19,18,-1.0,4,14,10.0,19,0.3220338983050847,14,0.23728813559322035,5,0.0847457627118644,-9
P1,P1_psd_bandpower_from_derivatives,PSD_REGION_ABSOLUTE,ds006036__EO_or_photomark,AD_vs_FTD,12,FTD,AD,59,5,0.5084745762711864,0.5084745762711864,0.0,0.46376811594202894,0.4873188405797102,0.023550724637681264,0.45802977510294585,0.4872640095894517,0.02923423448650586,-0.07675521650975066,-0.025180507759266745,0.051574708750483915,0.3333333333333333,0.375,0.041666666666666685,0.2608695652173913,0.391304347826087,0.13043478260869568,0.2926829268292683,0.3829787234042554,0.0902957965749871,23,23,0.0,0.5853658536585366,0.6,0.014634146341463428,0.6666666666666666,0.5833333333333334,-0.08333333333333326,0.6233766233766234,0.591549295774648,-0.031827327601975375,36,36,0.0,24,21,-3.0,6,9,3.0,17,14,-3.0,12,15,3.0,20,0.3389830508474576,10,0.1694915254237288,10,0.1694915254237288,0
P1,P1_psd_bandpower_from_derivatives,PSD_REGION_ABSOLUTE,ds006036__EO_or_photomark,AD_vs_FTD,13,FTD,AD,59,5,0.4915254237288136,0.5932203389830508,0.10169491525423724,0.47342995169082125,0.5096618357487922,0.03623188405797095,0.4732142857142857,0.46363636363636374,-0.009577922077921963,-0.052447892922491114,0.029144333132531612,0.08159222605502273,0.36,0.42857142857142855,0.06857142857142856,0.391304347826087,0.13043478260869565,-0.26086956521739135,0.37499999999999994,0.2,-0.17499999999999993,23,23,0.0,0.5882352941176471,0.6153846153846154,0.02714932126696834,0.5555555555555556,0.8888888888888888,0.33333333333333326,0.5714285714285715,0.7272727272727274,0.1558441558441559,36,36,0.0,20,32,12.0,9,3,-6.0,14,20,6.0,16,4,-12.0,24,0.4067796610169492,9,0.15254237288135594,15,0.2542372881355932,6
P1,P1_psd_bandpower_from_derivatives,PSD_REGION_ABSOLUTE,ds006036__EO_or_photomark,AD_vs_FTD,14,FTD,AD,59,5,0.4576271186440678,0.5084745762711864,0.05084745762711862,0.4142512077294686,0.4716183574879227,0.057367149758454083,0.4085213032581454,0.4694573643410852,0.06093606108293981,-0.17900550199141527,-0.058483773731839564,0.1205217282595757,0.2631578947368421,0.35,0.08684210526315789,0.21739130434782608,0.30434782608695654,0.08695652173913046,0.23809523809523808,0.3255813953488372,0.0874861572535991,23,23,0.0,0.55,0.5897435897435898,0.03974358974358971,0.6111111111111112,0.6388888888888888,0.02777777777777768,0.5789473684210527,0.6133333333333332,0.03438596491228052,36,36,0.0,22,23,1.0,5,7,2.0,18,16,-2.0,14,13,-1.0,17,0.288135593220339,7,0.11864406779661017,10,0.1694915254237288,3
P1,P1_psd_bandpower_from_derivatives,PSD_REGION_ABSOLUTE,ds006036__EO_or_photomark,AD_vs_FTD,15,FTD,AD,59,5,0.6271186440677966,0.576271186440678,-0.05084745762711862,0.592391304347826,0.5350241545893719,-0.05736714975845414,0.593358395989975,0.5327842888818499,-0.06057410710812505,0.19287212538511644,0.07419670929275898,-0.11867541609235746,0.5263157894736842,0.4444444444444444,-0.08187134502923976,0.43478260869565216,0.34782608695652173,-0.08695652173913043,0.47619047619047616,0.3902439024390244,-0.08594657375145176,23,23,0.0,0.675,0.6341463414634146,-0.0408536585365854,0.75,0.7222222222222222,-0.02777777777777779,0.7105263157894738,0.6753246753246753,-0.035201640464798456,36,36,0.0,27,26,-1.0,10,8,-2.0,13,15,2.0,9,10,1.0,23,0.3898305084745763,13,0.22033898305084745,10,0.1694915254237288,-3
P1,P1_psd_bandpower_from_derivatives,PSD_REGION_ABSOLUTE,ds006036__EO_or_photomark,AD_vs_FTD,16,FTD,AD,59,5,0.4745762711864407,0.5084745762711864,0.03389830508474573,0.44384057971014496,0.46376811594202894,0.01992753623188398,0.4432267884322679,0.45802977510294585,0.01480298667067792,-0.11328060967415696,-0.07675521650975066,0.0365253931644063,0.3181818181818182,0.3333333333333333,0.015151515151515138,0.30434782608695654,0.2608695652173913,-0.043478260869565244,0.31111111111111117,0.2926829268292683,-0.018428184281842896,23,23,0.0,0.5675675675675675,0.5853658536585366,0.017798286090969007,0.5833333333333334,0.6666666666666666,0.08333333333333326,0.5753424657534246,0.6233766233766234,0.04803415762319874,36,36,0.0,21,24,3.0,7,6,-1.0,16,17,1.0,15,12,-3.0,18,0.3050847457627119,8,0.13559322033898305,10,0.1694915254237288,2
P1,P1_psd_bandpower_from_derivatives,PSD_REGION_ABSOLUTE,ds006036__EO_or_photomark,AD_vs_FTD,17,FTD,AD,59,5,0.5254237288135594,0.423728813559322,-0.10169491525423735,0.4855072463768116,0.3707729468599034,-0.11473429951690817,0.48245614035087714,0.3570512820512821,-0.12540485829959502,-0.03025445104080258,-0.27832325769841126,-0.2480688066576087,0.3684210526315789,0.17647058823529413,-0.1919504643962848,0.30434782608695654,0.13043478260869565,-0.1739130434782609,0.3333333333333333,0.15,-0.18333333333333332,23,23,0.0,0.6,0.5238095238095238,-0.07619047619047614,0.6666666666666666,0.6111111111111112,-0.05555555555555547,0.631578947368421,0.5641025641025642,-0.06747638326585681,36,36,0.0,24,22,-2.0,7,3,-4.0,16,20,4.0,12,14,2.0,26,0.4406779661016949,16,0.2711864406779661,10,0.1694915254237288,-6
P1,P1_psd_bandpower_from_derivatives,PSD_REGION_ABSOLUTE,ds006036__EO_or_photomark,AD_vs_FTD,18,FTD,AD,59,5,0.559322033898305,0.5932203389830508,0.03389830508474578,0.4818840579710145,0.5410628019323671,0.05917874396135259,0.4425872093023256,0.5342105263157895,0.09162331701346388,-0.04914731871829904,0.09198600900533842,0.14113332772363746,0.3333333333333333,0.4666666666666667,0.13333333333333336,0.13043478260869565,0.30434782608695654,0.1739130434782609,0.18750000000000003,0.3684210526315789,0.1809210526315789,23,23,0.0,0.6,0.6363636363636364,0.036363636363636376,0.8333333333333334,0.7777777777777778,-0.05555555555555558,0.6976744186046512,0.7000000000000001,0.0023255813953488857,36,36,0.0,30,28,-2.0,3,7,4.0,20,16,-4.0,6,8,2.0,16,0.2711864406779661,7,0.11864406779661017,9,0.15254237288135594,2
P1,P1_psd_bandpower_from_derivatives,PSD_REGION_ABSOLUTE,ds006036__EO_or_photomark,AD_vs_FTD,19,FTD,AD,59,5,0.4576271186440678,0.576271186440678,0.11864406779661019,0.4142512077294686,0.5271739130434783,0.11292270531400966,0.4085213032581454,0.5212593313859136,0.11273802812776823,-0.17900550199141527,0.05962153132020875,0.23862703331162402,0.2631578947368421,0.4375,0.1743421052631579,0.21739130434782608,0.30434782608695654,0.08695652173913046,0.23809523809523808,0.358974358974359,0.1208791208791209,23,23,0.0,0.55,0.627906976744186,0.07790697674418601,0.6111111111111112,0.75,0.13888888888888884,0.5789473684210527,0.6835443037974683,0.10459693537641568,36,36,0.0,22,27,5.0,5,7,2.0,18,16,-2.0,14,9,-5.0,19,0.3220338983050847,6,0.1016949152542373,13,0.22033898305084745,7
P1,P1_psd_bandpower_from_derivatives,PSD_REGION_ABSOLUTE,ds006036__EO_or_photomark,AD_vs_FTD,20,FTD,AD,59,5,0.5084745762711864,0.4915254237288136,-0.016949152542372836,0.46376811594202894,0.42632850241545894,-0.03743961352656999,0.45802977510294585,0.40040650406504064,-0.05762327103790521,-0.07675521650975066,-0.17337803251346703,-0.09662281600371637,0.3333333333333333,0.23076923076923078,-0.10256410256410253,0.2608695652173913,0.13043478260869565,-0.13043478260869565,0.2926829268292683,0.16666666666666669,-0.1260162601626016,23,23,0.0,0.5853658536585366,0.5652173913043478,-0.020148462354188768,0.6666666666666666,0.7222222222222222,0.05555555555555558,0.6233766233766234,0.6341463414634146,0.01076971808679128,36,36,0.0,24,26,2.0,6,3,-3.0,17,20,3.0,12,10,-2.0,21,0.3559322033898305,11,0.1864406779661017,10,0.1694915254237288,-1
P1,P1_psd_bandpower_from_derivatives,PSD_REGION_ABSOLUTE,ds006036__EO_or_photomark,CN_vs_FTD,1,CN,FTD,52,5,0.7115384615384616,0.7307692307692307,0.019230769230769162,0.6874062968515742,0.7091454272863569,0.021739130434782705,0.6853569987898347,0.7097288676236045,0.02437186883376985,0.4196829012986555,0.4585585492710023,0.03887564797234683,0.6842105263157895,0.7027027027027027,0.01849217638691325,0.896551724137931,0.896551724137931,0.0,0.7761194029850746,0.787878787878788,0.01175938489371331,29,29,0.0,0.7857142857142857,0.8,0.014285714285714346,0.4782608695652174,0.5217391304347826,0.04347826086956519,0.5945945945945946,0.6315789473684211,0.0369843527738265,23,23,0.0,11,12,1.0,26,26,0.0,3,3,0.0,12,11,-1.0,7,0.1346153846153846,3,0.057692307692307696,4,0.07692307692307693,1
P1,P1_psd_bandpower_from_derivatives,PSD_REGION_ABSOLUTE,ds006036__EO_or_photomark,CN_vs_FTD,2,CN,FTD,52,5,0.7307692307692307,0.6923076923076923,-0.038461538461538436,0.7001499250374813,0.6656671664167916,-0.034482758620689724,0.6941176470588236,0.6601307189542482,-0.033986928104575376,0.48681065303350424,0.38003655890841154,-0.1067740941250927,0.6829268292682927,0.6666666666666666,-0.016260162601626105,0.9655172413793104,0.896551724137931,-0.06896551724137934,0.8000000000000002,0.7647058823529411,-0.03529411764705903,29,29,0.0,0.9090909090909091,0.7692307692307693,-0.1398601398601398,0.43478260869565216,0.43478260869565216,0.0,0.5882352941176471,0.5555555555555555,-0.03267973856209161,23,23,0.0,10,10,0.0,28,26,-2.0,1,3,2.0,13,13,0.0,6,0.11538461538461539,4,0.07692307692307693,2,0.038461538461538464,-2
P1,P1_psd_bandpower_from_derivatives,PSD_REGION_ABSOLUTE,ds006036__EO_or_photomark,CN_vs_FTD,3,CN,FTD,52,5,0.6730769230769231,0.6538461538461539,-0.019230769230769273,0.6484257871064467,0.6356821589205397,-0.012743628185907019,0.6434045986284792,0.634375,-0.009029598628479185,0.3323888578285351,0.28731425575794206,-0.04507460207059305,0.6578947368421053,0.6571428571428571,-0.0007518796992481702,0.8620689655172413,0.7931034482758621,-0.06896551724137923,0.746268656716418,0.71875,-0.027518656716417955,29,29,0.0,0.7142857142857143,0.6470588235294118,-0.0672268907563025,0.43478260869565216,0.4782608695652174,0.043478260869565244,0.5405405405405405,0.55,0.009459459459459585,23,23,0.0,10,11,1.0,25,23,-2.0,4,6,2.0,13,12,-1.0,9,0.17307692307692307,5,0.09615384615384616,4,0.07692307692307693,-1
P1,P1_psd_bandpower_from_derivatives,PSD_REGION_ABSOLUTE,ds006036__EO_or_photomark,CN_vs_FTD,4,CN,FTD,52,5,0.7307692307692307,0.7115384615384616,-0.019230769230769162,0.704647676161919,0.6829085457271364,-0.021739130434782594,0.7026143790849673,0.6770186335403726,-0.02559574554459465,0.4694569257103907,0.43122734316049044,-0.038229582549900276,0.6923076923076923,0.675,-0.017307692307692246,0.9310344827586207,0.9310344827586207,0.0,0.7941176470588235,0.7826086956521738,-0.011508951406649648,29,29,0.0,0.8461538461538461,0.8333333333333334,-0.012820512820512775,0.4782608695652174,0.43478260869565216,-0.043478260869565244,0.6111111111111112,0.5714285714285714,-0.039682539682539764,23,23,0.0,11,10,-1.0,27,27,0.0,2,2,0.0,12,13,1.0,5,0.09615384615384616,3,0.057692307692307696,2,0.038461538461538464,-1
P1,P1_psd_bandpower_from_derivatives,PSD_REGION_ABSOLUTE,ds006036__EO_or_photomark,CN_vs_FTD,5,CN,FTD,52,5,0.7307692307692307,0.7884615384615384,0.05769230769230771,0.7001499250374813,0.7608695652173914,0.06071964017991005,0.6941176470588236,0.7631469979296066,0.06902935087078299,0.48681065303350424,0.615029161556765,0.12821850852326078,0.6829268292682927,0.725,0.04207317073170724,0.9655172413793104,1.0,0.03448275862068961,0.8000000000000002,0.8405797101449275,0.04057971014492734,29,29,0.0,0.9090909090909091,1.0,0.09090909090909094,0.43478260869565216,0.5217391304347826,0.08695652173913043,0.5882352941176471,0.6857142857142856,0.09747899159663853,23,23,0.0,10,12,2.0,28,29,1.0,1,0,-1.0,13,11,-2.0,5,0.09615384615384616,1,0.019230769230769232,4,0.07692307692307693,3
P1,P1_psd_bandpower_from_derivatives,PSD_REGION_ABSOLUTE,ds006036__EO_or_photomark,CN_vs_FTD,6,CN,FTD,52,5,0.6923076923076923,0.7307692307692307,0.038461538461538436,0.6611694152923538,0.704647676161919,0.04347826086956519,0.6504201680672269,0.7026143790849673,0.052194211017740355,0.3920010876487019,0.4694569257103907,0.07745583806168882,0.6585365853658537,0.6923076923076923,0.0337711069418386,0.9310344827586207,0.9310344827586207,0.0,0.7714285714285715,0.7941176470588235,0.02268907563025202,29,29,0.0,0.8181818181818182,0.8461538461538461,0.027972027972027913,0.391304347826087,0.4782608695652174,0.08695652173913043,0.5294117647058824,0.6111111111111112,0.0816993464052288,23,23,0.0,9,11,2.0,27,27,0.0,2,2,0.0,14,12,-2.0,12,0.23076923076923078,5,0.09615384615384616,7,0.1346153846153846,2
P1,P1_psd_bandpower_from_derivatives,PSD_REGION_ABSOLUTE,ds006036__EO_or_photomark,CN_vs_FTD,7,CN,FTD,52,5,0.7307692307692307,0.6923076923076923,-0.038461538461538436,0.7001499250374813,0.6656671664167916,-0.034482758620689724,0.6941176470588236,0.6601307189542482,-0.033986928104575376,0.48681065303350424,0.38003655890841154,-0.1067740941250927,0.6829268292682927,0.6666666666666666,-0.016260162601626105,0.9655172413793104,0.896551724137931,-0.06896551724137934,0.8000000000000002,0.7647058823529411,-0.03529411764705903,29,29,0.0,0.9090909090909091,0.7692307692307693,-0.1398601398601398,0.43478260869565216,0.43478260869565216,0.0,0.5882352941176471,0.5555555555555555,-0.03267973856209161,23,23,0.0,10,10,0.0,28,26,-2.0,1,3,2.0,13,13,0.0,12,0.23076923076923078,7,0.1346153846153846,5,0.09615384615384616,-2
P1,P1_psd_bandpower_from_derivatives,PSD_REGION_ABSOLUTE,ds006036__EO_or_photomark,CN_vs_FTD,8,CN,FTD,52,5,0.7692307692307693,0.6923076923076923,-0.07692307692307698,0.7436281859070465,0.6701649175412294,-0.07346326836581707,0.7450980392156863,0.6682615629984051,-0.07683647621728118,0.5588772925123698,0.3730924397294535,-0.18578485278291634,0.717948717948718,0.6756756756756757,-0.042273042273042294,0.9655172413793104,0.8620689655172413,-0.10344827586206906,0.8235294117647058,0.7575757575757576,-0.06595365418894827,29,29,0.0,0.9230769230769231,0.7333333333333333,-0.18974358974358985,0.5217391304347826,0.4782608695652174,-0.04347826086956519,0.6666666666666667,0.5789473684210527,-0.08771929824561409,23,23,0.0,12,11,-1.0,28,25,-3.0,1,4,3.0,11,12,1.0,12,0.23076923076923078,8,0.15384615384615385,4,0.07692307692307693,-4
P1,P1_psd_bandpower_from_derivatives,PSD_REGION_ABSOLUTE,ds006036__EO_or_photomark,CN_vs_FTD,9,CN,FTD,52,5,0.6346153846153846,0.75,0.11538461538461542,0.6004497751124438,0.7308845577211394,0.13043478260869557,0.5783183952198037,0.7333333333333334,0.15501493811352973,0.25317291159795896,0.49690865112501836,0.2437357395270594,0.6190476190476191,0.7222222222222222,0.10317460317460314,0.896551724137931,0.896551724137931,0.0,0.732394366197183,0.7999999999999999,0.06760563380281692,29,29,0.0,0.7,0.8125,0.11250000000000004,0.30434782608695654,0.5652173913043478,0.26086956521739124,0.42424242424242425,0.6666666666666667,0.2424242424242425,23,23,0.0,7,13,6.0,26,26,0.0,3,3,0.0,16,10,-6.0,12,0.23076923076923078,3,0.057692307692307696,9,0.17307692307692307,6
P1,P1_psd_bandpower_from_derivatives,PSD_REGION_ABSOLUTE,ds006036__EO_or_photomark,CN_vs_FTD,10,CN,FTD,52,5,0.7307692307692307,0.7115384615384616,-0.019230769230769162,0.7091454272863569,0.6829085457271364,-0.026236881559220437,0.7097288676236045,0.6770186335403726,-0.032710234083231926,0.4585585492710023,0.43122734316049044,-0.027331206110511874,0.7027027027027027,0.675,-0.027702702702702697,0.896551724137931,0.9310344827586207,0.03448275862068961,0.787878787878788,0.7826086956521738,-0.00527009222661412,29,29,0.0,0.8,0.8333333333333334,0.033333333333333326,0.5217391304347826,0.43478260869565216,-0.08695652173913043,0.6315789473684211,0.5714285714285714,-0.06015037593984973,23,23,0.0,12,10,-2.0,26,27,1.0,3,2,-1.0,11,13,2.0,7,0.1346153846153846,4,0.07692307692307693,3,0.057692307692307696,-1
P1,P1_psd_bandpower_from_derivatives,PSD_REGION_ABSOLUTE,ds006036__EO_or_photomark,CN_vs_FTD,11,CN,FTD,52,5,0.7307692307692307,0.7115384615384616,-0.019230769230769162,0.7001499250374813,0.6919040479760119,-0.008245877061469398,0.6941176470588236,0.6923076923076923,-0.0018099547511313263,0.48681065303350424,0.41301498275326204,-0.0737956702802422,0.6829268292682927,0.6944444444444444,0.011517615176151685,0.9655172413793104,0.8620689655172413,-0.10344827586206906,0.8000000000000002,0.7692307692307692,-0.030769230769230993,29,29,0.0,0.9090909090909091,0.75,-0.15909090909090906,0.43478260869565216,0.5217391304347826,0.08695652173913043,0.5882352941176471,0.6153846153846153,0.02714932126696823,23,23,0.0,10,12,2.0,28,25,-3.0,1,4,3.0,13,11,-2.0,13,0.25,7,0.1346153846153846,6,0.11538461538461539,-1
P1,P1_psd_bandpower_from_derivatives,PSD_REGION_ABSOLUTE,ds006036__EO_or_photomark,CN_vs_FTD,12,CN,FTD,52,5,0.7115384615384616,0.7307692307692307,0.019230769230769162,0.6874062968515742,0.7001499250374813,0.01274362818590713,0.6853569987898347,0.6941176470588236,0.008760648268988924,0.4196829012986555,0.48681065303350424,0.06712775173484875,0.6842105263157895,0.6829268292682927,-0.0012836970474967568,0.896551724137931,0.9655172413793104,0.06896551724137934,0.7761194029850746,0.8000000000000002,0.02388059701492551,29,29,0.0,0.7857142857142857,0.9090909090909091,0.12337662337662336,0.4782608695652174,0.43478260869565216,-0.043478260869565244,0.5945945945945946,0.5882352941176471,-0.006359300476947549,23,23,0.0,11,10,-1.0,26,28,2.0,3,1,-2.0,12,13,1.0,13,0.25,6,0.11538461538461539,7,0.1346153846153846,1
P1,P1_psd_bandpower_from_derivatives,PSD_REGION_ABSOLUTE,ds006036__EO_or_photomark,CN_vs_FTD,13,CN,FTD,52,5,0.75,0.7307692307692307,-0.019230769230769273,0.7218890554722639,0.7181409295352323,-0.0037481259370315545,0.7200828157349897,0.7204301075268817,0.00034729179189207926,0.5231282523586277,0.44998320186528457,-0.07314505049334313,0.7,0.7272727272727273,0.027272727272727337,0.9655172413793104,0.8275862068965517,-0.13793103448275867,0.8115942028985508,0.7741935483870968,-0.03740065451145402,29,29,0.0,0.9166666666666666,0.7368421052631579,-0.17982456140350878,0.4782608695652174,0.6086956521739131,0.13043478260869568,0.6285714285714286,0.6666666666666666,0.03809523809523807,23,23,0.0,11,14,3.0,28,24,-4.0,1,5,4.0,12,9,-3.0,11,0.21153846153846154,6,0.11538461538461539,5,0.09615384615384616,-1
P1,P1_psd_bandpower_from_derivatives,PSD_REGION_ABSOLUTE,ds006036__EO_or_photomark,CN_vs_FTD,14,CN,FTD,52,5,0.7115384615384616,0.75,0.038461538461538436,0.6874062968515742,0.7308845577211394,0.04347826086956519,0.6853569987898347,0.7333333333333334,0.0479763345434987,0.4196829012986555,0.49690865112501836,0.07722574982636288,0.6842105263157895,0.7222222222222222,0.03801169590643272,0.896551724137931,0.896551724137931,0.0,0.7761194029850746,0.7999999999999999,0.023880597014925287,29,29,0.0,0.7857142857142857,0.8125,0.0267857142857143,0.4782608695652174,0.5652173913043478,0.08695652173913038,0.5945945945945946,0.6666666666666667,0.07207207207207211,23,23,0.0,11,13,2.0,26,26,0.0,3,3,0.0,12,10,-2.0,16,0.3076923076923077,7,0.1346153846153846,9,0.17307692307692307,2
P1,P1_psd_bandpower_from_derivatives,PSD_REGION_ABSOLUTE,ds006036__EO_or_photomark,CN_vs_FTD,15,CN,FTD,52,5,0.7692307692307693,0.8269230769230769,0.0576923076923076,0.7481259370314842,0.8043478260869565,0.05622188905547232,0.7511961722488039,0.8112141992739008,0.060018027025096954,0.5440246588125511,0.6815650317090165,0.13754037289646537,0.7297297297297297,0.7631578947368421,0.03342816500711243,0.9310344827586207,1.0,0.06896551724137934,0.8181818181818181,0.8656716417910448,0.04748982360922671,29,29,0.0,0.8666666666666667,1.0,0.1333333333333333,0.5652173913043478,0.6086956521739131,0.0434782608695653,0.6842105263157895,0.7567567567567568,0.07254623044096731,23,23,0.0,13,14,1.0,27,29,2.0,2,0,-2.0,10,9,-1.0,9,0.17307692307692307,3,0.057692307692307696,6,0.11538461538461539,3
P1,P1_psd_bandpower_from_derivatives,PSD_REGION_ABSOLUTE,ds006036__EO_or_photomark,CN_vs_FTD,16,CN,FTD,52,5,0.7884615384615384,0.75,-0.038461538461538436,0.7698650674662668,0.7308845577211394,-0.038980509745127456,0.7743589743589744,0.7333333333333334,-0.04102564102564099,0.5808023194967747,0.49690865112501836,-0.08389366837175638,0.75,0.7222222222222222,-0.02777777777777779,0.9310344827586207,0.896551724137931,-0.03448275862068961,0.8307692307692308,0.7999999999999999,-0.030769230769230882,29,29,0.0,0.875,0.8125,-0.0625,0.6086956521739131,0.5652173913043478,-0.0434782608695653,0.717948717948718,0.6666666666666667,-0.05128205128205121,23,23,0.0,14,13,-1.0,27,26,-1.0,2,3,1.0,9,10,1.0,10,0.19230769230769232,6,0.11538461538461539,4,0.07692307692307693,-2
P1,P1_psd_bandpower_from_derivatives,PSD_REGION_ABSOLUTE,ds006036__EO_or_photomark,CN_vs_FTD,17,CN,FTD,52,5,0.7307692307692307,0.7115384615384616,-0.019230769230769162,0.7136431784107946,0.6964017991004497,-0.017241379310344862,0.7156250000000001,0.6980255516840883,-0.01759944831591176,0.4524008999503507,0.4100744048711776,-0.04232649507917313,0.7142857142857143,0.7058823529411765,-0.008403361344537785,0.8620689655172413,0.8275862068965517,-0.03448275862068961,0.7812500000000001,0.7619047619047619,-0.01934523809523825,29,29,0.0,0.7647058823529411,0.7222222222222222,-0.042483660130718914,0.5652173913043478,0.5652173913043478,0.0,0.65,0.6341463414634146,-0.01585365853658538,23,23,0.0,13,13,0.0,25,24,-1.0,4,5,1.0,10,10,0.0,13,0.25,7,0.1346153846153846,6,0.11538461538461539,-1
P1,P1_psd_bandpower_from_derivatives,PSD_REGION_ABSOLUTE,ds006036__EO_or_photomark,CN_vs_FTD,18,CN,FTD,52,5,0.7307692307692307,0.7692307692307693,0.03846153846153855,0.7136431784107946,0.7526236881559221,0.038980509745127456,0.7156250000000001,0.75625,0.04062499999999991,0.4524008999503507,0.534944222046555,0.0825433220962043,0.7142857142857143,0.7428571428571429,0.02857142857142858,0.8620689655172413,0.896551724137931,0.034482758620689724,0.7812500000000001,0.8125,0.03124999999999989,29,29,0.0,0.7647058823529411,0.8235294117647058,0.05882352941176472,0.5652173913043478,0.6086956521739131,0.0434782608695653,0.65,0.7,0.04999999999999993,23,23,0.0,13,14,1.0,25,26,1.0,4,3,-1.0,10,9,-1.0,8,0.15384615384615385,3,0.057692307692307696,5,0.09615384615384616,2
P1,P1_psd_bandpower_from_derivatives,PSD_REGION_ABSOLUTE,ds006036__EO_or_photomark,CN_vs_FTD,19,CN,FTD,52,5,0.75,0.7307692307692307,-0.019230769230769273,0.7263868065967016,0.7136431784107946,-0.012743628185907019,0.7273093989511898,0.7156250000000001,-0.011684398951189778,0.5069769447687759,0.4524008999503507,-0.05457604481842515,0.7105263157894737,0.7142857142857143,0.003759398496240629,0.9310344827586207,0.8620689655172413,-0.06896551724137934,0.8059701492537312,0.7812500000000001,-0.024720149253731116,29,29,0.0,0.8571428571428571,0.7647058823529411,-0.09243697478991597,0.5217391304347826,0.5652173913043478,0.04347826086956519,0.6486486486486486,0.65,0.0013513513513514486,23,23,0.0,12,13,1.0,27,25,-2.0,2,4,2.0,11,10,-1.0,15,0.28846153846153844,8,0.15384615384615385,7,0.1346153846153846,-1
P1,P1_psd_bandpower_from_derivatives,PSD_REGION_ABSOLUTE,ds006036__EO_or_photomark,CN_vs_FTD,20,CN,FTD,52,5,0.7115384615384616,0.7307692307692307,0.019230769230769162,0.6829085457271364,0.704647676161919,0.021739130434782594,0.6770186335403726,0.7026143790849673,0.02559574554459465,0.43122734316049044,0.4694569257103907,0.038229582549900276,0.675,0.6923076923076923,0.017307692307692246,0.9310344827586207,0.9310344827586207,0.0,0.7826086956521738,0.7941176470588235,0.011508951406649648,29,29,0.0,0.8333333333333334,0.8461538461538461,0.012820512820512775,0.43478260869565216,0.4782608695652174,0.043478260869565244,0.5714285714285714,0.6111111111111112,0.039682539682539764,23,23,0.0,10,11,1.0,27,27,0.0,2,2,0.0,13,12,-1.0,9,0.17307692307692307,4,0.07692307692307693,5,0.09615384615384616,1
