split_family,layer,world,condition,task,negative_class,positive_class,repeat_n,cross_split_family_pairing_performed,p_values_computed,original_macro_f1_n,original_macro_f1_mean,original_macro_f1_sd,original_macro_f1_median,original_macro_f1_q1,original_macro_f1_q3,original_macro_f1_min,original_macro_f1_max,adjusted_macro_f1_n,adjusted_macro_f1_mean,adjusted_macro_f1_sd,adjusted_macro_f1_median,adjusted_macro_f1_q1,adjusted_macro_f1_q3,adjusted_macro_f1_min,adjusted_macro_f1_max,delta_macro_f1_adjusted_minus_original_n,delta_macro_f1_adjusted_minus_original_mean,delta_macro_f1_adjusted_minus_original_sd,delta_macro_f1_adjusted_minus_original_median,delta_macro_f1_adjusted_minus_original_q1,delta_macro_f1_adjusted_minus_original_q3,delta_macro_f1_adjusted_minus_original_min,delta_macro_f1_adjusted_minus_original_max,original_balanced_accuracy_n,original_balanced_accuracy_mean,original_balanced_accuracy_sd,original_balanced_accuracy_median,original_balanced_accuracy_q1,original_balanced_accuracy_q3,original_balanced_accuracy_min,original_balanced_accuracy_max,adjusted_balanced_accuracy_n,adjusted_balanced_accuracy_mean,adjusted_balanced_accuracy_sd,adjusted_balanced_accuracy_median,adjusted_balanced_accuracy_q1,adjusted_balanced_accuracy_q3,adjusted_balanced_accuracy_min,adjusted_balanced_accuracy_max,delta_balanced_accuracy_adjusted_minus_original_n,delta_balanced_accuracy_adjusted_minus_original_mean,delta_balanced_accuracy_adjusted_minus_original_sd,delta_balanced_accuracy_adjusted_minus_original_median,delta_balanced_accuracy_adjusted_minus_original_q1,delta_balanced_accuracy_adjusted_minus_original_q3,delta_balanced_accuracy_adjusted_minus_original_min,delta_balanced_accuracy_adjusted_minus_original_max,original_mcc_n,original_mcc_mean,original_mcc_sd,original_mcc_median,original_mcc_q1,original_mcc_q3,original_mcc_min,original_mcc_max,adjusted_mcc_n,adjusted_mcc_mean,adjusted_mcc_sd,adjusted_mcc_median,adjusted_mcc_q1,adjusted_mcc_q3,adjusted_mcc_min,adjusted_mcc_max,delta_mcc_adjusted_minus_original_n,delta_mcc_adjusted_minus_original_mean,delta_mcc_adjusted_minus_original_sd,delta_mcc_adjusted_minus_original_median,delta_mcc_adjusted_minus_original_q1,delta_mcc_adjusted_minus_original_q3,delta_mcc_adjusted_minus_original_min,delta_mcc_adjusted_minus_original_max,original_precision_negative_n,original_precision_negative_mean,original_precision_negative_sd,original_precision_negative_median,original_precision_negative_q1,original_precision_negative_q3,original_precision_negative_min,original_precision_negative_max,adjusted_precision_negative_n,adjusted_precision_negative_mean,adjusted_precision_negative_sd,adjusted_precision_negative_median,adjusted_precision_negative_q1,adjusted_precision_negative_q3,adjusted_precision_negative_min,adjusted_precision_negative_max,original_recall_negative_n,original_recall_negative_mean,original_recall_negative_sd,original_recall_negative_median,original_recall_negative_q1,original_recall_negative_q3,original_recall_negative_min,original_recall_negative_max,adjusted_recall_negative_n,adjusted_recall_negative_mean,adjusted_recall_negative_sd,adjusted_recall_negative_median,adjusted_recall_negative_q1,adjusted_recall_negative_q3,adjusted_recall_negative_min,adjusted_recall_negative_max,original_f1_negative_n,original_f1_negative_mean,original_f1_negative_sd,original_f1_negative_median,original_f1_negative_q1,original_f1_negative_q3,original_f1_negative_min,original_f1_negative_max,adjusted_f1_negative_n,adjusted_f1_negative_mean,adjusted_f1_negative_sd,adjusted_f1_negative_median,adjusted_f1_negative_q1,adjusted_f1_negative_q3,adjusted_f1_negative_min,adjusted_f1_negative_max,original_support_negative_n,original_support_negative_mean,original_support_negative_sd,original_support_negative_median,original_support_negative_q1,original_support_negative_q3,original_support_negative_min,original_support_negative_max,adjusted_support_negative_n,adjusted_support_negative_mean,adjusted_support_negative_sd,adjusted_support_negative_median,adjusted_support_negative_q1,adjusted_support_negative_q3,adjusted_support_negative_min,adjusted_support_negative_max,original_precision_positive_n,original_precision_positive_mean,original_precision_positive_sd,original_precision_positive_median,original_precision_positive_q1,original_precision_positive_q3,original_precision_positive_min,original_precision_positive_max,adjusted_precision_positive_n,adjusted_precision_positive_mean,adjusted_precision_positive_sd,adjusted_precision_positive_median,adjusted_precision_positive_q1,adjusted_precision_positive_q3,adjusted_precision_positive_min,adjusted_precision_positive_max,original_recall_positive_n,original_recall_positive_mean,original_recall_positive_sd,original_recall_positive_median,original_recall_positive_q1,original_recall_positive_q3,original_recall_positive_min,original_recall_positive_max,adjusted_recall_positive_n,adjusted_recall_positive_mean,adjusted_recall_positive_sd,adjusted_recall_positive_median,adjusted_recall_positive_q1,adjusted_recall_positive_q3,adjusted_recall_positive_min,adjusted_recall_positive_max,original_f1_positive_n,original_f1_positive_mean,original_f1_positive_sd,original_f1_positive_median,original_f1_positive_q1,original_f1_positive_q3,original_f1_positive_min,original_f1_positive_max,adjusted_f1_positive_n,adjusted_f1_positive_mean,adjusted_f1_positive_sd,adjusted_f1_positive_median,adjusted_f1_positive_q1,adjusted_f1_positive_q3,adjusted_f1_positive_min,adjusted_f1_positive_max,original_support_positive_n,original_support_positive_mean,original_support_positive_sd,original_support_positive_median,original_support_positive_q1,original_support_positive_q3,original_support_positive_min,original_support_positive_max,adjusted_support_positive_n,adjusted_support_positive_mean,adjusted_support_positive_sd,adjusted_support_positive_median,adjusted_support_positive_q1,adjusted_support_positive_q3,adjusted_support_positive_min,adjusted_support_positive_max,prediction_changed_proportion_n,prediction_changed_proportion_mean,prediction_changed_proportion_sd,prediction_changed_proportion_median,prediction_changed_proportion_q1,prediction_changed_proportion_q3,prediction_changed_proportion_min,prediction_changed_proportion_max,correct_to_incorrect_proportion_n,correct_to_incorrect_proportion_mean,correct_to_incorrect_proportion_sd,correct_to_incorrect_proportion_median,correct_to_incorrect_proportion_q1,correct_to_incorrect_proportion_q3,correct_to_incorrect_proportion_min,correct_to_incorrect_proportion_max,incorrect_to_correct_proportion_n,incorrect_to_correct_proportion_mean,incorrect_to_correct_proportion_sd,incorrect_to_correct_proportion_median,incorrect_to_correct_proportion_q1,incorrect_to_correct_proportion_q3,incorrect_to_correct_proportion_min,incorrect_to_correct_proportion_max
P0,P0_derivative_amplitude_deciles,DERIVED_DECILES_ALL,ds004504__EC,AD_FTD_vs_CN,CN,AD_FTD,20,False,False,20,0.7043640773698839,0.04928353389333496,0.7084394304821908,0.6737862164924335,0.7369471879985066,0.621898821898822,0.7862780813600486,20,0.7178354405095111,0.024947493594577305,0.7194733194733196,0.7106530112044817,0.7375266233124551,0.6462924462924462,0.7471264367816093,20,0.013471363139627057,0.04299090497446772,0.010097387066532237,-0.018999032218492307,0.046138578106337674,-0.04586510200901606,0.08361826799326799,20,0.7114845119812975,0.04381987324037522,0.7178550555230859,0.6873173582700176,0.745178258328463,0.6320864991233197,0.7767387492694331,20,0.7332261835184103,0.02496946806868108,0.7355347749853887,0.7348772647574519,0.7459088252483927,0.657802454704851,0.7694330800701344,20,0.021741671537112827,0.041413628197371266,0.017825832846288803,-0.016583869082407943,0.04471069549970777,-0.03360607831677376,0.10374050263004087,20,0.4167329875661109,0.09535095551696289,0.4226160163407887,0.36431766643015084,0.4779387418034769,0.25255763834767886,0.5768789541081325,20,0.4474366149628948,0.048484690193105584,0.45245578502119144,0.44476743884305114,0.47794799990792014,0.3017281520082889,0.5113627817433313,20,0.03070362739678388,0.08724163231544232,0.02781242690943772,-0.035697217781644294,0.0854879455766406,-0.09053231098440345,0.19095708867995886,20,0.5917932748513377,0.08664683109630682,0.5872210953346856,0.5213557993730408,0.6354166666666666,0.4722222222222222,0.76,20,0.5840024772870275,0.03531801562021208,0.5833333333333334,0.5633208255159474,0.608957219251337,0.5,0.6451612903225806,20,0.6551724137931034,0.06127747011300956,0.6551724137931034,0.6206896551724138,0.6896551724137931,0.5172413793103449,0.7931034482758621,20,0.7206896551724138,0.04990760597833778,0.7241379310344828,0.6896551724137931,0.7327586206896552,0.6206896551724138,0.8275862068965517,20,0.6178595653516437,0.05494102548561281,0.6254133207368919,0.583594566353187,0.6584699453551913,0.5172413793103449,0.7037037037037037,20,0.6440387137209505,0.030099622315539556,0.6478537360890302,0.6459057071960299,0.6595238095238096,0.5538461538461539,0.6865671641791046,20,29.0,0.0,29.0,29.0,29.0,29.0,29.0,20,29.0,0.0,29.0,29.0,29.0,29.0,29.0,20,0.8192596521212109,0.027856369855355598,0.8265027322404372,0.8018311138014528,0.8368706088992974,0.7627118644067796,0.8636363636363636,20,0.8452508886330157,0.022384472177445755,0.8476052249637156,0.8385551948051948,0.8531746031746031,0.7884615384615384,0.8837209302325582,20,0.7677966101694915,0.07875334620636004,0.7627118644067796,0.6949152542372882,0.8220338983050848,0.6440677966101694,0.8983050847457628,20,0.7457627118644068,0.04003355160092218,0.7457627118644068,0.7245762711864406,0.7796610169491526,0.6440677966101694,0.8135593220338984,20,0.7908685893881243,0.047595474651004235,0.7964601769911505,0.7471112999150382,0.8213768115942028,0.7102803738317757,0.8688524590163935,20,0.7916321672980715,0.023719714149803846,0.7927927927927929,0.7777777777777777,0.8090444101648128,0.7387387387387386,0.8275862068965518,20,59.0,0.0,59.0,59.0,59.0,59.0,59.0,20,59.0,0.0,59.0,59.0,59.0,59.0,59.0,20,0.1534090909090909,0.03640473156347656,0.14772727272727273,0.125,0.18181818181818182,0.07954545454545454,0.2159090909090909,20,0.07329545454545455,0.024028254265443468,0.07386363636363635,0.056818181818181816,0.09090909090909091,0.022727272727272728,0.10227272727272728,20,0.08011363636363636,0.032867811947267754,0.07954545454545454,0.056818181818181816,0.10511363636363637,0.022727272727272728,0.13636363636363635
P0,P0_derivative_amplitude_deciles,DERIVED_DECILES_ALL,ds004504__EC,AD_vs_CN,CN,AD,20,False,False,20,0.7304479080082141,0.037029121568486645,0.7353263651743741,0.7065811356616774,0.757429291129398,0.6448087431693988,0.7833333333333333,20,0.7354428735403349,0.041585515252040704,0.7230113636363635,0.7076230568767881,0.7727979612644287,0.6608159392789374,0.8117760617760617,20,0.004994965532120676,0.042365936452503646,-0.00498589248589254,-0.03043158685852923,0.05045332389125906,-0.07611867966910724,0.06480088758202251,20,0.7348419540229885,0.03764324682251143,0.7353927203065134,0.7092911877394636,0.7636494252873564,0.6470306513409961,0.7854406130268199,20,0.7406848659003831,0.040767479344716626,0.7315613026819923,0.7151580459770115,0.7783764367816092,0.664272030651341,0.8098659003831418,20,0.005842911877394613,0.04229388063671424,-0.00023946360153259683,-0.02861590038314185,0.04956896551724135,-0.07279693486590044,0.06896551724137934,20,0.4685009734388526,0.07483775090018065,0.4710077751682966,0.41619727130343764,0.5254049528960902,0.29238572606442875,0.5681666066487776,20,0.48031762398149636,0.08148824873993586,0.46336364919323686,0.4298105168635201,0.5539692829915859,0.3266720001306158,0.6251444083429379,20,0.011816650542643775,0.08412191627363429,-0.0023695752901190803,-0.05594215518335466,0.10228718763623337,-0.14363660679174672,0.13649509765867207,20,0.6769148399674965,0.038809449583642776,0.6857142857142857,0.6569196428571429,0.704248366013072,0.59375,0.7419354838709677,20,0.6790353951799676,0.05099931048454211,0.6666666666666666,0.6435931899641577,0.7108294930875576,0.6060606060606061,0.8148148148148148,20,0.7655172413793103,0.06289031076751664,0.7931034482758621,0.7241379310344828,0.8275862068965517,0.6551724137931034,0.8620689655172413,20,0.7827586206896552,0.05015777098428538,0.7931034482758621,0.7586206896551724,0.8275862068965517,0.6896551724137931,0.8620689655172413,20,0.7173002891015329,0.04087025366545464,0.7153072033898304,0.6885245901639345,0.7510245901639344,0.6229508196721311,0.7692307692307692,20,0.726077263952305,0.041000199536215455,0.7230113636363636,0.698051948051948,0.7649769585253456,0.6451612903225807,0.7868852459016394,20,29.0,0.0,29.0,29.0,29.0,29.0,29.0,20,29.0,0.0,29.0,29.0,29.0,29.0,29.0,20,0.7904127915670077,0.04483321207953401,0.7928571428571429,0.7573710073710074,0.8290229885057472,0.696969696969697,0.8620689655172413,20,0.8002405109754542,0.039324971504143,0.7970588235294118,0.7794858870967742,0.8303670745272526,0.71875,0.8666666666666667,20,0.7041666666666666,0.0495881347291157,0.6944444444444444,0.6874999999999999,0.7291666666666666,0.6111111111111112,0.7777777777777778,20,0.6986111111111111,0.06196571501690961,0.6944444444444444,0.6388888888888888,0.75,0.6111111111111112,0.8611111111111112,20,0.7435955269148955,0.03664643518203623,0.7571662571662572,0.7266139657444005,0.7676501580611169,0.6666666666666666,0.7999999999999999,20,0.7448084831283647,0.04436916728837602,0.7368778280542987,0.7126373626373628,0.7790592492085029,0.676470588235294,0.8378378378378377,20,36.0,0.0,36.0,36.0,36.0,36.0,36.0,20,36.0,0.0,36.0,36.0,36.0,36.0,36.0,20,0.1676923076923077,0.03561096412787043,0.16153846153846155,0.13846153846153847,0.18461538461538463,0.1076923076923077,0.24615384615384617,20,0.08153846153846155,0.022927994472941374,0.08461538461538462,0.06153846153846154,0.09230769230769231,0.03076923076923077,0.12307692307692308,20,0.08615384615384616,0.031726014856671925,0.08461538461538462,0.06153846153846154,0.1076923076923077,0.046153846153846156,0.15384615384615385
P0,P0_derivative_amplitude_deciles,DERIVED_DECILES_ALL,ds004504__EC,AD_vs_FTD,FTD,AD,20,False,False,20,0.5197569730250211,0.05850185734646988,0.5163340623291417,0.497296100632739,0.5458468614718615,0.3543330375628512,0.6529411764705882,20,0.48975700959057517,0.05203034619702971,0.4913793103448276,0.46524014943826264,0.5084745762711865,0.3892339544513458,0.6261520737327189,20,-0.029999963434445977,0.06744323892513081,-0.030466310628193938,-0.05353278025526395,0.004691967779178241,-0.16785240222740228,0.11475259378693103,20,0.5326992753623189,0.06068900665455915,0.5374396135265701,0.5102657004830918,0.5628019323671498,0.3526570048309179,0.6594202898550725,20,0.503864734299517,0.05592994764167641,0.5117753623188406,0.4717693236714976,0.53125,0.3882850241545894,0.6473429951690821,20,-0.02883454106280194,0.07190325719283445,-0.023852657004830913,-0.055857487922705354,0.005283816425120796,-0.17028985507246386,0.12258454106280192,20,0.06440772047695605,0.1191469002645903,0.074165609559235,0.020359847564689827,0.12339041343373477,-0.2894882987407659,0.31212739461154115,20,0.007749522487651088,0.11015157717440517,0.023194204940956906,-0.055103340465257805,0.06130509095856614,-0.21948907896328565,0.2894882987407659,20,-0.05665819798930496,0.14162724551321992,-0.04632058534994182,-0.11022299399936664,0.010742478701922315,-0.3324239964816425,0.24118141057251427,20,0.418577720393766,0.061543785679816734,0.42045454545454547,0.39821428571428574,0.4454022988505747,0.23076923076923078,0.5555555555555556,20,0.39159666153108624,0.05061155176778627,0.4,0.3637096774193548,0.4166666666666667,0.2692307692307692,0.5151515151515151,20,0.5695652173913044,0.10259783520851541,0.5869565217391304,0.5217391304347826,0.6521739130434783,0.2608695652173913,0.6956521739130435,20,0.5521739130434783,0.09884418102335056,0.5652173913043478,0.4782608695652174,0.6086956521739131,0.30434782608695654,0.7391304347826086,20,0.48107249474131064,0.07313010944583262,0.4952830188679245,0.4548611111111111,0.5200065061808717,0.24489795918367346,0.6,20,0.4572639317824504,0.06679955396907446,0.4585579514824798,0.4225708502024291,0.4848759830611011,0.28571428571428575,0.6071428571428571,20,23.0,0.0,23.0,23.0,23.0,23.0,23.0,20,23.0,0.0,23.0,23.0,23.0,23.0,23.0,20,0.6448613067114629,0.05623898450769146,0.6521739130434783,0.6219758064516129,0.6724137931034483,0.48484848484848486,0.75,20,0.6161692507475865,0.05853958996142484,0.6228448275862069,0.5825123152709359,0.6407142857142857,0.5151515151515151,0.7692307692307693,20,0.49583333333333335,0.07112013374777564,0.4722222222222222,0.4444444444444444,0.5347222222222223,0.4166666666666667,0.6666666666666666,20,0.45555555555555555,0.056569691129755344,0.4444444444444444,0.4166666666666667,0.47916666666666663,0.3333333333333333,0.5833333333333334,20,0.5584414513087317,0.05823429170174068,0.5453799890650629,0.5255561440677966,0.5899766899766898,0.463768115942029,0.7058823529411765,20,0.5222500873986999,0.051103861412680425,0.5123018042646256,0.5,0.5475524475524476,0.41379310344827586,0.6451612903225806,20,36.0,0.0,36.0,36.0,36.0,36.0,36.0,20,36.0,0.0,36.0,36.0,36.0,36.0,36.0,20,0.31949152542372883,0.05533976513525657,0.3220338983050847,0.2711864406779661,0.3432203389830508,0.23728813559322035,0.4406779661016949,20,0.17542372881355933,0.04642530853850046,0.1694915254237288,0.15254237288135594,0.2076271186440678,0.06779661016949153,0.2711864406779661,20,0.1440677966101695,0.038689114080644856,0.1440677966101695,0.11864406779661017,0.17372881355932202,0.05084745762711865,0.2033898305084746
P0,P0_derivative_amplitude_deciles,DERIVED_DECILES_ALL,ds004504__EC,CN_vs_FTD,CN,FTD,20,False,False,20,0.6755342591611445,0.0411964848769442,0.6631446540880503,0.6455016110146925,0.7114317425083241,0.6101949025487257,0.749907510173881,20,0.6394299375990647,0.051980128228596205,0.639967376315878,0.6247501086484137,0.6719851576994433,0.5190529041805402,0.7114317425083241,20,-0.03610432156207976,0.051799632350305276,-0.03967038235153031,-0.058840326938466275,-0.0010564774794994958,-0.13428042915279315,0.059831226603943244,20,0.6826836581709146,0.04503803235055442,0.6690404797601199,0.6482383808095953,0.7233883058470765,0.6101949025487257,0.7578710644677662,20,0.6444902548725637,0.05318746474597316,0.6473013493253373,0.6264992503748126,0.6754122938530734,0.5239880059970015,0.7188905547226387,20,-0.038193403298350824,0.053133833053751765,-0.04760119940029983,-0.057346326836581835,-0.0044977511244378154,-0.13418290854572712,0.06071964017991016,20,0.36668227842276435,0.0934893443679668,0.33647029875502443,0.29686134722743934,0.4491396325448373,0.22038980509745126,0.5381189652041014,20,0.2887181912079801,0.10593410813351975,0.29949963207139374,0.2540095247713106,0.34848139169806486,0.04779719656752296,0.436149418678647,20,-0.07796408721478425,0.10864303995951884,-0.09325390767117156,-0.11503322575695213,-0.008991581895357231,-0.2666644266861038,0.12168779542502023,20,0.7559303715216494,0.07059299989140713,0.7386363636363636,0.7170833333333334,0.7982954545454546,0.6551724137931034,0.9411764705882353,20,0.7064668393726646,0.0592984504365308,0.7113095238095238,0.6885856079404465,0.7395330112721417,0.5833333333333334,0.7916666666666666,20,0.6327586206896552,0.04782653220286936,0.6206896551724138,0.6206896551724138,0.6551724137931034,0.5517241379310345,0.7586206896551724,20,0.6172413793103448,0.06218983995601133,0.6206896551724138,0.5862068965517241,0.6551724137931034,0.4827586206896552,0.7241379310344828,20,0.6860569668304336,0.03429126355768376,0.6729559748427674,0.6666666666666666,0.7058823529411765,0.6274509803921569,0.7586206896551724,20,0.6569299779106423,0.04970796571140375,0.6545454545454545,0.6193633952254642,0.6942307692307692,0.5283018867924529,0.7169811320754716,20,29.0,0.0,29.0,29.0,29.0,29.0,29.0,20,29.0,0.0,29.0,29.0,29.0,29.0,29.0,20,0.6121648968142657,0.035684871180461895,0.6035714285714285,0.5902777777777778,0.6333333333333333,0.5652173913043478,0.6956521739130435,20,0.5820026195069299,0.05050277515498834,0.5862068965517241,0.5598060344827587,0.6194581280788177,0.4642857142857143,0.6428571428571429,20,0.7326086956521739,0.09801025126130049,0.717391304347826,0.6956521739130435,0.7934782608695653,0.5652173913043478,0.9565217391304348,20,0.6717391304347826,0.09084552910404131,0.6956521739130435,0.6304347826086957,0.7391304347826086,0.4782608695652174,0.782608695652174,20,0.6650115514918553,0.05455271413173814,0.6540880503144654,0.6368627450980391,0.7086570477247502,0.5652173913043478,0.7586206896551724,20,0.6219298972874872,0.061910128973335136,0.6328744263662912,0.6069109461966605,0.6540209790209791,0.4782608695652174,0.7058823529411765,20,23.0,0.0,23.0,23.0,23.0,23.0,23.0,20,23.0,0.0,23.0,23.0,23.0,23.0,23.0,20,0.21057692307692308,0.08428233128702205,0.20192307692307693,0.16346153846153844,0.25,0.07692307692307693,0.4423076923076923,20,0.12307692307692308,0.04559376770667719,0.11538461538461539,0.09615384615384616,0.13942307692307693,0.038461538461538464,0.23076923076923078,20,0.08750000000000001,0.05311644072510548,0.07692307692307693,0.057692307692307696,0.11538461538461539,0.019230769230769232,0.25
P0,P0_derivative_amplitude_deciles,DERIVED_DECILES_ALL,ds006036__EO_or_photomark,AD_FTD_vs_CN,CN,AD_FTD,20,False,False,20,0.6910179121525943,0.03572378604105488,0.6914085330216247,0.6723671348459125,0.7236240820817235,0.6168001123753337,0.7535014005602241,20,0.7420170311555657,0.03309576059668817,0.7428404441846873,0.7206604324956166,0.766629237613131,0.6694214876033058,0.7975149562816383,20,0.05099911900297143,0.03778705035221568,0.04723313153777553,0.022746649631602722,0.07510071133704044,-0.02121109199872906,0.13866251051001788,20,0.6905172413793104,0.03361824331416584,0.6912624196376388,0.6747516072472238,0.7190239625949737,0.6233196960841614,0.7513150204558737,20,0.7356662770309761,0.030907835324779233,0.7425482174167153,0.723480420806546,0.7533606078316774,0.6654003506721216,0.7852133255406195,20,0.04514903565166569,0.03480185831711122,0.042811221507890074,0.017168322618351883,0.06896551724137925,-0.016949152542372836,0.12828755113968449,20,0.38404298470831794,0.0702705689633862,0.38281706604324955,0.35018939843228675,0.4489225361094933,0.23809545637843813,0.5072462039474607,20,0.4891150120695012,0.06723109343811279,0.4856808883693746,0.4432237304227055,0.5452038455367575,0.340807314924767,0.6020453481324066,20,0.10507202736118328,0.0753670145874189,0.09992090418256344,0.04740480884518081,0.1481938523020676,-0.0424369783843942,0.2855355669701208,20,0.5920038570800855,0.057060924906010155,0.593103448275862,0.5563636363636364,0.6428571428571429,0.47058823529411764,0.6785714285714286,20,0.6901733509916756,0.0648261612001935,0.6726190476190477,0.6404761904761905,0.7418478260869565,0.5769230769230769,0.7916666666666666,20,0.5810344827586207,0.049117628817636594,0.5862068965517241,0.5517241379310345,0.6206896551724138,0.4827586206896552,0.6551724137931034,20,0.6086206896551725,0.052801839882831755,0.6206896551724138,0.5862068965517241,0.6551724137931034,0.4827586206896552,0.6551724137931034,20,0.5849569099879685,0.044570091301704334,0.584012539184953,0.5707070707070707,0.6215311004784689,0.507936507936508,0.6666666666666666,20,0.6447581592515245,0.04518935337259457,0.6545092838196287,0.6288566243194192,0.6698113207547169,0.5454545454545454,0.7169811320754716,20,29.0,0.0,29.0,29.0,29.0,29.0,29.0,20,29.0,0.0,29.0,29.0,29.0,29.0,29.0,20,0.7952857697737258,0.020960405434869173,0.7966101694915254,0.7871863799283154,0.8090053763440859,0.7580645161290323,0.8333333333333334,20,0.817960636187668,0.019860423111770723,0.8249791144527987,0.8149282920469362,0.8305736636245111,0.7741935483870968,0.84375,20,0.8,0.047495842902948684,0.8135593220338984,0.7796610169491526,0.8305084745762712,0.6949152542372882,0.847457627118644,20,0.8627118644067797,0.04037202823433088,0.8559322033898304,0.8305084745762712,0.8983050847457628,0.7966101694915254,0.9152542372881356,20,0.7970789143172202,0.030413650268302596,0.7999444290080577,0.7839584657766476,0.8235294117647058,0.7256637168141593,0.8403361344537815,20,0.839275903059607,0.023687813315760316,0.833989501312336,0.8227752639517346,0.8600752536450985,0.7933884297520662,0.8780487804878049,20,59.0,0.0,59.0,59.0,59.0,59.0,59.0,20,59.0,0.0,59.0,59.0,59.0,59.0,59.0,20,0.10454545454545454,0.038243854819983214,0.10227272727272728,0.07670454545454546,0.11647727272727272,0.045454545454545456,0.20454545454545456,20,0.026704545454545453,0.02189722275783637,0.028409090909090908,0.011363636363636364,0.03409090909090909,0.0,0.07954545454545454,20,0.07784090909090909,0.030240041192830122,0.06818181818181818,0.056818181818181816,0.10511363636363637,0.045454545454545456,0.13636363636363635
P0,P0_derivative_amplitude_deciles,DERIVED_DECILES_ALL,ds006036__EO_or_photomark,AD_vs_CN,CN,AD,20,False,False,20,0.7149101700898453,0.039636118289280826,0.713225371120108,0.6877289377289377,0.7358291276135545,0.6549227799227799,0.801829268292683,20,0.7447323644555849,0.02422472138111728,0.7417948717948718,0.7292330311198236,0.7587753428661561,0.6934723256391164,0.790270538595185,20,0.02982219436573962,0.05133372494821607,0.02154609345403713,0.0050445310102833485,0.07582755075501083,-0.05823952470293936,0.11207994903647067,20,0.7135536398467432,0.038034273263417365,0.7114463601532568,0.6886973180076629,0.7346743295019158,0.6542145593869731,0.796455938697318,20,0.742169540229885,0.02331558576843748,0.7392241379310345,0.7270114942528736,0.7556273946360154,0.6925287356321839,0.7859195402298851,20,0.02861590038314175,0.049235529705410015,0.02083333333333326,0.0037116858237548067,0.07363505747126434,-0.05555555555555558,0.10344827586206895,20,0.4467013009580105,0.08646139238203514,0.4374870444950685,0.38204755480584446,0.4821672460890588,0.31112287401302324,0.6480144397168598,20,0.5099801226681301,0.047805892082366415,0.5084628318221527,0.4733952895271841,0.5353228910828958,0.40451090641978216,0.6007288834144526,20,0.06327882171011953,0.109669458791068,0.05262677363993859,-0.0034160201261538153,0.16210576828915638,-0.1471396506863588,0.20079806463244437,20,0.748748887275914,0.08277377104244336,0.7391304347826086,0.6948160535117056,0.8023809523809524,0.6206896551724138,0.9473684210526315,20,0.8024772776803669,0.03729732994920475,0.8095238095238095,0.7801383399209487,0.8260869565217391,0.7272727272727273,0.8636363636363636,20,0.596551724137931,0.05377076179911441,0.5862068965517241,0.5775862068965516,0.6206896551724138,0.4482758620689655,0.6896551724137931,20,0.6051724137931035,0.037898022261985166,0.6206896551724138,0.5775862068965516,0.6206896551724138,0.5517241379310345,0.6551724137931034,20,0.6604965235736521,0.044253210606621476,0.6606060606060606,0.6351724137931034,0.6916512059369202,0.5652173913043479,0.75,20,0.6892441423594111,0.03127595498444866,0.6861538461538461,0.6666666666666666,0.7086570477247502,0.6274509803921569,0.7450980392156864,20,29.0,0.0,29.0,29.0,29.0,29.0,29.0,20,29.0,0.0,29.0,29.0,29.0,29.0,29.0,20,0.7189066946117437,0.02609821788576212,0.7194394752534288,0.702020202020202,0.7373680241327301,0.6666666666666666,0.7608695652173914,20,0.7346550737591208,0.01958893182509773,0.7349012775842044,0.7200455005055612,0.7456395348837209,0.6976744186046512,0.7674418604651163,20,0.8305555555555556,0.07588550248024757,0.8333333333333334,0.7777777777777778,0.8888888888888888,0.6944444444444444,0.9722222222222222,20,0.8791666666666667,0.02744685928244675,0.8888888888888888,0.8611111111111112,0.8888888888888888,0.8333333333333334,0.9166666666666666,20,0.7693238166060385,0.0408621191931796,0.7692307692307692,0.7458974358974358,0.7925925925925925,0.6944444444444444,0.853658536585366,20,0.8002205865517588,0.018657857349253324,0.8024390243902438,0.7887951242381621,0.8101265822784809,0.759493670886076,0.8354430379746837,20,36.0,0.0,36.0,36.0,36.0,36.0,36.0,20,36.0,0.0,36.0,36.0,36.0,36.0,36.0,20,0.14615384615384616,0.04131142030388372,0.14615384615384616,0.1076923076923077,0.1576923076923077,0.09230769230769231,0.23076923076923078,20,0.057692307692307696,0.026353134510647525,0.06153846153846154,0.03076923076923077,0.07692307692307693,0.015384615384615385,0.1076923076923077,20,0.08846153846153847,0.03829925276528671,0.09230769230769231,0.06153846153846154,0.12307692307692308,0.015384615384615385,0.15384615384615385
P0,P0_derivative_amplitude_deciles,DERIVED_DECILES_ALL,ds006036__EO_or_photomark,AD_vs_FTD,FTD,AD,20,False,False,20,0.5303324684997329,0.04411348837002608,0.5310615525570548,0.5065519323671497,0.5594242960959449,0.4241348713398403,0.6013513513513513,20,0.4946319615303953,0.06258077480936147,0.4953010904260757,0.45325350447840707,0.5330386117447939,0.36998556998557,0.5933473179502546,20,-0.03570050696933762,0.05043451283555617,-0.020890936084578704,-0.08173262369135159,-0.006250415617870958,-0.12737953656849255,0.056511569157984165,20,0.5342391304347827,0.0441050203686648,0.542572463768116,0.507548309178744,0.5618961352657006,0.42391304347826086,0.6002415458937198,20,0.4995772946859903,0.06368082928993186,0.5009057971014492,0.45893719806763283,0.5359299516908211,0.37620772946859904,0.6117149758454106,20,-0.034661835748792266,0.050344625841875844,-0.02657004830917875,-0.0855978260869565,-0.008907004830917858,-0.1092995169082126,0.05736714975845414,20,0.06787490723796359,0.08743198501931523,0.08479862071468339,0.014884439367467611,0.12099301382539174,-0.14948985918580535,0.204216803429348,20,-0.0005169205218134414,0.12515875996639758,0.001663969313171641,-0.0806009589784136,0.0745207063086383,-0.24237165111881034,0.21948907896328565,20,-0.06839182775977704,0.0994580474906211,-0.052586843595460495,-0.1677262241946156,-0.017209162612784892,-0.22209676692565178,0.11338370291286906,20,0.42781344048228753,0.04999208814642154,0.43167701863354035,0.39821428571428574,0.4591346153846154,0.3076923076923077,0.5238095238095238,20,0.3912187527183969,0.06266553725418214,0.3911764705882353,0.34583333333333327,0.4325396825396825,0.28125,0.5,20,0.4934782608695652,0.06805424279347186,0.4782608695652174,0.4673913043478261,0.5217391304347826,0.34782608695652173,0.6521739130434783,20,0.46304347826086956,0.09595852750586796,0.4565217391304348,0.391304347826087,0.5217391304347826,0.30434782608695654,0.6956521739130435,20,0.45665597973807753,0.049548088024404566,0.4648117839607201,0.4276960784313725,0.49234693877551017,0.32653061224489793,0.52,20,0.42155394160895787,0.07033465772441785,0.4164696611505122,0.36601307189542487,0.45975232198142413,0.3255813953488372,0.5714285714285715,20,23.0,0.0,23.0,23.0,23.0,23.0,23.0,20,23.0,0.0,23.0,23.0,23.0,23.0,23.0,20,0.6394804544106701,0.03770387853985343,0.6475694444444444,0.61646110056926,0.6666666666666666,0.5454545454545454,0.6875,20,0.6085956341669244,0.061266727647319996,0.6103448275862069,0.5714285714285714,0.6385630498533724,0.48148148148148145,0.7307692307692307,20,0.575,0.0710201355188992,0.5833333333333334,0.5277777777777778,0.6111111111111112,0.4444444444444444,0.7222222222222222,20,0.5361111111111111,0.09370193157991125,0.5555555555555556,0.46527777777777773,0.5902777777777778,0.3611111111111111,0.7222222222222222,20,0.6040089572613883,0.05117430525300755,0.6085858585858586,0.5757575757575758,0.6379830917874396,0.5,0.7027027027027027,20,0.5677099814518327,0.07262226228559789,0.5898922949461476,0.505597014925373,0.6138461538461537,0.4126984126984127,0.676056338028169,20,36.0,0.0,36.0,36.0,36.0,36.0,36.0,20,36.0,0.0,36.0,36.0,36.0,36.0,36.0,20,0.4101694915254237,0.08074405646866176,0.4152542372881356,0.3559322033898305,0.4788135593220339,0.2711864406779661,0.559322033898305,20,0.2228813559322034,0.05078050900344686,0.22033898305084745,0.2033898305084746,0.24152542372881355,0.11864406779661017,0.3559322033898305,20,0.18728813559322033,0.04517078440909692,0.1864406779661017,0.1483050847457627,0.2245762711864407,0.11864406779661017,0.2542372881355932
P0,P0_derivative_amplitude_deciles,DERIVED_DECILES_ALL,ds006036__EO_or_photomark,CN_vs_FTD,CN,FTD,20,False,False,20,0.6668305346412188,0.047778740749782056,0.6714910519977182,0.6312056737588652,0.694410815173527,0.5836828059473885,0.7453860640301319,20,0.6743238450376904,0.06095981257668055,0.6670433145009417,0.6407894736842106,0.7160075329566855,0.5751633986928104,0.803030303030303,20,0.007493310396471597,0.06901019985914657,-0.001491407325863614,-0.03581894656718959,0.06438199001924008,-0.105328152766483,0.14004898393003606,20,0.6682533733133433,0.04628768209289917,0.6750374812593702,0.6319340329835083,0.6958395802098951,0.5839580209895052,0.7443778110944528,20,0.6747001499250375,0.05900222959219873,0.6664167916041979,0.6413043478260869,0.7151424287856072,0.5877061469265368,0.800599700149925,20,0.006446776611694127,0.06690959837603734,-0.0022488755622189216,-0.03860569715142434,0.06278110944527734,-0.09145427286356811,0.13868065967016485,20,0.33920767215207104,0.09437567511862295,0.3495169999000116,0.26288458112137625,0.39050475663767137,0.1714214319924053,0.4913406718443522,20,0.3586432692386747,0.11904107850669134,0.334593954446154,0.29157375566423827,0.43256065282002787,0.17784723704795571,0.6085425659414306,20,0.019435597086603595,0.13549019200631068,-0.002730630215678348,-0.07043557052943417,0.12783966221746046,-0.16837800715535098,0.27794408995607756,20,0.7086491247649479,0.03994739003377461,0.7142857142857143,0.6852678571428572,0.7407407407407407,0.625,0.7692307692307693,20,0.7004152003425707,0.052165733624182156,0.7,0.6621621621621622,0.7306306306306306,0.6153846153846154,0.8064516129032258,20,0.7017241379310345,0.0854046152567479,0.6896551724137931,0.6810344827586208,0.7586206896551724,0.4827586206896552,0.8620689655172413,20,0.7689655172413793,0.06814392649435062,0.7586206896551724,0.7241379310344828,0.8275862068965517,0.6551724137931034,0.9310344827586207,20,0.7027272671382775,0.054022685913422956,0.7080200501253133,0.6666666666666666,0.7309384164222874,0.5714285714285714,0.7868852459016394,20,0.7314657833621363,0.04773165813188004,0.711864406779661,0.7,0.752304490038656,0.6440677966101694,0.8333333333333334,20,29.0,0.0,29.0,29.0,29.0,29.0,29.0,20,29.0,0.0,29.0,29.0,29.0,29.0,29.0,20,0.6333836335261409,0.06585720188217206,0.6325000000000001,0.5833333333333334,0.6608391608391608,0.53125,0.7647058823529411,20,0.6681862065915269,0.07830947658472487,0.6363636363636364,0.6190476190476191,0.6927083333333334,0.5454545454545454,0.8666666666666667,20,0.6347826086956522,0.07247902204056439,0.6521739130434783,0.5978260869565217,0.6956521739130435,0.4782608695652174,0.7391304347826086,20,0.5804347826086956,0.10198995075359593,0.5869565217391304,0.5108695652173912,0.6521739130434783,0.34782608695652173,0.7391304347826086,20,0.6309338021441602,0.05125905609994618,0.6382978723404256,0.6024245423057892,0.6666666666666666,0.5116279069767442,0.711111111111111,20,0.6171819067132445,0.08124776227940698,0.6222222222222223,0.5572232645403378,0.6710526315789473,0.4444444444444444,0.7727272727272727,20,23.0,0.0,23.0,23.0,23.0,23.0,23.0,20,23.0,0.0,23.0,23.0,23.0,23.0,23.0,20,0.2403846153846154,0.04853025139569576,0.2403846153846154,0.23076923076923078,0.2548076923076923,0.11538461538461539,0.3269230769230769,20,0.11346153846153846,0.03738368236619162,0.11538461538461539,0.07692307692307693,0.15384615384615385,0.057692307692307696,0.17307692307692307,20,0.12692307692307692,0.04295601887710458,0.125,0.09134615384615385,0.15384615384615385,0.057692307692307696,0.19230769230769232
P0,P0_derivative_amplitude_deciles,RAW_DECILES,ds004504__EC,AD_FTD_vs_CN,CN,AD_FTD,20,False,False,20,0.6996228856885789,0.04536601698224937,0.7006794098075433,0.6766047215710651,0.7234973237905789,0.6015846066779853,0.7816377171215881,20,0.6478733084829239,0.027992399449249795,0.6508125023055613,0.6283515847920561,0.6670295759912436,0.5997400909681612,0.6950796950796951,20,-0.05174957720565501,0.038508630023573125,-0.05580044085275687,-0.0750385498207945,-0.024134548060580935,-0.12730705543382392,0.01370239338113377,20,0.696843950905903,0.040861004816459656,0.6956458211572181,0.6784774985388662,0.7171975452951489,0.6060783167738165,0.7679719462302748,20,0.6652980713033314,0.028200185933333156,0.6710987726475746,0.6489625949736996,0.6862945645821157,0.6060783167738165,0.7092343658679134,20,-0.03154587960257161,0.03530066189869201,-0.02907656341320869,-0.061367621274108636,0.0009497369959087509,-0.09351256575102285,0.026300409117475,20,0.40305768685716464,0.09242092027061431,0.4058632925792932,0.35476251804059084,0.45091479959618974,0.20598865674965355,0.5733551721539346,20,0.31589536572438814,0.05325260641039222,0.3226587346201013,0.2864303495854104,0.36311182188715263,0.20598865674965355,0.400069179329509,20,-0.0871623211327765,0.07732830289227197,-0.09566963433807704,-0.1358484254207471,-0.026914906661631544,-0.21741051719781945,0.044388860780714606,20,0.6165204257932949,0.08650980186738341,0.6112637362637363,0.5791666666666666,0.657051282051282,0.45454545454545453,0.782608695652174,20,0.5005073438599881,0.034945302599062665,0.5,0.47430555555555554,0.5186757215619694,0.4423076923076923,0.5666666666666667,20,0.5775862068965517,0.044575586536534054,0.5862068965517241,0.5517241379310345,0.5948275862068965,0.4827586206896552,0.6551724137931034,20,0.6551724137931034,0.07751054992400228,0.6551724137931034,0.5862068965517241,0.6896551724137931,0.5172413793103449,0.7931034482758621,20,0.5937345958815897,0.05295655015604569,0.5913490623109497,0.5679156908665105,0.6212549462973431,0.4838709677419355,0.6923076923076923,20,0.5649462289509966,0.03546815120742718,0.5755500207555002,0.5380952380952381,0.5939611486486485,0.4838709677419355,0.6153846153846154,20,29.0,0.0,29.0,29.0,29.0,29.0,29.0,20,29.0,0.0,29.0,29.0,29.0,29.0,29.0,20,0.7966776396341035,0.022876321157970794,0.7967425847457628,0.7857142857142857,0.8147149460708784,0.7454545454545455,0.8307692307692308,20,0.801405081664517,0.028476702066446452,0.8076211616722161,0.7772108843537415,0.8208823529411764,0.7454545454545455,0.8536585365853658,20,0.8161016949152543,0.06348345159470914,0.8135593220338984,0.7796610169491526,0.864406779661017,0.6949152542372882,0.9152542372881356,20,0.6754237288135593,0.062281232360340416,0.6864406779661016,0.6440677966101694,0.7161016949152542,0.5084745762711864,0.7796610169491526,20,0.805511175495568,0.039905707691782775,0.8083200222237655,0.7940388236998406,0.8271517839145333,0.7192982456140351,0.870967741935484,20,0.730800388014851,0.035555301811276446,0.7348563516787816,0.7082887700534759,0.7554446460980037,0.631578947368421,0.7863247863247863,20,59.0,0.0,59.0,59.0,59.0,59.0,59.0,20,59.0,0.0,59.0,59.0,59.0,59.0,59.0,20,0.20397727272727273,0.06506794972776295,0.19318181818181818,0.1590909090909091,0.23011363636363635,0.11363636363636363,0.3522727272727273,20,0.13636363636363635,0.04663537964023427,0.13068181818181818,0.11079545454545454,0.15056818181818182,0.056818181818181816,0.26136363636363635,20,0.06761363636363636,0.02795084971874737,0.0625,0.045454545454545456,0.09090909090909091,0.022727272727272728,0.125
P0,P0_derivative_amplitude_deciles,RAW_DECILES,ds004504__EC,AD_vs_CN,CN,AD,20,False,False,20,0.6932805216470443,0.04290646730827876,0.701007326007326,0.6590346195949645,0.7232989255318296,0.6235521235521235,0.7782651072124758,20,0.672808197120594,0.04733368419527929,0.6812150238610224,0.6418591509786389,0.7088420720112609,0.5830363506771205,0.7490347490347491,20,-0.02047232452645037,0.042909558417524626,-0.014926719385984,-0.05995346652267594,0.010159746096892075,-0.0877889167362852,0.04699114143162608,20,0.6925047892720306,0.0422524365146283,0.7009099616858238,0.6600814176245211,0.7243773946360155,0.6230842911877394,0.7753831417624522,20,0.6752394636015325,0.04739046480640453,0.6817528735632183,0.646072796934866,0.7094109195402301,0.5847701149425287,0.7476053639846744,20,-0.01726532567049809,0.042284424531086814,-0.01245210727969348,-0.05651340996168583,0.016762452107279613,-0.08333333333333337,0.04837164750957845,20,0.39509289488957067,0.09116975514243422,0.42150988301430115,0.3190150431516843,0.45477774458150194,0.24831856714704026,0.5627527103682575,20,0.3495198666289652,0.09496858684523946,0.3632532426271265,0.2906936304780918,0.4179379801988717,0.16857418082541983,0.4995357946109721,20,-0.04557302826060542,0.08895321833665584,-0.04218653097823538,-0.11951835156097218,0.018935669114864898,-0.1898706253819794,0.09582987401327797,20,0.6943013199939011,0.07539637834708401,0.7,0.6193633952254642,0.75,0.5925925925925926,0.8095238095238095,20,0.6254326032597846,0.05330499108752406,0.6324675324675324,0.5851158645276292,0.6595238095238095,0.53125,0.7407407407407407,20,0.6086206896551724,0.05624524094852188,0.5862068965517241,0.5862068965517241,0.6206896551724138,0.5172413793103449,0.7586206896551724,20,0.6810344827586207,0.060117539292384344,0.6896551724137931,0.646551724137931,0.7241379310344828,0.5517241379310345,0.7931034482758621,20,0.6456332716840952,0.04494756614599592,0.6538461538461539,0.6185784658691064,0.6698113207547169,0.5714285714285714,0.7407407407407408,20,0.6511658288001763,0.050370279226184214,0.6559139784946237,0.6187430478309233,0.6880387931034483,0.5517241379310345,0.7213114754098361,20,29.0,0.0,29.0,29.0,29.0,29.0,29.0,20,29.0,0.0,29.0,29.0,29.0,29.0,29.0,20,0.7113674377699509,0.033183522762163305,0.7142857142857143,0.6930555555555555,0.7272727272727273,0.6578947368421053,0.78125,20,0.7231365834957728,0.045885485710425084,0.7270220588235294,0.6927083333333333,0.7532894736842105,0.6363636363636364,0.8,20,0.7763888888888889,0.07829558212719782,0.7916666666666667,0.6944444444444444,0.8402777777777778,0.6666666666666666,0.8888888888888888,20,0.6694444444444444,0.05833681415401448,0.6666666666666666,0.6111111111111112,0.7222222222222222,0.5833333333333334,0.8055555555555556,20,0.7409277716099936,0.04580745195006184,0.75,0.6941666666666666,0.7717282717282716,0.6756756756756757,0.8157894736842106,20,0.6944505654410118,0.04686784501955171,0.7014260249554367,0.6543020193151887,0.7285531370038412,0.6086956521739131,0.7837837837837838,20,36.0,0.0,36.0,36.0,36.0,36.0,36.0,20,36.0,0.0,36.0,36.0,36.0,36.0,36.0,20,0.21153846153846156,0.042610254152652,0.2076923076923077,0.1807692307692308,0.24615384615384617,0.15384615384615385,0.2923076923076923,20,0.11923076923076924,0.03417397371687072,0.12307692307692308,0.09230769230769231,0.13846153846153847,0.06153846153846154,0.18461538461538463,20,0.09230769230769231,0.02687966424728394,0.09230769230769231,0.07692307692307693,0.1076923076923077,0.046153846153846156,0.15384615384615385
P0,P0_derivative_amplitude_deciles,RAW_DECILES,ds004504__EC,AD_vs_FTD,FTD,AD,20,False,False,20,0.5205484007848844,0.04520961026842256,0.5219907407407408,0.5033381712626996,0.5542692810635573,0.3956687152472929,0.5902777777777779,20,0.44251651310602563,0.05376366119855361,0.4374338019738251,0.4034900864908569,0.4924726209694278,0.32183908045977005,0.5141176470588236,20,-0.07803188767885882,0.07265529099299775,-0.07442069270753074,-0.11826131351018326,-0.013940258881744827,-0.26843869731800785,0.045866906894883486,20,0.5303743961352657,0.04609322228348694,0.5326086956521738,0.5108695652173914,0.5590277777777777,0.3961352657004831,0.6038647342995169,20,0.4554649758454106,0.05388354210793647,0.4544082125603865,0.41817632850241543,0.5034722222222222,0.34239130434782605,0.5344202898550725,20,-0.07490942028985509,0.07236742339806786,-0.0685386473429952,-0.11156400966183569,-0.004528985507246314,-0.26147342995169087,0.02596618357487923,20,0.059617897105261705,0.0903052268207337,0.06369696339435807,0.02120790212264707,0.11668789292367597,-0.20288662414499237,0.20288662414499237,20,-0.08822889682661604,0.10691656173212485,-0.0895352604084815,-0.16244779806602355,0.006796255143430506,-0.31791654973069855,0.06884057971014493,20,-0.14784679393187775,0.1434129571246811,-0.13708629155308355,-0.22134240974722502,-0.008436802853900216,-0.5208031738756909,0.05165967891677528,20,0.4183535275074076,0.04526454810295655,0.41935483870967744,0.4,0.45079022988505746,0.2857142857142857,0.4838709677419355,20,0.3514243947249779,0.04640408973706003,0.34888438133874244,0.3241255961844197,0.3931277056277056,0.2702702702702703,0.4166666666666667,20,0.5413043478260869,0.09084552910404131,0.5652173913043478,0.5108695652173912,0.6086956521739131,0.34782608695652173,0.6956521739130435,20,0.4956521739130435,0.08626729141224508,0.5,0.43478260869565216,0.5326086956521738,0.34782608695652173,0.6521739130434783,20,0.4700226883101921,0.05786521201207621,0.4814814814814815,0.4528301886792453,0.5,0.3137254901960784,0.5555555555555556,20,0.40995074698896405,0.05723114783176743,0.4137931034482759,0.3828011611030479,0.45191722458916617,0.3137254901960784,0.5084745762711865,20,23.0,0.0,23.0,23.0,23.0,23.0,23.0,20,23.0,0.0,23.0,23.0,23.0,23.0,23.0,20,0.6401584979782722,0.04382834915398236,0.6428571428571429,0.6206896551724138,0.6666666666666666,0.5161290322580645,0.7142857142857143,20,0.5611575827300214,0.061141420256242834,0.5558620689655173,0.5190322580645161,0.6135235732009926,0.4090909090909091,0.6521739130434783,20,0.5194444444444445,0.07327172673631609,0.5138888888888888,0.4722222222222222,0.5625,0.3611111111111111,0.6388888888888888,20,0.4152777777777778,0.08084742446661483,0.4305555555555556,0.3611111111111111,0.45138888888888884,0.25,0.5555555555555556,20,0.5710741132595767,0.05405122255957106,0.5625000000000001,0.5483870967741936,0.6224662162162162,0.4482758620689656,0.647887323943662,20,0.47508227922308716,0.0706210484313551,0.4776119402985074,0.43155737704918035,0.5182443151771551,0.31034482758620685,0.5882352941176471,20,36.0,0.0,36.0,36.0,36.0,36.0,36.0,20,36.0,0.0,36.0,36.0,36.0,36.0,36.0,20,0.35423728813559324,0.08004821722370643,0.3728813559322034,0.3220338983050847,0.4067796610169492,0.1694915254237288,0.4745762711864407,20,0.21779661016949153,0.0632448360102765,0.2288135593220339,0.1822033898305085,0.2584745762711864,0.0847457627118644,0.3220338983050847,20,0.1364406779661017,0.04381144127381637,0.13559322033898305,0.1016949152542373,0.1694915254237288,0.05084745762711865,0.22033898305084745
P0,P0_derivative_amplitude_deciles,RAW_DECILES,ds004504__EC,CN_vs_FTD,CN,FTD,20,False,False,20,0.664839185328134,0.05073710218137513,0.6719851576994433,0.6424397031539889,0.6890799044921985,0.5744047619047619,0.7864874953340799,20,0.6224193402936291,0.041393246797250115,0.6193583389542215,0.5858343668182444,0.6502148925537232,0.5535647629712579,0.7062146892655368,20,-0.04241984503450496,0.06607547448128073,-0.038352665852665946,-0.09316626078256479,0.006745914723043145,-0.1711028799494645,0.0937298328563726,20,0.6677286356821589,0.050993583423954714,0.6754122938530734,0.642616191904048,0.6904047976011995,0.5757121439280359,0.787856071964018,20,0.6248125937031485,0.04166821689639254,0.6233133433283358,0.5863943028485756,0.6523613193403299,0.5539730134932533,0.7053973013493253,20,-0.042916041979010486,0.06475837079401549,-0.034107946026986524,-0.09201649175412294,0.005434782608695704,-0.164167916041979,0.09070464767616193,20,0.3358448861425098,0.10114218636348599,0.34848139169806486,0.2874274437252191,0.3802237016789729,0.15052428411666496,0.5735663588102755,20,0.2504844429248398,0.0838097658991885,0.2491931329164786,0.1748624191183569,0.30641273743711783,0.10754369227692666,0.4129673131452531,20,-0.08536044321766997,0.1295073755839025,-0.07859392779394227,-0.1829474873587506,0.007973012642842094,-0.3261900469661976,0.1810887047467382,20,0.7176728950356048,0.052186724410922175,0.7274535809018567,0.6885856079404465,0.7525,0.6296296296296297,0.8214285714285714,20,0.675465673456937,0.04302637526498711,0.6726190476190477,0.6383333333333333,0.7003105590062112,0.6071428571428571,0.7619047619047619,20,0.6724137931034483,0.07207161398063441,0.6551724137931034,0.646551724137931,0.7241379310344828,0.5517241379310345,0.8275862068965517,20,0.6431034482758621,0.07011295902304826,0.6206896551724138,0.5862068965517241,0.6982758620689655,0.5517241379310345,0.7586206896551724,20,0.6923330003362108,0.050604248226180135,0.6954545454545454,0.6730703259005146,0.724921630094044,0.5925925925925927,0.8070175438596492,20,0.6565708104333281,0.04355862399524646,0.6434624697336562,0.6257606490872211,0.6888072357263991,0.5925925925925927,0.7457627118644068,20,29.0,0.0,29.0,29.0,29.0,29.0,29.0,20,29.0,0.0,29.0,29.0,29.0,29.0,29.0,20,0.6186616256404487,0.05639689517125475,0.6172161172161172,0.599587912087912,0.6525919732441472,0.5185185185185185,0.75,20,0.5759123936571705,0.04842454985749632,0.5633333333333334,0.5501567398119123,0.6021739130434782,0.5,0.6818181818181818,20,0.6630434782608695,0.08565966583178394,0.6956521739130435,0.6086956521739131,0.7391304347826086,0.4782608695652174,0.782608695652174,20,0.6065217391304348,0.08161512576329143,0.6086956521739131,0.5543478260869565,0.6521739130434783,0.43478260869565216,0.782608695652174,20,0.6373453703200572,0.05908744456757947,0.6526175687666371,0.6069109461966605,0.67,0.5333333333333332,0.7659574468085107,20,0.58826787015393,0.05195178186863466,0.5895390070921986,0.5540213178294573,0.621112929623568,0.4878048780487805,0.6666666666666667,20,23.0,0.0,23.0,23.0,23.0,23.0,23.0,20,23.0,0.0,23.0,23.0,23.0,23.0,23.0,20,0.24711538461538463,0.05413276814216232,0.23076923076923078,0.20673076923076922,0.28846153846153844,0.15384615384615385,0.36538461538461536,20,0.14423076923076922,0.04689851351499229,0.1346153846153846,0.11538461538461539,0.17788461538461536,0.057692307692307696,0.25,20,0.1028846153846154,0.03860045762109669,0.09615384615384616,0.09134615384615385,0.12019230769230768,0.019230769230769232,0.17307692307692307
P0,P0_derivative_amplitude_deciles,RAW_DECILES,ds006036__EO_or_photomark,AD_FTD_vs_CN,CN,AD_FTD,20,False,False,20,0.6710068719716177,0.03123619100178231,0.6690745765612378,0.6513865308432372,0.6960387574807638,0.6168001123753337,0.7270471464019851,20,0.7212840032075652,0.03319773389537323,0.7273006629842742,0.7050010110457758,0.7447820656104135,0.6363636363636365,0.775206611570248,20,0.05027713123594761,0.029868198462730165,0.04945893133453372,0.032824808291266744,0.06490842349394146,-0.0036129854949258355,0.11024703402665137,20,0.6726475745178259,0.028124749992566984,0.6654003506721216,0.657218001168907,0.6995178258328463,0.6233196960841614,0.7165400350672122,20,0.7155318527177089,0.02958319481118677,0.7209234365867914,0.6998100526008183,0.7359000584453537,0.6493278784336645,0.7682641729982467,20,0.04288427819988311,0.02722143714224149,0.0425189947399181,0.022866744593804778,0.052893045002922356,-0.0002922267679719148,0.09322033898305082,20,0.34552301077760167,0.06328781380422774,0.3423259865278651,0.30586194487069773,0.3938351716062061,0.23809545637843813,0.4633109951647389,20,0.4479860676973495,0.06665107697542022,0.4607778985319412,0.4112152055186476,0.49505245620027133,0.284387134497553,0.5527581538885796,20,0.10246305691974779,0.05896862863898968,0.09961406058608302,0.06314569956210543,0.1366113309021541,0.0044338907804284955,0.22521553878630077,20,0.5600982574132124,0.062304367176737076,0.54858934169279,0.5151515151515151,0.5918290854572713,0.47058823529411764,0.6956521739130435,20,0.6607932801699669,0.06607519442909258,0.6733333333333333,0.6205357142857143,0.7083333333333334,0.4864864864864865,0.7619047619047619,20,0.5724137931034483,0.043903643162856075,0.5689655172413792,0.5517241379310345,0.5862068965517241,0.4827586206896552,0.6551724137931034,20,0.5827586206896551,0.0431850407422974,0.5862068965517241,0.5517241379310345,0.6206896551724138,0.5172413793103449,0.6551724137931034,20,0.5634224269485811,0.03435052477532957,0.550055617352614,0.5413950456323338,0.5911764705882353,0.507936507936508,0.6153846153846154,20,0.6170016461613511,0.03949688355325569,0.6225071225071225,0.5955165692007797,0.6445936139332366,0.5454545454545454,0.6909090909090909,20,29.0,0.0,29.0,29.0,29.0,29.0,29.0,20,29.0,0.0,29.0,29.0,29.0,29.0,29.0,20,0.78616169543579,0.017136761478772328,0.7818181818181819,0.7742042440318302,0.8,0.7592592592592593,0.8181818181818182,20,0.8052741300141183,0.01704303999869383,0.8077469793887704,0.7929992892679459,0.8157051282051282,0.7741935483870968,0.8387096774193549,20,0.7728813559322034,0.05672271366332716,0.7627118644067796,0.7288135593220338,0.8050847457627118,0.6779661016949152,0.8813559322033898,20,0.8483050847457627,0.051724520266159944,0.864406779661017,0.826271186440678,0.8813559322033898,0.6779661016949152,0.9152542372881356,20,0.7785913169946541,0.03216334891509693,0.7753454432541531,0.7543859649122807,0.7990705303444505,0.7207207207207208,0.8387096774193548,20,0.8255663602537794,0.030235416160459924,0.8332870241733815,0.8114367698298832,0.8436135187798159,0.7272727272727273,0.859504132231405,20,59.0,0.0,59.0,59.0,59.0,59.0,59.0,20,59.0,0.0,59.0,59.0,59.0,59.0,59.0,20,0.13352272727272727,0.04152824258958453,0.13068181818181818,0.10227272727272728,0.1534090909090909,0.056818181818181816,0.22727272727272727,20,0.03977272727272727,0.02514096836959773,0.03409090909090909,0.022727272727272728,0.045454545454545456,0.011363636363636364,0.125,20,0.09375,0.028289220792541318,0.10227272727272728,0.07670454545454546,0.10511363636363637,0.03409090909090909,0.14772727272727273
P0,P0_derivative_amplitude_deciles,RAW_DECILES,ds006036__EO_or_photomark,AD_vs_CN,CN,AD,20,False,False,20,0.6933724287039073,0.032595971376158515,0.6886973180076628,0.669090909090909,0.7137314184933231,0.6336682185738789,0.7688008130081301,20,0.7187662795074642,0.03003084547521433,0.7203253386631135,0.6964016516131606,0.7435897435897436,0.669090909090909,0.7756410256410257,20,0.025393850803556894,0.038556597964412624,0.022002297597774667,-0.0007643922117606672,0.04817090873919275,-0.056647487533563634,0.09942340299483154,20,0.6924329501915709,0.032032808310179996,0.6886973180076628,0.6681034482758621,0.7152777777777778,0.6336206896551724,0.7653256704980842,20,0.7170498084291188,0.02915503574180907,0.7183908045977012,0.6950431034482758,0.7409003831417624,0.6681034482758621,0.7720306513409961,20,0.024616858237547907,0.03763719313195149,0.018917624521072818,-0.0008381226053639779,0.04669540229885061,-0.05555555555555558,0.09722222222222221,20,0.40168631657333476,0.0775349606380177,0.3773946360153257,0.3411441196105065,0.4682244813506849,0.2752684292797052,0.5799676891811637,20,0.4543115588351548,0.06370803952520523,0.4556839908250476,0.4042656059576677,0.500874789030501,0.3411441196105065,0.5656001593823551,20,0.05262524226182001,0.08858422264027328,0.044813761402524244,-0.00012052267479646661,0.09786521419087649,-0.12877277914083246,0.23048852900337807,20,0.716134869852202,0.08232632269427778,0.68,0.6548408488063661,0.7769138755980862,0.625,0.8947368421052632,20,0.7568402549014677,0.0560991928394081,0.755,0.7185714285714286,0.784324942791762,0.6538461538461539,0.85,20,0.5793103448275861,0.04274808136606107,0.5862068965517241,0.5517241379310345,0.5862068965517241,0.4827586206896552,0.6551724137931034,20,0.5896551724137931,0.041710711643399956,0.5862068965517241,0.5517241379310345,0.6206896551724138,0.5172413793103449,0.6551724137931034,20,0.6368205522595992,0.03225527085059212,0.6296296296296295,0.6181818181818182,0.6551724137931034,0.5660377358490567,0.7083333333333333,20,0.6614000213226866,0.03557571273401324,0.6666666666666666,0.6290849673202614,0.6923076923076923,0.6000000000000001,0.7307692307692308,20,29.0,0.0,29.0,29.0,29.0,29.0,29.0,20,29.0,0.0,29.0,29.0,29.0,29.0,29.0,20,0.703707182581081,0.019746383385026968,0.7,0.6923076923076923,0.7212532299741602,0.6585365853658537,0.7391304347826086,20,0.7188728700726222,0.02222754424027527,0.7191607684529828,0.6994186046511627,0.7345238095238095,0.6818181818181818,0.7619047619047619,20,0.8055555555555556,0.07486179599118191,0.7777777777777778,0.75,0.8680555555555556,0.7222222222222222,0.9444444444444444,20,0.8444444444444444,0.04630604185924946,0.8333333333333334,0.8055555555555556,0.8680555555555556,0.75,0.9166666666666666,20,0.7499243051482155,0.03801092911495668,0.7368421052631577,0.7216666666666666,0.7815683853041062,0.7012987012987012,0.8292682926829269,20,0.7761325376922418,0.027371624472986227,0.7771103896103897,0.7579319414762453,0.7948717948717949,0.7199999999999999,0.8205128205128205,20,36.0,0.0,36.0,36.0,36.0,36.0,36.0,20,36.0,0.0,36.0,36.0,36.0,36.0,36.0,20,0.1676923076923077,0.049889320040730566,0.16923076923076924,0.13461538461538464,0.18461538461538463,0.09230769230769231,0.27692307692307694,20,0.07076923076923078,0.03052534926894826,0.06153846153846154,0.057692307692307696,0.09230769230769231,0.015384615384615385,0.12307692307692308,20,0.09692307692307693,0.03389029142697499,0.09230769230769231,0.07692307692307693,0.12307692307692308,0.03076923076923077,0.16923076923076924
P0,P0_derivative_amplitude_deciles,RAW_DECILES,ds006036__EO_or_photomark,AD_vs_FTD,FTD,AD,20,False,False,20,0.6001488843448395,0.05125448372468976,0.6044819019391219,0.5768893842007049,0.6345055867901996,0.4519029068025172,0.6876470588235293,20,0.4772613205456557,0.05049522492972042,0.4778352130325814,0.46331030789992833,0.5015346063798654,0.3752941176470588,0.5509893455098935,20,-0.12288756379918377,0.06594606443795965,-0.12442334499402424,-0.15099734490505545,-0.10153985507246374,-0.24650075414781303,0.01718272454726505,20,0.6055857487922706,0.05276215883952938,0.6129227053140096,0.5816727053140097,0.6396437198067633,0.45169082125603865,0.6950483091787439,20,0.480012077294686,0.05117736981958068,0.48037439613526567,0.4654287439613526,0.5058876811594203,0.3743961352657005,0.552536231884058,20,-0.12557367149758453,0.06882677112256497,-0.128623188405797,-0.15685386473429952,-0.10205314009661837,-0.25724637681159424,0.023550724637681153,20,0.20701679874000667,0.1036565465447441,0.22177294542979953,0.1598120311118068,0.2739483917298642,-0.0959257438448257,0.38188313810427194,20,-0.03923850019400832,0.10052456396333533,-0.03928066960452712,-0.06764538239784981,0.011588555597209536,-0.24591855333030513,0.10286016413334878,20,-0.246255298934015,0.13507636531944955,-0.25278981430342984,-0.30887653066211973,-0.20192593245944762,-0.502769812371253,0.04761885567657404,20,0.49950032279342627,0.05657063197035417,0.5,0.4766666666666667,0.5364010989010989,0.3333333333333333,0.5925925925925926,20,0.36945443653209176,0.053122841535697386,0.3675438596491228,0.35439560439560436,0.3954545454545454,0.25925925925925924,0.45454545454545453,20,0.5847826086956521,0.07913948699700447,0.6086956521739131,0.5652173913043478,0.6195652173913044,0.34782608695652173,0.6956521739130435,20,0.42391304347826086,0.07710176470861071,0.43478260869565216,0.391304347826087,0.4782608695652174,0.30434782608695654,0.5652173913043478,20,0.5381732508832826,0.06415276428573666,0.545343137254902,0.515,0.5785256410256411,0.3404255319148936,0.6399999999999999,20,0.3932709353044102,0.05889021946819876,0.3875677930746767,0.36641929499072357,0.43464052287581695,0.27999999999999997,0.49056603773584906,20,23.0,0.0,23.0,23.0,23.0,23.0,23.0,20,23.0,0.0,23.0,23.0,23.0,23.0,23.0,20,0.7034470058121337,0.046199608044896055,0.7077798861480076,0.6847426470588236,0.7338235294117647,0.5714285714285714,0.78125,20,0.5920257491036502,0.04614117771570193,0.5941176470588235,0.5794232649071359,0.6159502262443439,0.5,0.65625,20,0.6263888888888889,0.045487575865885,0.625,0.6041666666666667,0.6666666666666666,0.5555555555555556,0.6944444444444444,20,0.5361111111111111,0.07491602402871034,0.5555555555555556,0.4930555555555556,0.5833333333333334,0.3888888888888889,0.6666666666666666,20,0.6621245178063963,0.041799490315252305,0.6666666666666666,0.6417582417582418,0.6888384166125893,0.5633802816901409,0.7352941176470588,20,0.5612517057869011,0.05760114375772333,0.5714285714285715,0.5337543053960965,0.593661971830986,0.4444444444444444,0.6575342465753425,20,36.0,0.0,36.0,36.0,36.0,36.0,36.0,20,36.0,0.0,36.0,36.0,36.0,36.0,36.0,20,0.31610169491525425,0.06489672328279648,0.3050847457627119,0.2838983050847458,0.36016949152542377,0.15254237288135594,0.4406779661016949,20,0.21694915254237288,0.05432642096176487,0.211864406779661,0.19915254237288138,0.24152542372881355,0.11864406779661017,0.3389830508474576,20,0.09915254237288136,0.03532886837367663,0.1016949152542373,0.08050847457627118,0.1228813559322034,0.03389830508474576,0.15254237288135594
P0,P0_derivative_amplitude_deciles,RAW_DECILES,ds006036__EO_or_photomark,CN_vs_FTD,CN,FTD,20,False,False,20,0.6598434937875253,0.04751412243625906,0.6762383545793684,0.6316931710138647,0.6890799044921985,0.5440335493709493,0.7105751391465678,20,0.6806798055582337,0.05386066568034327,0.6848484848484848,0.6442291579388354,0.7146344129418492,0.5923852183650616,0.8003072196620584,20,0.020836311770708542,0.05442857438338651,0.009632267827639207,-0.005256478278238691,0.05307994087249901,-0.08423404552436797,0.18721198156682028,20,0.6613568215892054,0.047168344427918514,0.6772863568215892,0.6364317841079461,0.6904047976011995,0.5449775112443778,0.7143928035982009,20,0.6811094452773613,0.05319776485014426,0.6836581709145427,0.6435532233883058,0.7228260869565217,0.5929535232383808,0.7961019490254873,20,0.019752623688155925,0.05384258935496161,0.008620689655172376,-0.008995502248875603,0.052661169415292364,-0.08245877061469264,0.18140929535232386,20,0.32369822347893934,0.09458908047624306,0.3590276120789345,0.2733588858728679,0.3802237016789729,0.09183290999593141,0.4259217009643015,20,0.36914040918491514,0.110729692837869,0.3718028146026197,0.291958288880843,0.44953374067085045,0.18521413669915146,0.6108019406762454,20,0.045442185705975795,0.1132177917203754,0.016318711446847628,-0.013649466609904931,0.1095418190560484,-0.16304772095377637,0.3827800053311985,20,0.7050960457038739,0.044804966098834484,0.7119815668202765,0.6839080459770115,0.7307692307692307,0.59375,0.7692307692307693,20,0.712778421459595,0.04984367920481446,0.7142137096774194,0.6747311827956989,0.7354838709677418,0.6363636363636364,0.8181818181818182,20,0.6879310344827586,0.06848745375877686,0.6896551724137931,0.6551724137931034,0.7327586206896552,0.5517241379310345,0.7931034482758621,20,0.7448275862068966,0.08327124958575101,0.7586206896551724,0.6810344827586208,0.7931034482758621,0.6206896551724138,0.9310344827586207,20,0.694748720613839,0.04703236012992841,0.702729044834308,0.6771077283372365,0.7287878787878789,0.6037735849056604,0.7540983606557378,20,0.7259471929614425,0.050790830956479946,0.7303030303030302,0.6905956112852665,0.7540983606557378,0.6315789473684211,0.8387096774193549,20,29.0,0.0,29.0,29.0,29.0,29.0,29.0,20,29.0,0.0,29.0,29.0,29.0,29.0,29.0,20,0.6196319772481099,0.056759028290939983,0.6273148148148149,0.5928571428571427,0.657051282051282,0.5,0.7,20,0.6637199796770735,0.08111030142599203,0.6666666666666666,0.6137123745819398,0.6967391304347825,0.5416666666666666,0.8666666666666667,20,0.6347826086956522,0.07648636586196178,0.6521739130434783,0.6086956521739131,0.6956521739130435,0.43478260869565216,0.7391304347826086,20,0.6173913043478261,0.08988213465166117,0.6086956521739131,0.5652173913043478,0.6630434782608696,0.43478260869565216,0.8260869565217391,20,0.6249382669612115,0.05562712385520522,0.637330754352031,0.6035805626598466,0.6530612244897959,0.46511627906976744,0.693877551020408,20,0.6354124181550249,0.06523748482414059,0.6437632135306555,0.5860389610389611,0.6824162679425838,0.5238095238095238,0.761904761904762,20,23.0,0.0,23.0,23.0,23.0,23.0,23.0,20,23.0,0.0,23.0,23.0,23.0,23.0,23.0,20,0.21442307692307694,0.038600457621096686,0.22115384615384615,0.19230769230769232,0.23076923076923078,0.1346153846153846,0.28846153846153844,20,0.0951923076923077,0.0327042131215779,0.09615384615384616,0.07692307692307693,0.11538461538461539,0.019230769230769232,0.15384615384615385,20,0.11923076923076924,0.03451402163169916,0.11538461538461539,0.09615384615384616,0.1346153846153846,0.07692307692307693,0.21153846153846154
P0,P0_derivative_amplitude_deciles,REGION_AGGREGATES_ALL,ds004504__EC,AD_FTD_vs_CN,CN,AD_FTD,20,False,False,20,0.7389459928004211,0.031293681310197156,0.7404678411399628,0.7232615502776794,0.7594112808095859,0.6808035714285714,0.79427235534775,20,0.6856556299182064,0.04536184716246682,0.68996408996409,0.6497748993213186,0.726089417091115,0.6004273504273503,0.7469533068601945,20,-0.05329036288221465,0.051287270684662344,-0.04045099595633894,-0.09299574702939684,-0.01322742968634058,-0.1673094469601868,0.004112862675507145,20,0.7389830508474576,0.029151933812579744,0.738457042665108,0.7146405610753945,0.7598626534190532,0.6919929865575687,0.7942723553477499,20,0.7047340736411455,0.04115299122205378,0.7049970777323202,0.6756282875511397,0.7348042080654589,0.6241963763880771,0.7694330800701344,20,-0.03424897720631209,0.04688545324617484,-0.024985388661601382,-0.05172413793103445,0.002922267679719398,-0.13559322033898302,0.02688486265341905,20,0.48016018724166537,0.0615014066572758,0.48141862134545654,0.4476901265224713,0.5192525589998263,0.36878088976501133,0.5885447106954997,20,0.3909768037833301,0.08034984971253202,0.39120284935146576,0.3303003109586249,0.4556718770522639,0.23357343121034205,0.5113627817433313,20,-0.08918338345833525,0.092500320209372,-0.07181557449687978,-0.13466518675412067,-0.018416643371310187,-0.27073736409775867,0.025681893373956655,20,0.6545660087153605,0.05584108777249404,0.6666666666666666,0.6395502645502646,0.6839130434782609,0.5428571428571428,0.76,20,0.5431786143706085,0.057523683034446695,0.5465860597439545,0.4973404255319149,0.6052631578947368,0.4418604651162791,0.6176470588235294,20,0.65,0.04649960112126849,0.6551724137931034,0.6206896551724138,0.6551724137931034,0.5517241379310345,0.7586206896551724,20,0.7086206896551724,0.05420545571019799,0.7068965517241379,0.6810344827586208,0.7327586206896552,0.5862068965517241,0.7931034482758621,20,0.650425440170859,0.038220319176969185,0.6490147783251232,0.6147642679900744,0.6781174334140436,0.5937499999999999,0.7241379310344829,20,0.6129292094790795,0.04578685691570323,0.6107226107226107,0.5833333333333334,0.6456356736242885,0.5277777777777777,0.6865671641791046,20,29.0,0.0,29.0,29.0,29.0,29.0,29.0,20,29.0,0.0,29.0,29.0,29.0,29.0,29.0,20,0.8281423832261745,0.019121126690140922,0.8250903028619061,0.8162037037037038,0.8373666406453292,0.8,0.8727272727272727,20,0.830199133654743,0.027766075185169988,0.8257422402159245,0.8194662480376766,0.8497554157931517,0.7777777777777778,0.88,20,0.8279661016949152,0.04543777326918569,0.8305084745762712,0.826271186440678,0.864406779661017,0.7288135593220338,0.8983050847457628,20,0.7008474576271186,0.07154554511060947,0.711864406779661,0.6652542372881356,0.75,0.5423728813559322,0.7966101694915254,20,0.827466545429983,0.02703973093027805,0.8346994535519126,0.821813725490196,0.8407784166298098,0.7678571428571428,0.8688524590163935,20,0.7583820503573333,0.04893807925789087,0.7671392827356129,0.7283433309809457,0.8070175438596492,0.6530612244897959,0.8141592920353983,20,59.0,0.0,59.0,59.0,59.0,59.0,59.0,20,59.0,0.0,59.0,59.0,59.0,59.0,59.0,20,0.15568181818181817,0.053567285823371884,0.14772727272727273,0.11931818181818182,0.18465909090909088,0.07954545454545454,0.29545454545454547,20,0.11079545454545454,0.04791132772167702,0.10227272727272727,0.07670454545454546,0.1278409090909091,0.045454545454545456,0.23863636363636365,20,0.044886363636363634,0.023455730006065517,0.05113636363636363,0.022727272727272728,0.056818181818181816,0.011363636363636364,0.09090909090909091
P0,P0_derivative_amplitude_deciles,REGION_AGGREGATES_ALL,ds004504__EC,AD_vs_CN,CN,AD,20,False,False,20,0.7006901001576491,0.028149615940402106,0.6961284572480018,0.6753078481520093,0.7176640926640927,0.6549227799227799,0.7656813266041818,20,0.7059587405806539,0.03722828937004618,0.7028931472760549,0.6878923692731788,0.7376539222902561,0.6235521235521235,0.7533206831119544,20,0.005268640423004778,0.04574496018338443,0.008828789676069426,-0.016131152014580125,0.03592192467162811,-0.08906441118129615,0.06912278434666508,20,0.7005028735632184,0.027472874367513053,0.6973180076628352,0.6773227969348659,0.7164750957854407,0.6542145593869731,0.7648467432950192,20,0.7099616858237547,0.038428821218190606,0.7056992337164751,0.6919300766283525,0.7412595785440613,0.6230842911877394,0.7576628352490422,20,0.009458812260536386,0.04642172165053722,0.010296934865900442,-0.014008620689655138,0.0428639846743295,-0.08333333333333348,0.07567049808429116,20,0.40369817133502683,0.05690844407074461,0.39644836466276767,0.3528727544701821,0.4367314877449891,0.31112287401302324,0.5317347021942951,20,0.4195338341478964,0.07613623090962732,0.413826420047814,0.3817584738242877,0.47988466666042295,0.24831856714704026,0.5123893179891292,20,0.01583566281286957,0.09329047065223027,0.019804441476180823,-0.03260753539711975,0.08032975104772141,-0.17043412514750528,0.14563635173428957,20,0.6775740049336436,0.04356234259225172,0.6666666666666666,0.6356060606060606,0.7037037037037037,0.625,0.76,20,0.6550891024236613,0.03736582000587167,0.6619047619047619,0.6231617647058824,0.6923076923076923,0.5925925925925926,0.7,20,0.6551724137931034,0.04033776909417945,0.6551724137931034,0.646551724137931,0.6896551724137931,0.5862068965517241,0.7241379310344828,20,0.7310344827586207,0.07799348637155709,0.7241379310344828,0.6896551724137931,0.7931034482758621,0.5517241379310345,0.8275862068965517,20,0.6649281708159698,0.02953700185888728,0.6612021857923498,0.6440677966101694,0.6785714285714286,0.6071428571428571,0.736842105263158,20,0.68916742280539,0.046580342418931615,0.6919242273180459,0.6554396423248883,0.727994227994228,0.5714285714285714,0.7419354838709677,20,29.0,0.0,29.0,29.0,29.0,29.0,29.0,20,29.0,0.0,29.0,29.0,29.0,29.0,29.0,20,0.7288841081333342,0.022575930282365042,0.7312834224598931,0.7142857142857143,0.7430402930402931,0.6842105263157895,0.7837837837837838,20,0.7640771640969046,0.048528647374993926,0.7607142857142857,0.7251420454545454,0.8088942307692308,0.6578947368421053,0.8275862068965517,20,0.7458333333333333,0.0519869966747634,0.75,0.6944444444444444,0.7777777777777778,0.6666666666666666,0.8333333333333334,20,0.6888888888888889,0.050661639229388426,0.6805555555555556,0.6597222222222222,0.7222222222222222,0.5833333333333334,0.7777777777777778,20,0.7364520294993285,0.03079870126238777,0.7310620479634564,0.7054681027340514,0.7567567567567567,0.6956521739130435,0.7945205479452055,20,0.7227500583559179,0.033956523705522226,0.729833546734955,0.6933809214795588,0.7484057971014493,0.6666666666666666,0.7647058823529411,20,36.0,0.0,36.0,36.0,36.0,36.0,36.0,20,36.0,0.0,36.0,36.0,36.0,36.0,36.0,20,0.16230769230769232,0.05270035991549462,0.17692307692307693,0.12307692307692308,0.2,0.046153846153846156,0.24615384615384617,20,0.08,0.03295854913007986,0.07692307692307693,0.06153846153846154,0.1076923076923077,0.03076923076923077,0.13846153846153847,20,0.08230769230769232,0.03643229835941744,0.08461538461538462,0.06153846153846154,0.1076923076923077,0.015384615384615385,0.15384615384615385
P0,P0_derivative_amplitude_deciles,REGION_AGGREGATES_ALL,ds004504__EC,AD_vs_FTD,FTD,AD,20,False,False,20,0.4656782777204451,0.047467827296661165,0.45747126436781615,0.43639927917397237,0.4955117620223538,0.36998556998557,0.553030303030303,20,0.45709399873044937,0.0513497621959321,0.46908563134978226,0.41693704912882995,0.4851611062548563,0.35574712643678164,0.5637385388938184,20,-0.008584278989995763,0.053211398704505836,-0.013401428940074345,-0.031882495699185096,0.021291447919124462,-0.14572436695724367,0.0723592285489908,20,0.48586956521739133,0.045855397706059745,0.4839975845410628,0.4583333333333333,0.5161533816425121,0.4076086956521739,0.5603864734299517,20,0.46506642512077295,0.05150534700480051,0.4752415458937198,0.4195350241545894,0.49743357487922707,0.37016908212560384,0.5664251207729469,20,-0.02080314009661837,0.05266574971939271,-0.025362318840579712,-0.047856280193236705,0.007548309178743967,-0.15217391304347827,0.06340579710144922,20,-0.02863569677901611,0.09176291169037223,-0.03177809871737311,-0.08219901552427487,0.03199735405007283,-0.19287212538511644,0.11782167845915038,20,-0.06931716891209094,0.1020420831934433,-0.04830688816825166,-0.16217792709802242,-0.0050272649700188275,-0.2578004365829691,0.13050701992411579,20,-0.040681472133074825,0.10452663627519336,-0.05219835412777673,-0.09403004315146332,0.01601125053172145,-0.3029684813674499,0.12704757273558026,20,0.37922118463900567,0.03752043953689096,0.3766891891891892,0.35396687009590233,0.40294117647058825,0.3225806451612903,0.4482758620689655,20,0.35517313958775876,0.052974866976183914,0.36666666666666664,0.30652680652680653,0.38754480286738346,0.2727272727272727,0.46153846153846156,20,0.5717391304347826,0.06030301886448746,0.5652173913043478,0.5217391304347826,0.6086956521739131,0.43478260869565216,0.6956521739130435,20,0.45652173913043476,0.1012311046251472,0.4782608695652174,0.42391304347826086,0.5217391304347826,0.2608695652173913,0.6086956521739131,20,0.45534175536796756,0.042801190696832817,0.4574712643678161,0.42460317460317454,0.4848759830611011,0.37037037037037035,0.5245901639344263,20,0.39724908386615515,0.06836556597875625,0.41509433962264153,0.354064039408867,0.44654088050314467,0.2666666666666666,0.4897959183673469,20,23.0,0.0,23.0,23.0,23.0,23.0,23.0,20,23.0,0.0,23.0,23.0,23.0,23.0,23.0,20,0.5917503384402698,0.05511325997498205,0.5909090909090909,0.5602766798418972,0.62875,0.47368421052631576,0.6666666666666666,20,0.5760434069232838,0.05048851659718083,0.5862068965517241,0.5442260442260443,0.6075310559006211,0.4583333333333333,0.6666666666666666,20,0.4,0.06647144906845764,0.4027777777777778,0.3611111111111111,0.4444444444444444,0.25,0.5555555555555556,20,0.4736111111111111,0.08759799117091663,0.4861111111111111,0.4097222222222222,0.5069444444444444,0.3055555555555556,0.6388888888888888,20,0.4760148000729227,0.06207435426027695,0.4792236194641881,0.44637638807714797,0.501984126984127,0.32727272727272727,0.606060606060606,20,0.5169389135947435,0.06646259944269094,0.523076923076923,0.48154729360306175,0.5550904977375566,0.3666666666666667,0.6376811594202899,20,36.0,0.0,36.0,36.0,36.0,36.0,36.0,20,36.0,0.0,36.0,36.0,36.0,36.0,36.0,20,0.30847457627118646,0.06543616101666926,0.3050847457627119,0.2542372881355932,0.3389830508474576,0.22033898305084745,0.4745762711864407,20,0.15423728813559323,0.03805869936410769,0.15254237288135594,0.13559322033898305,0.17372881355932202,0.0847457627118644,0.22033898305084745,20,0.15423728813559323,0.044977907255638085,0.15254237288135594,0.13135593220338984,0.1864406779661017,0.0847457627118644,0.2711864406779661
P0,P0_derivative_amplitude_deciles,REGION_AGGREGATES_ALL,ds004504__EC,CN_vs_FTD,CN,FTD,20,False,False,20,0.7669257153603398,0.037721375829459926,0.767502915209062,0.7476670399402762,0.791573902288188,0.6848484848484848,0.823728813559322,20,0.6408056340311509,0.05379128969581987,0.636663242595446,0.595704628335039,0.6918518518518519,0.5377777777777778,0.7291666666666667,20,-0.12612008132918895,0.0700732491907913,-0.13309295625460343,-0.17167268051926504,-0.09074329813222742,-0.23636363636363633,0.0373148148148148,20,0.7692653673163419,0.03624538658619003,0.7706146926536732,0.7488755622188905,0.794415292353823,0.6836581709145427,0.8223388305847077,20,0.6450899550224888,0.054869434800767385,0.6364317841079461,0.6041979010494752,0.697151424287856,0.5412293853073463,0.7316341829085458,20,-0.12417541229385307,0.06961697932696496,-0.13005997001499253,-0.16866566716641676,-0.08864317841079464,-0.23388305847076452,0.02548725637181415,20,0.5381410720050404,0.07155696160576339,0.5395942299986217,0.4958959143880507,0.5877373811079387,0.3718028146026197,0.6480873892425505,20,0.28985503637467314,0.1089430336895584,0.27619637656194607,0.20891486062705283,0.39195927448200873,0.08196866956848091,0.4605148890301928,20,-0.24828603563036722,0.1381431685559483,-0.2571906141753929,-0.3371100675619928,-0.17654560292489857,-0.47347950267762184,0.043185199170109434,20,0.80919272581402,0.03399708731859935,0.8154761904761905,0.7931034482758621,0.8290229885057472,0.7096774193548387,0.8518518518518519,20,0.7037610518172858,0.06038768563662473,0.6857366771159874,0.6634615384615384,0.7623076923076924,0.6,0.7916666666666666,20,0.7689655172413793,0.06338590795667705,0.7931034482758621,0.7586206896551724,0.7931034482758621,0.5862068965517241,0.8620689655172413,20,0.6293103448275862,0.06414651699844255,0.6551724137931034,0.5862068965517241,0.6637931034482758,0.5172413793103449,0.7241379310344828,20,0.7869797165453445,0.04018652231792805,0.7931034482758621,0.7698564593301435,0.8106203007518799,0.68,0.847457627118644,20,0.6624604189607439,0.051172955260462706,0.6723163841807911,0.6267676767676766,0.7009259259259258,0.5555555555555556,0.75,20,29.0,0.0,29.0,29.0,29.0,29.0,29.0,20,29.0,0.0,29.0,29.0,29.0,29.0,29.0,20,0.7285773700666093,0.05006877034413453,0.7391304347826086,0.7016908212560387,0.7525,0.6129032258064516,0.8181818181818182,20,0.585781690099096,0.05186979093917373,0.5954545454545455,0.5437062937062936,0.6229246487867178,0.48148148148148145,0.68,20,0.7695652173913043,0.05481492635794291,0.782608695652174,0.7391304347826086,0.8260869565217391,0.6086956521739131,0.8260869565217391,20,0.6608695652173913,0.09420583226083733,0.6739130434782609,0.5978260869565217,0.7391304347826086,0.4782608695652174,0.782608695652174,20,0.7468717141753352,0.03923915300989839,0.7495652173913043,0.7289279869067103,0.7734230055658627,0.6363636363636365,0.8,20,0.6191508491015578,0.06453893673912338,0.6062346185397868,0.5761904761904763,0.68,0.5,0.7083333333333334,20,23.0,0.0,23.0,23.0,23.0,23.0,23.0,20,23.0,0.0,23.0,23.0,23.0,23.0,23.0,20,0.2375,0.06492305533702655,0.23076923076923078,0.20192307692307693,0.2548076923076923,0.1346153846153846,0.40384615384615385,20,0.18173076923076922,0.05868743645583531,0.1826923076923077,0.14903846153846154,0.21153846153846154,0.057692307692307696,0.28846153846153844,20,0.05576923076923077,0.0323601848476781,0.04807692307692308,0.03365384615384616,0.07692307692307693,0.019230769230769232,0.11538461538461539
P0,P0_derivative_amplitude_deciles,REGION_AGGREGATES_ALL,ds006036__EO_or_photomark,AD_FTD_vs_CN,CN,AD_FTD,20,False,False,20,0.6885978988817361,0.027092851837516137,0.6876186093397323,0.6654599092705463,0.7115827478532397,0.635526921306949,0.7377254901960785,20,0.7238197818091763,0.039817554804949466,0.729947374051023,0.7114579831932772,0.7447820656104135,0.636208125445474,0.7862780813600486,20,0.035221882927440176,0.0353798394996046,0.02714664559445812,0.009177817693124979,0.05278322579353781,-0.015411440609301663,0.11685659375674284,20,0.683781414377557,0.026628848025054982,0.6827878433664524,0.663281706604325,0.7081385154880189,0.6309175920514319,0.7250146113383986,20,0.7185710111046172,0.03629554224940108,0.7251607247223846,0.706092928112215,0.7361192285213326,0.6402688486265342,0.7767387492694331,20,0.03478959672706019,0.03254920932272459,0.025715955581531225,0.009205143191116316,0.0540619520748101,-0.008182349503214503,0.11133839859731154,20,0.3821661573440048,0.054913534084809604,0.3808862900201708,0.338451774913622,0.4247741032975641,0.2763486843886456,0.48852007175798084,20,0.4527774641161362,0.08174451509713834,0.4664884825968204,0.4247346824360262,0.4988502096912886,0.2741241070207599,0.5768789541081325,20,0.0706113067721314,0.07277436387089022,0.054652432892612346,0.020113436689794734,0.11016984203826824,-0.041737337351307524,0.2360716391833655,20,0.6125526477624491,0.048553579135905106,0.6095238095238096,0.5743589743589743,0.6521739130434783,0.5416666666666666,0.7272727272727273,20,0.6615035517822416,0.07895972545942978,0.68,0.6158088235294118,0.7218181818181819,0.5,0.782608695652174,20,0.5362068965517242,0.05420545571019796,0.5344827586206897,0.5086206896551725,0.5603448275862069,0.4482758620689655,0.6551724137931034,20,0.5913793103448276,0.05037564628649594,0.5862068965517241,0.5517241379310345,0.6206896551724138,0.5172413793103449,0.6896551724137931,20,0.5700162902139996,0.03947304630261039,0.5738498789346247,0.5430194805194805,0.6046159029649596,0.49056603773584906,0.6274509803921569,20,0.6218463617048302,0.0491106042876177,0.6285403050108932,0.6024159663865546,0.6450665017012063,0.5245901639344263,0.7037037037037037,20,29.0,0.0,29.0,29.0,29.0,29.0,29.0,20,29.0,0.0,29.0,29.0,29.0,29.0,29.0,20,0.7852275449989443,0.018722693498080326,0.7846153846153846,0.7721684053651268,0.7984138257575757,0.75,0.8214285714285714,20,0.8080678217658419,0.021801826056146195,0.8062108810784785,0.7973684210526317,0.8267399267399268,0.7678571428571429,0.8412698412698413,20,0.8313559322033899,0.03498481763616552,0.8305084745762712,0.8093220338983051,0.864406779661017,0.7796610169491526,0.8983050847457628,20,0.8457627118644068,0.0549628102143642,0.864406779661017,0.7966101694915254,0.8813559322033898,0.7288135593220338,0.9152542372881356,20,0.8071795075494725,0.01918934897748135,0.8064713064713064,0.7917626337894595,0.8225806451612904,0.7796610169491526,0.8480000000000001,20,0.8257932019135223,0.03307423440702703,0.834032786885246,0.8116150442477876,0.8491147540983608,0.7478260869565218,0.870967741935484,20,59.0,0.0,59.0,59.0,59.0,59.0,59.0,20,59.0,0.0,59.0,59.0,59.0,59.0,59.0,20,0.11647727272727272,0.02992373770595697,0.11931818181818182,0.09090909090909091,0.13920454545454544,0.045454545454545456,0.1590909090909091,20,0.04431818181818182,0.021466210031553013,0.045454545454545456,0.03125,0.059659090909090905,0.0,0.07954545454545454,20,0.07215909090909091,0.02425348008463416,0.07386363636363635,0.056818181818181816,0.07954545454545454,0.03409090909090909,0.125
P0,P0_derivative_amplitude_deciles,REGION_AGGREGATES_ALL,ds006036__EO_or_photomark,AD_vs_CN,CN,AD,20,False,False,20,0.7428384209538409,0.03161583662763947,0.7450320430658806,0.723031867643793,0.7724478284179792,0.6794871794871795,0.7833888746475262,20,0.717786971131574,0.03747216605965162,0.7257383966244726,0.6833698486867714,0.7503626075054648,0.6515594541910332,0.7725000000000001,20,-0.02505144982226683,0.03867626089915998,-0.024974403301048498,-0.04019826428249676,-0.010682677518584843,-0.10278672872657824,0.058344066196113986,20,0.7405411877394636,0.030234915674756457,0.742816091954023,0.7211446360153257,0.7687978927203064,0.678639846743295,0.7792145593869731,20,0.7161877394636015,0.036238384559839985,0.7236590038314177,0.6848659003831418,0.7485632183908046,0.6508620689655172,0.7686781609195402,20,-0.024353448275862066,0.037231461216871826,-0.02442528735632188,-0.039152298850574696,-0.010536398467432928,-0.10057471264367812,0.0550766283524905,20,0.5216156904430609,0.0759443630644369,0.5233080640076195,0.4693527596177876,0.5900619589484484,0.371424048326793,0.620344768250302,20,0.4530614225599692,0.0775173674976509,0.46878862048423625,0.39660413782201187,0.511701288714864,0.30829061524521933,0.5711847796861853,20,-0.06855426788309167,0.08691202579684978,-0.07409137368874683,-0.11772959888763095,-0.042405349493325195,-0.23332078777118198,0.09980122827615734,20,0.8407236544919611,0.0827894706449718,0.85,0.7727272727272727,0.9071637426900585,0.6956521739130435,0.9444444444444444,20,0.7569946660678926,0.06350020233080726,0.7673160173160173,0.7297149122807017,0.7961309523809523,0.6296296296296297,0.8571428571428571,20,0.5741379310344827,0.032182827740921696,0.5862068965517241,0.5517241379310345,0.5862068965517241,0.4827586206896552,0.6206896551724138,20,0.5879310344827586,0.049371796769918465,0.5862068965517241,0.5775862068965516,0.6206896551724138,0.4827586206896552,0.6896551724137931,20,0.6801665313460921,0.035137767752347504,0.6804255319148936,0.6666666666666666,0.7121010638297872,0.6153846153846154,0.7234042553191489,20,0.6600688784532606,0.044358348733716656,0.6666666666666667,0.6296296296296295,0.6968787515006003,0.5833333333333334,0.7200000000000001,20,29.0,0.0,29.0,29.0,29.0,29.0,29.0,20,29.0,0.0,29.0,29.0,29.0,29.0,29.0,20,0.7253665989691067,0.017498373560633742,0.7261363636363636,0.7209302325581395,0.740518038852914,0.6904761904761905,0.7446808510638298,20,0.7180139622755968,0.027390601784086716,0.7209302325581395,0.7,0.7396179401993356,0.6739130434782609,0.7631578947368421,20,0.9069444444444444,0.05719439509610495,0.9166666666666666,0.8611111111111112,0.9513888888888888,0.8055555555555556,0.9722222222222222,20,0.8444444444444444,0.0543733872143992,0.8611111111111112,0.8055555555555556,0.8888888888888888,0.7222222222222222,0.9166666666666666,20,0.8055103105615896,0.030354909415538735,0.8074074074074074,0.783729546156221,0.8327945930061711,0.7435897435897436,0.8433734939759036,20,0.7755050638098875,0.033957075165382336,0.7815022815022815,0.7553848590433957,0.8012987012987013,0.7027027027027027,0.8250000000000001,20,36.0,0.0,36.0,36.0,36.0,36.0,36.0,20,36.0,0.0,36.0,36.0,36.0,36.0,36.0,20,0.13153846153846155,0.04747764147850289,0.13076923076923078,0.09230769230769231,0.1576923076923077,0.07692307692307693,0.26153846153846155,20,0.08,0.03219374546342135,0.07692307692307693,0.06153846153846154,0.09230769230769231,0.015384615384615385,0.15384615384615385,20,0.05153846153846154,0.029222244655134247,0.046153846153846156,0.03076923076923077,0.06538461538461539,0.015384615384615385,0.1076923076923077
P0,P0_derivative_amplitude_deciles,REGION_AGGREGATES_ALL,ds006036__EO_or_photomark,AD_vs_FTD,FTD,AD,20,False,False,20,0.5200576368907799,0.04295950301056398,0.5206365655122023,0.48695185023310017,0.5488235294117647,0.4447058823529412,0.618235294117647,20,0.4741784418734627,0.06999516399029121,0.4767134661835749,0.4336127412829628,0.5350555725307463,0.2978229317851959,0.5743145743145743,20,-0.045879195017317215,0.07634108226809179,-0.04893200063982056,-0.08343905640059225,0.007461232599100198,-0.22480218059119006,0.09874649859943985,20,0.5260869565217391,0.04448997007823516,0.5229468599033816,0.495018115942029,0.551177536231884,0.44565217391304346,0.623792270531401,20,0.4798611111111111,0.07406363683690678,0.481280193236715,0.4371980676328502,0.5419685990338163,0.2971014492753623,0.5899758454106281,20,-0.04622584541062802,0.07811603632444214,-0.047403381642512094,-0.083786231884058,0.00015096618357496316,-0.22584541062801933,0.09903381642512077,20,0.05134217030415979,0.08731980628485952,0.04556472832629221,-0.009725375766381078,0.1024535185545403,-0.10640706634484356,0.24237165111881034,20,-0.039017662746922255,0.14568260952149586,-0.037369223345552004,-0.12339041343373477,0.08883653803971048,-0.3958808396227453,0.17616280983757435,20,-0.09035983305108204,0.15293420740116237,-0.09431358141793109,-0.15571441754597737,0.00025371467041363123,-0.4414455679490375,0.19461488625994228,20,0.4156981808630262,0.04577466392961792,0.4166666666666667,0.38515016685205783,0.4444444444444444,0.3333333333333333,0.5185185185185185,20,0.3693126749260184,0.07437449556427057,0.36746143057503505,0.3275862068965517,0.435,0.2,0.46875,20,0.5021739130434782,0.0908455291040413,0.5217391304347826,0.43478260869565216,0.5652173913043478,0.34782608695652173,0.6956521739130435,20,0.45,0.1215714765807264,0.43478260869565216,0.3804347826086957,0.5326086956521738,0.2608695652173913,0.6521739130434783,20,0.4529459263474459,0.058420358372900896,0.452991452991453,0.42491816693944356,0.48,0.34782608695652173,0.5599999999999999,20,0.4026341702181605,0.08828276035104914,0.38098693759071117,0.3474080267558528,0.4643356643356643,0.22641509433962265,0.5454545454545454,20,23.0,0.0,23.0,23.0,23.0,23.0,23.0,20,23.0,0.0,23.0,23.0,23.0,23.0,23.0,20,0.6348350018831518,0.04058405090556473,0.6296296296296297,0.6053571428571428,0.65625,0.5625,0.71875,20,0.5929695381809986,0.07015458852880871,0.5952380952380952,0.5517241379310345,0.6390374331550802,0.41379310344827586,0.7037037037037037,20,0.55,0.06780221973246726,0.5555555555555556,0.5,0.5902777777777778,0.3888888888888889,0.6666666666666666,20,0.5097222222222222,0.08934231938162693,0.5138888888888888,0.46527777777777773,0.5347222222222223,0.3333333333333333,0.7777777777777778,20,0.5871693474341139,0.048220911097595416,0.5901741293532339,0.544011544011544,0.619718309859155,0.49122807017543857,0.676470588235294,20,0.5457227135287649,0.0697710480847256,0.5531400966183575,0.5033586132177681,0.5855203619909501,0.36923076923076925,0.7000000000000001,20,36.0,0.0,36.0,36.0,36.0,36.0,36.0,20,36.0,0.0,36.0,36.0,36.0,36.0,36.0,20,0.31949152542372883,0.0558835243524188,0.3135593220338983,0.2711864406779661,0.34745762711864403,0.23728813559322035,0.4576271186440678,20,0.1822033898305085,0.05184131300930558,0.17796610169491525,0.1483050847457627,0.22033898305084745,0.0847457627118644,0.288135593220339,20,0.13728813559322034,0.04184325562617783,0.13559322033898305,0.11440677966101695,0.1694915254237288,0.05084745762711865,0.1864406779661017
P0,P0_derivative_amplitude_deciles,REGION_AGGREGATES_ALL,ds006036__EO_or_photomark,CN_vs_FTD,CN,FTD,20,False,False,20,0.6845938578966615,0.044096252775152715,0.6876623376623376,0.651133138787749,0.7068726630857707,0.6278719397363466,0.8065476190476191,20,0.6470010998555954,0.049924885644908865,0.6650123168006044,0.6006144393241168,0.6807563879210221,0.5606758832565284,0.7242424242424244,20,-0.03759275804106612,0.061842346090062575,-0.045563431483027994,-0.07888113854862391,0.014594141364801833,-0.144771624706015,0.07506701194857124,20,0.686544227886057,0.04446382999148649,0.6881559220389806,0.6525487256371814,0.7065217391304347,0.6274362818590704,0.8095952023988007,20,0.6470389805097452,0.04847355718914012,0.664167916041979,0.6011994002998501,0.6800974512743627,0.5622188905547226,0.7226386806596702,20,-0.03950524737631185,0.06160916770856754,-0.052473763118440764,-0.07796101949025486,0.008058470764617742,-0.1431784107946028,0.07346326836581707,20,0.3723381431997223,0.08845453425985969,0.37741002620221525,0.30372739607699817,0.4142818523503963,0.25622059574705486,0.6155101914869567,20,0.2996520363686025,0.09884383740976274,0.33259621521575355,0.20875509364884334,0.37991178460840413,0.12834572424336294,0.45071606504889,20,-0.0726861068311198,0.12384757557421057,-0.09757952668884294,-0.15378122532174898,0.029069045918141842,-0.2825855781955089,0.15236524046118388,20,0.7326505937723957,0.044856042730980795,0.732051282051282,0.7027777777777777,0.76,0.6666666666666666,0.8518518518518519,20,0.6788757224633689,0.03942144693137884,0.6885775862068966,0.6494755244755245,0.707983193277311,0.6060606060606061,0.7419354838709677,20,0.6948275862068966,0.05280183988283178,0.6896551724137931,0.6551724137931034,0.7241379310344828,0.5862068965517241,0.7931034482758621,20,0.7310344827586207,0.06675214079634394,0.7241379310344828,0.6896551724137931,0.7931034482758621,0.5862068965517241,0.8275862068965517,20,0.7122775530261164,0.04153894240530428,0.7077840552416823,0.686884236453202,0.7342105263157894,0.6415094339622641,0.8214285714285715,20,0.7028959604386384,0.04637877008535803,0.7068093963722866,0.6774193548387097,0.7510245901639344,0.6071428571428571,0.7666666666666667,20,29.0,0.0,29.0,29.0,29.0,29.0,29.0,20,29.0,0.0,29.0,29.0,29.0,29.0,29.0,20,0.638949443873357,0.04809364408737336,0.632996632996633,0.6065217391304348,0.6666666666666666,0.5714285714285714,0.76,20,0.6265629003200177,0.06499313249415957,0.6306818181818181,0.5789473684210527,0.7,0.52,0.7222222222222222,20,0.6782608695652174,0.06676277356086212,0.6956521739130435,0.6086956521739131,0.7065217391304348,0.5652173913043478,0.8260869565217391,20,0.5630434782608695,0.07119794483355918,0.5869565217391304,0.5217391304347826,0.6086956521739131,0.391304347826087,0.6521739130434783,20,0.6569101627672065,0.0502658429305962,0.6598639455782312,0.6243055555555557,0.6802127659574468,0.5777777777777778,0.7916666666666667,20,0.5911062392725522,0.06059015062873579,0.6066734074823054,0.5540213178294573,0.6351842241826673,0.46153846153846156,0.6818181818181819,20,23.0,0.0,23.0,23.0,23.0,23.0,23.0,20,23.0,0.0,23.0,23.0,23.0,23.0,23.0,20,0.21923076923076923,0.05731998618235343,0.21153846153846154,0.1875,0.2548076923076923,0.1346153846153846,0.34615384615384615,20,0.125,0.050879832905088275,0.125,0.07692307692307693,0.15384615384615385,0.057692307692307696,0.21153846153846154,20,0.09423076923076923,0.029198255942932624,0.07692307692307693,0.07692307692307693,0.11538461538461539,0.057692307692307696,0.17307692307692307
P1,P1_psd_bandpower_from_derivatives,PSD_ABSOLUTE_CHANNEL_BAND,ds004504__EC,AD_FTD_vs_CN,CN,AD_FTD,20,False,False,20,0.7514211727263498,0.03745021113473423,0.757285609933412,0.7295756254456519,0.7695788746581107,0.6644880174291938,0.8212108898821617,20,0.7261355261524386,0.02168277707182704,0.7271805286547948,0.7084022285528352,0.7396759163268597,0.6883116883116883,0.7628032345013478,20,-0.02528564657391113,0.041471258251726685,-0.028318038485609598,-0.04818913367332084,-0.011465435224904397,-0.10326217193344378,0.0852072284058325,20,0.7847749853886616,0.03859484265936705,0.7868205727644653,0.7589859731151373,0.8062536528345996,0.6838106370543542,0.8553477498538866,20,0.7577878433664523,0.021413888561855624,0.7611046171829339,0.7418176504967855,0.7720631209818819,0.7180011689070719,0.7954412624196376,20,-0.026987142022209237,0.04481549836436991,-0.0341905318527177,-0.05990648743424898,-0.014538281706604428,-0.1025715955581532,0.09438924605493859,20,0.5373508102617003,0.07284590665331624,0.5450490522480131,0.4895614689138461,0.5774984635846622,0.3478526347116904,0.6709002532529877,20,0.48621363221792957,0.0401521107188651,0.4917940337901527,0.45836583216466736,0.5121773250246993,0.4137490620179231,0.5567821369337977,20,-0.0511371780437707,0.08404562679346354,-0.062308933833064156,-0.11343558498800622,-0.02979548187012876,-0.19550962267193867,0.17739164250610912,20,0.5977535849491811,0.04253938742642862,0.5976190476190476,0.5732954545454545,0.6272865853658537,0.5128205128205128,0.675,20,0.5711855074506864,0.02556754190357062,0.5732142857142857,0.5519736842105263,0.5864602876797999,0.5208333333333334,0.6153846153846154,20,0.853448275862069,0.05799818940571611,0.8620689655172413,0.8189655172413793,0.896551724137931,0.6896551724137931,0.9310344827586207,20,0.8189655172413793,0.04014336907548939,0.8275862068965517,0.7931034482758621,0.8620689655172413,0.7241379310344828,0.8620689655172413,20,0.7023429617338678,0.043444178696587094,0.706787330316742,0.6740196078431372,0.7259106933019976,0.5882352941176471,0.7826086956521738,20,0.6723934825435088,0.023922585623522154,0.6758660068519223,0.6548749757704981,0.6878968253968254,0.6268656716417911,0.7142857142857144,20,29.0,0.0,29.0,29.0,29.0,29.0,29.0,20,29.0,0.0,29.0,29.0,29.0,29.0,29.0,20,0.909226263147145,0.033058045895861574,0.9120772946859903,0.8946232339089482,0.9333333333333333,0.8163265306122449,0.9583333333333334,20,0.8873418493456176,0.020623412552174942,0.8936170212765957,0.873641304347826,0.9011904761904762,0.84,0.9148936170212766,20,0.7161016949152542,0.042904779349396814,0.711864406779661,0.6949152542372882,0.7457627118644068,0.6271186440677966,0.7796610169491526,20,0.6966101694915254,0.03429738324695357,0.7033898305084746,0.6779661016949152,0.7288135593220338,0.6101694915254238,0.7457627118644068,20,0.8004993837188317,0.033219835380372896,0.8019607843137255,0.7829598040105255,0.8240296371137492,0.74,0.8598130841121496,20,0.7798775697613685,0.02233011807120024,0.7829995549621718,0.7659428257284222,0.7934136967155835,0.7272727272727273,0.8148148148148148,20,59.0,0.0,59.0,59.0,59.0,59.0,59.0,20,59.0,0.0,59.0,59.0,59.0,59.0,59.0,20,0.16647727272727272,0.04175673533250096,0.1534090909090909,0.13636363636363635,0.18465909090909088,0.11363636363636363,0.2727272727272727,20,0.09545454545454546,0.02744166179530431,0.09659090909090909,0.08806818181818181,0.10511363636363637,0.03409090909090909,0.13636363636363635,20,0.07102272727272727,0.030374591540007094,0.06818181818181818,0.045454545454545456,0.08238636363636365,0.03409090909090909,0.13636363636363635
P1,P1_psd_bandpower_from_derivatives,PSD_ABSOLUTE_CHANNEL_BAND,ds004504__EC,AD_vs_CN,CN,AD,20,False,False,20,0.7836115951114164,0.03816195960751797,0.7839488636363636,0.7688474438721775,0.8153409090909092,0.6766169154228856,0.8458254269449715,20,0.7498542592978897,0.035210679251848426,0.7664644398597419,0.7380271030551346,0.7690120824449183,0.6448087431693988,0.7841555977229602,20,-0.03375733581352671,0.05749916224061085,-0.025264769590628178,-0.07809382757596403,0.003731207123047753,-0.12442202606137032,0.09239516702203265,20,0.7911159003831417,0.036964949435837315,0.7887931034482758,0.774066091954023,0.8232758620689655,0.6882183908045978,0.8510536398467433,20,0.7537116858237548,0.03531807206317484,0.7665229885057472,0.7429358237547892,0.774904214559387,0.6470306513409961,0.7887931034482758,20,-0.03740421455938698,0.05661412563418838,-0.03256704980842906,-0.08369252873563224,0.002634099616858232,-0.13122605363984674,0.08668582375478917,20,0.5811321623428458,0.07246313699060764,0.5753929996471923,0.545397714475039,0.6447017869439094,0.3797245015127892,0.6981066358476425,20,0.5052736837275211,0.07023934630743708,0.5332992034590656,0.4834479121353846,0.5471940137859033,0.29238572606442875,0.5742950906086337,20,-0.07585847861532459,0.1115509533764159,-0.0648249101345093,-0.1685091172787309,0.004445420161736963,-0.2641276838972571,0.16746951227311407,20,0.7160915696202323,0.04224366617884028,0.7165178571428572,0.6944444444444444,0.7428571428571429,0.6052631578947368,0.7878787878787878,20,0.6977958747301727,0.03871393517348413,0.7058823529411765,0.6847426470588236,0.7208806818181819,0.59375,0.75,20,0.8586206896551724,0.03693630505957225,0.8620689655172413,0.8275862068965517,0.896551724137931,0.7931034482758621,0.896551724137931,20,0.7810344827586206,0.04782653220286936,0.7931034482758621,0.7586206896551724,0.8275862068965517,0.6551724137931034,0.8275862068965517,20,0.7803580063581953,0.03524202345630234,0.7752403846153846,0.7599531615925058,0.8125,0.6865671641791046,0.8387096774193549,20,0.7364822683458991,0.037239461133015656,0.7438490978676873,0.7294372294372293,0.7619047619047619,0.6229508196721311,0.7741935483870968,20,29.0,0.0,29.0,29.0,29.0,29.0,29.0,20,29.0,0.0,29.0,29.0,29.0,29.0,29.0,20,0.863951875633176,0.03483710777358344,0.864367816091954,0.8373655913978495,0.8974137931034483,0.7777777777777778,0.90625,20,0.8053410832312635,0.037009340030231326,0.8153409090909092,0.7925579322638145,0.8273244781783682,0.696969696969697,0.84375,20,0.7236111111111111,0.05367807077989179,0.7222222222222222,0.6944444444444444,0.75,0.5833333333333334,0.8055555555555556,20,0.7263888888888889,0.04347909956249593,0.7222222222222222,0.7152777777777777,0.75,0.6388888888888888,0.8055555555555556,20,0.7868651838646376,0.0418906076664769,0.7852437417654807,0.7692307692307692,0.8181818181818182,0.6666666666666666,0.8529411764705882,20,0.7632262502498803,0.03468354825813567,0.7761194029850746,0.7517845554834524,0.7841396203306796,0.6666666666666666,0.7999999999999999,20,36.0,0.0,36.0,36.0,36.0,36.0,36.0,20,36.0,0.0,36.0,36.0,36.0,36.0,36.0,20,0.20384615384615384,0.05924364968525025,0.18461538461538463,0.16923076923076924,0.21923076923076923,0.13846153846153847,0.4153846153846154,20,0.11846153846153847,0.04325584588297874,0.1076923076923077,0.09230769230769231,0.13846153846153847,0.06153846153846154,0.24615384615384617,20,0.08538461538461539,0.03913579040104523,0.07692307692307693,0.057692307692307696,0.11153846153846154,0.03076923076923077,0.16923076923076924
P1,P1_psd_bandpower_from_derivatives,PSD_ABSOLUTE_CHANNEL_BAND,ds004504__EC,AD_vs_FTD,FTD,AD,20,False,False,20,0.5024432306443144,0.05534101855880214,0.49660253458943604,0.4694573643410852,0.5398326939471441,0.4073059360730593,0.5835294117647059,20,0.4449450380041,0.057229933213914994,0.4392373209446381,0.4064926034598692,0.4760418635418635,0.3085207475451378,0.5472138805472139,20,-0.05749819264021441,0.0939601403676602,-0.08120919913489572,-0.10200085396178767,0.01338104473036901,-0.27500866421956804,0.13869257728906847,20,0.5044685990338165,0.05532687377406957,0.4990942028985507,0.4716183574879227,0.5407608695652174,0.40821256038647347,0.5881642512077294,20,0.4529891304347826,0.05532509594316942,0.45199275362318836,0.4233091787439614,0.4815821256038647,0.321256038647343,0.5549516908212561,20,-0.051479468599033816,0.09087710206230867,-0.07487922705314007,-0.09722222222222224,0.012832125603864722,-0.26690821256038644,0.14070048309178745,20,0.007966698705194737,0.11153906696782483,-0.0017967763249428525,-0.058483773731839564,0.08096866422174298,-0.18514680290829955,0.17261590762607956,20,-0.09943234361569134,0.1183275315268829,-0.10615351421305458,-0.1747848998829541,-0.039474092878220436,-0.37865906811476996,0.12599576542058236,20,-0.10739904232088608,0.19054400437692837,-0.157092125856593,-0.20587701161608604,0.02725733488702706,-0.5512749757408495,0.3050012674119976,20,0.3915931313354728,0.06974620644402964,0.38873626373626374,0.35,0.43719806763285024,0.2631578947368421,0.5,20,0.3172923040189496,0.09000060670383102,0.3138461538461539,0.2568922305764411,0.3599439775910364,0.1111111111111111,0.5,20,0.3978260869565217,0.10392266550627806,0.391304347826087,0.30434782608695654,0.4782608695652174,0.21739130434782608,0.5652173913043478,20,0.24347826086956523,0.07383897217297272,0.2391304347826087,0.20652173913043478,0.30434782608695654,0.08695652173913043,0.34782608695652173,20,0.39291038695612374,0.0827835534394465,0.4086270871985158,0.3255813953488372,0.4658584858980703,0.23809523809523808,0.52,20,0.2736714257498987,0.07659840843545465,0.275,0.22601010101010097,0.3430540827147402,0.0975609756097561,0.3783783783783784,20,23.0,0.0,23.0,23.0,23.0,23.0,23.0,20,23.0,0.0,23.0,23.0,23.0,23.0,23.0,20,0.6153969907586768,0.04320275900776375,0.6094819159335289,0.5897435897435898,0.6462053571428572,0.5405405405405406,0.6875,20,0.5773740274249901,0.03788918064484722,0.5773809523809523,0.5566176470588236,0.5977443609022556,0.4878048780487805,0.6444444444444445,20,0.6111111111111112,0.0533174927742996,0.625,0.5763888888888888,0.6388888888888888,0.5,0.7222222222222222,20,0.6625,0.07446746174672096,0.6666666666666666,0.6111111111111112,0.7013888888888888,0.5277777777777778,0.8055555555555556,20,0.6119760743325051,0.039949098197401375,0.6154901960784313,0.5795194508009153,0.6472659486329744,0.547945205479452,0.6933333333333334,20,0.6162186502583014,0.05135911468340869,0.6185031185031185,0.5822368421052632,0.6431068931068932,0.5194805194805195,0.7160493827160493,20,36.0,0.0,36.0,36.0,36.0,36.0,36.0,20,36.0,0.0,36.0,36.0,36.0,36.0,36.0,20,0.42372881355932207,0.04666082722791087,0.4067796610169492,0.3898305084745763,0.461864406779661,0.3728813559322034,0.5254237288135594,20,0.22627118644067798,0.05048188536730908,0.23728813559322035,0.19915254237288138,0.2542372881355932,0.11864406779661017,0.3559322033898305,20,0.19745762711864406,0.04088373469142408,0.1864406779661017,0.1694915254237288,0.23728813559322035,0.13559322033898305,0.2711864406779661
P1,P1_psd_bandpower_from_derivatives,PSD_ABSOLUTE_CHANNEL_BAND,ds004504__EC,CN_vs_FTD,CN,FTD,20,False,False,20,0.7508459355660262,0.03767787139681131,0.7557824179216369,0.7255895760951128,0.7831328034262486,0.6853569987898347,0.8003072196620584,20,0.6901553163412409,0.03898585151057838,0.704414534175252,0.6577030812324929,0.7167394539337475,0.6233320625238277,0.7511961722488039,20,-0.06069061922478518,0.055213335267468265,-0.0520204360160178,-0.09055360032769083,-0.027466299019607926,-0.1629205486542442,0.034725816945154975,20,0.7482383808095951,0.03537377757058611,0.7526236881559221,0.7243253373313343,0.7786731634182908,0.6874062968515742,0.7961019490254873,20,0.6922413793103448,0.03575978468899363,0.7050224887556222,0.6645427286356822,0.714767616191904,0.6229385307346327,0.7481259370314842,20,-0.05599700149925037,0.05067663532813151,-0.04985007496251875,-0.08358320839580208,-0.023988005997001433,-0.14767616191904054,0.034482758620689724,20,0.5330553015141499,0.06943514862034565,0.530392571270765,0.4903000767971635,0.5984037263482335,0.41301498275326204,0.6174875441427594,20,0.428093641058384,0.07921442892871916,0.4498242612323222,0.3890099554636293,0.4612831433808494,0.2510099539888792,0.5588772925123698,20,-0.10496166045576594,0.1059771428853963,-0.08491868278316231,-0.17628515268876632,-0.03821135444292442,-0.2781611101804063,0.10344535105997221,20,0.737513476541076,0.03100478052211342,0.7360681114551084,0.7202380952380952,0.7663865546218487,0.6829268292682927,0.7878787878787878,20,0.6915279616615464,0.02825148913890181,0.6972222222222222,0.6646341463414634,0.7142857142857143,0.6486486486486487,0.7333333333333333,20,0.9051724137931034,0.040143369075489425,0.896551724137931,0.8620689655172413,0.9310344827586207,0.8275862068965517,0.9655172413793104,20,0.8844827586206896,0.06644674492033106,0.896551724137931,0.853448275862069,0.9310344827586207,0.7241379310344828,0.9655172413793104,20,0.8121124000678346,0.025604379173946715,0.8064516129032258,0.7984126984126985,0.8365430909966298,0.7692307692307692,0.8437500000000001,20,0.7748276879908109,0.031904024888896314,0.7777217741935485,0.7619352088661552,0.7900787075393537,0.6885245901639345,0.8235294117647058,20,29.0,0.0,29.0,29.0,29.0,29.0,29.0,20,29.0,0.0,29.0,29.0,29.0,29.0,29.0,20,0.8356940535384808,0.059013421386289684,0.8377192982456141,0.7885338345864661,0.8823529411764706,0.7368421052631579,0.9285714285714286,20,0.7867961218348215,0.08547180001699933,0.7846153846153847,0.7467105263157895,0.8489010989010989,0.6,0.9230769230769231,20,0.591304347826087,0.068236743101817,0.5869565217391304,0.5652173913043478,0.6521739130434783,0.43478260869565216,0.6956521739130435,20,0.5,0.07530655685082074,0.5217391304347826,0.43478260869565216,0.5326086956521738,0.391304347826087,0.6521739130434783,20,0.6895794710642177,0.052746207170102824,0.693456614509246,0.6625,0.7362804878048781,0.5882352941176471,0.761904761904762,20,0.605482944691671,0.05610405105921681,0.621978021978022,0.553030303030303,0.65,0.5142857142857143,0.6842105263157895,20,23.0,0.0,23.0,23.0,23.0,23.0,23.0,20,23.0,0.0,23.0,23.0,23.0,23.0,23.0,20,0.21153846153846154,0.029922561739057656,0.21153846153846154,0.19230769230769232,0.23076923076923078,0.15384615384615385,0.2692307692307692,20,0.13173076923076923,0.03258496308684287,0.125,0.11057692307692307,0.17307692307692307,0.07692307692307693,0.17307692307692307,20,0.07980769230769232,0.02357343727327403,0.07692307692307693,0.057692307692307696,0.09615384615384616,0.038461538461538464,0.1346153846153846
P1,P1_psd_bandpower_from_derivatives,PSD_ABSOLUTE_CHANNEL_BAND,ds006036__EO_or_photomark,AD_FTD_vs_CN,CN,AD_FTD,20,False,False,20,0.7616482251411291,0.022209561747552654,0.7666980605033702,0.747383910538538,0.773283180141678,0.7124183006535947,0.7977011494252872,20,0.6858428943989426,0.042836671417280654,0.7020181498036029,0.6436875493479267,0.723604390804274,0.6104627766599597,0.7469533068601945,20,-0.07580533074218646,0.04829627808479905,-0.0690689216467833,-0.12356682444477074,-0.031315183529730506,-0.16542856459640698,0.007302439234014413,20,0.7755260081823495,0.022039253241275182,0.7776154295733488,0.7583284628872005,0.7885008766803039,0.7352425482174167,0.8120981881940386,20,0.7127410870835769,0.04339283968352147,0.7267679719462303,0.6729982466393922,0.7524839275277615,0.6326709526592635,0.7697253068381064,20,-0.06278492109877265,0.04572276590576803,-0.0635593220338983,-0.09533898305084743,-0.025350672121566303,-0.15341905318527183,0.017533606078316666,20,0.5312714262543522,0.042920856051950514,0.5408917805238777,0.4992778668969125,0.5567012842814899,0.4451850094481889,0.5967512339719492,20,0.40198241223871595,0.08247311933152948,0.4281402931943408,0.32694587559259813,0.4764052642441381,0.24970502786135448,0.5113627817433313,20,-0.12928901401563625,0.08933272305246377,-0.13271949461087296,-0.19170152950282598,-0.05214561105495119,-0.3058401373119536,0.023261754481411878,20,0.6410441816112881,0.03260242185938049,0.6388888888888888,0.6276785714285714,0.6595238095238095,0.5641025641025641,0.7096774193548387,20,0.5322362409520133,0.04788645357880807,0.5455486542443064,0.48764853033145716,0.575,0.4523809523809524,0.6111111111111112,20,0.7620689655172413,0.038593456823259674,0.7586206896551724,0.7499999999999999,0.7931034482758621,0.6896551724137931,0.8275862068965517,20,0.753448275862069,0.06155768449131603,0.7586206896551724,0.6896551724137931,0.7931034482758621,0.6551724137931034,0.8620689655172413,20,0.6956006381679988,0.026902642628472744,0.6992063492063492,0.674731182795699,0.7113625421280693,0.6470588235294118,0.7384615384615385,20,0.6229264877845695,0.04811421381958989,0.6376811594202898,0.5746753246753247,0.6666666666666666,0.5352112676056338,0.6865671641791046,20,29.0,0.0,29.0,29.0,29.0,29.0,29.0,20,29.0,0.0,29.0,29.0,29.0,29.0,29.0,20,0.8712250544962736,0.017811156585840735,0.8703703703703703,0.8590225563909775,0.8846153846153846,0.8392857142857143,0.9038461538461539,20,0.8475514303472411,0.03545491443415799,0.8541666666666666,0.8085106382978723,0.875,0.782608695652174,0.9047619047619048,20,0.7889830508474577,0.03085098645645937,0.7966101694915254,0.7796610169491526,0.8008474576271186,0.711864406779661,0.847457627118644,20,0.6720338983050848,0.051957843222108446,0.6864406779661016,0.6398305084745762,0.711864406779661,0.576271186440678,0.7627118644067796,20,0.8276958121142594,0.019251548118178707,0.8288288288288288,0.8204192546583852,0.8399906015037594,0.7777777777777777,0.8620689655172413,20,0.7487593010133158,0.040368655409645064,0.7571900047147572,0.7169811320754716,0.7850467289719627,0.6857142857142858,0.8108108108108109,20,59.0,0.0,59.0,59.0,59.0,59.0,59.0,20,59.0,0.0,59.0,59.0,59.0,59.0,59.0,20,0.1744318181818182,0.031343650452084586,0.17045454545454544,0.15625,0.20454545454545456,0.125,0.25,20,0.1278409090909091,0.03396607927189754,0.13068181818181818,0.10227272727272728,0.14772727272727273,0.06818181818181818,0.19318181818181818,20,0.046590909090909086,0.023865060335733202,0.056818181818181816,0.03125,0.06818181818181818,0.011363636363636364,0.07954545454545454
P1,P1_psd_bandpower_from_derivatives,PSD_ABSOLUTE_CHANNEL_BAND,ds006036__EO_or_photomark,AD_vs_CN,CN,AD,20,False,False,20,0.7626391212349523,0.030545575260652484,0.767247553115302,0.7374673319078167,0.7835388994307401,0.7065811356616774,0.8142857142857143,20,0.6814511618682028,0.03881328695705236,0.6904761904761906,0.6614583333333333,0.6958214202790558,0.5782263878875271,0.7384615384615385,20,-0.08118795936674944,0.05270927107710426,-0.0921311466092099,-0.10898109532867459,-0.04588796620046612,-0.22101333651256794,0.018386107230677462,20,0.7656848659003831,0.030070364157576582,0.7681992337164751,0.7404214559386972,0.7862787356321839,0.7092911877394636,0.8165708812260537,20,0.6850574712643678,0.04039351583081714,0.6920498084291188,0.6701388888888888,0.7039032567049808,0.5780651340996168,0.7471264367816092,20,-0.08062739463601534,0.05390280906312722,-0.0917145593869732,-0.11147030651340994,-0.043342911877394585,-0.22461685823754796,0.023946360153256685,20,0.5292697177533574,0.05940883525369983,0.5348637047238359,0.4781030439229421,0.5696987276387416,0.41619727130343764,0.6301310855618155,20,0.36908435560903985,0.08024323220183557,0.38227316990966415,0.3410262811913498,0.4083784918665364,0.15673192849488263,0.4942528735632184,20,-0.16018536214431758,0.10652699028667839,-0.1831445105501092,-0.22113268223018168,-0.08483891440312659,-0.44518266066706846,0.04557436245907237,20,0.7161111832329853,0.035935284593354364,0.7230113636363636,0.6891163793103449,0.7419354838709677,0.6486486486486487,0.7741935483870968,20,0.6288782813018892,0.035008223167491595,0.6363636363636364,0.6053571428571428,0.6554418103448276,0.5357142857142857,0.6774193548387096,20,0.7827586206896552,0.040492617145682745,0.7931034482758621,0.7586206896551724,0.8275862068965517,0.6896551724137931,0.8275862068965517,20,0.7034482758620689,0.07702458557273925,0.7241379310344828,0.6810344827586208,0.7327586206896552,0.5172413793103449,0.8275862068965517,20,0.7473459522319854,0.03157688692551651,0.7457627118644068,0.7257824143070044,0.7685483870967742,0.6885245901639345,0.7999999999999999,20,0.6629992588833457,0.05024715558407591,0.6666666666666667,0.6555963821368005,0.6906358668653751,0.5263157894736843,0.7384615384615385,20,29.0,0.0,29.0,29.0,29.0,29.0,29.0,20,29.0,0.0,29.0,29.0,29.0,29.0,29.0,20,0.811069834281675,0.02955494153249245,0.8198051948051948,0.7925579322638145,0.827832512315271,0.75,0.8529411764705882,20,0.7391828325885775,0.04877018307739398,0.7426470588235294,0.726010101010101,0.7593582887700534,0.6216216216216216,0.8275862068965517,20,0.7486111111111111,0.043665505988770614,0.75,0.7222222222222222,0.7777777777777778,0.6388888888888888,0.8055555555555556,20,0.6666666666666666,0.03604920469572499,0.6666666666666666,0.6597222222222222,0.6944444444444444,0.5833333333333334,0.7222222222222222,20,0.7779322902379191,0.03137969990488246,0.7856705450091854,0.7536231884057971,0.7999999999999999,0.7187499999999999,0.8285714285714286,20,0.69990306485306,0.031087814609042985,0.7058823529411765,0.6803652968036529,0.7228260869565217,0.6301369863013699,0.746268656716418,20,36.0,0.0,36.0,36.0,36.0,36.0,36.0,20,36.0,0.0,36.0,36.0,36.0,36.0,36.0,20,0.2376923076923077,0.030960941226920165,0.23076923076923078,0.2153846153846154,0.26153846153846155,0.18461538461538463,0.2923076923076923,20,0.15923076923076923,0.033212695639862594,0.16923076923076924,0.13846153846153847,0.16923076923076924,0.09230769230769231,0.24615384615384617,20,0.07846153846153847,0.026364949411268282,0.07692307692307693,0.06153846153846154,0.09230769230769231,0.03076923076923077,0.13846153846153847
P1,P1_psd_bandpower_from_derivatives,PSD_ABSOLUTE_CHANNEL_BAND,ds006036__EO_or_photomark,AD_vs_FTD,FTD,AD,20,False,False,20,0.5455942783039706,0.036108681578584684,0.5430440199335549,0.5222836671287678,0.5632958629228779,0.4954070319923979,0.615813953488372,20,0.49352349087203745,0.05548299780340767,0.4926289926289926,0.45638820638820643,0.5216007766335318,0.3943236714975845,0.6287084207371891,20,-0.052070787431933135,0.06874325646526741,-0.03956308006506537,-0.07705640431423322,-0.010942686058965118,-0.22149028199078746,0.08525603978480811,20,0.5477355072463768,0.035976446701117944,0.543780193236715,0.5261171497584541,0.5635567632850241,0.4993961352657005,0.6243961352657005,20,0.49568236714975844,0.055494124646721696,0.4933574879227053,0.45772946859903385,0.5240036231884058,0.3943236714975845,0.6298309178743962,20,-0.05205314009661835,0.06777730568471065,-0.04166666666666663,-0.07382246376811587,-0.011926328502415512,-0.21980676328502413,0.08514492753623193,20,0.10225762930991462,0.08403939440742282,0.08827782415925796,0.055679163548178645,0.1276733806766498,-0.0012792536084958444,0.3374782551989867,20,-0.008912272647477,0.11129482999262467,-0.01353243878146282,-0.08611551951839977,0.04907892907477134,-0.2113526570048309,0.2578004365829691,20,-0.11116990195739163,0.13912673475365556,-0.08762544609446715,-0.18220363770176778,-0.025598055890789236,-0.44653208754350493,0.1695926166678704,20,0.46644572829131653,0.0843397109115263,0.4472222222222222,0.4255952380952381,0.4779411764705882,0.3888888888888889,0.7777777777777778,20,0.38369867421654397,0.06819061984251207,0.38095238095238093,0.3333333333333333,0.421875,0.2608695652173913,0.5416666666666666,20,0.391304347826087,0.07464305002425671,0.3695652173913043,0.33695652173913043,0.4782608695652174,0.30434782608695654,0.5217391304347826,20,0.3760869565217391,0.09491603566041935,0.34782608695652173,0.30434782608695654,0.43478260869565216,0.21739130434782608,0.5652173913043478,20,0.4198251405414793,0.05335900434082181,0.4138477801268499,0.37209302325581395,0.46002906976744184,0.34146341463414637,0.5116279069767442,20,0.3773934254058484,0.07667032531946302,0.36786469344608874,0.324443413729128,0.42369067103109653,0.25,0.5531914893617021,20,23.0,0.0,23.0,23.0,23.0,23.0,23.0,20,23.0,0.0,23.0,23.0,23.0,23.0,23.0,20,0.6443606753854099,0.025001929793467936,0.641941391941392,0.6284053156146179,0.6595238095238095,0.6097560975609756,0.6923076923076923,20,0.6070940835334971,0.04413563019125514,0.6052631578947368,0.5789473684210527,0.6280730897009967,0.5277777777777778,0.7142857142857143,20,0.7041666666666666,0.07555028791406844,0.6944444444444444,0.6666666666666666,0.75,0.6111111111111112,0.9444444444444444,20,0.6152777777777778,0.07392010069358473,0.6111111111111112,0.5486111111111112,0.6736111111111112,0.5,0.75,20,0.671363416066462,0.03941115609236477,0.670995670995671,0.6459154929577465,0.6923076923076924,0.619718309859155,0.7906976744186047,20,0.6096535563382265,0.051998530271352865,0.6175514626218852,0.5703624733475481,0.6402564102564102,0.5217391304347826,0.7042253521126761,20,36.0,0.0,36.0,36.0,36.0,36.0,36.0,20,36.0,0.0,36.0,36.0,36.0,36.0,36.0,20,0.3923728813559322,0.07112163057995949,0.364406779661017,0.3347457627118644,0.44491525423728817,0.288135593220339,0.5254237288135594,20,0.22627118644067798,0.060307853129046206,0.22033898305084745,0.1864406779661017,0.2711864406779661,0.11864406779661017,0.3389830508474576,20,0.16610169491525423,0.035038798254037405,0.1694915254237288,0.13559322033898305,0.1864406779661017,0.1016949152542373,0.22033898305084745
P1,P1_psd_bandpower_from_derivatives,PSD_ABSOLUTE_CHANNEL_BAND,ds006036__EO_or_photomark,CN_vs_FTD,CN,FTD,20,False,False,20,0.8114509144347597,0.04081185040692512,0.8226535794826728,0.7839003513034413,0.8452380952380952,0.7204301075268817,0.880184331797235,20,0.7238377156980995,0.05564953157850721,0.7242424242424244,0.6823863636363636,0.7422798322531453,0.6278719397363466,0.8375,20,-0.08761319873666013,0.07613100779613118,-0.07449224740581795,-0.14501188900684972,-0.05424820748157724,-0.21736615550174865,0.055871670702179244,20,0.8120314842578711,0.041025423925829696,0.8200899550224887,0.7822338830584707,0.848575712143928,0.7181409295352323,0.8740629685157422,20,0.7218890554722639,0.054515518789697445,0.7226386806596702,0.6814092953523239,0.739880059970015,0.6274362818590704,0.830584707646177,20,-0.09014242878560719,0.07600547837350854,-0.08058470764617687,-0.1474887556221889,-0.055284857571214346,-0.2211394302848576,0.051724137931034586,20,0.6266972756714022,0.0814207574363418,0.6480873892425505,0.5696265334012822,0.6930078427153387,0.44998320186528457,0.7716206794872061,20,0.4549417166800477,0.11245174431015713,0.45071606504889,0.3713165054155014,0.4897755199783009,0.25622059574705486,0.7000308662389637,20,-0.17175555899135458,0.152002927917412,-0.14902803450865115,-0.2907560979459783,-0.11233074145130979,-0.4367872469682838,0.13066682426418896,20,0.8369099239321014,0.04716590646506299,0.8366666666666667,0.809375,0.87,0.7272727272727273,0.92,20,0.7347914382028471,0.04420636086316451,0.7419354838709677,0.7012867647058824,0.75,0.6666666666666666,0.8333333333333334,20,0.8327586206896551,0.05397405462930527,0.8275862068965517,0.8189655172413793,0.8620689655172413,0.7241379310344828,0.9655172413793104,20,0.8155172413793104,0.05734711333164301,0.8275862068965517,0.7931034482758621,0.8275862068965517,0.6896551724137931,0.9655172413793104,20,0.8332902914982095,0.03515146554761189,0.8421052631578947,0.8119238774903359,0.8536299765807962,0.7741935483870968,0.9032258064516129,20,0.7726404858791207,0.046794645320059634,0.7666666666666667,0.75,0.7868852459016394,0.6779661016949153,0.8750000000000001,20,29.0,0.0,29.0,29.0,29.0,29.0,29.0,20,29.0,0.0,29.0,29.0,29.0,29.0,29.0,20,0.7925229361281992,0.05532977661739268,0.7916666666666666,0.7589285714285714,0.8181818181818182,0.7037037037037037,0.9473684210526315,20,0.7317189810533464,0.07635282823841089,0.7142857142857143,0.7044117647058823,0.75,0.5909090909090909,0.9411764705882353,20,0.7913043478260869,0.07410796749798176,0.782608695652174,0.7391304347826086,0.8369565217391304,0.6086956521739131,0.9130434782608695,20,0.6282608695652174,0.06687444819741906,0.6521739130434783,0.5652173913043478,0.6521739130434783,0.5217391304347826,0.782608695652174,20,0.7896115373713097,0.04873941875179949,0.8,0.7555555555555555,0.8333333333333333,0.6666666666666666,0.8571428571428571,20,0.6750349455170782,0.06581759414004518,0.6818181818181819,0.6267725467952354,0.6976744186046512,0.5777777777777778,0.8,20,23.0,0.0,23.0,23.0,23.0,23.0,23.0,20,23.0,0.0,23.0,23.0,23.0,23.0,23.0,20,0.20673076923076922,0.03988997246748695,0.20192307692307693,0.17307692307692307,0.23076923076923078,0.1346153846153846,0.28846153846153844,20,0.14423076923076925,0.051639275379854646,0.1346153846153846,0.11538461538461539,0.17788461538461536,0.057692307692307696,0.25,20,0.0625,0.02850677551722199,0.057692307692307696,0.052884615384615384,0.07692307692307693,0.0,0.11538461538461539
P1,P1_psd_bandpower_from_derivatives,PSD_REGION_ABSOLUTE,ds004504__EC,AD_FTD_vs_CN,CN,AD_FTD,20,False,False,20,0.7009026994926422,0.02298397901355327,0.7035496448528645,0.6919480979946951,0.7143222957856705,0.6363636363636365,0.7369720597790773,20,0.7039312446617522,0.02823063661382853,0.7013818027210885,0.6937443845462712,0.7225051640089234,0.6546310832025118,0.775720992622401,20,0.003028545169109942,0.033295899369542116,-0.0021262187102225605,-0.014148684674559459,0.020863107627786287,-0.058275089314779094,0.08158508158508149,20,0.7665546464056108,0.02418965026243101,0.7708942139099941,0.7538720046756284,0.7796610169491525,0.7188778492109877,0.8050847457627119,20,0.7545587375803624,0.026563617094877708,0.7530683810637054,0.7421829339567504,0.772428404441847,0.7019286966686149,0.8126826417299824,20,-0.011995908825248387,0.03185271418133729,-0.009059029807130359,-0.028199883109292834,0.01059322033898305,-0.06867329047340731,0.03360607831677376,20,0.5118202181071632,0.046435574715013715,0.5203346800793995,0.4910932867136095,0.5430610041581776,0.4124924041181153,0.5833410938826918,20,0.4833293008146881,0.05006627855084112,0.47947255054854626,0.459142978748549,0.5132425349558788,0.38214017581204784,0.588511849805395,20,-0.028490917292475073,0.06015214303808756,-0.020582610143901003,-0.060431025083924284,0.017617897677933134,-0.13144109956140637,0.060373111888599396,20,0.5275896181915323,0.019349004970546375,0.5283018867924528,0.5190527065527066,0.5388461538461539,0.4745762711864407,0.5576923076923077,20,0.5371149751762402,0.029544307080597274,0.5333993072736269,0.5294117647058824,0.5515631784628745,0.4897959183673469,0.6190476190476191,20,0.9534482758620689,0.04782653220286937,0.9655172413793104,0.9310344827586207,1.0,0.8275862068965517,1.0,20,0.8879310344827587,0.06316337043664194,0.896551724137931,0.853448275862069,0.9310344827586207,0.7586206896551724,1.0,20,0.6788720590132589,0.023170505305179542,0.6832355665328804,0.6666666666666666,0.6915954415954416,0.631578947368421,0.7160493827160493,20,0.6679845904598719,0.027477528054248915,0.6666666666666666,0.6555077452667815,0.6862348178137652,0.6153846153846154,0.732394366197183,20,29.0,0.0,29.0,29.0,29.0,29.0,29.0,20,29.0,0.0,29.0,29.0,29.0,29.0,29.0,20,0.9638710845740649,0.03484763275244869,0.9710084033613445,0.9483805668016193,1.0,0.8780487804878049,1.0,20,0.9218184403487182,0.03887283665520739,0.9249530956848031,0.8990514905149052,0.9459459459459459,0.851063829787234,1.0,20,0.5796610169491525,0.03460459562942648,0.576271186440678,0.559322033898305,0.6101694915254238,0.4745762711864407,0.6271186440677966,20,0.6211864406779661,0.05533976513525656,0.6186440677966102,0.5932203389830508,0.6610169491525424,0.4915254237288136,0.7288135593220338,20,0.7229333399720256,0.02673949384357152,0.723404255319149,0.7169908466819221,0.7381985892566468,0.6363636363636365,0.7578947368421053,20,0.7398778988636324,0.03562714535318101,0.7450000000000001,0.7291666666666666,0.7563265306122449,0.6590909090909091,0.819047619047619,20,59.0,0.0,59.0,59.0,59.0,59.0,59.0,20,59.0,0.0,59.0,59.0,59.0,59.0,59.0,20,0.1971590909090909,0.0424027877796172,0.19318181818181818,0.1590909090909091,0.22727272727272727,0.13636363636363635,0.2840909090909091,20,0.09545454545454546,0.026174041907383448,0.10227272727272728,0.07954545454545454,0.11363636363636363,0.045454545454545456,0.14772727272727273,20,0.10170454545454545,0.028433004289511152,0.09090909090909091,0.07954545454545454,0.11363636363636363,0.056818181818181816,0.18181818181818182
P1,P1_psd_bandpower_from_derivatives,PSD_REGION_ABSOLUTE,ds004504__EC,AD_vs_CN,CN,AD,20,False,False,20,0.765255412222163,0.02836255536063931,0.767247553115302,0.7463294851354554,0.7835388994307402,0.7176640926640926,0.8142857142857143,20,0.7548275611999404,0.04253139951714446,0.7690120824449183,0.7230113636363635,0.7729619763538169,0.6756949394155382,0.8306088604596067,20,-0.01042785102222254,0.053445782214791404,0.0009956681029827386,-0.04977631346813055,0.02285574379976646,-0.10763839391779528,0.09239516702203265,20,0.7870929118773946,0.026102966302978963,0.7883141762452108,0.7709530651340997,0.8055555555555556,0.7432950191570882,0.8333333333333333,20,0.7613984674329501,0.044152062901171484,0.7765804597701149,0.7298850574712643,0.783405172413793,0.6781609195402298,0.8371647509578544,20,-0.02569444444444448,0.05474129550849539,-0.010057471264367901,-0.07028256704980843,0.006465517241379254,-0.12404214559386983,0.08668582375478928,20,0.5991327263043456,0.04992455758695898,0.5994565069510172,0.5709032714148589,0.641984970885127,0.5053331152447551,0.6866911354074366,20,0.5219625411907829,0.0881426203676851,0.5518537118737945,0.4584546040490023,0.569676839235212,0.3542914986839332,0.671122971611979,20,-0.07717018511356272,0.10972943367049981,-0.051938006812137394,-0.1663698462055621,-0.01671971049711865,-0.2682689990776939,0.16578985636722388,20,0.6655045417973442,0.025731922093094852,0.6666666666666666,0.6444444444444445,0.6848141695702672,0.6222222222222222,0.7073170731707317,20,0.6908540754225738,0.037448977607959906,0.6944444444444444,0.675595238095238,0.7058823529411765,0.6111111111111112,0.7647058823529411,20,0.9672413793103448,0.03256942211683907,0.9655172413793104,0.9655172413793104,1.0,0.8620689655172413,1.0,20,0.8172413793103448,0.07344780722906312,0.8275862068965517,0.7844827586206897,0.8620689655172413,0.6551724137931034,0.896551724137931,20,0.7880874950830163,0.022728726917708407,0.7887323943661971,0.7751141552511417,0.8055555555555556,0.746268656716418,0.8285714285714285,20,0.7478438901948069,0.04860077986295717,0.7655677655677655,0.71875,0.7746750120365912,0.6557377049180328,0.8253968253968255,20,29.0,0.0,29.0,29.0,29.0,29.0,29.0,20,29.0,0.0,29.0,29.0,29.0,29.0,29.0,20,0.9598791321400018,0.03667505603778793,0.957427536231884,0.9523809523809523,1.0,0.8518518518518519,1.0,20,0.8302830594985072,0.05646104122326599,0.8412298387096775,0.7969696969696971,0.865301724137931,0.7272727272727273,0.9032258064516129,20,0.6069444444444444,0.04530866631964259,0.6111111111111112,0.5555555555555556,0.6388888888888888,0.5277777777777778,0.6666666666666666,20,0.7055555555555555,0.04070528317028037,0.6944444444444444,0.6874999999999999,0.7222222222222222,0.6111111111111112,0.7777777777777778,20,0.7424233293613095,0.03551080801956039,0.7457627118644068,0.7142857142857143,0.7685483870967742,0.6785714285714285,0.8,20,0.7618112322050739,0.038527569467127404,0.7692307692307692,0.7378931120972408,0.777402052238806,0.676923076923077,0.835820895522388,20,36.0,0.0,36.0,36.0,36.0,36.0,36.0,20,36.0,0.0,36.0,36.0,36.0,36.0,36.0,20,0.2153846153846154,0.04436478552810599,0.2076923076923077,0.18461538461538463,0.25,0.13846153846153847,0.2923076923076923,20,0.11384615384615385,0.03781645258289745,0.1076923076923077,0.1,0.1423076923076923,0.046153846153846156,0.18461538461538463,20,0.10153846153846155,0.03052534926894826,0.1,0.08846153846153847,0.12307692307692308,0.046153846153846156,0.15384615384615385
P1,P1_psd_bandpower_from_derivatives,PSD_REGION_ABSOLUTE,ds004504__EC,AD_vs_FTD,FTD,AD,20,False,False,20,0.4345553570907814,0.03477873646330098,0.432388934594817,0.4178644377439558,0.44702531932240236,0.38025210084033617,0.522625112376386,20,0.4969265419938648,0.0533409457516397,0.4891835549445923,0.46369222638443214,0.5224533079403554,0.4073059360730593,0.6361570918532944,20,0.06237118490308343,0.06659101120536397,0.05033706854196918,0.021911386440079367,0.08920062512894343,-0.03966503447959924,0.2559049910129582,20,0.4469806763285024,0.03537941118504524,0.44202898550724634,0.42663043478260865,0.4648248792270531,0.3864734299516908,0.5229468599033816,20,0.5016606280193237,0.05216057856822622,0.5015096618357489,0.4651268115942029,0.5314009661835749,0.40821256038647347,0.6340579710144928,20,0.054679951690821266,0.06203337590839236,0.03864734299516914,0.019323671497584516,0.08937198067632855,-0.03200483091787437,0.2155797101449276,20,-0.11478241187270974,0.07397339315695801,-0.12485529317311907,-0.1538480346220883,-0.08159445607382464,-0.23128168099227364,0.04556472832629221,20,0.005161203125434214,0.11033154296924995,0.004070233720007699,-0.07081923891004636,0.06393002743316636,-0.18514680290829955,0.29413288784636316,20,0.11994361499814395,0.1329675461850267,0.08666060684992169,0.0450224066990173,0.18371105089128914,-0.06411364918146827,0.4983074527765397,20,0.3012185250847924,0.05669437679038686,0.29411764705882354,0.2741228070175439,0.3201754385964912,0.18181818181818182,0.4166666666666667,20,0.39672681403937293,0.08099342235609004,0.3944444444444445,0.3442028985507246,0.4284188034188034,0.2727272727272727,0.625,20,0.2217391304347826,0.07178938673755622,0.21739130434782608,0.20652173913043478,0.2608695652173913,0.08695652173913043,0.43478260869565216,20,0.3130434782608696,0.07275304578557179,0.30434782608695654,0.2608695652173913,0.34782608695652173,0.17391304347826086,0.4782608695652174,20,0.2515158858105569,0.06075568248132609,0.25,0.2282467532467532,0.27976190476190477,0.1176470588235294,0.425531914893617,20,0.34696160136302223,0.07011332225373801,0.33739837398373984,0.2926829268292683,0.3832752613240419,0.24242424242424243,0.5128205128205128,20,23.0,0.0,23.0,23.0,23.0,23.0,23.0,20,23.0,0.0,23.0,23.0,23.0,23.0,23.0,20,0.5737976043326747,0.026236687927197137,0.5714285714285714,0.5596205962059622,0.5869835739173718,0.5263157894736842,0.6285714285714286,20,0.6105357706262877,0.03648038578090172,0.6110004977600796,0.5853658536585366,0.6313626723223754,0.5405405405405406,0.6976744186046512,20,0.6722222222222223,0.08530798843887939,0.6666666666666666,0.6111111111111112,0.75,0.5277777777777778,0.8055555555555556,20,0.6902777777777778,0.07922371495358024,0.6944444444444444,0.6597222222222222,0.7222222222222222,0.5555555555555556,0.8333333333333334,20,0.6175948283710059,0.047630873182492886,0.6153846153846153,0.5927887901572113,0.6447934595524958,0.5277777777777778,0.6987951807228916,20,0.6468914826247074,0.05148061400148757,0.6451881451881453,0.6197063805759457,0.6775461380724539,0.547945205479452,0.759493670886076,20,36.0,0.0,36.0,36.0,36.0,36.0,36.0,20,36.0,0.0,36.0,36.0,36.0,36.0,36.0,20,0.3906779661016949,0.054012412944178814,0.3813559322033898,0.3559322033898305,0.423728813559322,0.3050847457627119,0.5084745762711864,20,0.17203389830508475,0.04476731565372105,0.1694915254237288,0.13559322033898305,0.2033898305084746,0.0847457627118644,0.2542372881355932,20,0.21864406779661016,0.03725568290161253,0.22033898305084745,0.1864406779661017,0.2542372881355932,0.1694915254237288,0.288135593220339
P1,P1_psd_bandpower_from_derivatives,PSD_REGION_ABSOLUTE,ds004504__EC,CN_vs_FTD,CN,FTD,20,False,False,20,0.7392494172206289,0.039182629491110656,0.7402843218563442,0.7192288306451613,0.7636363636363636,0.6682615629984051,0.8050974512743628,20,0.7026222824280931,0.0460091236610607,0.7156250000000001,0.6770186335403726,0.7345722028648858,0.6014521984671237,0.7636363636363636,20,-0.036627134792535765,0.06921122171298753,-0.017979316469782514,-0.07395537730212579,-0.003099172260068117,-0.16454445588265776,0.08798843700159487,20,0.7374062968515742,0.03842503111624002,0.7376311844077961,0.7170164917541229,0.7616191904047975,0.6701649175412294,0.8050974512743628,20,0.7034482758620689,0.04209256884118182,0.7136431784107946,0.6829085457271364,0.7320089955022488,0.6094452773613194,0.7616191904047975,20,-0.03395802098950524,0.06570380873968462,-0.017241379310344807,-0.06559220389805095,-0.0022488755622188383,-0.1649175412293854,0.08245877061469264,20,0.49198919457005713,0.07359703911514959,0.4914632180517166,0.4517964754290842,0.5372143312380541,0.36985757785414636,0.6101949025487257,20,0.43576348810141924,0.08015973361559302,0.4524008999503507,0.4101588497041646,0.4913713083961933,0.2450948143584148,0.534944222046555,20,-0.05622570646863788,0.12376170678149999,-0.04341712312692039,-0.10013559072297301,0.0031746318321250466,-0.3210304394944019,0.1618517823171015,20,0.7438239087007327,0.03932532679910834,0.7390756302521009,0.7213541666666666,0.7685483870967742,0.6756756756756757,0.8275862068965517,20,0.7090344109842281,0.040731596034866466,0.7142857142857143,0.675,0.7371848739495799,0.631578947368421,0.7741935483870968,20,0.846551724137931,0.041068097686646925,0.8448275862068966,0.8275862068965517,0.8620689655172413,0.7586206896551724,0.9310344827586207,20,0.8568965517241379,0.056245240948521874,0.8620689655172413,0.8275862068965517,0.896551724137931,0.7586206896551724,0.9655172413793104,20,0.7908128260691106,0.027150363068425176,0.7936507936507937,0.7703003337041157,0.8139204545454546,0.75,0.8333333333333334,20,0.774139540896642,0.027604468667342733,0.7812500000000001,0.7610837438423645,0.7885766328389281,0.7096774193548386,0.8125,20,29.0,0.0,29.0,29.0,29.0,29.0,29.0,20,29.0,0.0,29.0,29.0,29.0,29.0,29.0,20,0.7663548962161663,0.04811275927913398,0.7633053221288515,0.7318181818181817,0.8023809523809524,0.6956521739130435,0.8666666666666667,20,0.7591977762164699,0.06656899805155168,0.7647058823529411,0.726010101010101,0.7864583333333334,0.631578947368421,0.9166666666666666,20,0.6282608695652174,0.07913948699700447,0.6086956521739131,0.5652173913043478,0.6956521739130435,0.4782608695652174,0.782608695652174,20,0.55,0.10198995075359593,0.5652173913043478,0.4673913043478261,0.6086956521739131,0.34782608695652173,0.6956521739130435,20,0.687686008372147,0.05441904964544263,0.6899313501144164,0.6627906976744186,0.7272727272727272,0.5789473684210527,0.782608695652174,20,0.6311050239595442,0.07176769938910715,0.65,0.5714285714285714,0.6861081654294804,0.4705882352941176,0.7272727272727272,20,23.0,0.0,23.0,23.0,23.0,23.0,23.0,20,23.0,0.0,23.0,23.0,23.0,23.0,23.0,20,0.25961538461538464,0.06438870011566365,0.2403846153846154,0.20673076923076922,0.3076923076923077,0.17307692307692307,0.36538461538461536,20,0.14423076923076925,0.03769478633509327,0.1346153846153846,0.11538461538461539,0.16346153846153846,0.09615384615384616,0.23076923076923078,20,0.11538461538461539,0.049128182589115776,0.10576923076923078,0.09134615384615385,0.15865384615384615,0.019230769230769232,0.21153846153846154
P1,P1_psd_bandpower_from_derivatives,PSD_REGION_ABSOLUTE,ds006036__EO_or_photomark,AD_FTD_vs_CN,CN,AD_FTD,20,False,False,20,0.6895878367824293,0.0314274448595685,0.6912280701754385,0.6581634955374266,0.7152059451774418,0.634665282823041,0.7344877344877345,20,0.6876597810273143,0.039222999469949574,0.6887823519194024,0.671990396259301,0.7156227434865206,0.6009845834952714,0.752112676056338,20,-0.001928055755114938,0.04749892415235884,-0.010428336645009584,-0.034250182681657526,0.031511433547947804,-0.09133367929423963,0.0946139734097371,20,0.7501753360607832,0.027981565365137816,0.7536528345996494,0.728448275862069,0.7703828170660434,0.6937463471654004,0.7966101694915254,20,0.737010520163647,0.03727761797214761,0.744886031560491,0.7188047925189948,0.7643921683226182,0.6595558153126826,0.7869666861484512,20,-0.01316481589713619,0.041908070061937634,-0.02600818234950325,-0.03521332554061957,0.018848626534190616,-0.10286382232612501,0.06750438340151965,20,0.4782095374593268,0.050769220139592716,0.48500006656147177,0.4507104088007278,0.5104602125108435,0.37214875177199774,0.5697299895152002,20,0.44954575250357764,0.0698790589845475,0.46485290131000734,0.41211506695740274,0.5073485424489027,0.3080571544612019,0.5401108752419606,20,-0.02866378495574915,0.07781651583998128,-0.05240814799391369,-0.07589056886379993,0.02800987370826645,-0.1975812377432024,0.11856681403416225,20,0.5196998890094221,0.028853329563792593,0.5192307692307693,0.4908233276157804,0.5430424528301887,0.4716981132075472,0.5652173913043478,20,0.5222726715576718,0.038661799917845054,0.5204849498327759,0.5073529411764706,0.5432978723404256,0.4444444444444444,0.5952380952380952,20,0.9206896551724137,0.03374899896066159,0.9310344827586207,0.896551724137931,0.9310344827586207,0.8620689655172413,1.0,20,0.8672413793103448,0.05624524094852188,0.8620689655172413,0.8275862068965517,0.896551724137931,0.7586206896551724,0.9655172413793104,20,0.6638904562683197,0.027084500978421418,0.6666666666666666,0.643472906403941,0.6837108594270486,0.6097560975609757,0.7073170731707317,20,0.6508761133675781,0.03710172560582315,0.6583333333333333,0.6312184571016582,0.6779283294704939,0.5783132530120482,0.7042253521126761,20,29.0,0.0,29.0,29.0,29.0,29.0,29.0,20,29.0,0.0,29.0,29.0,29.0,29.0,29.0,20,0.9374150443605062,0.026205303675334378,0.9428104575163399,0.9240131578947369,0.9477058029689609,0.8857142857142857,1.0,20,0.9040956533868038,0.03821702806352076,0.9090439276485788,0.8802264808362369,0.924015009380863,0.8409090909090909,0.9722222222222222,20,0.5796610169491525,0.046531033298526064,0.576271186440678,0.5423728813559322,0.614406779661017,0.4915254237288136,0.6610169491525424,20,0.6067796610169491,0.05886789336728561,0.6101694915254238,0.5720338983050848,0.6440677966101694,0.4915254237288136,0.711864406779661,20,0.7152852172965388,0.03726745764292052,0.7157894736842105,0.6858377659574467,0.7453793251665591,0.651685393258427,0.7722772277227723,20,0.7244434486870506,0.04464325763391851,0.7263366336633663,0.7093413978494623,0.746701030927835,0.6236559139784946,0.7999999999999999,20,59.0,0.0,59.0,59.0,59.0,59.0,59.0,20,59.0,0.0,59.0,59.0,59.0,59.0,59.0,20,0.20852272727272728,0.043821595243171745,0.20454545454545453,0.1789772727272727,0.23863636363636365,0.13636363636363635,0.29545454545454547,20,0.10397727272727272,0.03424506612862618,0.09659090909090909,0.07954545454545454,0.11647727272727272,0.06818181818181818,0.19318181818181818,20,0.10454545454545454,0.032267841128868185,0.10227272727272728,0.08806818181818181,0.1278409090909091,0.045454545454545456,0.17045454545454544
P1,P1_psd_bandpower_from_derivatives,PSD_REGION_ABSOLUTE,ds006036__EO_or_photomark,AD_vs_CN,CN,AD,20,False,False,20,0.7406512791172642,0.03934532344805416,0.7490347490347491,0.7204874517374518,0.7563740963242032,0.6375757575757575,0.8153409090909092,20,0.6802059920228511,0.030849506136019944,0.6767699961729813,0.6600037169113104,0.7055304593749562,0.6285714285714286,0.7230113636363635,20,-0.060445287094413144,0.05034587207833174,-0.07287882161553721,-0.09734486948656518,-0.02506592337060981,-0.12269726438962691,0.06760447637029166,20,0.7632183908045977,0.03492710447241999,0.7744252873563219,0.749161877394636,0.7778975095785441,0.6704980842911877,0.8266283524904214,20,0.6840038314176246,0.03183850837488829,0.6865421455938698,0.662595785440613,0.7067768199233717,0.6297892720306513,0.7298850574712643,20,-0.07921455938697318,0.048559434753307935,-0.09458812260536392,-0.11446360153256707,-0.043582375478927265,-0.1446360153256705,0.03544061302682,20,0.5512020459290408,0.06659352885943129,0.5675044193346939,0.5281490449810875,0.5983516452371671,0.37268681831858175,0.6557740811871776,20,0.3669806037701991,0.0634368282599495,0.3747281511395364,0.32378752500217645,0.4120735049212828,0.2583442120835885,0.4584546040490023,20,-0.1842214421588417,0.09718911567725028,-0.20755676332613604,-0.2696513422496029,-0.0937469669270811,-0.3335854177260557,0.03801209780864945,20,0.647794126188797,0.03685649818345854,0.6472222222222223,0.6311653116531165,0.6626524390243902,0.5652173913043478,0.7297297297297297,20,0.6272013576558648,0.03043190060360143,0.6233108108108107,0.6039473684210527,0.6564732142857143,0.5757575757575758,0.6774193548387096,20,0.9431034482758621,0.04076218580960755,0.9310344827586207,0.9224137931034483,0.9655172413793104,0.8620689655172413,1.0,20,0.7068965517241379,0.060764678921173154,0.7068965517241379,0.6551724137931034,0.7586206896551724,0.6206896551724138,0.7931034482758621,20,0.7671247917280177,0.02869921527558459,0.7746031746031747,0.7559733646690169,0.7837837837837839,0.6933333333333332,0.8181818181818181,20,0.6637185395593784,0.037586822344214024,0.6717948717948719,0.6382232612507305,0.6906358668653751,0.6000000000000001,0.71875,20,29.0,0.0,29.0,29.0,29.0,29.0,29.0,20,29.0,0.0,29.0,29.0,29.0,29.0,29.0,20,0.9298069392928542,0.04941445772086516,0.9258241758241759,0.895,0.9554924242424243,0.8421052631578947,1.0,20,0.7387598849623443,0.03878238791073278,0.7390756302521009,0.7093253968253967,0.7694444444444445,0.6764705882352942,0.8,20,0.5833333333333334,0.06804138174397716,0.5833333333333334,0.5486111111111112,0.6180555555555556,0.4444444444444444,0.7222222222222222,20,0.6611111111111111,0.040904332196756814,0.6666666666666666,0.6319444444444444,0.6944444444444444,0.5833333333333334,0.7222222222222222,20,0.7141777665065108,0.05190223687737256,0.7177985948477752,0.6946428571428571,0.7385245901639345,0.5818181818181818,0.8125000000000001,20,0.6966934444863239,0.02905644802937399,0.6950483091787439,0.676056338028169,0.725296442687747,0.6470588235294118,0.7428571428571428,20,36.0,0.0,36.0,36.0,36.0,36.0,36.0,20,36.0,0.0,36.0,36.0,36.0,36.0,36.0,20,0.2853846153846154,0.04953222481926851,0.2692307692307693,0.24615384615384617,0.31153846153846154,0.23076923076923078,0.4,20,0.17384615384615384,0.03121139783345431,0.16923076923076924,0.15384615384615385,0.2,0.12307692307692308,0.23076923076923078,20,0.11153846153846154,0.03797260072053479,0.1076923076923077,0.08846153846153847,0.12692307692307692,0.06153846153846154,0.23076923076923078
P1,P1_psd_bandpower_from_derivatives,PSD_REGION_ABSOLUTE,ds006036__EO_or_photomark,AD_vs_FTD,FTD,AD,20,False,False,20,0.4764385609859363,0.05275932230124218,0.4694906444906444,0.4430668936497823,0.5047220183278578,0.4085213032581454,0.593358395989975,20,0.44915620379388377,0.0677426030645176,0.4506282817676069,0.40040650406504064,0.49978657731822285,0.3231007751937985,0.572463768115942,20,-0.02728235719205251,0.07377939409571321,-0.049544155179855914,-0.08801779819492166,0.03295586207991141,-0.13380402225074883,0.11273802812776823,20,0.4893719806763285,0.04921888511472857,0.4797705314009662,0.4628623188405797,0.5338164251207729,0.4142512077294686,0.592391304347826,20,0.4623188405797101,0.06205871716052719,0.4538043478260869,0.42436594202898553,0.5140398550724636,0.32910628019323673,0.572463768115942,20,-0.027053140096618352,0.07035412215982396,-0.03955314009661837,-0.07986111111111109,0.026721014492753686,-0.11714975845410619,0.11292270531400966,20,-0.022221644558754944,0.10930612984860835,-0.04863431481438601,-0.08588656480085224,0.09009601354633048,-0.17900550199141527,0.19287212538511644,20,-0.08442115599591576,0.1342727434860108,-0.09501791309195382,-0.17662747017701122,0.03662091033826724,-0.3521469780023531,0.14492753623188406,20,-0.062199511437160813,0.15103006280126038,-0.09362218090964225,-0.16978348057491718,0.059079088076618616,-0.26847151705140976,0.23862703331162402,20,0.37420732423750996,0.09344333690990775,0.3550420168067227,0.32954545454545453,0.4676470588235294,0.25,0.5555555555555556,20,0.319381269567617,0.10699744974767184,0.32575757575757575,0.23076923076923078,0.42857142857142855,0.15,0.4782608695652174,20,0.2565217391304348,0.09130979606715313,0.2608695652173913,0.21739130434782608,0.30434782608695654,0.08695652173913043,0.43478260869565216,20,0.24130434782608695,0.11757761298443214,0.2391304347826087,0.13043478260869565,0.31521739130434784,0.08695652173913043,0.4782608695652174,20,0.297691477500424,0.08565894188185452,0.29634146341463413,0.2530721966205837,0.34210526315789475,0.12903225806451613,0.47619047619047616,20,0.2695164028869943,0.11153944976841193,0.2653890824622532,0.16666666666666669,0.36483253588516745,0.1176470588235294,0.4782608695652174,20,23.0,0.0,23.0,23.0,23.0,23.0,23.0,20,23.0,0.0,23.0,23.0,23.0,23.0,23.0,20,0.6025854028388569,0.03327694557595804,0.5976190476190476,0.5853658536585366,0.6296791443850267,0.55,0.675,20,0.5854903901494016,0.042896054684108516,0.5799169693824597,0.5645380434782609,0.618515205724508,0.48717948717948717,0.6666666666666666,20,0.7222222222222222,0.09409118660645663,0.7222222222222222,0.6666666666666666,0.7569444444444444,0.5555555555555556,0.8888888888888888,20,0.6833333333333333,0.08663067178746206,0.6666666666666666,0.6111111111111112,0.75,0.5277777777777778,0.8888888888888888,20,0.6551856444714486,0.05264712386693314,0.65441512886991,0.6233766233766234,0.693649373881932,0.5714285714285715,0.7441860465116279,20,0.6287960047007732,0.05232768438330293,0.6341463414634146,0.5883988139362492,0.6607843137254901,0.5066666666666667,0.7272727272727274,20,36.0,0.0,36.0,36.0,36.0,36.0,36.0,20,36.0,0.0,36.0,36.0,36.0,36.0,36.0,20,0.33983050847457624,0.06376861171196214,0.3389830508474576,0.3177966101694915,0.37711864406779666,0.15254237288135594,0.4406779661016949,20,0.1847457627118644,0.05066873138825382,0.19491525423728814,0.1483050847457627,0.22033898305084745,0.1016949152542373,0.2711864406779661,20,0.15508474576271186,0.048339893869981165,0.1694915254237288,0.13559322033898305,0.17372881355932202,0.05084745762711865,0.2542372881355932
P1,P1_psd_bandpower_from_derivatives,PSD_REGION_ABSOLUTE,ds006036__EO_or_photomark,CN_vs_FTD,CN,FTD,20,False,False,20,0.6971671013639449,0.04201499601658824,0.6941176470588236,0.6853569987898347,0.7167394539337475,0.5783183952198037,0.7743589743589744,20,0.707150504478109,0.04119775187663447,0.7026143790849673,0.6770186335403726,0.7333333333333334,0.634375,0.8112141992739008,20,0.00998340311416413,0.05158497367019321,-0.0007313314796196235,-0.02737436767925397,0.04246283363587461,-0.07683647621728118,0.15501493811352973,20,0.7003373313343328,0.036704549925879404,0.7001499250374813,0.6874062968515742,0.7157046476761619,0.6004497751124438,0.7698650674662668,20,0.7076086956521739,0.03822080699827799,0.704647676161919,0.6829085457271364,0.7308845577211394,0.6356821589205397,0.8043478260869565,20,0.007271364317841067,0.046095356856443816,-0.005997001499250476,-0.022863568215892055,0.04010494752623689,-0.07346326836581707,0.13043478260869557,20,0.4580854129548432,0.07609591558785005,0.4640077374906965,0.4196829012986555,0.49185222596732214,0.25317291159795896,0.5808023194967747,20,0.4607477705738977,0.08595978984132863,0.45547972461067654,0.4122798382827409,0.49690865112501836,0.28731425575794206,0.6815650317090165,20,0.0026623576190545227,0.10388255728718011,-0.032780394330206075,-0.0733077054400679,0.07728327188519436,-0.18578485278291634,0.2437357395270594,20,0.6913302212162932,0.028444225947376424,0.6842105263157895,0.6829268292682927,0.7114661654135339,0.6190476190476191,0.75,20,0.701298186297148,0.02831175158168912,0.6985735735735736,0.6755067567567568,0.7222222222222222,0.6571428571428571,0.7631578947368421,20,0.9224137931034483,0.03689392259574616,0.9310344827586207,0.896551724137931,0.9655172413793104,0.8620689655172413,0.9655172413793104,20,0.9,0.053537481905988955,0.896551724137931,0.8620689655172413,0.9310344827586207,0.7931034482758621,1.0,20,0.789779987337761,0.02415292824178933,0.7909982174688057,0.7761194029850746,0.801492537313433,0.732394366197183,0.8307692307692308,20,0.7876199713520511,0.03093263018461323,0.785243741765481,0.7680995475113122,0.7999999999999999,0.71875,0.8656716417910448,20,29.0,0.0,29.0,29.0,29.0,29.0,29.0,20,29.0,0.0,29.0,29.0,29.0,29.0,29.0,20,0.8336713041860101,0.06922289028098555,0.8397435897435898,0.7857142857142857,0.9090909090909091,0.7,0.9230769230769231,20,0.811085929249629,0.08598064241216488,0.8125,0.7610294117647058,0.8365384615384616,0.6470588235294118,1.0,20,0.4782608695652174,0.07053105266554892,0.4782608695652174,0.43478260869565216,0.5217391304347826,0.30434782608695654,0.6086956521739131,20,0.5152173913043478,0.06351711923079922,0.5217391304347826,0.4673913043478261,0.5652173913043478,0.43478260869565216,0.6086956521739131,20,0.6045542153901288,0.06291310240820337,0.5945945945945946,0.5882352941176471,0.6489864864864864,0.42424242424242425,0.717948717948718,20,0.6266810376041668,0.05585297261964765,0.6234817813765182,0.5770676691729324,0.6666666666666667,0.55,0.7567567567567568,20,23.0,0.0,23.0,23.0,23.0,23.0,23.0,20,23.0,0.0,23.0,23.0,23.0,23.0,23.0,20,0.19615384615384615,0.06163959301431014,0.20192307692307693,0.14903846153846154,0.23557692307692307,0.09615384615384616,0.3076923076923077,20,0.09615384615384616,0.038461538461538464,0.09615384615384616,0.057692307692307696,0.1346153846153846,0.019230769230769232,0.15384615384615385,20,0.1,0.03774638770947058,0.09615384615384616,0.07692307692307693,0.12019230769230768,0.038461538461538464,0.17307692307692307
