condition,task,variant,repeat_id,n,unrestricted_macro_f1,variant_macro_f1,delta_macro_f1,unrestricted_balanced_accuracy,variant_balanced_accuracy,delta_balanced_accuracy,unrestricted_mcc,variant_mcc,delta_mcc,unrestricted_accuracy,variant_accuracy,delta_accuracy
ds004504__EC,AD_FTD_vs_CN,R2_anterior_posterior_only,1,88,0.7149889882109082,0.7039337474120082,-0.011055240798899968,0.788135593220339,0.7796610169491525,-0.008474576271186529,0.5563083412064929,0.5430610041581776,-0.013247337048315266,0.7159090909090909,0.7045454545454546,-0.011363636363636354
ds004504__EC,AD_FTD_vs_CN,R2_anterior_posterior_only,2,88,0.6921881072677807,0.7039337474120082,0.01174564014422752,0.7624196376388077,0.7796610169491525,0.01724137931034475,0.5066581038574347,0.5430610041581776,0.03640290030074289,0.6931818181818182,0.7045454545454546,0.011363636363636354
ds004504__EC,AD_FTD_vs_CN,R2_anterior_posterior_only,3,88,0.6669711601200574,0.6803321224701608,0.013360962350103422,0.7191700759789597,0.7451782583284629,0.026008182349503195,0.41596755564804605,0.4709393706435989,0.05497181499555287,0.6704545454545454,0.6818181818181818,0.011363636363636354
ds004504__EC,AD_FTD_vs_CN,R2_anterior_posterior_only,4,88,0.7129061725172909,0.7250000000000001,0.012093827482709152,0.7706019871420222,0.7878433664523671,0.017241379310344862,0.5135812753734542,0.5481826369473379,0.034601361573883715,0.7159090909090909,0.7272727272727273,0.011363636363636354
ds004504__EC,AD_FTD_vs_CN,R2_anterior_posterior_only,5,88,0.7259989621172807,0.7149889882109082,-0.011009973906372483,0.7966101694915254,0.788135593220339,-0.008474576271186418,0.5697299895152002,0.5563083412064929,-0.01342164830870729,0.7272727272727273,0.7159090909090909,-0.011363636363636354
ds004504__EC,AD_FTD_vs_CN,R2_anterior_posterior_only,6,88,0.7039337474120082,0.6583850931677019,-0.04554865424430632,0.7796610169491525,0.72822910578609,-0.05143191116306245,0.5430610041581776,0.4431877160371334,-0.09987328812104418,0.7045454545454546,0.6590909090909091,-0.045454545454545525
ds004504__EC,AD_FTD_vs_CN,R2_anterior_posterior_only,7,88,0.7039337474120082,0.692824822236587,-0.01110892517542117,0.7796610169491525,0.771186440677966,-0.008474576271186418,0.5430610041581776,0.5299732735734691,-0.013087730584708468,0.7045454545454546,0.6931818181818182,-0.011363636363636354
ds004504__EC,AD_FTD_vs_CN,R2_anterior_posterior_only,8,88,0.7031655422937209,0.7031655422937209,0.0,0.7708942139099941,0.7708942139099941,0.0,0.5203346800793995,0.5203346800793995,0.0,0.7045454545454546,0.7045454545454546,0.0
ds004504__EC,AD_FTD_vs_CN,R2_anterior_posterior_only,9,88,0.7237048665620095,0.7259989621172807,0.0022940955552711584,0.7790765634132086,0.7966101694915254,0.017533606078316777,0.5281387379167956,0.5697299895152002,0.0415912515984046,0.7272727272727273,0.7272727272727273,0.0
ds004504__EC,AD_FTD_vs_CN,R2_anterior_posterior_only,10,88,0.6811594202898552,0.7149889882109082,0.03382956792105296,0.7539450613676213,0.788135593220339,0.0341905318527177,0.4931243600976555,0.5563083412064929,0.06318398110883738,0.6818181818181818,0.7159090909090909,0.03409090909090917
ds004504__EC,AD_FTD_vs_CN,R2_anterior_posterior_only,11,88,0.7031655422937209,0.7031655422937209,0.0,0.7708942139099941,0.7708942139099941,0.0,0.5203346800793995,0.5203346800793995,0.0,0.7045454545454546,0.7045454545454546,0.0
ds004504__EC,AD_FTD_vs_CN,R2_anterior_posterior_only,12,88,0.7039337474120082,0.692824822236587,-0.01110892517542117,0.7796610169491525,0.771186440677966,-0.008474576271186418,0.5430610041581776,0.5299732735734691,-0.013087730584708468,0.7045454545454546,0.6931818181818182,-0.011363636363636354
ds004504__EC,AD_FTD_vs_CN,R2_anterior_posterior_only,13,88,0.6757894736842105,0.6883116883116883,0.012522214627477823,0.7188778492109877,0.7361192285213325,0.01724137931034475,0.4124924041181153,0.44579556301678785,0.03330315889867258,0.6818181818181818,0.6931818181818182,0.011363636363636465
ds004504__EC,AD_FTD_vs_CN,R2_anterior_posterior_only,14,88,0.7369720597790773,0.7031655422937209,-0.03380651748535646,0.8050847457627119,0.7708942139099941,-0.03419053185271781,0.5833410938826918,0.5203346800793995,-0.0630064138032923,0.7386363636363636,0.7045454545454546,-0.03409090909090906
ds004504__EC,AD_FTD_vs_CN,R2_anterior_posterior_only,15,88,0.7031655422937209,0.7149889882109082,0.011823445917187314,0.7708942139099941,0.788135593220339,0.017241379310344862,0.5203346800793995,0.5563083412064929,0.035973661127093326,0.7045454545454546,0.7159090909090909,0.011363636363636354
ds004504__EC,AD_FTD_vs_CN,R2_anterior_posterior_only,16,88,0.714100064977258,0.7031655422937209,-0.010934522683537118,0.7793687901811805,0.7708942139099941,-0.008474576271186418,0.5341705802220819,0.5203346800793995,-0.013835900142682322,0.7159090909090909,0.7045454545454546,-0.011363636363636354
ds004504__EC,AD_FTD_vs_CN,R2_anterior_posterior_only,17,88,0.6912280701754385,0.6811594202898552,-0.010068649885583314,0.7536528345996494,0.7539450613676213,0.0002922267679719148,0.48500006656147177,0.4931243600976555,0.008124293536183713,0.6931818181818182,0.6818181818181818,-0.011363636363636465
ds004504__EC,AD_FTD_vs_CN,R2_anterior_posterior_only,18,88,0.7237048665620095,0.7031655422937209,-0.02053932426828864,0.7790765634132086,0.7708942139099941,-0.008182349503214503,0.5281387379167956,0.5203346800793995,-0.007804057837396017,0.7272727272727273,0.7045454545454546,-0.022727272727272707
ds004504__EC,AD_FTD_vs_CN,R2_anterior_posterior_only,19,88,0.6363636363636365,0.6921881072677807,0.05582447090414422,0.7200467562828755,0.7624196376388077,0.0423728813559322,0.440093512565751,0.5066581038574347,0.06656459129168368,0.6363636363636364,0.6931818181818182,0.05681818181818188
ds004504__EC,AD_FTD_vs_CN,R2_anterior_posterior_only,20,88,0.7006802721088436,0.6683560753736192,-0.032324196735224464,0.7533606078316775,0.727936879018118,-0.025423728813559476,0.47947255054854626,0.4358295529008617,-0.043642997647684534,0.7045454545454546,0.6704545454545454,-0.03409090909090917
ds004504__EC,AD_FTD_vs_CN,R2_slow_fast_only,1,88,0.7149889882109082,0.7496952458350263,0.034706257624118164,0.788135593220339,0.7781998831092928,-0.009935710111046214,0.5563083412064929,0.5252442772177995,-0.031064063988693325,0.7159090909090909,0.7613636363636364,0.045454545454545414
ds004504__EC,AD_FTD_vs_CN,R2_slow_fast_only,2,88,0.6921881072677807,0.7496952458350263,0.05750713856724565,0.7624196376388077,0.7781998831092928,0.015780245470485066,0.5066581038574347,0.5252442772177995,0.018586173360364833,0.6931818181818182,0.7613636363636364,0.06818181818181812
ds004504__EC,AD_FTD_vs_CN,R2_slow_fast_only,3,88,0.6669711601200574,0.6909678325607529,0.023996672440695477,0.7191700759789597,0.7004675628287551,-0.018702513150204547,0.41596755564804605,0.3870461684256127,-0.02892138722243337,0.6704545454545454,0.7159090909090909,0.045454545454545525
ds004504__EC,AD_FTD_vs_CN,R2_slow_fast_only,4,88,0.7129061725172909,0.7496952458350263,0.0367890733177354,0.7706019871420222,0.7781998831092928,0.007597895967270563,0.5135812753734542,0.5252442772177995,0.011663001844345322,0.7159090909090909,0.7613636363636364,0.045454545454545414
ds004504__EC,AD_FTD_vs_CN,R2_slow_fast_only,5,88,0.7259989621172807,0.7496952458350263,0.02369628371774568,0.7966101694915254,0.7781998831092928,-0.018410286382232632,0.5697299895152002,0.5252442772177995,-0.044485712297400615,0.7272727272727273,0.7613636363636364,0.03409090909090906
ds004504__EC,AD_FTD_vs_CN,R2_slow_fast_only,6,88,0.7039337474120082,0.7496952458350263,0.04576149842301813,0.7796610169491525,0.7781998831092928,-0.0014611338398596851,0.5430610041581776,0.5252442772177995,-0.017816726940378058,0.7045454545454546,0.7613636363636364,0.05681818181818177
ds004504__EC,AD_FTD_vs_CN,R2_slow_fast_only,7,88,0.7039337474120082,0.7496952458350263,0.04576149842301813,0.7796610169491525,0.7781998831092928,-0.0014611338398596851,0.5430610041581776,0.5252442772177995,-0.017816726940378058,0.7045454545454546,0.7613636363636364,0.05681818181818177
ds004504__EC,AD_FTD_vs_CN,R2_slow_fast_only,8,88,0.7031655422937209,0.7603485838779956,0.057183041584274785,0.7708942139099941,0.7866744593804793,0.015780245470485177,0.5203346800793995,0.5425173841846873,0.022182704105287776,0.7045454545454546,0.7727272727272727,0.06818181818181812
ds004504__EC,AD_FTD_vs_CN,R2_slow_fast_only,9,88,0.7237048665620095,0.7496952458350263,0.02599037927301684,0.7790765634132086,0.7781998831092928,-0.0008766803039158555,0.5281387379167956,0.5252442772177995,-0.0028944606989960153,0.7272727272727273,0.7613636363636364,0.03409090909090906
ds004504__EC,AD_FTD_vs_CN,R2_slow_fast_only,10,88,0.6811594202898552,0.7299107142857142,0.04875129399585898,0.7539450613676213,0.7434248977206313,-0.010520163646990044,0.4931243600976555,0.4675715086366125,-0.02555285146104297,0.6818181818181818,0.75,0.06818181818181823
ds004504__EC,AD_FTD_vs_CN,R2_slow_fast_only,11,88,0.7031655422937209,0.7603485838779956,0.057183041584274785,0.7708942139099941,0.7866744593804793,0.015780245470485177,0.5203346800793995,0.5425173841846873,0.022182704105287776,0.7045454545454546,0.7727272727272727,0.06818181818181812
ds004504__EC,AD_FTD_vs_CN,R2_slow_fast_only,12,88,0.7039337474120082,0.7053571428571429,0.0014233954451347008,0.7796610169491525,0.7177089421391,-0.06195207481005249,0.5430610041581776,0.4181761992008119,-0.1248848049573657,0.7045454545454546,0.7272727272727273,0.022727272727272707
ds004504__EC,AD_FTD_vs_CN,R2_slow_fast_only,13,88,0.6757894736842105,0.7053571428571429,0.02956766917293241,0.7188778492109877,0.7177089421391,-0.0011689070718877703,0.4124924041181153,0.4181761992008119,0.005683795082696619,0.6818181818181818,0.7272727272727273,0.045454545454545525
ds004504__EC,AD_FTD_vs_CN,R2_slow_fast_only,14,88,0.7369720597790773,0.7603485838779956,0.023376524098918328,0.8050847457627119,0.7866744593804793,-0.018410286382232632,0.5833410938826918,0.5425173841846873,-0.04082370969800453,0.7386363636363636,0.7727272727272727,0.03409090909090906
ds004504__EC,AD_FTD_vs_CN,R2_slow_fast_only,15,88,0.7031655422937209,0.7496952458350263,0.04652970354130548,0.7708942139099941,0.7781998831092928,0.007305669199298648,0.5203346800793995,0.5252442772177995,0.0049095971384000014,0.7045454545454546,0.7613636363636364,0.05681818181818177
ds004504__EC,AD_FTD_vs_CN,R2_slow_fast_only,16,88,0.714100064977258,0.7496952458350263,0.03559518085776836,0.7793687901811805,0.7781998831092928,-0.0011689070718877703,0.5341705802220819,0.5252442772177995,-0.008926303004282321,0.7159090909090909,0.7613636363636364,0.045454545454545414
ds004504__EC,AD_FTD_vs_CN,R2_slow_fast_only,17,88,0.6912280701754385,0.7603485838779956,0.06912051370255712,0.7536528345996494,0.7866744593804793,0.03302162478082993,0.48500006656147177,0.5425173841846873,0.05751731762321555,0.6931818181818182,0.7727272727272727,0.07954545454545447
ds004504__EC,AD_FTD_vs_CN,R2_slow_fast_only,18,88,0.7237048665620095,0.7496952458350263,0.02599037927301684,0.7790765634132086,0.7781998831092928,-0.0008766803039158555,0.5281387379167956,0.5252442772177995,-0.0028944606989960153,0.7272727272727273,0.7613636363636364,0.03409090909090906
ds004504__EC,AD_FTD_vs_CN,R2_slow_fast_only,19,88,0.6363636363636365,0.7496952458350263,0.11333160947138987,0.7200467562828755,0.7781998831092928,0.05815312682641727,0.440093512565751,0.5252442772177995,0.08515076465204852,0.6363636363636364,0.7613636363636364,0.125
ds004504__EC,AD_FTD_vs_CN,R2_slow_fast_only,20,88,0.7006802721088436,0.7496952458350263,0.04901497372618269,0.7533606078316775,0.7781998831092928,0.024839275277615314,0.47947255054854626,0.5252442772177995,0.045771726669253276,0.7045454545454546,0.7613636363636364,0.05681818181818177
ds004504__EC,AD_FTD_vs_CN,R2_theta_alpha_only,1,88,0.7149889882109082,0.7496952458350263,0.034706257624118164,0.788135593220339,0.7781998831092928,-0.009935710111046214,0.5563083412064929,0.5252442772177995,-0.031064063988693325,0.7159090909090909,0.7613636363636364,0.045454545454545414
ds004504__EC,AD_FTD_vs_CN,R2_theta_alpha_only,2,88,0.6921881072677807,0.7496952458350263,0.05750713856724565,0.7624196376388077,0.7781998831092928,0.015780245470485066,0.5066581038574347,0.5252442772177995,0.018586173360364833,0.6931818181818182,0.7613636363636364,0.06818181818181812
ds004504__EC,AD_FTD_vs_CN,R2_theta_alpha_only,3,88,0.6669711601200574,0.7194733194733196,0.05250215935326219,0.7191700759789597,0.7349503214494448,0.015780245470485177,0.41596755564804605,0.449239692990119,0.03327213734207296,0.6704545454545454,0.7386363636363636,0.06818181818181823
ds004504__EC,AD_FTD_vs_CN,R2_theta_alpha_only,4,88,0.7129061725172909,0.7496952458350263,0.0367890733177354,0.7706019871420222,0.7781998831092928,0.007597895967270563,0.5135812753734542,0.5252442772177995,0.011663001844345322,0.7159090909090909,0.7613636363636364,0.045454545454545414
ds004504__EC,AD_FTD_vs_CN,R2_theta_alpha_only,5,88,0.7259989621172807,0.7496952458350263,0.02369628371774568,0.7966101694915254,0.7781998831092928,-0.018410286382232632,0.5697299895152002,0.5252442772177995,-0.044485712297400615,0.7272727272727273,0.7613636363636364,0.03409090909090906
ds004504__EC,AD_FTD_vs_CN,R2_theta_alpha_only,6,88,0.7039337474120082,0.7496952458350263,0.04576149842301813,0.7796610169491525,0.7781998831092928,-0.0014611338398596851,0.5430610041581776,0.5252442772177995,-0.017816726940378058,0.7045454545454546,0.7613636363636364,0.05681818181818177
ds004504__EC,AD_FTD_vs_CN,R2_theta_alpha_only,7,88,0.7039337474120082,0.7496952458350263,0.04576149842301813,0.7796610169491525,0.7781998831092928,-0.0014611338398596851,0.5430610041581776,0.5252442772177995,-0.017816726940378058,0.7045454545454546,0.7613636363636364,0.05681818181818177
ds004504__EC,AD_FTD_vs_CN,R2_theta_alpha_only,8,88,0.7031655422937209,0.7603485838779956,0.057183041584274785,0.7708942139099941,0.7866744593804793,0.015780245470485177,0.5203346800793995,0.5425173841846873,0.022182704105287776,0.7045454545454546,0.7727272727272727,0.06818181818181812
ds004504__EC,AD_FTD_vs_CN,R2_theta_alpha_only,9,88,0.7237048665620095,0.7496952458350263,0.02599037927301684,0.7790765634132086,0.7781998831092928,-0.0008766803039158555,0.5281387379167956,0.5252442772177995,-0.0028944606989960153,0.7272727272727273,0.7613636363636364,0.03409090909090906
ds004504__EC,AD_FTD_vs_CN,R2_theta_alpha_only,10,88,0.6811594202898552,0.7496952458350263,0.06853582554517113,0.7539450613676213,0.7781998831092928,0.024254821741671484,0.4931243600976555,0.5252442772177995,0.03211991712014406,0.6818181818181818,0.7613636363636364,0.07954545454545459
ds004504__EC,AD_FTD_vs_CN,R2_theta_alpha_only,11,88,0.7031655422937209,0.7603485838779956,0.057183041584274785,0.7708942139099941,0.7866744593804793,0.015780245470485177,0.5203346800793995,0.5425173841846873,0.022182704105287776,0.7045454545454546,0.7727272727272727,0.06818181818181812
ds004504__EC,AD_FTD_vs_CN,R2_theta_alpha_only,12,88,0.7039337474120082,0.7053571428571429,0.0014233954451347008,0.7796610169491525,0.7177089421391,-0.06195207481005249,0.5430610041581776,0.4181761992008119,-0.1248848049573657,0.7045454545454546,0.7272727272727273,0.022727272727272707
ds004504__EC,AD_FTD_vs_CN,R2_theta_alpha_only,13,88,0.6757894736842105,0.7053571428571429,0.02956766917293241,0.7188778492109877,0.7177089421391,-0.0011689070718877703,0.4124924041181153,0.4181761992008119,0.005683795082696619,0.6818181818181818,0.7272727272727273,0.045454545454545525
ds004504__EC,AD_FTD_vs_CN,R2_theta_alpha_only,14,88,0.7369720597790773,0.7603485838779956,0.023376524098918328,0.8050847457627119,0.7866744593804793,-0.018410286382232632,0.5833410938826918,0.5425173841846873,-0.04082370969800453,0.7386363636363636,0.7727272727272727,0.03409090909090906
ds004504__EC,AD_FTD_vs_CN,R2_theta_alpha_only,15,88,0.7031655422937209,0.7496952458350263,0.04652970354130548,0.7708942139099941,0.7781998831092928,0.007305669199298648,0.5203346800793995,0.5252442772177995,0.0049095971384000014,0.7045454545454546,0.7613636363636364,0.05681818181818177
ds004504__EC,AD_FTD_vs_CN,R2_theta_alpha_only,16,88,0.714100064977258,0.7496952458350263,0.03559518085776836,0.7793687901811805,0.7781998831092928,-0.0011689070718877703,0.5341705802220819,0.5252442772177995,-0.008926303004282321,0.7159090909090909,0.7613636363636364,0.045454545454545414
ds004504__EC,AD_FTD_vs_CN,R2_theta_alpha_only,17,88,0.6912280701754385,0.7603485838779956,0.06912051370255712,0.7536528345996494,0.7866744593804793,0.03302162478082993,0.48500006656147177,0.5425173841846873,0.05751731762321555,0.6931818181818182,0.7727272727272727,0.07954545454545447
ds004504__EC,AD_FTD_vs_CN,R2_theta_alpha_only,18,88,0.7237048665620095,0.7496952458350263,0.02599037927301684,0.7790765634132086,0.7781998831092928,-0.0008766803039158555,0.5281387379167956,0.5252442772177995,-0.0028944606989960153,0.7272727272727273,0.7613636363636364,0.03409090909090906
ds004504__EC,AD_FTD_vs_CN,R2_theta_alpha_only,19,88,0.6363636363636365,0.7496952458350263,0.11333160947138987,0.7200467562828755,0.7781998831092928,0.05815312682641727,0.440093512565751,0.5252442772177995,0.08515076465204852,0.6363636363636364,0.7613636363636364,0.125
ds004504__EC,AD_FTD_vs_CN,R2_theta_alpha_only,20,88,0.7006802721088436,0.7496952458350263,0.04901497372618269,0.7533606078316775,0.7781998831092928,0.024839275277615314,0.47947255054854626,0.5252442772177995,0.045771726669253276,0.7045454545454546,0.7613636363636364,0.05681818181818177
ds004504__EC,AD_FTD_vs_CN,R2_without_anterior_posterior,1,88,0.7149889882109082,0.7020181498036029,-0.012970838407305285,0.788135593220339,0.7267679719462303,-0.061367621274108664,0.5563083412064929,0.4281402931943408,-0.12816804801215204,0.7159090909090909,0.7159090909090909,0.0
ds004504__EC,AD_FTD_vs_CN,R2_without_anterior_posterior,2,88,0.6921881072677807,0.7575757575757576,0.06538765030797689,0.7624196376388077,0.7779076563413209,0.015488018702513151,0.5066581038574347,0.5292605966872268,0.022602492829792098,0.6931818181818182,0.7727272727272727,0.07954545454545447
ds004504__EC,AD_FTD_vs_CN,R2_without_anterior_posterior,3,88,0.6669711601200574,0.7258566978193146,0.058885537699257195,0.7191700759789597,0.7524839275277615,0.03331385154880184,0.41596755564804605,0.4766922852060702,0.06072472955802416,0.6704545454545454,0.7386363636363636,0.06818181818181823
ds004504__EC,AD_FTD_vs_CN,R2_without_anterior_posterior,4,88,0.7129061725172909,0.7333333333333334,0.020427160816042456,0.7706019871420222,0.7521917007597896,-0.018410286382232632,0.5135812753734542,0.480285904249292,-0.0332953711241622,0.7159090909090909,0.75,0.03409090909090906
ds004504__EC,AD_FTD_vs_CN,R2_without_anterior_posterior,5,88,0.7259989621172807,0.7333333333333334,0.0073343712160527375,0.7966101694915254,0.7521917007597896,-0.04441846873173583,0.5697299895152002,0.480285904249292,-0.08944408526590814,0.7272727272727273,0.75,0.022727272727272707
ds004504__EC,AD_FTD_vs_CN,R2_without_anterior_posterior,6,88,0.7039337474120082,0.6968733439321675,-0.007060403479840716,0.7796610169491525,0.7358270017533606,-0.04383401519579189,0.5430610041581776,0.4435147270276377,-0.09954627713053987,0.7045454545454546,0.7045454545454546,0.0
ds004504__EC,AD_FTD_vs_CN,R2_without_anterior_posterior,7,88,0.7039337474120082,0.7651355527461723,0.06120180533416408,0.7796610169491525,0.7776154295733488,-0.002045587375803626,0.5430610041581776,0.5359968804727873,-0.007064123685390333,0.7045454545454546,0.7840909090909091,0.07954545454545447
ds004504__EC,AD_FTD_vs_CN,R2_without_anterior_posterior,8,88,0.7031655422937209,0.7074078999867004,0.004242357692979537,0.7708942139099941,0.744301578024547,-0.026592635885447136,0.5203346800793995,0.45933400317823764,-0.0610006769011619,0.7045454545454546,0.7159090909090909,0.011363636363636354
ds004504__EC,AD_FTD_vs_CN,R2_without_anterior_posterior,9,88,0.7237048665620095,0.670940170940171,-0.0527646956218385,0.7790765634132086,0.7013442431326709,-0.07773232028053778,0.5281387379167956,0.37866375083276627,-0.1494749870840293,0.7272727272727273,0.6818181818181818,-0.045454545454545525
ds004504__EC,AD_FTD_vs_CN,R2_without_anterior_posterior,10,88,0.6811594202898552,0.7469533068601945,0.06579388657033924,0.7539450613676213,0.7694330800701344,0.015488018702513151,0.4931243600976555,0.5113627817433313,0.018238421645675795,0.6818181818181818,0.7613636363636364,0.07954545454545459
ds004504__EC,AD_FTD_vs_CN,R2_without_anterior_posterior,11,88,0.7031655422937209,0.7363834422657951,0.03321789997207425,0.7708942139099941,0.7609585037989479,-0.009935710111046214,0.5203346800793995,0.4938511968164381,-0.02648348326296146,0.7045454545454546,0.75,0.045454545454545414
ds004504__EC,AD_FTD_vs_CN,R2_without_anterior_posterior,12,88,0.7039337474120082,0.7575757575757576,0.053642010163749365,0.7796610169491525,0.7779076563413209,-0.0017533606078316,0.5430610041581776,0.5292605966872268,-0.013800407470950793,0.7045454545454546,0.7727272727272727,0.06818181818181812
ds004504__EC,AD_FTD_vs_CN,R2_without_anterior_posterior,13,88,0.6757894736842105,0.6063157894736841,-0.06947368421052635,0.7188778492109877,0.6417299824663939,-0.07714786674459384,0.4124924041181153,0.26710122296032834,-0.14539118115778693,0.6818181818181818,0.6136363636363636,-0.06818181818181812
ds004504__EC,AD_FTD_vs_CN,R2_without_anterior_posterior,14,88,0.7369720597790773,0.7258566978193146,-0.011115361959762704,0.8050847457627119,0.7524839275277615,-0.05260081823495044,0.5833410938826918,0.4766922852060702,-0.10664880867662163,0.7386363636363636,0.7386363636363636,0.0
ds004504__EC,AD_FTD_vs_CN,R2_without_anterior_posterior,15,88,0.7031655422937209,0.6706860706860707,-0.03247947160765019,0.7708942139099941,0.6835184102863823,-0.08737580362361186,0.5203346800793995,0.35089866566889893,-0.1694360144105006,0.7045454545454546,0.6931818181818182,-0.011363636363636354
ds004504__EC,AD_FTD_vs_CN,R2_without_anterior_posterior,16,88,0.714100064977258,0.6848484848484848,-0.029251580128773158,0.7793687901811805,0.700759789596727,-0.07860900058445353,0.5341705802220819,0.3823365193734225,-0.15183406084865936,0.7159090909090909,0.7045454545454546,-0.011363636363636354
ds004504__EC,AD_FTD_vs_CN,R2_without_anterior_posterior,17,88,0.6912280701754385,0.784313725490196,0.09308565531475743,0.7536528345996494,0.8123904149620105,0.0587375803623611,0.48500006656147177,0.5911835715529365,0.10618350499146478,0.6931818181818182,0.7954545454545454,0.10227272727272718
ds004504__EC,AD_FTD_vs_CN,R2_without_anterior_posterior,18,88,0.7237048665620095,0.7544642857142858,0.030759419152276313,0.7790765634132086,0.7691408533021624,-0.009935710111046214,0.5281387379167956,0.5169668180724131,-0.011171919844382483,0.7272727272727273,0.7727272727272727,0.045454545454545414
ds004504__EC,AD_FTD_vs_CN,R2_without_anterior_posterior,19,88,0.6363636363636365,0.7194733194733196,0.08310968310968314,0.7200467562828755,0.7349503214494448,0.014903565166569321,0.440093512565751,0.449239692990119,0.009146180424367989,0.6363636363636364,0.7386363636363636,0.10227272727272729
ds004504__EC,AD_FTD_vs_CN,R2_without_anterior_posterior,20,88,0.7006802721088436,0.6863366336633663,-0.014343638445477369,0.7533606078316775,0.7273524254821742,-0.026008182349503306,0.47947255054854626,0.4279086160267264,-0.05156393452181984,0.7045454545454546,0.6931818181818182,-0.011363636363636354
ds004504__EC,AD_FTD_vs_CN,R2_without_frontal_theta_occipital_alpha,1,88,0.7149889882109082,0.7020833333333333,-0.01290565487757489,0.788135593220339,0.7621274108708358,-0.026008182349503195,0.5563083412064929,0.49920794450940315,-0.05710039669708972,0.7159090909090909,0.7045454545454546,-0.011363636363636354
ds004504__EC,AD_FTD_vs_CN,R2_without_frontal_theta_occipital_alpha,2,88,0.6921881072677807,0.6693872263246534,-0.022800880943127266,0.7624196376388077,0.7367036820572764,-0.02571595558153128,0.5066581038574347,0.4570078665083765,-0.04965023734905821,0.6931818181818182,0.6704545454545454,-0.022727272727272818
ds004504__EC,AD_FTD_vs_CN,R2_without_frontal_theta_occipital_alpha,3,88,0.6669711601200574,0.6454840805717998,-0.02148707954825757,0.7191700759789597,0.7022209234365868,-0.016949152542372836,0.41596755564804605,0.3866590392402517,-0.02930851640779436,0.6704545454545454,0.6477272727272727,-0.022727272727272707
ds004504__EC,AD_FTD_vs_CN,R2_without_frontal_theta_occipital_alpha,4,88,0.7129061725172909,0.7020833333333333,-0.010822839183957655,0.7706019871420222,0.7621274108708358,-0.008474576271186418,0.5135812753734542,0.49920794450940315,-0.01437333086405107,0.7159090909090909,0.7045454545454546,-0.011363636363636354
ds004504__EC,AD_FTD_vs_CN,R2_without_frontal_theta_occipital_alpha,5,88,0.7259989621172807,0.7039337474120082,-0.02206521470527245,0.7966101694915254,0.7796610169491525,-0.016949152542372947,0.5697299895152002,0.5430610041581776,-0.026668985357022557,0.7272727272727273,0.7045454545454546,-0.022727272727272707
ds004504__EC,AD_FTD_vs_CN,R2_without_frontal_theta_occipital_alpha,6,88,0.7039337474120082,0.7031655422937209,-0.0007682051182873462,0.7796610169491525,0.7708942139099941,-0.008766803039158333,0.5430610041581776,0.5203346800793995,-0.02272632407877806,0.7045454545454546,0.7045454545454546,0.0
ds004504__EC,AD_FTD_vs_CN,R2_without_frontal_theta_occipital_alpha,7,88,0.7039337474120082,0.692824822236587,-0.01110892517542117,0.7796610169491525,0.771186440677966,-0.008474576271186418,0.5430610041581776,0.5299732735734691,-0.013087730584708468,0.7045454545454546,0.6931818181818182,-0.011363636363636354
ds004504__EC,AD_FTD_vs_CN,R2_without_frontal_theta_occipital_alpha,8,88,0.7031655422937209,0.714100064977258,0.010934522683537118,0.7708942139099941,0.7793687901811805,0.008474576271186418,0.5203346800793995,0.5341705802220819,0.013835900142682322,0.7045454545454546,0.7159090909090909,0.011363636363636354
ds004504__EC,AD_FTD_vs_CN,R2_without_frontal_theta_occipital_alpha,9,88,0.7237048665620095,0.7259989621172807,0.0022940955552711584,0.7790765634132086,0.7966101694915254,0.017533606078316777,0.5281387379167956,0.5697299895152002,0.0415912515984046,0.7272727272727273,0.7272727272727273,0.0
ds004504__EC,AD_FTD_vs_CN,R2_without_frontal_theta_occipital_alpha,10,88,0.6811594202898552,0.714100064977258,0.032940644687402765,0.7539450613676213,0.7793687901811805,0.025423728813559254,0.4931243600976555,0.5341705802220819,0.04104622012442638,0.6818181818181818,0.7159090909090909,0.03409090909090917
ds004504__EC,AD_FTD_vs_CN,R2_without_frontal_theta_occipital_alpha,11,88,0.7031655422937209,0.6921881072677807,-0.010977435025940174,0.7708942139099941,0.7624196376388077,-0.008474576271186418,0.5203346800793995,0.5066581038574347,-0.013676576221964831,0.7045454545454546,0.6931818181818182,-0.011363636363636354
ds004504__EC,AD_FTD_vs_CN,R2_without_frontal_theta_occipital_alpha,12,88,0.7039337474120082,0.6921881072677807,-0.01174564014422752,0.7796610169491525,0.7624196376388077,-0.01724137931034475,0.5430610041581776,0.5066581038574347,-0.03640290030074289,0.7045454545454546,0.6931818181818182,-0.011363636363636354
ds004504__EC,AD_FTD_vs_CN,R2_without_frontal_theta_occipital_alpha,13,88,0.6757894736842105,0.6546310832025118,-0.021158390481698652,0.7188778492109877,0.7019286966686149,-0.016949152542372836,0.4124924041181153,0.38214017581204784,-0.03035222830606743,0.6818181818181818,0.6590909090909091,-0.022727272727272707
ds004504__EC,AD_FTD_vs_CN,R2_without_frontal_theta_occipital_alpha,14,88,0.7369720597790773,0.7369720597790773,0.0,0.8050847457627119,0.8050847457627119,0.0,0.5833410938826918,0.5833410938826918,0.0,0.7386363636363636,0.7386363636363636,0.0
ds004504__EC,AD_FTD_vs_CN,R2_without_frontal_theta_occipital_alpha,15,88,0.7031655422937209,0.6811594202898552,-0.022006122003865647,0.7708942139099941,0.7539450613676213,-0.016949152542372836,0.5203346800793995,0.4931243600976555,-0.027210319981744058,0.7045454545454546,0.6818181818181818,-0.022727272727272818
ds004504__EC,AD_FTD_vs_CN,R2_without_frontal_theta_occipital_alpha,16,88,0.714100064977258,0.7259989621172807,0.01189889714002268,0.7793687901811805,0.7966101694915254,0.017241379310344862,0.5341705802220819,0.5697299895152002,0.035559409293118294,0.7159090909090909,0.7272727272727273,0.011363636363636354
ds004504__EC,AD_FTD_vs_CN,R2_without_frontal_theta_occipital_alpha,17,88,0.6912280701754385,0.7113997113997115,0.02017164122427295,0.7536528345996494,0.7618351841028639,0.008182349503214503,0.48500006656147177,0.49434755502851724,0.009347488467045473,0.6931818181818182,0.7159090909090909,0.022727272727272707
ds004504__EC,AD_FTD_vs_CN,R2_without_frontal_theta_occipital_alpha,18,88,0.7237048665620095,0.7221052631578947,-0.0015996034041148022,0.7790765634132086,0.7703097603740503,-0.008766803039158333,0.5281387379167956,0.5094198582233066,-0.018718879693488955,0.7272727272727273,0.7272727272727273,0.0
ds004504__EC,AD_FTD_vs_CN,R2_without_frontal_theta_occipital_alpha,19,88,0.6363636363636365,0.6589147286821706,0.02255109231853414,0.7200467562828755,0.7369959088252485,0.016949152542372947,0.440093512565751,0.46642044040705904,0.026326927841308023,0.6363636363636364,0.6590909090909091,0.022727272727272707
ds004504__EC,AD_FTD_vs_CN,R2_without_frontal_theta_occipital_alpha,20,88,0.7006802721088436,0.7006802721088436,0.0,0.7533606078316775,0.7533606078316775,0.0,0.47947255054854626,0.47947255054854626,0.0,0.7045454545454546,0.7045454545454546,0.0
ds004504__EC,AD_FTD_vs_CN,R2_without_slow_fast,1,88,0.7149889882109082,0.5889984431759211,-0.12599054503498708,0.788135593220339,0.6949152542372882,-0.09322033898305082,0.5563083412064929,0.4170424207488271,-0.13926592045766578,0.7159090909090909,0.5909090909090909,-0.125
ds004504__EC,AD_FTD_vs_CN,R2_without_slow_fast,2,88,0.6921881072677807,0.5889984431759211,-0.10318966409185959,0.7624196376388077,0.6949152542372882,-0.06750438340151954,0.5066581038574347,0.4170424207488271,-0.08961568310860762,0.6931818181818182,0.5909090909090909,-0.10227272727272729
ds004504__EC,AD_FTD_vs_CN,R2_without_slow_fast,3,88,0.6669711601200574,0.6128364389233955,-0.05413472119666196,0.7191700759789597,0.711864406779661,-0.007305669199298648,0.41596755564804605,0.4416443946445576,0.025676838996511575,0.6704545454545454,0.6136363636363636,-0.05681818181818177
ds004504__EC,AD_FTD_vs_CN,R2_without_slow_fast,4,88,0.7129061725172909,0.5553828216090168,-0.15752335090827418,0.7706019871420222,0.651957919345412,-0.11864406779661019,0.5135812753734542,0.3207618658082494,-0.19281940956520482,0.7159090909090909,0.5568181818181818,-0.15909090909090917
ds004504__EC,AD_FTD_vs_CN,R2_without_slow_fast,5,88,0.7259989621172807,0.6009845834952714,-0.12501437862200926,0.7966101694915254,0.7033898305084746,-0.09322033898305082,0.5697299895152002,0.42932742038950306,-0.1404025691256971,0.7272727272727273,0.6022727272727273,-0.125
ds004504__EC,AD_FTD_vs_CN,R2_without_slow_fast,6,88,0.7039337474120082,0.6009845834952714,-0.10294916391673681,0.7796610169491525,0.7033898305084746,-0.07627118644067787,0.5430610041581776,0.42932742038950306,-0.11373358376867454,0.7045454545454546,0.6022727272727273,-0.10227272727272729
ds004504__EC,AD_FTD_vs_CN,R2_without_slow_fast,7,88,0.7039337474120082,0.5889984431759211,-0.11493530423608711,0.7796610169491525,0.6949152542372882,-0.08474576271186429,0.5430610041581776,0.4170424207488271,-0.12601858340935052,0.7045454545454546,0.5909090909090909,-0.11363636363636365
ds004504__EC,AD_FTD_vs_CN,R2_without_slow_fast,8,88,0.7031655422937209,0.6590909090909091,-0.0440746332028118,0.7708942139099941,0.7457627118644068,-0.02513150204558734,0.5203346800793995,0.4915254237288136,-0.028809256350585954,0.7045454545454546,0.6590909090909091,-0.045454545454545525
ds004504__EC,AD_FTD_vs_CN,R2_without_slow_fast,9,88,0.7237048665620095,0.6361757105943153,-0.08752915596769417,0.7790765634132086,0.728813559322034,-0.05026300409117468,0.5281387379167956,0.4664337396176837,-0.06170499829911186,0.7272727272727273,0.6363636363636364,-0.09090909090909094
ds004504__EC,AD_FTD_vs_CN,R2_without_slow_fast,10,88,0.6811594202898552,0.6704119850187266,-0.010747435271128647,0.7539450613676213,0.7542372881355932,0.0002922267679719148,0.4931243600976555,0.5042194840896107,0.011095123991955225,0.6818181818181818,0.6704545454545454,-0.011363636363636354
ds004504__EC,AD_FTD_vs_CN,R2_without_slow_fast,11,88,0.7031655422937209,0.6245636716224952,-0.0786018706712257,0.7708942139099941,0.7203389830508474,-0.050555230859146705,0.5203346800793995,0.4540083311895306,-0.06632634888986894,0.7045454545454546,0.625,-0.07954545454545459
ds004504__EC,AD_FTD_vs_CN,R2_without_slow_fast,12,88,0.7039337474120082,0.6128364389233955,-0.09109730848861275,0.7796610169491525,0.711864406779661,-0.06779661016949146,0.5430610041581776,0.4416443946445576,-0.10141660951361997,0.7045454545454546,0.6136363636363636,-0.09090909090909094
ds004504__EC,AD_FTD_vs_CN,R2_without_slow_fast,13,88,0.6757894736842105,0.6009845834952714,-0.0748048901889391,0.7188778492109877,0.7033898305084746,-0.015488018702513151,0.4124924041181153,0.42932742038950306,0.01683501627138778,0.6818181818181818,0.6022727272727273,-0.07954545454545447
ds004504__EC,AD_FTD_vs_CN,R2_without_slow_fast,14,88,0.7369720597790773,0.6245636716224952,-0.11240838815658216,0.8050847457627119,0.7203389830508474,-0.08474576271186451,0.5833410938826918,0.4540083311895306,-0.12933276269316124,0.7386363636363636,0.625,-0.11363636363636365
ds004504__EC,AD_FTD_vs_CN,R2_without_slow_fast,15,88,0.7031655422937209,0.6476817770889837,-0.05548376520473719,0.7708942139099941,0.728521332554062,-0.04237288135593209,0.5203346800793995,0.4532179730552593,-0.06711670702414024,0.7045454545454546,0.6477272727272727,-0.05681818181818188
ds004504__EC,AD_FTD_vs_CN,R2_without_slow_fast,16,88,0.714100064977258,0.5768680961663418,-0.13723196881091615,0.7793687901811805,0.6864406779661016,-0.0929281122150789,0.5341705802220819,0.404773773742327,-0.12939680647975488,0.7159090909090909,0.5795454545454546,-0.13636363636363635
ds004504__EC,AD_FTD_vs_CN,R2_without_slow_fast,17,88,0.6912280701754385,0.6018099547511313,-0.08941811542430722,0.7536528345996494,0.6946230274693161,-0.059029807130333234,0.48500006656147177,0.4010206214485774,-0.08397944511289435,0.6931818181818182,0.6022727272727273,-0.09090909090909094
ds004504__EC,AD_FTD_vs_CN,R2_without_slow_fast,18,88,0.7237048665620095,0.5768680961663418,-0.14683677039566767,0.7790765634132086,0.6864406779661016,-0.09263588544710699,0.5281387379167956,0.404773773742327,-0.12336496417446857,0.7272727272727273,0.5795454545454546,-0.1477272727272727
ds004504__EC,AD_FTD_vs_CN,R2_without_slow_fast,19,88,0.6363636363636365,0.5889984431759211,-0.04736519318771537,0.7200467562828755,0.6949152542372882,-0.02513150204558734,0.440093512565751,0.4170424207488271,-0.02305109181692394,0.6363636363636364,0.5909090909090909,-0.045454545454545414
ds004504__EC,AD_FTD_vs_CN,R2_without_slow_fast,20,88,0.7006802721088436,0.5889984431759211,-0.11168182893292256,0.7533606078316775,0.6949152542372882,-0.05844535359438929,0.47947255054854626,0.4170424207488271,-0.06243012979971918,0.7045454545454546,0.5909090909090909,-0.11363636363636365
ds004504__EC,AD_FTD_vs_CN,R2_without_theta_alpha,1,88,0.7149889882109082,0.5889984431759211,-0.12599054503498708,0.788135593220339,0.6949152542372882,-0.09322033898305082,0.5563083412064929,0.4170424207488271,-0.13926592045766578,0.7159090909090909,0.5909090909090909,-0.125
ds004504__EC,AD_FTD_vs_CN,R2_without_theta_alpha,2,88,0.6921881072677807,0.5889984431759211,-0.10318966409185959,0.7624196376388077,0.6949152542372882,-0.06750438340151954,0.5066581038574347,0.4170424207488271,-0.08961568310860762,0.6931818181818182,0.5909090909090909,-0.10227272727272729
ds004504__EC,AD_FTD_vs_CN,R2_without_theta_alpha,3,88,0.6669711601200574,0.6128364389233955,-0.05413472119666196,0.7191700759789597,0.711864406779661,-0.007305669199298648,0.41596755564804605,0.4416443946445576,0.025676838996511575,0.6704545454545454,0.6136363636363636,-0.05681818181818177
ds004504__EC,AD_FTD_vs_CN,R2_without_theta_alpha,4,88,0.7129061725172909,0.5553828216090168,-0.15752335090827418,0.7706019871420222,0.651957919345412,-0.11864406779661019,0.5135812753734542,0.3207618658082494,-0.19281940956520482,0.7159090909090909,0.5568181818181818,-0.15909090909090917
ds004504__EC,AD_FTD_vs_CN,R2_without_theta_alpha,5,88,0.7259989621172807,0.6009845834952714,-0.12501437862200926,0.7966101694915254,0.7033898305084746,-0.09322033898305082,0.5697299895152002,0.42932742038950306,-0.1404025691256971,0.7272727272727273,0.6022727272727273,-0.125
ds004504__EC,AD_FTD_vs_CN,R2_without_theta_alpha,6,88,0.7039337474120082,0.6009845834952714,-0.10294916391673681,0.7796610169491525,0.7033898305084746,-0.07627118644067787,0.5430610041581776,0.42932742038950306,-0.11373358376867454,0.7045454545454546,0.6022727272727273,-0.10227272727272729
ds004504__EC,AD_FTD_vs_CN,R2_without_theta_alpha,7,88,0.7039337474120082,0.5889984431759211,-0.11493530423608711,0.7796610169491525,0.6949152542372882,-0.08474576271186429,0.5430610041581776,0.4170424207488271,-0.12601858340935052,0.7045454545454546,0.5909090909090909,-0.11363636363636365
ds004504__EC,AD_FTD_vs_CN,R2_without_theta_alpha,8,88,0.7031655422937209,0.6590909090909091,-0.0440746332028118,0.7708942139099941,0.7457627118644068,-0.02513150204558734,0.5203346800793995,0.4915254237288136,-0.028809256350585954,0.7045454545454546,0.6590909090909091,-0.045454545454545525
ds004504__EC,AD_FTD_vs_CN,R2_without_theta_alpha,9,88,0.7237048665620095,0.6361757105943153,-0.08752915596769417,0.7790765634132086,0.728813559322034,-0.05026300409117468,0.5281387379167956,0.4664337396176837,-0.06170499829911186,0.7272727272727273,0.6363636363636364,-0.09090909090909094
ds004504__EC,AD_FTD_vs_CN,R2_without_theta_alpha,10,88,0.6811594202898552,0.6704119850187266,-0.010747435271128647,0.7539450613676213,0.7542372881355932,0.0002922267679719148,0.4931243600976555,0.5042194840896107,0.011095123991955225,0.6818181818181818,0.6704545454545454,-0.011363636363636354
ds004504__EC,AD_FTD_vs_CN,R2_without_theta_alpha,11,88,0.7031655422937209,0.6245636716224952,-0.0786018706712257,0.7708942139099941,0.7203389830508474,-0.050555230859146705,0.5203346800793995,0.4540083311895306,-0.06632634888986894,0.7045454545454546,0.625,-0.07954545454545459
ds004504__EC,AD_FTD_vs_CN,R2_without_theta_alpha,12,88,0.7039337474120082,0.6128364389233955,-0.09109730848861275,0.7796610169491525,0.711864406779661,-0.06779661016949146,0.5430610041581776,0.4416443946445576,-0.10141660951361997,0.7045454545454546,0.6136363636363636,-0.09090909090909094
ds004504__EC,AD_FTD_vs_CN,R2_without_theta_alpha,13,88,0.6757894736842105,0.6009845834952714,-0.0748048901889391,0.7188778492109877,0.7033898305084746,-0.015488018702513151,0.4124924041181153,0.42932742038950306,0.01683501627138778,0.6818181818181818,0.6022727272727273,-0.07954545454545447
ds004504__EC,AD_FTD_vs_CN,R2_without_theta_alpha,14,88,0.7369720597790773,0.6245636716224952,-0.11240838815658216,0.8050847457627119,0.7203389830508474,-0.08474576271186451,0.5833410938826918,0.4540083311895306,-0.12933276269316124,0.7386363636363636,0.625,-0.11363636363636365
ds004504__EC,AD_FTD_vs_CN,R2_without_theta_alpha,15,88,0.7031655422937209,0.6476817770889837,-0.05548376520473719,0.7708942139099941,0.728521332554062,-0.04237288135593209,0.5203346800793995,0.4532179730552593,-0.06711670702414024,0.7045454545454546,0.6477272727272727,-0.05681818181818188
ds004504__EC,AD_FTD_vs_CN,R2_without_theta_alpha,16,88,0.714100064977258,0.5768680961663418,-0.13723196881091615,0.7793687901811805,0.6864406779661016,-0.0929281122150789,0.5341705802220819,0.404773773742327,-0.12939680647975488,0.7159090909090909,0.5795454545454546,-0.13636363636363635
ds004504__EC,AD_FTD_vs_CN,R2_without_theta_alpha,17,88,0.6912280701754385,0.6018099547511313,-0.08941811542430722,0.7536528345996494,0.6946230274693161,-0.059029807130333234,0.48500006656147177,0.4010206214485774,-0.08397944511289435,0.6931818181818182,0.6022727272727273,-0.09090909090909094
ds004504__EC,AD_FTD_vs_CN,R2_without_theta_alpha,18,88,0.7237048665620095,0.5768680961663418,-0.14683677039566767,0.7790765634132086,0.6864406779661016,-0.09263588544710699,0.5281387379167956,0.404773773742327,-0.12336496417446857,0.7272727272727273,0.5795454545454546,-0.1477272727272727
ds004504__EC,AD_FTD_vs_CN,R2_without_theta_alpha,19,88,0.6363636363636365,0.5889984431759211,-0.04736519318771537,0.7200467562828755,0.6949152542372882,-0.02513150204558734,0.440093512565751,0.4170424207488271,-0.02305109181692394,0.6363636363636364,0.5909090909090909,-0.045454545454545414
ds004504__EC,AD_FTD_vs_CN,R2_without_theta_alpha,20,88,0.7006802721088436,0.5889984431759211,-0.11168182893292256,0.7533606078316775,0.6949152542372882,-0.05844535359438929,0.47947255054854626,0.4170424207488271,-0.06243012979971918,0.7045454545454546,0.5909090909090909,-0.11363636363636365
ds004504__EC,AD_vs_CN,R2_anterior_posterior_only,1,65,0.7490347490347491,0.782088122605364,0.033053373570614886,0.7777777777777778,0.8055555555555556,0.02777777777777779,0.5983516452371671,0.641984970885127,0.04363332564795985,0.7538461538461538,0.7846153846153846,0.03076923076923077
ds004504__EC,AD_vs_CN,R2_anterior_posterior_only,2,65,0.7490347490347491,0.7509578544061304,0.0019231053713812951,0.7777777777777778,0.7744252873563219,-0.0033524904214559115,0.5983516452371671,0.5765789785535701,-0.02177266668359701,0.7538461538461538,0.7538461538461538,0.0
ds004504__EC,AD_vs_CN,R2_anterior_posterior_only,3,65,0.767247553115302,0.8153409090909092,0.048093355975607155,0.7883141762452108,0.8232758620689655,0.034961685823754696,0.5994565069510172,0.6447017869439094,0.045245279992892296,0.7692307692307693,0.8153846153846154,0.0461538461538461
ds004504__EC,AD_vs_CN,R2_anterior_posterior_only,4,65,0.7509578544061304,0.767247553115302,0.01628969870917163,0.7744252873563219,0.7883141762452108,0.01388888888888895,0.5765789785535701,0.5994565069510172,0.022877528397447056,0.7538461538461538,0.7692307692307693,0.015384615384615441
ds004504__EC,AD_vs_CN,R2_anterior_posterior_only,5,65,0.782088122605364,0.767247553115302,-0.014840569490061961,0.8055555555555556,0.7883141762452108,-0.01724137931034475,0.641984970885127,0.5994565069510172,-0.042528463934109806,0.7846153846153846,0.7692307692307693,-0.01538461538461533
ds004504__EC,AD_vs_CN,R2_anterior_posterior_only,6,65,0.7344388368180725,0.799239724400095,0.06480088758202251,0.7605363984674329,0.8160919540229885,0.05555555555555558,0.5538761499987251,0.6459422414661738,0.09206609146744871,0.7384615384615385,0.8,0.06153846153846154
ds004504__EC,AD_vs_CN,R2_anterior_posterior_only,7,65,0.7841555977229602,0.799239724400095,0.01508412667713488,0.7988505747126436,0.8160919540229885,0.017241379310344862,0.6064784348631227,0.6459422414661738,0.039463806603051155,0.7846153846153846,0.8,0.015384615384615441
ds004504__EC,AD_vs_CN,R2_anterior_posterior_only,8,65,0.799239724400095,0.8142857142857143,0.015045989885619226,0.8160919540229885,0.8333333333333333,0.01724137931034475,0.6459422414661738,0.6866911354074366,0.0407488939412628,0.8,0.8153846153846154,0.01538461538461533
ds004504__EC,AD_vs_CN,R2_anterior_posterior_only,9,65,0.799239724400095,0.782088122605364,-0.017151601794731075,0.8160919540229885,0.8055555555555556,-0.010536398467432928,0.6459422414661738,0.641984970885127,-0.00395727058104689,0.8,0.7846153846153846,-0.015384615384615441
ds004504__EC,AD_vs_CN,R2_anterior_posterior_only,10,65,0.782088122605364,0.782088122605364,0.0,0.8055555555555556,0.8055555555555556,0.0,0.641984970885127,0.641984970885127,0.0,0.7846153846153846,0.7846153846153846,0.0
ds004504__EC,AD_vs_CN,R2_anterior_posterior_only,11,65,0.7176640926640926,0.6832358674463938,-0.03442822521769884,0.7466475095785441,0.7188697318007663,-0.02777777777777779,0.5312949953398984,0.486273686261386,-0.04502130907851243,0.7230769230769231,0.6923076923076923,-0.03076923076923077
ds004504__EC,AD_vs_CN,R2_anterior_posterior_only,12,65,0.7509578544061304,0.8142857142857143,0.06332785987958389,0.7744252873563219,0.8333333333333333,0.05890804597701138,0.5765789785535701,0.6866911354074366,0.11011215685386655,0.7538461538461538,0.8153846153846154,0.06153846153846154
ds004504__EC,AD_vs_CN,R2_anterior_posterior_only,13,65,0.7344388368180725,0.7344388368180725,0.0,0.7605363984674329,0.7605363984674329,0.0,0.5538761499987251,0.5538761499987251,0.0,0.7384615384615385,0.7384615384615385,0.0
ds004504__EC,AD_vs_CN,R2_anterior_posterior_only,14,65,0.8142857142857143,0.8301259206462342,0.01584020636051997,0.8333333333333333,0.8472222222222222,0.01388888888888895,0.6866911354074366,0.7095577652469334,0.02286662983949672,0.8153846153846154,0.8307692307692308,0.015384615384615441
ds004504__EC,AD_vs_CN,R2_anterior_posterior_only,15,65,0.738213693437574,0.767247553115302,0.02903385967772798,0.7504789272030651,0.7883141762452108,0.03783524904214575,0.5053331152447551,0.5994565069510172,0.09412339170626205,0.7384615384615385,0.7692307692307693,0.03076923076923077
ds004504__EC,AD_vs_CN,R2_anterior_posterior_only,16,65,0.7833333333333334,0.7833333333333334,0.0,0.8022030651340997,0.8022030651340997,0.0,0.6225604977616271,0.6225604977616271,0.0,0.7846153846153846,0.7846153846153846,0.0
ds004504__EC,AD_vs_CN,R2_anterior_posterior_only,17,65,0.7833333333333334,0.767247553115302,-0.01608578021803142,0.8022030651340997,0.7883141762452108,-0.01388888888888884,0.6225604977616271,0.5994565069510172,-0.023103990810609987,0.7846153846153846,0.7692307692307693,-0.01538461538461533
ds004504__EC,AD_vs_CN,R2_anterior_posterior_only,18,65,0.7198275862068966,0.767247553115302,0.04741996690840544,0.7432950191570882,0.7883141762452108,0.04501915708812265,0.5111729862220132,0.5994565069510172,0.08828352072900392,0.7230769230769231,0.7692307692307693,0.04615384615384621
ds004504__EC,AD_vs_CN,R2_anterior_posterior_only,19,65,0.767247553115302,0.782088122605364,0.014840569490061961,0.7883141762452108,0.8055555555555556,0.01724137931034475,0.5994565069510172,0.641984970885127,0.042528463934109806,0.7692307692307693,0.7846153846153846,0.01538461538461533
ds004504__EC,AD_vs_CN,R2_anterior_posterior_only,20,65,0.7982812126999284,0.782088122605364,-0.016193090094564377,0.8194444444444444,0.8055555555555556,-0.01388888888888884,0.6641818773028711,0.641984970885127,-0.02219690641774419,0.8,0.7846153846153846,-0.015384615384615441
ds004504__EC,AD_vs_CN,R2_slow_fast_only,1,65,0.7490347490347491,0.7841555977229602,0.03512084868821108,0.7777777777777778,0.7887931034482758,0.01101532567049801,0.5983516452371671,0.5742950906086337,-0.0240565546285334,0.7538461538461538,0.7846153846153846,0.03076923076923077
ds004504__EC,AD_vs_CN,R2_slow_fast_only,2,65,0.7490347490347491,0.7841555977229602,0.03512084868821108,0.7777777777777778,0.7887931034482758,0.01101532567049801,0.5983516452371671,0.5742950906086337,-0.0240565546285334,0.7538461538461538,0.7846153846153846,0.03076923076923077
ds004504__EC,AD_vs_CN,R2_slow_fast_only,3,65,0.767247553115302,0.7841555977229602,0.016908044607658157,0.7883141762452108,0.7887931034482758,0.0004789272030649716,0.5994565069510172,0.5742950906086337,-0.025161416342383447,0.7692307692307693,0.7846153846153846,0.01538461538461533
ds004504__EC,AD_vs_CN,R2_slow_fast_only,4,65,0.7509578544061304,0.7998104714522625,0.048852617046132085,0.7744252873563219,0.8060344827586207,0.031609195402298784,0.5765789785535701,0.6091584926989412,0.03257951414537108,0.7538461538461538,0.8,0.04615384615384621
ds004504__EC,AD_vs_CN,R2_slow_fast_only,5,65,0.782088122605364,0.7841555977229602,0.002067475117596196,0.8055555555555556,0.7887931034482758,-0.01676245210727978,0.641984970885127,0.5742950906086337,-0.06768988027649325,0.7846153846153846,0.7846153846153846,0.0
ds004504__EC,AD_vs_CN,R2_slow_fast_only,6,65,0.7344388368180725,0.7998104714522625,0.06537163463418993,0.7605363984674329,0.8060344827586207,0.045498084291187735,0.5538761499987251,0.6091584926989412,0.055282342700216036,0.7384615384615385,0.8,0.06153846153846154
ds004504__EC,AD_vs_CN,R2_slow_fast_only,7,65,0.7841555977229602,0.7841555977229602,0.0,0.7988505747126436,0.7887931034482758,-0.010057471264367845,0.6064784348631227,0.5742950906086337,-0.03218334425448899,0.7846153846153846,0.7846153846153846,0.0
ds004504__EC,AD_vs_CN,R2_slow_fast_only,8,65,0.799239724400095,0.7998104714522625,0.0005707470521674196,0.8160919540229885,0.8060344827586207,-0.010057471264367845,0.6459422414661738,0.6091584926989412,-0.03678374876723267,0.8,0.8,0.0
ds004504__EC,AD_vs_CN,R2_slow_fast_only,9,65,0.799239724400095,0.7841555977229602,-0.01508412667713488,0.8160919540229885,0.7887931034482758,-0.027298850574712707,0.6459422414661738,0.5742950906086337,-0.07164715085754014,0.8,0.7846153846153846,-0.015384615384615441
ds004504__EC,AD_vs_CN,R2_slow_fast_only,10,65,0.782088122605364,0.7998104714522625,0.017722348846898495,0.8055555555555556,0.8060344827586207,0.00047892720306508263,0.641984970885127,0.6091584926989412,-0.03282647818618578,0.7846153846153846,0.8,0.015384615384615441
ds004504__EC,AD_vs_CN,R2_slow_fast_only,11,65,0.7176640926640926,0.7998104714522625,0.08214637878816988,0.7466475095785441,0.8060344827586207,0.059386973180076574,0.5312949953398984,0.6091584926989412,0.07786349735904274,0.7230769230769231,0.8,0.07692307692307698
ds004504__EC,AD_vs_CN,R2_slow_fast_only,12,65,0.7509578544061304,0.7841555977229602,0.033197743316829786,0.7744252873563219,0.7887931034482758,0.014367816091953922,0.5765789785535701,0.5742950906086337,-0.0022838879449363914,0.7538461538461538,0.7846153846153846,0.03076923076923077
ds004504__EC,AD_vs_CN,R2_slow_fast_only,13,65,0.7344388368180725,0.7998104714522625,0.06537163463418993,0.7605363984674329,0.8060344827586207,0.045498084291187735,0.5538761499987251,0.6091584926989412,0.055282342700216036,0.7384615384615385,0.8,0.06153846153846154
ds004504__EC,AD_vs_CN,R2_slow_fast_only,14,65,0.8142857142857143,0.7841555977229602,-0.030130116562754106,0.8333333333333333,0.7887931034482758,-0.04454022988505746,0.6866911354074366,0.5742950906086337,-0.11239604479880294,0.8153846153846154,0.7846153846153846,-0.03076923076923077
ds004504__EC,AD_vs_CN,R2_slow_fast_only,15,65,0.738213693437574,0.7841555977229602,0.04594190428538614,0.7504789272030651,0.7887931034482758,0.03831417624521072,0.5053331152447551,0.5742950906086337,0.0689619753638786,0.7384615384615385,0.7846153846153846,0.0461538461538461
ds004504__EC,AD_vs_CN,R2_slow_fast_only,16,65,0.7833333333333334,0.7841555977229602,0.0008222643896267368,0.8022030651340997,0.7887931034482758,-0.013409961685823868,0.6225604977616271,0.5742950906086337,-0.048265407152993434,0.7846153846153846,0.7846153846153846,0.0
ds004504__EC,AD_vs_CN,R2_slow_fast_only,17,65,0.7833333333333334,0.7841555977229602,0.0008222643896267368,0.8022030651340997,0.7887931034482758,-0.013409961685823868,0.6225604977616271,0.5742950906086337,-0.048265407152993434,0.7846153846153846,0.7846153846153846,0.0
ds004504__EC,AD_vs_CN,R2_slow_fast_only,18,65,0.7198275862068966,0.7841555977229602,0.0643280115160636,0.7432950191570882,0.7887931034482758,0.045498084291187624,0.5111729862220132,0.5742950906086337,0.06312210438662047,0.7230769230769231,0.7846153846153846,0.06153846153846154
ds004504__EC,AD_vs_CN,R2_slow_fast_only,19,65,0.767247553115302,0.7841555977229602,0.016908044607658157,0.7883141762452108,0.7887931034482758,0.0004789272030649716,0.5994565069510172,0.5742950906086337,-0.025161416342383447,0.7692307692307693,0.7846153846153846,0.01538461538461533
ds004504__EC,AD_vs_CN,R2_slow_fast_only,20,65,0.7982812126999284,0.7841555977229602,-0.014125614976968182,0.8194444444444444,0.7887931034482758,-0.03065134099616862,0.6641818773028711,0.5742950906086337,-0.08988678669423744,0.8,0.7846153846153846,-0.015384615384615441
ds004504__EC,AD_vs_CN,R2_theta_alpha_only,1,65,0.7490347490347491,0.7841555977229602,0.03512084868821108,0.7777777777777778,0.7887931034482758,0.01101532567049801,0.5983516452371671,0.5742950906086337,-0.0240565546285334,0.7538461538461538,0.7846153846153846,0.03076923076923077
ds004504__EC,AD_vs_CN,R2_theta_alpha_only,2,65,0.7490347490347491,0.7841555977229602,0.03512084868821108,0.7777777777777778,0.7887931034482758,0.01101532567049801,0.5983516452371671,0.5742950906086337,-0.0240565546285334,0.7538461538461538,0.7846153846153846,0.03076923076923077
ds004504__EC,AD_vs_CN,R2_theta_alpha_only,3,65,0.767247553115302,0.7841555977229602,0.016908044607658157,0.7883141762452108,0.7887931034482758,0.0004789272030649716,0.5994565069510172,0.5742950906086337,-0.025161416342383447,0.7692307692307693,0.7846153846153846,0.01538461538461533
ds004504__EC,AD_vs_CN,R2_theta_alpha_only,4,65,0.7509578544061304,0.7998104714522625,0.048852617046132085,0.7744252873563219,0.8060344827586207,0.031609195402298784,0.5765789785535701,0.6091584926989412,0.03257951414537108,0.7538461538461538,0.8,0.04615384615384621
ds004504__EC,AD_vs_CN,R2_theta_alpha_only,5,65,0.782088122605364,0.7841555977229602,0.002067475117596196,0.8055555555555556,0.7887931034482758,-0.01676245210727978,0.641984970885127,0.5742950906086337,-0.06768988027649325,0.7846153846153846,0.7846153846153846,0.0
ds004504__EC,AD_vs_CN,R2_theta_alpha_only,6,65,0.7344388368180725,0.7998104714522625,0.06537163463418993,0.7605363984674329,0.8060344827586207,0.045498084291187735,0.5538761499987251,0.6091584926989412,0.055282342700216036,0.7384615384615385,0.8,0.06153846153846154
ds004504__EC,AD_vs_CN,R2_theta_alpha_only,7,65,0.7841555977229602,0.7841555977229602,0.0,0.7988505747126436,0.7887931034482758,-0.010057471264367845,0.6064784348631227,0.5742950906086337,-0.03218334425448899,0.7846153846153846,0.7846153846153846,0.0
ds004504__EC,AD_vs_CN,R2_theta_alpha_only,8,65,0.799239724400095,0.7998104714522625,0.0005707470521674196,0.8160919540229885,0.8060344827586207,-0.010057471264367845,0.6459422414661738,0.6091584926989412,-0.03678374876723267,0.8,0.8,0.0
ds004504__EC,AD_vs_CN,R2_theta_alpha_only,9,65,0.799239724400095,0.7841555977229602,-0.01508412667713488,0.8160919540229885,0.7887931034482758,-0.027298850574712707,0.6459422414661738,0.5742950906086337,-0.07164715085754014,0.8,0.7846153846153846,-0.015384615384615441
ds004504__EC,AD_vs_CN,R2_theta_alpha_only,10,65,0.782088122605364,0.7998104714522625,0.017722348846898495,0.8055555555555556,0.8060344827586207,0.00047892720306508263,0.641984970885127,0.6091584926989412,-0.03282647818618578,0.7846153846153846,0.8,0.015384615384615441
ds004504__EC,AD_vs_CN,R2_theta_alpha_only,11,65,0.7176640926640926,0.7998104714522625,0.08214637878816988,0.7466475095785441,0.8060344827586207,0.059386973180076574,0.5312949953398984,0.6091584926989412,0.07786349735904274,0.7230769230769231,0.8,0.07692307692307698
ds004504__EC,AD_vs_CN,R2_theta_alpha_only,12,65,0.7509578544061304,0.7841555977229602,0.033197743316829786,0.7744252873563219,0.7887931034482758,0.014367816091953922,0.5765789785535701,0.5742950906086337,-0.0022838879449363914,0.7538461538461538,0.7846153846153846,0.03076923076923077
ds004504__EC,AD_vs_CN,R2_theta_alpha_only,13,65,0.7344388368180725,0.7998104714522625,0.06537163463418993,0.7605363984674329,0.8060344827586207,0.045498084291187735,0.5538761499987251,0.6091584926989412,0.055282342700216036,0.7384615384615385,0.8,0.06153846153846154
ds004504__EC,AD_vs_CN,R2_theta_alpha_only,14,65,0.8142857142857143,0.7841555977229602,-0.030130116562754106,0.8333333333333333,0.7887931034482758,-0.04454022988505746,0.6866911354074366,0.5742950906086337,-0.11239604479880294,0.8153846153846154,0.7846153846153846,-0.03076923076923077
ds004504__EC,AD_vs_CN,R2_theta_alpha_only,15,65,0.738213693437574,0.7841555977229602,0.04594190428538614,0.7504789272030651,0.7887931034482758,0.03831417624521072,0.5053331152447551,0.5742950906086337,0.0689619753638786,0.7384615384615385,0.7846153846153846,0.0461538461538461
ds004504__EC,AD_vs_CN,R2_theta_alpha_only,16,65,0.7833333333333334,0.7841555977229602,0.0008222643896267368,0.8022030651340997,0.7887931034482758,-0.013409961685823868,0.6225604977616271,0.5742950906086337,-0.048265407152993434,0.7846153846153846,0.7846153846153846,0.0
ds004504__EC,AD_vs_CN,R2_theta_alpha_only,17,65,0.7833333333333334,0.7841555977229602,0.0008222643896267368,0.8022030651340997,0.7887931034482758,-0.013409961685823868,0.6225604977616271,0.5742950906086337,-0.048265407152993434,0.7846153846153846,0.7846153846153846,0.0
ds004504__EC,AD_vs_CN,R2_theta_alpha_only,18,65,0.7198275862068966,0.7841555977229602,0.0643280115160636,0.7432950191570882,0.7887931034482758,0.045498084291187624,0.5111729862220132,0.5742950906086337,0.06312210438662047,0.7230769230769231,0.7846153846153846,0.06153846153846154
ds004504__EC,AD_vs_CN,R2_theta_alpha_only,19,65,0.767247553115302,0.7841555977229602,0.016908044607658157,0.7883141762452108,0.7887931034482758,0.0004789272030649716,0.5994565069510172,0.5742950906086337,-0.025161416342383447,0.7692307692307693,0.7846153846153846,0.01538461538461533
ds004504__EC,AD_vs_CN,R2_theta_alpha_only,20,65,0.7982812126999284,0.7841555977229602,-0.014125614976968182,0.8194444444444444,0.7887931034482758,-0.03065134099616862,0.6641818773028711,0.5742950906086337,-0.08988678669423744,0.8,0.7846153846153846,-0.015384615384615441
ds004504__EC,AD_vs_CN,R2_without_anterior_posterior,1,65,0.7490347490347491,0.7362138935306757,-0.012820855504073414,0.7777777777777778,0.7370689655172413,-0.040708812260536464,0.5983516452371671,0.4727813104255336,-0.1255703348116335,0.7538461538461538,0.7384615384615385,-0.01538461538461533
ds004504__EC,AD_vs_CN,R2_without_anterior_posterior,2,65,0.7490347490347491,0.7076923076923076,-0.04134244134244147,0.7777777777777778,0.7159961685823755,-0.06178160919540232,0.5983516452371671,0.43199233716475094,-0.16635930807241617,0.7538461538461538,0.7076923076923077,-0.0461538461538461
ds004504__EC,AD_vs_CN,R2_without_anterior_posterior,3,65,0.767247553115302,0.7074153044302298,-0.0598322486850722,0.7883141762452108,0.7126436781609196,-0.07567049808429127,0.5994565069510172,0.42326505595982766,-0.1761914509911895,0.7692307692307693,0.7076923076923077,-0.06153846153846154
ds004504__EC,AD_vs_CN,R2_without_anterior_posterior,4,65,0.7509578544061304,0.7076923076923076,-0.04326554671382277,0.7744252873563219,0.7159961685823755,-0.05842911877394641,0.5765789785535701,0.43199233716475094,-0.14458664138881916,0.7538461538461538,0.7076923076923077,-0.0461538461538461
ds004504__EC,AD_vs_CN,R2_without_anterior_posterior,5,65,0.782088122605364,0.767247553115302,-0.014840569490061961,0.8055555555555556,0.7681992337164751,-0.03735632183908044,0.641984970885127,0.5348637047238359,-0.10712126616129103,0.7846153846153846,0.7692307692307693,-0.01538461538461533
ds004504__EC,AD_vs_CN,R2_without_anterior_posterior,6,65,0.7344388368180725,0.8132183908045978,0.07877955398652525,0.7605363984674329,0.8132183908045978,0.05268199233716486,0.5538761499987251,0.6264367816091954,0.07256063161047022,0.7384615384615385,0.8153846153846154,0.07692307692307687
ds004504__EC,AD_vs_CN,R2_without_anterior_posterior,7,65,0.7841555977229602,0.7051802339460491,-0.07897536377691106,0.7988505747126436,0.7059386973180077,-0.09291187739463591,0.6064784348631227,0.4106989161272312,-0.1957795187358915,0.7846153846153846,0.7076923076923077,-0.07692307692307687
ds004504__EC,AD_vs_CN,R2_without_anterior_posterior,8,65,0.799239724400095,0.6862934362934363,-0.11294628810665874,0.8160919540229885,0.6853448275862069,-0.13074712643678166,0.6459422414661738,0.37392718087900617,-0.2720150605871677,0.8,0.6923076923076923,-0.10769230769230775
ds004504__EC,AD_vs_CN,R2_without_anterior_posterior,9,65,0.799239724400095,0.7690120824449183,-0.0302276419551768,0.8160919540229885,0.774904214559387,-0.04118773946360155,0.6459422414661738,0.5471940137859033,-0.09874822768027058,0.8,0.7692307692307693,-0.03076923076923077
ds004504__EC,AD_vs_CN,R2_without_anterior_posterior,10,65,0.782088122605364,0.7214285714285713,-0.06065955117679267,0.8055555555555556,0.7231800766283525,-0.0823754789272031,0.641984970885127,0.444237648822702,-0.19774732206242496,0.7846153846153846,0.7230769230769231,-0.06153846153846154
ds004504__EC,AD_vs_CN,R2_without_anterior_posterior,11,65,0.7176640926640926,0.7230113636363635,0.0053472709722709455,0.7466475095785441,0.7298850574712643,-0.01676245210727978,0.5312949953398984,0.4584546040490023,-0.07284039129089614,0.7230769230769231,0.7230769230769231,0.0
ds004504__EC,AD_vs_CN,R2_without_anterior_posterior,12,65,0.7509578544061304,0.7321212121212122,-0.018836642284918215,0.7744252873563219,0.7303639846743295,-0.044061302681992376,0.5765789785535701,0.4674937935403238,-0.10908518501324632,0.7538461538461538,0.7384615384615385,-0.01538461538461533
ds004504__EC,AD_vs_CN,R2_without_anterior_posterior,13,65,0.7344388368180725,0.7490347490347491,0.014595912216676554,0.7605363984674329,0.7476053639846744,-0.012931034482758563,0.5538761499987251,0.4995357946109721,-0.05434035538775306,0.7384615384615385,0.7538461538461538,0.01538461538461533
ds004504__EC,AD_vs_CN,R2_without_anterior_posterior,14,65,0.8142857142857143,0.6299810246679316,-0.18430468961778268,0.8333333333333333,0.6431992337164751,-0.19013409961685812,0.6866911354074366,0.29060425003857965,-0.396086885368857,0.8153846153846154,0.6307692307692307,-0.18461538461538463
ds004504__EC,AD_vs_CN,R2_without_anterior_posterior,15,65,0.738213693437574,0.738213693437574,0.0,0.7504789272030651,0.7437739463601533,-0.006704980842911823,0.5053331152447551,0.48522953487286546,-0.02010358037188964,0.7384615384615385,0.7384615384615385,0.0
ds004504__EC,AD_vs_CN,R2_without_anterior_posterior,16,65,0.7833333333333334,0.7051802339460491,-0.07815309938728432,0.8022030651340997,0.7059386973180077,-0.09626436781609193,0.6225604977616271,0.4106989161272312,-0.21186158163439595,0.7846153846153846,0.7076923076923077,-0.07692307692307687
ds004504__EC,AD_vs_CN,R2_without_anterior_posterior,17,65,0.7833333333333334,0.669090909090909,-0.11424242424242448,0.8022030651340997,0.6681034482758621,-0.13409961685823757,0.6225604977616271,0.3411441196105065,-0.28141637815112064,0.7846153846153846,0.676923076923077,-0.10769230769230764
ds004504__EC,AD_vs_CN,R2_without_anterior_posterior,18,65,0.7198275862068966,0.7374673319078167,0.017639745700920084,0.7432950191570882,0.7404214559386972,-0.00287356321839094,0.5111729862220132,0.4781030439229421,-0.03306994229907112,0.7230769230769231,0.7384615384615385,0.015384615384615441
ds004504__EC,AD_vs_CN,R2_without_anterior_posterior,19,65,0.767247553115302,0.7198275862068966,-0.04741996690840544,0.7883141762452108,0.7198275862068966,-0.06848659003831425,0.5994565069510172,0.4396551724137931,-0.15980133453722406,0.7692307692307693,0.7230769230769231,-0.04615384615384621
ds004504__EC,AD_vs_CN,R2_without_anterior_posterior,20,65,0.7982812126999284,0.6922348484848485,-0.10604636421507985,0.8194444444444444,0.6987547892720306,-0.12068965517241381,0.6641818773028711,0.39637220975069987,-0.2678096675521713,0.8,0.6923076923076923,-0.10769230769230775
ds004504__EC,AD_vs_CN,R2_without_frontal_theta_occipital_alpha,1,65,0.7490347490347491,0.7490347490347491,0.0,0.7777777777777778,0.7777777777777778,0.0,0.5983516452371671,0.5983516452371671,0.0,0.7538461538461538,0.7538461538461538,0.0
ds004504__EC,AD_vs_CN,R2_without_frontal_theta_occipital_alpha,2,65,0.7490347490347491,0.7490347490347491,0.0,0.7777777777777778,0.7777777777777778,0.0,0.5983516452371671,0.5983516452371671,0.0,0.7538461538461538,0.7538461538461538,0.0
ds004504__EC,AD_vs_CN,R2_without_frontal_theta_occipital_alpha,3,65,0.767247553115302,0.767247553115302,0.0,0.7883141762452108,0.7883141762452108,0.0,0.5994565069510172,0.5994565069510172,0.0,0.7692307692307693,0.7692307692307693,0.0
ds004504__EC,AD_vs_CN,R2_without_frontal_theta_occipital_alpha,4,65,0.7509578544061304,0.7362138935306757,-0.014743960875454709,0.7744252873563219,0.757183908045977,-0.017241379310344862,0.5765789785535701,0.5347311365991632,-0.04184784195440694,0.7538461538461538,0.7384615384615385,-0.01538461538461533
ds004504__EC,AD_vs_CN,R2_without_frontal_theta_occipital_alpha,5,65,0.782088122605364,0.782088122605364,0.0,0.8055555555555556,0.8055555555555556,0.0,0.641984970885127,0.641984970885127,0.0,0.7846153846153846,0.7846153846153846,0.0
ds004504__EC,AD_vs_CN,R2_without_frontal_theta_occipital_alpha,6,65,0.7344388368180725,0.7362138935306757,0.0017750567126031402,0.7605363984674329,0.757183908045977,-0.0033524904214559115,0.5538761499987251,0.5347311365991632,-0.019145013399561983,0.7384615384615385,0.7384615384615385,0.0
ds004504__EC,AD_vs_CN,R2_without_frontal_theta_occipital_alpha,7,65,0.7841555977229602,0.7683535281539557,-0.01580206956900443,0.7988505747126436,0.7849616858237547,-0.01388888888888895,0.6064784348631227,0.5823267176854143,-0.024151717177708365,0.7846153846153846,0.7692307692307693,-0.01538461538461533
ds004504__EC,AD_vs_CN,R2_without_frontal_theta_occipital_alpha,8,65,0.799239724400095,0.7841555977229602,-0.01508412667713488,0.8160919540229885,0.7988505747126436,-0.017241379310344862,0.6459422414661738,0.6064784348631227,-0.039463806603051155,0.8,0.7846153846153846,-0.015384615384615441
ds004504__EC,AD_vs_CN,R2_without_frontal_theta_occipital_alpha,9,65,0.799239724400095,0.7833333333333334,-0.015906391066761616,0.8160919540229885,0.8022030651340997,-0.01388888888888884,0.6459422414661738,0.6225604977616271,-0.02338174370454671,0.8,0.7846153846153846,-0.015384615384615441
ds004504__EC,AD_vs_CN,R2_without_frontal_theta_occipital_alpha,10,65,0.782088122605364,0.7982812126999284,0.016193090094564377,0.8055555555555556,0.8194444444444444,0.01388888888888884,0.641984970885127,0.6641818773028711,0.02219690641774419,0.7846153846153846,0.8,0.015384615384615441
ds004504__EC,AD_vs_CN,R2_without_frontal_theta_occipital_alpha,11,65,0.7176640926640926,0.7509578544061304,0.0332937617420378,0.7466475095785441,0.7744252873563219,0.02777777777777779,0.5312949953398984,0.5765789785535701,0.045283983213671664,0.7230769230769231,0.7538461538461538,0.03076923076923077
ds004504__EC,AD_vs_CN,R2_without_frontal_theta_occipital_alpha,12,65,0.7509578544061304,0.7509578544061304,0.0,0.7744252873563219,0.7744252873563219,0.0,0.5765789785535701,0.5765789785535701,0.0,0.7538461538461538,0.7538461538461538,0.0
ds004504__EC,AD_vs_CN,R2_without_frontal_theta_occipital_alpha,13,65,0.7344388368180725,0.767247553115302,0.03280871629722948,0.7605363984674329,0.7883141762452108,0.0277777777777779,0.5538761499987251,0.5994565069510172,0.04558035695229201,0.7384615384615385,0.7692307692307693,0.03076923076923077
ds004504__EC,AD_vs_CN,R2_without_frontal_theta_occipital_alpha,14,65,0.8142857142857143,0.7982812126999284,-0.016004501585785924,0.8333333333333333,0.8194444444444444,-0.01388888888888884,0.6866911354074366,0.6641818773028711,-0.0225092581045655,0.8153846153846154,0.8,-0.01538461538461533
ds004504__EC,AD_vs_CN,R2_without_frontal_theta_occipital_alpha,15,65,0.738213693437574,0.738213693437574,0.0,0.7504789272030651,0.7504789272030651,0.0,0.5053331152447551,0.5053331152447551,0.0,0.7384615384615385,0.7384615384615385,0.0
ds004504__EC,AD_vs_CN,R2_without_frontal_theta_occipital_alpha,16,65,0.7833333333333334,0.799239724400095,0.015906391066761616,0.8022030651340997,0.8160919540229885,0.01388888888888884,0.6225604977616271,0.6459422414661738,0.02338174370454671,0.7846153846153846,0.8,0.015384615384615441
ds004504__EC,AD_vs_CN,R2_without_frontal_theta_occipital_alpha,17,65,0.7833333333333334,0.7833333333333334,0.0,0.8022030651340997,0.8022030651340997,0.0,0.6225604977616271,0.6225604977616271,0.0,0.7846153846153846,0.7846153846153846,0.0
ds004504__EC,AD_vs_CN,R2_without_frontal_theta_occipital_alpha,18,65,0.7198275862068966,0.7198275862068966,0.0,0.7432950191570882,0.7432950191570882,0.0,0.5111729862220132,0.5111729862220132,0.0,0.7230769230769231,0.7230769230769231,0.0
ds004504__EC,AD_vs_CN,R2_without_frontal_theta_occipital_alpha,19,65,0.767247553115302,0.767247553115302,0.0,0.7883141762452108,0.7883141762452108,0.0,0.5994565069510172,0.5994565069510172,0.0,0.7692307692307693,0.7692307692307693,0.0
ds004504__EC,AD_vs_CN,R2_without_frontal_theta_occipital_alpha,20,65,0.7982812126999284,0.7982812126999284,0.0,0.8194444444444444,0.8194444444444444,0.0,0.6641818773028711,0.6641818773028711,0.0,0.8,0.8,0.0
ds004504__EC,AD_vs_CN,R2_without_slow_fast,1,65,0.7490347490347491,0.7149122807017543,-0.034122468332994815,0.7777777777777778,0.75,-0.02777777777777779,0.5983516452371671,0.5554373396683665,-0.042914305568800604,0.7538461538461538,0.7230769230769231,-0.03076923076923077
ds004504__EC,AD_vs_CN,R2_without_slow_fast,2,65,0.7490347490347491,0.7006060606060606,-0.04842868842868853,0.7777777777777778,0.7327586206896552,-0.04501915708812254,0.5983516452371671,0.5087803193899739,-0.08957132584719318,0.7538461538461538,0.7076923076923077,-0.0461538461538461
ds004504__EC,AD_vs_CN,R2_without_slow_fast,3,65,0.767247553115302,0.7149122807017543,-0.05233527241354774,0.7883141762452108,0.75,-0.03831417624521083,0.5994565069510172,0.5554373396683665,-0.04401916728265065,0.7692307692307693,0.7230769230769231,-0.04615384615384621
ds004504__EC,AD_vs_CN,R2_without_slow_fast,4,65,0.7509578544061304,0.6973780936045086,-0.053579760801621745,0.7744252873563219,0.7361111111111112,-0.03831417624521072,0.5765789785535701,0.5341356811952614,-0.04244329735830865,0.7538461538461538,0.7076923076923077,-0.0461538461538461
ds004504__EC,AD_vs_CN,R2_without_slow_fast,5,65,0.782088122605364,0.6832358674463938,-0.09885225515897023,0.8055555555555556,0.7188697318007663,-0.08668582375478928,0.641984970885127,0.486273686261386,-0.15571128462374095,0.7846153846153846,0.6923076923076923,-0.09230769230769231
ds004504__EC,AD_vs_CN,R2_without_slow_fast,6,65,0.7344388368180725,0.6515594541910331,-0.08287938262703942,0.7605363984674329,0.6877394636015326,-0.07279693486590033,0.5538761499987251,0.4171100328544055,-0.13676611714431963,0.7384615384615385,0.6615384615384615,-0.07692307692307698
ds004504__EC,AD_vs_CN,R2_without_slow_fast,7,65,0.7841555977229602,0.6832358674463938,-0.10091973027656642,0.7988505747126436,0.7188697318007663,-0.07998084291187735,0.6064784348631227,0.486273686261386,-0.12020474860173669,0.7846153846153846,0.6923076923076923,-0.09230769230769231
ds004504__EC,AD_vs_CN,R2_without_slow_fast,8,65,0.799239724400095,0.7321212121212122,-0.06711851227888288,0.8160919540229885,0.7638888888888888,-0.05220306513409967,0.6459422414661738,0.57682706992567,-0.06911517154050384,0.8,0.7384615384615385,-0.06153846153846154
ds004504__EC,AD_vs_CN,R2_without_slow_fast,9,65,0.799239724400095,0.7006060606060606,-0.09863366379403449,0.8160919540229885,0.7327586206896552,-0.08333333333333326,0.6459422414661738,0.5087803193899739,-0.13716192207619993,0.8,0.7076923076923077,-0.09230769230769231
ds004504__EC,AD_vs_CN,R2_without_slow_fast,10,65,0.782088122605364,0.7321212121212122,-0.049966910484151805,0.8055555555555556,0.7638888888888888,-0.04166666666666674,0.641984970885127,0.57682706992567,-0.06515790095945695,0.7846153846153846,0.7384615384615385,-0.0461538461538461
ds004504__EC,AD_vs_CN,R2_without_slow_fast,11,65,0.7176640926640926,0.7006060606060606,-0.017058032058032024,0.7466475095785441,0.7327586206896552,-0.01388888888888884,0.5312949953398984,0.5087803193899739,-0.022514675949924512,0.7230769230769231,0.7076923076923077,-0.01538461538461533
ds004504__EC,AD_vs_CN,R2_without_slow_fast,12,65,0.7509578544061304,0.7656813266041816,0.014723472198051257,0.7744252873563219,0.7916666666666667,0.017241379310344862,0.5765789785535701,0.6200562046860728,0.04347722613250271,0.7538461538461538,0.7692307692307693,0.015384615384615441
ds004504__EC,AD_vs_CN,R2_without_slow_fast,13,65,0.7344388368180725,0.6973780936045086,-0.037060743213563896,0.7605363984674329,0.7361111111111112,-0.024425287356321768,0.5538761499987251,0.5341356811952614,-0.019740468803463695,0.7384615384615385,0.7076923076923077,-0.03076923076923077
ds004504__EC,AD_vs_CN,R2_without_slow_fast,14,65,0.8142857142857143,0.6474358974358974,-0.16684981684981692,0.8333333333333333,0.6910919540229885,-0.14224137931034475,0.6866911354074366,0.4410264281704982,-0.24566470723693845,0.8153846153846154,0.6615384615384615,-0.15384615384615385
ds004504__EC,AD_vs_CN,R2_without_slow_fast,15,65,0.738213693437574,0.6886973180076628,-0.049516375429911275,0.7504789272030651,0.7121647509578544,-0.03831417624521072,0.5053331152447551,0.4457669938904565,-0.05956612135429862,0.7384615384615385,0.6923076923076923,-0.04615384615384621
ds004504__EC,AD_vs_CN,R2_without_slow_fast,16,65,0.7833333333333334,0.7321212121212122,-0.051212121212121264,0.8022030651340997,0.7638888888888888,-0.03831417624521083,0.6225604977616271,0.57682706992567,-0.04573342783595713,0.7846153846153846,0.7384615384615385,-0.0461538461538461
ds004504__EC,AD_vs_CN,R2_without_slow_fast,17,65,0.7833333333333334,0.7321212121212122,-0.051212121212121264,0.8022030651340997,0.7638888888888888,-0.03831417624521083,0.6225604977616271,0.57682706992567,-0.04573342783595713,0.7846153846153846,0.7384615384615385,-0.0461538461538461
ds004504__EC,AD_vs_CN,R2_without_slow_fast,18,65,0.7198275862068966,0.6794871794871795,-0.04034040671971706,0.7432950191570882,0.7222222222222222,-0.021072796934865967,0.5111729862220132,0.5128728387747147,0.0016998525527014419,0.7230769230769231,0.6923076923076923,-0.03076923076923077
ds004504__EC,AD_vs_CN,R2_without_slow_fast,19,65,0.767247553115302,0.7149122807017543,-0.05233527241354774,0.7883141762452108,0.75,-0.03831417624521083,0.5994565069510172,0.5554373396683665,-0.04401916728265065,0.7692307692307693,0.7230769230769231,-0.04615384615384621
ds004504__EC,AD_vs_CN,R2_without_slow_fast,20,65,0.7982812126999284,0.6794871794871795,-0.11879403321274884,0.8194444444444444,0.7222222222222222,-0.09722222222222221,0.6641818773028711,0.5128728387747147,-0.15130903852815647,0.8,0.6923076923076923,-0.10769230769230775
ds004504__EC,AD_vs_CN,R2_without_theta_alpha,1,65,0.7490347490347491,0.7149122807017543,-0.034122468332994815,0.7777777777777778,0.75,-0.02777777777777779,0.5983516452371671,0.5554373396683665,-0.042914305568800604,0.7538461538461538,0.7230769230769231,-0.03076923076923077
ds004504__EC,AD_vs_CN,R2_without_theta_alpha,2,65,0.7490347490347491,0.7006060606060606,-0.04842868842868853,0.7777777777777778,0.7327586206896552,-0.04501915708812254,0.5983516452371671,0.5087803193899739,-0.08957132584719318,0.7538461538461538,0.7076923076923077,-0.0461538461538461
ds004504__EC,AD_vs_CN,R2_without_theta_alpha,3,65,0.767247553115302,0.7149122807017543,-0.05233527241354774,0.7883141762452108,0.75,-0.03831417624521083,0.5994565069510172,0.5554373396683665,-0.04401916728265065,0.7692307692307693,0.7230769230769231,-0.04615384615384621
ds004504__EC,AD_vs_CN,R2_without_theta_alpha,4,65,0.7509578544061304,0.6973780936045086,-0.053579760801621745,0.7744252873563219,0.7361111111111112,-0.03831417624521072,0.5765789785535701,0.5341356811952614,-0.04244329735830865,0.7538461538461538,0.7076923076923077,-0.0461538461538461
ds004504__EC,AD_vs_CN,R2_without_theta_alpha,5,65,0.782088122605364,0.6832358674463938,-0.09885225515897023,0.8055555555555556,0.7188697318007663,-0.08668582375478928,0.641984970885127,0.486273686261386,-0.15571128462374095,0.7846153846153846,0.6923076923076923,-0.09230769230769231
ds004504__EC,AD_vs_CN,R2_without_theta_alpha,6,65,0.7344388368180725,0.6515594541910331,-0.08287938262703942,0.7605363984674329,0.6877394636015326,-0.07279693486590033,0.5538761499987251,0.4171100328544055,-0.13676611714431963,0.7384615384615385,0.6615384615384615,-0.07692307692307698
ds004504__EC,AD_vs_CN,R2_without_theta_alpha,7,65,0.7841555977229602,0.6832358674463938,-0.10091973027656642,0.7988505747126436,0.7188697318007663,-0.07998084291187735,0.6064784348631227,0.486273686261386,-0.12020474860173669,0.7846153846153846,0.6923076923076923,-0.09230769230769231
ds004504__EC,AD_vs_CN,R2_without_theta_alpha,8,65,0.799239724400095,0.7321212121212122,-0.06711851227888288,0.8160919540229885,0.7638888888888888,-0.05220306513409967,0.6459422414661738,0.57682706992567,-0.06911517154050384,0.8,0.7384615384615385,-0.06153846153846154
ds004504__EC,AD_vs_CN,R2_without_theta_alpha,9,65,0.799239724400095,0.7006060606060606,-0.09863366379403449,0.8160919540229885,0.7327586206896552,-0.08333333333333326,0.6459422414661738,0.5087803193899739,-0.13716192207619993,0.8,0.7076923076923077,-0.09230769230769231
ds004504__EC,AD_vs_CN,R2_without_theta_alpha,10,65,0.782088122605364,0.7321212121212122,-0.049966910484151805,0.8055555555555556,0.7638888888888888,-0.04166666666666674,0.641984970885127,0.57682706992567,-0.06515790095945695,0.7846153846153846,0.7384615384615385,-0.0461538461538461
ds004504__EC,AD_vs_CN,R2_without_theta_alpha,11,65,0.7176640926640926,0.7006060606060606,-0.017058032058032024,0.7466475095785441,0.7327586206896552,-0.01388888888888884,0.5312949953398984,0.5087803193899739,-0.022514675949924512,0.7230769230769231,0.7076923076923077,-0.01538461538461533
ds004504__EC,AD_vs_CN,R2_without_theta_alpha,12,65,0.7509578544061304,0.7656813266041816,0.014723472198051257,0.7744252873563219,0.7916666666666667,0.017241379310344862,0.5765789785535701,0.6200562046860728,0.04347722613250271,0.7538461538461538,0.7692307692307693,0.015384615384615441
ds004504__EC,AD_vs_CN,R2_without_theta_alpha,13,65,0.7344388368180725,0.6973780936045086,-0.037060743213563896,0.7605363984674329,0.7361111111111112,-0.024425287356321768,0.5538761499987251,0.5341356811952614,-0.019740468803463695,0.7384615384615385,0.7076923076923077,-0.03076923076923077
ds004504__EC,AD_vs_CN,R2_without_theta_alpha,14,65,0.8142857142857143,0.6474358974358974,-0.16684981684981692,0.8333333333333333,0.6910919540229885,-0.14224137931034475,0.6866911354074366,0.4410264281704982,-0.24566470723693845,0.8153846153846154,0.6615384615384615,-0.15384615384615385
ds004504__EC,AD_vs_CN,R2_without_theta_alpha,15,65,0.738213693437574,0.6886973180076628,-0.049516375429911275,0.7504789272030651,0.7121647509578544,-0.03831417624521072,0.5053331152447551,0.4457669938904565,-0.05956612135429862,0.7384615384615385,0.6923076923076923,-0.04615384615384621
ds004504__EC,AD_vs_CN,R2_without_theta_alpha,16,65,0.7833333333333334,0.7321212121212122,-0.051212121212121264,0.8022030651340997,0.7638888888888888,-0.03831417624521083,0.6225604977616271,0.57682706992567,-0.04573342783595713,0.7846153846153846,0.7384615384615385,-0.0461538461538461
ds004504__EC,AD_vs_CN,R2_without_theta_alpha,17,65,0.7833333333333334,0.7321212121212122,-0.051212121212121264,0.8022030651340997,0.7638888888888888,-0.03831417624521083,0.6225604977616271,0.57682706992567,-0.04573342783595713,0.7846153846153846,0.7384615384615385,-0.0461538461538461
ds004504__EC,AD_vs_CN,R2_without_theta_alpha,18,65,0.7198275862068966,0.6794871794871795,-0.04034040671971706,0.7432950191570882,0.7222222222222222,-0.021072796934865967,0.5111729862220132,0.5128728387747147,0.0016998525527014419,0.7230769230769231,0.6923076923076923,-0.03076923076923077
ds004504__EC,AD_vs_CN,R2_without_theta_alpha,19,65,0.767247553115302,0.7149122807017543,-0.05233527241354774,0.7883141762452108,0.75,-0.03831417624521083,0.5994565069510172,0.5554373396683665,-0.04401916728265065,0.7692307692307693,0.7230769230769231,-0.04615384615384621
ds004504__EC,AD_vs_CN,R2_without_theta_alpha,20,65,0.7982812126999284,0.6794871794871795,-0.11879403321274884,0.8194444444444444,0.7222222222222222,-0.09722222222222221,0.6641818773028711,0.5128728387747147,-0.15130903852815647,0.8,0.6923076923076923,-0.10769230769230775
ds004504__EC,CN_vs_FTD,R2_anterior_posterior_only,1,52,0.7511961722488039,0.7273093989511898,-0.023886773297614017,0.7481259370314842,0.7263868065967016,-0.021739130434782594,0.5440246588125511,0.5069769447687759,-0.03704771404377527,0.7692307692307693,0.75,-0.019230769230769273
ds004504__EC,CN_vs_FTD,R2_anterior_posterior_only,2,52,0.7026305756767061,0.7273093989511898,0.024678823274483785,0.7008995502248876,0.7263868065967016,0.025487256371814038,0.41018699798182695,0.5069769447687759,0.09678994678694891,0.7115384615384616,0.75,0.038461538461538436
ds004504__EC,CN_vs_FTD,R2_anterior_posterior_only,3,52,0.675,0.7333333333333334,0.05833333333333335,0.6746626686656672,0.7308845577211394,0.05622188905547221,0.36985757785414636,0.49690865112501836,0.127051073270872,0.6923076923076923,0.75,0.05769230769230771
ds004504__EC,CN_vs_FTD,R2_anterior_posterior_only,4,52,0.7453860640301319,0.7204301075268817,-0.02495595650325011,0.7443778110944528,0.7181409295352323,-0.026236881559220437,0.4913406718443522,0.44998320186528457,-0.04135746997906764,0.75,0.7307692307692307,-0.019230769230769273
ds004504__EC,CN_vs_FTD,R2_anterior_posterior_only,5,52,0.7382888114595432,0.8003072196620584,0.06201840820251525,0.7353823088455772,0.7961019490254873,0.06071964017991005,0.4914632180517166,0.6108019406762454,0.11933872262452877,0.75,0.8076923076923077,0.05769230769230771
ds004504__EC,CN_vs_FTD,R2_anterior_posterior_only,6,52,0.7204301075268817,0.7026143790849673,-0.01781572844191448,0.7181409295352323,0.704647676161919,-0.013493253373313308,0.44998320186528457,0.4694569257103907,0.01947372384510615,0.7307692307692307,0.7307692307692307,0.0
ds004504__EC,CN_vs_FTD,R2_anterior_posterior_only,7,52,0.7382888114595432,0.7382888114595432,0.0,0.7353823088455772,0.7353823088455772,0.0,0.4914632180517166,0.4914632180517166,0.0,0.75,0.75,0.0
ds004504__EC,CN_vs_FTD,R2_anterior_posterior_only,8,52,0.7819290888295845,0.8003072196620584,0.01837813083247397,0.7788605697151424,0.7961019490254873,0.017241379310344862,0.5693640419747747,0.6108019406762454,0.04143789870147063,0.7884615384615384,0.8076923076923077,0.019230769230769273
ds004504__EC,CN_vs_FTD,R2_anterior_posterior_only,9,52,0.7156250000000001,0.7511961722488039,0.035571172248803795,0.7136431784107946,0.7481259370314842,0.03448275862068961,0.4524008999503507,0.5440246588125511,0.09162375886220042,0.7307692307692307,0.7692307692307693,0.03846153846153855
ds004504__EC,CN_vs_FTD,R2_anterior_posterior_only,10,52,0.75625,0.75625,0.0,0.7526236881559221,0.7526236881559221,0.0,0.534944222046555,0.534944222046555,0.0,0.7692307692307693,0.7692307692307693,0.0
ds004504__EC,CN_vs_FTD,R2_anterior_posterior_only,11,52,0.8050974512743628,0.7422798322531453,-0.06281761902121752,0.8050974512743628,0.739880059970015,-0.06521739130434778,0.6101949025487257,0.4897755199783009,-0.12041938257042478,0.8076923076923077,0.75,-0.05769230769230771
ds004504__EC,CN_vs_FTD,R2_anterior_posterior_only,12,52,0.7422798322531453,0.7026143790849673,-0.039665453168178044,0.739880059970015,0.704647676161919,-0.03523238380809601,0.4897755199783009,0.4694569257103907,-0.02031859426791016,0.75,0.7307692307692307,-0.019230769230769273
ds004504__EC,CN_vs_FTD,R2_anterior_posterior_only,13,52,0.7636363636363636,0.7692617991125452,0.005625435476181662,0.7616191904047975,0.7653673163418291,0.0037481259370315545,0.5296293154951603,0.5942709882388961,0.06464167274373578,0.7692307692307693,0.7884615384615384,0.019230769230769162
ds004504__EC,CN_vs_FTD,R2_anterior_posterior_only,14,52,0.7333333333333334,0.7382888114595432,0.004955478126209778,0.7308845577211394,0.7353823088455772,0.004497751124437843,0.49690865112501836,0.4914632180517166,-0.005445433073301753,0.75,0.75,0.0
ds004504__EC,CN_vs_FTD,R2_anterior_posterior_only,15,52,0.7271364317841079,0.675,-0.05213643178410787,0.7271364317841079,0.6746626686656672,-0.052473763118440764,0.4542728635682159,0.36985757785414636,-0.08441528571406953,0.7307692307692307,0.6923076923076923,-0.038461538461538436
ds004504__EC,CN_vs_FTD,R2_anterior_posterior_only,16,52,0.803030303030303,0.75625,-0.046780303030303005,0.800599700149925,0.7526236881559221,-0.04797601199400292,0.6085425659414306,0.534944222046555,-0.07359834389487563,0.8076923076923077,0.7692307692307693,-0.038461538461538436
ds004504__EC,CN_vs_FTD,R2_anterior_posterior_only,17,52,0.7636363636363636,0.7450980392156863,-0.018538324420677266,0.7616191904047975,0.7436281859070465,-0.01799100449775104,0.5296293154951603,0.5588772925123698,0.029247977017209492,0.7692307692307693,0.7692307692307693,0.0
ds004504__EC,CN_vs_FTD,R2_anterior_posterior_only,18,52,0.6682615629984051,0.7743589743589744,0.10609741136056927,0.6701649175412294,0.7698650674662668,0.0997001499250374,0.3730924397294535,0.5808023194967747,0.20770987976732125,0.6923076923076923,0.7884615384615384,0.09615384615384615
ds004504__EC,CN_vs_FTD,R2_anterior_posterior_only,19,52,0.675,0.6601307189542482,-0.014869281045751803,0.6746626686656672,0.6656671664167916,-0.008995502248875575,0.36985757785414636,0.38003655890841154,0.01017898105426518,0.6923076923076923,0.6923076923076923,0.0
ds004504__EC,CN_vs_FTD,R2_anterior_posterior_only,20,52,0.7785520712349981,0.7511961722488039,-0.027355898986194283,0.7743628185907047,0.7481259370314842,-0.026236881559220437,0.5728520312322557,0.5440246588125511,-0.028827372419704567,0.7884615384615384,0.7692307692307693,-0.019230769230769162
ds004504__EC,CN_vs_FTD,R2_slow_fast_only,1,52,0.7511961722488039,0.7636363636363636,0.012440191387559696,0.7481259370314842,0.7616191904047975,0.013493253373313308,0.5440246588125511,0.5296293154951603,-0.014395343317390785,0.7692307692307693,0.7692307692307693,0.0
ds004504__EC,CN_vs_FTD,R2_slow_fast_only,2,52,0.7026305756767061,0.7105751391465678,0.00794456346986172,0.7008995502248876,0.7143928035982009,0.013493253373313308,0.41018699798182695,0.4259217009643015,0.015734702982474535,0.7115384615384616,0.7115384615384616,0.0
ds004504__EC,CN_vs_FTD,R2_slow_fast_only,3,52,0.675,0.7271364317841079,0.05213643178410787,0.6746626686656672,0.7271364317841079,0.052473763118440764,0.36985757785414636,0.4542728635682159,0.08441528571406953,0.6923076923076923,0.7307692307692307,0.038461538461538436
ds004504__EC,CN_vs_FTD,R2_slow_fast_only,4,52,0.7453860640301319,0.7105751391465678,-0.034810924883564076,0.7443778110944528,0.7143928035982009,-0.02998500749625188,0.4913406718443522,0.4259217009643015,-0.06541897088005072,0.75,0.7115384615384616,-0.038461538461538436
ds004504__EC,CN_vs_FTD,R2_slow_fast_only,5,52,0.7382888114595432,0.7636363636363636,0.025347552176820387,0.7353823088455772,0.7616191904047975,0.026236881559220326,0.4914632180517166,0.5296293154951603,0.038166097443443736,0.75,0.7692307692307693,0.019230769230769273
ds004504__EC,CN_vs_FTD,R2_slow_fast_only,6,52,0.7204301075268817,0.7636363636363636,0.04320625610948181,0.7181409295352323,0.7616191904047975,0.04347826086956519,0.44998320186528457,0.5296293154951603,0.07964611362987578,0.7307692307692307,0.7692307692307693,0.03846153846153855
ds004504__EC,CN_vs_FTD,R2_slow_fast_only,7,52,0.7382888114595432,0.7476670399402762,0.009378228480732997,0.7353823088455772,0.7488755622188905,0.013493253373313308,0.4914632180517166,0.4958959143880507,0.0044326963363340854,0.75,0.75,0.0
ds004504__EC,CN_vs_FTD,R2_slow_fast_only,8,52,0.7819290888295845,0.7636363636363636,-0.018292725193220893,0.7788605697151424,0.7616191904047975,-0.017241379310344862,0.5693640419747747,0.5296293154951603,-0.0397347264796144,0.7884615384615384,0.7692307692307693,-0.019230769230769162
ds004504__EC,CN_vs_FTD,R2_slow_fast_only,9,52,0.7156250000000001,0.7636363636363636,0.04801136363636349,0.7136431784107946,0.7616191904047975,0.04797601199400292,0.4524008999503507,0.5296293154951603,0.07722841554480964,0.7307692307692307,0.7692307692307693,0.03846153846153855
ds004504__EC,CN_vs_FTD,R2_slow_fast_only,10,52,0.75625,0.7636363636363636,0.00738636363636358,0.7526236881559221,0.7616191904047975,0.008995502248875464,0.534944222046555,0.5296293154951603,-0.00531490655139466,0.7692307692307693,0.7692307692307693,0.0
ds004504__EC,CN_vs_FTD,R2_slow_fast_only,11,52,0.8050974512743628,0.7819290888295845,-0.02316836244477838,0.8050974512743628,0.7788605697151424,-0.026236881559220437,0.6101949025487257,0.5693640419747747,-0.04083086057395091,0.8076923076923077,0.7884615384615384,-0.019230769230769273
ds004504__EC,CN_vs_FTD,R2_slow_fast_only,12,52,0.7422798322531453,0.7088465845464726,-0.033433247706672664,0.739880059970015,0.709895052473763,-0.029985007496251992,0.4897755199783009,0.4182254699658259,-0.071550050012475,0.75,0.7115384615384616,-0.038461538461538436
ds004504__EC,CN_vs_FTD,R2_slow_fast_only,13,52,0.7636363636363636,0.7303703703703703,-0.03326599326599322,0.7616191904047975,0.7361319340329835,-0.025487256371814038,0.5296293154951603,0.4694569257103907,-0.06017238978476963,0.7692307692307693,0.7307692307692307,-0.03846153846153855
ds004504__EC,CN_vs_FTD,R2_slow_fast_only,14,52,0.7333333333333334,0.7476670399402762,0.014333706606942775,0.7308845577211394,0.7488755622188905,0.01799100449775115,0.49690865112501836,0.4958959143880507,-0.0010127367369676676,0.75,0.75,0.0
ds004504__EC,CN_vs_FTD,R2_slow_fast_only,15,52,0.7271364317841079,0.7661169415292353,0.038980509745127345,0.7271364317841079,0.7661169415292354,0.038980509745127456,0.4542728635682159,0.5322338830584707,0.07796101949025486,0.7307692307692307,0.7692307692307693,0.03846153846153855
ds004504__EC,CN_vs_FTD,R2_slow_fast_only,16,52,0.803030303030303,0.784557438794727,-0.018472864235576036,0.800599700149925,0.7833583208395802,-0.01724137931034475,0.6085425659414306,0.5697140305434514,-0.03882853539797926,0.8076923076923077,0.7884615384615384,-0.019230769230769273
ds004504__EC,CN_vs_FTD,R2_slow_fast_only,17,52,0.7636363636363636,0.7636363636363636,0.0,0.7616191904047975,0.7616191904047975,0.0,0.5296293154951603,0.5296293154951603,0.0,0.7692307692307693,0.7692307692307693,0.0
ds004504__EC,CN_vs_FTD,R2_slow_fast_only,18,52,0.6682615629984051,0.7636363636363636,0.09537480063795845,0.6701649175412294,0.7616191904047975,0.09145427286356811,0.3730924397294535,0.5296293154951603,0.15653687576570685,0.6923076923076923,0.7692307692307693,0.07692307692307698
ds004504__EC,CN_vs_FTD,R2_slow_fast_only,19,52,0.675,0.7636363636363636,0.08863636363636351,0.6746626686656672,0.7616191904047975,0.08695652173913038,0.36985757785414636,0.5296293154951603,0.159771737641014,0.6923076923076923,0.7692307692307693,0.07692307692307698
ds004504__EC,CN_vs_FTD,R2_slow_fast_only,20,52,0.7785520712349981,0.6918518518518519,-0.0867002193831462,0.7743628185907047,0.697151424287856,-0.07721139430284862,0.5728520312322557,0.39195927448200873,-0.18089275675024696,0.7884615384615384,0.6923076923076923,-0.09615384615384615
ds004504__EC,CN_vs_FTD,R2_theta_alpha_only,1,52,0.7511961722488039,0.7271364317841079,-0.024059740464695945,0.7481259370314842,0.7271364317841079,-0.020989505247376306,0.5440246588125511,0.4542728635682159,-0.08975179524433524,0.7692307692307693,0.7307692307692307,-0.03846153846153855
ds004504__EC,CN_vs_FTD,R2_theta_alpha_only,2,52,0.7026305756767061,0.7105751391465678,0.00794456346986172,0.7008995502248876,0.7143928035982009,0.013493253373313308,0.41018699798182695,0.4259217009643015,0.015734702982474535,0.7115384615384616,0.7115384615384616,0.0
ds004504__EC,CN_vs_FTD,R2_theta_alpha_only,3,52,0.675,0.6904761904761905,0.015476190476190421,0.6746626686656672,0.6926536731634183,0.01799100449775115,0.36985757785414636,0.3830172378018108,0.013159659947664437,0.6923076923076923,0.6923076923076923,0.0
ds004504__EC,CN_vs_FTD,R2_theta_alpha_only,4,52,0.7453860640301319,0.7636363636363636,0.0182502996062317,0.7443778110944528,0.7616191904047975,0.01724137931034475,0.4913406718443522,0.5296293154951603,0.03828864365080814,0.75,0.7692307692307693,0.019230769230769273
ds004504__EC,CN_vs_FTD,R2_theta_alpha_only,5,52,0.7382888114595432,0.6904761904761905,-0.047812620983352705,0.7353823088455772,0.6926536731634183,-0.0427286356821589,0.4914632180517166,0.3830172378018108,-0.10844598024990582,0.75,0.6923076923076923,-0.05769230769230771
ds004504__EC,CN_vs_FTD,R2_theta_alpha_only,6,52,0.7204301075268817,0.7291666666666667,0.008736559139784994,0.7181409295352323,0.7316341829085458,0.013493253373313419,0.44998320186528457,0.4605148890301928,0.01053168716490821,0.7307692307692307,0.7307692307692307,0.0
ds004504__EC,CN_vs_FTD,R2_theta_alpha_only,7,52,0.7382888114595432,0.7476670399402762,0.009378228480732997,0.7353823088455772,0.7488755622188905,0.013493253373313308,0.4914632180517166,0.4958959143880507,0.0044326963363340854,0.75,0.75,0.0
ds004504__EC,CN_vs_FTD,R2_theta_alpha_only,8,52,0.7819290888295845,0.7271364317841079,-0.054792657045476534,0.7788605697151424,0.7271364317841079,-0.051724137931034475,0.5693640419747747,0.4542728635682159,-0.11509117840655886,0.7884615384615384,0.7307692307692307,-0.05769230769230771
ds004504__EC,CN_vs_FTD,R2_theta_alpha_only,9,52,0.7156250000000001,0.7636363636363636,0.04801136363636349,0.7136431784107946,0.7616191904047975,0.04797601199400292,0.4524008999503507,0.5296293154951603,0.07722841554480964,0.7307692307692307,0.7692307692307693,0.03846153846153855
ds004504__EC,CN_vs_FTD,R2_theta_alpha_only,10,52,0.75625,0.7088465845464726,-0.04740341545352733,0.7526236881559221,0.709895052473763,-0.04272863568215901,0.534944222046555,0.4182254699658259,-0.11671875208072913,0.7692307692307693,0.7115384615384616,-0.05769230769230771
ds004504__EC,CN_vs_FTD,R2_theta_alpha_only,11,52,0.8050974512743628,0.7453860640301319,-0.05971138724423097,0.8050974512743628,0.7443778110944528,-0.06071964017991005,0.6101949025487257,0.4913406718443522,-0.11885423070437345,0.8076923076923077,0.75,-0.05769230769230771
ds004504__EC,CN_vs_FTD,R2_theta_alpha_only,12,52,0.7422798322531453,0.6729559748427674,-0.06932385741037794,0.739880059970015,0.6799100449775113,-0.05997001499250376,0.4897755199783009,0.35847897425642217,-0.1312965457218787,0.75,0.6730769230769231,-0.07692307692307687
ds004504__EC,CN_vs_FTD,R2_theta_alpha_only,13,52,0.7636363636363636,0.6923076923076923,-0.07132867132867127,0.7616191904047975,0.7016491754122939,-0.05997001499250365,0.5296293154951603,0.4032983508245877,-0.12633096467057264,0.7692307692307693,0.6923076923076923,-0.07692307692307698
ds004504__EC,CN_vs_FTD,R2_theta_alpha_only,14,52,0.7333333333333334,0.7476670399402762,0.014333706606942775,0.7308845577211394,0.7488755622188905,0.01799100449775115,0.49690865112501836,0.4958959143880507,-0.0010127367369676676,0.75,0.75,0.0
ds004504__EC,CN_vs_FTD,R2_theta_alpha_only,15,52,0.7271364317841079,0.7661169415292353,0.038980509745127345,0.7271364317841079,0.7661169415292354,0.038980509745127456,0.4542728635682159,0.5322338830584707,0.07796101949025486,0.7307692307692307,0.7692307692307693,0.03846153846153855
ds004504__EC,CN_vs_FTD,R2_theta_alpha_only,16,52,0.803030303030303,0.7476670399402762,-0.055363263090026815,0.800599700149925,0.7488755622188905,-0.051724137931034475,0.6085425659414306,0.4958959143880507,-0.11264665155337994,0.8076923076923077,0.75,-0.05769230769230771
ds004504__EC,CN_vs_FTD,R2_theta_alpha_only,17,52,0.7636363636363636,0.7271364317841079,-0.03649993185225564,0.7616191904047975,0.7271364317841079,-0.03448275862068961,0.5296293154951603,0.4542728635682159,-0.07535645192694446,0.7692307692307693,0.7307692307692307,-0.03846153846153855
ds004504__EC,CN_vs_FTD,R2_theta_alpha_only,18,52,0.6682615629984051,0.6719851576994433,0.003723594701038224,0.6701649175412294,0.6754122938530734,0.005247376311844021,0.3730924397294535,0.34848139169806486,-0.024611048031388638,0.6923076923076923,0.6730769230769231,-0.019230769230769162
ds004504__EC,CN_vs_FTD,R2_theta_alpha_only,19,52,0.675,0.7088465845464726,0.0338465845464726,0.6746626686656672,0.709895052473763,0.0352323838080959,0.36985757785414636,0.4182254699658259,0.04836789211167952,0.6923076923076923,0.7115384615384616,0.019230769230769273
ds004504__EC,CN_vs_FTD,R2_theta_alpha_only,20,52,0.7785520712349981,0.6918518518518519,-0.0867002193831462,0.7743628185907047,0.697151424287856,-0.07721139430284862,0.5728520312322557,0.39195927448200873,-0.18089275675024696,0.7884615384615384,0.6923076923076923,-0.09615384615384615
ds004504__EC,CN_vs_FTD,R2_without_anterior_posterior,1,52,0.7511961722488039,0.634375,-0.11682117224880384,0.7481259370314842,0.6356821589205397,-0.11244377811094453,0.5440246588125511,0.28731425575794206,-0.25671040305460907,0.7692307692307693,0.6538461538461539,-0.11538461538461542
ds004504__EC,CN_vs_FTD,R2_without_anterior_posterior,2,52,0.7026305756767061,0.6670433145009417,-0.035587261175764384,0.7008995502248876,0.6664167916041979,-0.034482758620689724,0.41018699798182695,0.334593954446154,-0.07559304353567298,0.7115384615384616,0.6730769230769231,-0.038461538461538436
ds004504__EC,CN_vs_FTD,R2_without_anterior_posterior,3,52,0.675,0.7636363636363636,0.08863636363636351,0.6746626686656672,0.7616191904047975,0.08695652173913038,0.36985757785414636,0.5296293154951603,0.159771737641014,0.6923076923076923,0.7692307692307693,0.07692307692307698
ds004504__EC,CN_vs_FTD,R2_without_anterior_posterior,4,52,0.7453860640301319,0.7476670399402762,0.0022809759101443117,0.7443778110944528,0.7488755622188905,0.004497751124437732,0.4913406718443522,0.4958959143880507,0.00455524254369849,0.75,0.75,0.0
ds004504__EC,CN_vs_FTD,R2_without_anterior_posterior,5,52,0.7382888114595432,0.6577622919086333,-0.08052651955090984,0.7353823088455772,0.6574212893553224,-0.0779610194902548,0.4914632180517166,0.3286855916906385,-0.16277762636107812,0.75,0.6730769230769231,-0.07692307692307687
ds004504__EC,CN_vs_FTD,R2_without_anterior_posterior,6,52,0.7204301075268817,0.675,-0.0454301075268817,0.7181409295352323,0.6746626686656672,-0.04347826086956519,0.44998320186528457,0.36985757785414636,-0.08012562401113821,0.7307692307692307,0.6923076923076923,-0.038461538461538436
ds004504__EC,CN_vs_FTD,R2_without_anterior_posterior,7,52,0.7382888114595432,0.6804915514592934,-0.05779726000024976,0.7353823088455772,0.6791604197901049,-0.05622188905547232,0.4914632180517166,0.36957383245980413,-0.12188938559191248,0.75,0.6923076923076923,-0.05769230769230771
ds004504__EC,CN_vs_FTD,R2_without_anterior_posterior,8,52,0.7819290888295845,0.6491754122938531,-0.13275367653573134,0.7788605697151424,0.6491754122938531,-0.12968515742128928,0.5693640419747747,0.2983508245877061,-0.27101321738706863,0.7884615384615384,0.6538461538461539,-0.13461538461538458
ds004504__EC,CN_vs_FTD,R2_without_anterior_posterior,9,52,0.7156250000000001,0.6980255516840883,-0.01759944831591176,0.7136431784107946,0.6964017991004497,-0.017241379310344862,0.4524008999503507,0.4100744048711776,-0.04232649507917313,0.7307692307692307,0.7115384615384616,-0.019230769230769162
ds004504__EC,CN_vs_FTD,R2_without_anterior_posterior,10,52,0.75625,0.634375,-0.12187499999999996,0.7526236881559221,0.6356821589205397,-0.11694152923538237,0.534944222046555,0.28731425575794206,-0.24762996628861295,0.7692307692307693,0.6538461538461539,-0.11538461538461542
ds004504__EC,CN_vs_FTD,R2_without_anterior_posterior,11,52,0.8050974512743628,0.7864874953340799,-0.01860995594028292,0.8050974512743628,0.787856071964018,-0.017241379310344862,0.6101949025487257,0.5735663588102755,-0.03662854373845015,0.8076923076923077,0.7884615384615384,-0.019230769230769273
ds004504__EC,CN_vs_FTD,R2_without_anterior_posterior,12,52,0.7422798322531453,0.6278719397363466,-0.11440789251679873,0.739880059970015,0.6274362818590704,-0.11244377811094464,0.4897755199783009,0.25622059574705486,-0.23355492423124602,0.75,0.6346153846153846,-0.11538461538461542
ds004504__EC,CN_vs_FTD,R2_without_anterior_posterior,13,52,0.7636363636363636,0.6848484848484848,-0.07878787878787874,0.7616191904047975,0.6836581709145427,-0.0779610194902548,0.5296293154951603,0.3718028146026197,-0.15782650089254063,0.7692307692307693,0.6923076923076923,-0.07692307692307698
ds004504__EC,CN_vs_FTD,R2_without_anterior_posterior,14,52,0.7333333333333334,0.675,-0.05833333333333335,0.7308845577211394,0.6746626686656672,-0.05622188905547221,0.49690865112501836,0.36985757785414636,-0.127051073270872,0.75,0.6923076923076923,-0.05769230769230771
ds004504__EC,CN_vs_FTD,R2_without_anterior_posterior,15,52,0.7271364317841079,0.6700261291526689,-0.057110302631439014,0.7271364317841079,0.6709145427286357,-0.05622188905547221,0.4542728635682159,0.34055502554360106,-0.11371783802461483,0.7307692307692307,0.6730769230769231,-0.0576923076923076
ds004504__EC,CN_vs_FTD,R2_without_anterior_posterior,16,52,0.803030303030303,0.7303703703703703,-0.07265993265993265,0.800599700149925,0.7361319340329835,-0.0644677661169415,0.6085425659414306,0.4694569257103907,-0.13908564023103992,0.8076923076923077,0.7307692307692307,-0.07692307692307698
ds004504__EC,CN_vs_FTD,R2_without_anterior_posterior,17,52,0.7636363636363636,0.6454545454545455,-0.11818181818181805,0.7616191904047975,0.6446776611694153,-0.11694152923538226,0.5296293154951603,0.2928895641563494,-0.23673975133881092,0.7692307692307693,0.6538461538461539,-0.11538461538461542
ds004504__EC,CN_vs_FTD,R2_without_anterior_posterior,18,52,0.6682615629984051,0.59375,-0.07451156299840511,0.6701649175412294,0.5967016491754122,-0.07346326836581718,0.3730924397294535,0.20477093366173768,-0.16832150606771581,0.6923076923076923,0.6153846153846154,-0.07692307692307687
ds004504__EC,CN_vs_FTD,R2_without_anterior_posterior,19,52,0.675,0.6670433145009417,-0.007956685499058369,0.6746626686656672,0.6664167916041979,-0.008245877061469287,0.36985757785414636,0.334593954446154,-0.035263623407992384,0.6923076923076923,0.6730769230769231,-0.019230769230769162
ds004504__EC,CN_vs_FTD,R2_without_anterior_posterior,20,52,0.7785520712349981,0.6312056737588652,-0.14734639747613298,0.7743628185907047,0.6319340329835083,-0.1424287856071964,0.5728520312322557,0.26288458112137625,-0.30996745011087945,0.7884615384615384,0.6346153846153846,-0.15384615384615385
ds004504__EC,CN_vs_FTD,R2_without_frontal_theta_occipital_alpha,1,52,0.7511961722488039,0.7511961722488039,0.0,0.7481259370314842,0.7481259370314842,0.0,0.5440246588125511,0.5440246588125511,0.0,0.7692307692307693,0.7692307692307693,0.0
ds004504__EC,CN_vs_FTD,R2_without_frontal_theta_occipital_alpha,2,52,0.7026305756767061,0.7026305756767061,0.0,0.7008995502248876,0.7008995502248876,0.0,0.41018699798182695,0.41018699798182695,0.0,0.7115384615384616,0.7115384615384616,0.0
ds004504__EC,CN_vs_FTD,R2_without_frontal_theta_occipital_alpha,3,52,0.675,0.6804915514592934,0.0054915514592933645,0.6746626686656672,0.6791604197901049,0.004497751124437732,0.36985757785414636,0.36957383245980413,-0.00028374539434222745,0.6923076923076923,0.6923076923076923,0.0
ds004504__EC,CN_vs_FTD,R2_without_frontal_theta_occipital_alpha,4,52,0.7453860640301319,0.7453860640301319,0.0,0.7443778110944528,0.7443778110944528,0.0,0.4913406718443522,0.4913406718443522,0.0,0.75,0.75,0.0
ds004504__EC,CN_vs_FTD,R2_without_frontal_theta_occipital_alpha,5,52,0.7382888114595432,0.7382888114595432,0.0,0.7353823088455772,0.7353823088455772,0.0,0.4914632180517166,0.4914632180517166,0.0,0.75,0.75,0.0
ds004504__EC,CN_vs_FTD,R2_without_frontal_theta_occipital_alpha,6,52,0.7204301075268817,0.7204301075268817,0.0,0.7181409295352323,0.7181409295352323,0.0,0.44998320186528457,0.44998320186528457,0.0,0.7307692307692307,0.7307692307692307,0.0
ds004504__EC,CN_vs_FTD,R2_without_frontal_theta_occipital_alpha,7,52,0.7382888114595432,0.7636363636363636,0.025347552176820387,0.7353823088455772,0.7616191904047975,0.026236881559220326,0.4914632180517166,0.5296293154951603,0.038166097443443736,0.75,0.7692307692307693,0.019230769230769273
ds004504__EC,CN_vs_FTD,R2_without_frontal_theta_occipital_alpha,8,52,0.7819290888295845,0.7819290888295845,0.0,0.7788605697151424,0.7788605697151424,0.0,0.5693640419747747,0.5693640419747747,0.0,0.7884615384615384,0.7884615384615384,0.0
ds004504__EC,CN_vs_FTD,R2_without_frontal_theta_occipital_alpha,9,52,0.7156250000000001,0.7422798322531453,0.026654832253145244,0.7136431784107946,0.739880059970015,0.026236881559220437,0.4524008999503507,0.4897755199783009,0.03737462002795017,0.7307692307692307,0.75,0.019230769230769273
ds004504__EC,CN_vs_FTD,R2_without_frontal_theta_occipital_alpha,10,52,0.75625,0.75625,0.0,0.7526236881559221,0.7526236881559221,0.0,0.534944222046555,0.534944222046555,0.0,0.7692307692307693,0.7692307692307693,0.0
ds004504__EC,CN_vs_FTD,R2_without_frontal_theta_occipital_alpha,11,52,0.8050974512743628,0.8050974512743628,0.0,0.8050974512743628,0.8050974512743628,0.0,0.6101949025487257,0.6101949025487257,0.0,0.8076923076923077,0.8076923076923077,0.0
ds004504__EC,CN_vs_FTD,R2_without_frontal_theta_occipital_alpha,12,52,0.7422798322531453,0.7453860640301319,0.0031062317769865455,0.739880059970015,0.7443778110944528,0.004497751124437732,0.4897755199783009,0.4913406718443522,0.0015651518660513286,0.75,0.75,0.0
ds004504__EC,CN_vs_FTD,R2_without_frontal_theta_occipital_alpha,13,52,0.7636363636363636,0.7636363636363636,0.0,0.7616191904047975,0.7616191904047975,0.0,0.5296293154951603,0.5296293154951603,0.0,0.7692307692307693,0.7692307692307693,0.0
ds004504__EC,CN_vs_FTD,R2_without_frontal_theta_occipital_alpha,14,52,0.7333333333333334,0.7333333333333334,0.0,0.7308845577211394,0.7308845577211394,0.0,0.49690865112501836,0.49690865112501836,0.0,0.75,0.75,0.0
ds004504__EC,CN_vs_FTD,R2_without_frontal_theta_occipital_alpha,15,52,0.7271364317841079,0.7453860640301319,0.01824963224602394,0.7271364317841079,0.7443778110944528,0.017241379310344862,0.4542728635682159,0.4913406718443522,0.037067808276136316,0.7307692307692307,0.75,0.019230769230769273
ds004504__EC,CN_vs_FTD,R2_without_frontal_theta_occipital_alpha,16,52,0.803030303030303,0.7661169415292353,-0.03691336150106772,0.800599700149925,0.7661169415292354,-0.03448275862068961,0.6085425659414306,0.5322338830584707,-0.07630868288295989,0.8076923076923077,0.7692307692307693,-0.038461538461538436
ds004504__EC,CN_vs_FTD,R2_without_frontal_theta_occipital_alpha,17,52,0.7636363636363636,0.7636363636363636,0.0,0.7616191904047975,0.7616191904047975,0.0,0.5296293154951603,0.5296293154951603,0.0,0.7692307692307693,0.7692307692307693,0.0
ds004504__EC,CN_vs_FTD,R2_without_frontal_theta_occipital_alpha,18,52,0.6682615629984051,0.6682615629984051,0.0,0.6701649175412294,0.6701649175412294,0.0,0.3730924397294535,0.3730924397294535,0.0,0.6923076923076923,0.6923076923076923,0.0
ds004504__EC,CN_vs_FTD,R2_without_frontal_theta_occipital_alpha,19,52,0.675,0.675,0.0,0.6746626686656672,0.6746626686656672,0.0,0.36985757785414636,0.36985757785414636,0.0,0.6923076923076923,0.6923076923076923,0.0
ds004504__EC,CN_vs_FTD,R2_without_frontal_theta_occipital_alpha,20,52,0.7785520712349981,0.7785520712349981,0.0,0.7743628185907047,0.7743628185907047,0.0,0.5728520312322557,0.5728520312322557,0.0,0.7884615384615384,0.7884615384615384,0.0
ds004504__EC,CN_vs_FTD,R2_without_slow_fast,1,52,0.7511961722488039,0.7378151260504202,-0.01338104619838365,0.7481259370314842,0.7391304347826086,-0.008995502248875575,0.5440246588125511,0.5816202184183066,0.037595559605755446,0.7692307692307693,0.7692307692307693,0.0
ds004504__EC,CN_vs_FTD,R2_without_slow_fast,2,52,0.7026305756767061,0.6434045986284792,-0.05922597704822685,0.7008995502248876,0.6484257871064467,-0.052473763118440875,0.41018699798182695,0.3323888578285351,-0.07779814015329184,0.7115384615384616,0.6730769230769231,-0.038461538461538436
ds004504__EC,CN_vs_FTD,R2_without_slow_fast,3,52,0.675,0.7026143790849673,0.027614379084967222,0.6746626686656672,0.704647676161919,0.02998500749625188,0.36985757785414636,0.4694569257103907,0.09959934785624436,0.6923076923076923,0.7307692307692307,0.038461538461538436
ds004504__EC,CN_vs_FTD,R2_without_slow_fast,4,52,0.7453860640301319,0.6853569987898347,-0.060029065240297164,0.7443778110944528,0.6874062968515742,-0.05697151424287861,0.4913406718443522,0.4196829012986555,-0.07165777054569672,0.75,0.7115384615384616,-0.038461538461538436
ds004504__EC,CN_vs_FTD,R2_without_slow_fast,5,52,0.7382888114595432,0.6670934699103712,-0.07119534154917195,0.7353823088455772,0.6784107946026987,-0.056971514242878496,0.4914632180517166,0.44966532059935993,-0.04179789745235668,0.75,0.7115384615384616,-0.038461538461538436
ds004504__EC,CN_vs_FTD,R2_without_slow_fast,6,52,0.7204301075268817,0.7450980392156863,0.024667931688804545,0.7181409295352323,0.7436281859070465,0.02548725637181415,0.44998320186528457,0.5588772925123698,0.10889409064708527,0.7307692307692307,0.7692307692307693,0.03846153846153855
ds004504__EC,CN_vs_FTD,R2_without_slow_fast,7,52,0.7382888114595432,0.7114810072556552,-0.026807804203887953,0.7353823088455772,0.717391304347826,-0.01799100449775115,0.4914632180517166,0.5479115251000605,0.05644830704834386,0.75,0.75,0.0
ds004504__EC,CN_vs_FTD,R2_without_slow_fast,8,52,0.7819290888295845,0.638888888888889,-0.1430401999406955,0.7788605697151424,0.656671664167916,-0.12218890554722639,0.5693640419747747,0.4113655196476852,-0.15799852232708955,0.7884615384615384,0.6923076923076923,-0.09615384615384615
ds004504__EC,CN_vs_FTD,R2_without_slow_fast,9,52,0.7156250000000001,0.7378151260504202,0.022190126050420145,0.7136431784107946,0.7391304347826086,0.025487256371814038,0.4524008999503507,0.5816202184183066,0.12921931846795587,0.7307692307692307,0.7692307692307693,0.03846153846153855
ds004504__EC,CN_vs_FTD,R2_without_slow_fast,10,52,0.75625,0.7200828157349897,-0.03616718426501031,0.7526236881559221,0.7218890554722639,-0.03073463268365817,0.534944222046555,0.5231282523586277,-0.011815969687927308,0.7692307692307693,0.75,-0.019230769230769273
ds004504__EC,CN_vs_FTD,R2_without_slow_fast,11,52,0.8050974512743628,0.7378151260504202,-0.06728232522394262,0.8050974512743628,0.7391304347826086,-0.06596701649175418,0.6101949025487257,0.5816202184183066,-0.02857468413041908,0.8076923076923077,0.7692307692307693,-0.038461538461538436
ds004504__EC,CN_vs_FTD,R2_without_slow_fast,12,52,0.7422798322531453,0.7450980392156863,0.002818206962540981,0.739880059970015,0.7436281859070465,0.0037481259370314435,0.4897755199783009,0.5588772925123698,0.06910177253406896,0.75,0.7692307692307693,0.019230769230769273
ds004504__EC,CN_vs_FTD,R2_without_slow_fast,13,52,0.7636363636363636,0.6840277777777778,-0.07960858585858577,0.7616191904047975,0.6956521739130435,-0.06596701649175407,0.5296293154951603,0.5137148355408891,-0.0159144799542712,0.7692307692307693,0.7307692307692307,-0.03846153846153855
ds004504__EC,CN_vs_FTD,R2_without_slow_fast,14,52,0.7333333333333334,0.6670934699103712,-0.06623986342296218,0.7308845577211394,0.6784107946026987,-0.05247376311844065,0.49690865112501836,0.44966532059935993,-0.047243330525658433,0.75,0.7115384615384616,-0.038461538461538436
ds004504__EC,CN_vs_FTD,R2_without_slow_fast,15,52,0.7271364317841079,0.6853569987898347,-0.041779432994273225,0.7271364317841079,0.6874062968515742,-0.039730134932533745,0.4542728635682159,0.4196829012986555,-0.034589962269560404,0.7307692307692307,0.7115384615384616,-0.019230769230769162
ds004504__EC,CN_vs_FTD,R2_without_slow_fast,16,52,0.803030303030303,0.6840277777777778,-0.1190025252525252,0.800599700149925,0.6956521739130435,-0.10494752623688153,0.6085425659414306,0.5137148355408891,-0.09482773040054149,0.8076923076923077,0.7307692307692307,-0.07692307692307698
ds004504__EC,CN_vs_FTD,R2_without_slow_fast,17,52,0.7636363636363636,0.7378151260504202,-0.025821237585943346,0.7616191904047975,0.7391304347826086,-0.022488755622188883,0.5296293154951603,0.5816202184183066,0.05199090292314623,0.7692307692307693,0.7692307692307693,0.0
ds004504__EC,CN_vs_FTD,R2_without_slow_fast,18,52,0.6682615629984051,0.6670934699103712,-0.0011680930880338947,0.6701649175412294,0.6784107946026987,0.008245877061469287,0.3730924397294535,0.44966532059935993,0.07657288086990643,0.6923076923076923,0.7115384615384616,0.019230769230769273
ds004504__EC,CN_vs_FTD,R2_without_slow_fast,19,52,0.675,0.7200828157349897,0.04508281573498962,0.6746626686656672,0.7218890554722639,0.04722638680659674,0.36985757785414636,0.5231282523586277,0.15327067450448134,0.6923076923076923,0.75,0.05769230769230771
ds004504__EC,CN_vs_FTD,R2_without_slow_fast,20,52,0.7785520712349981,0.6941176470588236,-0.08443442417617453,0.7743628185907047,0.7001499250374813,-0.07421289355322336,0.5728520312322557,0.48681065303350424,-0.08604137819875146,0.7884615384615384,0.7307692307692307,-0.05769230769230771
ds004504__EC,CN_vs_FTD,R2_without_theta_alpha,1,52,0.7511961722488039,0.7378151260504202,-0.01338104619838365,0.7481259370314842,0.7391304347826086,-0.008995502248875575,0.5440246588125511,0.5816202184183066,0.037595559605755446,0.7692307692307693,0.7692307692307693,0.0
ds004504__EC,CN_vs_FTD,R2_without_theta_alpha,2,52,0.7026305756767061,0.6434045986284792,-0.05922597704822685,0.7008995502248876,0.6484257871064467,-0.052473763118440875,0.41018699798182695,0.3323888578285351,-0.07779814015329184,0.7115384615384616,0.6730769230769231,-0.038461538461538436
ds004504__EC,CN_vs_FTD,R2_without_theta_alpha,3,52,0.675,0.7026143790849673,0.027614379084967222,0.6746626686656672,0.704647676161919,0.02998500749625188,0.36985757785414636,0.4694569257103907,0.09959934785624436,0.6923076923076923,0.7307692307692307,0.038461538461538436
ds004504__EC,CN_vs_FTD,R2_without_theta_alpha,4,52,0.7453860640301319,0.6853569987898347,-0.060029065240297164,0.7443778110944528,0.6874062968515742,-0.05697151424287861,0.4913406718443522,0.4196829012986555,-0.07165777054569672,0.75,0.7115384615384616,-0.038461538461538436
ds004504__EC,CN_vs_FTD,R2_without_theta_alpha,5,52,0.7382888114595432,0.6670934699103712,-0.07119534154917195,0.7353823088455772,0.6784107946026987,-0.056971514242878496,0.4914632180517166,0.44966532059935993,-0.04179789745235668,0.75,0.7115384615384616,-0.038461538461538436
ds004504__EC,CN_vs_FTD,R2_without_theta_alpha,6,52,0.7204301075268817,0.7450980392156863,0.024667931688804545,0.7181409295352323,0.7436281859070465,0.02548725637181415,0.44998320186528457,0.5588772925123698,0.10889409064708527,0.7307692307692307,0.7692307692307693,0.03846153846153855
ds004504__EC,CN_vs_FTD,R2_without_theta_alpha,7,52,0.7382888114595432,0.7114810072556552,-0.026807804203887953,0.7353823088455772,0.717391304347826,-0.01799100449775115,0.4914632180517166,0.5479115251000605,0.05644830704834386,0.75,0.75,0.0
ds004504__EC,CN_vs_FTD,R2_without_theta_alpha,8,52,0.7819290888295845,0.638888888888889,-0.1430401999406955,0.7788605697151424,0.656671664167916,-0.12218890554722639,0.5693640419747747,0.4113655196476852,-0.15799852232708955,0.7884615384615384,0.6923076923076923,-0.09615384615384615
ds004504__EC,CN_vs_FTD,R2_without_theta_alpha,9,52,0.7156250000000001,0.7378151260504202,0.022190126050420145,0.7136431784107946,0.7391304347826086,0.025487256371814038,0.4524008999503507,0.5816202184183066,0.12921931846795587,0.7307692307692307,0.7692307692307693,0.03846153846153855
ds004504__EC,CN_vs_FTD,R2_without_theta_alpha,10,52,0.75625,0.7200828157349897,-0.03616718426501031,0.7526236881559221,0.7218890554722639,-0.03073463268365817,0.534944222046555,0.5231282523586277,-0.011815969687927308,0.7692307692307693,0.75,-0.019230769230769273
ds004504__EC,CN_vs_FTD,R2_without_theta_alpha,11,52,0.8050974512743628,0.7378151260504202,-0.06728232522394262,0.8050974512743628,0.7391304347826086,-0.06596701649175418,0.6101949025487257,0.5816202184183066,-0.02857468413041908,0.8076923076923077,0.7692307692307693,-0.038461538461538436
ds004504__EC,CN_vs_FTD,R2_without_theta_alpha,12,52,0.7422798322531453,0.7450980392156863,0.002818206962540981,0.739880059970015,0.7436281859070465,0.0037481259370314435,0.4897755199783009,0.5588772925123698,0.06910177253406896,0.75,0.7692307692307693,0.019230769230769273
ds004504__EC,CN_vs_FTD,R2_without_theta_alpha,13,52,0.7636363636363636,0.6840277777777778,-0.07960858585858577,0.7616191904047975,0.6956521739130435,-0.06596701649175407,0.5296293154951603,0.5137148355408891,-0.0159144799542712,0.7692307692307693,0.7307692307692307,-0.03846153846153855
ds004504__EC,CN_vs_FTD,R2_without_theta_alpha,14,52,0.7333333333333334,0.6670934699103712,-0.06623986342296218,0.7308845577211394,0.6784107946026987,-0.05247376311844065,0.49690865112501836,0.44966532059935993,-0.047243330525658433,0.75,0.7115384615384616,-0.038461538461538436
ds004504__EC,CN_vs_FTD,R2_without_theta_alpha,15,52,0.7271364317841079,0.6853569987898347,-0.041779432994273225,0.7271364317841079,0.6874062968515742,-0.039730134932533745,0.4542728635682159,0.4196829012986555,-0.034589962269560404,0.7307692307692307,0.7115384615384616,-0.019230769230769162
ds004504__EC,CN_vs_FTD,R2_without_theta_alpha,16,52,0.803030303030303,0.6840277777777778,-0.1190025252525252,0.800599700149925,0.6956521739130435,-0.10494752623688153,0.6085425659414306,0.5137148355408891,-0.09482773040054149,0.8076923076923077,0.7307692307692307,-0.07692307692307698
ds004504__EC,CN_vs_FTD,R2_without_theta_alpha,17,52,0.7636363636363636,0.7378151260504202,-0.025821237585943346,0.7616191904047975,0.7391304347826086,-0.022488755622188883,0.5296293154951603,0.5816202184183066,0.05199090292314623,0.7692307692307693,0.7692307692307693,0.0
ds004504__EC,CN_vs_FTD,R2_without_theta_alpha,18,52,0.6682615629984051,0.6670934699103712,-0.0011680930880338947,0.6701649175412294,0.6784107946026987,0.008245877061469287,0.3730924397294535,0.44966532059935993,0.07657288086990643,0.6923076923076923,0.7115384615384616,0.019230769230769273
ds004504__EC,CN_vs_FTD,R2_without_theta_alpha,19,52,0.675,0.7200828157349897,0.04508281573498962,0.6746626686656672,0.7218890554722639,0.04722638680659674,0.36985757785414636,0.5231282523586277,0.15327067450448134,0.6923076923076923,0.75,0.05769230769230771
ds004504__EC,CN_vs_FTD,R2_without_theta_alpha,20,52,0.7785520712349981,0.6941176470588236,-0.08443442417617453,0.7743628185907047,0.7001499250374813,-0.07421289355322336,0.5728520312322557,0.48681065303350424,-0.08604137819875146,0.7884615384615384,0.7307692307692307,-0.05769230769230771
ds006036__EO_or_photomark,AD_FTD_vs_CN,R2_anterior_posterior_only,1,88,0.6921881072677807,0.7358736787159076,0.0436855714481269,0.7624196376388077,0.7963179427235535,0.03389830508474578,0.5066581038574347,0.5623881352361583,0.055730031378723566,0.6931818181818182,0.7386363636363636,0.045454545454545414
ds006036__EO_or_photomark,AD_FTD_vs_CN,R2_anterior_posterior_only,2,88,0.7344877344877345,0.714100064977258,-0.020387669510476547,0.787551139684395,0.7793687901811805,-0.008182349503214503,0.5428995470402467,0.5341705802220819,-0.008728966818164818,0.7386363636363636,0.7159090909090909,-0.022727272727272707
ds006036__EO_or_photomark,AD_FTD_vs_CN,R2_anterior_posterior_only,3,88,0.6583850931677019,0.6249515691592407,-0.033433524008461224,0.72822910578609,0.7028053769725306,-0.025423728813559365,0.4431877160371334,0.4022164620209079,-0.04097125401622553,0.6590909090909091,0.625,-0.03409090909090906
ds006036__EO_or_photomark,AD_FTD_vs_CN,R2_anterior_posterior_only,4,88,0.6574987026466009,0.6921881072677807,0.034689404621179754,0.7194623027469316,0.7624196376388077,0.04295733489187614,0.4215440612077983,0.5066581038574347,0.0851140426496364,0.6590909090909091,0.6931818181818182,0.03409090909090917
ds006036__EO_or_photomark,AD_FTD_vs_CN,R2_anterior_posterior_only,5,88,0.6693872263246534,0.6583850931677019,-0.011002133156951532,0.7367036820572764,0.72822910578609,-0.008474576271186418,0.4570078665083765,0.4431877160371334,-0.013820150471243076,0.6704545454545454,0.6590909090909091,-0.011363636363636354
ds006036__EO_or_photomark,AD_FTD_vs_CN,R2_anterior_posterior_only,6,88,0.7020833333333333,0.6811594202898552,-0.02092391304347807,0.7621274108708358,0.7539450613676213,-0.008182349503214503,0.49920794450940315,0.4931243600976555,-0.006083584411747667,0.7045454545454546,0.6818181818181818,-0.022727272727272818
ds006036__EO_or_photomark,AD_FTD_vs_CN,R2_anterior_posterior_only,7,88,0.6899386663186742,0.6921881072677807,0.002249440949106507,0.7448860315604909,0.7624196376388077,0.017533606078316777,0.4647744155107501,0.5066581038574347,0.0418836883466846,0.6931818181818182,0.6931818181818182,0.0
ds006036__EO_or_photomark,AD_FTD_vs_CN,R2_anterior_posterior_only,8,88,0.634665282823041,0.6693872263246534,0.034721943501612396,0.6937463471654004,0.7367036820572764,0.04295733489187603,0.37214875177199774,0.4570078665083765,0.08485911473637875,0.6363636363636364,0.6704545454545454,0.03409090909090906
ds006036__EO_or_photomark,AD_FTD_vs_CN,R2_anterior_posterior_only,9,88,0.7221052631578947,0.634665282823041,-0.08743998033485367,0.7703097603740503,0.6937463471654004,-0.0765634132086499,0.5094198582233066,0.37214875177199774,-0.13727110645130886,0.7272727272727273,0.6363636363636364,-0.09090909090909094
ds006036__EO_or_photomark,AD_FTD_vs_CN,R2_anterior_posterior_only,10,88,0.6476817770889837,0.6704119850187266,0.022730207929742896,0.728521332554062,0.7542372881355932,0.02571595558153117,0.4532179730552593,0.5042194840896107,0.05100151103435141,0.6477272727272727,0.6704545454545454,0.022727272727272707
ds006036__EO_or_photomark,AD_FTD_vs_CN,R2_anterior_posterior_only,11,88,0.7237048665620095,0.714100064977258,-0.009604801584751521,0.7790765634132086,0.7793687901811805,0.0002922267679719148,0.5281387379167956,0.5341705802220819,0.006031842305286306,0.7272727272727273,0.7159090909090909,-0.011363636363636354
ds006036__EO_or_photomark,AD_FTD_vs_CN,R2_anterior_posterior_only,12,88,0.7259989621172807,0.6590909090909091,-0.0669080530263716,0.7966101694915254,0.7457627118644068,-0.05084745762711862,0.5697299895152002,0.4915254237288136,-0.07820456578638657,0.7272727272727273,0.6590909090909091,-0.06818181818181823
ds006036__EO_or_photomark,AD_FTD_vs_CN,R2_anterior_posterior_only,13,88,0.7113997113997115,0.6693872263246534,-0.04201248507505806,0.7618351841028639,0.7367036820572764,-0.02513150204558745,0.49434755502851724,0.4570078665083765,-0.037339688520140746,0.7159090909090909,0.6704545454545454,-0.045454545454545525
ds006036__EO_or_photomark,AD_FTD_vs_CN,R2_anterior_posterior_only,14,88,0.7129061725172909,0.7031655422937209,-0.00974063022357008,0.7706019871420222,0.7708942139099941,0.0002922267679719148,0.5135812753734542,0.5203346800793995,0.006753404705945321,0.7159090909090909,0.7045454545454546,-0.011363636363636354
ds006036__EO_or_photomark,AD_FTD_vs_CN,R2_anterior_posterior_only,15,88,0.7328052805280527,0.7221052631578947,-0.010700017370158021,0.7787843366452367,0.7703097603740503,-0.008474576271186418,0.5247105651535952,0.5094198582233066,-0.015290706930288556,0.7386363636363636,0.7272727272727273,-0.011363636363636354
ds006036__EO_or_photomark,AD_FTD_vs_CN,R2_anterior_posterior_only,16,88,0.6912280701754385,0.6583850931677019,-0.03284297700773664,0.7536528345996494,0.72822910578609,-0.025423728813559365,0.48500006656147177,0.4431877160371334,-0.04181235052433835,0.6931818181818182,0.6590909090909091,-0.03409090909090917
ds006036__EO_or_photomark,AD_FTD_vs_CN,R2_anterior_posterior_only,17,88,0.6912280701754385,0.6811594202898552,-0.010068649885583314,0.7536528345996494,0.7539450613676213,0.0002922267679719148,0.48500006656147177,0.4931243600976555,0.008124293536183713,0.6931818181818182,0.6818181818181818,-0.011363636363636465
ds006036__EO_or_photomark,AD_FTD_vs_CN,R2_anterior_posterior_only,18,88,0.6465863453815262,0.6899386663186742,0.043352320937148026,0.7109877264757452,0.7448860315604909,0.03389830508474578,0.4073576291593183,0.4647744155107501,0.057416786351431826,0.6477272727272727,0.6931818181818182,0.045454545454545525
ds006036__EO_or_photomark,AD_FTD_vs_CN,R2_anterior_posterior_only,19,88,0.6912280701754385,0.6700711053652231,-0.02115696481021545,0.7536528345996494,0.7454704850964349,-0.008182349503214503,0.48500006656147177,0.47971718728632984,-0.005282879275141927,0.6931818181818182,0.6704545454545454,-0.022727272727272818
ds006036__EO_or_photomark,AD_FTD_vs_CN,R2_anterior_posterior_only,20,88,0.65625,0.6237854644383988,-0.03246453556160123,0.7106954997077732,0.6852717708942139,-0.025423728813559365,0.40125855963353363,0.3577073918102601,-0.04355116782327351,0.6590909090909091,0.625,-0.03409090909090906
ds006036__EO_or_photomark,AD_FTD_vs_CN,R2_slow_fast_only,1,88,0.6921881072677807,0.7404129793510326,0.04822487208325188,0.7624196376388077,0.7518994739918177,-0.010520163646990044,0.5066581038574347,0.48634664312372905,-0.020311460733705655,0.6931818181818182,0.7613636363636364,0.06818181818181812
ds006036__EO_or_photomark,AD_FTD_vs_CN,R2_slow_fast_only,2,88,0.7344877344877345,0.7544642857142858,0.019976551226551287,0.787551139684395,0.7691408533021624,-0.018410286382232632,0.5428995470402467,0.5169668180724131,-0.025932728967833607,0.7386363636363636,0.7727272727272727,0.03409090909090906
ds006036__EO_or_photomark,AD_FTD_vs_CN,R2_slow_fast_only,3,88,0.6583850931677019,0.7544642857142858,0.09607919254658392,0.72822910578609,0.7691408533021624,0.040911747516072405,0.4431877160371334,0.5169668180724131,0.07377910203527965,0.6590909090909091,0.7727272727272727,0.11363636363636365
ds006036__EO_or_photomark,AD_FTD_vs_CN,R2_slow_fast_only,4,88,0.6574987026466009,0.7114754098360656,0.05397670718946468,0.7194623027469316,0.7174167153711279,-0.002045587375803626,0.4215440612077983,0.4248923658821779,0.0033483046743795764,0.6590909090909091,0.7386363636363636,0.07954545454545459
ds006036__EO_or_photomark,AD_FTD_vs_CN,R2_slow_fast_only,5,88,0.6693872263246534,0.732290308561495,0.0629030822368416,0.7367036820572764,0.7343658679135009,-0.0023378141437755406,0.4570078665083765,0.4648092255630665,0.0078013590546899825,0.6704545454545454,0.7613636363636364,0.09090909090909094
ds006036__EO_or_photomark,AD_FTD_vs_CN,R2_slow_fast_only,6,88,0.7020833333333333,0.7404129793510326,0.03832964601769928,0.7621274108708358,0.7518994739918177,-0.010227936879018129,0.49920794450940315,0.48634664312372905,-0.012861301385674095,0.7045454545454546,0.7613636363636364,0.05681818181818177
ds006036__EO_or_photomark,AD_FTD_vs_CN,R2_slow_fast_only,7,88,0.6899386663186742,0.7404129793510326,0.05047431303235839,0.7448860315604909,0.7518994739918177,0.007013442431326733,0.4647744155107501,0.48634664312372905,0.021572227612978945,0.6931818181818182,0.7613636363636364,0.06818181818181812
ds006036__EO_or_photomark,AD_FTD_vs_CN,R2_slow_fast_only,8,88,0.634665282823041,0.7404129793510326,0.10574769652799154,0.6937463471654004,0.7518994739918177,0.05815312682641727,0.37214875177199774,0.48634664312372905,0.1141978913517313,0.6363636363636364,0.7613636363636364,0.125
ds006036__EO_or_photomark,AD_FTD_vs_CN,R2_slow_fast_only,9,88,0.7221052631578947,0.7509903791737408,0.02888511601584609,0.7703097603740503,0.7603740502630041,-0.009935710111046214,0.5094198582233066,0.505608521112786,-0.0038113371105206184,0.7272727272727273,0.7727272727272727,0.045454545454545414
ds006036__EO_or_photomark,AD_FTD_vs_CN,R2_slow_fast_only,10,88,0.6476817770889837,0.7544642857142858,0.10678250862530214,0.728521332554062,0.7691408533021624,0.04061952074810038,0.4532179730552593,0.5169668180724131,0.06374884501715378,0.6477272727272727,0.7727272727272727,0.125
ds006036__EO_or_photomark,AD_FTD_vs_CN,R2_slow_fast_only,11,88,0.7237048665620095,0.7404129793510326,0.016708112789023066,0.7790765634132086,0.7518994739918177,-0.027177089421390965,0.5281387379167956,0.48634664312372905,-0.0417920947930665,0.7272727272727273,0.7613636363636364,0.03409090909090906
ds006036__EO_or_photomark,AD_FTD_vs_CN,R2_slow_fast_only,12,88,0.7259989621172807,0.7404129793510326,0.014414017233751908,0.7966101694915254,0.7518994739918177,-0.04471069549970774,0.5697299895152002,0.48634664312372905,-0.0833833463914711,0.7272727272727273,0.7613636363636364,0.03409090909090906
ds006036__EO_or_photomark,AD_FTD_vs_CN,R2_slow_fast_only,13,88,0.7113997113997115,0.7471264367816093,0.035726725381897806,0.7618351841028639,0.7516072472238458,-0.010227936879018129,0.49434755502851724,0.49517632452586663,0.0008287694973493909,0.7159090909090909,0.7727272727272727,0.05681818181818177
ds006036__EO_or_photomark,AD_FTD_vs_CN,R2_slow_fast_only,14,88,0.7129061725172909,0.7404129793510326,0.027506806833741626,0.7706019871420222,0.7518994739918177,-0.018702513150204547,0.5135812753734542,0.48634664312372905,-0.027234632249725166,0.7159090909090909,0.7613636363636364,0.045454545454545414
ds006036__EO_or_photomark,AD_FTD_vs_CN,R2_slow_fast_only,15,88,0.7328052805280527,0.6965517241379311,-0.03625355639012162,0.7787843366452367,0.7001753360607832,-0.07860900058445353,0.5247105651535952,0.39395561242766397,-0.13075495272593118,0.7386363636363636,0.7272727272727273,-0.011363636363636354
ds006036__EO_or_photomark,AD_FTD_vs_CN,R2_slow_fast_only,16,88,0.6912280701754385,0.7544642857142858,0.06323621553884728,0.7536528345996494,0.7691408533021624,0.01548801870251304,0.48500006656147177,0.5169668180724131,0.031966751510941305,0.6931818181818182,0.7727272727272727,0.07954545454545447
ds006036__EO_or_photomark,AD_FTD_vs_CN,R2_slow_fast_only,17,88,0.6912280701754385,0.7544642857142858,0.06323621553884728,0.7536528345996494,0.7691408533021624,0.01548801870251304,0.48500006656147177,0.5169668180724131,0.031966751510941305,0.6931818181818182,0.7727272727272727,0.07954545454545447
ds006036__EO_or_photomark,AD_FTD_vs_CN,R2_slow_fast_only,18,88,0.6465863453815262,0.7544642857142858,0.10787794033275966,0.7109877264757452,0.7691408533021624,0.05815312682641727,0.4073576291593183,0.5169668180724131,0.10960918891309479,0.6477272727272727,0.7727272727272727,0.125
ds006036__EO_or_photomark,AD_FTD_vs_CN,R2_slow_fast_only,19,88,0.6912280701754385,0.7509903791737408,0.05976230899830226,0.7536528345996494,0.7603740502630041,0.006721215663354707,0.48500006656147177,0.505608521112786,0.020608454551314215,0.6931818181818182,0.7727272727272727,0.07954545454545447
ds006036__EO_or_photomark,AD_FTD_vs_CN,R2_slow_fast_only,20,88,0.65625,0.7544642857142858,0.09821428571428581,0.7106954997077732,0.7691408533021624,0.05844535359438918,0.40125855963353363,0.5169668180724131,0.11570825843887944,0.6590909090909091,0.7727272727272727,0.11363636363636365
ds006036__EO_or_photomark,AD_FTD_vs_CN,R2_theta_alpha_only,1,88,0.6921881072677807,0.7404129793510326,0.04822487208325188,0.7624196376388077,0.7518994739918177,-0.010520163646990044,0.5066581038574347,0.48634664312372905,-0.020311460733705655,0.6931818181818182,0.7613636363636364,0.06818181818181812
ds006036__EO_or_photomark,AD_FTD_vs_CN,R2_theta_alpha_only,2,88,0.7344877344877345,0.7544642857142858,0.019976551226551287,0.787551139684395,0.7691408533021624,-0.018410286382232632,0.5428995470402467,0.5169668180724131,-0.025932728967833607,0.7386363636363636,0.7727272727272727,0.03409090909090906
ds006036__EO_or_photomark,AD_FTD_vs_CN,R2_theta_alpha_only,3,88,0.6583850931677019,0.7544642857142858,0.09607919254658392,0.72822910578609,0.7691408533021624,0.040911747516072405,0.4431877160371334,0.5169668180724131,0.07377910203527965,0.6590909090909091,0.7727272727272727,0.11363636363636365
ds006036__EO_or_photomark,AD_FTD_vs_CN,R2_theta_alpha_only,4,88,0.6574987026466009,0.7114754098360656,0.05397670718946468,0.7194623027469316,0.7174167153711279,-0.002045587375803626,0.4215440612077983,0.4248923658821779,0.0033483046743795764,0.6590909090909091,0.7386363636363636,0.07954545454545459
ds006036__EO_or_photomark,AD_FTD_vs_CN,R2_theta_alpha_only,5,88,0.6693872263246534,0.7544642857142858,0.08507705938963239,0.7367036820572764,0.7691408533021624,0.03243717124488599,0.4570078665083765,0.5169668180724131,0.05995895156403658,0.6704545454545454,0.7727272727272727,0.10227272727272729
ds006036__EO_or_photomark,AD_FTD_vs_CN,R2_theta_alpha_only,6,88,0.7020833333333333,0.7404129793510326,0.03832964601769928,0.7621274108708358,0.7518994739918177,-0.010227936879018129,0.49920794450940315,0.48634664312372905,-0.012861301385674095,0.7045454545454546,0.7613636363636364,0.05681818181818177
ds006036__EO_or_photomark,AD_FTD_vs_CN,R2_theta_alpha_only,7,88,0.6899386663186742,0.7404129793510326,0.05047431303235839,0.7448860315604909,0.7518994739918177,0.007013442431326733,0.4647744155107501,0.48634664312372905,0.021572227612978945,0.6931818181818182,0.7613636363636364,0.06818181818181812
ds006036__EO_or_photomark,AD_FTD_vs_CN,R2_theta_alpha_only,8,88,0.634665282823041,0.7404129793510326,0.10574769652799154,0.6937463471654004,0.7518994739918177,0.05815312682641727,0.37214875177199774,0.48634664312372905,0.1141978913517313,0.6363636363636364,0.7613636363636364,0.125
ds006036__EO_or_photomark,AD_FTD_vs_CN,R2_theta_alpha_only,9,88,0.7221052631578947,0.7509903791737408,0.02888511601584609,0.7703097603740503,0.7603740502630041,-0.009935710111046214,0.5094198582233066,0.505608521112786,-0.0038113371105206184,0.7272727272727273,0.7727272727272727,0.045454545454545414
ds006036__EO_or_photomark,AD_FTD_vs_CN,R2_theta_alpha_only,10,88,0.6476817770889837,0.7544642857142858,0.10678250862530214,0.728521332554062,0.7691408533021624,0.04061952074810038,0.4532179730552593,0.5169668180724131,0.06374884501715378,0.6477272727272727,0.7727272727272727,0.125
ds006036__EO_or_photomark,AD_FTD_vs_CN,R2_theta_alpha_only,11,88,0.7237048665620095,0.7404129793510326,0.016708112789023066,0.7790765634132086,0.7518994739918177,-0.027177089421390965,0.5281387379167956,0.48634664312372905,-0.0417920947930665,0.7272727272727273,0.7613636363636364,0.03409090909090906
ds006036__EO_or_photomark,AD_FTD_vs_CN,R2_theta_alpha_only,12,88,0.7259989621172807,0.7404129793510326,0.014414017233751908,0.7966101694915254,0.7518994739918177,-0.04471069549970774,0.5697299895152002,0.48634664312372905,-0.0833833463914711,0.7272727272727273,0.7613636363636364,0.03409090909090906
ds006036__EO_or_photomark,AD_FTD_vs_CN,R2_theta_alpha_only,13,88,0.7113997113997115,0.7616535994297934,0.050253888030081906,0.7618351841028639,0.7688486265341905,0.007013442431326622,0.49434755502851724,0.5254045384564565,0.031056983427939278,0.7159090909090909,0.7840909090909091,0.06818181818181812
ds006036__EO_or_photomark,AD_FTD_vs_CN,R2_theta_alpha_only,14,88,0.7129061725172909,0.7404129793510326,0.027506806833741626,0.7706019871420222,0.7518994739918177,-0.018702513150204547,0.5135812753734542,0.48634664312372905,-0.027234632249725166,0.7159090909090909,0.7613636363636364,0.045454545454545414
ds006036__EO_or_photomark,AD_FTD_vs_CN,R2_theta_alpha_only,15,88,0.7328052805280527,0.6965517241379311,-0.03625355639012162,0.7787843366452367,0.7001753360607832,-0.07860900058445353,0.5247105651535952,0.39395561242766397,-0.13075495272593118,0.7386363636363636,0.7272727272727273,-0.011363636363636354
ds006036__EO_or_photomark,AD_FTD_vs_CN,R2_theta_alpha_only,16,88,0.6912280701754385,0.7544642857142858,0.06323621553884728,0.7536528345996494,0.7691408533021624,0.01548801870251304,0.48500006656147177,0.5169668180724131,0.031966751510941305,0.6931818181818182,0.7727272727272727,0.07954545454545447
ds006036__EO_or_photomark,AD_FTD_vs_CN,R2_theta_alpha_only,17,88,0.6912280701754385,0.7544642857142858,0.06323621553884728,0.7536528345996494,0.7691408533021624,0.01548801870251304,0.48500006656147177,0.5169668180724131,0.031966751510941305,0.6931818181818182,0.7727272727272727,0.07954545454545447
ds006036__EO_or_photomark,AD_FTD_vs_CN,R2_theta_alpha_only,18,88,0.6465863453815262,0.7544642857142858,0.10787794033275966,0.7109877264757452,0.7691408533021624,0.05815312682641727,0.4073576291593183,0.5169668180724131,0.10960918891309479,0.6477272727272727,0.7727272727272727,0.125
ds006036__EO_or_photomark,AD_FTD_vs_CN,R2_theta_alpha_only,19,88,0.6912280701754385,0.7509903791737408,0.05976230899830226,0.7536528345996494,0.7603740502630041,0.006721215663354707,0.48500006656147177,0.505608521112786,0.020608454551314215,0.6931818181818182,0.7727272727272727,0.07954545454545447
ds006036__EO_or_photomark,AD_FTD_vs_CN,R2_theta_alpha_only,20,88,0.65625,0.7544642857142858,0.09821428571428581,0.7106954997077732,0.7691408533021624,0.05844535359438918,0.40125855963353363,0.5169668180724131,0.11570825843887944,0.6590909090909091,0.7727272727272727,0.11363636363636365
ds006036__EO_or_photomark,AD_FTD_vs_CN,R2_without_anterior_posterior,1,88,0.6921881072677807,0.5855572998430142,-0.1066308074247665,0.7624196376388077,0.6247808299240211,-0.13763880771478665,0.5066581038574347,0.2361416137073002,-0.2705164901501345,0.6931818181818182,0.5909090909090909,-0.10227272727272729
ds006036__EO_or_photomark,AD_FTD_vs_CN,R2_without_anterior_posterior,2,88,0.7344877344877345,0.6305025057564675,-0.10398522873126703,0.787551139684395,0.6496201052016364,-0.13793103448275867,0.5428995470402467,0.28248431715915273,-0.26041522988109395,0.7386363636363636,0.6477272727272727,-0.09090909090909094
ds006036__EO_or_photomark,AD_FTD_vs_CN,R2_without_anterior_posterior,3,88,0.6583850931677019,0.5645833333333333,-0.09380175983436856,0.72822910578609,0.6078316773816481,-0.1203974284044419,0.4431877160371334,0.2053597898817946,-0.23782792615533882,0.6590909090909091,0.5681818181818182,-0.09090909090909083
ds006036__EO_or_photomark,AD_FTD_vs_CN,R2_without_anterior_posterior,4,88,0.6574987026466009,0.6505545666164589,-0.00694413603014199,0.7194623027469316,0.6665692577440093,-0.052893045002922245,0.4215440612077983,0.316135342292515,-0.1054087189152833,0.6590909090909091,0.6704545454545454,0.011363636363636354
ds006036__EO_or_photomark,AD_FTD_vs_CN,R2_without_anterior_posterior,5,88,0.6693872263246534,0.7218390804597701,0.05245185413511666,0.7367036820572764,0.7258912916423144,-0.01081239041496207,0.4570078665083765,0.4445659684767653,-0.012441898031611165,0.6704545454545454,0.75,0.07954545454545459
ds006036__EO_or_photomark,AD_FTD_vs_CN,R2_without_anterior_posterior,6,88,0.7020833333333333,0.7053571428571429,0.003273809523809623,0.7621274108708358,0.7177089421391,-0.04441846873173583,0.49920794450940315,0.4181761992008119,-0.08103174530859125,0.7045454545454546,0.7272727272727273,0.022727272727272707
ds006036__EO_or_photomark,AD_FTD_vs_CN,R2_without_anterior_posterior,7,88,0.6899386663186742,0.6166336633663366,-0.07330500295233755,0.7448860315604909,0.6502045587375804,-0.0946814728229105,0.4647744155107501,0.28270569233642334,-0.18206872317432676,0.6931818181818182,0.625,-0.06818181818181823
ds006036__EO_or_photomark,AD_FTD_vs_CN,R2_without_anterior_posterior,8,88,0.634665282823041,0.7404129793510326,0.10574769652799154,0.6937463471654004,0.7518994739918177,0.05815312682641727,0.37214875177199774,0.48634664312372905,0.1141978913517313,0.6363636363636364,0.7613636363636364,0.125
ds006036__EO_or_photomark,AD_FTD_vs_CN,R2_without_anterior_posterior,9,88,0.7221052631578947,0.6305025057564675,-0.0916027574014272,0.7703097603740503,0.6496201052016364,-0.12068965517241392,0.5094198582233066,0.28248431715915273,-0.22693554106415387,0.7272727272727273,0.6477272727272727,-0.07954545454545459
ds006036__EO_or_photomark,AD_FTD_vs_CN,R2_without_anterior_posterior,10,88,0.6476817770889837,0.657679409792086,0.009997632703102277,0.728521332554062,0.6841028638223261,-0.04441846873173594,0.4532179730552593,0.3465069769882232,-0.1067109960670361,0.6477272727272727,0.6704545454545454,0.022727272727272707
ds006036__EO_or_photomark,AD_FTD_vs_CN,R2_without_anterior_posterior,11,88,0.7237048665620095,0.6340710932260227,-0.08963377333598677,0.7790765634132086,0.6583869082407949,-0.1206896551724137,0.5281387379167956,0.29810600242478885,-0.2300327354920067,0.7272727272727273,0.6477272727272727,-0.07954545454545459
ds006036__EO_or_photomark,AD_FTD_vs_CN,R2_without_anterior_posterior,12,88,0.7259989621172807,0.6502384737678855,-0.0757604883493952,0.7966101694915254,0.684395090590298,-0.1122150789012274,0.5697299895152002,0.3467878472793549,-0.22294214223584524,0.7272727272727273,0.6590909090909091,-0.06818181818181823
ds006036__EO_or_photomark,AD_FTD_vs_CN,R2_without_anterior_posterior,13,88,0.7113997113997115,0.5217391304347827,-0.18966058096492877,0.7618351841028639,0.5739333722969024,-0.18790181180596144,0.49434755502851724,0.14356785167400096,-0.35077970335451625,0.7159090909090909,0.5227272727272727,-0.19318181818181823
ds006036__EO_or_photomark,AD_FTD_vs_CN,R2_without_anterior_posterior,14,88,0.7129061725172909,0.657679409792086,-0.05522676272520499,0.7706019871420222,0.6841028638223261,-0.08649912331969611,0.5135812753734542,0.3465069769882232,-0.16707429838523102,0.7159090909090909,0.6704545454545454,-0.045454545454545525
ds006036__EO_or_photomark,AD_FTD_vs_CN,R2_without_anterior_posterior,15,88,0.7328052805280527,0.6104166666666667,-0.122388613861386,0.7787843366452367,0.6592635885447107,-0.11952074810052604,0.5247105651535952,0.3033091747576641,-0.22140139039593104,0.7386363636363636,0.6136363636363636,-0.125
ds006036__EO_or_photomark,AD_FTD_vs_CN,R2_without_anterior_posterior,16,88,0.6912280701754385,0.6840005319856364,-0.007227538189802152,0.7536528345996494,0.7185856224430158,-0.035067212156633554,0.48500006656147177,0.41098305547526526,-0.07401701108620651,0.6931818181818182,0.6931818181818182,0.0
ds006036__EO_or_photomark,AD_FTD_vs_CN,R2_without_anterior_posterior,17,88,0.6912280701754385,0.6398679867986798,-0.05136008337675868,0.7536528345996494,0.6759205143191116,-0.07773232028053778,0.48500006656147177,0.3311066668998577,-0.15389339966161408,0.6931818181818182,0.6477272727272727,-0.045454545454545525
ds006036__EO_or_photomark,AD_FTD_vs_CN,R2_without_anterior_posterior,18,88,0.6465863453815262,0.6505545666164589,0.0039682212349327894,0.7109877264757452,0.6665692577440093,-0.04441846873173583,0.4073576291593183,0.316135342292515,-0.09122228686680328,0.6477272727272727,0.6704545454545454,0.022727272727272707
ds006036__EO_or_photomark,AD_FTD_vs_CN,R2_without_anterior_posterior,19,88,0.6912280701754385,0.6746542516773929,-0.016573818498045623,0.7536528345996494,0.6922852133255406,-0.061367621274108775,0.48500006656147177,0.36494220215521905,-0.12005786440625271,0.6931818181818182,0.6931818181818182,0.0
ds006036__EO_or_photomark,AD_FTD_vs_CN,R2_without_anterior_posterior,20,88,0.65625,0.6474358974358975,-0.008814102564102533,0.7106954997077732,0.6756282875511397,-0.035067212156633554,0.40125855963353363,0.3303003109586249,-0.07095824867490874,0.6590909090909091,0.6590909090909091,0.0
ds006036__EO_or_photomark,AD_FTD_vs_CN,R2_without_frontal_theta_occipital_alpha,1,88,0.6921881072677807,0.7031655422937209,0.010977435025940174,0.7624196376388077,0.7708942139099941,0.008474576271186418,0.5066581038574347,0.5203346800793995,0.013676576221964831,0.6931818181818182,0.7045454545454546,0.011363636363636354
ds006036__EO_or_photomark,AD_FTD_vs_CN,R2_without_frontal_theta_occipital_alpha,2,88,0.7344877344877345,0.7129061725172909,-0.021581561970443586,0.787551139684395,0.7706019871420222,-0.016949152542372836,0.5428995470402467,0.5135812753734542,-0.02931827166679246,0.7386363636363636,0.7159090909090909,-0.022727272727272707
ds006036__EO_or_photomark,AD_FTD_vs_CN,R2_without_frontal_theta_occipital_alpha,3,88,0.6583850931677019,0.6465863453815262,-0.011798747786175734,0.72822910578609,0.7109877264757452,-0.017241379310344862,0.4431877160371334,0.4073576291593183,-0.03583008687781514,0.6590909090909091,0.6477272727272727,-0.011363636363636354
ds006036__EO_or_photomark,AD_FTD_vs_CN,R2_without_frontal_theta_occipital_alpha,4,88,0.6574987026466009,0.6473173884938591,-0.010181314152741816,0.7194623027469316,0.7197545295149035,0.0002922267679719148,0.4215440612077983,0.42946110099919055,0.007917039791392244,0.6590909090909091,0.6477272727272727,-0.011363636363636354
ds006036__EO_or_photomark,AD_FTD_vs_CN,R2_without_frontal_theta_occipital_alpha,5,88,0.6693872263246534,0.6791666666666667,0.00977944034201328,0.7367036820572764,0.7364114552893045,-0.0002922267679719148,0.4570078665083765,0.4502332520714684,-0.006774614436908077,0.6704545454545454,0.6818181818181818,0.011363636363636354
ds006036__EO_or_photomark,AD_FTD_vs_CN,R2_without_frontal_theta_occipital_alpha,6,88,0.7020833333333333,0.7129061725172909,0.010822839183957655,0.7621274108708358,0.7706019871420222,0.008474576271186418,0.49920794450940315,0.5135812753734542,0.01437333086405107,0.7045454545454546,0.7159090909090909,0.011363636363636354
ds006036__EO_or_photomark,AD_FTD_vs_CN,R2_without_frontal_theta_occipital_alpha,7,88,0.6899386663186742,0.6791666666666667,-0.01077199965200748,0.7448860315604909,0.7364114552893045,-0.008474576271186418,0.4647744155107501,0.4502332520714684,-0.01454116343928169,0.6931818181818182,0.6818181818181818,-0.011363636363636465
ds006036__EO_or_photomark,AD_FTD_vs_CN,R2_without_frontal_theta_occipital_alpha,8,88,0.634665282823041,0.6465863453815262,0.01192106255848513,0.6937463471654004,0.7109877264757452,0.01724137931034475,0.37214875177199774,0.4073576291593183,0.035208877387320536,0.6363636363636364,0.6477272727272727,0.011363636363636354
ds006036__EO_or_photomark,AD_FTD_vs_CN,R2_without_frontal_theta_occipital_alpha,9,88,0.7221052631578947,0.6735559088500265,-0.04854935430786822,0.7703097603740503,0.7101110461718294,-0.06019871420222089,0.5094198582233066,0.3951512871534963,-0.11426857106981031,0.7272727272727273,0.6818181818181818,-0.045454545454545525
ds006036__EO_or_photomark,AD_FTD_vs_CN,R2_without_frontal_theta_occipital_alpha,10,88,0.6476817770889837,0.6249515691592407,-0.022730207929743007,0.728521332554062,0.7115721800116891,-0.016949152542372947,0.4532179730552593,0.4270305251836762,-0.026187447871583114,0.6477272727272727,0.625,-0.022727272727272707
ds006036__EO_or_photomark,AD_FTD_vs_CN,R2_without_frontal_theta_occipital_alpha,11,88,0.7237048665620095,0.7237048665620095,0.0,0.7790765634132086,0.7790765634132086,0.0,0.5281387379167956,0.5281387379167956,0.0,0.7272727272727273,0.7272727272727273,0.0
ds006036__EO_or_photomark,AD_FTD_vs_CN,R2_without_frontal_theta_occipital_alpha,12,88,0.7259989621172807,0.7031655422937209,-0.022833419823559797,0.7966101694915254,0.7708942139099941,-0.02571595558153128,0.5697299895152002,0.5203346800793995,-0.049395309435800616,0.7272727272727273,0.7045454545454546,-0.022727272727272707
ds006036__EO_or_photomark,AD_FTD_vs_CN,R2_without_frontal_theta_occipital_alpha,13,88,0.7113997113997115,0.7113997113997115,0.0,0.7618351841028639,0.7618351841028639,0.0,0.49434755502851724,0.49434755502851724,0.0,0.7159090909090909,0.7159090909090909,0.0
ds006036__EO_or_photomark,AD_FTD_vs_CN,R2_without_frontal_theta_occipital_alpha,14,88,0.7129061725172909,0.7129061725172909,0.0,0.7706019871420222,0.7706019871420222,0.0,0.5135812753734542,0.5135812753734542,0.0,0.7159090909090909,0.7159090909090909,0.0
ds006036__EO_or_photomark,AD_FTD_vs_CN,R2_without_frontal_theta_occipital_alpha,15,88,0.7328052805280527,0.7344877344877345,0.0016824539596818067,0.7787843366452367,0.787551139684395,0.008766803039158333,0.5247105651535952,0.5428995470402467,0.018188981886651523,0.7386363636363636,0.7386363636363636,0.0
ds006036__EO_or_photomark,AD_FTD_vs_CN,R2_without_frontal_theta_occipital_alpha,16,88,0.6912280701754385,0.6912280701754385,0.0,0.7536528345996494,0.7536528345996494,0.0,0.48500006656147177,0.48500006656147177,0.0,0.6931818181818182,0.6931818181818182,0.0
ds006036__EO_or_photomark,AD_FTD_vs_CN,R2_without_frontal_theta_occipital_alpha,17,88,0.6912280701754385,0.6912280701754385,0.0,0.7536528345996494,0.7536528345996494,0.0,0.48500006656147177,0.48500006656147177,0.0,0.6931818181818182,0.6931818181818182,0.0
ds006036__EO_or_photomark,AD_FTD_vs_CN,R2_without_frontal_theta_occipital_alpha,18,88,0.6465863453815262,0.6465863453815262,0.0,0.7109877264757452,0.7109877264757452,0.0,0.4073576291593183,0.4073576291593183,0.0,0.6477272727272727,0.6477272727272727,0.0
ds006036__EO_or_photomark,AD_FTD_vs_CN,R2_without_frontal_theta_occipital_alpha,19,88,0.6912280701754385,0.6669711601200574,-0.02425691005538111,0.7536528345996494,0.7191700759789597,-0.034482758620689724,0.48500006656147177,0.41596755564804605,-0.06903251091342572,0.6931818181818182,0.6704545454545454,-0.022727272727272818
ds006036__EO_or_photomark,AD_FTD_vs_CN,R2_without_frontal_theta_occipital_alpha,20,88,0.65625,0.65625,0.0,0.7106954997077732,0.7106954997077732,0.0,0.40125855963353363,0.40125855963353363,0.0,0.6590909090909091,0.6590909090909091,0.0
ds006036__EO_or_photomark,AD_FTD_vs_CN,R2_without_slow_fast,1,88,0.6921881072677807,0.5539961013645225,-0.1381920059032582,0.7624196376388077,0.6607247223845705,-0.10169491525423724,0.5066581038574347,0.34894290839855774,-0.15771519545887697,0.6931818181818182,0.5568181818181818,-0.13636363636363646
ds006036__EO_or_photomark,AD_FTD_vs_CN,R2_without_slow_fast,2,88,0.7344877344877345,0.6245636716224952,-0.10992406286523937,0.787551139684395,0.7203389830508474,-0.06721215663354763,0.5428995470402467,0.4540083311895306,-0.08889121585071608,0.7386363636363636,0.625,-0.11363636363636365
ds006036__EO_or_photomark,AD_FTD_vs_CN,R2_without_slow_fast,3,88,0.6583850931677019,0.6361757105943153,-0.02220938257338656,0.72822910578609,0.728813559322034,0.0005844535359439407,0.4431877160371334,0.4664337396176837,0.02324602358055028,0.6590909090909091,0.6363636363636364,-0.022727272727272707
ds006036__EO_or_photomark,AD_FTD_vs_CN,R2_without_slow_fast,4,88,0.6574987026466009,0.5521336291269738,-0.1053650735196271,0.7194623027469316,0.6694915254237288,-0.049970777323202764,0.4215440612077983,0.38021875426747415,-0.04132530694032416,0.6590909090909091,0.5568181818181818,-0.10227272727272729
ds006036__EO_or_photomark,AD_FTD_vs_CN,R2_without_slow_fast,5,88,0.6693872263246534,0.6245636716224952,-0.044823554702158264,0.7367036820572764,0.7203389830508474,-0.016364699006429007,0.4570078665083765,0.4540083311895306,-0.0029995353188458918,0.6704545454545454,0.625,-0.045454545454545414
ds006036__EO_or_photomark,AD_FTD_vs_CN,R2_without_slow_fast,6,88,0.7020833333333333,0.5889984431759211,-0.11308489015741219,0.7621274108708358,0.6949152542372882,-0.06721215663354763,0.49920794450940315,0.4170424207488271,-0.08216552376057606,0.7045454545454546,0.5909090909090909,-0.11363636363636365
ds006036__EO_or_photomark,AD_FTD_vs_CN,R2_without_slow_fast,7,88,0.6899386663186742,0.5889984431759211,-0.10094022314275308,0.7448860315604909,0.6949152542372882,-0.049970777323202764,0.4647744155107501,0.4170424207488271,-0.047731994761923024,0.6931818181818182,0.5909090909090909,-0.10227272727272729
ds006036__EO_or_photomark,AD_FTD_vs_CN,R2_without_slow_fast,8,88,0.634665282823041,0.6009845834952714,-0.033680699327769625,0.6937463471654004,0.7033898305084746,0.009643483343074188,0.37214875177199774,0.42932742038950306,0.05717866861750531,0.6363636363636364,0.6022727272727273,-0.03409090909090906
ds006036__EO_or_photomark,AD_FTD_vs_CN,R2_without_slow_fast,9,88,0.7221052631578947,0.5645833333333333,-0.15752192982456137,0.7703097603740503,0.6779661016949152,-0.09234365867913508,0.5094198582233066,0.3925050412891398,-0.11691481693416678,0.7272727272727273,0.5681818181818182,-0.15909090909090906
ds006036__EO_or_photomark,AD_FTD_vs_CN,R2_without_slow_fast,10,88,0.6476817770889837,0.5416666666666666,-0.10601511042231704,0.728521332554062,0.652250146113384,-0.07627118644067798,0.4532179730552593,0.3357883850765876,-0.1174295879786717,0.6477272727272727,0.5454545454545454,-0.10227272727272729
ds006036__EO_or_photomark,AD_FTD_vs_CN,R2_without_slow_fast,11,88,0.7237048665620095,0.5416666666666666,-0.18203819989534287,0.7790765634132086,0.652250146113384,-0.12682641729982458,0.5281387379167956,0.3357883850765876,-0.19235035284020796,0.7272727272727273,0.5454545454545454,-0.18181818181818188
ds006036__EO_or_photomark,AD_FTD_vs_CN,R2_without_slow_fast,12,88,0.7259989621172807,0.5645833333333333,-0.16141562878394733,0.7966101694915254,0.6779661016949152,-0.11864406779661019,0.5697299895152002,0.3925050412891398,-0.17722494822606033,0.7272727272727273,0.5681818181818182,-0.15909090909090906
ds006036__EO_or_photomark,AD_FTD_vs_CN,R2_without_slow_fast,13,88,0.7113997113997115,0.6018099547511313,-0.10958975664858017,0.7618351841028639,0.6946230274693161,-0.06721215663354774,0.49434755502851724,0.4010206214485774,-0.09332693357993982,0.7159090909090909,0.6022727272727273,-0.11363636363636365
ds006036__EO_or_photomark,AD_FTD_vs_CN,R2_without_slow_fast,14,88,0.7129061725172909,0.6009845834952714,-0.11192158902201954,0.7706019871420222,0.7033898305084746,-0.06721215663354763,0.5135812753734542,0.42932742038950306,-0.08425385498395116,0.7159090909090909,0.6022727272727273,-0.11363636363636365
ds006036__EO_or_photomark,AD_FTD_vs_CN,R2_without_slow_fast,15,88,0.7328052805280527,0.6361757105943153,-0.09662956993373739,0.7787843366452367,0.728813559322034,-0.049970777323202764,0.5247105651535952,0.4664337396176837,-0.05827682553591146,0.7386363636363636,0.6363636363636364,-0.10227272727272729
ds006036__EO_or_photomark,AD_FTD_vs_CN,R2_without_slow_fast,16,88,0.6912280701754385,0.5889984431759211,-0.10222962699951743,0.7536528345996494,0.6949152542372882,-0.05873758036236121,0.48500006656147177,0.4170424207488271,-0.06795764581264468,0.6931818181818182,0.5909090909090909,-0.10227272727272729
ds006036__EO_or_photomark,AD_FTD_vs_CN,R2_without_slow_fast,17,88,0.6912280701754385,0.5768680961663418,-0.1143599740090967,0.7536528345996494,0.6864406779661016,-0.06721215663354774,0.48500006656147177,0.404773773742327,-0.08022629281914478,0.6931818181818182,0.5795454545454546,-0.11363636363636365
ds006036__EO_or_photomark,AD_FTD_vs_CN,R2_without_slow_fast,18,88,0.6465863453815262,0.5521336291269738,-0.09445271625455232,0.7109877264757452,0.6694915254237288,-0.041496201052016346,0.4073576291593183,0.38021875426747415,-0.027138874891844134,0.6477272727272727,0.5568181818181818,-0.09090909090909094
ds006036__EO_or_photomark,AD_FTD_vs_CN,R2_without_slow_fast,19,88,0.6912280701754385,0.6128364389233955,-0.07839163125204307,0.7536528345996494,0.711864406779661,-0.04178842781998837,0.48500006656147177,0.4416443946445576,-0.04335567191691414,0.6931818181818182,0.6136363636363636,-0.07954545454545459
ds006036__EO_or_photomark,AD_FTD_vs_CN,R2_without_slow_fast,20,88,0.65625,0.6361757105943153,-0.020074289405684675,0.7106954997077732,0.728813559322034,0.018118059614260718,0.40125855963353363,0.4664337396176837,0.06517517998415007,0.6590909090909091,0.6363636363636364,-0.022727272727272707
ds006036__EO_or_photomark,AD_FTD_vs_CN,R2_without_theta_alpha,1,88,0.6921881072677807,0.5900621118012422,-0.10212599546653844,0.7624196376388077,0.6861484511981297,-0.07627118644067798,0.5066581038574347,0.38803790260494236,-0.11862020125249234,0.6931818181818182,0.5909090909090909,-0.10227272727272729
ds006036__EO_or_photomark,AD_FTD_vs_CN,R2_without_theta_alpha,2,88,0.7344877344877345,0.6245636716224952,-0.10992406286523937,0.787551139684395,0.7203389830508474,-0.06721215663354763,0.5428995470402467,0.4540083311895306,-0.08889121585071608,0.7386363636363636,0.625,-0.11363636363636365
ds006036__EO_or_photomark,AD_FTD_vs_CN,R2_without_theta_alpha,3,88,0.6583850931677019,0.6361757105943153,-0.02220938257338656,0.72822910578609,0.728813559322034,0.0005844535359439407,0.4431877160371334,0.4664337396176837,0.02324602358055028,0.6590909090909091,0.6363636363636364,-0.022727272727272707
ds006036__EO_or_photomark,AD_FTD_vs_CN,R2_without_theta_alpha,4,88,0.6574987026466009,0.5521336291269738,-0.1053650735196271,0.7194623027469316,0.6694915254237288,-0.049970777323202764,0.4215440612077983,0.38021875426747415,-0.04132530694032416,0.6590909090909091,0.5568181818181818,-0.10227272727272729
ds006036__EO_or_photomark,AD_FTD_vs_CN,R2_without_theta_alpha,5,88,0.6693872263246534,0.6245636716224952,-0.044823554702158264,0.7367036820572764,0.7203389830508474,-0.016364699006429007,0.4570078665083765,0.4540083311895306,-0.0029995353188458918,0.6704545454545454,0.625,-0.045454545454545414
ds006036__EO_or_photomark,AD_FTD_vs_CN,R2_without_theta_alpha,6,88,0.7020833333333333,0.6009845834952714,-0.10109874983806189,0.7621274108708358,0.7033898305084746,-0.05873758036236121,0.49920794450940315,0.42932742038950306,-0.06988052411990009,0.7045454545454546,0.6022727272727273,-0.10227272727272729
ds006036__EO_or_photomark,AD_FTD_vs_CN,R2_without_theta_alpha,7,88,0.6899386663186742,0.5889984431759211,-0.10094022314275308,0.7448860315604909,0.6949152542372882,-0.049970777323202764,0.4647744155107501,0.4170424207488271,-0.047731994761923024,0.6931818181818182,0.5909090909090909,-0.10227272727272729
ds006036__EO_or_photomark,AD_FTD_vs_CN,R2_without_theta_alpha,8,88,0.634665282823041,0.6009845834952714,-0.033680699327769625,0.6937463471654004,0.7033898305084746,0.009643483343074188,0.37214875177199774,0.42932742038950306,0.05717866861750531,0.6363636363636364,0.6022727272727273,-0.03409090909090906
ds006036__EO_or_photomark,AD_FTD_vs_CN,R2_without_theta_alpha,9,88,0.7221052631578947,0.5645833333333333,-0.15752192982456137,0.7703097603740503,0.6779661016949152,-0.09234365867913508,0.5094198582233066,0.3925050412891398,-0.11691481693416678,0.7272727272727273,0.5681818181818182,-0.15909090909090906
ds006036__EO_or_photomark,AD_FTD_vs_CN,R2_without_theta_alpha,10,88,0.6476817770889837,0.5539961013645225,-0.09368567572446118,0.728521332554062,0.6607247223845705,-0.06779661016949157,0.4532179730552593,0.34894290839855774,-0.10427506465670155,0.6477272727272727,0.5568181818181818,-0.09090909090909094
ds006036__EO_or_photomark,AD_FTD_vs_CN,R2_without_theta_alpha,11,88,0.7237048665620095,0.5416666666666666,-0.18203819989534287,0.7790765634132086,0.652250146113384,-0.12682641729982458,0.5281387379167956,0.3357883850765876,-0.19235035284020796,0.7272727272727273,0.5454545454545454,-0.18181818181818188
ds006036__EO_or_photomark,AD_FTD_vs_CN,R2_without_theta_alpha,12,88,0.7259989621172807,0.5645833333333333,-0.16141562878394733,0.7966101694915254,0.6779661016949152,-0.11864406779661019,0.5697299895152002,0.3925050412891398,-0.17722494822606033,0.7272727272727273,0.5681818181818182,-0.15909090909090906
ds006036__EO_or_photomark,AD_FTD_vs_CN,R2_without_theta_alpha,13,88,0.7113997113997115,0.6018099547511313,-0.10958975664858017,0.7618351841028639,0.6946230274693161,-0.06721215663354774,0.49434755502851724,0.4010206214485774,-0.09332693357993982,0.7159090909090909,0.6022727272727273,-0.11363636363636365
ds006036__EO_or_photomark,AD_FTD_vs_CN,R2_without_theta_alpha,14,88,0.7129061725172909,0.6009845834952714,-0.11192158902201954,0.7706019871420222,0.7033898305084746,-0.06721215663354763,0.5135812753734542,0.42932742038950306,-0.08425385498395116,0.7159090909090909,0.6022727272727273,-0.11363636363636365
ds006036__EO_or_photomark,AD_FTD_vs_CN,R2_without_theta_alpha,15,88,0.7328052805280527,0.6361757105943153,-0.09662956993373739,0.7787843366452367,0.728813559322034,-0.049970777323202764,0.5247105651535952,0.4664337396176837,-0.05827682553591146,0.7386363636363636,0.6363636363636364,-0.10227272727272729
ds006036__EO_or_photomark,AD_FTD_vs_CN,R2_without_theta_alpha,16,88,0.6912280701754385,0.5889984431759211,-0.10222962699951743,0.7536528345996494,0.6949152542372882,-0.05873758036236121,0.48500006656147177,0.4170424207488271,-0.06795764581264468,0.6931818181818182,0.5909090909090909,-0.10227272727272729
ds006036__EO_or_photomark,AD_FTD_vs_CN,R2_without_theta_alpha,17,88,0.6912280701754385,0.5768680961663418,-0.1143599740090967,0.7536528345996494,0.6864406779661016,-0.06721215663354774,0.48500006656147177,0.404773773742327,-0.08022629281914478,0.6931818181818182,0.5795454545454546,-0.11363636363636365
ds006036__EO_or_photomark,AD_FTD_vs_CN,R2_without_theta_alpha,18,88,0.6465863453815262,0.5768680961663418,-0.06971824921518432,0.7109877264757452,0.6864406779661016,-0.02454704850964351,0.4073576291593183,0.404773773742327,-0.0025838554169912986,0.6477272727272727,0.5795454545454546,-0.06818181818181812
ds006036__EO_or_photomark,AD_FTD_vs_CN,R2_without_theta_alpha,19,88,0.6912280701754385,0.6128364389233955,-0.07839163125204307,0.7536528345996494,0.711864406779661,-0.04178842781998837,0.48500006656147177,0.4416443946445576,-0.04335567191691414,0.6931818181818182,0.6136363636363636,-0.07954545454545459
ds006036__EO_or_photomark,AD_FTD_vs_CN,R2_without_theta_alpha,20,88,0.65625,0.6361757105943153,-0.020074289405684675,0.7106954997077732,0.728813559322034,0.018118059614260718,0.40125855963353363,0.4664337396176837,0.06517517998415007,0.6590909090909091,0.6363636363636364,-0.022727272727272707
ds006036__EO_or_photomark,AD_vs_CN,R2_anterior_posterior_only,1,65,0.7490347490347491,0.7490347490347491,0.0,0.7777777777777778,0.7777777777777778,0.0,0.5983516452371671,0.5983516452371671,0.0,0.7538461538461538,0.7538461538461538,0.0
ds006036__EO_or_photomark,AD_vs_CN,R2_anterior_posterior_only,2,65,0.7683535281539557,0.7031963470319634,-0.06515718112199231,0.7849616858237547,0.7294061302681992,-0.05555555555555547,0.5823267176854143,0.4876960953113774,-0.09463062237403691,0.7692307692307693,0.7076923076923077,-0.06153846153846154
ds006036__EO_or_photomark,AD_vs_CN,R2_anterior_posterior_only,3,65,0.7841555977229602,0.7509578544061304,-0.033197743316829786,0.7988505747126436,0.7744252873563219,-0.024425287356321768,0.6064784348631227,0.5765789785535701,-0.029899456309552597,0.7846153846153846,0.7538461538461538,-0.03076923076923077
ds006036__EO_or_photomark,AD_vs_CN,R2_anterior_posterior_only,4,65,0.7362138935306757,0.7523809523809524,0.016167058850276694,0.757183908045977,0.7710727969348659,0.01388888888888884,0.5347311365991632,0.5584298601158177,0.023698723516654585,0.7384615384615385,0.7538461538461538,0.01538461538461533
ds006036__EO_or_photomark,AD_vs_CN,R2_anterior_posterior_only,5,65,0.6862934362934363,0.6862934362934363,0.0,0.7155172413793103,0.7155172413793103,0.0,0.46423834544262965,0.46423834544262965,0.0,0.6923076923076923,0.6923076923076923,0.0
ds006036__EO_or_photomark,AD_vs_CN,R2_anterior_posterior_only,6,65,0.7214285714285715,0.7214285714285715,0.0,0.7399425287356323,0.7399425287356323,0.0,0.49429922247000824,0.49429922247000824,0.0,0.7230769230769231,0.7230769230769231,0.0
ds006036__EO_or_photomark,AD_vs_CN,R2_anterior_posterior_only,7,65,0.7374673319078167,0.7198275862068966,-0.017639745700920084,0.7538314176245211,0.7432950191570882,-0.010536398467432928,0.5187111939046547,0.5111729862220132,-0.007538207682641462,0.7384615384615385,0.7230769230769231,-0.015384615384615441
ds006036__EO_or_photomark,AD_vs_CN,R2_anterior_posterior_only,8,65,0.7692307692307692,0.7998104714522625,0.03057970222149331,0.7782567049808429,0.8127394636015326,0.034482758620689724,0.5565134099616859,0.630941728976721,0.0744283190150351,0.7692307692307693,0.8,0.03076923076923077
ds006036__EO_or_photomark,AD_vs_CN,R2_anterior_posterior_only,9,65,0.7149122807017543,0.7149122807017543,0.0,0.75,0.75,0.0,0.5554373396683665,0.5554373396683665,0.0,0.7230769230769231,0.7230769230769231,0.0
ds006036__EO_or_photomark,AD_vs_CN,R2_anterior_posterior_only,10,65,0.7523809523809524,0.7362138935306757,-0.016167058850276694,0.7710727969348659,0.757183908045977,-0.01388888888888884,0.5584298601158177,0.5347311365991632,-0.023698723516654585,0.7538461538461538,0.7384615384615385,-0.01538461538461533
ds006036__EO_or_photomark,AD_vs_CN,R2_anterior_posterior_only,11,65,0.7509578544061304,0.7176640926640926,-0.0332937617420378,0.7744252873563219,0.7466475095785441,-0.02777777777777779,0.5765789785535701,0.5312949953398984,-0.045283983213671664,0.7538461538461538,0.7230769230769231,-0.03076923076923077
ds006036__EO_or_photomark,AD_vs_CN,R2_anterior_posterior_only,12,65,0.7176640926640926,0.7176640926640926,0.0,0.7466475095785441,0.7466475095785441,0.0,0.5312949953398984,0.5312949953398984,0.0,0.7230769230769231,0.7230769230769231,0.0
ds006036__EO_or_photomark,AD_vs_CN,R2_anterior_posterior_only,13,65,0.7490347490347491,0.6973780936045086,-0.05165665543024045,0.7777777777777778,0.7361111111111112,-0.04166666666666663,0.5983516452371671,0.5341356811952614,-0.06421596404190566,0.7538461538461538,0.7076923076923077,-0.0461538461538461
ds006036__EO_or_photomark,AD_vs_CN,R2_anterior_posterior_only,14,65,0.7509578544061304,0.7490347490347491,-0.0019231053713812951,0.7744252873563219,0.7777777777777778,0.0033524904214559115,0.5765789785535701,0.5983516452371671,0.02177266668359701,0.7538461538461538,0.7538461538461538,0.0
ds006036__EO_or_photomark,AD_vs_CN,R2_anterior_posterior_only,15,65,0.6886973180076628,0.6904761904761906,0.0017788724685278146,0.7121647509578544,0.7088122605363985,-0.0033524904214559115,0.4457669938904565,0.4301685848241988,-0.015598409066257701,0.6923076923076923,0.6923076923076923,0.0
ds006036__EO_or_photomark,AD_vs_CN,R2_anterior_posterior_only,16,65,0.7833333333333334,0.782088122605364,-0.001245210727969459,0.8022030651340997,0.8055555555555556,0.0033524904214559115,0.6225604977616271,0.641984970885127,0.01942447312349982,0.7846153846153846,0.7846153846153846,0.0
ds006036__EO_or_photomark,AD_vs_CN,R2_anterior_posterior_only,17,65,0.7509578544061304,0.7321212121212122,-0.018836642284918215,0.7744252873563219,0.7638888888888888,-0.010536398467433039,0.5765789785535701,0.57682706992567,0.0002480913720999123,0.7538461538461538,0.7384615384615385,-0.01538461538461533
ds006036__EO_or_photomark,AD_vs_CN,R2_anterior_posterior_only,18,65,0.6375757575757575,0.7509578544061304,0.11338209683037292,0.6704980842911877,0.7744252873563219,0.10392720306513414,0.37268681831858175,0.5765789785535701,0.20389216023498835,0.6461538461538462,0.7538461538461538,0.10769230769230764
ds006036__EO_or_photomark,AD_vs_CN,R2_anterior_posterior_only,19,65,0.8153409090909092,0.7656813266041816,-0.04965958248672753,0.8266283524904214,0.7916666666666667,-0.034961685823754696,0.6557740811871776,0.6200562046860728,-0.035717876501104806,0.8153846153846154,0.7692307692307693,-0.0461538461538461
ds006036__EO_or_photomark,AD_vs_CN,R2_anterior_posterior_only,20,65,0.7490347490347491,0.7198275862068966,-0.029207162827852517,0.7777777777777778,0.7432950191570882,-0.03448275862068961,0.5983516452371671,0.5111729862220132,-0.08717865901515387,0.7538461538461538,0.7230769230769231,-0.03076923076923077
ds006036__EO_or_photomark,AD_vs_CN,R2_slow_fast_only,1,65,0.7490347490347491,0.7006060606060606,-0.04842868842868853,0.7777777777777778,0.6992337164750958,-0.07854406130268199,0.5983516452371671,0.4043189565754151,-0.194032688661752,0.7538461538461538,0.7076923076923077,-0.0461538461538461
ds006036__EO_or_photomark,AD_vs_CN,R2_slow_fast_only,2,65,0.7683535281539557,0.767247553115302,-0.0011059750386537281,0.7849616858237547,0.7681992337164751,-0.016762452107279557,0.5823267176854143,0.5348637047238359,-0.0474630129615784,0.7692307692307693,0.7692307692307693,0.0
ds006036__EO_or_photomark,AD_vs_CN,R2_slow_fast_only,3,65,0.7841555977229602,0.767247553115302,-0.016908044607658157,0.7988505747126436,0.7681992337164751,-0.030651340996168508,0.6064784348631227,0.5348637047238359,-0.07161473013928676,0.7846153846153846,0.7692307692307693,-0.01538461538461533
ds006036__EO_or_photomark,AD_vs_CN,R2_slow_fast_only,4,65,0.7362138935306757,0.767247553115302,0.03103365958462634,0.757183908045977,0.7681992337164751,0.011015325670498122,0.5347311365991632,0.5348637047238359,0.00013256812467277168,0.7384615384615385,0.7692307692307693,0.03076923076923077
ds006036__EO_or_photomark,AD_vs_CN,R2_slow_fast_only,5,65,0.6862934362934363,0.767247553115302,0.08095411682186571,0.7155172413793103,0.7681992337164751,0.05268199233716486,0.46423834544262965,0.5348637047238359,0.07062535928120628,0.6923076923076923,0.7692307692307693,0.07692307692307698
ds006036__EO_or_photomark,AD_vs_CN,R2_slow_fast_only,6,65,0.7214285714285715,0.6612062546537603,-0.06022231677481127,0.7399425287356323,0.6613984674329503,-0.07854406130268199,0.49429922247000824,0.33910491408822535,-0.15519430838178289,0.7230769230769231,0.676923076923077,-0.0461538461538461
ds006036__EO_or_photomark,AD_vs_CN,R2_slow_fast_only,7,65,0.7374673319078167,0.7509578544061304,0.013490522498313728,0.7538314176245211,0.7509578544061303,-0.002873563218390829,0.5187111939046547,0.5019157088122606,-0.016795485092394147,0.7384615384615385,0.7538461538461538,0.01538461538461533
ds006036__EO_or_photomark,AD_vs_CN,R2_slow_fast_only,8,65,0.7692307692307692,0.767247553115302,-0.0019832161154671457,0.7782567049808429,0.7681992337164751,-0.010057471264367734,0.5565134099616859,0.5348637047238359,-0.021649705237849926,0.7692307692307693,0.7692307692307693,0.0
ds006036__EO_or_photomark,AD_vs_CN,R2_slow_fast_only,9,65,0.7149122807017543,0.7509578544061304,0.03604557370437611,0.75,0.7509578544061303,0.0009578544061302763,0.5554373396683665,0.5019157088122606,-0.05352163085610595,0.7230769230769231,0.7538461538461538,0.03076923076923077
ds006036__EO_or_photomark,AD_vs_CN,R2_slow_fast_only,10,65,0.7523809523809524,0.7509578544061304,-0.0014230979748219852,0.7710727969348659,0.7509578544061303,-0.02011494252873558,0.5584298601158177,0.5019157088122606,-0.05651415130355719,0.7538461538461538,0.7538461538461538,0.0
ds006036__EO_or_photomark,AD_vs_CN,R2_slow_fast_only,11,65,0.7509578544061304,0.7006060606060606,-0.05035179380006982,0.7744252873563219,0.6992337164750958,-0.07519157088122608,0.5765789785535701,0.4043189565754151,-0.172260021978155,0.7538461538461538,0.7076923076923077,-0.0461538461538461
ds006036__EO_or_photomark,AD_vs_CN,R2_slow_fast_only,12,65,0.7176640926640926,0.767247553115302,0.04958346045120943,0.7466475095785441,0.7681992337164751,0.02155172413793105,0.5312949953398984,0.5348637047238359,0.003568709383937496,0.7230769230769231,0.7692307692307693,0.04615384615384621
ds006036__EO_or_photomark,AD_vs_CN,R2_slow_fast_only,13,65,0.7490347490347491,0.767247553115302,0.018212804080552925,0.7777777777777778,0.7681992337164751,-0.009578544061302652,0.5983516452371671,0.5348637047238359,-0.06348794051333118,0.7538461538461538,0.7692307692307693,0.015384615384615441
ds006036__EO_or_photomark,AD_vs_CN,R2_slow_fast_only,14,65,0.7509578544061304,0.7176640926640927,-0.033293761742037686,0.7744252873563219,0.7164750957854407,-0.057950191570881215,0.5765789785535701,0.4367314877449891,-0.139847490808581,0.7538461538461538,0.7230769230769231,-0.03076923076923077
ds006036__EO_or_photomark,AD_vs_CN,R2_slow_fast_only,15,65,0.6886973180076628,0.767247553115302,0.07855023510763925,0.7121647509578544,0.7681992337164751,0.056034482758620774,0.4457669938904565,0.5348637047238359,0.08909671083337944,0.6923076923076923,0.7692307692307693,0.07692307692307698
ds006036__EO_or_photomark,AD_vs_CN,R2_slow_fast_only,16,65,0.7833333333333334,0.7344388368180725,-0.0488944965152609,0.8022030651340997,0.7337164750957854,-0.06848659003831425,0.6225604977616271,0.46923423991105967,-0.15332625785056747,0.7846153846153846,0.7384615384615385,-0.0461538461538461
ds006036__EO_or_photomark,AD_vs_CN,R2_slow_fast_only,17,65,0.7509578544061304,0.7149122807017545,-0.03604557370437589,0.7744252873563219,0.7131226053639848,-0.06130268199233713,0.5765789785535701,0.43552166280673843,-0.14105731574683167,0.7538461538461538,0.7230769230769231,-0.03076923076923077
ds006036__EO_or_photomark,AD_vs_CN,R2_slow_fast_only,18,65,0.6375757575757575,0.7509578544061304,0.11338209683037292,0.6704980842911877,0.7509578544061303,0.08045977011494254,0.37268681831858175,0.5019157088122606,0.1292288904936788,0.6461538461538462,0.7538461538461538,0.10769230769230764
ds006036__EO_or_photomark,AD_vs_CN,R2_slow_fast_only,19,65,0.8153409090909092,0.7509578544061304,-0.06438305468477878,0.8266283524904214,0.7509578544061303,-0.07567049808429116,0.6557740811871776,0.5019157088122606,-0.15385837237491706,0.8153846153846154,0.7538461538461538,-0.06153846153846154
ds006036__EO_or_photomark,AD_vs_CN,R2_slow_fast_only,20,65,0.7490347490347491,0.7509578544061304,0.0019231053713812951,0.7777777777777778,0.7509578544061303,-0.026819923371647514,0.5983516452371671,0.5019157088122606,-0.09643593642490655,0.7538461538461538,0.7538461538461538,0.0
ds006036__EO_or_photomark,AD_vs_CN,R2_theta_alpha_only,1,65,0.7490347490347491,0.7006060606060606,-0.04842868842868853,0.7777777777777778,0.6992337164750958,-0.07854406130268199,0.5983516452371671,0.4043189565754151,-0.194032688661752,0.7538461538461538,0.7076923076923077,-0.0461538461538461
ds006036__EO_or_photomark,AD_vs_CN,R2_theta_alpha_only,2,65,0.7683535281539557,0.767247553115302,-0.0011059750386537281,0.7849616858237547,0.7681992337164751,-0.016762452107279557,0.5823267176854143,0.5348637047238359,-0.0474630129615784,0.7692307692307693,0.7692307692307693,0.0
ds006036__EO_or_photomark,AD_vs_CN,R2_theta_alpha_only,3,65,0.7841555977229602,0.767247553115302,-0.016908044607658157,0.7988505747126436,0.7681992337164751,-0.030651340996168508,0.6064784348631227,0.5348637047238359,-0.07161473013928676,0.7846153846153846,0.7692307692307693,-0.01538461538461533
ds006036__EO_or_photomark,AD_vs_CN,R2_theta_alpha_only,4,65,0.7362138935306757,0.767247553115302,0.03103365958462634,0.757183908045977,0.7681992337164751,0.011015325670498122,0.5347311365991632,0.5348637047238359,0.00013256812467277168,0.7384615384615385,0.7692307692307693,0.03076923076923077
ds006036__EO_or_photomark,AD_vs_CN,R2_theta_alpha_only,5,65,0.6862934362934363,0.767247553115302,0.08095411682186571,0.7155172413793103,0.7681992337164751,0.05268199233716486,0.46423834544262965,0.5348637047238359,0.07062535928120628,0.6923076923076923,0.7692307692307693,0.07692307692307698
ds006036__EO_or_photomark,AD_vs_CN,R2_theta_alpha_only,6,65,0.7214285714285715,0.6612062546537603,-0.06022231677481127,0.7399425287356323,0.6613984674329503,-0.07854406130268199,0.49429922247000824,0.33910491408822535,-0.15519430838178289,0.7230769230769231,0.676923076923077,-0.0461538461538461
ds006036__EO_or_photomark,AD_vs_CN,R2_theta_alpha_only,7,65,0.7374673319078167,0.7509578544061304,0.013490522498313728,0.7538314176245211,0.7509578544061303,-0.002873563218390829,0.5187111939046547,0.5019157088122606,-0.016795485092394147,0.7384615384615385,0.7538461538461538,0.01538461538461533
ds006036__EO_or_photomark,AD_vs_CN,R2_theta_alpha_only,8,65,0.7692307692307692,0.767247553115302,-0.0019832161154671457,0.7782567049808429,0.7681992337164751,-0.010057471264367734,0.5565134099616859,0.5348637047238359,-0.021649705237849926,0.7692307692307693,0.7692307692307693,0.0
ds006036__EO_or_photomark,AD_vs_CN,R2_theta_alpha_only,9,65,0.7149122807017543,0.7509578544061304,0.03604557370437611,0.75,0.7509578544061303,0.0009578544061302763,0.5554373396683665,0.5019157088122606,-0.05352163085610595,0.7230769230769231,0.7538461538461538,0.03076923076923077
ds006036__EO_or_photomark,AD_vs_CN,R2_theta_alpha_only,10,65,0.7523809523809524,0.7509578544061304,-0.0014230979748219852,0.7710727969348659,0.7509578544061303,-0.02011494252873558,0.5584298601158177,0.5019157088122606,-0.05651415130355719,0.7538461538461538,0.7538461538461538,0.0
ds006036__EO_or_photomark,AD_vs_CN,R2_theta_alpha_only,11,65,0.7509578544061304,0.7006060606060606,-0.05035179380006982,0.7744252873563219,0.6992337164750958,-0.07519157088122608,0.5765789785535701,0.4043189565754151,-0.172260021978155,0.7538461538461538,0.7076923076923077,-0.0461538461538461
ds006036__EO_or_photomark,AD_vs_CN,R2_theta_alpha_only,12,65,0.7176640926640926,0.767247553115302,0.04958346045120943,0.7466475095785441,0.7681992337164751,0.02155172413793105,0.5312949953398984,0.5348637047238359,0.003568709383937496,0.7230769230769231,0.7692307692307693,0.04615384615384621
ds006036__EO_or_photomark,AD_vs_CN,R2_theta_alpha_only,13,65,0.7490347490347491,0.767247553115302,0.018212804080552925,0.7777777777777778,0.7681992337164751,-0.009578544061302652,0.5983516452371671,0.5348637047238359,-0.06348794051333118,0.7538461538461538,0.7692307692307693,0.015384615384615441
ds006036__EO_or_photomark,AD_vs_CN,R2_theta_alpha_only,14,65,0.7509578544061304,0.7176640926640927,-0.033293761742037686,0.7744252873563219,0.7164750957854407,-0.057950191570881215,0.5765789785535701,0.4367314877449891,-0.139847490808581,0.7538461538461538,0.7230769230769231,-0.03076923076923077
ds006036__EO_or_photomark,AD_vs_CN,R2_theta_alpha_only,15,65,0.6886973180076628,0.767247553115302,0.07855023510763925,0.7121647509578544,0.7681992337164751,0.056034482758620774,0.4457669938904565,0.5348637047238359,0.08909671083337944,0.6923076923076923,0.7692307692307693,0.07692307692307698
ds006036__EO_or_photomark,AD_vs_CN,R2_theta_alpha_only,16,65,0.7833333333333334,0.7509578544061304,-0.03237547892720305,0.8022030651340997,0.7509578544061303,-0.05124521072796939,0.6225604977616271,0.5019157088122606,-0.12064478894936659,0.7846153846153846,0.7538461538461538,-0.03076923076923077
ds006036__EO_or_photomark,AD_vs_CN,R2_theta_alpha_only,17,65,0.7509578544061304,0.7149122807017545,-0.03604557370437589,0.7744252873563219,0.7131226053639848,-0.06130268199233713,0.5765789785535701,0.43552166280673843,-0.14105731574683167,0.7538461538461538,0.7230769230769231,-0.03076923076923077
ds006036__EO_or_photomark,AD_vs_CN,R2_theta_alpha_only,18,65,0.6375757575757575,0.7509578544061304,0.11338209683037292,0.6704980842911877,0.7509578544061303,0.08045977011494254,0.37268681831858175,0.5019157088122606,0.1292288904936788,0.6461538461538462,0.7538461538461538,0.10769230769230764
ds006036__EO_or_photomark,AD_vs_CN,R2_theta_alpha_only,19,65,0.8153409090909092,0.7509578544061304,-0.06438305468477878,0.8266283524904214,0.7509578544061303,-0.07567049808429116,0.6557740811871776,0.5019157088122606,-0.15385837237491706,0.8153846153846154,0.7538461538461538,-0.06153846153846154
ds006036__EO_or_photomark,AD_vs_CN,R2_theta_alpha_only,20,65,0.7490347490347491,0.7321212121212122,-0.01691353691353692,0.7777777777777778,0.7303639846743295,-0.04741379310344829,0.5983516452371671,0.4674937935403238,-0.13085785169684333,0.7538461538461538,0.7384615384615385,-0.01538461538461533
ds006036__EO_or_photomark,AD_vs_CN,R2_without_anterior_posterior,1,65,0.7490347490347491,0.7074153044302298,-0.04161944460451927,0.7777777777777778,0.7126436781609196,-0.06513409961685823,0.5983516452371671,0.42326505595982766,-0.17508658927733944,0.7538461538461538,0.7076923076923077,-0.0461538461538461
ds006036__EO_or_photomark,AD_vs_CN,R2_without_anterior_posterior,2,65,0.7683535281539557,0.7176640926640927,-0.050689435489863044,0.7849616858237547,0.7164750957854407,-0.06848659003831403,0.5823267176854143,0.4367314877449891,-0.14559522994042523,0.7692307692307693,0.7230769230769231,-0.04615384615384621
ds006036__EO_or_photomark,AD_vs_CN,R2_without_anterior_posterior,3,65,0.7841555977229602,0.7782651072124758,-0.005890490510484403,0.7988505747126436,0.7753831417624522,-0.02346743295019149,0.6064784348631227,0.5627527103682575,-0.043725724494865226,0.7846153846153846,0.7846153846153846,0.0
ds006036__EO_or_photomark,AD_vs_CN,R2_without_anterior_posterior,4,65,0.7362138935306757,0.7509578544061304,0.014743960875454709,0.757183908045977,0.7509578544061303,-0.00622605363984674,0.5347311365991632,0.5019157088122606,-0.03281542778690261,0.7384615384615385,0.7538461538461538,0.01538461538461533
ds006036__EO_or_photomark,AD_vs_CN,R2_without_anterior_posterior,5,65,0.6862934362934363,0.6150201374081972,-0.07127329888523914,0.7155172413793103,0.6259578544061303,-0.08955938697318,0.46423834544262965,0.25411588778082334,-0.21012245766180632,0.6923076923076923,0.6153846153846154,-0.07692307692307687
ds006036__EO_or_photomark,AD_vs_CN,R2_without_anterior_posterior,6,65,0.7214285714285715,0.6549227799227799,-0.06650579150579161,0.7399425287356323,0.6542145593869731,-0.08572796934865912,0.49429922247000824,0.31112287401302324,-0.183176348456985,0.7230769230769231,0.6615384615384615,-0.06153846153846154
ds006036__EO_or_photomark,AD_vs_CN,R2_without_anterior_posterior,7,65,0.7374673319078167,0.6719538572458543,-0.06551347466196233,0.7538314176245211,0.671455938697318,-0.0823754789272031,0.5187111939046547,0.34423331534458884,-0.17447787856006586,0.7384615384615385,0.676923076923077,-0.06153846153846154
ds006036__EO_or_photomark,AD_vs_CN,R2_without_anterior_posterior,8,65,0.7692307692307692,0.6916508538899431,-0.07757991534082609,0.7782567049808429,0.6954022988505747,-0.08285440613026818,0.5565134099616859,0.3885777727501203,-0.16793563721156557,0.7692307692307693,0.6923076923076923,-0.07692307692307698
ds006036__EO_or_photomark,AD_vs_CN,R2_without_anterior_posterior,9,65,0.7149122807017543,0.767247553115302,0.05233527241354774,0.75,0.7681992337164751,0.01819923371647514,0.5554373396683665,0.5348637047238359,-0.020573634944530572,0.7230769230769231,0.7692307692307693,0.04615384615384621
ds006036__EO_or_photomark,AD_vs_CN,R2_without_anterior_posterior,10,65,0.7523809523809524,0.7074153044302298,-0.044965647950722554,0.7710727969348659,0.7126436781609196,-0.0584291187739463,0.5584298601158177,0.42326505595982766,-0.13516480415599008,0.7538461538461538,0.7076923076923077,-0.0461538461538461
ds006036__EO_or_photomark,AD_vs_CN,R2_without_anterior_posterior,11,65,0.7509578544061304,0.7176640926640927,-0.033293761742037686,0.7744252873563219,0.7164750957854407,-0.057950191570881215,0.5765789785535701,0.4367314877449891,-0.139847490808581,0.7538461538461538,0.7230769230769231,-0.03076923076923077
ds006036__EO_or_photomark,AD_vs_CN,R2_without_anterior_posterior,12,65,0.7176640926640926,0.7176640926640927,1.1102230246251565e-16,0.7466475095785441,0.7164750957854407,-0.030172413793103425,0.5312949953398984,0.4367314877449891,-0.09456350759490934,0.7230769230769231,0.7230769230769231,0.0
ds006036__EO_or_photomark,AD_vs_CN,R2_without_anterior_posterior,13,65,0.7490347490347491,0.6608159392789373,-0.08821880975581176,0.7777777777777778,0.6743295019157088,-0.10344827586206895,0.5983516452371671,0.35377908700348826,-0.24457255823367885,0.7538461538461538,0.6615384615384615,-0.09230769230769231
ds006036__EO_or_photomark,AD_vs_CN,R2_without_anterior_posterior,14,65,0.7509578544061304,0.6285714285714286,-0.12238642583470183,0.7744252873563219,0.6297892720306513,-0.1446360153256706,0.5765789785535701,0.2583442120835885,-0.3182347664699816,0.7538461538461538,0.6307692307692307,-0.12307692307692308
ds006036__EO_or_photomark,AD_vs_CN,R2_without_anterior_posterior,15,65,0.6886973180076628,0.7176640926640927,0.02896677465642994,0.7121647509578544,0.7164750957854407,0.004310344827586299,0.4457669938904565,0.4367314877449891,-0.009035506145467387,0.6923076923076923,0.7230769230769231,0.03076923076923077
ds006036__EO_or_photomark,AD_vs_CN,R2_without_anterior_posterior,16,65,0.7833333333333334,0.7214285714285713,-0.06190476190476213,0.8022030651340997,0.7231800766283525,-0.07902298850574718,0.6225604977616271,0.444237648822702,-0.17832284893892514,0.7846153846153846,0.7230769230769231,-0.06153846153846154
ds006036__EO_or_photomark,AD_vs_CN,R2_without_anterior_posterior,17,65,0.7509578544061304,0.7509578544061304,0.0,0.7744252873563219,0.7509578544061303,-0.023467432950191602,0.5765789785535701,0.5019157088122606,-0.07466326974130955,0.7538461538461538,0.7538461538461538,0.0
ds006036__EO_or_photomark,AD_vs_CN,R2_without_anterior_posterior,18,65,0.6375757575757575,0.6973780936045086,0.05980233602875118,0.6704980842911877,0.6958812260536398,0.025383141762452044,0.37268681831858175,0.4035297045713241,0.03084288625274234,0.6461538461538462,0.7076923076923077,0.06153846153846154
ds006036__EO_or_photomark,AD_vs_CN,R2_without_anterior_posterior,19,65,0.8153409090909092,0.6886973180076628,-0.1266435910832464,0.8266283524904214,0.6886973180076628,-0.13793103448275867,0.6557740811871776,0.3773946360153257,-0.2783794451718519,0.8153846153846154,0.6923076923076923,-0.12307692307692308
ds006036__EO_or_photomark,AD_vs_CN,R2_without_anterior_posterior,20,65,0.7490347490347491,0.6719538572458543,-0.07708089178889477,0.7777777777777778,0.671455938697318,-0.10632183908045978,0.5983516452371671,0.34423331534458884,-0.25411832989257827,0.7538461538461538,0.676923076923077,-0.07692307692307687
ds006036__EO_or_photomark,AD_vs_CN,R2_without_frontal_theta_occipital_alpha,1,65,0.7490347490347491,0.7656813266041816,0.016646577569432552,0.7777777777777778,0.7916666666666667,0.01388888888888895,0.5983516452371671,0.6200562046860728,0.021704559448905703,0.7538461538461538,0.7692307692307693,0.015384615384615441
ds006036__EO_or_photomark,AD_vs_CN,R2_without_frontal_theta_occipital_alpha,2,65,0.7683535281539557,0.7683535281539557,0.0,0.7849616858237547,0.7849616858237547,0.0,0.5823267176854143,0.5823267176854143,0.0,0.7692307692307693,0.7692307692307693,0.0
ds006036__EO_or_photomark,AD_vs_CN,R2_without_frontal_theta_occipital_alpha,3,65,0.7841555977229602,0.7841555977229602,0.0,0.7988505747126436,0.7988505747126436,0.0,0.6064784348631227,0.6064784348631227,0.0,0.7846153846153846,0.7846153846153846,0.0
ds006036__EO_or_photomark,AD_vs_CN,R2_without_frontal_theta_occipital_alpha,4,65,0.7362138935306757,0.767247553115302,0.03103365958462634,0.757183908045977,0.7883141762452108,0.031130268199233813,0.5347311365991632,0.5994565069510172,0.064725370351854,0.7384615384615385,0.7692307692307693,0.03076923076923077
ds006036__EO_or_photomark,AD_vs_CN,R2_without_frontal_theta_occipital_alpha,5,65,0.6862934362934363,0.6690909090909092,-0.01720252720252713,0.7155172413793103,0.7016283524904214,-0.01388888888888884,0.46423834544262965,0.44073356885427784,-0.023504776588351817,0.6923076923076923,0.676923076923077,-0.01538461538461533
ds006036__EO_or_photomark,AD_vs_CN,R2_without_frontal_theta_occipital_alpha,6,65,0.7214285714285715,0.7214285714285715,0.0,0.7399425287356323,0.7399425287356323,0.0,0.49429922247000824,0.49429922247000824,0.0,0.7230769230769231,0.7230769230769231,0.0
ds006036__EO_or_photomark,AD_vs_CN,R2_without_frontal_theta_occipital_alpha,7,65,0.7374673319078167,0.738213693437574,0.0007463615297573778,0.7538314176245211,0.7504789272030651,-0.0033524904214560225,0.5187111939046547,0.5053331152447551,-0.013378078659899595,0.7384615384615385,0.7384615384615385,0.0
ds006036__EO_or_photomark,AD_vs_CN,R2_without_frontal_theta_occipital_alpha,8,65,0.7692307692307692,0.7690120824449183,-0.00021868678585090784,0.7782567049808429,0.774904214559387,-0.0033524904214559115,0.5565134099616859,0.5471940137859033,-0.00931939617578259,0.7692307692307693,0.7692307692307693,0.0
ds006036__EO_or_photomark,AD_vs_CN,R2_without_frontal_theta_occipital_alpha,9,65,0.7149122807017543,0.7344388368180725,0.01952655611631826,0.75,0.7605363984674329,0.010536398467432928,0.5554373396683665,0.5538761499987251,-0.0015611896696413607,0.7230769230769231,0.7384615384615385,0.015384615384615441
ds006036__EO_or_photomark,AD_vs_CN,R2_without_frontal_theta_occipital_alpha,10,65,0.7523809523809524,0.7523809523809524,0.0,0.7710727969348659,0.7710727969348659,0.0,0.5584298601158177,0.5584298601158177,0.0,0.7538461538461538,0.7538461538461538,0.0
ds006036__EO_or_photomark,AD_vs_CN,R2_without_frontal_theta_occipital_alpha,11,65,0.7509578544061304,0.7523809523809524,0.0014230979748219852,0.7744252873563219,0.7710727969348659,-0.0033524904214560225,0.5765789785535701,0.5584298601158177,-0.018149118437752354,0.7538461538461538,0.7538461538461538,0.0
ds006036__EO_or_photomark,AD_vs_CN,R2_without_frontal_theta_occipital_alpha,12,65,0.7176640926640926,0.7051802339460491,-0.012483858718043472,0.7466475095785441,0.7260536398467433,-0.020593869731800774,0.5312949953398984,0.4700057662473091,-0.061289229092589326,0.7230769230769231,0.7076923076923077,-0.01538461538461533
ds006036__EO_or_photomark,AD_vs_CN,R2_without_frontal_theta_occipital_alpha,13,65,0.7490347490347491,0.7321212121212122,-0.01691353691353692,0.7777777777777778,0.7638888888888888,-0.01388888888888895,0.5983516452371671,0.57682706992567,-0.021524575311497096,0.7538461538461538,0.7384615384615385,-0.01538461538461533
ds006036__EO_or_photomark,AD_vs_CN,R2_without_frontal_theta_occipital_alpha,14,65,0.7509578544061304,0.7362138935306757,-0.014743960875454709,0.7744252873563219,0.757183908045977,-0.017241379310344862,0.5765789785535701,0.5347311365991632,-0.04184784195440694,0.7538461538461538,0.7384615384615385,-0.01538461538461533
ds006036__EO_or_photomark,AD_vs_CN,R2_without_frontal_theta_occipital_alpha,15,65,0.6886973180076628,0.6886973180076628,0.0,0.7121647509578544,0.7121647509578544,0.0,0.4457669938904565,0.4457669938904565,0.0,0.6923076923076923,0.6923076923076923,0.0
ds006036__EO_or_photomark,AD_vs_CN,R2_without_frontal_theta_occipital_alpha,16,65,0.7833333333333334,0.799239724400095,0.015906391066761616,0.8022030651340997,0.8160919540229885,0.01388888888888884,0.6225604977616271,0.6459422414661738,0.02338174370454671,0.7846153846153846,0.8,0.015384615384615441
ds006036__EO_or_photomark,AD_vs_CN,R2_without_frontal_theta_occipital_alpha,17,65,0.7509578544061304,0.7509578544061304,0.0,0.7744252873563219,0.7744252873563219,0.0,0.5765789785535701,0.5765789785535701,0.0,0.7538461538461538,0.7538461538461538,0.0
ds006036__EO_or_photomark,AD_vs_CN,R2_without_frontal_theta_occipital_alpha,18,65,0.6375757575757575,0.6549227799227799,0.017347022347022456,0.6704980842911877,0.6843869731800767,0.01388888888888895,0.37268681831858175,0.3971816955453609,0.024494877226779177,0.6461538461538462,0.6615384615384615,0.01538461538461533
ds006036__EO_or_photomark,AD_vs_CN,R2_without_frontal_theta_occipital_alpha,19,65,0.8153409090909092,0.7999999999999999,-0.015340909090909238,0.8266283524904214,0.8093869731800767,-0.01724137931034475,0.6557740811871776,0.6187739463601533,-0.037000134827024356,0.8153846153846154,0.8,-0.01538461538461533
ds006036__EO_or_photomark,AD_vs_CN,R2_without_frontal_theta_occipital_alpha,20,65,0.7490347490347491,0.7490347490347491,0.0,0.7777777777777778,0.7777777777777778,0.0,0.5983516452371671,0.5983516452371671,0.0,0.7538461538461538,0.7538461538461538,0.0
ds006036__EO_or_photomark,AD_vs_CN,R2_without_slow_fast,1,65,0.7490347490347491,0.6794871794871795,-0.06954756954756958,0.7777777777777778,0.7222222222222222,-0.05555555555555558,0.5983516452371671,0.5128728387747147,-0.08547880646245243,0.7538461538461538,0.6923076923076923,-0.06153846153846154
ds006036__EO_or_photomark,AD_vs_CN,R2_without_slow_fast,2,65,0.7683535281539557,0.6612062546537603,-0.10714727350019548,0.7849616858237547,0.7083333333333334,-0.07662835249042133,0.5823267176854143,0.49159604012508756,-0.09073067756032677,0.7692307692307693,0.676923076923077,-0.09230769230769231
ds006036__EO_or_photomark,AD_vs_CN,R2_without_slow_fast,3,65,0.7841555977229602,0.6973780936045086,-0.08677750411845153,0.7988505747126436,0.7361111111111112,-0.06273946360153249,0.6064784348631227,0.5341356811952614,-0.07234275366786125,0.7846153846153846,0.7076923076923077,-0.07692307692307687
ds006036__EO_or_photomark,AD_vs_CN,R2_without_slow_fast,4,65,0.7362138935306757,0.6973780936045086,-0.038835799926167036,0.757183908045977,0.7361111111111112,-0.021072796934865856,0.5347311365991632,0.5341356811952614,-0.0005954554039017124,0.7384615384615385,0.7076923076923077,-0.03076923076923077
ds006036__EO_or_photomark,AD_vs_CN,R2_without_slow_fast,5,65,0.6862934362934363,0.6233308138070042,-0.06296262248643214,0.7155172413793103,0.6805555555555556,-0.034961685823754696,0.46423834544262965,0.44876373392787533,-0.015474611514754322,0.6923076923076923,0.6461538461538462,-0.0461538461538461
ds006036__EO_or_photomark,AD_vs_CN,R2_without_slow_fast,6,65,0.7214285714285715,0.6233308138070042,-0.09809775762156736,0.7399425287356323,0.6805555555555556,-0.059386973180076685,0.49429922247000824,0.44876373392787533,-0.04553548854213291,0.7230769230769231,0.6461538461538462,-0.07692307692307687
ds006036__EO_or_photomark,AD_vs_CN,R2_without_slow_fast,7,65,0.7374673319078167,0.6655231560891939,-0.07194417581862278,0.7538314176245211,0.7049808429118773,-0.04885057471264376,0.5187111939046547,0.4637121126806732,-0.054999081223981505,0.7384615384615385,0.676923076923077,-0.06153846153846154
ds006036__EO_or_photomark,AD_vs_CN,R2_without_slow_fast,8,65,0.7692307692307692,0.6794871794871795,-0.08974358974358965,0.7782567049808429,0.7222222222222222,-0.05603448275862066,0.5565134099616859,0.5128728387747147,-0.04364057118697118,0.7692307692307693,0.6923076923076923,-0.07692307692307698
ds006036__EO_or_photomark,AD_vs_CN,R2_without_slow_fast,9,65,0.7149122807017543,0.6425000000000001,-0.0724122807017542,0.75,0.6944444444444444,-0.05555555555555558,0.5554373396683665,0.4702476981373602,-0.08518964153100628,0.7230769230769231,0.6615384615384615,-0.06153846153846154
ds006036__EO_or_photomark,AD_vs_CN,R2_without_slow_fast,10,65,0.7523809523809524,0.6474358974358974,-0.10494505494505502,0.7710727969348659,0.6910919540229885,-0.07998084291187735,0.5584298601158177,0.4410264281704982,-0.11740343194531955,0.7538461538461538,0.6615384615384615,-0.09230769230769231
ds006036__EO_or_photomark,AD_vs_CN,R2_without_slow_fast,11,65,0.7509578544061304,0.6289401836684041,-0.12201767073772629,0.7744252873563219,0.6772030651340997,-0.09722222222222221,0.5765789785535701,0.41813916056616646,-0.15843981798740364,0.7538461538461538,0.6461538461538462,-0.10769230769230764
ds006036__EO_or_photomark,AD_vs_CN,R2_without_slow_fast,12,65,0.7176640926640926,0.6425000000000001,-0.07516409266409252,0.7466475095785441,0.6944444444444444,-0.05220306513409967,0.5312949953398984,0.4702476981373602,-0.06104729720253821,0.7230769230769231,0.6615384615384615,-0.06153846153846154
ds006036__EO_or_photomark,AD_vs_CN,R2_without_slow_fast,13,65,0.7490347490347491,0.6036585365853658,-0.14537621244938326,0.7777777777777778,0.6666666666666666,-0.11111111111111116,0.5983516452371671,0.4270713489651562,-0.1712802962720109,0.7538461538461538,0.6307692307692307,-0.12307692307692308
ds006036__EO_or_photomark,AD_vs_CN,R2_without_slow_fast,14,65,0.7509578544061304,0.6794871794871795,-0.07147067491895087,0.7744252873563219,0.7222222222222222,-0.05220306513409967,0.5765789785535701,0.5128728387747147,-0.06370613977885542,0.7538461538461538,0.6923076923076923,-0.06153846153846154
ds006036__EO_or_photomark,AD_vs_CN,R2_without_slow_fast,15,65,0.6886973180076628,0.5966741126830479,-0.09202320532461483,0.7121647509578544,0.6460727969348659,-0.06609195402298851,0.4457669938904565,0.3446822810072453,-0.10108471288321119,0.6923076923076923,0.6153846153846154,-0.07692307692307687
ds006036__EO_or_photomark,AD_vs_CN,R2_without_slow_fast,16,65,0.7833333333333334,0.6612062546537603,-0.12212707867957318,0.8022030651340997,0.7083333333333334,-0.0938697318007663,0.6225604977616271,0.49159604012508756,-0.13096445763653958,0.7846153846153846,0.676923076923077,-0.10769230769230764
ds006036__EO_or_photomark,AD_vs_CN,R2_without_slow_fast,17,65,0.7509578544061304,0.6794871794871795,-0.07147067491895087,0.7744252873563219,0.7222222222222222,-0.05220306513409967,0.5765789785535701,0.5128728387747147,-0.06370613977885542,0.7538461538461538,0.6923076923076923,-0.06153846153846154
ds006036__EO_or_photomark,AD_vs_CN,R2_without_slow_fast,18,65,0.6375757575757575,0.6425000000000001,0.004924242424242609,0.6704980842911877,0.6944444444444444,0.023946360153256685,0.37268681831858175,0.4702476981373602,0.09756087981877848,0.6461538461538462,0.6615384615384615,0.01538461538461533
ds006036__EO_or_photomark,AD_vs_CN,R2_without_slow_fast,19,65,0.8153409090909092,0.6794871794871795,-0.13585372960372966,0.8266283524904214,0.7222222222222222,-0.10440613026819923,0.6557740811871776,0.5128728387747147,-0.14290124241246294,0.8153846153846154,0.6923076923076923,-0.12307692307692308
ds006036__EO_or_photomark,AD_vs_CN,R2_without_slow_fast,20,65,0.7490347490347491,0.6425000000000001,-0.10653474903474902,0.7777777777777778,0.6944444444444444,-0.08333333333333337,0.5983516452371671,0.4702476981373602,-0.12810394709980688,0.7538461538461538,0.6615384615384615,-0.09230769230769231
ds006036__EO_or_photomark,AD_vs_CN,R2_without_theta_alpha,1,65,0.7490347490347491,0.6794871794871795,-0.06954756954756958,0.7777777777777778,0.7222222222222222,-0.05555555555555558,0.5983516452371671,0.5128728387747147,-0.08547880646245243,0.7538461538461538,0.6923076923076923,-0.06153846153846154
ds006036__EO_or_photomark,AD_vs_CN,R2_without_theta_alpha,2,65,0.7683535281539557,0.6612062546537603,-0.10714727350019548,0.7849616858237547,0.7083333333333334,-0.07662835249042133,0.5823267176854143,0.49159604012508756,-0.09073067756032677,0.7692307692307693,0.676923076923077,-0.09230769230769231
ds006036__EO_or_photomark,AD_vs_CN,R2_without_theta_alpha,3,65,0.7841555977229602,0.6973780936045086,-0.08677750411845153,0.7988505747126436,0.7361111111111112,-0.06273946360153249,0.6064784348631227,0.5341356811952614,-0.07234275366786125,0.7846153846153846,0.7076923076923077,-0.07692307692307687
ds006036__EO_or_photomark,AD_vs_CN,R2_without_theta_alpha,4,65,0.7362138935306757,0.6973780936045086,-0.038835799926167036,0.757183908045977,0.7361111111111112,-0.021072796934865856,0.5347311365991632,0.5341356811952614,-0.0005954554039017124,0.7384615384615385,0.7076923076923077,-0.03076923076923077
ds006036__EO_or_photomark,AD_vs_CN,R2_without_theta_alpha,5,65,0.6862934362934363,0.6233308138070042,-0.06296262248643214,0.7155172413793103,0.6805555555555556,-0.034961685823754696,0.46423834544262965,0.44876373392787533,-0.015474611514754322,0.6923076923076923,0.6461538461538462,-0.0461538461538461
ds006036__EO_or_photomark,AD_vs_CN,R2_without_theta_alpha,6,65,0.7214285714285715,0.6233308138070042,-0.09809775762156736,0.7399425287356323,0.6805555555555556,-0.059386973180076685,0.49429922247000824,0.44876373392787533,-0.04553548854213291,0.7230769230769231,0.6461538461538462,-0.07692307692307687
ds006036__EO_or_photomark,AD_vs_CN,R2_without_theta_alpha,7,65,0.7374673319078167,0.6655231560891939,-0.07194417581862278,0.7538314176245211,0.7049808429118773,-0.04885057471264376,0.5187111939046547,0.4637121126806732,-0.054999081223981505,0.7384615384615385,0.676923076923077,-0.06153846153846154
ds006036__EO_or_photomark,AD_vs_CN,R2_without_theta_alpha,8,65,0.7692307692307692,0.6794871794871795,-0.08974358974358965,0.7782567049808429,0.7222222222222222,-0.05603448275862066,0.5565134099616859,0.5128728387747147,-0.04364057118697118,0.7692307692307693,0.6923076923076923,-0.07692307692307698
ds006036__EO_or_photomark,AD_vs_CN,R2_without_theta_alpha,9,65,0.7149122807017543,0.6425000000000001,-0.0724122807017542,0.75,0.6944444444444444,-0.05555555555555558,0.5554373396683665,0.4702476981373602,-0.08518964153100628,0.7230769230769231,0.6615384615384615,-0.06153846153846154
ds006036__EO_or_photomark,AD_vs_CN,R2_without_theta_alpha,10,65,0.7523809523809524,0.6474358974358974,-0.10494505494505502,0.7710727969348659,0.6910919540229885,-0.07998084291187735,0.5584298601158177,0.4410264281704982,-0.11740343194531955,0.7538461538461538,0.6615384615384615,-0.09230769230769231
ds006036__EO_or_photomark,AD_vs_CN,R2_without_theta_alpha,11,65,0.7509578544061304,0.6474358974358974,-0.10352195697023303,0.7744252873563219,0.6910919540229885,-0.08333333333333337,0.5765789785535701,0.4410264281704982,-0.1355525503830719,0.7538461538461538,0.6615384615384615,-0.09230769230769231
ds006036__EO_or_photomark,AD_vs_CN,R2_without_theta_alpha,12,65,0.7176640926640926,0.6425000000000001,-0.07516409266409252,0.7466475095785441,0.6944444444444444,-0.05220306513409967,0.5312949953398984,0.4702476981373602,-0.06104729720253821,0.7230769230769231,0.6615384615384615,-0.06153846153846154
ds006036__EO_or_photomark,AD_vs_CN,R2_without_theta_alpha,13,65,0.7490347490347491,0.6036585365853658,-0.14537621244938326,0.7777777777777778,0.6666666666666666,-0.11111111111111116,0.5983516452371671,0.4270713489651562,-0.1712802962720109,0.7538461538461538,0.6307692307692307,-0.12307692307692308
ds006036__EO_or_photomark,AD_vs_CN,R2_without_theta_alpha,14,65,0.7509578544061304,0.6794871794871795,-0.07147067491895087,0.7744252873563219,0.7222222222222222,-0.05220306513409967,0.5765789785535701,0.5128728387747147,-0.06370613977885542,0.7538461538461538,0.6923076923076923,-0.06153846153846154
ds006036__EO_or_photomark,AD_vs_CN,R2_without_theta_alpha,15,65,0.6886973180076628,0.5966741126830479,-0.09202320532461483,0.7121647509578544,0.6460727969348659,-0.06609195402298851,0.4457669938904565,0.3446822810072453,-0.10108471288321119,0.6923076923076923,0.6153846153846154,-0.07692307692307687
ds006036__EO_or_photomark,AD_vs_CN,R2_without_theta_alpha,16,65,0.7833333333333334,0.6612062546537603,-0.12212707867957318,0.8022030651340997,0.7083333333333334,-0.0938697318007663,0.6225604977616271,0.49159604012508756,-0.13096445763653958,0.7846153846153846,0.676923076923077,-0.10769230769230764
ds006036__EO_or_photomark,AD_vs_CN,R2_without_theta_alpha,17,65,0.7509578544061304,0.6612062546537603,-0.08975159975237013,0.7744252873563219,0.7083333333333334,-0.06609195402298851,0.5765789785535701,0.49159604012508756,-0.08498293842848254,0.7538461538461538,0.676923076923077,-0.07692307692307687
ds006036__EO_or_photomark,AD_vs_CN,R2_without_theta_alpha,18,65,0.6375757575757575,0.6425000000000001,0.004924242424242609,0.6704980842911877,0.6944444444444444,0.023946360153256685,0.37268681831858175,0.4702476981373602,0.09756087981877848,0.6461538461538462,0.6615384615384615,0.01538461538461533
ds006036__EO_or_photomark,AD_vs_CN,R2_without_theta_alpha,19,65,0.8153409090909092,0.6794871794871795,-0.13585372960372966,0.8266283524904214,0.7222222222222222,-0.10440613026819923,0.6557740811871776,0.5128728387747147,-0.14290124241246294,0.8153846153846154,0.6923076923076923,-0.12307692307692308
ds006036__EO_or_photomark,AD_vs_CN,R2_without_theta_alpha,20,65,0.7490347490347491,0.6425000000000001,-0.10653474903474902,0.7777777777777778,0.6944444444444444,-0.08333333333333337,0.5983516452371671,0.4702476981373602,-0.12810394709980688,0.7538461538461538,0.6615384615384615,-0.09230769230769231
ds006036__EO_or_photomark,CN_vs_FTD,R2_anterior_posterior_only,1,52,0.6853569987898347,0.7156250000000001,0.030268001210165374,0.6874062968515742,0.7136431784107946,0.026236881559220437,0.4196829012986555,0.4524008999503507,0.032717998651695224,0.7115384615384616,0.7307692307692307,0.019230769230769162
ds006036__EO_or_photomark,CN_vs_FTD,R2_anterior_posterior_only,2,52,0.6941176470588236,0.7450980392156863,0.050980392156862675,0.7001499250374813,0.7436281859070465,0.04347826086956519,0.48681065303350424,0.5588772925123698,0.0720666394788656,0.7307692307692307,0.7692307692307693,0.03846153846153855
ds006036__EO_or_photomark,CN_vs_FTD,R2_anterior_posterior_only,3,52,0.6434045986284792,0.7026143790849673,0.05920978045648806,0.6484257871064467,0.704647676161919,0.05622188905547232,0.3323888578285351,0.4694569257103907,0.1370680678818556,0.6730769230769231,0.7307692307692307,0.0576923076923076
ds006036__EO_or_photomark,CN_vs_FTD,R2_anterior_posterior_only,4,52,0.7026143790849673,0.7097288676236045,0.007114488538637276,0.704647676161919,0.7091454272863569,0.004497751124437843,0.4694569257103907,0.4585585492710023,-0.010898376439388402,0.7307692307692307,0.7307692307692307,0.0
ds006036__EO_or_photomark,CN_vs_FTD,R2_anterior_posterior_only,5,52,0.6941176470588236,0.7273093989511898,0.03319175189236623,0.7001499250374813,0.7263868065967016,0.026236881559220326,0.48681065303350424,0.5069769447687759,0.020166291735271624,0.7307692307692307,0.75,0.019230769230769273
ds006036__EO_or_photomark,CN_vs_FTD,R2_anterior_posterior_only,6,52,0.6504201680672269,0.6601307189542482,0.00971055088702133,0.6611694152923538,0.6656671664167916,0.004497751124437732,0.3920010876487019,0.38003655890841154,-0.011964528740290359,0.6923076923076923,0.6923076923076923,0.0
ds006036__EO_or_photomark,CN_vs_FTD,R2_anterior_posterior_only,7,52,0.6941176470588236,0.7097288676236045,0.015611220564780925,0.7001499250374813,0.7091454272863569,0.008995502248875575,0.48681065303350424,0.4585585492710023,-0.028252103762501923,0.7307692307692307,0.7307692307692307,0.0
ds006036__EO_or_photomark,CN_vs_FTD,R2_anterior_posterior_only,8,52,0.7450980392156863,0.7333333333333334,-0.0117647058823529,0.7436281859070465,0.7308845577211394,-0.01274362818590713,0.5588772925123698,0.49690865112501836,-0.061968641387351475,0.7692307692307693,0.75,-0.019230769230769273
ds006036__EO_or_photomark,CN_vs_FTD,R2_anterior_posterior_only,9,52,0.5783183952198037,0.7875816993464052,0.20926330412660155,0.6004497751124438,0.7826086956521738,0.18215892053973004,0.25317291159795896,0.648297659314349,0.39512474771639006,0.6346153846153846,0.8076923076923077,0.17307692307692313
ds006036__EO_or_photomark,CN_vs_FTD,R2_anterior_posterior_only,10,52,0.7097288676236045,0.7062146892655368,-0.0035141783580677766,0.7091454272863569,0.7053973013493253,-0.0037481259370315545,0.4585585492710023,0.4129673131452531,-0.045591236125749224,0.7307692307692307,0.7115384615384616,-0.019230769230769162
ds006036__EO_or_photomark,CN_vs_FTD,R2_anterior_posterior_only,11,52,0.6941176470588236,0.6504201680672269,-0.043697478991596705,0.7001499250374813,0.6611694152923538,-0.038980509745127456,0.48681065303350424,0.3920010876487019,-0.09480956538480234,0.7307692307692307,0.6923076923076923,-0.038461538461538436
ds006036__EO_or_photomark,CN_vs_FTD,R2_anterior_posterior_only,12,52,0.6853569987898347,0.7333333333333334,0.0479763345434987,0.6874062968515742,0.7308845577211394,0.04347826086956519,0.4196829012986555,0.49690865112501836,0.07722574982636288,0.7115384615384616,0.75,0.038461538461538436
ds006036__EO_or_photomark,CN_vs_FTD,R2_anterior_posterior_only,13,52,0.7200828157349897,0.7097288676236045,-0.010353948111385125,0.7218890554722639,0.7091454272863569,-0.012743628185907019,0.5231282523586277,0.4585585492710023,-0.06456970308762539,0.75,0.7307692307692307,-0.019230769230769273
ds006036__EO_or_photomark,CN_vs_FTD,R2_anterior_posterior_only,14,52,0.6853569987898347,0.6682615629984051,-0.01709543579142958,0.6874062968515742,0.6701649175412294,-0.01724137931034475,0.4196829012986555,0.3730924397294535,-0.04659046156920199,0.7115384615384616,0.6923076923076923,-0.019230769230769273
ds006036__EO_or_photomark,CN_vs_FTD,R2_anterior_posterior_only,15,52,0.7511961722488039,0.7273093989511898,-0.023886773297614017,0.7481259370314842,0.7263868065967016,-0.021739130434782594,0.5440246588125511,0.5069769447687759,-0.03704771404377527,0.7692307692307693,0.75,-0.019230769230769273
ds006036__EO_or_photomark,CN_vs_FTD,R2_anterior_posterior_only,16,52,0.7743589743589744,0.75625,-0.018108974358974406,0.7698650674662668,0.7526236881559221,-0.01724137931034475,0.5808023194967747,0.534944222046555,-0.04585809745021974,0.7884615384615384,0.7692307692307693,-0.019230769230769162
ds006036__EO_or_photomark,CN_vs_FTD,R2_anterior_posterior_only,17,52,0.7156250000000001,0.7273093989511898,0.011684398951189778,0.7136431784107946,0.7263868065967016,0.012743628185907019,0.4524008999503507,0.5069769447687759,0.05457604481842515,0.7307692307692307,0.75,0.019230769230769273
ds006036__EO_or_photomark,CN_vs_FTD,R2_anterior_posterior_only,18,52,0.7156250000000001,0.7273093989511898,0.011684398951189778,0.7136431784107946,0.7263868065967016,0.012743628185907019,0.4524008999503507,0.5069769447687759,0.05457604481842515,0.7307692307692307,0.75,0.019230769230769273
ds006036__EO_or_photomark,CN_vs_FTD,R2_anterior_posterior_only,19,52,0.7273093989511898,0.7273093989511898,0.0,0.7263868065967016,0.7263868065967016,0.0,0.5069769447687759,0.5069769447687759,0.0,0.75,0.75,0.0
ds006036__EO_or_photomark,CN_vs_FTD,R2_anterior_posterior_only,20,52,0.6770186335403726,0.7511961722488039,0.07417753870843125,0.6829085457271364,0.7481259370314842,0.06521739130434778,0.43122734316049044,0.5440246588125511,0.11279731565206069,0.7115384615384616,0.7692307692307693,0.05769230769230771
ds006036__EO_or_photomark,CN_vs_FTD,R2_slow_fast_only,1,52,0.6853569987898347,0.7114317425083241,0.02607474371848939,0.6874062968515742,0.7188905547226387,0.03148425787106457,0.4196829012986555,0.436149418678647,0.016466517379991497,0.7115384615384616,0.7115384615384616,0.0
ds006036__EO_or_photomark,CN_vs_FTD,R2_slow_fast_only,2,52,0.6941176470588236,0.7678571428571428,0.07373949579831918,0.7001499250374813,0.7706146926536732,0.07046476761619191,0.48681065303350424,0.5380125402585747,0.051201887225070464,0.7307692307692307,0.7692307692307693,0.03846153846153855
ds006036__EO_or_photomark,CN_vs_FTD,R2_slow_fast_only,3,52,0.6434045986284792,0.6923076923076923,0.04890309367921308,0.6484257871064467,0.7016491754122939,0.053223388305847164,0.3323888578285351,0.4032983508245877,0.07090949299605259,0.6730769230769231,0.6923076923076923,0.019230769230769162
ds006036__EO_or_photomark,CN_vs_FTD,R2_slow_fast_only,4,52,0.7026143790849673,0.6700261291526689,-0.03258824993229836,0.704647676161919,0.6709145427286357,-0.033733133433283324,0.4694569257103907,0.34055502554360106,-0.12890190016678965,0.7307692307692307,0.6730769230769231,-0.0576923076923076
ds006036__EO_or_photomark,CN_vs_FTD,R2_slow_fast_only,5,52,0.6941176470588236,0.7678571428571428,0.07373949579831918,0.7001499250374813,0.7706146926536732,0.07046476761619191,0.48681065303350424,0.5380125402585747,0.051201887225070464,0.7307692307692307,0.7692307692307693,0.03846153846153855
ds006036__EO_or_photomark,CN_vs_FTD,R2_slow_fast_only,6,52,0.6504201680672269,0.7678571428571428,0.11743697478991588,0.6611694152923538,0.7706146926536732,0.10944527736131937,0.3920010876487019,0.5380125402585747,0.1460114526098728,0.6923076923076923,0.7692307692307693,0.07692307692307698
ds006036__EO_or_photomark,CN_vs_FTD,R2_slow_fast_only,7,52,0.6941176470588236,0.7678571428571428,0.07373949579831918,0.7001499250374813,0.7706146926536732,0.07046476761619191,0.48681065303350424,0.5380125402585747,0.051201887225070464,0.7307692307692307,0.7692307692307693,0.03846153846153855
ds006036__EO_or_photomark,CN_vs_FTD,R2_slow_fast_only,8,52,0.7450980392156863,0.7678571428571428,0.022759103641456502,0.7436281859070465,0.7706146926536732,0.026986506746626726,0.5588772925123698,0.5380125402585747,-0.020864752253795138,0.7692307692307693,0.7692307692307693,0.0
ds006036__EO_or_photomark,CN_vs_FTD,R2_slow_fast_only,9,52,0.5783183952198037,0.7114317425083241,0.13311334728852042,0.6004497751124438,0.7188905547226387,0.11844077961019495,0.25317291159795896,0.436149418678647,0.18297650708068802,0.6346153846153846,0.7115384615384616,0.07692307692307698
ds006036__EO_or_photomark,CN_vs_FTD,R2_slow_fast_only,10,52,0.7097288676236045,0.6923076923076923,-0.017421175315912252,0.7091454272863569,0.7016491754122939,-0.007496251874062998,0.4585585492710023,0.4032983508245877,-0.05526019844641461,0.7307692307692307,0.6923076923076923,-0.038461538461538436
ds006036__EO_or_photomark,CN_vs_FTD,R2_slow_fast_only,11,52,0.6941176470588236,0.749165120593692,0.055047473534868385,0.7001499250374813,0.7533733133433284,0.05322338830584705,0.48681065303350424,0.5033620102305381,0.016551357197033822,0.7307692307692307,0.75,0.019230769230769273
ds006036__EO_or_photomark,CN_vs_FTD,R2_slow_fast_only,12,52,0.6853569987898347,0.749165120593692,0.06380812180385731,0.6874062968515742,0.7533733133433284,0.06596701649175418,0.4196829012986555,0.5033620102305381,0.08367910893188257,0.7115384615384616,0.75,0.038461538461538436
ds006036__EO_or_photomark,CN_vs_FTD,R2_slow_fast_only,13,52,0.7200828157349897,0.749165120593692,0.029082304858702335,0.7218890554722639,0.7533733133433284,0.03148425787106446,0.5231282523586277,0.5033620102305381,-0.01976624212808964,0.75,0.75,0.0
ds006036__EO_or_photomark,CN_vs_FTD,R2_slow_fast_only,14,52,0.6853569987898347,0.749165120593692,0.06380812180385731,0.6874062968515742,0.7533733133433284,0.06596701649175418,0.4196829012986555,0.5033620102305381,0.08367910893188257,0.7115384615384616,0.75,0.038461538461538436
ds006036__EO_or_photomark,CN_vs_FTD,R2_slow_fast_only,15,52,0.7511961722488039,0.749165120593692,-0.0020310516551118596,0.7481259370314842,0.7533733133433284,0.005247376311844132,0.5440246588125511,0.5033620102305381,-0.04066264858201307,0.7692307692307693,0.75,-0.019230769230769273
ds006036__EO_or_photomark,CN_vs_FTD,R2_slow_fast_only,16,52,0.7743589743589744,0.7678571428571428,-0.00650183150183159,0.7698650674662668,0.7706146926536732,0.0007496251874063997,0.5808023194967747,0.5380125402585747,-0.04278977923820004,0.7884615384615384,0.7692307692307693,-0.019230769230769162
ds006036__EO_or_photomark,CN_vs_FTD,R2_slow_fast_only,17,52,0.7156250000000001,0.7678571428571428,0.05223214285714273,0.7136431784107946,0.7706146926536732,0.05697151424287861,0.4524008999503507,0.5380125402585747,0.08561164030822399,0.7307692307692307,0.7692307692307693,0.03846153846153855
ds006036__EO_or_photomark,CN_vs_FTD,R2_slow_fast_only,18,52,0.7156250000000001,0.749165120593692,0.033540120593691936,0.7136431784107946,0.7533733133433284,0.039730134932533745,0.4524008999503507,0.5033620102305381,0.05096111028018735,0.7307692307692307,0.75,0.019230769230769273
ds006036__EO_or_photomark,CN_vs_FTD,R2_slow_fast_only,19,52,0.7273093989511898,0.7114317425083241,-0.015877656442865762,0.7263868065967016,0.7188905547226387,-0.007496251874062887,0.5069769447687759,0.436149418678647,-0.07082752609012888,0.75,0.7115384615384616,-0.038461538461538436
ds006036__EO_or_photomark,CN_vs_FTD,R2_slow_fast_only,20,52,0.6770186335403726,0.7303703703703703,0.05335173682999772,0.6829085457271364,0.7361319340329835,0.05322338830584705,0.43122734316049044,0.4694569257103907,0.038229582549900276,0.7115384615384616,0.7307692307692307,0.019230769230769162
ds006036__EO_or_photomark,CN_vs_FTD,R2_theta_alpha_only,1,52,0.6853569987898347,0.7678571428571428,0.0825001440673081,0.6874062968515742,0.7706146926536732,0.08320839580209904,0.4196829012986555,0.5380125402585747,0.11832963895991921,0.7115384615384616,0.7692307692307693,0.05769230769230771
ds006036__EO_or_photomark,CN_vs_FTD,R2_theta_alpha_only,2,52,0.6941176470588236,0.7678571428571428,0.07373949579831918,0.7001499250374813,0.7706146926536732,0.07046476761619191,0.48681065303350424,0.5380125402585747,0.051201887225070464,0.7307692307692307,0.7692307692307693,0.03846153846153855
ds006036__EO_or_photomark,CN_vs_FTD,R2_theta_alpha_only,3,52,0.6434045986284792,0.749165120593692,0.1057605219652128,0.6484257871064467,0.7533733133433284,0.10494752623688164,0.3323888578285351,0.5033620102305381,0.17097315240200295,0.6730769230769231,0.75,0.07692307692307687
ds006036__EO_or_photomark,CN_vs_FTD,R2_theta_alpha_only,4,52,0.7026143790849673,0.749165120593692,0.046550741508724736,0.704647676161919,0.7533733133433284,0.04872563718140932,0.4694569257103907,0.5033620102305381,0.033905084520147344,0.7307692307692307,0.75,0.019230769230769273
ds006036__EO_or_photomark,CN_vs_FTD,R2_theta_alpha_only,5,52,0.6941176470588236,0.7678571428571428,0.07373949579831918,0.7001499250374813,0.7706146926536732,0.07046476761619191,0.48681065303350424,0.5380125402585747,0.051201887225070464,0.7307692307692307,0.7692307692307693,0.03846153846153855
ds006036__EO_or_photomark,CN_vs_FTD,R2_theta_alpha_only,6,52,0.6504201680672269,0.7678571428571428,0.11743697478991588,0.6611694152923538,0.7706146926536732,0.10944527736131937,0.3920010876487019,0.5380125402585747,0.1460114526098728,0.6923076923076923,0.7692307692307693,0.07692307692307698
ds006036__EO_or_photomark,CN_vs_FTD,R2_theta_alpha_only,7,52,0.6941176470588236,0.7678571428571428,0.07373949579831918,0.7001499250374813,0.7706146926536732,0.07046476761619191,0.48681065303350424,0.5380125402585747,0.051201887225070464,0.7307692307692307,0.7692307692307693,0.03846153846153855
ds006036__EO_or_photomark,CN_vs_FTD,R2_theta_alpha_only,8,52,0.7450980392156863,0.7678571428571428,0.022759103641456502,0.7436281859070465,0.7706146926536732,0.026986506746626726,0.5588772925123698,0.5380125402585747,-0.020864752253795138,0.7692307692307693,0.7692307692307693,0.0
ds006036__EO_or_photomark,CN_vs_FTD,R2_theta_alpha_only,9,52,0.5783183952198037,0.749165120593692,0.17084672537388834,0.6004497751124438,0.7533733133433284,0.15292353823088456,0.25317291159795896,0.5033620102305381,0.2501890986325791,0.6346153846153846,0.75,0.11538461538461542
ds006036__EO_or_photomark,CN_vs_FTD,R2_theta_alpha_only,10,52,0.7097288676236045,0.7678571428571428,0.05812827523353825,0.7091454272863569,0.7706146926536732,0.06146926536731634,0.4585585492710023,0.5380125402585747,0.07945399098757239,0.7307692307692307,0.7692307692307693,0.03846153846153855
ds006036__EO_or_photomark,CN_vs_FTD,R2_theta_alpha_only,11,52,0.6941176470588236,0.749165120593692,0.055047473534868385,0.7001499250374813,0.7533733133433284,0.05322338830584705,0.48681065303350424,0.5033620102305381,0.016551357197033822,0.7307692307692307,0.75,0.019230769230769273
ds006036__EO_or_photomark,CN_vs_FTD,R2_theta_alpha_only,12,52,0.6853569987898347,0.749165120593692,0.06380812180385731,0.6874062968515742,0.7533733133433284,0.06596701649175418,0.4196829012986555,0.5033620102305381,0.08367910893188257,0.7115384615384616,0.75,0.038461538461538436
ds006036__EO_or_photomark,CN_vs_FTD,R2_theta_alpha_only,13,52,0.7200828157349897,0.749165120593692,0.029082304858702335,0.7218890554722639,0.7533733133433284,0.03148425787106446,0.5231282523586277,0.5033620102305381,-0.01976624212808964,0.75,0.75,0.0
ds006036__EO_or_photomark,CN_vs_FTD,R2_theta_alpha_only,14,52,0.6853569987898347,0.749165120593692,0.06380812180385731,0.6874062968515742,0.7533733133433284,0.06596701649175418,0.4196829012986555,0.5033620102305381,0.08367910893188257,0.7115384615384616,0.75,0.038461538461538436
ds006036__EO_or_photomark,CN_vs_FTD,R2_theta_alpha_only,15,52,0.7511961722488039,0.749165120593692,-0.0020310516551118596,0.7481259370314842,0.7533733133433284,0.005247376311844132,0.5440246588125511,0.5033620102305381,-0.04066264858201307,0.7692307692307693,0.75,-0.019230769230769273
ds006036__EO_or_photomark,CN_vs_FTD,R2_theta_alpha_only,16,52,0.7743589743589744,0.7678571428571428,-0.00650183150183159,0.7698650674662668,0.7706146926536732,0.0007496251874063997,0.5808023194967747,0.5380125402585747,-0.04278977923820004,0.7884615384615384,0.7692307692307693,-0.019230769230769162
ds006036__EO_or_photomark,CN_vs_FTD,R2_theta_alpha_only,17,52,0.7156250000000001,0.7678571428571428,0.05223214285714273,0.7136431784107946,0.7706146926536732,0.05697151424287861,0.4524008999503507,0.5380125402585747,0.08561164030822399,0.7307692307692307,0.7692307692307693,0.03846153846153855
ds006036__EO_or_photomark,CN_vs_FTD,R2_theta_alpha_only,18,52,0.7156250000000001,0.749165120593692,0.033540120593691936,0.7136431784107946,0.7533733133433284,0.039730134932533745,0.4524008999503507,0.5033620102305381,0.05096111028018735,0.7307692307692307,0.75,0.019230769230769273
ds006036__EO_or_photomark,CN_vs_FTD,R2_theta_alpha_only,19,52,0.7273093989511898,0.7678571428571428,0.04054774390595295,0.7263868065967016,0.7706146926536732,0.04422788605697159,0.5069769447687759,0.5380125402585747,0.03103559548979884,0.75,0.7692307692307693,0.019230769230769273
ds006036__EO_or_photomark,CN_vs_FTD,R2_theta_alpha_only,20,52,0.6770186335403726,0.749165120593692,0.07214648705331939,0.6829085457271364,0.7533733133433284,0.07046476761619191,0.43122734316049044,0.5033620102305381,0.07213466707004762,0.7115384615384616,0.75,0.038461538461538436
ds006036__EO_or_photomark,CN_vs_FTD,R2_without_anterior_posterior,1,52,0.6853569987898347,0.6601307189542482,-0.02522627983558645,0.6874062968515742,0.6656671664167916,-0.021739130434782594,0.4196829012986555,0.38003655890841154,-0.03964634239024395,0.7115384615384616,0.6923076923076923,-0.019230769230769273
ds006036__EO_or_photomark,CN_vs_FTD,R2_without_anterior_posterior,2,52,0.6941176470588236,0.59375,-0.10036764705882362,0.7001499250374813,0.6176911544227885,-0.08245877061469276,0.48681065303350424,0.30901620375448124,-0.177794449279023,0.7307692307692307,0.6538461538461539,-0.07692307692307687
ds006036__EO_or_photomark,CN_vs_FTD,R2_without_anterior_posterior,3,52,0.6434045986284792,0.6504201680672269,0.007015569438747704,0.6484257871064467,0.6611694152923538,0.01274362818590713,0.3323888578285351,0.3920010876487019,0.059612229820166784,0.6730769230769231,0.6923076923076923,0.019230769230769162
ds006036__EO_or_photomark,CN_vs_FTD,R2_without_anterior_posterior,4,52,0.7026143790849673,0.6174990321331785,-0.0851153469517888,0.704647676161919,0.618440779610195,-0.08620689655172409,0.4694569257103907,0.24729677851009946,-0.22216014720029126,0.7307692307692307,0.6346153846153846,-0.09615384615384615
ds006036__EO_or_photomark,CN_vs_FTD,R2_without_anterior_posterior,5,52,0.6941176470588236,0.6067226890756302,-0.08739495798319341,0.7001499250374813,0.6221889055472264,-0.07796101949025491,0.48681065303350424,0.2971915222638996,-0.18961913076960463,0.7307692307692307,0.6538461538461539,-0.07692307692307687
ds006036__EO_or_photomark,CN_vs_FTD,R2_without_anterior_posterior,6,52,0.6504201680672269,0.48468468468468473,-0.16573548338254218,0.6611694152923538,0.5352323838080959,-0.12593703148425794,0.3920010876487019,0.10253677742003489,-0.28946431022866703,0.6923076923076923,0.5769230769230769,-0.11538461538461542
ds006036__EO_or_photomark,CN_vs_FTD,R2_without_anterior_posterior,7,52,0.6941176470588236,0.6067226890756302,-0.08739495798319341,0.7001499250374813,0.6221889055472264,-0.07796101949025491,0.48681065303350424,0.2971915222638996,-0.18961913076960463,0.7307692307692307,0.6538461538461539,-0.07692307692307687
ds006036__EO_or_photomark,CN_vs_FTD,R2_without_anterior_posterior,8,52,0.7450980392156863,0.5339308578745199,-0.2111671813411664,0.7436281859070465,0.5614692653673163,-0.18215892053973015,0.5588772925123698,0.15492670709725848,-0.40395058541511136,0.7692307692307693,0.5961538461538461,-0.17307692307692313
ds006036__EO_or_photomark,CN_vs_FTD,R2_without_anterior_posterior,9,52,0.5783183952198037,0.6339544513457558,0.05563605612595213,0.6004497751124438,0.643928035982009,0.04347826086956519,0.25317291159795896,0.3393264339623531,0.08615352236439416,0.6346153846153846,0.6730769230769231,0.03846153846153855
ds006036__EO_or_photomark,CN_vs_FTD,R2_without_anterior_posterior,10,52,0.7097288676236045,0.6339544513457558,-0.07577441627784876,0.7091454272863569,0.643928035982009,-0.0652173913043479,0.4585585492710023,0.3393264339623531,-0.11923211530864919,0.7307692307692307,0.6730769230769231,-0.0576923076923076
ds006036__EO_or_photomark,CN_vs_FTD,R2_without_anterior_posterior,11,52,0.6941176470588236,0.6770186335403726,-0.017099013518451,0.7001499250374813,0.6829085457271364,-0.017241379310344862,0.48681065303350424,0.43122734316049044,-0.0555833098730138,0.7307692307692307,0.7115384615384616,-0.019230769230769162
ds006036__EO_or_photomark,CN_vs_FTD,R2_without_anterior_posterior,12,52,0.6853569987898347,0.6512820512820514,-0.03407494750778328,0.6874062968515742,0.6529235382308846,-0.03448275862068961,0.4196829012986555,0.32912131438150566,-0.09056158691714983,0.7115384615384616,0.6730769230769231,-0.038461538461538436
ds006036__EO_or_photomark,CN_vs_FTD,R2_without_anterior_posterior,13,52,0.7200828157349897,0.6629813191002669,-0.05710149663472275,0.7218890554722639,0.6619190404797601,-0.05997001499250376,0.5231282523586277,0.3305984759853531,-0.19252977637327462,0.75,0.6730769230769231,-0.07692307692307687
ds006036__EO_or_photomark,CN_vs_FTD,R2_without_anterior_posterior,14,52,0.6853569987898347,0.6980255516840883,0.012668552894253615,0.6874062968515742,0.6964017991004497,0.008995502248875575,0.4196829012986555,0.4100744048711776,-0.009608496427477908,0.7115384615384616,0.7115384615384616,0.0
ds006036__EO_or_photomark,CN_vs_FTD,R2_without_anterior_posterior,15,52,0.7511961722488039,0.6434045986284792,-0.10779157362032465,0.7481259370314842,0.6484257871064467,-0.0997001499250375,0.5440246588125511,0.3323888578285351,-0.21163580098401602,0.7692307692307693,0.6730769230769231,-0.09615384615384615
ds006036__EO_or_photomark,CN_vs_FTD,R2_without_anterior_posterior,16,52,0.7743589743589744,0.638888888888889,-0.13547008547008543,0.7698650674662668,0.656671664167916,-0.11319340329835081,0.5808023194967747,0.4113655196476852,-0.16943679984908955,0.7884615384615384,0.6923076923076923,-0.09615384615384615
ds006036__EO_or_photomark,CN_vs_FTD,R2_without_anterior_posterior,17,52,0.7156250000000001,0.5783183952198037,-0.1373066047801964,0.7136431784107946,0.6004497751124438,-0.11319340329835081,0.4524008999503507,0.25317291159795896,-0.19922798835239175,0.7307692307692307,0.6346153846153846,-0.09615384615384615
ds006036__EO_or_photomark,CN_vs_FTD,R2_without_anterior_posterior,18,52,0.7156250000000001,0.6227059325650874,-0.09291906743491263,0.7136431784107946,0.6394302848575713,-0.07421289355322336,0.4524008999503507,0.35141911609865945,-0.10098178385169126,0.7307692307692307,0.6730769230769231,-0.0576923076923076
ds006036__EO_or_photomark,CN_vs_FTD,R2_without_anterior_posterior,19,52,0.7273093989511898,0.6804915514592934,-0.046817847491896436,0.7263868065967016,0.6791604197901049,-0.04722638680659674,0.5069769447687759,0.36957383245980413,-0.13740311230897173,0.75,0.6923076923076923,-0.05769230769230771
ds006036__EO_or_photomark,CN_vs_FTD,R2_without_anterior_posterior,20,52,0.6770186335403726,0.7636363636363636,0.08661773009599094,0.6829085457271364,0.7616191904047975,0.07871064467766109,0.43122734316049044,0.5296293154951603,0.09840197233466991,0.7115384615384616,0.7692307692307693,0.05769230769230771
ds006036__EO_or_photomark,CN_vs_FTD,R2_without_frontal_theta_occipital_alpha,1,52,0.6853569987898347,0.6601307189542482,-0.02522627983558645,0.6874062968515742,0.6656671664167916,-0.021739130434782594,0.4196829012986555,0.38003655890841154,-0.03964634239024395,0.7115384615384616,0.6923076923076923,-0.019230769230769273
ds006036__EO_or_photomark,CN_vs_FTD,R2_without_frontal_theta_occipital_alpha,2,52,0.6941176470588236,0.6670934699103712,-0.0270241771484524,0.7001499250374813,0.6784107946026987,-0.021739130434782594,0.48681065303350424,0.44966532059935993,-0.03714533243414431,0.7307692307692307,0.7115384615384616,-0.019230769230769162
ds006036__EO_or_photomark,CN_vs_FTD,R2_without_frontal_theta_occipital_alpha,3,52,0.6434045986284792,0.6176470588235294,-0.02575753980494977,0.6484257871064467,0.6266866566716641,-0.021739130434782594,0.3323888578285351,0.29061619210643236,-0.04177266572210275,0.6730769230769231,0.6538461538461539,-0.019230769230769273
ds006036__EO_or_photomark,CN_vs_FTD,R2_without_frontal_theta_occipital_alpha,4,52,0.7026143790849673,0.7026143790849673,0.0,0.704647676161919,0.704647676161919,0.0,0.4694569257103907,0.4694569257103907,0.0,0.7307692307692307,0.7307692307692307,0.0
ds006036__EO_or_photomark,CN_vs_FTD,R2_without_frontal_theta_occipital_alpha,5,52,0.6941176470588236,0.7026143790849673,0.00849673202614365,0.7001499250374813,0.704647676161919,0.004497751124437732,0.48681065303350424,0.4694569257103907,-0.01735372732311352,0.7307692307692307,0.7307692307692307,0.0
ds006036__EO_or_photomark,CN_vs_FTD,R2_without_frontal_theta_occipital_alpha,6,52,0.6504201680672269,0.6601307189542482,0.00971055088702133,0.6611694152923538,0.6656671664167916,0.004497751124437732,0.3920010876487019,0.38003655890841154,-0.011964528740290359,0.6923076923076923,0.6923076923076923,0.0
ds006036__EO_or_photomark,CN_vs_FTD,R2_without_frontal_theta_occipital_alpha,7,52,0.6941176470588236,0.6941176470588236,0.0,0.7001499250374813,0.7001499250374813,0.0,0.48681065303350424,0.48681065303350424,0.0,0.7307692307692307,0.7307692307692307,0.0
ds006036__EO_or_photomark,CN_vs_FTD,R2_without_frontal_theta_occipital_alpha,8,52,0.7450980392156863,0.7450980392156863,0.0,0.7436281859070465,0.7436281859070465,0.0,0.5588772925123698,0.5588772925123698,0.0,0.7692307692307693,0.7692307692307693,0.0
ds006036__EO_or_photomark,CN_vs_FTD,R2_without_frontal_theta_occipital_alpha,9,52,0.5783183952198037,0.5339308578745199,-0.04438753734528378,0.6004497751124438,0.5614692653673163,-0.038980509745127456,0.25317291159795896,0.15492670709725848,-0.09824620450070048,0.6346153846153846,0.5961538461538461,-0.038461538461538436
ds006036__EO_or_photomark,CN_vs_FTD,R2_without_frontal_theta_occipital_alpha,10,52,0.7097288676236045,0.6853569987898347,-0.02437186883376985,0.7091454272863569,0.6874062968515742,-0.021739130434782705,0.4585585492710023,0.4196829012986555,-0.03887564797234683,0.7307692307692307,0.7115384615384616,-0.019230769230769162
ds006036__EO_or_photomark,CN_vs_FTD,R2_without_frontal_theta_occipital_alpha,11,52,0.6941176470588236,0.6941176470588236,0.0,0.7001499250374813,0.7001499250374813,0.0,0.48681065303350424,0.48681065303350424,0.0,0.7307692307692307,0.7307692307692307,0.0
ds006036__EO_or_photomark,CN_vs_FTD,R2_without_frontal_theta_occipital_alpha,12,52,0.6853569987898347,0.6434045986284792,-0.041952400161355485,0.6874062968515742,0.6484257871064467,-0.038980509745127456,0.4196829012986555,0.3323888578285351,-0.08729404347012037,0.7115384615384616,0.6730769230769231,-0.038461538461538436
ds006036__EO_or_photomark,CN_vs_FTD,R2_without_frontal_theta_occipital_alpha,13,52,0.7200828157349897,0.6601307189542482,-0.059952096780741426,0.7218890554722639,0.6656671664167916,-0.05622188905547232,0.5231282523586277,0.38003655890841154,-0.14309169345021616,0.75,0.6923076923076923,-0.05769230769230771
ds006036__EO_or_photomark,CN_vs_FTD,R2_without_frontal_theta_occipital_alpha,14,52,0.6853569987898347,0.7026143790849673,0.017257380295132574,0.6874062968515742,0.704647676161919,0.017241379310344862,0.4196829012986555,0.4694569257103907,0.04977402441173523,0.7115384615384616,0.7307692307692307,0.019230769230769162
ds006036__EO_or_photomark,CN_vs_FTD,R2_without_frontal_theta_occipital_alpha,15,52,0.7511961722488039,0.7382888114595432,-0.012907360789260691,0.7481259370314842,0.7353823088455772,-0.012743628185907019,0.5440246588125511,0.4914632180517166,-0.05256144076083452,0.7692307692307693,0.75,-0.019230769230769273
ds006036__EO_or_photomark,CN_vs_FTD,R2_without_frontal_theta_occipital_alpha,16,52,0.7743589743589744,0.7743589743589744,0.0,0.7698650674662668,0.7698650674662668,0.0,0.5808023194967747,0.5808023194967747,0.0,0.7884615384615384,0.7884615384615384,0.0
ds006036__EO_or_photomark,CN_vs_FTD,R2_without_frontal_theta_occipital_alpha,17,52,0.7156250000000001,0.6980255516840883,-0.01759944831591176,0.7136431784107946,0.6964017991004497,-0.017241379310344862,0.4524008999503507,0.4100744048711776,-0.04232649507917313,0.7307692307692307,0.7115384615384616,-0.019230769230769162
ds006036__EO_or_photomark,CN_vs_FTD,R2_without_frontal_theta_occipital_alpha,18,52,0.7156250000000001,0.6923076923076923,-0.023317307692307776,0.7136431784107946,0.6919040479760119,-0.021739130434782705,0.4524008999503507,0.41301498275326204,-0.03938591719708867,0.7307692307692307,0.7115384615384616,-0.019230769230769162
ds006036__EO_or_photomark,CN_vs_FTD,R2_without_frontal_theta_occipital_alpha,19,52,0.7273093989511898,0.7273093989511898,0.0,0.7263868065967016,0.7263868065967016,0.0,0.5069769447687759,0.5069769447687759,0.0,0.75,0.75,0.0
ds006036__EO_or_photomark,CN_vs_FTD,R2_without_frontal_theta_occipital_alpha,20,52,0.6770186335403726,0.6770186335403726,0.0,0.6829085457271364,0.6829085457271364,0.0,0.43122734316049044,0.43122734316049044,0.0,0.7115384615384616,0.7115384615384616,0.0
ds006036__EO_or_photomark,CN_vs_FTD,R2_without_slow_fast,1,52,0.6853569987898347,0.59375,-0.09160699878983469,0.6874062968515742,0.6176911544227885,-0.06971514242878563,0.4196829012986555,0.30901620375448124,-0.11066669754417424,0.7115384615384616,0.6538461538461539,-0.05769230769230771
ds006036__EO_or_photomark,CN_vs_FTD,R2_without_slow_fast,2,52,0.6941176470588236,0.6840277777777778,-0.010089869281045827,0.7001499250374813,0.6956521739130435,-0.004497751124437843,0.48681065303350424,0.5137148355408891,0.02690418250738491,0.7307692307692307,0.7307692307692307,0.0
ds006036__EO_or_photomark,CN_vs_FTD,R2_without_slow_fast,3,52,0.6434045986284792,0.6093680954485197,-0.03403650317995954,0.6484257871064467,0.6349325337331335,-0.013493253373313197,0.3323888578285351,0.3714824117331375,0.039093553904602396,0.6730769230769231,0.6730769230769231,0.0
ds006036__EO_or_photomark,CN_vs_FTD,R2_without_slow_fast,4,52,0.7026143790849673,0.638888888888889,-0.06372549019607832,0.704647676161919,0.656671664167916,-0.04797601199400303,0.4694569257103907,0.4113655196476852,-0.05809140606270552,0.7307692307692307,0.6923076923076923,-0.038461538461538436
ds006036__EO_or_photomark,CN_vs_FTD,R2_without_slow_fast,5,52,0.6941176470588236,0.7114810072556552,0.0173633601968316,0.7001499250374813,0.717391304347826,0.01724137931034475,0.48681065303350424,0.5479115251000605,0.06110087206655623,0.7307692307692307,0.75,0.019230769230769273
ds006036__EO_or_photomark,CN_vs_FTD,R2_without_slow_fast,6,52,0.6504201680672269,0.6840277777777778,0.03360760971055088,0.6611694152923538,0.6956521739130435,0.03448275862068961,0.3920010876487019,0.5137148355408891,0.12171374789218725,0.6923076923076923,0.7307692307692307,0.038461538461538436
ds006036__EO_or_photomark,CN_vs_FTD,R2_without_slow_fast,7,52,0.6941176470588236,0.6252252252252253,-0.06889242183359834,0.7001499250374813,0.6521739130434783,-0.04797601199400303,0.48681065303350424,0.4428716131120656,-0.04393903992143866,0.7307692307692307,0.6923076923076923,-0.038461538461538436
ds006036__EO_or_photomark,CN_vs_FTD,R2_without_slow_fast,8,52,0.7450980392156863,0.6840277777777778,-0.0610702614379085,0.7436281859070465,0.6956521739130435,-0.04797601199400303,0.5588772925123698,0.5137148355408891,-0.04516245697148069,0.7692307692307693,0.7307692307692307,-0.03846153846153855
ds006036__EO_or_photomark,CN_vs_FTD,R2_without_slow_fast,9,52,0.5783183952198037,0.59375,0.01543160478019634,0.6004497751124438,0.6176911544227885,0.01724137931034475,0.25317291159795896,0.30901620375448124,0.055843292156522284,0.6346153846153846,0.6538461538461539,0.019230769230769273
ds006036__EO_or_photomark,CN_vs_FTD,R2_without_slow_fast,10,52,0.7097288676236045,0.6504201680672269,-0.05930869955637763,0.7091454272863569,0.6611694152923538,-0.04797601199400303,0.4585585492710023,0.3920010876487019,-0.06655746162230042,0.7307692307692307,0.6923076923076923,-0.038461538461538436
ds006036__EO_or_photomark,CN_vs_FTD,R2_without_slow_fast,11,52,0.6941176470588236,0.5783783783783784,-0.11573926868044526,0.7001499250374813,0.6131934032983508,-0.08695652173913049,0.48681065303350424,0.3294266678813887,-0.15738398515211555,0.7307692307692307,0.6538461538461539,-0.07692307692307687
ds006036__EO_or_photomark,CN_vs_FTD,R2_without_slow_fast,12,52,0.6853569987898347,0.5935632183908046,-0.09179378039903008,0.6874062968515742,0.6304347826086957,-0.056971514242878496,0.4196829012986555,0.4055382196995137,-0.014144681599141784,0.7115384615384616,0.6730769230769231,-0.038461538461538436
ds006036__EO_or_photomark,CN_vs_FTD,R2_without_slow_fast,13,52,0.7200828157349897,0.5935632183908046,-0.12651959734418505,0.7218890554722639,0.6304347826086957,-0.09145427286356822,0.5231282523586277,0.4055382196995137,-0.117590032659114,0.75,0.6730769230769231,-0.07692307692307687
ds006036__EO_or_photomark,CN_vs_FTD,R2_without_slow_fast,14,52,0.6853569987898347,0.6252252252252253,-0.060131773564609414,0.6874062968515742,0.6521739130434783,-0.0352323838080959,0.4196829012986555,0.4428716131120656,0.02318871181341009,0.7115384615384616,0.6923076923076923,-0.019230769230769273
ds006036__EO_or_photomark,CN_vs_FTD,R2_without_slow_fast,15,52,0.7511961722488039,0.655324790101635,-0.09587138214716884,0.7481259370314842,0.6739130434782609,-0.07421289355322336,0.5440246588125511,0.4787995529004883,-0.06522510591206282,0.7692307692307693,0.7115384615384616,-0.05769230769230771
ds006036__EO_or_photomark,CN_vs_FTD,R2_without_slow_fast,16,52,0.7743589743589744,0.6093680954485197,-0.16499087891045472,0.7698650674662668,0.6349325337331335,-0.1349325337331333,0.5808023194967747,0.3714824117331375,-0.20931990776363724,0.7884615384615384,0.6730769230769231,-0.11538461538461531
ds006036__EO_or_photomark,CN_vs_FTD,R2_without_slow_fast,17,52,0.7156250000000001,0.6252252252252253,-0.09039977477477479,0.7136431784107946,0.6521739130434783,-0.06146926536731634,0.4524008999503507,0.4428716131120656,-0.009529286838285134,0.7307692307692307,0.6923076923076923,-0.038461538461538436
ds006036__EO_or_photomark,CN_vs_FTD,R2_without_slow_fast,18,52,0.7156250000000001,0.6840277777777778,-0.031597222222222276,0.7136431784107946,0.6956521739130435,-0.01799100449775115,0.4524008999503507,0.5137148355408891,0.06131393559053844,0.7307692307692307,0.7307692307692307,0.0
ds006036__EO_or_photomark,CN_vs_FTD,R2_without_slow_fast,19,52,0.7273093989511898,0.638888888888889,-0.0884205100623009,0.7263868065967016,0.656671664167916,-0.06971514242878563,0.5069769447687759,0.4113655196476852,-0.09561142512109067,0.75,0.6923076923076923,-0.05769230769230771
ds006036__EO_or_photomark,CN_vs_FTD,R2_without_slow_fast,20,52,0.6770186335403726,0.5935632183908046,-0.083455415149568,0.6829085457271364,0.6304347826086957,-0.052473763118440764,0.43122734316049044,0.4055382196995137,-0.025689123460976737,0.7115384615384616,0.6730769230769231,-0.038461538461538436
ds006036__EO_or_photomark,CN_vs_FTD,R2_without_theta_alpha,1,52,0.6853569987898347,0.59375,-0.09160699878983469,0.6874062968515742,0.6176911544227885,-0.06971514242878563,0.4196829012986555,0.30901620375448124,-0.11066669754417424,0.7115384615384616,0.6538461538461539,-0.05769230769230771
ds006036__EO_or_photomark,CN_vs_FTD,R2_without_theta_alpha,2,52,0.6941176470588236,0.6840277777777778,-0.010089869281045827,0.7001499250374813,0.6956521739130435,-0.004497751124437843,0.48681065303350424,0.5137148355408891,0.02690418250738491,0.7307692307692307,0.7307692307692307,0.0
ds006036__EO_or_photomark,CN_vs_FTD,R2_without_theta_alpha,3,52,0.6434045986284792,0.6093680954485197,-0.03403650317995954,0.6484257871064467,0.6349325337331335,-0.013493253373313197,0.3323888578285351,0.3714824117331375,0.039093553904602396,0.6730769230769231,0.6730769230769231,0.0
ds006036__EO_or_photomark,CN_vs_FTD,R2_without_theta_alpha,4,52,0.7026143790849673,0.638888888888889,-0.06372549019607832,0.704647676161919,0.656671664167916,-0.04797601199400303,0.4694569257103907,0.4113655196476852,-0.05809140606270552,0.7307692307692307,0.6923076923076923,-0.038461538461538436
ds006036__EO_or_photomark,CN_vs_FTD,R2_without_theta_alpha,5,52,0.6941176470588236,0.7114810072556552,0.0173633601968316,0.7001499250374813,0.717391304347826,0.01724137931034475,0.48681065303350424,0.5479115251000605,0.06110087206655623,0.7307692307692307,0.75,0.019230769230769273
ds006036__EO_or_photomark,CN_vs_FTD,R2_without_theta_alpha,6,52,0.6504201680672269,0.6840277777777778,0.03360760971055088,0.6611694152923538,0.6956521739130435,0.03448275862068961,0.3920010876487019,0.5137148355408891,0.12171374789218725,0.6923076923076923,0.7307692307692307,0.038461538461538436
ds006036__EO_or_photomark,CN_vs_FTD,R2_without_theta_alpha,7,52,0.6941176470588236,0.6252252252252253,-0.06889242183359834,0.7001499250374813,0.6521739130434783,-0.04797601199400303,0.48681065303350424,0.4428716131120656,-0.04393903992143866,0.7307692307692307,0.6923076923076923,-0.038461538461538436
ds006036__EO_or_photomark,CN_vs_FTD,R2_without_theta_alpha,8,52,0.7450980392156863,0.6840277777777778,-0.0610702614379085,0.7436281859070465,0.6956521739130435,-0.04797601199400303,0.5588772925123698,0.5137148355408891,-0.04516245697148069,0.7692307692307693,0.7307692307692307,-0.03846153846153855
ds006036__EO_or_photomark,CN_vs_FTD,R2_without_theta_alpha,9,52,0.5783183952198037,0.59375,0.01543160478019634,0.6004497751124438,0.6176911544227885,0.01724137931034475,0.25317291159795896,0.30901620375448124,0.055843292156522284,0.6346153846153846,0.6538461538461539,0.019230769230769273
ds006036__EO_or_photomark,CN_vs_FTD,R2_without_theta_alpha,10,52,0.7097288676236045,0.6504201680672269,-0.05930869955637763,0.7091454272863569,0.6611694152923538,-0.04797601199400303,0.4585585492710023,0.3920010876487019,-0.06655746162230042,0.7307692307692307,0.6923076923076923,-0.038461538461538436
ds006036__EO_or_photomark,CN_vs_FTD,R2_without_theta_alpha,11,52,0.6941176470588236,0.5783783783783784,-0.11573926868044526,0.7001499250374813,0.6131934032983508,-0.08695652173913049,0.48681065303350424,0.3294266678813887,-0.15738398515211555,0.7307692307692307,0.6538461538461539,-0.07692307692307687
ds006036__EO_or_photomark,CN_vs_FTD,R2_without_theta_alpha,12,52,0.6853569987898347,0.5935632183908046,-0.09179378039903008,0.6874062968515742,0.6304347826086957,-0.056971514242878496,0.4196829012986555,0.4055382196995137,-0.014144681599141784,0.7115384615384616,0.6730769230769231,-0.038461538461538436
ds006036__EO_or_photomark,CN_vs_FTD,R2_without_theta_alpha,13,52,0.7200828157349897,0.5935632183908046,-0.12651959734418505,0.7218890554722639,0.6304347826086957,-0.09145427286356822,0.5231282523586277,0.4055382196995137,-0.117590032659114,0.75,0.6730769230769231,-0.07692307692307687
ds006036__EO_or_photomark,CN_vs_FTD,R2_without_theta_alpha,14,52,0.6853569987898347,0.6252252252252253,-0.060131773564609414,0.6874062968515742,0.6521739130434783,-0.0352323838080959,0.4196829012986555,0.4428716131120656,0.02318871181341009,0.7115384615384616,0.6923076923076923,-0.019230769230769273
ds006036__EO_or_photomark,CN_vs_FTD,R2_without_theta_alpha,15,52,0.7511961722488039,0.655324790101635,-0.09587138214716884,0.7481259370314842,0.6739130434782609,-0.07421289355322336,0.5440246588125511,0.4787995529004883,-0.06522510591206282,0.7692307692307693,0.7115384615384616,-0.05769230769230771
ds006036__EO_or_photomark,CN_vs_FTD,R2_without_theta_alpha,16,52,0.7743589743589744,0.6093680954485197,-0.16499087891045472,0.7698650674662668,0.6349325337331335,-0.1349325337331333,0.5808023194967747,0.3714824117331375,-0.20931990776363724,0.7884615384615384,0.6730769230769231,-0.11538461538461531
ds006036__EO_or_photomark,CN_vs_FTD,R2_without_theta_alpha,17,52,0.7156250000000001,0.6252252252252253,-0.09039977477477479,0.7136431784107946,0.6521739130434783,-0.06146926536731634,0.4524008999503507,0.4428716131120656,-0.009529286838285134,0.7307692307692307,0.6923076923076923,-0.038461538461538436
ds006036__EO_or_photomark,CN_vs_FTD,R2_without_theta_alpha,18,52,0.7156250000000001,0.6840277777777778,-0.031597222222222276,0.7136431784107946,0.6956521739130435,-0.01799100449775115,0.4524008999503507,0.5137148355408891,0.06131393559053844,0.7307692307692307,0.7307692307692307,0.0
ds006036__EO_or_photomark,CN_vs_FTD,R2_without_theta_alpha,19,52,0.7273093989511898,0.638888888888889,-0.0884205100623009,0.7263868065967016,0.656671664167916,-0.06971514242878563,0.5069769447687759,0.4113655196476852,-0.09561142512109067,0.75,0.6923076923076923,-0.05769230769230771
ds006036__EO_or_photomark,CN_vs_FTD,R2_without_theta_alpha,20,52,0.6770186335403726,0.5935632183908046,-0.083455415149568,0.6829085457271364,0.6304347826086957,-0.052473763118440764,0.43122734316049044,0.4055382196995137,-0.025689123460976737,0.7115384615384616,0.6730769230769231,-0.038461538461538436
